{
  "dataList": [
    {
      "id": 0,
      "place": "District 4 - LC Branch Interior",
      "model": "홉킨스",
      "teller": "Hopkins",
      "title": "Grade 8 Fixer",
      "content": "Impressive… I expected no less of the Red Gaze’s minions."
    },
    {
      "id": 1,
      "model": "료슈",
      "content": "…What’d you say?"
    },
    {
      "id": 2,
      "model": "아야",
      "teller": "Aya",
      "title": "Grade 8 Fixer",
      "content": "Oh boy, there goes Hopkins again, being clumsy with his tongue… I’ll apologize in his stead~ Heheh."
    },
    {
      "id": 3,
      "model": "아야",
      "teller": "Aya",
      "title": "Grade 8 Fixer",
      "content": "What’s taking you so long though, Hopkins? Hemorrhoids acting up again?"
    },
    {
      "id": 4,
      "model": "홉킨스",
      "teller": "Hopkins",
      "title": "Grade 8 Fixer",
      "content": "W-What—no I’m not! Dunno what you mean…"
    },
    {
      "id": 5,
      "content": "Hopkins got up after a bit of dawdling."
    },
    {
      "id": 6,
      "content": "His pockets were laden with something, but I decided not to bother pointing it out."
    }
  ]
}