{
  "dataList": [
    {
      "id": 0,
      "model": "그레고르",
      "content": "The war was over."
    },
    {
      "id": 1,
      "model": "그레고르",
      "content": "Yet my doppelgänger was still holding a silly pose with a confident look on his face."
    },
    {
      "id": 2,
      "model": "그레고르",
      "content": "Hmm, that’s not the kind of face I’d make."
    },
    {
      "id": 3,
      "model": "그레고르",
      "content": "Though… gotta give it to ‘em for making the hair on my arm look as grotesque as it is real. Whose job was this?"
    },
    {
      "id": 4,
      "model": "그레고르",
      "content": "I’ve grown fond of humor."
    },
    {
      "id": 5,
      "model": "그레고르",
      "content": "Being consumed by the nightmare for so long must’ve made me crave liveliness."
    },
    {
      "id": 6,
      "teller": "Disgruntled Citizen",
      "title": "Reminisced Person",
      "content": "Those scum from G Corp. should all be sent to the gallows."
    },
    {
      "id": 7,
      "model": "그레고르",
      "content": "Someone murmurs, spitting on the floor."
    },
    {
      "id": 8,
      "model": "그레고르",
      "content": "I could tell what they were speaking towards without even looking."
    },
    {
      "id": 9,
      "model": "그레고르",
      "content": "Knowing that…"
    },
    {
      "id": 10,
      "model": "그레고르",
      "content": "Hrk…"
    },
    {
      "id": 11,
      "model": "그레고르",
      "content": "I felt nauseous."
    },
    {
      "id": 12,
      "teller": "Kind Citizen",
      "title": "Reminisced Person",
      "content": "Sir, are you alright?"
    },
    {
      "id": 13,
      "place": "Central Front in the Smoke War",
      "model": "로쟈",
      "content": "Hey, you okay, babe? You don’t look so well."
    },
    {
      "id": 14,
      "model": "그레고르",
      "content": "I was… just in the subway?"
    },
    {
      "id": 15,
      "model": "히스클리프",
      "content": "The hell are you blathering about?"
    },
    {
      "id": 16,
      "model": "로쟈",
      "content": "Greg, we’re still on the battlefield."
    },
    {
      "id": 17,
      "content": "Gregor groped his pockets with stumbling hands looking for a cigarette out of habit, but soon stopped."
    },
    {
      "id": 18,
      "content": "It dawned on him as it did me."
    },
    {
      "id": 19,
      "content": "All the Sinners seemed to have realized it now."
    },
    {
      "id": 20,
      "model": "단테",
      "content": "<Tomah is going to grab us and give a warning any second now…>"
    },
    {
      "id": 21,
      "teller": "Tomah",
      "title": "Reminisced Soldier",
      "content": "Are you—"
    },
    {
      "id": 22,
      "model": "로쟈",
      "content": "Look, Tomah, I’m starting to get sick of your pickup line, so I’ll say it once: We’re not out of our minds, and the aging bomb ain’t gonna hit us."
    },
    {
      "id": 23,
      "teller": "Tomah",
      "title": "Reminisced Soldier",
      "content": "…No."
    },
    {
      "id": 24,
      "content": "Instead of elaborating, he points up."
    },
    {
      "id": 25,
      "teller": "Tomah",
      "title": "Reminisced Soldier",
      "content": "I need help."
    },
    {
      "id": 26,
      "teller": "Tomah",
      "title": "Reminisced Soldier",
      "content": "I don’t want to die—"
    },
    {
      "id": 27,
      "content": "Tomah was crushed to a pulp right before our eyes."
    },
    {
      "id": 28,
      "content": "There’s only one thing to say in a situation like this."
    },
    {
      "id": 29,
      "model": "단테",
      "content": "<R—Run!>"
    },
    {
      "id": 30,
      "model": "오티스",
      "content": "All troops! Retreat!"
    },
    {
      "id": 31,
      "content": "We muster up everything we can to run, but the airborne hand is ever persistent and shows no signs of letting up."
    },
    {
      "id": 32,
      "model": "히스클리프",
      "content": "We’re all going to get turned into pancakes! Got any bright ideas, smart one?"
    },
    {
      "id": 33,
      "model": "파우스트",
      "content": "…I’m listening. There are too many variables to consider in the fathoms of the ego, I can’t be hasty with my judgement…"
    },
    {
      "id": 34,
      "model": "돈키호테",
      "content": "There is no cause for hesitation! A true hero succumbs to no hardships!"
    },
    {
      "id": 35,
      "model": "로쟈",
      "content": "Uhm… I don’t think I wanna recover a flattened body."
    },
    {
      "id": 36,
      "model": "로쟈",
      "content": "Oh! Sorry, Dante~ Didn’t mean it that way!"
    },
    {
      "id": 37,
      "content": "It was tempting to say something back to her…"
    },
    {
      "id": 38,
      "content": "But I figured now was the time to keep my mouth shut so everyone could focus on running."
    },
    {
      "id": 39,
      "content": "　"
    },
    {
      "id": 40,
      "model": "히스클리프",
      "content": "Still thinking, are you? Eh?! Well, are you, Ms. “Knows It All”?!"
    },
    {
      "id": 41,
      "model": "파우스트",
      "content": "If you’re asking for an immediate solution, then yes, I’ve yet to come up with one."
    },
    {
      "id": 42,
      "model": "파우스트",
      "content": "The only thing I can say for certain is that our objective is not nearby. Dante would have responded strongly otherwise."
    },
    {
      "id": 43,
      "model": "단테",
      "content": "<Me?>"
    },
    {
      "id": 44,
      "model": "히스클리프",
      "content": "Are you joking? That’s all you’ve got?"
    },
    {
      "id": 45,
      "content": "Heathcliff furrowed his brows, ready to snap at the unhelpful savant…"
    },
    {
      "id": 46,
      "content": "But a sudden close shave with the massive palm made him focus his energy on his legs rather than his mouth."
    },
    {
      "id": 47
    },
    {
      "id": 48,
      "model": "유리",
      "teller": "Yuri",
      "title": "Grade 8 Fixer",
      "content": "…Gregor?"
    },
    {
      "id": 49,
      "model": "히스클리프",
      "content": "Whoa, hey, what? Why the hold up?"
    },
    {
      "id": 50,
      "model": "그레고르",
      "content": "…I think I see now."
    },
    {
      "id": 51,
      "model": "그레고르",
      "content": "If this world is a product of my mind…"
    },
    {
      "id": 52,
      "content": "Gregor took a breather, then looked up at the sky."
    },
    {
      "id": 53,
      "model": "그레고르",
      "content": "We shouldn’t run away from that hand."
    },
    {
      "id": 54,
      "model": "히스클리프",
      "content": "…Did you finally get the crackers or what?"
    },
    {
      "id": 55,
      "model": "파우스트",
      "content": "Gregor, are you sure?"
    },
    {
      "id": 56,
      "model": "그레고르",
      "content": "My own free will never played much of a role in my life."
    },
    {
      "id": 57,
      "model": "그레고르",
      "content": "It only makes sense that resisting is meaningless in this reflection of my mind."
    },
    {
      "id": 58,
      "model": "그레고르",
      "content": "In that case… letting the inevitable happen might be the answer."
    },
    {
      "id": 59,
      "model": "히스클리프",
      "content": "…Are you all serious?"
    },
    {
      "id": 60,
      "model": "이스마엘",
      "content": "It’s not like there’s any other way. We’re all exhausted."
    },
    {
      "id": 61,
      "model": "그레고르",
      "content": "Besides… Look at that… paint on its nails."
    },
    {
      "id": 62,
      "model": "그레고르",
      "content": "You don’t see that kind of polish just anywhere."
    },
    {
      "id": 63,
      "model": "그레고르",
      "content": "If that hand belongs to who I think it does, she will not stop chasing us."
    },
    {
      "id": 64,
      "model": "그레고르",
      "content": "Faust… You said this is a path in my heart, right?"
    },
    {
      "id": 65,
      "model": "그레고르",
      "content": "Then I can tell you this for sure:"
    },
    {
      "id": 66,
      "model": "그레고르",
      "content": "It’s about to hit a dead end."
    },
    {
      "id": 67,
      "model": "그레고르",
      "content": "Be it the nightmare or the road… I never once strayed from that woman’s control."
    },
    {
      "id": 68,
      "content": "Who is Gregor talking about, and what does he mean by a nightmare?"
    },
    {
      "id": 69,
      "content": "As much as I wanted to ask him…"
    },
    {
      "id": 70,
      "model": "히스클리프",
      "content": "Sigh, might as well."
    },
    {
      "id": 71,
      "content": "Soon enough, the giant hand cast its shadow over us, descending."
    },
    {
      "id": 72,
      "content": "Just before it reached us, it stopped to hold us in its grasp."
    },
    {
      "id": 73,
      "content": "Everything went dark."
    },
    {
      "id": 74,
      "content": "I felt a disorienting nausea of being lifted into the sky."
    },
    {
      "id": 75,
      "model": "싱클레어",
      "content": "Mgrrh…"
    },
    {
      "id": 76,
      "content": "While everyone else was suffering from it, Faust and I were the only ones standing straight."
    },
    {
      "id": 77,
      "content": "I noticed that the battlefield had changed into somewhere familiar."
    }
  ]
}