{
  "dataList": [
    {
      "id": 0,
      "place": "District 4 - LC Branch Interior",
      "content": "We went down a floor."
    },
    {
      "id": 1,
      "model": "유리",
      "teller": "Yuri",
      "title": "Grade 8 Fixer",
      "content": "I didn’t think I’d come back here."
    },
    {
      "id": 2,
      "model": "파우스트",
      "content": "Most of Lobotomy Corporation’s facilities consist of multiple floors."
    },
    {
      "id": 3,
      "model": "파우스트",
      "content": "And each floor is expected to be occupied by an Abnormality marking its domain."
    },
    {
      "id": 4,
      "model": "로쟈",
      "content": "Seriously?! There’s more of ‘em?"
    },
    {
      "id": 5,
      "model": "그레고르",
      "content": "So… Where’d you figure all that info about what we’ll face and stuff?"
    },
    {
      "id": 6,
      "model": "파우스트",
      "content": "Faust knows it all."
    },
    {
      "id": 7,
      "model": "유리",
      "teller": "Yuri",
      "title": "Grade 8 Fixer",
      "content": "The guide said a Before Team does reconnaissance in advance."
    },
    {
      "id": 8,
      "model": "그레고르",
      "content": "…So you only know that because you have ties to the staff."
    },
    {
      "id": 9,
      "model": "파우스트",
      "content": "I never claimed otherwise."
    },
    {
      "id": 10,
      "model": "오티스",
      "content": "Anyway, this means we should expect a great threat on every floor."
    },
    {
      "id": 11,
      "model": "오티스",
      "content": "It’d be idiotic to advance into the unknown without making sure that we’re clear of danger in at least one direction, leaving us with no choice but to take them down as we go…"
    },
    {
      "id": 12,
      "model": "파우스트",
      "content": "You took the words right out of Faust’s mouth."
    },
    {
      "id": 13,
      "model": "이상",
      "content": "Is it not a splendid thing to be able to convey your intentions before they have been verbalized?"
    },
    {
      "id": 14,
      "model": "파우스트",
      "content": "…Dante, it’s time to see the star."
    },
    {
      "id": 15,
      "model": "단테",
      "content": "<I’m your manager, not a scapegoat, you know…>"
    }
  ]
}