{
  "dataList": [
    {
      "id": 0,
      "place": "District 4 - LC Branch Interior",
      "content": "The mass of maggots falls apart in a hail of silent screams."
    },
    {
      "id": 1,
      "content": "Beyond that, I see a wave of radiant golden light."
    },
    {
      "id": 2,
      "model": "단테",
      "content": "<Is that… the Golden Bough?>"
    },
    {
      "id": 3,
      "content": "Just as I begin to approach it, the apple begins to tremble."
    },
    {
      "id": 4,
      "model": "유리",
      "teller": "Yuri",
      "title": "Grade 8 Fixer",
      "content": "Excuse me… Are you the people from… Limbus Company?"
    },
    {
      "id": 5,
      "model": "단테",
      "content": "<Yuri? You’re okay?>"
    },
    {
      "id": 6,
      "content": "Even though I had clearly seen it devour her, I couldn’t stop myself from asking."
    },
    {
      "id": 7,
      "model": "유리",
      "teller": "Yuri",
      "title": "Grade 8 Fixer",
      "content": "…When we go back to the bus, can I—Charon how to…?"
    },
    {
      "id": 8,
      "content": "Then I saw a glimpse of the pink locks of hair that Rodya took a liking to."
    }
  ]
}