{
  "dataList": [
    {
      "id": 0,
      "content": "Perhaps the time this ex-soldier spent off the battlefield was long enough to rust his prowess."
    },
    {
      "id": 1,
      "content": "The head manager who must have defeated countless enemies in his glory days was now nearing his own end."
    },
    {
      "id": 2,
      "place": "District 4 - LC Branch Interior",
      "model": "G사부장",
      "teller": "Decrepit G Corp. Head Manager",
      "title": "G Corp. Remnant",
      "content": "You were once well-respected, Gregor…"
    },
    {
      "id": 3,
      "model": "그레고르",
      "content": "…I never really asked for respect."
    },
    {
      "id": 4,
      "model": "G사부장",
      "teller": "Decrepit G Corp. Head Manager",
      "title": "G Corp. Remnant",
      "content": "Don’t proceed any further… Only hell awaits you."
    },
    {
      "id": 5,
      "model": "그레고르",
      "content": "Sorry, but I don’t think I can follow your advice. I ought to be a go-getter if I don’t wanna be fired."
    },
    {
      "id": 6,
      "model": "G사부장",
      "teller": "Decrepit G Corp. Head Manager",
      "title": "G Corp. Remnant",
      "content": "Have you abandoned your honor… for some pittance?"
    },
    {
      "id": 7,
      "model": "그레고르",
      "content": "I sold that away long ago, right with my medal. Landlord couldn’t wait for rent any longer."
    },
    {
      "id": 8,
      "content": "A bitter smile appeared on the head manager’s face."
    },
    {
      "id": 9,
      "model": "G사부장",
      "teller": "Decrepit G Corp. Head Manager",
      "title": "G Corp. Remnant",
      "content": "You’re… no different from us…"
    },
    {
      "id": 10,
      "model": "G사부장",
      "teller": "Decrepit G Corp. Head Manager",
      "title": "G Corp. Remnant",
      "content": "In the end, we’re…"
    },
    {
      "id": 11,
      "model": "G사부장",
      "teller": "Decrepit G Corp. Head Manager",
      "title": "G Corp. Remnant",
      "content": "Nothing… but disgusting pests…"
    },
    {
      "id": 12,
      "content": "He took a few more shallow breaths, then ceased to move."
    },
    {
      "id": 13,
      "model": "그레고르",
      "content": "…Hey, mind if I borrow a cig?"
    },
    {
      "id": 14,
      "model": "료슈",
      "content": "…Just this once."
    },
    {
      "id": 15,
      "content": "Gregor put the borrowed cigarette next to the one he already held in his mouth, then lit it and tossed it on the chest of the deceased commander."
    },
    {
      "id": 16,
      "model": "그레고르",
      "content": "Sorry, didn’t wanna share mine with that thing."
    },
    {
      "id": 17,
      "model": "료슈",
      "content": "…Hmph."
    },
    {
      "id": 18,
      "content": "Ryōshū gave a snort. The smoke from Gregor’s cigarette lingered with the prevailing silence in the air for a short while."
    }
  ]
}