{
  "dataList": [
    {
      "id": 0,
      "place": "District 4 - LC Branch Entryway",
      "content": "Gregor lights his cigarette and takes a drag, followed by smoke streaming out from his mouth."
    },
    {
      "id": 1,
      "model": "이스마엘",
      "content": "They’d have fared better than this if they got a job at a security company or something…"
    },
    {
      "id": 2,
      "model": "오티스",
      "content": "They spent their entire lives as soldiers. The changes required for them to start a new life must have been overwhelming."
    },
    {
      "id": 3,
      "model": "그레고르",
      "content": "You have no idea how stubbornly the stigma of a fallen Wing’s remnants will haunt you. If anyone’s generous enough to take you in, licking their boots is the least you can do…"
    },
    {
      "id": 4,
      "model": "유리",
      "teller": "Yuri",
      "title": "Grade 8 Fixer",
      "content": "……"
    },
    {
      "id": 5,
      "model": "그레고르",
      "content": "Oh… Sorry ‘bout that. Should’ve chosen my words carefully."
    },
    {
      "id": 6,
      "model": "유리",
      "teller": "Yuri",
      "title": "Grade 8 Fixer",
      "content": "No, it’s fine. I’m sure things were rough with G Corp’s fall, too."
    },
    {
      "id": 7,
      "model": "유리",
      "teller": "Yuri",
      "title": "Grade 8 Fixer",
      "content": "…The breaking of a Wing is a turbulent affair for many people."
    }
  ]
}