{
  "dataList": [
    {
      "id": 0,
      "place": "District 4 - LC Branch Interior",
      "model": "히스클리프",
      "content": "So what? That was it?"
    },
    {
      "id": 1,
      "model": "이스마엘",
      "content": "I heard Abnormalities were supposed to be so powerful that even suppressing them is a dangerous task…"
    },
    {
      "id": 2,
      "model": "파우스트",
      "content": "It’s the Qliphoth Deterrence in action."
    },
    {
      "id": 3,
      "model": "히스클리프",
      "content": "Huh? Coffee pots?"
    },
    {
      "id": 4,
      "model": "파우스트",
      "content": "…A force that weakens Abnormalities. Its original purpose is to safely supervise them in containment."
    },
    {
      "id": 5,
      "model": "파우스트",
      "content": "As we continue our assignment in collecting more Golden Boughs, the deterrence will weaken as well. Although this was a simple battle…"
    },
    {
      "id": 6,
      "model": "이스마엘",
      "content": "…Later on, one of them might take our lives more than a hundredfold to handle it."
    },
    {
      "id": 7,
      "content": "That’s a terrifying thought…"
    },
    {
      "id": 8,
      "model": "단테",
      "content": "<…Where’d its corpse go, anyway? I’m pretty sure that attack did it in…>"
    },
    {
      "id": 9,
      "model": "오티스",
      "content": "It was felled without a doubt. All thanks to your exceptional command, Manager."
    },
    {
      "id": 10,
      "model": "단테",
      "content": "<It couldn’t have disappeared into the sky…>"
    },
    {
      "id": 11,
      "model": "오티스",
      "content": "Brilliant insight as always, Manager. Such possibilities cannot be ruled out."
    },
    {
      "id": 12,
      "model": "그레고르",
      "content": "…Is the tough-looking ceiling above us not a thing to you two?"
    },
    {
      "id": 13,
      "model": "유리",
      "teller": "Yuri",
      "title": "Grade 8 Fixer",
      "content": "…Over there."
    },
    {
      "id": 14,
      "content": "Listless, Yuri pointed at something."
    },
    {
      "id": 15,
      "content": "The shock of losing Aya must’ve shaken her badly, but seeing her hold her own and keep her head up…"
    },
    {
      "id": 16,
      "content": "I felt I should let her be and follow along with her for a while."
    },
    {
      "id": 17,
      "model": "단테",
      "content": "<…Is that an egg?>"
    },
    {
      "id": 18,
      "model": "파우스트",
      "content": "It’s the core of the Abnormality. When suppressed via appropriate measures, it will be reduced to this condensed ovate form."
    },
    {
      "id": 19,
      "model": "유리",
      "teller": "Yuri",
      "title": "Grade 8 Fixer",
      "content": "…And it’ll hatch, once enough time has passed here."
    },
    {
      "id": 20,
      "model": "히스클리프",
      "content": "Hatch? You’ve got to be joking…"
    },
    {
      "id": 21,
      "model": "이스마엘",
      "content": "You mean, those things won’t die?"
    },
    {
      "id": 22,
      "model": "파우스트",
      "content": "Abnormalities simply cannot die. It’s one of the factors that contributed to L Corp’s massive energy production."
    },
    {
      "id": 23,
      "model": "유리",
      "teller": "Yuri",
      "title": "Grade 8 Fixer",
      "content": "As an employee, my job was to put the core back in its containment unit… Now things have changed."
    },
    {
      "id": 24,
      "model": "이스마엘",
      "content": "Umm… What can we do before this egg hatches?"
    },
    {
      "id": 25,
      "model": "파우스트",
      "content": "Limbus Company has a department dedicated to dealing with Abnormalities like this. They’ll retrieve them for us."
    },
    {
      "id": 26,
      "model": "유리",
      "teller": "Yuri",
      "title": "Grade 8 Fixer",
      "content": "Right… Was it the After Team? I remember hearing about them during orientation."
    },
    {
      "id": 27,
      "model": "로쟈",
      "content": "What’s stopping you from calling them now?"
    },
    {
      "id": 28,
      "model": "파우스트",
      "content": "The transmission device… is on Mephistopheles."
    },
    {
      "id": 29,
      "model": "그레고르",
      "content": "…Figures."
    },
    {
      "id": 30,
      "model": "파우스트",
      "content": "No need to worry. Once we have the Golden Bough, we’ll return whether we like it or not."
    }
  ]
}