{
  "dataList": [
    {
      "id": 0,
      "place": "District 4 - LC Branch Interior",
      "content": "……"
    },
    {
      "id": 1,
      "content": "The Abnormality devoured Yuri in one bite."
    },
    {
      "id": 2,
      "content": "She was gone without a trace…"
    },
    {
      "id": 3,
      "model": "단테",
      "content": "<I can save the other Sinners… but there’s nothing I can do about Yuri.>"
    },
    {
      "id": 4,
      "model": "그레고르",
      "content": "……"
    },
    {
      "id": 5,
      "content": "Without a word, Gregor hacked and slashed away at the Abnormality."
    },
    {
      "id": 6,
      "content": "As if he expected to find Yuri unscathed by slicing the apple open."
    }
  ]
}