{
  "dataList": [
    {
      "id": 0,
      "place": "District 4 - LC Branch Interior",
      "model": "유리",
      "teller": "Yuri",
      "title": "Grade 8 Fixer",
      "content": "I’ve never seen those before…"
    },
    {
      "id": 1,
      "model": "홉킨스",
      "teller": "Hopkins",
      "title": "Grade 8 Fixer",
      "content": "You don’t know?"
    },
    {
      "id": 2,
      "content": "Hopkins’ face quickly turned into a cold frown."
    },
    {
      "id": 3,
      "content": "It was in such stark contrast to the face he showed before Vergilius, I shuddered in fright."
    },
    {
      "id": 4,
      "model": "유리",
      "teller": "Yuri",
      "title": "Grade 8 Fixer",
      "content": "No, I… Well…"
    },
    {
      "id": 5,
      "model": "홉킨스",
      "teller": "Hopkins",
      "title": "Grade 8 Fixer",
      "content": "Don’t you know why we bothered to let a fallen Wing’s feather into our Office?"
    },
    {
      "id": 6,
      "model": "유리",
      "teller": "Yuri",
      "title": "Grade 8 Fixer",
      "content": "T—To deal with requests taking place in L Corp. branches more safely…"
    },
    {
      "id": 7,
      "model": "홉킨스",
      "teller": "Hopkins",
      "title": "Grade 8 Fixer",
      "content": "Exactly. I didn’t even expect much from a low-rank agent."
    },
    {
      "id": 8,
      "model": "홉킨스",
      "teller": "Hopkins",
      "title": "Grade 8 Fixer",
      "content": "Just two simple jobs: lead the way, and tell us how to deal with those Abnormaladies or whatever."
    },
    {
      "id": 9,
      "model": "홉킨스",
      "teller": "Hopkins",
      "title": "Grade 8 Fixer",
      "content": "Now look… What do you expect us to do with just “Oh nooo, I’ve never seen those before!” Huh?"
    },
    {
      "id": 10,
      "model": "아야",
      "teller": "Aya",
      "title": "Grade 8 Fixer",
      "content": "Gosh, Hopkins, feeling hangry? Take it easy~"
    },
    {
      "id": 11,
      "model": "유리",
      "teller": "Yuri",
      "title": "Grade 8 Fixer",
      "content": "……"
    },
    {
      "id": 12,
      "model": "파우스트",
      "content": "If they are in fact new to Ms. Yuri, then these might be another type of entity derived from Abnormalities… Perhaps a new species."
    },
    {
      "id": 13,
      "model": "이상",
      "content": "That Corporation might not have had every specimen in their confines, either."
    },
    {
      "id": 14,
      "model": "이상",
      "content": "Yuri, there is no reason to lambaste yourself for neglecting to remember what you were never taught."
    },
    {
      "id": 15,
      "model": "홉킨스",
      "teller": "Hopkins",
      "title": "Grade 8 Fixer",
      "content": "Ahem…"
    },
    {
      "id": 16,
      "model": "유리",
      "teller": "Yuri",
      "title": "Grade 8 Fixer",
      "content": "…Thank you, sir."
    },
    {
      "id": 17,
      "model": "히스클리프",
      "content": "What’s there to argue about? All that matters is we beat ‘em to death, right?"
    },
    {
      "id": 18,
      "model": "뫼르소",
      "content": "Give the word, and we’ll do it."
    }
  ]
}