{
  "dataList": [
    {
      "id": 0,
      "place": "District 4 - LC Branch Interior",
      "model": "로쟈",
      "content": "This floor is crawling with maggots."
    },
    {
      "id": 1,
      "model": "단테",
      "content": "<These bugs aren’t so bad after the last floor’s Abnormality. Don’t want anything like that ever again.>"
    },
    {
      "id": 2,
      "model": "로쟈",
      "content": "Pft… Sure Greg would be glad to hear that. Aren’t you, buggy buddy?"
    },
    {
      "id": 3,
      "content": "But Gregor wasn’t paying attention to Rodya."
    },
    {
      "id": 4,
      "model": "그레고르",
      "content": "…Don’t you all hear something?"
    },
    {
      "id": 5,
      "model": "이스마엘",
      "content": "We’ve been hearing a constant growl. Rodya, are you really that hungry at a time like this?"
    },
    {
      "id": 6,
      "model": "로쟈",
      "content": "H-Hey, you’re supposed to let that kinda stuff slide~ Please, girl?"
    },
    {
      "id": 7,
      "model": "그레고르",
      "content": "No, not that… It’s like…"
    },
    {
      "id": 8,
      "content": "For the first time on the expedition, Gregor walked ahead of the group and opened the door next to him as if by some compulsion."
    },
    {
      "id": 9,
      "model": "유리",
      "teller": "Yuri",
      "title": "Grade 8 Fixer",
      "content": "Wait, that’s a containment unit…!"
    },
    {
      "id": 10,
      "model": "그레고르",
      "content": "It’s like… that time…"
    },
    {
      "id": 11,
      "content": "No, the door was already open."
    },
    {
      "id": 12,
      "content": "Gregor gazed into the shower of golden light pouring from the room."
    },
    {
      "id": 13,
      "model": "단테",
      "content": "<Grego—!>"
    },
    {
      "id": 14,
      "model": "이스마엘",
      "content": "Did we… travel back in time?"
    },
    {
      "id": 15,
      "content": "I see an overcast sky."
    },
    {
      "id": 16,
      "content": "Cries and screams twist and ring out at a distance."
    },
    {
      "id": 17,
      "content": "And in that sky, gunfire and artillery create a cacophony."
    },
    {
      "id": 18,
      "model": "오티스",
      "content": "Isn’t it clear enough? This is…"
    },
    {
      "id": 19,
      "place": "Midst of the Smoke War",
      "model": "오티스",
      "content": "A battlefield… The heart of it."
    },
    {
      "id": 20,
      "model": "그레고르",
      "content": "…A-Am I… dreaming? Or a nightmare? Why—Why here again…"
    },
    {
      "id": 21,
      "model": "히스클리프",
      "content": "So why the hell are we in a bloody battlefield?! Is this a trap or something?"
    },
    {
      "id": 22,
      "model": "파우스트",
      "content": "No. We’re on the right track."
    },
    {
      "id": 23,
      "model": "파우스트",
      "content": "The essence of the technology we’re looking for is not far from here."
    },
    {
      "id": 24,
      "model": "이스마엘",
      "content": "You mean the Golden Bough?"
    },
    {
      "id": 25,
      "model": "파우스트",
      "content": "Correct. Do you recognize when this was?"
    },
    {
      "id": 26,
      "model": "오티스",
      "content": "Anyone with functioning eyes should know at a glance."
    },
    {
      "id": 27,
      "model": "단테",
      "content": "<Uhhh, I actually… don’t.>"
    },
    {
      "id": 28,
      "content": "I confessed."
    },
    {
      "id": 29,
      "model": "오티스",
      "content": "It’s obvious that you wouldn’t recognize this, Manager. You don’t have eyes that fit conventional definitions."
    },
    {
      "id": 30,
      "model": "이스마엘",
      "content": "Was that the best excuse you have…"
    },
    {
      "id": 31,
      "content": "Outis cleared her throat as if to mask her embarrassment, then turned her narrow gaze to the battlefield."
    },
    {
      "id": 32,
      "model": "오티스",
      "content": "Judging from the colorful wave of garish flags showing off the factions in play…"
    },
    {
      "id": 33,
      "model": "오티스",
      "content": "This is at least 70 days into the Smoke War…"
    },
    {
      "id": 34,
      "model": "오티스",
      "content": "…This concludes briefing, Manager."
    },
    {
      "id": 35,
      "content": "Suddenly, there was a strong tug at Heathcliff’s coat from behind."
    },
    {
      "id": 36,
      "teller": "???",
      "title": "???",
      "content": "Are you out of your minds? You need shelter, now! You’ll age rapidly if exposed to that bomb’s blast!"
    },
    {
      "id": 37,
      "teller": "???",
      "title": "???",
      "content": "The outpost next to ours turned into a nursing home—they can’t even walk without sticks!"
    },
    {
      "id": 38,
      "model": "히스클리프",
      "content": "Who the hell are you and why do you act like you know us—"
    },
    {
      "id": 39,
      "teller": "???",
      "title": "???",
      "content": "Oh! Manager Gregor! My respects, sir!"
    },
    {
      "id": 40,
      "content": "The bandaged man snapped to attention and saluted Gregor as soon as he saw him."
    },
    {
      "id": 41,
      "model": "그레고르",
      "content": "…You."
    },
    {
      "id": 42,
      "teller": "Tomah",
      "title": "Reminisced Soldier",
      "content": "You wouldn’t recognize me, sir. I’m Tomah from Biomimetics Maintenance!"
    },
    {
      "id": 43,
      "teller": "Tomah",
      "title": "Reminisced Soldier",
      "content": "I thought you were part of the front unit; I didn’t expect to find you here at the back."
    },
    {
      "id": 44,
      "teller": "Tomah",
      "title": "Reminisced Soldier",
      "content": "Are you on your way to the front? I could help you get there since the augmentation on my legs allows me to jump―"
    },
    {
      "id": 45,
      "model": "로쟈",
      "content": "Bweh, that sounds gross."
    },
    {
      "id": 46,
      "content": "Tomah looked at Rodya with suspicion."
    },
    {
      "id": 47,
      "teller": "Tomah",
      "title": "Reminisced Soldier",
      "content": "You, what did you just…"
    },
    {
      "id": 48,
      "model": "그레고르",
      "content": "H-Hey, Tomah! So you’re an assistant manager—or regular staff?"
    },
    {
      "id": 49,
      "teller": "Tomah",
      "title": "Reminisced Soldier",
      "content": "Sir, yes, sir! I’m an assistant private, sir!"
    },
    {
      "id": 50,
      "model": "그레고르",
      "content": "Err, you see, s-she’s a new hire who had her procedure not too long ago, so… Still getting over the confusion, y’know. I’ll give her a good talking to."
    },
    {
      "id": 51,
      "teller": "Tomah",
      "title": "Reminisced Soldier",
      "content": "Ah, I get it… Our corporation must be getting desperate, sending unprepared employees to battle."
    },
    {
      "id": 52,
      "model": "그레고르",
      "content": "Yeah, we’re—sorry for the trouble. I’ve got to take her somewhere real quick…"
    },
    {
      "id": 53,
      "content": "Gregor practically yanked himself out of the conversation and hurriedly walked to Faust."
    },
    {
      "id": 54,
      "model": "그레고르",
      "content": "Just what’s going on, Faust? These are…"
    },
    {
      "id": 55,
      "model": "그레고르",
      "content": "…my memories."
    },
    {
      "id": 56,
      "model": "파우스트",
      "content": "We’re in the fathoms of your ego, to be precise."
    },
    {
      "id": 57,
      "model": "파우스트",
      "content": "An open path in your psyche. In other words…"
    },
    {
      "id": 58,
      "model": "파우스트",
      "content": "We’ve entered your heart and mind, Gregor."
    }
  ]
}