{
  "dataList": [
    {
      "id": 0,
      "place": "District 4 - LC Branch Interior",
      "model": "단테",
      "content": "<Were those Abnormalities responsible for killing all the employees?>"
    },
    {
      "id": 1,
      "model": "유리",
      "teller": "Yuri",
      "title": "Grade 8 Fixer",
      "content": "I doubt that. If my guess is right…"
    },
    {
      "id": 2,
      "model": "오티스",
      "content": "Keep your eyes ahead, Manager. There’s another one of them."
    },
    {
      "id": 3,
      "content": "A humanoid being wearing the head of a statue was sitting against the wall."
    },
    {
      "id": 4,
      "model": "석상머리",
      "teller": "Statuehead",
      "title": "A Survivor?",
      "content": "Hi…? Are you… here to… draw your lot…?"
    },
    {
      "id": 5,
      "model": "석상머리",
      "teller": "Statuehead",
      "title": "A Survivor?",
      "content": "Gather all your IDs… and give them… to me… Then we’ll find the winner."
    },
    {
      "id": 6,
      "content": "Its hand was barely grasping onto the strap of an employee ID card. “Alex” was the name written on it."
    },
    {
      "id": 7,
      "model": "유리",
      "teller": "Yuri",
      "title": "Grade 8 Fixer",
      "content": "…Alex."
    },
    {
      "id": 8,
      "model": "히스클리프",
      "content": "Gone nuts, hasn’t she? And what’s that babble about winners?"
    },
    {
      "id": 9,
      "model": "유리",
      "teller": "Yuri",
      "title": "Grade 8 Fixer",
      "content": "Some Abnormalities… demanded regular offerings as part of the managerial guidelines."
    },
    {
      "id": 10,
      "model": "석상머리",
      "teller": "Statuehead",
      "title": "A Survivor?",
      "content": "You shouldn’t go that way… They will find you…"
    },
    {
      "id": 11,
      "model": "유리",
      "teller": "Yuri",
      "title": "Grade 8 Fixer",
      "content": "…And the offering happened, didn’t it?"
    },
    {
      "id": 12,
      "model": "석상머리",
      "teller": "Statuehead",
      "title": "A Survivor?",
      "content": "It’s your turn… to draw…"
    },
    {
      "id": 13,
      "model": "단테",
      "content": "<Offering…?>"
    },
    {
      "id": 14,
      "model": "이스마엘",
      "content": "What happens if no human sacrifice is made?"
    },
    {
      "id": 15,
      "model": "유리",
      "teller": "Yuri",
      "title": "Grade 8 Fixer",
      "content": "We never found out… We followed every procedure without fail."
    },
    {
      "id": 16,
      "model": "이스마엘",
      "content": "I guess it escaped and started killing people left and right."
    },
    {
      "id": 17,
      "model": "히스클리프",
      "content": "Ha! That “Abnormality” must’ve been one spineless bugger. Does it thwack victims in the back of the head?"
    },
    {
      "id": 18,
      "model": "유리",
      "teller": "Yuri",
      "title": "Grade 8 Fixer",
      "content": "What… do you mean?"
    },
    {
      "id": 19,
      "model": "히스클리프",
      "content": "Did you all get jabbed in the eyes or what? Those wounds were clearly left by humans. You can tell they were beating the shite out of each other."
    },
    {
      "id": 20,
      "model": "히스클리프",
      "content": "Those thickos killed each other in a fight."
    },
    {
      "id": 21,
      "model": "유리",
      "teller": "Yuri",
      "title": "Grade 8 Fixer",
      "content": "B—But for what reason?"
    },
    {
      "id": 22,
      "model": "히스클리프",
      "content": "S’clear as day."
    },
    {
      "id": 23,
      "model": "히스클리프",
      "content": "Probably figured they could survive a while even after the branch was buried."
    },
    {
      "id": 24,
      "model": "히스클리프",
      "content": "Keep offering folks from time to time, and the rest might get rescued one day."
    },
    {
      "id": 25,
      "model": "히스클리프",
      "content": "Guess they kept the lots going for a few months. It was the safest way they had to keep the thing in check."
    },
    {
      "id": 26,
      "model": "히스클리프",
      "content": "Problem, though: Y’think the one picked as the fall guy would gladly accept his fate?"
    },
    {
      "id": 27,
      "model": "히스클리프",
      "content": "If I was them, I’d rather strangle the bloke next to me."
    },
    {
      "id": 28,
      "model": "히스클리프",
      "content": "Better them than me, ain’t that right?"
    },
    {
      "id": 29,
      "model": "히스클리프",
      "content": "…An’ the rest is history, I bet."
    },
    {
      "id": 30,
      "model": "이스마엘",
      "content": "And the last survivor… put on the stone mask belonging to the statueheads…"
    },
    {
      "id": 31,
      "model": "이스마엘",
      "content": "Believing that it’ll save her from being sacrificed."
    },
    {
      "id": 32,
      "model": "유리",
      "teller": "Yuri",
      "title": "Grade 8 Fixer",
      "content": "That can’t be. Alex wouldn’t kill others just so she could live…"
    },
    {
      "id": 33,
      "model": "히스클리프",
      "content": "How do you know that? You can’t even be sure if that’s actually Alex or not."
    },
    {
      "id": 34,
      "model": "석상머리",
      "teller": "Statuehead",
      "title": "A Survivor?",
      "content": "Let me… give you a tip…"
    },
    {
      "id": 35,
      "model": "석상머리",
      "teller": "Statuehead",
      "title": "A Survivor?",
      "content": "You’ll be much better off… going on your own foot… before they come take you… Kehe… Kehe…"
    },
    {
      "id": 36,
      "model": "오티스",
      "content": "Let us be on our way. This person will perish before long."
    },
    {
      "id": 37,
      "content": "While everyone else moved along, Yuri remained in place and continued to stare down the statue-clad individual."
    },
    {
      "id": 38,
      "model": "유리",
      "teller": "Yuri",
      "title": "Grade 8 Fixer",
      "content": "It wasn’t your fault… You know it’s not, right?"
    },
    {
      "id": 39,
      "model": "석상머리",
      "teller": "Statuehead",
      "title": "A Survivor?",
      "content": "Leave me behind, Yuri… Please leave me…"
    },
    {
      "id": 40,
      "model": "유리",
      "teller": "Yuri",
      "title": "Grade 8 Fixer",
      "content": "……"
    },
    {
      "id": 41,
      "model": "단테",
      "content": "<…Time to go.>"
    }
  ]
}