{
  "dataList": [
    {
      "id": 0,
      "place": "District 4 - LC Branch Interior",
      "model": "로쟈",
      "content": "Ah~ That felt real good."
    },
    {
      "id": 1,
      "model": "단테",
      "content": "<I’m dying here…>"
    },
    {
      "id": 2,
      "model": "아야",
      "teller": "Aya",
      "title": "Grade 8 Fixer",
      "content": "What an amazing clock you’ve got~ I haven’t seen that technology anywhere."
    },
    {
      "id": 3,
      "model": "홉킨스",
      "teller": "Hopkins",
      "title": "Grade 8 Fixer",
      "content": "That has to be on the level of a S-Singularity… What Wing could be responsible…"
    },
    {
      "id": 4,
      "content": "Hopkins greedily stared at my head."
    },
    {
      "id": 5,
      "content": "I really tried to ignore it, but looking at his stuffed pockets again…"
    },
    {
      "id": 6,
      "model": "로쟈",
      "content": "Dante? Why are you clutching your head like that?"
    },
    {
      "id": 7,
      "model": "단테",
      "content": "<I—It’s nothing.>"
    },
    {
      "id": 8,
      "model": "이상",
      "content": "Miss Faust, can our manager not restore the lives of our guides using the clock’s power?"
    },
    {
      "id": 9,
      "model": "파우스트",
      "content": "The clock will only work for us Sinners."
    },
    {
      "id": 10,
      "model": "아야",
      "teller": "Aya",
      "title": "Grade 8 Fixer",
      "content": "Aw, gee~ I s’pose that’s for the better."
    },
    {
      "id": 11,
      "model": "아야",
      "teller": "Aya",
      "title": "Grade 8 Fixer",
      "content": "Imagine you’re dragged right back to life with a gaping hole in your stomach. Wouldn’t that suck?"
    },
    {
      "id": 12,
      "model": "아야",
      "teller": "Aya",
      "title": "Grade 8 Fixer",
      "content": "Nah, y’know what, you’re lucky if a hole is punched in your gut. You’d be a goner in seconds―"
    },
    {
      "id": 13,
      "model": "단테",
      "content": "<Huh…? Wait―!>"
    },
    {
      "id": 14,
      "model": "쓰러진아야",
      "teller": "Aya",
      "title": "Grade 8 Fixer",
      "content": "Ah."
    },
    {
      "id": 15,
      "content": "A hard tentacle erupts from the wall and penetrates Aya’s abdomen in an instant."
    },
    {
      "id": 16,
      "model": "오티스",
      "content": "All units, prepare for battle."
    },
    {
      "id": 17,
      "model": "쓰러진아야",
      "teller": "Aya",
      "title": "Grade 8 Fixer",
      "content": "…What’d I tell you?"
    },
    {
      "id": 18,
      "model": "쓰러진아야",
      "teller": "Aya",
      "title": "Grade 8 Fixer",
      "content": "I’ve always… been a… lucky girl…"
    },
    {
      "id": 19,
      "model": "유리",
      "teller": "Yuri",
      "title": "Grade 8 Fixer",
      "content": "AYA!!"
    },
    {
      "id": 20,
      "model": "이상",
      "content": "Her life has departed."
    },
    {
      "id": 21,
      "model": "그레고르",
      "content": "……"
    },
    {
      "id": 22,
      "model": "그레고르",
      "content": "Come, now... You’ll have to keep it together, especially in times like these, yeah?"
    },
    {
      "id": 23,
      "model": "유리",
      "teller": "Yuri",
      "title": "Grade 8 Fixer",
      "content": "B-But…"
    },
    {
      "id": 24,
      "model": "파우스트",
      "content": "The attack is under an unusual form. It’s likely that we are facing an Abnormality."
    },
    {
      "id": 25,
      "model": "오티스",
      "content": "Manager. Your command, please."
    },
    {
      "id": 26,
      "content": "I felt pity for Yuri; she looked at Aya’s corpse and then back to us with tears. Nevertheless…"
    },
    {
      "id": 27,
      "model": "단테",
      "content": "<…Yuri, Hopkins, and Aya. Those three I can’t revive.>"
    },
    {
      "id": 28,
      "model": "단테",
      "content": "<We have to fight now if we don’t want any more casualties.>"
    },
    {
      "id": 29,
      "model": "오티스",
      "content": "A wise decision, Manager."
    },
    {
      "id": 30,
      "model": "홉킨스",
      "teller": "Hopkins",
      "title": "Grade 8 Fixer",
      "content": "You can make sense of that ticking…?"
    },
    {
      "id": 31,
      "content": "Outis gave Hopkins a fiery glare, but soon reminded herself of her priorities and breathed in to shout."
    },
    {
      "id": 32,
      "model": "오티스",
      "content": "…It’s the manager’s order, lackeys!"
    },
    {
      "id": 33,
      "model": "오티스",
      "content": "You will surround the enemy in formation. The target is the Uniform ahead!"
    },
    {
      "id": 34,
      "model": "유리",
      "teller": "Yuri",
      "title": "Grade 8 Fixer",
      "content": "…Okay."
    },
    {
      "id": 35,
      "model": "그레고르",
      "content": "To be honest… I’m not sure if you can say that thing has a “form”."
    },
    {
      "id": 36,
      "content": "Slowly encroaching vines, followed by the shadow of a figure that looks to be several times taller than a human."
    },
    {
      "id": 37,
      "content": "It… was approaching, begetting fright unlike any foe we’ve faced up until now."
    }
  ]
}