{
  "dataList": [
    {
      "id": 0,
      "place": "District 4 - LC Branch Interior",
      "content": "Another veteran appeared in the dark, carrying a depressed aura."
    },
    {
      "id": 1,
      "content": "His sparkling old badge seemed to signify a high rank once held."
    },
    {
      "id": 2,
      "model": "G사부장",
      "teller": "???",
      "title": "???",
      "content": "…Manager Gregor?"
    },
    {
      "id": 3,
      "model": "그레고르",
      "content": "I think I remember that face of yours. But why?"
    },
    {
      "id": 4,
      "model": "G사부장",
      "teller": "Decrepit G Corp. Head Manager",
      "title": "G Corp. Remnant",
      "content": "…I was the head manager of your team."
    },
    {
      "id": 5,
      "model": "G사부장",
      "teller": "Decrepit G Corp. Head Manager",
      "title": "G Corp. Remnant",
      "content": "Not only did you desert us, you now have the audacity to take the lives of your old comrades—my subordinates."
    },
    {
      "id": 6,
      "model": "그레고르",
      "content": "Look, the war ended a decade ago. But, I guess some folks still haven’t let go of their obsolete ranks, huh?"
    },
    {
      "id": 7,
      "model": "G사부장",
      "teller": "Decrepit G Corp. Head Manager",
      "title": "G Corp. Remnant",
      "content": "Ended? Nothing has ended."
    },
    {
      "id": 8,
      "model": "G사부장",
      "teller": "Decrepit G Corp. Head Manager",
      "title": "G Corp. Remnant",
      "content": "Nothing… has ended… dammit…"
    },
    {
      "id": 9,
      "model": "G사부장",
      "teller": "Decrepit G Corp. Head Manager",
      "title": "G Corp. Remnant",
      "content": "The war may have been over for you when you deserted G Corp…"
    },
    {
      "id": 10,
      "model": "G사부장",
      "teller": "Decrepit G Corp. Head Manager",
      "title": "G Corp. Remnant",
      "content": "But we’re fighting for our lives on the battlefield to this day."
    },
    {
      "id": 11,
      "model": "그레고르",
      "content": "As much as I didn’t want to relate to you this way…"
    },
    {
      "id": 12,
      "model": "그레고르",
      "content": "I’m not really that different here."
    },
    {
      "id": 13,
      "model": "G사부장",
      "teller": "Decrepit G Corp. Head Manager",
      "title": "G Corp. Remnant",
      "content": "Then you ought to understand, Gregor."
    },
    {
      "id": 14,
      "model": "G사부장",
      "teller": "Decrepit G Corp. Head Manager",
      "title": "G Corp. Remnant",
      "content": "There is only one verdict that awaits deserters."
    },
    {
      "id": 15,
      "model": "그레고르",
      "content": "You say that like it means something… But it’s against company policy to carry out summary execution for personal revenge, my Head Manager."
    }
  ]
}