{
  "dataList": [
    {
      "id": 0,
      "place": "Central Front in the Smoke War",
      "model": "그레고르",
      "content": "What’s the delay, Yuri?"
    },
    {
      "id": 1,
      "model": "유리",
      "teller": "Yuri",
      "title": "Grade 8 Fixer",
      "content": "G-Give me a second, please. The gas mask fell off my bag…"
    },
    {
      "id": 2,
      "model": "오티스",
      "content": "I don’t see it serving any practical purpose now. You’re only weighing yourself down."
    },
    {
      "id": 3,
      "model": "유리",
      "teller": "Yuri",
      "title": "Grade 8 Fixer",
      "content": "I mean, it’s… Aya’s memento."
    },
    {
      "id": 4,
      "model": "오티스",
      "content": "You indulge in the most pointless activity in the world, and you aren’t even from N Corp."
    },
    {
      "id": 5,
      "model": "이스마엘",
      "content": "……"
    },
    {
      "id": 6,
      "model": "이스마엘",
      "content": "Tie it the other way."
    },
    {
      "id": 7,
      "model": "유리",
      "teller": "Yuri",
      "title": "Grade 8 Fixer",
      "content": "Sorry?"
    },
    {
      "id": 8,
      "model": "이스마엘",
      "content": "The knot. It’ll come loose again if you tie it that way."
    },
    {
      "id": 9,
      "model": "이스마엘",
      "content": "There’s a sailor’s knot I learned on the boat. I’ll teach you how to do it back on the bus."
    },
    {
      "id": 10,
      "model": "유리",
      "teller": "Yuri",
      "title": "Grade 8 Fixer",
      "content": "Oh… Thank you."
    },
    {
      "id": 11,
      "model": "히스클리프",
      "content": "What now. Since when were you so friendly?"
    },
    {
      "id": 12,
      "model": "로쟈",
      "content": "Yuri~ Y’know what? Why don’t you join our company while you’re at it?"
    },
    {
      "id": 13,
      "model": "유리",
      "teller": "Yuri",
      "title": "Grade 8 Fixer",
      "content": "M-Me?"
    },
    {
      "id": 14,
      "model": "파우스트",
      "content": "That’s…"
    },
    {
      "id": 15,
      "model": "로쟈",
      "content": "I know, I know. We need to get the okay from Vergilius or his superiors and all that. But a little suggestion doesn’t hurt."
    },
    {
      "id": 16,
      "model": "파우스트",
      "content": "Hm… I wonder."
    },
    {
      "id": 17,
      "model": "로쟈",
      "content": "Plus, pink hair makes a perfect mascot to represent us. C’mon, won’t you give it some thought? Please?"
    },
    {
      "id": 18,
      "model": "유리",
      "teller": "Yuri",
      "title": "Grade 8 Fixer",
      "content": "A—A mascot…? Huhu."
    },
    {
      "id": 19,
      "content": "Yuri made a smile for the first time, albeit faintly."
    }
  ]
}