{
  "dataList": [
    {
      "id": 0,
      "place": "District 4 - LC Branch Interior",
      "model": "파우스트",
      "content": "Well, I suppose this place is as good as any."
    },
    {
      "id": 1,
      "content": "As I opened the door, Faust suddenly stood before me."
    },
    {
      "id": 2,
      "model": "파우스트",
      "content": "Dante, close your eyes and look for the glimmer hiding in the dark."
    },
    {
      "id": 3,
      "model": "파우스트",
      "content": "Find the faint star of truth, twinkling gently."
    },
    {
      "id": 4,
      "model": "단테",
      "content": "<The star… This one won’t hurt, right?>"
    },
    {
      "id": 5,
      "model": "파우스트",
      "content": "It shouldn’t cause you any pain since you’re simply locating it."
    },
    {
      "id": 6,
      "content": "Something about the way Faust put that bothered me, but I decided to trust her and block my sight."
    },
    {
      "id": 7,
      "model": "파우스트",
      "content": "When you open your eyes, what seemed so far away…"
    },
    {
      "id": 8,
      "model": "파우스트",
      "content": "Will shine right into your vision."
    },
    {
      "id": 9,
      "model": "단테",
      "content": "<That’s… beautiful.>"
    },
    {
      "id": 10,
      "model": "단테",
      "content": "<That light… Is it only visible to me?>"
    },
    {
      "id": 11,
      "model": "파우스트",
      "content": "Not quite. Through you, now all of us can see it."
    },
    {
      "id": 12,
      "model": "파우스트",
      "content": "Even though we’re inside a dungeon, we can now reap the benefits of your ability through the star."
    },
    {
      "id": 13,
      "model": "이스마엘",
      "content": "Can you please hurry up with the clock, then? I think I dislocated my shoulder."
    },
    {
      "id": 14,
      "model": "유리",
      "teller": "Yuri",
      "title": "Grade 8 Fixer",
      "content": "The clock? It wasn’t just for show?"
    },
    {
      "id": 15,
      "model": "그레고르",
      "content": "That’s not all it does. They have a really neat power. You should come and take a look, Yuri."
    },
    {
      "id": 16,
      "model": "단테",
      "content": "<…Will no one recognize the pain I endure?>"
    }
  ]
}