{
  "dataList": [
    {
      "id": 0,
      "place": "Within the Ice Castle",
      "content": "THOOM!"
    },
    {
      "id": 1,
      "model": "단테",
      "content": "<What the…?>"
    },
    {
      "id": 2,
      "content": "The castle trembles intensely as frosty rubble falls around us from above."
    },
    {
      "id": 3,
      "model": "단테",
      "content": "<Wait, if this keeps up…>"
    },
    {
      "id": 4,
      "content": "A foreboding idea flashes in my head."
    },
    {
      "id": 5,
      "content": "The ticking of my clock was like a reminder of how much time we had left."
    },
    {
      "id": 6,
      "model": "단테",
      "content": "<Out… Outside, now!>"
    },
    {
      "id": 7,
      "place": "Ice Castle Where Neighbors Lie",
      "content": "We evacuated from it in a hurry."
    },
    {
      "id": 8,
      "model": "이스마엘",
      "content": "…Am I seeing this right?"
    },
    {
      "id": 9,
      "model": "이스마엘",
      "content": "The castle isn’t falling apart, it’s like…"
    },
    {
      "id": 10,
      "model": "파우스트",
      "content": "Indeed, it’s most certainly rising to its feet."
    },
    {
      "id": 11,
      "model": "그레고르",
      "content": "Don’t look back! Just run!"
    },
    {
      "id": 12,
      "model": "단테",
      "content": "<Hoogh… Gahh… I, we ran quite a bit, but what now…?>"
    },
    {
      "id": 13,
      "model": "뫼르소",
      "content": "Footfalls. Not of a human. Rather slow and heavy."
    },
    {
      "id": 14,
      "model": "이스마엘",
      "content": "…You could just say that something mammoth is after us!"
    },
    {
      "id": 15,
      "model": "뫼르소",
      "content": "That may have served better."
    },
    {
      "id": 16,
      "model": "로쟈",
      "content": "D—Dante! Our job here’s done, so we can just book it! Cool?"
    },
    {
      "id": 17,
      "model": "단테",
      "content": "<G-Gimme a second! I never considered what to do after getting down here…>"
    },
    {
      "id": 18,
      "model": "로쟈",
      "content": "Oh, really! Does this look like the time for dopey plans?!"
    },
    {
      "id": 19,
      "model": "그레고르",
      "content": "The bus… Where’s the bus?"
    },
    {
      "id": 20,
      "model": "히스클리프",
      "content": "Stop yapping useless rubbish! We’re running the hell away!"
    },
    {
      "id": 21,
      "model": "파우스트",
      "content": "That might be the first logical statement I’ve heard leave your mouth, Heathcliff."
    },
    {
      "id": 22,
      "model": "히스클리프",
      "content": "…I’m smashing your skull to pieces later."
    }
  ]
}