{
  "dataList": [
    {
      "id": 0,
      "place": "Ice Castle Where Neighbors Lie",
      "content": "Before us stood a monumental castle of ice, and frozen pillars that seemed unbreakable."
    },
    {
      "id": 1,
      "content": "And there stood a person…"
    },
    {
      "id": 2,
      "content": "A man with hyaline hair, clear as ice, waiting for us."
    },
    {
      "id": 3,
      "model": "소냐",
      "teller": "Sonya",
      "title": "Yurodivy",
      "content": "I came here often whenever I felt the need to clear my thoughts, even though there’s no rocking chairs or whisky you like…"
    },
    {
      "id": 4,
      "model": "소냐",
      "teller": "Sonya",
      "title": "Yurodivy",
      "content": "The chill dominating this place pierces even the thickest coat. It helps me restore a lucid mind."
    },
    {
      "id": 5,
      "content": "While the rest of us were frozen stiff, stuck watching, Rodya made a slow step forward to face him."
    },
    {
      "id": 6,
      "model": "로쟈",
      "content": "Didn’t expect you to be here first."
    },
    {
      "id": 7,
      "model": "소냐",
      "teller": "Sonya",
      "title": "Yurodivy",
      "content": "My men and I knew of a shortcut leading here."
    },
    {
      "id": 8,
      "model": "소냐",
      "teller": "Sonya",
      "title": "Yurodivy",
      "content": "It was something we learned through the local ruffians, all in search of the whereabouts of a buried, great power, waiting to be used for the greater good."
    },
    {
      "id": 9,
      "model": "소냐",
      "teller": "Sonya",
      "title": "Yurodivy",
      "content": "Alas, this… area surrounding the Golden Bough was as far as we could go; we didn’t see any way to get closer."
    },
    {
      "id": 10,
      "model": "로쟈",
      "content": "Thought you’d never leave District 25, but seeing you now—resorting to the tactics gangsters would use—maybe you should’ve stayed a country boy."
    },
    {
      "id": 11,
      "model": "로쟈",
      "content": "Sonya, your lackeys have been taking from shopkeeps who weren’t even rich to begin with."
    },
    {
      "id": 12,
      "model": "소냐",
      "teller": "Sonya",
      "title": "Yurodivy",
      "content": "…Did you know, Rodya? This was little more than a somewhat eccentric hollow with frosty walls."
    },
    {
      "id": 13,
      "model": "소냐",
      "teller": "Sonya",
      "title": "Yurodivy",
      "content": "Yet look at this. Now there’s a giant castle and thick columns of ice."
    },
    {
      "id": 14,
      "model": "소냐",
      "teller": "Sonya",
      "title": "Yurodivy",
      "content": "This change happened the instant you walked in."
    },
    {
      "id": 15,
      "model": "로쟈",
      "content": "…You sound like you figured this would happen on my arrival. How’d you know?"
    },
    {
      "id": 16,
      "model": "소냐",
      "teller": "Sonya",
      "title": "Yurodivy",
      "content": "I have many sources… But that’s none of your business, Rodya."
    },
    {
      "id": 17,
      "model": "로쟈",
      "content": "What makes you so sure that I made this happen in the first place? I’m not some kinda Backstreets witch or anything."
    },
    {
      "id": 18,
      "model": "소냐",
      "teller": "Sonya",
      "title": "Yurodivy",
      "content": "It’s not hard at all to figure out. Observing those faces encased in ice says enough."
    },
    {
      "id": 19,
      "model": "소냐",
      "teller": "Sonya",
      "title": "Yurodivy",
      "content": "Take a peek. They’re ones you loved yet looked down on, are they not?"
    },
    {
      "id": 20,
      "teller": "Wicked Tax Collector",
      "title": "District 25",
      "content": "Two-fifty thousand Ahn."
    },
    {
      "id": 21,
      "teller": "Resident",
      "title": "District 25",
      "content": "That’s all it’s worth? It’s not possible…"
    },
    {
      "id": 22,
      "teller": "Wicked Tax Collector",
      "title": "District 25",
      "content": "You said precisely why, though? Its age is showing in all the scratches and lack of polish."
    },
    {
      "id": 23,
      "teller": "Wicked Tax Collector",
      "title": "District 25",
      "content": "To be frank, others wouldn’t pay any more than two hundred thousand for this."
    },
    {
      "id": 24,
      "teller": "Wicked Tax Collector",
      "title": "District 25",
      "content": "And the rest… All worthless garbage."
    },
    {
      "id": 25,
      "teller": "Wicked Tax Collector",
      "title": "District 25",
      "content": "That makes the taxes you owe four hundred thousand Ahn in total."
    },
    {
      "id": 26,
      "model": "로쟈",
      "content": "Why do the poor only grow poorer the harder they work?"
    },
    {
      "id": 27,
      "model": "로쟈",
      "content": "It’s ridiculous, isn’t it? While stacks of cash piled up in the pawnbroker’s vault…"
    },
    {
      "id": 28,
      "model": "로쟈",
      "content": "Our neighborhood was being wrung dry, heirlooms weighed for what little monetary value they had."
    },
    {
      "id": 29,
      "model": "로쟈",
      "content": "Sonya rallied people, delivering speeches using big words."
    },
    {
      "id": 30,
      "model": "로쟈",
      "content": "They organized a group under the name of the ‘Yurodiviye’."
    },
    {
      "id": 31,
      "model": "로쟈",
      "content": "It went okay at first. Even the thickest folks were inspired by Sonya’s words to help the impoverished in the Backstreets."
    },
    {
      "id": 32,
      "model": "로쟈",
      "content": "But, Sonya still had a dissatisfied expression."
    },
    {
      "id": 33,
      "model": "로쟈",
      "content": "Ultimately, the Yurodiviye warped into an organization that cared more for debating about how best to change the streets and the Nest, rather than going out to help those in need."
    },
    {
      "id": 34,
      "model": "로쟈",
      "content": "That’s why I left them."
    },
    {
      "id": 35,
      "model": "로쟈",
      "content": "Being an armchair revolutionary wasn’t going to feed our starving neighbors!"
    },
    {
      "id": 36,
      "model": "소냐",
      "teller": "Sonya",
      "title": "Yurodivy",
      "content": "But I told you time and time again, Rodya. That we must wait for the right moment."
    },
    {
      "id": 37,
      "model": "로쟈",
      "content": "Sonya, I’m sorry, but that “moment” you kept talking about…"
    },
    {
      "id": 38,
      "model": "로쟈",
      "content": "It didn’t come when the Yurodiviye’s youngest… when little Ivan had to sate his hunger with food from the garbage."
    },
    {
      "id": 39,
      "model": "로쟈",
      "content": "Nor did it arrive after he suffocated to death."
    },
    {
      "id": 40,
      "model": "소냐",
      "teller": "Sonya",
      "title": "Yurodivy",
      "content": "To achieve a monumental task, well-thought policies and a great power to carry them are required. All to make the redistribution of wealth happen."
    },
    {
      "id": 41,
      "model": "소냐",
      "teller": "Sonya",
      "title": "Yurodivy",
      "content": "And in the process of moving towards progress, such minor troubles on a personal level are inevitable."
    },
    {
      "id": 42,
      "model": "로쟈",
      "content": "That’s minor to you? The whole thing was personal, we started this to help others."
    },
    {
      "id": 43,
      "model": "로쟈",
      "content": "What you and the Yurodiviye were doing wasn’t what I’d hoped for."
    },
    {
      "id": 44,
      "model": "소냐",
      "teller": "Sonya",
      "title": "Yurodivy",
      "content": "Is that why you decided to take matters into your own hands?"
    },
    {
      "id": 45,
      "model": "로쟈",
      "content": "Absolutely. What our town needed…"
    },
    {
      "id": 46,
      "model": "로쟈",
      "content": "Wasn’t an empty promise telling people to sit on their hands for who knows when."
    },
    {
      "id": 47,
      "model": "로쟈",
      "content": "But someone who wouldn’t hesitate to pick up the axe."
    },
    {
      "id": 48,
      "model": "로쟈",
      "content": "I bet most of my neighbors had been starving for four nights straight that day."
    },
    {
      "id": 49,
      "model": "로쟈",
      "content": "Yet the biting wind kept hounding without mercy, clawing at the chapped skin of the famished peasants."
    },
    {
      "id": 50,
      "model": "로쟈",
      "content": "And I happened to know whose safe kept more than enough money to treat my neighbors to a feast for days and still be just as full."
    },
    {
      "id": 51,
      "model": "소냐",
      "teller": "Sonya",
      "title": "Yurodivy",
      "content": "So, what did you do?"
    },
    {
      "id": 52,
      "model": "로쟈",
      "content": "…Gimme a sec. Can’t I pull out of this now?"
    },
    {
      "id": 53,
      "model": "소냐",
      "teller": "Sonya",
      "title": "Yurodivy",
      "content": "This is a confessional created for you as a result of the Golden Bough resonating with your psyche."
    },
    {
      "id": 54,
      "model": "소냐",
      "teller": "Sonya",
      "title": "Yurodivy",
      "content": "Moreover, a confessional’s purpose is to lead a sinner to the path of penance."
    },
    {
      "id": 55,
      "teller": "Wicked Tax Collector",
      "title": "District 25",
      "content": "... ....... ... .... ....... .. ...."
    },
    {
      "id": 56,
      "model": "로쟈",
      "content": "If only that old woman had changed her mind before it came to an end…"
    },
    {
      "id": 57,
      "model": "소냐",
      "teller": "Sonya",
      "title": "Yurodivy",
      "content": "But Rodya…"
    },
    {
      "id": 58,
      "model": "소냐",
      "teller": "Sonya",
      "title": "Yurodivy",
      "content": "You must have known that a terminal leech upon her neighbors would never turn over a new leaf."
    },
    {
      "id": 59,
      "model": "소냐",
      "teller": "Sonya",
      "title": "Yurodivy",
      "content": "You know she wasn’t the kind of person who’d give up that life to turn into a generous philanthropist."
    },
    {
      "id": 60,
      "model": "소냐",
      "teller": "Sonya",
      "title": "Yurodivy",
      "content": "You wouldn’t have knocked on her door with an axe in hand otherwise."
    },
    {
      "id": 61,
      "teller": "Wicked Tax Collector",
      "title": "District 25",
      "content": "Poor Rodion, dear, you seem to be under the delusion that you’re some sort of savior…"
    },
    {
      "id": 62,
      "teller": "Wicked Tax Collector",
      "title": "District 25",
      "content": "Demanding my money so brazenly to my face won’t change anything."
    },
    {
      "id": 63,
      "teller": "Wicked Tax Collector",
      "title": "District 25",
      "content": "You vermin are no different from the paupers in the Backstreets."
    },
    {
      "id": 64,
      "model": "로쟈",
      "content": "That’s right."
    },
    {
      "id": 65,
      "model": "로쟈",
      "content": "I’m the one who put an axe through her head."
    },
    {
      "id": 66,
      "model": "로쟈",
      "content": "Like cutting open the belly of the goose that laid golden eggs, I chopped that hag’s skull."
    },
    {
      "id": 67,
      "model": "로쟈",
      "content": "I mean, someone had to do it. Am I wrong?"
    },
    {
      "id": 68,
      "model": "로쟈",
      "content": "Unlike the foolish cottager in the fable who gave in to greed and lost out on becoming richer…"
    },
    {
      "id": 69,
      "model": "로쟈",
      "content": "We were overcome with hunger and misery, and could have gladly eaten out her brains."
    },
    {
      "id": 70,
      "model": "로쟈",
      "content": "And her “belly” was full of golden eggs, unlike that of the goose."
    },
    {
      "id": 71,
      "model": "소냐",
      "teller": "Sonya",
      "title": "Yurodivy",
      "content": "Yes, the old lady you killed was a tax collector wielding considerable authority in District 25."
    },
    {
      "id": 72,
      "model": "소냐",
      "teller": "Sonya",
      "title": "Yurodivy",
      "content": "But what gave her so much power… was her sibling’s status as a member of the Middle."
    },
    {
      "id": 73,
      "model": "로쟈",
      "content": "I… struck her down to save my dying neighbors. Is that so wrong?"
    },
    {
      "id": 74,
      "model": "소냐",
      "teller": "Sonya",
      "title": "Yurodivy",
      "content": "No, you held that axe for your own good."
    },
    {
      "id": 75,
      "model": "소냐",
      "teller": "Sonya",
      "title": "Yurodivy",
      "content": "You couldn’t stand the fact that you weren’t anyone special."
    },
    {
      "id": 76,
      "model": "소냐",
      "teller": "Sonya",
      "title": "Yurodivy",
      "content": "Did you know? The Middle… never lets anyone who touches their family go unpunished."
    },
    {
      "id": 77,
      "model": "소냐",
      "teller": "Sonya",
      "title": "Yurodivy",
      "content": "They aren’t too interested in finding *who* exactly did it; rather, they like to demonstrate clearly *what* happens to the poor fools that dare disturb them."
    },
    {
      "id": 78,
      "model": "소냐",
      "teller": "Sonya",
      "title": "Yurodivy",
      "content": "The Backstreets residents who’d tasted the joy of quality meat for the first time in their lives soon made towering cadaverous pillars out on the roads."
    },
    {
      "id": 79,
      "model": "소냐",
      "teller": "Sonya",
      "title": "Yurodivy",
      "content": "Not much different from the car pagodas outside the casino."
    },
    {
      "id": 80,
      "model": "소냐",
      "teller": "Sonya",
      "title": "Yurodivy",
      "content": "I’m well aware of how much pain and guilt you’ve been burdened with ever since then."
    },
    {
      "id": 81,
      "model": "소냐",
      "teller": "Sonya",
      "title": "Yurodivy",
      "content": "Living with the realization that you really weren’t so different from the foolish cottager after all."
    },
    {
      "id": 82,
      "model": "로쟈",
      "content": "Since that day… Nothing I held truly felt like it was mine."
    },
    {
      "id": 83,
      "model": "로쟈",
      "content": "All because of me…"
    },
    {
      "id": 84,
      "model": "소냐",
      "teller": "Sonya",
      "title": "Yurodivy",
      "content": "It’s all fine, Rodya."
    },
    {
      "id": 85,
      "model": "소냐",
      "teller": "Sonya",
      "title": "Yurodivy",
      "content": "For you see, Rodya."
    },
    {
      "id": 86,
      "model": "소냐",
      "teller": "Sonya",
      "title": "Yurodivy",
      "content": "To change the world, I perused hundreds of books and thousands of documents…"
    },
    {
      "id": 87,
      "model": "소냐",
      "teller": "Sonya",
      "title": "Yurodivy",
      "content": "And I met various people all around the City."
    },
    {
      "id": 88,
      "model": "소냐",
      "teller": "Sonya",
      "title": "Yurodivy",
      "content": "Picturing a world where the oppressed can escape from the exploitative dominion of the ruling class and find liberation in the truest sense."
    },
    {
      "id": 89,
      "model": "소냐",
      "teller": "Sonya",
      "title": "Yurodivy",
      "content": "To make that world a reality."
    },
    {
      "id": 90,
      "model": "소냐",
      "teller": "Sonya",
      "title": "Yurodivy",
      "content": "However, the answer didn’t lie in changing what was already there. Once a page of history is written, there’s no way to go back and revise it."
    },
    {
      "id": 91,
      "model": "소냐",
      "teller": "Sonya",
      "title": "Yurodivy",
      "content": "Look. This is the world we can reach."
    },
    {
      "id": 92,
      "model": "소냐",
      "teller": "Sonya",
      "title": "Yurodivy",
      "content": "A world… that can be created using the Golden Bough with which you resonated."
    },
    {
      "id": 93,
      "model": "소냐",
      "teller": "Sonya",
      "title": "Yurodivy",
      "content": "May there be no one upon this earth suffering from starvation."
    },
    {
      "id": 94,
      "model": "소냐",
      "teller": "Sonya",
      "title": "Yurodivy",
      "content": "May every individual enjoy the right to pursue psychological and intellectual delights."
    },
    {
      "id": 95,
      "model": "소냐",
      "teller": "Sonya",
      "title": "Yurodivy",
      "content": "…Join hands with me, and I’ll give you that world as a gift."
    },
    {
      "id": 96,
      "model": "소냐",
      "teller": "Sonya",
      "title": "Yurodivy",
      "content": "As if nothing up to this point had ever happened at all."
    },
    {
      "id": 97,
      "model": "로쟈",
      "content": "Ah."
    },
    {
      "id": 98,
      "model": "로쟈",
      "content": "A feeling nobody else would understand."
    },
    {
      "id": 99,
      "model": "로쟈",
      "content": "Even a glimpse of that world felt so dreamlike."
    },
    {
      "id": 100,
      "model": "로쟈",
      "content": "I wanted to etch that mesmerizing instant into my memory."
    },
    {
      "id": 101,
      "model": "로쟈",
      "content": "If this was a dream, I’d even wish I was part of it so that I would never have to leave it."
    },
    {
      "id": 102,
      "model": "로쟈",
      "content": "And yet…"
    },
    {
      "id": 103,
      "model": "로쟈",
      "content": "Sorry, I’m still turning down your offer."
    },
    {
      "id": 104,
      "model": "로쟈",
      "content": "How to put it…"
    },
    {
      "id": 105,
      "model": "로쟈",
      "content": "I don’t wanna bathe in warmth just yet. I feel like I oughta be in this cold a bit longer."
    },
    {
      "id": 106,
      "model": "로쟈",
      "content": "Think I’ll stay this way until I find my answer to the question of when it’ll be okay to warm myself."
    },
    {
      "id": 107,
      "model": "로쟈",
      "content": "And also, Sonya…"
    },
    {
      "id": 108,
      "model": "로쟈",
      "content": "You knew my temper would get the best of me and get me to kill her, didn’t you?"
    },
    {
      "id": 109,
      "model": "소냐",
      "teller": "Sonya",
      "title": "Yurodivy",
      "content": "……"
    },
    {
      "id": 110,
      "model": "소냐",
      "teller": "Sonya",
      "title": "Yurodivy",
      "content": "Rodya, this will probably elude you, but you don’t have the mark."
    },
    {
      "id": 111,
      "model": "소냐",
      "teller": "Sonya",
      "title": "Yurodivy",
      "content": "I came here hoping to see you possess it, but I’m seeing it on a few of your friends instead."
    },
    {
      "id": 112,
      "model": "로쟈",
      "content": "The mark? What do you…"
    },
    {
      "id": 113,
      "model": "소냐",
      "teller": "Sonya",
      "title": "Yurodivy",
      "content": "Besides, you can’t see the mark, either. In other words… you don’t have what it takes to be a leader."
    },
    {
      "id": 114,
      "model": "소냐",
      "teller": "Sonya",
      "title": "Yurodivy",
      "content": "But I’m different. So, to make a better world—"
    },
    {
      "id": 115,
      "model": "로쟈",
      "content": "Yepper, I think I ‘member hearing you say something like that while sat at a desk buried in books."
    },
    {
      "id": 116,
      "model": "로쟈",
      "content": "…That’s why I can’t join you."
    },
    {
      "id": 117,
      "model": "로쟈",
      "content": "I still believe that it’s not big words behind closed doors that feed your neighbors."
    },
    {
      "id": 118,
      "model": "로쟈",
      "content": "And as I’m sure you’ve learned by now…"
    },
    {
      "id": 119,
      "model": "로쟈",
      "content": "There’s no way a rowdy rascal like me would fit under some dweeb’s leadership, right? Hahah!"
    },
    {
      "id": 120,
      "model": "소냐",
      "teller": "Sonya",
      "title": "Yurodivy",
      "content": "……"
    },
    {
      "id": 121,
      "model": "소냐",
      "teller": "Sonya",
      "title": "Yurodivy",
      "content": "The Golden Bough awaits inside the castle, Rodya."
    },
    {
      "id": 122,
      "model": "소냐",
      "teller": "Sonya",
      "title": "Yurodivy",
      "content": "I hope you’ll be able to find what you seek."
    },
    {
      "id": 123,
      "content": "We walked past Sonya, and then made our way into the icy castle he indicated."
    }
  ]
}