{
  "dataList": [
    {
      "id": 0,
      "place": "Casino Mine B1",
      "model": "각잡힌카지노경호원",
      "teller": "Rigid Security",
      "title": "J Corp. Casino",
      "content": "W—Wait… Why are they coming this way?! Stop! I said stop!"
    },
    {
      "id": 1,
      "model": "각잡힌카지노경호원",
      "teller": "Rigid Security",
      "title": "J Corp. Casino",
      "content": "G-Get them away from me! Hurry!"
    },
    {
      "id": 2,
      "model": "노예",
      "teller": "Captive Debtor",
      "title": "J Corp. Casino",
      "content": "…Forty-seven million, nine hundred…"
    },
    {
      "id": 3,
      "content": "The debtors kept on swinging their pickaxes; forty-seven million, nine hundred thousand picks left and counting down."
    },
    {
      "id": 4,
      "content": "We were able to find our way down using this opportunity."
    },
    {
      "id": 5,
      "model": "그레고르",
      "content": "So we did get help from the debtors after all."
    },
    {
      "id": 6,
      "model": "로쟈",
      "content": "Just a coincidence."
    },
    {
      "id": 7,
      "content": "Rodya replied with an apathetic look."
    }
  ]
}