{
  "dataList": [
    {
      "id": 0,
      "place": "Casino Mine B2",
      "model": "뫼르소",
      "content": "It’s a freight container made of smooth and colorful plastic."
    },
    {
      "id": 1,
      "model": "뫼르소",
      "content": "The prevalence of peculiar materials suggests that this is not a simple manufacturing facility."
    },
    {
      "id": 2,
      "content": "As soon as Meursault finished, the colorful yet ominously designed container activated with a cheery tune."
    },
    {
      "id": 3,
      "model": "싱클레어",
      "content": "I’ve got a bad feeling…"
    },
    {
      "id": 4,
      "model": "싱클레어",
      "content": "Why aren’t there any security guards around now?"
    },
    {
      "id": 5,
      "content": "“Well…” was all I could mutter before the answer revealed itself to us."
    },
    {
      "id": 6,
      "content": "The doors of the container opened as it finished operating, and inside…"
    },
    {
      "id": 7,
      "model": "너맞아볼래매우",
      "teller": "You Want To Get Beat? Hurtily?",
      "title": "Have You Become Strong",
      "content": "Ah. Ah."
    },
    {
      "id": 8,
      "model": "너맞아볼래매우",
      "teller": "You Want To Get Beat? Hurtily?",
      "title": "Have You Become Strong",
      "content": "Highly excited!!!"
    },
    {
      "id": 9,
      "model": "너맞아볼래매우",
      "teller": "You Want To Get Beat? Hurtily?",
      "title": "Have You Become Strong",
      "content": "Ahh~"
    },
    {
      "id": 10,
      "model": "너맞아볼래매우",
      "teller": "You Want To Get Beat? Hurtily?",
      "title": "Have You Become Strong",
      "content": "Thoroughly amusing!!!"
    },
    {
      "id": 11,
      "model": "너맞아볼래매우",
      "teller": "You Want To Get Beat? Hurtily?",
      "title": "Have You Become Strong",
      "content": "Da GAME of DEATH!"
    },
    {
      "id": 12,
      "model": "파우스트",
      "content": "……"
    },
    {
      "id": 13,
      "model": "너맞아볼래매우",
      "teller": "You Want To Get Beat? Hurtily?",
      "title": "Have You Become Strong",
      "content": "ATH."
    },
    {
      "id": 14,
      "model": "너맞아볼래매우",
      "teller": "You Want To Get Beat? Hurtily?",
      "title": "Have You Become Strong",
      "content": "ATH!!"
    },
    {
      "id": 15,
      "model": "너맞아볼래매우",
      "teller": "You Want To Get Beat? Hurtily?",
      "title": "Have You Become Strong",
      "content": "ATH!!!! ATH!!!! ATH!!!!"
    },
    {
      "id": 16,
      "model": "파우스트",
      "content": "Hm… It appears they redoubled excavation efforts from this point onward."
    },
    {
      "id": 17,
      "model": "파우스트",
      "content": "I can’t think of any other reason to augment humans on a conveyor belt…"
    },
    {
      "id": 18,
      "model": "단테",
      "content": "<Yeah, yeah, I get it, now let’s move! They’re pointed right at us singing that spooky song!>"
    }
  ]
}