{
  "dataList": [
    {
      "id": 0,
      "place": "Casino Mine B1",
      "model": "그레고르",
      "content": "Tch… We’ve got security guards and Peccatula… This is starting to be a bother…"
    },
    {
      "id": 1,
      "model": "로쟈",
      "content": "Got any ideas, Greg? You fought on the frontlines before. Try something."
    },
    {
      "id": 2,
      "model": "그레고르",
      "content": "What does that have— Hey, don’t push!"
    },
    {
      "id": 3,
      "content": "Being shoved out of cover by Rodya, Gregor stumbled forward, separated from us…"
    },
    {
      "id": 4,
      "content": "…Then bumping into a slave who was busy digging away at rocks."
    },
    {
      "id": 5,
      "model": "노예",
      "teller": "Captive Debtor",
      "title": "J Corp. Casino",
      "content": "……?"
    },
    {
      "id": 6,
      "model": "그레고르",
      "content": "……"
    },
    {
      "id": 7,
      "content": "They seemed to pause for a moment in awkwardness."
    },
    {
      "id": 8,
      "model": "그레고르",
      "content": "H… Hey there, looks like the way things are going here isn’t all too pretty for the both of us, ‘ne? How about we let this slide?"
    },
    {
      "id": 9,
      "model": "노예",
      "teller": "Captive Debtor",
      "title": "J Corp. Casino",
      "content": "……"
    },
    {
      "id": 10,
      "model": "그레고르",
      "content": "We’re not after the cash stored in that vault."
    },
    {
      "id": 11,
      "model": "그레고르",
      "content": "I mean, wouldn’t say no if we were offered it—but the point is, we’re just looking for a way downstairs."
    },
    {
      "id": 12,
      "model": "그레고르",
      "content": "Not here to make any fuss. Why don’t we pretend this never happened and go our own ways?"
    },
    {
      "id": 13,
      "model": "노예",
      "teller": "Captive Debtor",
      "title": "J Corp. Casino",
      "content": "F… Four…"
    },
    {
      "id": 14,
      "model": "노예",
      "teller": "Captive Debtor",
      "title": "J Corp. Casino",
      "content": "Forty-seven million, nine hundred and twenty thousand…"
    },
    {
      "id": 15,
      "model": "노예",
      "teller": "Captive Debtor",
      "title": "J Corp. Casino",
      "content": "Forty-seven million, nine hundred and ten thousand… Forty-seven million, nine hundred thousand…"
    },
    {
      "id": 16,
      "model": "료슈",
      "content": "Speak some sense, or I’ll BARF on your hands."
    },
    {
      "id": 17,
      "content": "For someone who often speaks in riddles herself, Ryōshū’s patience sure wore out quickly. She gripped the sheath of her sword as she threatened the worker."
    },
    {
      "id": 18,
      "model": "싱클레어",
      "content": "I can’t say for sure, but I think she meant she’ll “break all the remaining fingers” on that person’s hands…"
    },
    {
      "id": 19,
      "model": "단테",
      "content": "<…At this point, I’m more scared of how quickly you got that.>"
    },
    {
      "id": 20,
      "model": "노예",
      "teller": "Captive Debtor",
      "title": "J Corp. Casino",
      "content": "Must repay…"
    },
    {
      "id": 21,
      "model": "노예",
      "teller": "Captive Debtor",
      "title": "J Corp. Casino",
      "content": "Repay all the debt… before I can go back to my family…"
    },
    {
      "id": 22,
      "model": "노예",
      "teller": "Captive Debtor",
      "title": "J Corp. Casino",
      "content": "They said they’ll take off 1 Ahn for every swing… Forty-seven… How much…was it… Aack! Don’t talk to me! I have to count…"
    },
    {
      "id": 23,
      "model": "각잡힌카지노경호원",
      "teller": "Rigid Security",
      "title": "J Corp. Casino",
      "content": "Hold on? What’s that noise over there?"
    },
    {
      "id": 24,
      "model": "그레고르",
      "content": "Ah, shoot…"
    },
    {
      "id": 25,
      "content": "Cornered, Gregor suddenly started shouting in a remarkably out-of-character voice."
    },
    {
      "id": 26,
      "model": "그레고르",
      "content": "We… We can’t live like this anymore!"
    },
    {
      "id": 27,
      "model": "그레고르",
      "content": "This is… outrageous… tyranny! To tie people up and force them to dig!"
    },
    {
      "id": 28,
      "model": "그레고르",
      "content": "Let us all… rise up… and fight our oppressors…! Go, onwaaard!!"
    },
    {
      "id": 29,
      "model": "단테",
      "content": "<……>"
    },
    {
      "id": 30,
      "model": "노예",
      "teller": "Captive Debtor",
      "content": "……"
    },
    {
      "id": 31,
      "model": "각잡힌카지노경호원",
      "teller": "Rigid Security",
      "title": "J Corp. Casino",
      "content": "……"
    },
    {
      "id": 32,
      "model": "히스클리프",
      "content": "The hell was that?"
    },
    {
      "id": 33,
      "model": "뫼르소",
      "content": "Propaganda. His effort has regrettably ended in failure."
    },
    {
      "id": 34,
      "model": "로쟈",
      "content": "Greg, sweetie… Here’s the thing about those people… They ended up here by living their whole lives as scum—exploiters and exploitees."
    },
    {
      "id": 35,
      "model": "로쟈",
      "content": "You weren’t expecting some half-baked speech to be enough to wake up the revolutionary inside them, were you?"
    },
    {
      "id": 36,
      "model": "오티스",
      "content": "…Before you attempt an instigation operation next time, be sure to train your acting skills to at least an intermediate level."
    },
    {
      "id": 37,
      "model": "로쟈",
      "content": "Oh, Greg… Have you never tried acting in your whole life?"
    },
    {
      "id": 38,
      "model": "그레고르",
      "content": "Scheibenkleister… Look, I’m embarrassed myself…"
    },
    {
      "id": 39,
      "content": "Gregor’s terrible acting must have even agitated the security as well."
    },
    {
      "id": 40,
      "content": "That’d explain them opening up those locked cages in a potentially risky move."
    }
  ]
}