{
  "dataList": [
    {
      "id": 0,
      "place": "Casino Mine B3",
      "model": "싱클레어",
      "content": "Feels like it’s getting colder and colder."
    },
    {
      "id": 1,
      "model": "싱클레어",
      "content": "What’s up with all this ice around…?"
    },
    {
      "id": 2,
      "model": "파우스트",
      "content": "An increase in the frequency of anomalies should ideally be strong, positive reflections."
    },
    {
      "id": 3,
      "model": "이상",
      "content": "Did you call?"
    },
    {
      "id": 4,
      "model": "이스마엘",
      "content": "…Sigh. I hope that wasn’t your attempt at a joke. Thanks to you, I’m feeling even colder."
    },
    {
      "id": 5,
      "content": "Putting aside Ishmael’s grievance, I thought about what Faust had said."
    },
    {
      "id": 6,
      "model": "단테",
      "content": "<…Because that means we’re getting close to the Golden Bough… right?>"
    },
    {
      "id": 7,
      "content": "It was a pretty solid answer if I do say so myself."
    },
    {
      "id": 8,
      "model": "파우스트",
      "content": "Yeah, sure."
    },
    {
      "id": 9,
      "content": "But Faust’s reply was discouragingly dull, or at least that’s how I heard it."
    }
  ]
}