{
  "dataList": [
    {
      "id": 0,
      "place": "District 11 - LC Branch Interior",
      "content": "I heard that familiar yet ominous sound of a nail being dragged across the floor from not too far away."
    },
    {
      "id": 1,
      "model": "오티스",
      "content": "…Manager. If I may be forward, I would suggest soon including steps in your combat protocol to confirm that our foes are dead."
    },
    {
      "id": 2,
      "content": "The thought of his return makes what hair I have stand on end."
    },
    {
      "id": 3,
      "model": "피묻은귀도",
      "teller": "Guido",
      "title": "Nagel und Hammer",
      "content": "Ye Heretics… must be exterminated."
    },
    {
      "id": 4,
      "model": "단테",
      "content": "<How long have you been…>"
    },
    {
      "id": 5,
      "content": "Guido approaches at a slower gait than before, but his gaze is firmly fixed on me."
    },
    {
      "id": 6,
      "model": "피묻은귀도",
      "teller": "Guido",
      "title": "Nagel und Hammer",
      "content": "And… the rest… shall be purified."
    },
    {
      "id": 7,
      "content": "I needed to rewind the clock."
    },
    {
      "id": 8,
      "content": "Most of the Sinners were either dead or gravely injured."
    },
    {
      "id": 9,
      "content": "There was no way an effectively non-combatant manager and someone barely holding on to her life could take him."
    },
    {
      "id": 10,
      "model": "제복소드",
      "teller": "Saude",
      "title": "LCCB",
      "content": "Please stop…"
    },
    {
      "id": 11,
      "content": "Just then, Saude pulled out a gun."
    },
    {
      "id": 12,
      "content": "She pointed the barrel at me."
    },
    {
      "id": 13,
      "model": "제복소드",
      "teller": "Saude",
      "title": "LCCB",
      "content": "I need you… to keep still…"
    },
    {
      "id": 14,
      "model": "제복소드",
      "teller": "Saude",
      "title": "LCCB",
      "content": "The moment you try to turn that clock, my gun… will blow off your head…"
    },
    {
      "id": 15,
      "model": "단테",
      "content": "<Saude…?>"
    },
    {
      "id": 16,
      "model": "제복소드",
      "teller": "Saude",
      "title": "LCCB",
      "content": "Don’t look at me… like that… I can’t hear you. But, I can tell you this."
    },
    {
      "id": 17,
      "model": "제복소드",
      "teller": "Saude",
      "title": "LCCB",
      "content": "They promised… to let Effie go… if I helped to get rid of you…"
    },
    {
      "id": 18,
      "model": "피묻은귀도",
      "teller": "Guido",
      "title": "Nagel und Hammer",
      "content": "I let too much time pass."
    },
    {
      "id": 19,
      "content": "Guido comes to me and grabs me by the neck."
    },
    {
      "id": 20,
      "model": "단테",
      "content": "<Kahk, ghhng…>"
    },
    {
      "id": 21,
      "content": "Then, he grips my head tightly with his other hand as if to crush it."
    },
    {
      "id": 22,
      "model": "단테",
      "content": "<Nngh…>"
    },
    {
      "id": 23,
      "content": "Creaks, cracks, and rattles ring inside my head."
    },
    {
      "id": 24,
      "content": "His fingers being inches away from shattering my head terrifies me."
    },
    {
      "id": 25,
      "content": "Is this it? Is this how I die?"
    },
    {
      "id": 26,
      "content": "Could this… have turned out differently if I was a better manager?"
    },
    {
      "id": 27,
      "content": "I remember Heathcliff menacingly asking if there was a way to open up my head so he could see what’s inside."
    },
    {
      "id": 28,
      "content": "Tough luck, Heathcliff."
    },
    {
      "id": 29,
      "content": "You’ll be missing out on a good show…"
    },
    {
      "id": -1,
      "model": "//효과음",
      "content": "Thwack"
    },
    {
      "id": 30,
      "content": "I heard a sound."
    },
    {
      "id": 31,
      "content": "It was the sound of something breaking."
    },
    {
      "id": 32,
      "content": "Fortunately for me…"
    },
    {
      "id": 33,
      "model": "피묻은귀도",
      "teller": "Guido",
      "title": "Nagel und Hammer",
      "content": "Ngh…"
    },
    {
      "id": 34,
      "content": "It didn’t come from my head."
    },
    {
      "id": 35,
      "model": "싱클레어",
      "content": "Huff, hoogh… Hahk."
    },
    {
      "id": 36,
      "content": "Guido staggers."
    },
    {
      "id": 37,
      "content": "A nail was lodged in his back, and Sinclair was gasping for air behind him."
    },
    {
      "id": 38,
      "content": "He was nearly unconscious, lying still until moments ago—it’s a miracle that he managed to get up and do this."
    },
    {
      "id": 39,
      "content": "I could escape Guido’s grasp thanks to him…"
    },
    {
      "id": 40,
      "content": "But Guido stood firm despite Sinclair’s desperate attack; he collected his breath and slowly turned around."
    },
    {
      "id": 41,
      "model": "피묻은귀도",
      "teller": "Guido",
      "title": "Nagel und Hammer",
      "content": "…I see."
    },
    {
      "id": 42,
      "model": "피묻은귀도",
      "teller": "Guido",
      "title": "Nagel und Hammer",
      "content": "You, too, are a filthy heretic…"
    },
    {
      "id": 43,
      "model": "싱클레어",
      "content": "You’re… all insane… out of your minds…"
    },
    {
      "id": 44,
      "model": "피묻은귀도",
      "teller": "Guido",
      "title": "Nagel und Hammer",
      "content": "The One Who Grips had once said…"
    },
    {
      "id": 45,
      "model": "피묻은귀도",
      "teller": "Guido",
      "title": "Nagel und Hammer",
      "content": "That you could have become the One as well."
    },
    {
      "id": 46,
      "model": "피묻은귀도",
      "teller": "Guido",
      "title": "Nagel und Hammer",
      "content": "What a shame…"
    },
    {
      "id": 47,
      "model": "피묻은귀도",
      "teller": "Guido",
      "title": "Nagel und Hammer",
      "content": "You grip with the wrong direction."
    },
    {
      "id": 48,
      "model": "단테",
      "content": "<Sinclair… run away… I can’t… help you…>"
    },
    {
      "id": 49,
      "model": "싱클레어",
      "content": "No… I’m not running anymore."
    },
    {
      "id": 50,
      "model": "제복소드",
      "teller": "Saude",
      "title": "LCCB",
      "content": "…I like that answer, Sinclair."
    },
    {
      "id": -1,
      "model": "탕!"
    },
    {
      "id": 51,
      "content": "Gunfire filled my ears."
    },
    {
      "id": 52,
      "content": "But the bullet struck Guido’s head."
    },
    {
      "id": 53,
      "model": "피묻은귀도",
      "teller": "Guido",
      "title": "Nagel und Hammer",
      "content": "……"
    },
    {
      "id": 54,
      "model": "피묻은귀도",
      "teller": "Guido",
      "title": "Nagel und Hammer",
      "content": "You, who bring ruination upon yourselves…"
    },
    {
      "id": 55,
      "model": "피묻은귀도",
      "teller": "Guido",
      "title": "Nagel und Hammer",
      "content": "The Hammer shall continue to pursue you…"
    },
    {
      "id": 56,
      "content": "With those words…"
    },
    {
      "id": 57,
      "content": "Guido fell to the floor, motionless."
    },
    {
      "id": 58,
      "content": "And in that hush…"
    },
    {
      "id": 59,
      "content": "I heard her handgun drop to the floor."
    },
    {
      "id": 60,
      "model": "단테",
      "content": "<…Saude.>"
    },
    {
      "id": 61,
      "model": "제복소드",
      "teller": "Saude",
      "title": "LCCB",
      "content": "Effie, he’s… he’s dead, isn’t he?"
    },
    {
      "id": 62,
      "model": "제복소드",
      "teller": "Saude",
      "title": "LCCB",
      "content": "You’re all terrible liars. At least try to make it somewhat believable."
    },
    {
      "id": 63,
      "model": "그레고르",
      "content": "…C’mon Saude, let’s get out of here. You’ll be okay… Just gotta stop the bleeding, and… get you patched up."
    },
    {
      "id": 64,
      "model": "이스마엘",
      "content": "Right. I’ll get a tourniquet…"
    },
    {
      "id": 65,
      "model": "제복소드",
      "teller": "Saude",
      "title": "LCCB",
      "content": "Don’t be stupid. I can hardly lift a finger."
    },
    {
      "id": 66,
      "model": "제복소드",
      "teller": "Saude",
      "title": "LCCB",
      "content": "Besides, those Inquisitors will keep on coming, won’t they? You guys need to keep moving down."
    },
    {
      "id": 67,
      "model": "제복소드",
      "teller": "Saude",
      "title": "LCCB",
      "content": "I’ll hold them off here. You should go."
    },
    {
      "id": 68,
      "model": "싱클레어",
      "content": "You can’t—You can’t do that…"
    },
    {
      "id": 69,
      "model": "이스마엘",
      "content": "You said yourself that you can hardly lift a finger. I can’t let you watch our backs when you’re in such a mess… Please?"
    },
    {
      "id": 70,
      "model": "제복소드",
      "teller": "Saude",
      "title": "LCCB",
      "content": "You know… in moments like this… you’re supposed to just nod at me and be on your way."
    },
    {
      "id": 71,
      "model": "제복소드",
      "teller": "Saude",
      "title": "LCCB",
      "content": "Why do you care so much about the one who volunteered to stay behind?"
    },
    {
      "id": 72,
      "model": "싱클레어",
      "content": "You can’t… You can’t just…"
    },
    {
      "id": 73,
      "model": "제복소드",
      "teller": "Saude",
      "title": "LCCB",
      "content": "Aw… You’re making this pretty awkward, you know that? Here I thought I could have a cool farewell."
    },
    {
      "id": 74,
      "model": "제복소드",
      "teller": "Saude",
      "title": "LCCB",
      "content": "Faust, please take these absolute dorks out of here."
    },
    {
      "id": 75,
      "model": "파우스트",
      "content": "I’ll make sure to give Vergilius your regards."
    },
    {
      "id": 76,
      "model": "제복소드",
      "teller": "Saude",
      "title": "LCCB",
      "content": "No need."
    },
    {
      "id": 77,
      "model": "제복소드",
      "teller": "Saude",
      "title": "LCCB",
      "content": "…Just tell him to come visit and say hello someday. You know what I mean?"
    },
    {
      "id": 78,
      "model": "파우스트",
      "content": "……"
    },
    {
      "id": 79,
      "model": "파우스트",
      "content": "Of course."
    },
    {
      "id": 80,
      "content": "We headed for the next area, leaving Saude to die."
    },
    {
      "id": 81,
      "content": "We all stayed silent for a long while."
    }
  ]
}