{
  "dataList": [
    {
      "id": 0,
      "place": "District 11 - LC Branch Interior",
      "model": "히스클리프",
      "content": "…You hear beasts crawling around somewhere?"
    },
    {
      "id": 1,
      "content": "There certainly is the sound of something moving along the floor."
    },
    {
      "id": 2,
      "model": "침식직원1",
      "teller": "???",
      "title": "???",
      "content": "Nnh… Ghhhgn…"
    },
    {
      "id": 3,
      "model": "그레고르",
      "content": "Are those Abnormalities?"
    },
    {
      "id": 4,
      "model": "이스마엘",
      "content": "Take a closer look—they aren’t Abnormalities. See that emblem…"
    },
    {
      "id": 5,
      "content": "Ishmael whispered softly to us."
    },
    {
      "id": 6,
      "content": "Upon closer inspection, I could spot the emblems she mentioned. They were the ones worn by the Inquisitors."
    },
    {
      "id": 7,
      "model": "파우스트",
      "content": "E.G.O Corrosion has wrested them."
    },
    {
      "id": 8,
      "model": "그레고르",
      "content": "You mean that nauseating state…?"
    },
    {
      "id": 9,
      "model": "이스마엘",
      "content": "I think it happened to me in battle once when I was on the verge of a breakdown… It was like I was being devoured."
    },
    {
      "id": 10,
      "model": "파우스트",
      "content": "Although it’s not quite like consumption in the conventional sense… I do suppose that it is a serviceable analogy, seeing as it eats away at your essence."
    },
    {
      "id": 11,
      "model": "파우스트",
      "content": "…And in observation, unlike the last floor, this place does not seem to be exclusively for torturing prosthesis users."
    },
    {
      "id": 12,
      "model": "파우스트",
      "content": "It would be fair to say that its purpose is to induce Corrosion unto oneself."
    },
    {
      "id": 13,
      "model": "침식직원1",
      "teller": "Corroded Inquisitor",
      "title": "Nagel und Hammer",
      "content": "Urg… Ghh… Arrh…"
    },
    {
      "id": 14,
      "content": "Staring at those beings stumbling about…"
    },
    {
      "id": 15,
      "content": "It evoked complex feelings that made me sigh."
    },
    {
      "id": 16,
      "content": "Is my artificial head really worth raging over, so much so that they would transform themselves into something far more hideous than having a clock for a head?"
    },
    {
      "id": 17,
      "content": "Choosing to lose themselves, being possessed…"
    },
    {
      "id": 18,
      "content": "What about when they claim the Golden Bough after going to these lengths…?"
    },
    {
      "id": 19,
      "content": "Will it even be used for their benefit?"
    },
    {
      "id": 20,
      "content": "Then, it occurred to me."
    },
    {
      "id": 21,
      "content": "Am I really so different from those unsightly zealots…"
    },
    {
      "id": 22,
      "content": "…when I’m searching for the Golden Boughs without even knowing what they’ll be used for?"
    }
  ]
}