{
  "dataList": [
    {
      "id": 0,
      "model": "싱클레어",
      "content": "It was Christmas Eve, and the whole town was filled with jingles and joy."
    },
    {
      "id": 1,
      "model": "싱클레어",
      "content": "Under the blessing of the holy night, I was planning to confess my sin to my family."
    },
    {
      "id": 2,
      "model": "싱클레어",
      "content": "I wanted to tell them that I made the foolish mistake of stealing the basement key and that I’d go back to being a good son."
    },
    {
      "id": 3,
      "model": "싱클레어",
      "content": "That the short time I spent away from the right path was agonizing. That I learned how peaceful and fulfilling the world I’d been living in truly was."
    },
    {
      "id": 4,
      "model": "싱클레어",
      "content": "My family might be surprised at first, but I was sure they’d welcome me back into their paradise."
    },
    {
      "id": 5,
      "model": "싱클레어",
      "content": "That was how it should’ve been."
    },
    {
      "id": 6,
      "model": "싱클레어",
      "content": "However…"
    },
    {
      "id": 7,
      "model": "싱클레어",
      "content": "Huh…?"
    },
    {
      "id": 8,
      "model": "싱클레어",
      "content": "I was supposed to hear a robot dog greet me when I stood at the gate, but my home was covered in silence and darkness."
    },
    {
      "id": 9,
      "model": "싱클레어",
      "content": "When I walked inside, I was confronted with a fallen paradise."
    },
    {
      "id": 10,
      "teller": "Sister",
      "title": "My Dear Family",
      "content": "Sinclair… Run…"
    },
    {
      "id": 11,
      "teller": "Father",
      "title": "My Dear Family",
      "content": "Si… Sincl… S-S-Sisisi―"
    },
    {
      "id": 12,
      "model": "싱클레어",
      "content": "Someone smashes my father’s head."
    },
    {
      "id": 13,
      "model": "싱클레어",
      "content": "It’s a disturbing individual wearing rusty silver armor."
    },
    {
      "id": 14,
      "teller": "???",
      "title": "Reminisced Person",
      "content": "How unsightly of these non-humans to still admire humanity and display false emotion."
    },
    {
      "id": 15,
      "model": "학생크로머",
      "teller": "Kromer",
      "title": "Student?",
      "content": "Let those impure things be, Guido. It’s their survival instincts kicking in."
    },
    {
      "id": 16,
      "model": "학생크로머",
      "teller": "Kromer",
      "title": "Student?",
      "content": "Or should I say… they’re scared of shutting down? Haha!"
    },
    {
      "id": 17,
      "model": "싱클레어",
      "content": "Pieces of metal, flesh, and blood fly into the air before hitting the floor."
    },
    {
      "id": 18,
      "model": "학생크로머",
      "teller": "Kromer",
      "title": "Student?",
      "content": "Sinclair! You’re here!!!"
    },
    {
      "id": 19,
      "model": "싱클레어",
      "content": "Ah… Ahh…"
    },
    {
      "id": 20,
      "model": "싱클레어",
      "content": "Kromer approaches, carrying a hammer stained with blood and flesh."
    },
    {
      "id": 21,
      "model": "학생크로머",
      "teller": "Kromer",
      "title": "Student?",
      "content": "Oh, this thing?"
    },
    {
      "id": 22,
      "model": "학생크로머",
      "teller": "Kromer",
      "title": "Student?",
      "content": "Ever since I was little, I couldn’t stand being involved with filthy affronts to humanity like these."
    },
    {
      "id": 23,
      "model": "학생크로머",
      "teller": "Kromer",
      "title": "Student?",
      "content": "Because I’m a humanitarian who loves all things human!"
    },
    {
      "id": 24,
      "model": "학생크로머",
      "teller": "Kromer",
      "title": "Student?",
      "content": "Now imagine how it feels to face the son of a pack of those affronts to humanity…"
    },
    {
      "id": 25,
      "model": "학생크로머",
      "teller": "Kromer",
      "title": "Student?",
      "content": "Just what should I do with you, Sinclair? Hmm?"
    },
    {
      "id": 26,
      "model": "싱클레어",
      "content": "My legs have long given up."
    },
    {
      "id": 27,
      "model": "싱클레어",
      "content": "My mouth couldn’t move. It was as if my whole body refused to cooperate."
    },
    {
      "id": 28,
      "model": "싱클레어",
      "content": "I saw Kromer standing right before me. I couldn’t dare look up. Terror kicked in with the realization that she was so close to me, and my eyes shut themselves tight."
    },
    {
      "id": 29,
      "model": "싱클레어",
      "content": "The thought that the same hammer that crushed my father, mother, and sister would now come for me was unbearable."
    },
    {
      "id": 30,
      "model": "싱클레어",
      "content": "……"
    },
    {
      "id": 31,
      "model": "싱클레어",
      "content": "But nothing happened."
    },
    {
      "id": 32,
      "model": "싱클레어",
      "content": "Confused, I carefully opened my eyes and lifted my head."
    },
    {
      "id": 33,
      "model": "싱클레어",
      "content": "Kromer was watching me."
    },
    {
      "id": 34,
      "model": "싱클레어",
      "content": "Making a perfect smile just like the one she’d made when she first came to my desk and told me her name."
    },
    {
      "id": 35,
      "model": "학생크로머",
      "teller": "Kromer",
      "title": "Student?",
      "content": "Well, you are my hero, Sinclair."
    },
    {
      "id": 36,
      "model": "싱클레어",
      "content": "She then reaches into the pocket on my school shirt and takes out a coin."
    },
    {
      "id": 37,
      "model": "싱클레어",
      "content": "It’s one of the two she handed me the other day."
    },
    {
      "id": 38,
      "model": "학생크로머",
      "teller": "Kromer",
      "title": "Student?",
      "content": "From now on… You’ll doubt everything, be anxious of everything… and live in ever-constant terror as your memories of me haunt you."
    },
    {
      "id": 39,
      "model": "싱클레어",
      "content": "Nhh… Ungh…"
    },
    {
      "id": 40,
      "model": "학생크로머",
      "teller": "Kromer",
      "title": "Student?",
      "content": "And, when the time comes… I will call for you."
    },
    {
      "id": 41,
      "model": "학생크로머",
      "teller": "Kromer",
      "title": "Student?",
      "content": "Hey! Someone take this kid to safety! Lay a finger on him and I’ll make you regret it."
    },
    {
      "id": 42,
      "model": "싱클레어",
      "content": "Amidst the piercing noise, storms of heavy footsteps, and disorientation…"
    },
    {
      "id": 43,
      "model": "싱클레어",
      "content": "I lost consciousness."
    }
  ]
}