{
  "dataList": [
    {
      "id": 0,
      "place": "Unending Hill of Corpses",
      "model": "싱클레어",
      "content": "D… Demian…"
    },
    {
      "id": 1,
      "model": "데미안",
      "teller": "Demian",
      "title": "???",
      "content": "You’ve changed your own fate, Sinclair."
    },
    {
      "id": 2,
      "model": "데미안",
      "teller": "Demian",
      "title": "???",
      "content": "Right now, you’re neither a coward nor a hero. But you’ve still yet to let go of your fears completely."
    },
    {
      "id": 3,
      "model": "데미안",
      "teller": "Demian",
      "title": "???",
      "content": "I’ve said it before, haven’t I? “When you fear someone…”"
    },
    {
      "id": 4,
      "model": "싱클레어",
      "content": "“That’s because… you gave them the power to have control over you…”"
    },
    {
      "id": 5,
      "model": "데미안",
      "teller": "Demian",
      "title": "???",
      "content": "That’s right. And I… don’t want anyone else to domineer over you."
    },
    {
      "id": 6,
      "model": "데미안",
      "teller": "Demian",
      "title": "???",
      "content": "Which is why I got rid of that Kromer."
    },
    {
      "id": 7,
      "content": "The man referred to as Demian then started to walk. He took airy steps as though he were embarking on a light trip."
    },
    {
      "id": 8,
      "model": "데미안",
      "teller": "Demian",
      "title": "???",
      "content": "The world is about to head for a new birth. And, only a few individuals can get there."
    },
    {
      "id": 9,
      "model": "데미안",
      "teller": "Demian",
      "title": "???",
      "content": "Sinclair, you’re one of them."
    },
    {
      "id": 10,
      "content": "Sinclair fainted before he could answer…"
    },
    {
      "id": 11,
      "content": "Demian slowly made his way over to me."
    },
    {
      "id": 12,
      "model": "데미안",
      "teller": "Demian",
      "title": "???",
      "content": "Kromer… attempted to become a god, like those which people of the past were said to believe in. Sinclair almost became her stepping stone."
    },
    {
      "id": 13,
      "model": "데미안",
      "teller": "Demian",
      "title": "???",
      "content": "In the end, though, one has to break an egg on their own."
    },
    {
      "id": 14,
      "model": "데미안",
      "teller": "Demian",
      "title": "???",
      "content": "Kromer put in quite a bit of effort, doing this and that to create a throwback to the time when Sinclair lost his first coin."
    },
    {
      "id": 15,
      "model": "데미안",
      "teller": "Demian",
      "title": "???",
      "content": "Irregardless of the fact that Christmas is still a while away…"
    },
    {
      "id": 16,
      "model": "데미안",
      "teller": "Demian",
      "title": "???",
      "content": "It’s ironic that they resorted to creating false imagery, something they loathed so deeply. Don’t you think so?"
    },
    {
      "id": 17,
      "model": "단테",
      "content": "<What are you talking about? Who are you?>"
    },
    {
      "id": 18,
      "model": "데미안",
      "teller": "Demian",
      "title": "???",
      "content": "A pleasure to meet you, Dante."
    },
    {
      "id": 19,
      "model": "데미안",
      "teller": "Demian",
      "title": "???",
      "content": "So, you’re the adult who will condition Sinclair at the moment."
    },
    {
      "id": 20,
      "model": "데미안",
      "teller": "Demian",
      "title": "???",
      "content": "As for who I am…"
    },
    {
      "id": 21,
      "model": "데미안",
      "teller": "Demian",
      "title": "???",
      "content": "And for what I was talking about; you’ll see in due time."
    },
    {
      "id": 22,
      "model": "단테",
      "content": "<…?!>"
    },
    {
      "id": 23,
      "model": "데미안",
      "teller": "Demian",
      "title": "???",
      "content": "When Sinclair takes flight with unshakable faith in the power of the heart…"
    },
    {
      "id": 24,
      "model": "데미안",
      "teller": "Demian",
      "title": "???",
      "content": "Right. When he becomes one with beautiful stars…"
    },
    {
      "id": 25,
      "model": "데미안",
      "teller": "Demian",
      "title": "???",
      "content": "…That is when I’ll return."
    },
    {
      "id": 26,
      "model": "데미안",
      "teller": "Demian",
      "title": "???",
      "content": "Take good care of Sinclair until then, Dante."
    },
    {
      "id": 27,
      "model": "단테",
      "content": "<You… You can hear me?>"
    },
    {
      "id": 28,
      "model": "데미안",
      "teller": "Demian",
      "title": "???",
      "content": "I can hear all sorts of chirps and trills, Dante. It’s only natural that I hear your voice."
    },
    {
      "id": 29,
      "model": "데미안",
      "teller": "Demian",
      "title": "???",
      "content": "As always…"
    },
    {
      "id": 30,
      "model": "데미안",
      "teller": "Demian",
      "title": "???",
      "content": "What matters most is something you can’t see or hear."
    },
    {
      "id": 31,
      "content": "The boy with a blue scarf vanished without notice…"
    },
    {
      "id": 32,
      "content": "After that, the mounds began to melt away."
    },
    {
      "id": 33,
      "content": "They dissolve into mixtures of flesh and mud."
    },
    {
      "id": 34,
      "content": "With them gone, a single Golden Bough appeared before me, spreading its warm light."
    },
    {
      "id": 35,
      "content": "Sinclair’s world was gradually melting with the hills."
    },
    {
      "id": 36,
      "content": "I excruciatingly drag what’s left of my upper body across the floor to reach Sinclair."
    },
    {
      "id": 37,
      "model": "싱클레어",
      "content": "……"
    },
    {
      "id": 38,
      "content": "He was still breathing."
    },
    {
      "id": 39,
      "content": "And so was I; I figured I should still be able to turn the clock."
    },
    {
      "id": 40,
      "content": "Thus, that means I’m still their manager, and I should act like one."
    },
    {
      "id": 41,
      "content": "Plus, as I learned in my dying moments…"
    },
    {
      "id": 42,
      "content": "I have to strive to become a more sensible manager."
    },
    {
      "id": 43,
      "content": "With all that, I need to tell him…"
    },
    {
      "id": 44,
      "model": "단테",
      "content": "<It might have been your fault, Sinclair.>"
    },
    {
      "id": 45,
      "model": "단테",
      "content": "<But that’s okay, really… It’s one small mistake—one anyone could make.>"
    },
    {
      "id": 46,
      "model": "단테",
      "content": "<Don’t beat yourself up so much about it.>"
    },
    {
      "id": 47,
      "content": "I pat him on the back with my half-melted right arm."
    },
    {
      "id": 48,
      "content": "Sinclair doesn’t reply."
    },
    {
      "id": 49,
      "content": "To be truthful, trying to identify someone to blame all this on would be a never-ending endeavor."
    },
    {
      "id": 50,
      "content": "From each of us going and carrying our sins onto the bus."
    },
    {
      "id": 51,
      "content": "To my loss of head and memory, accompanied by an involuntary appointment as the executive manager."
    },
    {
      "id": 52,
      "content": "…At the root of all this, I might find no one but myself to blame."
    },
    {
      "id": 53,
      "content": "Staying bound by that fact, though, will only keep us from taking our next steps."
    },
    {
      "id": 54,
      "teller": "???",
      "title": "???",
      "content": "…We found ‘em!"
    },
    {
      "id": 55,
      "content": "I can hear multiple footsteps approaching our horribly incapacitated team."
    },
    {
      "id": 56,
      "content": "…Vergilius must’ve figured we’d get into a mess and called the After Team to scoop us off the ground."
    },
    {
      "id": 57,
      "teller": "???",
      "title": "LCCA",
      "content": "This looks like the individual we seek. Do I inject it now?"
    },
    {
      "id": 58,
      "teller": "???",
      "title": "LCCA",
      "content": "The others can be revived as long as this one lives. Focus all resources on restoring their body."
    },
    {
      "id": 59,
      "model": "단테",
      "content": "<Hrk…?!>"
    },
    {
      "id": 60,
      "content": "I felt a jab in my shoulder, and then a strange sensation enveloped the parts of my body that had melted off."
    },
    {
      "id": 61,
      "teller": "???",
      "title": "LCCA",
      "content": "We were provided three HP ampules. Do I use all three on them?"
    },
    {
      "id": 62,
      "teller": "???",
      "title": "LCCA",
      "content": "Keep an eye on the regeneration progress and use them at your discretion."
    },
    {
      "id": 63,
      "teller": "???",
      "title": "LCCA",
      "content": "Lucky straphangers… They’re rolling in luxury thanks to having a Color on their team—one with a friend in K Corp at that, too…"
    },
    {
      "id": 64,
      "teller": "???",
      "title": "LCCA",
      "content": "…ction …firmed. Addi…"
    },
    {
      "id": 65,
      "content": "The voices around me start to fade."
    },
    {
      "id": 66,
      "content": "Sinclair’s bawling lamentation dimly rings through the emptiness."
    },
    {
      "id": 67,
      "content": "Our third mission marked its sober end in dismal defeat."
    },
    {
      "id": 68
    },
    {
      "id": 69,
      "place": "Aboard Mephistopheles",
      "content": "Even though we recovered the Golden Bough, we lost."
    },
    {
      "id": 70,
      "content": "On the other hand, the bus was more vibrant than usual, possibly out of everyone’s attempts to disregard the depressing outcome."
    },
    {
      "id": 71,
      "model": "베르길리우스",
      "content": "I bought enough chicken kebabs for all of you to have one, so if anyone didn’t get theirs, go and put your detective caps on by yourselves."
    },
    {
      "id": 72,
      "model": "홍루",
      "content": "Such curious cuisine. What is the intention of skewering chicken meat with a stick?"
    },
    {
      "id": 73,
      "model": "이상",
      "content": "I may be familiar with this kind of dish… a kkochi of the dak variety."
    },
    {
      "id": 74,
      "model": "카론",
      "content": "A sweet smell. The kind Mephi likes."
    },
    {
      "id": 75,
      "content": "Stimulated, Charon revved the engine."
    },
    {
      "id": 76,
      "content": "Charon was humming another familiar tune. I could recognize the song this time."
    },
    {
      "id": 77,
      "model": "그레고르",
      "content": "Charon, isn’t Christmas still a long ways off?"
    },
    {
      "id": 78,
      "model": "카론",
      "content": "Don’t put a damper on Charon’s fun, Bug Guy."
    },
    {
      "id": 79,
      "model": "카론",
      "content": "If Charon feels like it’s Christmas, then that’s that."
    },
    {
      "id": 80,
      "model": "그레고르",
      "content": "Bu— C’mon, I called you by your name for once!"
    },
    {
      "id": 81,
      "model": "로쟈",
      "content": "Well, why don’tcha settle the score by giving her a “bus girlie” then~ Y’know, tit-for-tat and all that?"
    },
    {
      "id": 82,
      "model": "그레고르",
      "content": "Grrr…"
    },
    {
      "id": 83,
      "model": "베르길리우스",
      "content": "……"
    },
    {
      "id": 84,
      "content": "Vergilius was watching the scene unfold, leaving his food to cool and hardly taking a bite even though he was the one who bought it all."
    },
    {
      "id": 85,
      "content": "Perhaps he’s gone quiet because of Charon’s song."
    },
    {
      "id": 86,
      "content": "It does come to mind that he said she was going through a tunnel."
    },
    {
      "id": 87,
      "content": "And then…"
    },
    {
      "id": 88,
      "content": "I turned my gaze to Sinclair, who was awkwardly laughing amongst the other Sinners."
    },
    {
      "id": 89,
      "model": "단테",
      "content": "<If we’re going through a long tunnel…>"
    },
    {
      "id": 90,
      "model": "단테",
      "content": "<Then what we do is wait for the morning to arrive, right?>"
    },
    {
      "id": 91,
      "model": "베르길리우스",
      "content": "……"
    },
    {
      "id": 92,
      "model": "로쟈",
      "content": "Ahahaha! What was that about, Dante? Drop the goofy poetry and have a kebab! C’mon! Say aah~"
    },
    {
      "id": 93,
      "model": "뫼르소",
      "content": "Our manager has no mouth."
    },
    {
      "id": 94,
      "model": "오티스",
      "content": "The executive manager has no need for a mouth as they’re perfectly capable of commanding us without a word. Do keep that in mind."
    },
    {
      "id": 95,
      "model": "이스마엘",
      "content": "Golly… Don’t you ever get tired of licking their boot so clean, Outis?"
    },
    {
      "id": 96,
      "model": "히스클리프",
      "content": "Oi! …Got more of this scran? It’s peak."
    },
    {
      "id": 97,
      "model": "료슈",
      "content": "Heyo, BG. Gimme a light."
    },
    {
      "id": 98,
      "model": "그레고르",
      "content": "…Thought I wouldn’t know what that’s short for?"
    },
    {
      "id": 99,
      "content": "I thought about giving a speech to the Sinners about how this fruitful yet unsuccessful mission changed my mindset…"
    },
    {
      "id": 100,
      "content": "But I soon shelved the idea."
    },
    {
      "id": 101,
      "content": "I told Sinclair to not let a failure of the moment bind him, after all."
    },
    {
      "id": 102,
      "content": "Instead, I’ve resolved to make up for this less than ideal outcome on our next mission."
    },
    {
      "id": 103,
      "model": "돈키호테",
      "content": "May I… have thine attention, Red— I mean, Sir Vergilius."
    },
    {
      "id": 104,
      "model": "베르길리우스",
      "content": "What."
    },
    {
      "id": 105,
      "model": "돈키호테",
      "content": "I do believe I have acted with sufficient caution as you so hath warned…"
    },
    {
      "id": 106,
      "model": "돈키호테",
      "content": "Thusly… if I may, would you allow me to lay claim upon a skewer?"
    },
    {
      "id": 107,
      "model": "베르길리우스",
      "content": "…Go right ahead."
    },
    {
      "id": 108,
      "content": "As Don Quixote’s excited jubilation adds a layer of vigor to the already lively bus…"
    },
    {
      "id": 109,
      "content": "The message I couldn’t speak—but one I’m sure has been conveyed in one way or another—spreads between us."
    },
    {
      "id": 110,
      "content": "…And so the morning came."
    },
    {
      "id": 111
    }
  ]
}