{
  "dataList": [
    {
      "id": 0,
      "model": "학생데미안",
      "teller": "Demian",
      "title": "Mysterious Transfer Student",
      "content": "So you ended up giving Kromer the key."
    },
    {
      "id": 1,
      "model": "싱클레어",
      "content": "How do you know that?"
    },
    {
      "id": 2,
      "model": "싱클레어",
      "content": "Demian had this ability to get a grip on things I’d never mentioned to him."
    },
    {
      "id": 3,
      "model": "싱클레어",
      "content": "When I asked him about it, he just said it's “something you learn by carefully observing others”, and didn’t elaborate further."
    },
    {
      "id": 4,
      "model": "학생데미안",
      "teller": "Demian",
      "title": "Mysterious Transfer Student",
      "content": "Sinclair, a series of much more painful events may await you in the future."
    },
    {
      "id": 5,
      "model": "학생데미안",
      "teller": "Demian",
      "title": "Mysterious Transfer Student",
      "content": "But you mustn’t give up."
    },
    {
      "id": 6,
      "model": "학생데미안",
      "teller": "Demian",
      "title": "Mysterious Transfer Student",
      "content": "That pain will foster your growth into a beautiful being."
    },
    {
      "id": 7,
      "model": "싱클레어",
      "content": "No matter how complicated and perplexing those statements seemed, Demian’s mystic charm made them all sound convincing."
    },
    {
      "id": 8,
      "model": "싱클레어",
      "content": "Listening to his speech gave me the hope that I could really grow. I was hopeful that I could become a worthy being."
    },
    {
      "id": 9,
      "model": "싱클레어",
      "content": "Yeah… But I don’t really get it though, Demian."
    },
    {
      "id": 10,
      "model": "학생데미안",
      "teller": "Demian",
      "title": "Mysterious Transfer Student",
      "content": "It’s up to you to find out. Make sure to tell me your answer when you do."
    },
    {
      "id": 11,
      "model": "싱클레어",
      "content": "His voice was soft, and his eyes imparted pleasantness, but I still felt compelled to do as he said."
    },
    {
      "id": 12,
      "model": "싱클레어",
      "content": "His eyes must have held some kind of power."
    },
    {
      "id": 13,
      "model": "싱클레어",
      "content": "Disarming those who make eye contact with him, sapping them of mental strength."
    },
    {
      "id": 15,
      "model": "싱클레어",
      "content": "But…"
    },
    {
      "id": 16,
      "model": "싱클레어",
      "content": "If that’s the case, why didn’t he warn me?"
    },
    {
      "id": 17,
      "model": "싱클레어",
      "content": "It’s something I still ask myself to this day."
    }
  ]
}