{
  "dataList": [
    {
      "id": 0,
      "place": "Unending Hill of Corpses",
      "content": "The fleshy hill exuded potent acid, melting Sinclair’s legs. All the other Sinners were being dissolved by the caustic secretion too."
    },
    {
      "id": 1,
      "content": "He trips and hits the ground. No, perhaps I should say he was thrown off his feet."
    },
    {
      "id": 2,
      "content": "In spite of that, he still crawls towards Kromer."
    },
    {
      "id": 3,
      "model": "변신크로머",
      "teller": "Kromer",
      "title": "Nagel und Hammer",
      "content": "Yes! That’s it! It hurts, doesn’t it? You’re filled with rage, aren’t you? Accept it all! Welcome it with open arms!"
    },
    {
      "id": 4,
      "model": "변신크로머",
      "teller": "Kromer",
      "title": "Nagel und Hammer",
      "content": "And watch me! Watch my glorious body, closer to the purest form of humanity than ever before! This flesh here! The sheer, unmatched strength of purity!"
    },
    {
      "id": 5,
      "model": "변신크로머",
      "teller": "Kromer",
      "title": "Nagel und Hammer",
      "content": "Ahh, Sinclair… Look at how human you are! You can become like me too!"
    },
    {
      "id": 6,
      "model": "싱클레어",
      "content": "I’ll… You’re…"
    },
    {
      "id": 7,
      "model": "변신크로머",
      "teller": "Kromer",
      "title": "Nagel und Hammer",
      "content": "Sinclair, you were scared all along, weren’t you? You lost your family, and you had to ride a bus with these strangers, forced to do things you didn’t want."
    },
    {
      "id": 8,
      "model": "변신크로머",
      "teller": "Kromer",
      "title": "Nagel und Hammer",
      "content": "You knew in your heart that you didn’t belong there, right?"
    },
    {
      "id": 9,
      "model": "변신크로머",
      "teller": "Kromer",
      "title": "Nagel und Hammer",
      "content": "Didn’t you want to run? Didn’t you want to quit it all? Am I wrong?"
    },
    {
      "id": 10,
      "model": "싱클레어",
      "content": "I swear, I…"
    },
    {
      "id": 11,
      "model": "변신크로머",
      "teller": "Kromer",
      "title": "Nagel und Hammer",
      "content": "Join me, Sinclair! Don’t avoid this, embrace it! Complete my grudge!"
    },
    {
      "id": 12,
      "content": "The arm Sinclair was using to hold his weapon was growing limp by the second."
    },
    {
      "id": 13,
      "content": "He nevertheless continues in Kromer’s direction."
    },
    {
      "id": 14,
      "model": "변신크로머",
      "teller": "Kromer",
      "title": "Nagel und Hammer",
      "content": "You must accept the pain! Only when we have transcended suffering itself can we be reborn!"
    },
    {
      "id": 15,
      "model": "변신크로머",
      "teller": "Kromer",
      "title": "Nagel und Hammer",
      "content": "Bloat the flesh, spill the blood! Adding on the most human things each second!"
    },
    {
      "id": 16,
      "model": "변신크로머",
      "teller": "Kromer",
      "title": "Nagel und Hammer",
      "content": "To the purest world where the impurities plaguing the city of all folks have been filtered out!"
    },
    {
      "id": 17,
      "model": "싱클레어",
      "content": "Mama… Papa… Sis…"
    },
    {
      "id": 18,
      "content": "Sinclair vacantly mutters, looking at the faces of his now dead fellow Sinners."
    },
    {
      "id": 19,
      "content": "I couldn’t leave him like this."
    },
    {
      "id": 20,
      "model": "단테",
      "content": "<Sinclair! Listen to me!>"
    },
    {
      "id": 21,
      "content": "I’m embarrassed that it took me so long to take action, but it was better late than never."
    },
    {
      "id": 22,
      "content": "Act like the manager I am."
    },
    {
      "id": 23,
      "model": "단테",
      "content": "<I know you think a lot! I know there’s a lot going on in your head that you can’t share with others!>"
    },
    {
      "id": 24,
      "content": "That’s how he was."
    },
    {
      "id": 25,
      "content": "Worried that he might be a burden, he constantly put his mind through doubts and ruminations, most of which he never let on about."
    },
    {
      "id": 26,
      "content": "He’s chewed up many a thought in the form of guilt."
    },
    {
      "id": 27,
      "model": "싱클레어",
      "content": "My family died because of me…"
    },
    {
      "id": 28,
      "model": "싱클레어",
      "content": "I said stuff I really shouldn’t have…"
    },
    {
      "id": 29,
      "model": "변신크로머",
      "teller": "Kromer",
      "title": "Nagel und Hammer",
      "content": "Exactly! It’s all your fault—so embrace it! That’s the way to become wholly reborn!"
    },
    {
      "id": 30,
      "model": "변신크로머",
      "teller": "Kromer",
      "title": "Nagel und Hammer",
      "content": "Follow me… and rest in my grip!"
    },
    {
      "id": 31,
      "model": "단테",
      "content": "<Don’t listen to her!>"
    },
    {
      "id": 32,
      "model": "단테",
      "content": "<You have to see! Look at her! Observe her carefully!>"
    },
    {
      "id": 33,
      "content": "Alas, my voice didn’t seem to reach him."
    },
    {
      "id": 34,
      "model": "싱클레어",
      "content": "Ah…"
    },
    {
      "id": 35,
      "content": "Sinclair’s weapon leaves his hand and lands on the ground."
    },
    {
      "id": 36,
      "content": "His advance for Kromer has stopped."
    },
    {
      "id": 37,
      "content": "Yep, looks like this is the end for us."
    },
    {
      "id": 38,
      "content": "I can feel my body melting into the mound."
    },
    {
      "id": 39,
      "content": "I knew I’d die trying to play the proper manager sooner or later."
    },
    {
      "id": 40,
      "content": "But…"
    },
    {
      "id": 41,
      "model": "단테",
      "content": "<Sinclair…>"
    },
    {
      "id": 42,
      "content": "I have to tell him more."
    },
    {
      "id": 43,
      "content": "I have to tell him that Kromer’s spewing a heap of lies, threats, hypocrisy, and exaggeration."
    },
    {
      "id": 44,
      "content": "Every nerve in my body is screaming that I shouldn’t give up on him."
    },
    {
      "id": 45,
      "content": "I can feel the burning pain of my melting body…"
    },
    {
      "id": 46,
      "model": "단테",
      "content": "<Look, look closely! Sinclair!>"
    },
    {
      "id": 47,
      "model": "단테",
      "content": "<Not with your eyes, but with your heart!>"
    },
    {
      "id": 48,
      "content": "I screech at Sinclair."
    },
    {
      "id": 49,
      "model": "단테",
      "content": "<Only then… will you see what matters most.>"
    },
    {
      "id": 50,
      "teller": "???",
      "title": "???",
      "content": "Only then… will you see what matters most."
    },
    {
      "id": 51,
      "content": "In that moment…"
    },
    {
      "id": 52,
      "content": "Someone quietly appeared."
    },
    {
      "id": 53,
      "model": "데미안",
      "teller": "???",
      "title": "???",
      "content": "And when you can see the things that matter most…"
    },
    {
      "id": 54,
      "model": "데미안",
      "teller": "???",
      "title": "???",
      "content": "You won’t have to stifle yourself with shallow threats or cheap tricks."
    },
    {
      "id": 55,
      "model": "데미안",
      "teller": "???",
      "title": "???",
      "content": "…Isn’t that right, Sinclair?"
    },
    {
      "id": 56,
      "content": "//효과연출1"
    },
    {
      "id": 57,
      "content": "He moved with grace and airiness, as though he floated in the air."
    },
    {
      "id": 58,
      "content": "He seemed lighter than anyone else, unbound by anything."
    },
    {
      "id": 59,
      "content": "Contrary to his impression of freedom from all worldly longings, an oppressive air seemed to accompany every step he took."
    },
    {
      "id": 60,
      "content": "And, with just a wave of his right arm…"
    },
    {
      "id": 61,
      "content": "//효과연출2"
    },
    {
      "id": 62,
      "content": "Kromer’s upper body vanished in a clean cut."
    }
  ]
}