{
  "dataList": [
    {
      "id": 0,
      "place": "Unending Hill of Corpses",
      "model": "크로머",
      "teller": "Kromer",
      "title": "Nagel und Hammer",
      "content": "Well? Sinclair? Were you able to find an answer in your heart’s path?"
    },
    {
      "id": 1,
      "model": "싱클레어",
      "content": "…Kromer."
    },
    {
      "id": 2,
      "model": "크로머",
      "teller": "Kromer",
      "title": "Nagel und Hammer",
      "content": "Ahaha, don’t give me that look."
    },
    {
      "id": 3,
      "model": "크로머",
      "teller": "Kromer",
      "title": "Nagel und Hammer",
      "content": "It’s not even time yet…"
    },
    {
      "id": 4,
      "model": "크로머",
      "teller": "Kromer",
      "title": "Nagel und Hammer",
      "content": "You’re making me want to kill you."
    },
    {
      "model": "크로머",
      "teller": "Kromer",
      "title": "Nagel und Hammer",
      "content": "Ahu… No, no. I should abstain… I can’t let immediate entertainment distract me from the more important things."
    },
    {
      "id": 5,
      "model": "파우스트",
      "content": "Sinclair, the only way to retrieve a Golden Bough that’s begun to resonate is…"
    },
    {
      "id": 6,
      "model": "싱클레어",
      "content": "I know."
    },
    {
      "id": 7,
      "model": "싱클레어",
      "content": "Even if it weren’t for our mission…"
    },
    {
      "id": 8,
      "model": "싱클레어",
      "content": "I’d still tear that bitch to pieces… and drink up her remains."
    },
    {
      "id": 9,
      "model": "크로머",
      "teller": "Kromer",
      "title": "Nagel und Hammer",
      "content": "Pfh… Ahahaha!!"
    },
    {
      "id": 10,
      "model": "크로머",
      "teller": "Kromer",
      "title": "Nagel und Hammer",
      "content": "Kuhuu… Oh, Sinclair…! When did you learn to act so tough? That’s not like you at all… What a riot… Pfft."
    },
    {
      "id": 11,
      "model": "크로머",
      "teller": "Kromer",
      "title": "Nagel und Hammer",
      "content": "Still… Well, I guess you’ve made some friends since then."
    },
    {
      "id": 12,
      "model": "크로머",
      "teller": "Kromer",
      "title": "Nagel und Hammer",
      "content": "You won’t run away this time, will you?"
    }
  ]
}