{
  "dataList": [
    {
      "id": 0,
      "place": "Classroom",
      "model": "싱클레어",
      "content": "One day, a new transfer student named Demian was placed in the class next to mine."
    },
    {
      "id": 1,
      "model": "싱클레어",
      "content": "He was surrounded by a crowd every time I saw him."
    },
    {
      "id": 2,
      "model": "싱클레어",
      "content": "But I got the sensation that he didn’t feel attached to anyone around him."
    },
    {
      "id": 3,
      "model": "싱클레어",
      "content": "To me, he seemed as if he were almost floating in the air; he was aloof like that."
    },
    {
      "id": 4,
      "model": "싱클레어",
      "content": "Likewise, he didn’t seem too interested in me, either."
    },
    {
      "id": 5,
      "model": "싱클레어",
      "content": "That’s how it was at first, at least."
    },
    {
      "id": 6,
      "model": "싱클레어",
      "content": "It happened during a boring engineering class."
    },
    {
      "id": 7,
      "model": "싱클레어",
      "content": "My eyes kept drifting away from the board, and before I knew it, they were looking out the window instead."
    },
    {
      "id": 8,
      "model": "싱클레어",
      "content": "Through that window, I saw him taking a walk."
    },
    {
      "id": 9,
      "model": "싱클레어",
      "content": "Like usual, he was surrounded by his fellow students, wearing a faint smile."
    },
    {
      "id": 10,
      "model": "싱클레어",
      "content": "Even his expression felt different from the kind someone his age should make; that smile carried a mature yet solitary aura."
    },
    {
      "id": 11,
      "model": "싱클레어",
      "content": "Basking in the sunlight, he stroked his hair."
    },
    {
      "id": 12,
      "model": "싱클레어",
      "content": "Huh?"
    },
    {
      "id": 13,
      "model": "싱클레어",
      "content": "I thought I caught a glimpse of some weird red thing on his forehead."
    },
    {
      "id": 14,
      "model": "싱클레어",
      "content": "Was I mistaken? Maybe it was the blinding sunlight reflecting off his skin."
    },
    {
      "id": 15,
      "model": "싱클레어",
      "content": "And then…"
    },
    {
      "id": 16,
      "model": "싱클레어",
      "content": "I had the feeling I made eye contact with him."
    },
    {
      "id": 17,
      "model": "학생데미안",
      "teller": "Demian",
      "title": "Mysterious Transfer Student",
      "content": "……"
    },
    {
      "id": 18,
      "model": "싱클레어",
      "content": "Some students were still chatting outside."
    },
    {
      "id": 19,
      "model": "싱클레어",
      "content": "As soon as I felt his gaze, I quickly averted my eyes and looked down at my desk."
    },
    {
      "id": 20,
      "model": "싱클레어",
      "content": "Ever since that strange incident, Demian started to talk to me in a friendly manner."
    },
    {
      "id": 21,
      "model": "싱클레어",
      "content": "Oddly enough, on the days when Demian approached me, Kromer didn’t come to greet me."
    },
    {
      "id": 22,
      "model": "싱클레어",
      "content": "Nevertheless, whenever she had a chance to, she’d come and make sure that I remembered our promise."
    },
    {
      "id": 23,
      "place": "Classroom",
      "model": "학생데미안",
      "teller": "Demian",
      "title": "Mysterious Transfer Student",
      "content": "I often have this dream, Sinclair."
    },
    {
      "id": 24,
      "model": "학생데미안",
      "teller": "Demian",
      "title": "Mysterious Transfer Student",
      "content": "In it, I climb an endlessly long ladder. Then everything down below comes into view. The Nest, the Backstreets, the Outskirts, all of it."
    },
    {
      "id": 25,
      "model": "학생데미안",
      "teller": "Demian",
      "title": "Mysterious Transfer Student",
      "content": "And when I look beneath my feet, all the lights are out in the City, as if the end of all things had come."
    },
    {
      "id": 26,
      "model": "학생데미안",
      "teller": "Demian",
      "title": "Mysterious Transfer Student",
      "content": "Fallen into silent death, empty of any motion."
    },
    {
      "id": 27,
      "model": "학생데미안",
      "teller": "Demian",
      "title": "Mysterious Transfer Student",
      "content": "Indeed, it’s the state of death itself."
    },
    {
      "id": 28,
      "model": "싱클레어",
      "content": "Demian, have you been to the Outskirts?"
    },
    {
      "id": 29,
      "model": "싱클레어",
      "content": "I whispered to him, frightened."
    },
    {
      "id": 30,
      "model": "싱클레어",
      "content": "He was talking about a forbidden place where no one could or should go."
    },
    {
      "id": 31,
      "model": "학생데미안",
      "teller": "Demian",
      "title": "Mysterious Transfer Student",
      "content": "Sinclair, the world as people want to define it can’t be divided into places of where you should and shouldn’t go."
    },
    {
      "id": 32,
      "model": "학생데미안",
      "teller": "Demian",
      "title": "Mysterious Transfer Student",
      "content": "Do you think love and freedom can be found within the confines of this Nest? Compared to here, life is much richer in the Outskirts."
    },
    {
      "id": 33,
      "model": "학생데미안",
      "teller": "Demian",
      "title": "Mysterious Transfer Student",
      "content": "There’s something I’ve been pondering for a long time, and I thought that maybe that’s where I could find the answer."
    },
    {
      "id": 34,
      "model": "싱클레어",
      "content": "Whenever I spoke with Demian, I could feel my soul mature a little."
    },
    {
      "id": 35,
      "model": "싱클레어",
      "content": "But I never mentioned my fears about the upcoming prosthetic procedure or my peculiar relationship with Kromer."
    },
    {
      "id": 36,
      "model": "싱클레어",
      "content": "Even though he wanted to know more about me, I was hesitant to share my secrets."
    },
    {
      "id": 37,
      "model": "싱클레어",
      "content": "I was too ashamed to bear my deeply hidden fears before him."
    },
    {
      "id": 38,
      "model": "싱클레어",
      "content": "And finally…"
    },
    {
      "id": 39,
      "model": "싱클레어",
      "content": "The promised day had come."
    },
    {
      "id": 40,
      "model": "학생크로머",
      "teller": "Kromer",
      "title": "Student",
      "content": "Yo, Sinclair, can you show me your basement?"
    },
    {
      "id": 41,
      "model": "싱클레어",
      "content": "Her words struck me out of nowhere, yet they were as light as a feather."
    },
    {
      "id": 42,
      "model": "싱클레어",
      "content": "She asked me that as though it were something as simple as picking up an eraser, and I almost caught myself agreeing to it."
    },
    {
      "id": 43,
      "model": "싱클레어",
      "content": "W-Why our basement, exactly?"
    },
    {
      "id": 44,
      "model": "학생크로머",
      "teller": "Kromer",
      "title": "Student",
      "content": "If the rumor I just so happened to hear is right, your house is connected to a scandalous place. There’s something I’ve got to check."
    },
    {
      "id": 45,
      "model": "싱클레어",
      "content": "But my parents…"
    },
    {
      "id": 46,
      "model": "싱클레어",
      "content": "“…won’t like it.”\nI couldn’t even bring myself to finish this humiliating sentence."
    },
    {
      "id": 47,
      "model": "학생크로머",
      "teller": "Kromer",
      "title": "Student",
      "content": "If you let me check it out, Sinclair…"
    },
    {
      "id": 48,
      "model": "학생크로머",
      "teller": "Kromer",
      "title": "Student",
      "content": "I swear I’ll keep that promise with you, cross my heart."
    },
    {
      "id": 49,
      "model": "학생크로머",
      "teller": "Kromer",
      "title": "Student",
      "content": "Just sneak me the basement key and I can navigate just fine…"
    },
    {
      "id": 50,
      "model": "싱클레어",
      "content": "Unable to detect the faint, familiar feeling hidden in her words, I slowly nodded…"
    },
    {
      "id": 51,
      "model": "싱클레어",
      "content": "Thus, the world of evil began there, right in the middle of our house."
    }
  ]
}