{
  "dataList": [
    {
      "id": 0,
      "model": "싱클레어",
      "content": "As a household rule, my family used to have breakfast at the same table every morning."
    },
    {
      "id": 1,
      "model": "싱클레어",
      "content": "It was a pleasant time when our whole family would share stories and encouraging words."
    },
    {
      "id": 2,
      "model": "싱클레어",
      "content": "I liked those mornings, that rule was ever so kind and gentle to my heart."
    },
    {
      "id": 3,
      "model": "싱클레어",
      "content": "A natural and unchanging world that belonged to me. My world."
    },
    {
      "id": 4,
      "model": "싱클레어",
      "content": "That world began to feel alienating one day…"
    },
    {
      "id": 5,
      "model": "싱클레어",
      "content": "The day when my sister sat at that table after her prosthetic transformation was complete."
    },
    {
      "id": 6,
      "model": "싱클레어",
      "content": "My world had begun to change when my father’s head was replaced with an unfamiliar contraption of steel, circuits, and wires."
    },
    {
      "id": 7,
      "model": "싱클레어",
      "content": "Our family breakfast no longer provided warmth and connection. It became an occasion of detachment where I talked less and less."
    },
    {
      "id": 8,
      "model": "싱클레어",
      "content": "Ah… I had started to feel an inherent abhorrence for prostheses."
    },
    {
      "id": 9,
      "model": "싱클레어",
      "content": "“That’s filthy…”"
    },
    {
      "id": 10,
      "model": "싱클레어",
      "content": "My heart couldn’t accept the idea of replacing one’s flesh and bones with something else, let alone the need for it."
    },
    {
      "id": 11,
      "model": "싱클레어",
      "content": "Why do we use prosthetic bodies?"
    },
    {
      "id": 12,
      "model": "싱클레어",
      "content": "I carefully asked for an explanation, and the reply was simple."
    },
    {
      "id": 13,
      "model": "싱클레어",
      "content": "The human body, in its unmodified state, is too “old-fashioned”."
    },
    {
      "id": 14,
      "model": "싱클레어",
      "content": "It needs to be sustained with food, revitalized with sleep lest it should fail from fatigue, and injuries take a long time to heal."
    },
    {
      "id": 15,
      "model": "싱클레어",
      "content": "All this makes the human body incredibly inefficient."
    },
    {
      "id": 16,
      "model": "싱클레어",
      "content": "He concluded that prostheses will grow more commonplace as time goes on, and ultimately become a regular part of our daily lives."
    },
    {
      "id": 17,
      "model": "싱클레어",
      "content": "I thought to myself:"
    },
    {
      "id": 18,
      "model": "싱클레어",
      "content": "“Why don’t I just fall behind the times then if that’s what the mainstream will be?”"
    },
    {
      "id": 19,
      "model": "싱클레어",
      "content": "…Though that wasn’t an argument rooted in logic."
    },
    {
      "id": 20,
      "place": "Classroom",
      "model": "학생크로머",
      "teller": "Kromer",
      "title": "Student",
      "content": "Yo, Sinclair… You don’t actually wanna take the replacement procedure, do you?"
    },
    {
      "id": 21,
      "model": "싱클레어",
      "content": "I nodded without a word."
    },
    {
      "id": 22,
      "model": "학생크로머",
      "teller": "Kromer",
      "title": "Student",
      "content": "But your parents sure wouldn’t like it if you confessed that."
    },
    {
      "id": 23,
      "model": "학생크로머",
      "teller": "Kromer",
      "title": "Student",
      "content": "Isn’t it frustrating that there’s nothing you can do about it?"
    },
    {
      "id": 24,
      "model": "싱클레어",
      "content": "I nod again."
    },
    {
      "id": 25,
      "model": "학생크로머",
      "teller": "Kromer",
      "title": "Student",
      "content": "What if I helped you out? You could live a free life with no worries about any of that junk."
    },
    {
      "id": 26,
      "model": "싱클레어",
      "content": "B-But, how?"
    },
    {
      "id": 27,
      "model": "학생크로머",
      "teller": "Kromer",
      "title": "Student",
      "content": "That, you’ll find out next time."
    },
    {
      "id": 28,
      "model": "학생크로머",
      "teller": "Kromer",
      "title": "Student",
      "content": "In exchange…"
    },
    {
      "id": 29,
      "model": "학생크로머",
      "teller": "Kromer",
      "title": "Student",
      "content": "In return for helping you with your problem, you’ll help me deal with a grudge of my own too."
    }
  ]
}