{
  "dataList": [
    {
      "id": 0,
      "place": "Unending Hill of Corpses",
      "content": "The Sinners were fatigued and damaged, some already dead."
    },
    {
      "id": 1,
      "content": "As opposed to us, Kromer still stands triumphantly. She reaches for the inside of Sinclair’s coat in what seems like a declaration of his fate."
    },
    {
      "id": 2,
      "model": "피묻은크로머",
      "teller": "Kromer",
      "title": "Nagel und Hammer",
      "content": "Now then, it’s time, Sinclair."
    },
    {
      "id": 3,
      "model": "피묻은크로머",
      "teller": "Kromer",
      "title": "Nagel und Hammer",
      "content": "I’ll be taking the second coin… your last chance."
    },
    {
      "id": 4,
      "model": "싱클레어",
      "content": "Why are you… doing this to me…"
    },
    {
      "id": 5,
      "model": "싱클레어",
      "content": "Why… me…"
    },
    {
      "id": 6,
      "model": "피묻은크로머",
      "teller": "Kromer",
      "title": "Nagel und Hammer",
      "content": "Sinclair, do you wanna know why I gave you back the basement key when you asked?"
    },
    {
      "id": 7,
      "model": "피묻은크로머",
      "teller": "Kromer",
      "title": "Nagel und Hammer",
      "content": "Listen close. It’s not because I’d made my discovery or baked a copy of it."
    },
    {
      "id": 8,
      "model": "피묻은크로머",
      "teller": "Kromer",
      "title": "Nagel und Hammer",
      "content": "It’s because you were my key."
    },
    {
      "id": 9,
      "model": "피묻은크로머",
      "teller": "Kromer",
      "title": "Nagel und Hammer",
      "content": "You see, I happen to know of a way to take a peek at the futures that might come true."
    },
    {
      "id": 10,
      "model": "피묻은크로머",
      "teller": "Kromer",
      "title": "Nagel und Hammer",
      "content": "I saw one among them where you and I travel from Nest to Nest, slaughtering heretics together all around the City."
    },
    {
      "id": 11,
      "model": "피묻은크로머",
      "teller": "Kromer",
      "title": "Nagel und Hammer",
      "content": "Even though you were raised by heretics bearing revolting metal bodies…"
    },
    {
      "id": 12,
      "model": "피묻은크로머",
      "teller": "Kromer",
      "title": "Nagel und Hammer",
      "content": "Part of you still felt disgusted by them. Funny, isn’t it?"
    },
    {
      "id": 13,
      "model": "피묻은크로머",
      "teller": "Kromer",
      "title": "Nagel und Hammer",
      "content": "You would stab them in the head with your halberd!"
    },
    {
      "id": 14,
      "model": "싱클레어",
      "content": "D-Don’t you lie to me…"
    },
    {
      "id": 15,
      "model": "피묻은크로머",
      "teller": "Kromer",
      "title": "Nagel und Hammer",
      "content": "While I smash their heads with a hammer!"
    },
    {
      "id": 16,
      "model": "싱클레어",
      "content": "Stop it…!"
    },
    {
      "id": 17,
      "model": "피묻은크로머",
      "teller": "Kromer",
      "title": "Nagel und Hammer",
      "content": "Ahaha… In that world, you looked like the freest person in the universe, transcending everything."
    },
    {
      "id": 18,
      "model": "싱클레어",
      "content": "No…"
    },
    {
      "id": 19,
      "model": "싱클레어",
      "content": "You’re lying!!!"
    },
    {
      "id": 20,
      "model": "피묻은크로머",
      "teller": "Kromer",
      "title": "Nagel und Hammer",
      "content": "Whether I’m lying or not…"
    },
    {
      "id": 21,
      "model": "피묻은크로머",
      "teller": "Kromer",
      "title": "Nagel und Hammer",
      "content": "Ufu."
    },
    {
      "id": 22,
      "content": "Kromer suddenly cracked a wry laugh and stopped moving."
    },
    {
      "id": 23,
      "model": "단테",
      "content": "<The Golden Bough…!>"
    },
    {
      "id": 24,
      "content": "The Golden Bough on the altar resonated with her cackle, and began to glow brighter."
    },
    {
      "id": 25,
      "content": "Then…"
    },
    {
      "id": 26,
      "model": "피묻은크로머",
      "teller": "Kromer",
      "title": "Nagel und Hammer",
      "content": "Aah…! It’s begun… At last, my final grudge will be fulfilled!"
    },
    {
      "id": 27,
      "content": "A mass of flesh engulfs her lower half."
    },
    {
      "id": 28,
      "content": "From the hideous organic growth, bundles of ambiguous appendages stretch outward in countless numbers."
    },
    {
      "id": 29,
      "content": "As if desire and madness were made manifest…"
    },
    {
      "id": 30,
      "model": "변신크로머",
      "teller": "Kromer",
      "title": "Nagel und Hammer",
      "content": "Come… Sinclair."
    },
    {
      "id": 31,
      "model": "변신크로머",
      "teller": "Kromer",
      "title": "Nagel und Hammer",
      "content": "Rip me up and chew me down."
    },
    {
      "id": 32,
      "model": "변신크로머",
      "teller": "Kromer",
      "title": "Nagel und Hammer",
      "content": "If you can, that is… Keheh."
    }
  ]
}