{
  "dataList": [
    {
      "id": 0,
      "place": "Middle of an Alleyway",
      "model": "싱클레어",
      "content": "When I came to my senses, I found myself in an alleyway at midday, heated by the sun."
    },
    {
      "id": 1,
      "model": "싱클레어",
      "content": "I stayed there on the ground, dazed and confused."
    },
    {
      "id": 2,
      "model": "싱클레어",
      "content": "I could see a haze rise from the surface."
    },
    {
      "id": 3,
      "model": "학생데미안",
      "teller": "Demian",
      "title": "Mysterious Transfer Student",
      "content": "Sinclair. A crack has been made in your world."
    },
    {
      "id": 4,
      "model": "싱클레어",
      "content": "I felt like I was starting to understand what the strange feeling I often got from Demian was."
    },
    {
      "id": 5,
      "model": "싱클레어",
      "content": "I always found it weird how I never heard his footsteps."
    },
    {
      "id": 6,
      "model": "싱클레어",
      "content": "Why does everything arrive in desolate silence as if it belongs to no world at all?"
    },
    {
      "id": 7,
      "model": "싱클레어",
      "content": "The loss of my family, the world of evil, all this despair…"
    },
    {
      "id": 8,
      "model": "싱클레어",
      "content": "And you, too."
    },
    {
      "id": 9,
      "model": "학생데미안",
      "teller": "Demian",
      "title": "Mysterious Transfer Student",
      "content": "Are you scared, Sinclair?"
    },
    {
      "id": 10,
      "model": "싱클레어",
      "content": "He spoke to me."
    },
    {
      "id": 11,
      "model": "싱클레어",
      "content": "He had the eyes of a person who saw through everything, and the attitude of someone who predicted this series of events."
    },
    {
      "id": 12,
      "model": "싱클레어",
      "content": "He didn’t even wait for me to reply, like he knew what I was going to say."
    },
    {
      "id": 13,
      "model": "학생데미안",
      "teller": "Demian",
      "title": "Mysterious Transfer Student",
      "content": "One day, you’ll break it altogether and soar."
    },
    {
      "id": 14,
      "model": "학생데미안",
      "teller": "Demian",
      "title": "Mysterious Transfer Student",
      "content": "And I… wish to see you completely bare."
    },
    {
      "id": 15,
      "model": "싱클레어",
      "content": "He responded as if he already knew the answer I was hesitating on."
    },
    {
      "id": 16,
      "model": "싱클레어",
      "content": "Although his words seemed to radiate warmth…"
    },
    {
      "id": 17,
      "model": "싱클레어",
      "content": "I felt a certain chill, like biting into the cold insides of a half-cooked turkey…"
    },
    {
      "id": 18,
      "model": "싱클레어",
      "content": "I couldn’t help but fall unconscious again."
    }
  ]
}