{
    "dataList": [
        {
            "id": 0,
            "model": "다친에고동랑",
            "teller": "Dongrang",
            "title": "Effloresced E.G.O::Farmwatch",
            "content": "Yi... Sang..."
        },
        {
            "id": 1,
            "model": "이상",
            "content": "……."
        },
        {
            "id": 2,
            "model": "이상",
            "content": "<color=#d4e1e8>I remember that spring day.</color>"
        },
        {
            "id": 3,
            "model": "이상",
            "content": "<color=#d4e1e8>Stars rose in our eyes.</color>"
        },
        {
            "id": 4,
            "model": "이상",
            "content": "……."
        },
        {
            "id": 5,
            "model": "다친에고동랑",
            "teller": "Dongrang",
            "title": "Effloresced E.G.O::Farmwatch",
            "content": "……."
        },
        {
            "id": 6,
            "model": "다친에고동랑",
            "teller": "Dongrang",
            "title": "Effloresced E.G.O::Farmwatch",
            "content": "They sparkled."
        },
        {
            "id": 7,
            "model": "다친에고동랑",
            "teller": "Dongrang",
            "title": "Effloresced E.G.O::Farmwatch",
            "content": "As brightly... as your wings."
        },
        {
            "id": 8,
            "model": "다친에고동랑",
            "teller": "Dongrang",
            "title": "Effloresced E.G.O::Farmwatch",
            "content": "I've... always yearned to..."
        },
        {
            "id": 9,
            "model": "다친에고동랑",
            "teller": "Dongrang",
            "title": "Effloresced E.G.O::Farmwatch",
            "content": "Escape the shadows of the League..."
        },
        {
            "id": 10,
            "model": "다친에고동랑",
            "teller": "Dongrang",
            "title": "Effloresced E.G.O::Farmwatch",
            "content": "In the end... it is that same shadow... that embraces me after everything."
        }
    ]
}