{
    "dataList": [
        {
            "id": 0,
            "place": "Emptied League of Nine Littérateurs",
            "model": "이상",
            "content": "The explosion of the League of Nine shattered everything there was, and everything came to a halt for me as well."
        },
        {
            "id": 1,
            "model": "이상",
            "content": "To stop means to cease caring... It is a state of indifference."
        },
        {
            "id": 2,
            "model": "이상",
            "content": "In other words..."
        },
        {
            "id": 3,
            "model": "이상",
            "content": "It no longer mattered if I was weathered and stomped."
        },
        {
            "id": 4,
            "model": "이상",
            "content": "But that was when someone held me by the arm."
        },
        {
            "id": 5,
            "model": "과거구보",
            "teller": "Gubo",
            "title": "???",
            "content": "Are you going to stand still and let T Corp's tech agency take you away? Someone like you? Have you finally gone mad, Yi Sang?"
        },
        {
            "id": 6,
            "model": "과거구보",
            "teller": "Gubo",
            "title": "???",
            "content": "You must come with me."
        },
        {
            "id": 7,
            "model": "이상",
            "content": "What could I have done other than nod?"
        },
        {
            "id": 8,
            "model": "이상",
            "content": "If he told me to be apprehended by the tech agency employees, I would have nodded all the same."
        },
        {
            "id": 9,
            "model": "이상",
            "content": "If he told me to put all of the mirror technology into a concept incinerator, I would have done so."
        },
        {
            "id": 10,
            "model": "이상",
            "content": "If he told me to hide on the spot and pretend I know nothing, I would have followed it."
        },
        {
            "id": 11,
            "model": "이상",
            "content": "How many of the nine survived and ran away..."
        },
        {
            "id": 12,
            "model": "이상",
            "content": "I do not know."
        }
    ]
}