{
    "dataList": [
        {
            "id": 0,
            "place": "Outreaches of the Outskirts",
            "teller": "Unknown Boy",
            "title": "???",
            "content": "It's quiet."
        },
        {
            "id": 1,
            "teller": "Unknown Boy",
            "title": "???",
            "content": "Nothing like the Outskirts..."
        },
        {
            "id": 2,
            "teller": "Stephanette",
            "title": "???",
            "content": "You're right. Was the world beyond the Outskirts one filled with such beautiful and tranquil beings?"
        },
        {
            "id": 3,
            "teller": "Unknown Boy",
            "title": "???",
            "content": "Yeah, I guess that must be the reason everyone tried to keep quiet about it."
        },
        {
            "id": 4,
            "teller": "Stephanette",
            "title": "???",
            "content": "Right, do you, by any chance... know a story about the things beyond the Outskirts? It's said there's a thing that lives here... granting wishes to those who are earnest. Wanna hear it?"
        },
        {
            "id": 5,
            "teller": "Unknown Boy",
            "title": "???",
            "content": "Sure. I always look forward to your stories."
        },
        {
            "id": 6,
            "teller": "Stephanette",
            "title": "???",
            "content": "Can it wait just a moment? I saw something nice over there."
        },
        {
            "id": 7,
            "teller": "Unknown Boy",
            "title": "???",
            "content": "……"
        },
        {
            "id": 8,
            "teller": "Unknown Boy",
            "title": "???",
            "content": "When we look up at our sky... all we see is a pinch of muddled light."
        },
        {
            "id": 9,
            "teller": "Unknown Boy",
            "title": "???",
            "content": "But here..."
        },
        {
            "id": 10,
            "teller": "Unknown Boy",
            "title": "???",
            "content": "I can see lone stars looking down at us."
        },
        {
            "id": 11,
            "teller": "Unknown Boy",
            "title": "???",
            "content": "Since the city I can see from here is filled with cries of pain and despair..."
        },
        {
            "id": 12,
            "teller": "Unknown Boy",
            "title": "???",
            "content": "I'd rather... gaze down at people from the loneliness up in the sky and shed tears with them..."
        },
        {
            "id": 13
        },
        {
            "id": 14,
            "teller": "Stephanette",
            "title": "???",
            "content": "Sorry, I was a bit late. There were flowers I'd never seen before, maybe we could smell them as I tell my story..."
        },
        {
            "id": 15,
            "teller": "Stephanette",
            "title": "???",
            "content": "……"
        },
        {
            "id": 16,
            "teller": "Stephanette",
            "title": "???",
            "content": "I see, have you... finally fulfilled your wish?"
        },
        {
            "id": 17,
            "teller": "Stephanette",
            "title": "???",
            "content": "Starting today, even if the handful of stars doesn't rise in a corner of the night sky..."
        },
        {
            "id": 18,
            "teller": "Stephanette",
            "title": "???",
            "content": "Those stars will light the dark of the lands below instead..."
        },
        {
            "id": 19,
            "teller": "Stephanette",
            "title": "???",
            "content": "So it'll all be okay."
        },
        {
            "id": 20,
            "content": "　"
        },
        {
            "id": 21,
            "place": "Blossoming League of Nine Littérateurs",
            "model": "싱클레어",
            "content": "What was that just now? It felt like a story from long ago."
        },
        {
            "id": 22,
            "model": "파우스트",
            "content": "As the Golden Bough generated the fathoms of ego in a frenzy... foreign matters were mixed into them."
        },
        {
            "id": 23,
            "model": "파우스트",
            "content": "K Corp's Singularity: Tears of the so-called 'Tearful Thing'."
        },
        {
            "id": 24,
            "model": "그레고르",
            "content": "Can sure see that... It's bringing back dead people to fight us."
        },
        {
            "id": 25,
            "model": "파우스트",
            "content": "Yes, they seem to be relevant to the experiences... of melting down."
        },
        {
            "id": 26,
            "model": "홍루",
            "content": "Did the mind of that Tearful Thing melt into this resonance as well, then?"
        },
        {
            "id": 27,
            "model": "싱클레어",
            "content": "That means... the Tearful Thing is... no different from people..."
        },
        {
            "id": 28,
            "model": "파우스트",
            "content": "Dante, in this world... there are many who seek after stars."
        }
    ]
}