{
    "dataList": [
        {
            "id": 0,
            "teller": "Stephanette",
            "title": "???",
            "content": "Don't be so sad..."
        },
        {
            "id": 1,
            "teller": "Stephanette",
            "title": "???",
            "content": "I don't want to use your tears to fight the flow of time..."
        },
        {
            "id": 2,
            "teller": "Stephanette",
            "title": "???",
            "content": "Those tears are better reserved for those who need them more dearly."
        },
        {
            "id": 3,
            "teller": "Stephanette",
            "title": "???",
            "content": "Don't forget... You're a nameless star, hanging in the sky for everyone who is in suffering..."
        },
        {
            "id": 4,
            "place": "K Corp. Laboratory",
            "model": "K사임원진1",
            "teller": "Prudish K Corp. Executive",
            "title": "K Corp.",
            "content": "With the passing of Ms. Stephanette... We at K Corp. would like to take a moment to express our condolences, honoring her noble will..."
        },
        {
            "id": 5,
            "model": "알폰소",
            "teller": "Alfonso",
            "title": "K Corp.",
            "content": "What's the need to be so roundabout?"
        },
        {
            "id": 6,
            "model": "알폰소",
            "teller": "Alfonso",
            "title": "K Corp.",
            "content": "You know there's something you really want to say: which one of us will be the next chief executive..."
        },
        {
            "id": 7,
            "model": "K사임원진1",
            "teller": "Prudish K Corp. Executive",
            "title": "K Corp.",
            "content": "...Mm."
        },
        {
            "id": 8,
            "model": "K사임원진2",
            "teller": "Impulsive K Corp. Executive",
            "title": "K Corp.",
            "content": "Kehm…"
        },
        {
            "id": 9,
            "model": "알폰소",
            "teller": "Alfonso",
            "title": "K Corp.",
            "content": "Well... The nomination should be simple, right? What did each of us do, and how much did it help to contribute to the growth of this Wing and its Nest..."
        },
        {
            "id": 10,
            "model": "K사임원진2",
            "teller": "Impulsive K Corp. Executive",
            "title": "K Corp.",
            "content": "Ever since Ms. Stephanette began struggling to even speak due to her age... I started extracting the tears in her stead."
        },
        {
            "id": 11,
            "model": "K사임원진1",
            "teller": "Prudish K Corp. Executive",
            "title": "K Corp.",
            "content": "What... Having your men buy and read those 'gut-wrenching and heartwarming stories' out loud? I saw the tear production going down, too."
        },
        {
            "id": 12,
            "model": "K사임원진2",
            "teller": "Impulsive K Corp. Executive",
            "title": "K Corp.",
            "content": "...Are you serious?"
        },
        {
            "id": 13,
            "model": "K사임원진1",
            "teller": "Prudish K Corp. Executive",
            "title": "K Corp.",
            "content": "Kah... W-Wait."
        },
        {
            "id": 14,
            "model": "K사임원진2",
            "teller": "Impulsive K Corp. Executive",
            "title": "K Corp.",
            "content": "This is what happens when you run your mouth rashly. You knew my temper and still decided to play with fire?"
        },
        {
            "id": 15,
            "model": "K사임원진1",
            "teller": "Prudish K Corp. Executive",
            "title": "K Corp.",
            "content": "Hngh... The board of directors won't... let you get away with this..."
        },
        {
            "id": 16,
            "model": "K사임원진2",
            "teller": "Impulsive K Corp. Executive",
            "title": "K Corp.",
            "content": "I'll make sure that you're finished before that happens."
        },
        {
            "id": 17,
            "model": "알폰소",
            "teller": "Alfonso",
            "title": "K Corp.",
            "content": "……"
        },
        {
            "id": 18,
            "model": "알폰소",
            "teller": "Alfonso",
            "title": "K Corp.",
            "content": "Ah, our dear Ms. Stephanette... You were so kind even after you've gone."
        },
        {
            "id": 19,
            "model": "알폰소",
            "teller": "Alfonso",
            "title": "K Corp.",
            "content": "The tears don't have to be by noble means after all."
        },
        {
            "id": 20,
            "model": "알폰소",
            "teller": "Alfonso",
            "title": "K Corp.",
            "content": "Everyone, I believe I've found the answer."
        },
        {
            "id": 21,
            "model": "알폰소",
            "teller": "Alfonso",
            "title": "K Corp.",
            "content": "To take the seat of the chief executive, there's only one simple thing to do: ensure the prosperity of K Corp."
        },
        {
            "id": 22,
            "model": "알폰소",
            "teller": "Alfonso",
            "title": "K Corp.",
            "content": "All that's left now is for the board of directors to cast their votes."
        },
        {
            "id": 23,
            "model": "돈키호테",
            "content": "Stop them this instant...! It appalls me greatly to think that one must suffer everlasting sights of despair in captivity for the many..."
        },
        {
            "id": 24,
            "model": "파우스트",
            "content": "Your pleas won't reach them. This one didn't come from Yi Sang... It's a fragmented scene concerning the tears."
        },
        {
            "id": 25,
            "model": "동랑",
            "teller": "Dongrang",
            "title": "K Corp. Dept. of Food Resource Development",
            "content": "Ah, in case you aren't familiar, that one Singularity has saved countless lives."
        },
        {
            "id": 26,
            "model": "동랑",
            "teller": "Dongrang",
            "title": "K Corp. Dept. of Food Resource Development",
            "content": "It was like someone fulfilled my old dream I couldn't make true."
        },
        {
            "id": 27,
            "model": "로쟈",
            "content": "……"
        },
        {
            "id": 28,
            "model": "동랑",
            "teller": "Dongrang",
            "title": "K Corp. Dept. of Food Resource Development",
            "content": "If, say, I were in that vat... I would have gladly given up everything I had. Every single thing, with no exception."
        },
        {
            "id": 29,
            "model": "동랑",
            "teller": "Dongrang",
            "title": "K Corp. Dept. of Food Resource Development",
            "content": "So all we can do is just... look at it with gratitude and respect."
        },
        {
            "id": 30,
            "model": "동랑",
            "teller": "Dongrang",
            "title": "K Corp. Dept. of Food Resource Development",
            "content": "Like looking up at the stars in my hometown."
        }
    ]
}