{
    "dataList": [
        {
            "id": 0,
            "place": "Withering League of Nine Littérateurs",
            "model": "T사기술청2",
            "teller": "Class 4 Collector",
            "title": "T Corp.",
            "content": "Where is Young-ji, the League of Nine Littérateurs' leader, and his glass technology?"
        },
        {
            "id": 1,
            "model": "과거동백",
            "teller": "Dongbaek",
            "title": "League of Nine Littérateurs",
            "content": "……"
        },
        {
            "id": 2,
            "model": "T사기술청2",
            "teller": "Class 4 Collector",
            "title": "T Corp.",
            "content": "This is the price you pay for the time you've spent wrongly."
        },
        {
            "id": 3,
            "model": "T사기술청2",
            "teller": "Class 4 Collector",
            "title": "T Corp.",
            "content": "Open the door to the basement."
        },
        {
            "id": 4,
            "model": "과거동백",
            "teller": "Dongbaek",
            "title": "League of Nine Littérateurs",
            "content": "How do they know about the basement..."
        },
        {
            "id": 5,
            "model": "과거동백",
            "teller": "Dongbaek",
            "title": "League of Nine Littérateurs",
            "content": "One of us betrayed the league."
        },
        {
            "id": 6,
            "model": "과거동백",
            "teller": "Dongbaek",
            "title": "League of Nine Littérateurs",
            "content": "Gap-ryong is nowhere to be seen since yesterday... It must've been him."
        },
        {
            "id": 7,
            "model": "오티스",
            "content": "That matters no longer, Dongbaek. We must run, now."
        },
        {
            "id": 8,
            "model": "과거동백",
            "teller": "Dongbaek",
            "title": "League of Nine Littérateurs",
            "content": "...Say, how about I treat you to a stunning fireworks display for the last time? Fire can be a rather pretty flower when seen from a distance."
        },
        {
            "id": 9,
            "model": "오티스",
            "content": "Dongbaek, are you planning to..."
        },
        {
            "id": 10,
            "model": "과거동백",
            "teller": "Dongbaek",
            "title": "League of Nine Littérateurs",
            "content": "Let me ask for the last time. None of you here are traitors, right?"
        },
        {
            "id": 11,
            "model": "이상",
            "content": "There's no doubt about it."
        },
        {
            "id": 12,
            "model": "오티스",
            "content": "You're asking a ridiculous question."
        },
        {
            "id": 13,
            "model": "동랑",
            "teller": "Dongrang",
            "title": "K Corp. Dept. of Food Resource Development",
            "content": "……"
        },
        {
            "id": 14,
            "model": "동랑",
            "teller": "Dongrang",
            "title": "K Corp. Dept. of Food Resource Development",
            "content": "...It was me, Dongbaek. I sold the League out."
        },
        {
            "id": 15,
            "model": "과거동백",
            "teller": "Dongbaek",
            "title": "League of Nine Littérateurs",
            "content": "……"
        },
        {
            "id": 16,
            "content": "The last things that entered my sight with the sound of the explosion were Dongbaek's half-scorched face..."
        },
        {
            "id": 17,
            "content": "And..."
        },
        {
            "id": 18,
            "content": "Our League... burning down in a colorless fire."
        },
        {
            "id": 19,
            "place": "Emptied League of Nine Littérateurs",
            "model": "이상",
            "content": "……"
        },
        {
            "id": 20,
            "model": "이상",
            "content": "That isn't quite right, Dongrang. You never confessed the truth to Dongbaek."
        },
        {
            "id": 21,
            "model": "이상",
            "content": "Dongbaek... has remained oblivious to it. Thusly, she constantly harbored suspicion against us, knowing that it must have been one of us."
        },
        {
            "id": 22,
            "place": "Screening Room",
            "model": "동랑",
            "teller": "Dongrang",
            "title": "K Corp. Dept. of Food Resource Development",
            "content": "It was me, Dongbaek. I ratted out the group."
        },
        {
            "id": 23,
            "model": "동백에고각성중_찔림",
            "teller": "Dongbaek",
            "title": "League of Nine Littérateurs",
            "content": "I knew it... It had to be...!!! You... you... fucking traitor!!!!"
        },
        {
            "id": 24,
            "place": "Emptied League of Nine Littérateurs",
            "model": "이상",
            "content": "The revelation is what colored Dongbaek's dying eyes with wrath..."
        },
        {
            "id": 25,
            "model": "이상",
            "content": "And caused the frail E.G.O to break and fall, snapping, scattering into petals."
        },
        {
            "id": 26,
            "model": "동랑",
            "teller": "Dongrang",
            "title": "K Corp. Dept. of Food Resource Development",
            "content": "...You know, Yi Sang?"
        },
        {
            "id": 27,
            "model": "동랑",
            "teller": "Dongrang",
            "title": "K Corp. Dept. of Food Resource Development",
            "content": "Loud ticks of clocks at your front door are a sign that T Corp's tech agency employees have come to your house."
        },
        {
            "id": 28,
            "model": "동랑",
            "teller": "Dongrang",
            "title": "K Corp. Dept. of Food Resource Development",
            "content": "I'm sure most of them were visited by the agency. It's an unforgettable experience. Yet it's one you couldn't have known since you must've been under T Corp's grace as a skilled architect."
        },
        {
            "id": 29,
            "model": "동랑",
            "teller": "Dongrang",
            "title": "K Corp. Dept. of Food Resource Development",
            "content": "The first visit tends to be sudden and quiet. Most are flustered by the unexpected arrival... but they still keep their pride and faith as a member of the League."
        },
        {
            "id": 30,
            "model": "동랑",
            "teller": "Dongrang",
            "title": "K Corp. Dept. of Food Resource Development",
            "content": "The agency knows that as well. They also know that their visit instilled the fear that they might come again whenever they'd like."
        },
        {
            "id": 31,
            "model": "동랑",
            "teller": "Dongrang",
            "title": "K Corp. Dept. of Food Resource Development",
            "content": "The second visit is when things start to change. They now know where my time flows from and where it's headed."
        },
        {
            "id": 32,
            "model": "동랑",
            "teller": "Dongrang",
            "title": "K Corp. Dept. of Food Resource Development",
            "content": "They have my past, present, and future. The shapes of all my weaknesses and desires are in their hands."
        },
        {
            "id": 33,
            "model": "동랑",
            "teller": "Dongrang",
            "title": "K Corp. Dept. of Food Resource Development",
            "content": "What would have been your choice? Under the same circumstances, would you have chosen differently?"
        },
        {
            "id": 34,
            "model": "동랑",
            "teller": "Dongrang",
            "title": "K Corp. Dept. of Food Resource Development",
            "content": "And if so... can you say for sure that you would have?"
        },
        {
            "id": 35,
            "model": "T사기술청1",
            "teller": "Class 2 Collector",
            "title": "T Corp.",
            "content": "Organics."
        },
        {
            "id": 36,
            "model": "동랑",
            "teller": "Dongrang",
            "title": "K Corp. Dept. of Food Resource Development",
            "content": "……"
        },
        {
            "id": 37,
            "place": "Nest T’s Roads",
            "model": "T사기술청1",
            "teller": "Class 2 Collector",
            "title": "T Corp.",
            "content": "In particular, the regeneration and treatment of animals are your interests, right?"
        },
        {
            "id": 38,
            "model": "T사기술청1",
            "teller": "Class 2 Collector",
            "title": "T Corp.",
            "content": "Do you know about K Corp, a Wing we've been working with recently? It's an emerging one, whose Nest is filled with an emerald glow."
        },
        {
            "id": 39,
            "model": "T사기술청1",
            "teller": "Class 2 Collector",
            "title": "T Corp.",
            "content": "That Wing might be interested in your technology."
        },
        {
            "id": 40,
            "model": "동랑",
            "teller": "Dongrang",
            "title": "K Corp. Dept. of Food Resource Development",
            "content": "……"
        },
        {
            "id": 41,
            "model": "T사기술청1",
            "teller": "Class 2 Collector",
            "title": "T Corp.",
            "content": "...I'm sure you know that this is not a common opportunity."
        },
        {
            "id": 42,
            "place": "Emptied League of Nine Littérateurs",
            "model": "이상",
            "content": "So, did you accomplish your wish there at last, Dongrang?"
        },
        {
            "id": 43,
            "model": "동랑",
            "teller": "Dongrang",
            "title": "K Corp. Dept. of Food Resource Development",
            "content": "……"
        }
    ]
}