{
    "dataList": [
        {
            "id": 0,
            "model": "동랑",
            "teller": "Dongrang",
            "title": "K Corp. Dept. of Food Resource Development",
            "content": "So it comes down to this. I'll probably die soon."
        },
        {
            "id": 1,
            "model": "동랑",
            "teller": "Dongrang",
            "title": "K Corp. Dept. of Food Resource Development",
            "content": "In such a peaceful place..."
        },
        {
            "id": 2
        },
        {
            "id": 3,
            "model": "동랑",
            "teller": "Dongrang",
            "title": "K Corp. Dept. of Food Resource Development",
            "content": "...What."
        },
        {
            "id": 4,
            "model": "동랑",
            "teller": "Dongrang",
            "title": "K Corp. Dept. of Food Resource Development",
            "content": "Ha, haha..."
        },
        {
            "id": 5,
            "model": "동랑",
            "teller": "Dongrang",
            "title": "K Corp. Dept. of Food Resource Development",
            "content": "You're right, it doesn't recognize me."
        },
        {
            "id": 6,
            "model": "동랑",
            "teller": "Dongrang",
            "title": "K Corp. Dept. of Food Resource Development",
            "content": "I may be filled with husks right now, but I know..."
        },
        {
            "id": 7,
            "model": "동랑",
            "teller": "Dongrang",
            "title": "K Corp. Dept. of Food Resource Development",
            "content": "I'm almost there. Soon... I'll make my own technology to fill myself up."
        },
        {
            "id": 8,
            "model": "동랑",
            "teller": "Dongrang",
            "title": "K Corp. Dept. of Food Resource Development",
            "content": "I'll gather a team again... hire another secretary... There'll be a lot to do."
        },
        {
            "id": 9,
            "model": "동랑",
            "teller": "Dongrang",
            "title": "K Corp. Dept. of Food Resource Development",
            "content": "So... I don't think I'll need you anymore."
        },
        {
            "id": 10,
            "place": "K Corp. Laboratory",
            "model": "알폰소",
            "teller": "Alfonso",
            "title": "K Corp.",
            "content": "...Dongrang? I wonder how long will you keep me waiting."
        },
        {
            "id": 11,
            "model": "동랑",
            "teller": "Dongrang",
            "title": "K Corp. Dept. of Food Resource Development",
            "content": "Ah, sorry for the delay. I was reminded of something I left in my hometown..."
        },
        {
            "id": 12,
            "model": "동랑",
            "teller": "Dongrang",
            "title": "K Corp. Dept. of Food Resource Development",
            "content": "But I've realized that now is the time to be thinking about what I'll gain from now on instead of what I left behind."
        },
        {
            "id": 13,
            "model": "알폰소",
            "teller": "Alfonso",
            "title": "K Corp.",
            "content": "Anyone can have a moment of foolishness."
        },
        {
            "id": 14,
            "model": "알폰소",
            "teller": "Alfonso",
            "title": "K Corp.",
            "content": "Right, so... You know about a way to generate an endless stream of tears, do you?"
        },
        {
            "id": 15,
            "model": "동랑",
            "teller": "Dongrang",
            "title": "K Corp. Dept. of Food Resource Development",
            "content": "To reach a certain quota, people are tortured... then cured using the tears... then tortured again..."
        },
        {
            "id": 16,
            "model": "동랑",
            "teller": "Dongrang",
            "title": "K Corp. Dept. of Food Resource Development",
            "content": "It's such a waste to keep spending a portion of tears on that."
        },
        {
            "id": 17,
            "model": "알폰소",
            "teller": "Alfonso",
            "title": "K Corp.",
            "content": "True, so we're importing footage from a variety of Wings and Backstreets Syndicates as a substitute."
        },
        {
            "id": 18,
            "model": "동랑",
            "teller": "Dongrang",
            "title": "K Corp. Dept. of Food Resource Development",
            "content": "They're asking higher and higher prices for the audiovisual feed, aren't they?"
        },
        {
            "id": 19,
            "model": "동랑",
            "teller": "Dongrang",
            "title": "K Corp. Dept. of Food Resource Development",
            "content": "Other factions are starting to notice that we're in evident need of it, albeit faintly. Even if they don't know what exactly it's used for in K Corp."
        },
        {
            "id": 20,
            "teller": "Deranged Employee",
            "title": "K Corp.",
            "content": "Hee... huhee... huhnh..."
        },
        {
            "id": 21,
            "teller": "Deranged Employee",
            "title": "K Corp.",
            "content": "Could you please... break a finger now?"
        },
        {
            "id": 22,
            "model": "동랑",
            "teller": "Dongrang",
            "title": "K Corp. Dept. of Food Resource Development",
            "content": "See. Your subordinate tied to this chair seems to have lost it, too."
        },
        {
            "id": 23,
            "model": "동랑",
            "teller": "Dongrang",
            "title": "K Corp. Dept. of Food Resource Development",
            "content": "……."
        },
        {
            "id": 24,
            "model": "뒤틀린다친동랑",
            "teller": "Dongrang, Who Denies All",
            "title": "K Corp. Dept. of Food Resource Development",
            "content": "I shouldn't close my eyes."
        },
        {
            "id": 25,
            "model": "뒤틀린다친동랑",
            "teller": "Dongrang, Who Denies All",
            "title": "K Corp. Dept. of Food Resource Development",
            "content": "Miss Carmen... I believe that's not exactly the case. The path hasn't ended, and I finally see clearly where I should go."
        },
        {
            "id": 26,
            "model": "이상",
            "content": "Dongrang... after coming such a long way 'round... have you at last returned to this path?"
        },
        {
            "id": 27,
            "model": "뒤틀린다친동랑",
            "teller": "Dongrang, Who Denies All",
            "title": "K Corp. Dept. of Food Resource Development",
            "content": "When I look into the eye... I don't feel the sympathy I used to feel anymore."
        },
        {
            "id": 28,
            "model": "뒤틀린다친동랑",
            "teller": "Dongrang, Who Denies All",
            "title": "K Corp. Dept. of Food Resource Development",
            "content": "Instead... Do you see that? A pale imitation of the League's renowned glass window, made by leeching off it... It's now become the flag that raised the esteem of K Corp's Singularity high."
        },
        {
            "id": 29,
            "model": "이상",
            "content": "...Yes, I can see it well."
        },
        {
            "id": 30,
            "model": "뒤틀린다친동랑",
            "teller": "Dongrang, Who Denies All",
            "title": "K Corp. Dept. of Food Resource Development",
            "content": "Brother Young-ji has left, Dongbaek has returned to the bed of flowers..."
        },
        {
            "id": 31,
            "model": "뒤틀린다친동랑",
            "teller": "Dongrang, Who Denies All",
            "title": "K Corp. Dept. of Food Resource Development",
            "content": "All that's left is a parasitic mutation of Young-ji's glass..."
        },
        {
            "id": 32,
            "model": "뒤틀린다친동랑",
            "teller": "Dongrang, Who Denies All",
            "title": "K Corp. Dept. of Food Resource Development",
            "content": "My shoddy copy of the glass, which didn't manage to be anything."
        },
        {
            "id": 33,
            "model": "뒤틀린다친동랑",
            "teller": "Dongrang, Who Denies All",
            "title": "K Corp. Dept. of Food Resource Development",
            "content": "What use is technology that can't change the world?"
        },
        {
            "id": 34,
            "model": "뒤틀린다친동랑",
            "teller": "Dongrang, Who Denies All",
            "title": "Effloresced E.G.O::Farmwatch",
            "content": "So I want you to stop caring like I have. Let it cry for our agony and sorrow in our stead."
        }
    ]
}