{
    "dataList": [
        {
            "id": 0,
            "place": "Blossoming League of Nine Littérateurs",
            "model": "홍루",
            "content": "You see, I called you this time, because..."
        },
        {
            "id": 1,
            "model": "홍루",
            "content": "I've made something interesting that I'd like to show."
        },
        {
            "id": 2,
            "model": "과거동백",
            "teller": "Dongbaek",
            "title": "League of Nine Littérateurs",
            "content": "Ahem..."
        },
        {
            "id": 3,
            "model": "과거동백",
            "teller": "Dongbaek",
            "title": "League of Nine Littérateurs",
            "content": "Young-ji... What is this?"
        },
        {
            "id": 4,
            "model": "홍루",
            "content": "……"
        },
        {
            "id": 5,
            "model": "홍루",
            "content": "There are simply too many transient things that wilt all too soon, don't you think?"
        },
        {
            "id": 6,
            "model": "홍루",
            "content": "The butterfly only wanted to lightly flutter, but to be punished with death for that crime... That felt too unfortunate."
        },
        {
            "id": 7,
            "model": "과거동백",
            "teller": "Dongbaek",
            "title": "League of Nine Littérateurs",
            "content": "Did you... bring it back... from the dead? I thought that kind of technology was forbidden by the Head's treaty..."
        },
        {
            "id": 8,
            "model": "이상",
            "content": "It is no such case. Although the carcass remains inanimate, something has overridden it."
        },
        {
            "id": 9,
            "model": "홍루",
            "content": "That's right. To be exact... it's the glass window."
        },
        {
            "id": 10,
            "model": "홍루",
            "content": "The butterfly can now be free within it."
        },
        {
            "id": 11,
            "model": "홍루",
            "content": "Even if its wings dampen while trying to cross a pond, are gripped in somebody's hands and crumble to dust, or dry out due to the lack of flowers..."
        },
        {
            "id": 12,
            "model": "홍루",
            "content": "The butterfly won't stop. And eventually... in the distant future..."
        },
        {
            "id": 13,
            "model": "파우스트",
            "content": "It'll make it across a sea."
        },
        {
            "id": 14,
            "model": "파우스트",
            "content": "If that happens, will the butterfly no longer be afraid of the sea?"
        },
        {
            "id": 15,
            "model": "동랑",
            "teller": "Dongrang",
            "title": "K Corp. Dept. of Food Resource Development",
            "content": "Splendid, Young-ji. This level of technology could have numerous applications."
        },
        {
            "id": 16,
            "model": "과거동백",
            "teller": "Dongbaek",
            "title": "League of Nine Littérateurs",
            "content": "Young-ji... Are you sure... you really made this just for the conference?"
        },
        {
            "id": 17,
            "model": "홍루",
            "content": "What do you mean by that?"
        },
        {
            "id": 18,
            "model": "과거동백",
            "teller": "Dongbaek",
            "title": "League of Nine Littérateurs",
            "content": "A gathering where we show technology we've created as a hobby in our free time after returning from a day's work, sharing our thoughts..."
        },
        {
            "id": 19,
            "model": "과거동백",
            "teller": "Dongbaek",
            "title": "League of Nine Littérateurs",
            "content": "Wasn't that the significance and appeal of the illuminators' conference our League had?"
        },
        {
            "id": 20,
            "model": "과거동백",
            "teller": "Dongbaek",
            "title": "League of Nine Littérateurs",
            "content": "But this... It doesn't look like a simple hobbyhorse to me."
        },
        {
            "id": 21,
            "model": "과거동백",
            "teller": "Dongbaek",
            "title": "League of Nine Littérateurs",
            "content": "Are you still... not over what happened then..."
        },
        {
            "id": 22,
            "model": "홍루",
            "content": "...That's... how you see it, Dongbaek..."
        },
        {
            "id": 23,
            "model": "홍루",
            "content": "I'd like to know what you think as well, Yi Sang."
        },
        {
            "id": 24,
            "model": "이상",
            "content": "……"
        },
        {
            "id": 25,
            "model": "이상",
            "content": "As Dongrang rightfully assessed, this is nothing short of a great first discovery."
        },
        {
            "id": 26,
            "model": "이상",
            "content": "Alas..."
        },
        {
            "id": 27,
            "model": "이상",
            "content": "If frost were to form on the glass window..."
        },
        {
            "id": 28,
            "model": "이상",
            "content": "It will blur the reflected image all the same."
        },
        {
            "id": 29,
            "model": "이상",
            "content": "As such, the frame of this glass window... will need to be made firmer and straighter."
        },
        {
            "id": 30,
            "model": "홍루",
            "content": "……"
        },
        {
            "id": 31,
            "model": "홍루",
            "content": "Yi Sang, you managed to see through its essence from just a single glance."
        },
        {
            "id": 32,
            "model": "홍루",
            "content": "But personally... I can't seem to think of a way, so how about this instead?"
        },
        {
            "id": 33,
            "model": "홍루",
            "content": "Yi Sang, try recreating it in your own way."
        },
        {
            "id": 34,
            "model": "이상",
            "content": "My own way..."
        },
        {
            "id": 35,
            "model": "홍루",
            "content": "That's right. By the next conference."
        },
        {
            "id": 36,
            "model": "이상",
            "content": "Is it... truly okay for me... to handle a technology as valuable as the glass window?"
        },
        {
            "id": 37,
            "model": "홍루",
            "content": "You got it wrong. I'm making this suggestion because it's valuable."
        }
    ]
}