{
    "dataList": [
        {
            "id": 0,
            "place": "K Corp. Laboratory",
            "model": "이상",
            "content": "Though I was certain that I had left."
        },
        {
            "id": 1,
            "model": "이상",
            "content": "...It would appear that I am still inside that white square."
        },
        {
            "id": 2,
            "model": "이상",
            "content": "At this point, all things have been reduced to mere dots to me, utterly incapable of stimulation or inspiration."
        },
        {
            "id": 3,
            "model": "이상",
            "content": "Will I follow this meaningless walk, wandering my whole life?"
        },
        {
            "id": 4,
            "model": "이상",
            "content": "We're only chickens whose wings are clipped perpetually..."
        },
        {
            "id": 5,
            "model": "싱클레어",
            "content": "Mr. Yi Sang seems to be in a bad spot..."
        },
        {
            "id": 6,
            "model": "홍루",
            "content": "Dante."
        },
        {
            "id": 7,
            "model": "홍루",
            "content": "Even though I only delivered Young-ji's words with my tongue... it does give me a thought."
        },
        {
            "id": 8,
            "model": "홍루",
            "content": "Maybe, these letters that Yi Sang wrote... weren't just meant for the Yi Sang in the mirror alone."
        },
        {
            "id": 9,
            "model": "홍루",
            "content": "To all people he had ties with in the past, those he knows in the present, and those he might meet in the future."
        },
        {
            "id": 10,
            "model": "단테",
            "content": "<You mean, including us...>"
        },
        {
            "id": 11,
            "model": "홍루",
            "content": "I'm thinking that he might have been calling for help all along."
        },
        {
            "id": 12,
            "model": "단테",
            "content": "<Yi Sang...>"
        },
        {
            "id": 13,
            "model": "단테",
            "content": "<What was on your mind just before you left N Corp?>"
        },
        {
            "id": 14,
            "model": "이상",
            "content": "When I parted with Gubo..."
        },
        {
            "id": 15,
            "model": "이상",
            "content": "The stars lost their shine and let darkness fill the air, and I felt as though I were crippled."
        },
        {
            "id": 16,
            "model": "이상",
            "content": "Yet..."
        },
        {
            "id": 17,
            "model": "이상",
            "content": "I thought that there may be a place that would allow me to live on, even if I had no wings and my legs limped."
        },
        {
            "id": 18,
            "model": "이상",
            "content": "The thread of hope couldn't be thinner, but I held onto the faint possibility."
        },
        {
            "id": 19,
            "model": "동백",
            "teller": "Dongbaek",
            "title": "???",
            "content": "When we... or at least I saw your mirror, I thought I was seeing what we didn't have."
        },
        {
            "id": 20,
            "model": "동백",
            "teller": "Dongbaek",
            "title": "???",
            "content": "That's why they seemed so far, and that's why I could only look."
        },
        {
            "id": 21,
            "model": "동백",
            "teller": "Dongbaek",
            "title": "???",
            "content": "It's why I had to settle for this reality."
        },
        {
            "id": 22,
            "model": "동백",
            "teller": "Dongbaek",
            "title": "???",
            "content": "Like how I dreamed of stars as I watched fireworks."
        },
        {
            "id": 23,
            "model": "동백",
            "teller": "Dongbaek",
            "title": "???",
            "content": "But the mirror..."
        },
        {
            "id": 24,
            "model": "동백",
            "teller": "Dongbaek",
            "title": "???",
            "content": "What it shows are possibilities. So... do you see what I'm getting at? You don't have to envy the mirrored images."
        },
        {
            "id": 25,
            "model": "동백",
            "teller": "Dongbaek",
            "title": "???",
            "content": "What you saw... were the possibilities you held."
        },
        {
            "id": 26,
            "model": "동백",
            "teller": "Dongbaek",
            "title": "???",
            "content": "You've had them all along."
        },
        {
            "id": 27,
            "model": "동백",
            "teller": "Dongbaek",
            "title": "???",
            "content": "The wings to make your possibility a reality."
        },
        {
            "id": 28,
            "model": "동백",
            "teller": "Dongbaek",
            "title": "???",
            "content": "...That's what I wanted to tell you."
        },
        {
            "id": 29,
            "model": "이상",
            "content": "……"
        },
        {
            "id": 30,
            "model": "파우스트",
            "teller": "???",
            "title": "???",
            "content": "Yi Sang, the first Sinner. I have been waiting for you."
        },
        {
            "id": 31,
            "model": "파우스트",
            "teller": "???",
            "title": "???",
            "content": "If you join Limbus Company..."
        },
        {
            "id": 32,
            "model": "파우스트",
            "teller": "???",
            "title": "???",
            "content": "I promise that we'll help you recover your torn and broken wings."
        },
        {
            "id": 33,
            "model": "파우스트",
            "teller": "???",
            "title": "???",
            "content": "And..."
        },
        {
            "id": 34,
            "model": "이상",
            "content": "……"
        },
        {
            "id": 35,
            "model": "상이",
            "teller": "Sang Yi",
            "title": "Yeonsim",
            "content": "Well?"
        },
        {
            "id": 36,
            "model": "이상",
            "content": "I..."
        },
        {
            "id": 37,
            "model": "이상",
            "content": "I do not possess the talent to pick up shattered pieces."
        },
        {
            "id": 38,
            "model": "이상",
            "content": "However, those sparkling eyes... they were not feigned."
        },
        {
            "id": 39,
            "model": "상이",
            "teller": "Sang Yi",
            "title": "Yeonsim",
            "content": "Our tortuous path will circle around misery."
        },
        {
            "id": 40,
            "model": "상이",
            "teller": "Sang Yi",
            "title": "Yeonsim",
            "content": "What we thought were bonds will inevitably be lost, and precious things will shatter into shards that stab your soft heart."
        },
        {
            "id": 41,
            "model": "이상",
            "content": "...I am well aware."
        },
        {
            "id": 42,
            "model": "이상",
            "content": "It is for that reason all things would have no more worth than futile ephemerality."
        },
        {
            "id": 43,
            "model": "단테",
            "content": "<Yi Sang, why did you make the mirror?>"
        },
        {
            "id": 44,
            "model": "이상",
            "content": "……"
        },
        {
            "id": 45,
            "model": "이상",
            "content": "I..."
        },
        {
            "id": 46,
            "model": "이상",
            "content": "Never made technology to hold any value in them."
        },
        {
            "id": 47,
            "model": "이상",
            "content": "I know well enough that I have no way to return to the past."
        },
        {
            "id": 48,
            "model": "이상",
            "content": "Simply..."
        },
        {
            "id": 49,
            "model": "상이",
            "teller": "Sang Yi",
            "title": "Yeonsim",
            "content": "That mirror you're holding..."
        },
        {
            "id": 50,
            "model": "이상",
            "content": "It's what I call Yeonsim."
        },
        {
            "id": 51,
            "model": "상이",
            "teller": "Sang Yi",
            "title": "Yeonsim",
            "content": "Yeonsim, huh...\n(硏, to grind or study; 尋, to seek)"
        },
        {
            "id": 52,
            "model": "이상",
            "content": "This is a product of grinding something... scraping even the mind to polish it."
        },
        {
            "id": 53,
            "model": "상이",
            "teller": "Sang Yi",
            "title": "Yeonsim",
            "content": "I see. I suppose all versions of Yi Sang were dedicated to research."
        },
        {
            "id": 54,
            "model": "이상",
            "content": "I thought that I had lost my wings, that I couldn't have them."
        },
        {
            "id": 55,
            "model": "이상",
            "content": "I thought I had been clinging to research, pathetically stroking the joints where wings used to be..."
        },
        {
            "id": 56,
            "model": "이상",
            "content": "But I believe I now know the mirror's true name."
        },
        {
            "id": 57,
            "model": "이상",
            "content": "Yeonsim.\n(連心, \"to connect the heart\")"
        },
        {
            "id": 58,
            "model": "이상",
            "content": "It's a bridge that joins hearts together."
        },
        {
            "id": 59,
            "model": "이상",
            "content": "I made the mirror because I wished to continue living and flapping and fluttering."
        },
        {
            "id": 60,
            "model": "이상",
            "content": "I wished to soar into the air once more, even if I fell afterward."
        },
        {
            "id": 61,
            "model": "이상",
            "content": "One day, despair will arrive for certain... It's for that reason... life must go on... as far as it can."
        },
        {
            "id": 62,
            "model": "이상",
            "content": "Whether or not I had wings... mattered not."
        },
        {
            "id": 63,
            "model": "상이",
            "teller": "Sang Yi",
            "title": "Yeonsim",
            "content": "……"
        },
        {
            "id": 64,
            "model": "상이",
            "teller": "Sang Yi",
            "title": "Yeonsim",
            "content": "All Yi Sangs have outstanding talent. At the same time, all Yi Sangs are ignorant."
        },
        {
            "id": 65,
            "model": "상이",
            "teller": "Sang Yi",
            "title": "Yeonsim",
            "content": "All Yi Sangs can see wings, but only one Yi Sang can fly."
        },
        {
            "id": 66,
            "model": "이상",
            "content": "If such is the case..."
        },
        {
            "id": 67,
            "model": "상이",
            "teller": "Sang Yi",
            "title": "Yeonsim",
            "content": "The Yi Sang in the mirror must be the opposite of the Yi Sang outside... but they're quite alike, too."
        },
        {
            "id": 68,
            "model": "상이",
            "teller": "Sang Yi",
            "title": "Yeonsim",
            "content": "I mean the wings you say you saw... those radiant and magnificent wings."
        },
        {
            "id": 69,
            "model": "상이",
            "teller": "Sang Yi",
            "title": "Yeonsim",
            "content": "They're my wings, and they're yours in the reflection."
        },
        {
            "id": 70,
            "model": "상이",
            "teller": "Sang Yi",
            "title": "Yeonsim",
            "content": "Why do I think that? ...It's obvious. The mirror is a reflection of the self."
        },
        {
            "id": 71,
            "model": "상이",
            "teller": "Sang Yi",
            "title": "Yeonsim",
            "content": "If you saw wings on me, then they were on you as well... They would obviously belong to you."
        },
        {
            "id": 72,
            "model": "상이",
            "teller": "Sang Yi",
            "title": "Yeonsim",
            "content": "Now, kick off the ground and flutter your wings."
        },
        {
            "id": 73,
            "model": "이상",
            "content": "All I wished for..."
        },
        {
            "id": 74,
            "model": "이상",
            "content": "Just once more..."
        },
        {
            "id": 75,
            "model": "이상",
            "content": "I wished to fly."
        }
    ]
}