{
    "dataList": [
        {
            "id": 0,
            "model": "스테파네트",
            "teller": "Stephanette",
            "title": "???",
            "content": "It's a beautiful yet poignant story, isn't it?"
        },
        {
            "id": 1,
            "model": "스테파네트",
            "teller": "Stephanette",
            "title": "???",
            "content": "If all the stories in the world were happy ones, the skies might not have needed stars anymore."
        },
        {
            "id": 2,
            "model": "스테파네트",
            "teller": "Stephanette",
            "title": "???",
            "content": "In solitude and darkness are stars born."
        },
        {
            "id": 3,
            "model": "스테파네트",
            "teller": "Stephanette",
            "title": "???",
            "content": "You loved my stories for the same reason."
        },
        {
            "id": 4,
            "model": "스테파네트",
            "teller": "Stephanette",
            "title": "???",
            "content": "……"
        },
        {
            "id": 5,
            "model": "스테파네트",
            "teller": "Stephanette",
            "title": "???",
            "content": "I'll tell you tales of more worlds."
        },
        {
            "id": 6,
            "model": "스테파네트",
            "teller": "Stephanette",
            "title": "???",
            "content": "So cry for me. In my stead, and in everyone else's."
        }
    ]
}