{
    "dataList": [
        {
            "id": 0,
            "place": "Withering League of Nine Littérateurs",
            "model": "이상",
            "content": "There was wilting among the nine."
        },
        {
            "id": 1,
            "model": "이상",
            "content": "Those who indulged in research with purity and astonishment on their faces as they did in the old days have already withdrawn their buds."
        },
        {
            "id": 2,
            "model": "이상",
            "content": "In exchange, unfamiliar sounds began to fill the air."
        },
        {
            "id": 3,
            "model": "이상",
            "content": "Orderly footsteps, sounds of wind-up keys that signify their position, and heavy, low voices."
        },
        {
            "id": 4,
            "model": "오티스",
            "content": "Why... Why did you tell them the League's location, Aneung?"
        },
        {
            "id": 5,
            "model": "싱클레어",
            "content": "...Anyone would have done the same."
        },
        {
            "id": 6,
            "model": "싱클레어",
            "content": "They said if I don't reveal the source of the technology... I'll be forcefully repatriated to S Corp."
        },
        {
            "id": 7,
            "model": "과거동백",
            "teller": "Dongbaek",
            "title": "League of Nine Littérateurs",
            "content": "Then you should've braced for it! Have the guts to bite your tongue and die if you couldn't stand to survive alone in the hometown!"
        },
        {
            "id": 8,
            "model": "이스마엘",
            "content": "W-Why are these people dragging me away?"
        },
        {
            "id": 9,
            "model": "이스마엘",
            "content": "Why is it a crime that I couldn't yield my technology?"
        },
        {
            "id": 10,
            "model": "이스마엘",
            "content": "My technology was worthless! You said it yourself, Young-ji! Help! I don't want to go!"
        },
        {
            "id": 11,
            "model": "홍루",
            "content": "……"
        },
        {
            "id": 12,
            "model": "홍루",
            "content": "No matter how hard we think... There's really only one way."
        },
        {
            "id": 13,
            "model": "홍루",
            "content": "It'll all be over once I go back. If I give away the glass..."
        },
        {
            "id": 14,
            "model": "과거동백",
            "teller": "Dongbaek",
            "title": "League of Nine Littérateurs",
            "content": "If you're caught, the League will be done for. Who knows what might they do with your technology once it falls into their hands?"
        },
        {
            "id": 15,
            "model": "이상",
            "content": "The voices of desperation ringing in the air did not change a thing."
        },
        {
            "id": 16,
            "model": "이상",
            "content": "And so, there were those who rejected the notion of yielding their creations..."
        },
        {
            "id": 17,
            "model": "뫼르소",
            "content": "I knew my turn would come."
        },
        {
            "id": 18,
            "model": "뫼르소",
            "content": "And... I don't believe we'll ever see each other again."
        },
        {
            "id": 19,
            "model": "이상",
            "content": "Those who calmly let themselves be taken away..."
        },
        {
            "id": 20,
            "model": "그레고르",
            "content": "I'm bored of living in hiding."
        },
        {
            "id": 21,
            "model": "그레고르",
            "content": "I've decided to go my own way. Let's hope we never meet again."
        },
        {
            "id": 22,
            "model": "이상",
            "content": "Those who left on their own..."
        },
        {
            "id": 23,
            "model": "파우스트",
            "content": "I saw a child who resembled the ocean."
        },
        {
            "id": 24,
            "model": "파우스트",
            "content": "It's not like the glass... or the mirror, but I like the things reflected on the waves and tides of the ocean."
        },
        {
            "id": 25,
            "model": "파우스트",
            "content": "Since I couldn't fathom the depth of the waters, I decided to follow along."
        },
        {
            "id": 26,
            "model": "이상",
            "content": "And those who forever disappeared, leaving unknowable parting remarks."
        },
        {
            "id": 27,
            "model": "이상",
            "content": "Like that... winter approached."
        },
        {
            "id": 28,
            "model": "이스마엘",
            "content": "……"
        },
        {
            "id": 29,
            "model": "이스마엘",
            "content": "That was a painful experience. It was like I was actually in the shoes of a League of Nine member..."
        },
        {
            "id": 30,
            "model": "파우스트",
            "content": "We're synchronizing with their memories. It's only natural that their traces will influence us."
        }
    ]
}