{
    "dataList": [
        {
            "id": 0,
            "place": "Withering League of Nine Littérateurs",
            "model": "이스마엘",
            "content": "Isn't this a concept incinerator?"
        },
        {
            "id": 1,
            "model": "이스마엘",
            "content": "What is it doing here..."
        },
        {
            "id": 2,
            "model": "오티스",
            "content": "We've received an official notice that private technological invention groups of five or more people not registered as a business require a permit from T Corp."
        },
        {
            "id": 3,
            "model": "오티스",
            "content": "The same goes for technology. Everything that hasn't been authorized by the Wing's tech agency will be confiscated."
        },
        {
            "id": 4,
            "model": "오티스",
            "content": "Whether they're registered or taken by force... they'll be used in ways none of us wanted."
        },
        {
            "id": 5,
            "model": "오티스",
            "content": "That is why we will rid the world of them before that happens."
        },
        {
            "id": 6,
            "model": "이스마엘",
            "content": "But, why now of all times? Is it because of the League's gatherings... No, is this about the window...?"
        },
        {
            "id": 7,
            "model": "동랑",
            "teller": "Dongrang",
            "title": "K Corp. Dept. of Food Resource Development",
            "content": "Wait, wait. This idea that we have to make technology in secret could be a pitfall, you know? Who knows, T Corp. might just give us the approval."
        },
        {
            "id": 8,
            "model": "오티스",
            "content": "A foolish question. Did you forget the reason the League of Nine was established? We gathered together for the pure pursuit of knowledge. Not to serve Wings like pathetic mules."
        },
        {
            "id": 9,
            "model": "오티스",
            "content": "We deserted our hometowns for this cause, and now you suggest that we yield our knowledge? After all we've been through?"
        },
        {
            "id": 10,
            "model": "동랑",
            "teller": "Dongrang",
            "title": "K Corp. Dept. of Food Resource Development",
            "content": "Let's see the bigger picture. Rather than just T Corp, wouldn't the City as a whole be benefiting from them?"
        },
        {
            "id": 11,
            "model": "동랑",
            "teller": "Dongrang",
            "title": "K Corp. Dept. of Food Resource Development",
            "content": "Technology only has value when it's used for others. Until then, they're mere toys."
        },
        {
            "id": 12,
            "model": "동랑",
            "teller": "Dongrang",
            "title": "K Corp. Dept. of Food Resource Development",
            "content": "With this healing technology I've developed, I could save at least hundreds of lives in the City."
        },
        {
            "id": 13,
            "model": "동랑",
            "teller": "Dongrang",
            "title": "K Corp. Dept. of Food Resource Development",
            "content": "Should we really squander that chance... on protecting this make-believe organization?"
        },
        {
            "id": 14,
            "model": "과거동백",
            "teller": "Dongbaek",
            "title": "League of Nine Littérateurs",
            "content": "Dongrang, don't make clumsy attempts unless you're planning to save everyone in the City."
        },
        {
            "id": 15,
            "model": "과거동백",
            "teller": "Dongbaek",
            "title": "League of Nine Littérateurs",
            "content": "If I thought this measly technology had what it takes to give every single person the help they needed, I would've given my all for it."
        },
        {
            "id": 16,
            "model": "과거동백",
            "teller": "Dongbaek",
            "title": "League of Nine Littérateurs",
            "content": "But... you think that'll change anything? The world will still be a terrible mess."
        },
        {
            "id": 17,
            "model": "동랑",
            "teller": "Dongrang",
            "title": "K Corp. Dept. of Food Resource Development",
            "content": "……"
        },
        {
            "id": 18,
            "model": "동랑",
            "teller": "Dongrang",
            "title": "K Corp. Dept. of Food Resource Development",
            "content": "You're right, I thought wrong. What's the point in all this."
        },
        {
            "id": 19,
            "model": "동랑",
            "teller": "Dongrang",
            "title": "K Corp. Dept. of Food Resource Development",
            "content": "Wow... Look at that... It really does a good job at burning things. You think its creator was a researcher who had an ardor for genuine study like us?"
        },
        {
            "id": 20
        },
        {
            "id": 21,
            "model": "이상",
            "content": "Dongrang... Are you certain you're alright?"
        },
        {
            "id": 22,
            "model": "동랑",
            "teller": "Dongrang",
            "title": "K Corp. Dept. of Food Resource Development",
            "content": "Hey, check this out, Yi Sang."
        },
        {
            "id": 23,
            "model": "동랑",
            "teller": "Dongrang",
            "title": "K Corp. Dept. of Food Resource Development",
            "content": "I chanced upon this curious thing in the Backstreets."
        },
        {
            "id": 24,
            "model": "동랑",
            "teller": "Dongrang",
            "title": "K Corp. Dept. of Food Resource Development",
            "content": "It's apparently an item a Wing called K Corp. is producing these days. It's a swarm of nanobots that look like liquid to the naked eye, and when you inject it..."
        },
        {
            "id": 25,
            "model": "동랑",
            "teller": "Dongrang",
            "title": "K Corp. Dept. of Food Resource Development",
            "content": "No matter how badly you're crushed, hurt, fractured, ripped, torn, or chopped away..."
        },
        {
            "id": 26,
            "model": "동랑",
            "teller": "Dongrang",
            "title": "K Corp. Dept. of Food Resource Development",
            "content": "It all heals up in seconds. Amazing, isn't it? It only takes a short while for the pain to be gone. Hahaha."
        },
        {
            "id": 27,
            "model": "동랑",
            "teller": "Dongrang",
            "title": "K Corp. Dept. of Food Resource Development",
            "content": "It was perfectly fine to be hurt. I didn't have to strain my body and heart trying to cure things. I was so stupid, wasn't I?"
        },
        {
            "id": 28,
            "model": "이상",
            "content": "...Dongrang."
        }
    ]
}