{
    "dataList": [
        {
            "id": 0,
            "place": "The Pallid Whale's Right Ventricle",
            "model": "단테",
            "content": "<Whew, we just need to get past that Abnormality. Then we can get to cutting the Whale's arteries.>"
        },
        {
            "id": 1,
            "model": "그레고르",
            "content": "Looks like we can cross that sinew-like bridge over there."
        },
        {
            "id": 2,
            "content": "Queequeg suddenly steps in between us and the bridge."
        },
        {
            "id": 3,
            "model": "료슈",
            "content": "H.W. What are you doing?"
        },
        {
            "id": 4,
            "model": "퀴케그",
            "content": "The bridge. Made of flimsy veins."
        },
        {
            "id": 5,
            "model": "료슈",
            "content": "This way. Original plan."
        },
        {
            "id": 6,
            "model": "퀴케그",
            "content": "This looks like the way, but no. Not the way. Once one person cross, bridge snap under next."
        },
        {
            "id": 7,
            "model": "단테",
            "content": "<What...?>"
        },
        {
            "id": 8,
            "content": "Outis was the first to put the pieces together."
        },
        {
            "id": 9,
            "model": "오티스",
            "content": "I get it. You already knew that this path was going to snap. Despite that, you have led us here. That means..."
        },
        {
            "id": 10,
            "model": "오티스",
            "content": "You were going to cross this bridge, and drop all of us behind you."
        },
        {
            "id": 11,
            "model": "히스클리프",
            "content": "... Blimey. What'd I say? There was something iffy about this plan! Oi, is this that loony Captain's orders?"
        },
        {
            "id": 12,
            "model": "퀴케그",
            "content": "... She said... sacrifice, necessary."
        },
        {
            "id": 13,
            "model": "퀴케그",
            "content": "Can't go forward unless someone falls."
        },
        {
            "id": 14,
            "model": "퀴케그",
            "content": "I wanted to escape. I wanted to escape with Pequod crew."
        },
        {
            "id": 15,
            "model": "히스클리프",
            "content": "And we were just acceptable losses on the way, huh? Just like that?"
        },
        {
            "id": 16,
            "model": "퀴케그",
            "content": "Yes."
        },
        {
            "id": 17,
            "model": "이스마엘",
            "content": "Then why... did you change your mind?"
        },
        {
            "id": 18,
            "model": "퀴케그",
            "content": "Want to know, now."
        },
        {
            "id": 19,
            "model": "이스마엘",
            "content": "Know... what?"
        },
        {
            "id": 20,
            "model": "퀴케그",
            "content": "My way. My path."
        }
    ]
}