{
    "dataList": [
        {
            "id": 0,
            "content": "Ishmael slowly approaches Ahab. Her face is shrouded in a grim shadow."
        },
        {
            "id": 1,
            "model": "에이해브",
            "teller": "Ahab",
            "title": "Effloresced E.G.O::GasHarpoon",
            "content": "So you've finally killed everyone. Didn't even leave a single one of them alive."
        },
        {
            "id": 2,
            "model": "이스마엘",
            "content": "Yeah. And you're the last one."
        },
        {
            "id": 3,
            "model": "에이해브",
            "teller": "Ahab",
            "title": "Effloresced E.G.O::GasHarpoon",
            "content": "Hah..."
        },
        {
            "id": 4,
            "model": "에이해브",
            "teller": "Ahab",
            "title": "Effloresced E.G.O::GasHarpoon",
            "content": "HA! HA! AHAHAHAHAHAHA!!!!"
        },
        {
            "id": 5,
            "model": "에이해브",
            "teller": "Ahab",
            "title": "Effloresced E.G.O::GasHarpoon",
            "content": "YES! Now, we have become one and the same, Ishmael."
        },
        {
            "id": 6,
            "model": "에이해브",
            "teller": "Ahab",
            "title": "Effloresced E.G.O::GasHarpoon",
            "content": "The paths to our destinations are both unclouded. Any sacrifice, any amount of death can be justified as long as we can see our missions through to their ends!"
        },
        {
            "id": 7,
            "model": "에이해브",
            "teller": "Ahab",
            "title": "Effloresced E.G.O::GasHarpoon",
            "content": "As long as we kill that bastard, we will have nothing more to wish for in our lives!"
        }
    ]
}