{
    "dataList": [
        {
            "id": 0,
            "place": "Pequod Town",
            "model": "피쿼드호주민1",
            "teller": "???",
            "title": "???",
            "content": "Here we are! Welcome to Pequod Town."
        },
        {
            "id": 1,
            "model": "피쿼드호주민2",
            "teller": "???",
            "title": "???",
            "content": "We're back, Cap'n! Look what we fished up!"
        },
        {
            "id": 2,
            "model": "단테",
            "content": "<Captain?>"
        },
        {
            "id": 3,
            "model": "에이해브",
            "teller": "Captain?",
            "title": "???",
            "content": "Quite the catch indeed! You certainly are an excellent scout, Starbuck!"
        },
        {
            "id": 4,
            "content": "A wiry old woman approached us, her harsh voice tickling our ears."
        },
        {
            "id": 5,
            "model": "에이해브",
            "teller": "Captain?",
            "title": "???",
            "content": "Two gold coins for you, lad. And here's one for the twins."
        },
        {
            "id": 6,
            "model": "피쿼드호주민1",
            "teller": "???",
            "title": "???",
            "content": "Thank you, Cap'n."
        },
        {
            "id": 7,
            "model": "에이해브",
            "teller": "Captain?",
            "title": "???",
            "content": "It has been a long, long while since our Pequod Town gained new villagers."
        },
        {
            "id": 8,
            "model": "그레고르",
            "content": "... Villagers? Not guests?"
        },
        {
            "id": 9,
            "model": "오티스",
            "content": "That woman seems to think us already bound to this village."
        },
        {
            "id": 10,
            "model": "이스마엘",
            "content": "I knew it..."
        },
        {
            "id": 11,
            "model": "에이해브",
            "teller": "Captain?",
            "title": "???",
            "content": "Welcome. I have built this village and watched over these poor, wretched souls. Soon, I shall set sail on the final voyage with my crew."
        },
        {
            "id": 12,
            "model": "에이해브",
            "content": "I am Captain Ahab."
        },
        {
            "id": 13,
            "model": "단테",
            "content": "<... Ah, Ishmael...!>"
        },
        {
            "id": 14,
            "model": "이스마엘",
            "content": "You have... no idea how I've waited... how I've longed for this moment. You won't ever know."
        },
        {
            "id": 15,
            "model": "이스마엘",
            "content": "Because I'll gut you like a fish before you even have the chance to find out."
        },
        {
            "id": 16,
            "content": "Muttering, Ishmael charged at Ahab."
        },
        {
            "id": 17,
            "model": "에이해브",
            "content": "What a way to greet your Captain, Ishmael."
        },
        {
            "id": 18,
            "content": "The Captain remained serene, even as Ishmael suddenly charged at her."
        },
        {
            "id": 19,
            "model": "스타벅",
            "teller": "???",
            "title": "Pequod Town",
            "content": "I-Ishmael...?! Wa...it, now that you mention it—"
        },
        {
            "id": 20,
            "model": "피쿼드호주민1",
            "teller": "Blinded Pequod Town Villager",
            "title": "Pequod Town",
            "content": "You thankless bastards. You dare attack our Cap'n?!"
        },
        {
            "id": 21,
            "model": "피쿼드호주민2",
            "teller": "Gagged Pequod Town Villager",
            "title": "Pequod Town",
            "content": "We'll show you what we're made of!"
        },
        {
            "id": 22,
            "model": "피쿼드호주민1",
            "teller": "Blinded Pequod Town Villager",
            "title": "Pequod Town",
            "content": "We'll toss you back into that river of acid!"
        }
    ]
}