{
    "dataList": [
        {
            "id": 0,
            "place": "Thumping of the Heart",
            "model": "에이해브",
            "content": "Oh, you are doing much better than I expected."
        },
        {
            "id": 1,
            "model": "그레고르",
            "content": "Hey, you... Don't tell me you've just been twiddling your thumbs, watching us fight?"
        },
        {
            "id": 2,
            "model": "에이해브",
            "content": "I would have just gotten in your way."
        },
        {
            "id": 3,
            "content": "It appeared that Ahab lost most of her crew on her way here."
        },
        {
            "id": 4,
            "model": "퀴케그",
            "content": "……."
        },
        {
            "id": 5,
            "model": "퀴케그",
            "content": "Rest of crew not here. Only five now. Why?"
        },
        {
            "id": 6,
            "model": "에이해브",
            "content": "You dare question me now, eh? Your present company must've rubbed off on you."
        },
        {
            "id": 7,
            "model": "에이해브",
            "content": "I have enough men left. The rest were... disposable. They must have left you quite the impression, Queequeg."
        },
        {
            "id": 8,
            "model": "퀴케그",
            "content": "Say it. Why."
        },
        {
            "id": 9,
            "model": "에이해브",
            "content": "Before I do... Queequeg, where's your greeting for your Captain? For your surviving compatriots?"
        },
        {
            "id": 10,
            "model": "에이해브",
            "content": "Especially when... the heart presents itself before us! We are THIS close to killing the Whale!"
        },
        {
            "id": 11,
            "model": "핍",
            "content": "Pip hates Mermaids!!! W-want to! Now! Want to get out of here!!!"
        },
        {
            "id": 12,
            "model": "핍",
            "content": "But the pale keeps trying to eat Pip. This. Ugh, ughh. It won't come off."
        },
        {
            "id": 13,
            "model": "에이해브",
            "content": "The Pallidification is progressing, the closer we get to the heart. It is starting to get rather... bothersome."
        },
        {
            "id": 14,
            "content": "The Pallidification effect was intensifying, indeed."
        },
        {
            "id": 15,
            "model": "에이해브",
            "content": "But you. All of you are somehow completely unaffected."
        },
        {
            "id": 16,
            "model": "에이해브",
            "content": "And... this ticking sound! It has been getting on my nerves!"
        },
        {
            "id": 17,
            "content": "Ahab strode toward me."
        },
        {
            "id": 18,
            "model": "에이해브",
            "content": "Tell me. What will I find in your clock-head?"
        },
        {
            "id": 19,
            "model": "단테",
            "content": "<…!>"
        },
        {
            "id": 20,
            "content": "Ahab looks into my head."
        },
        {
            "id": 21,
            "content": "And I, in turn, raise my head to return the gaze."
        },
        {
            "id": 22,
            "model": "단테",
            "content": "<This is...!>"
        },
        {
            "id": 23,
            "content": "Ahab's journey through the pancreas plays right before my eyes."
        },
        {
            "id": 24,
            "model": "피쿼드호주민2",
            "teller": "Hanging Villager",
            "title": "Pequod Town",
            "content": "Cap'n... You said... you won't let me be... a Mermaid..."
        },
        {
            "id": 25,
            "model": "에이해브",
            "content": "Well, then... this was not the right method indeed."
        },
        {
            "id": 26,
            "model": "피쿼드호주민2",
            "teller": "Despairing Villager",
            "title": "Pequod Town",
            "content": "Huh...? No...! Don't cut that! Everyone behind you will...!"
        },
        {
            "id": 27,
            "model": "핍",
            "content": "Captain! That was Pip! Pip cut the vein!"
        },
        {
            "id": 28,
            "model": "에이해브",
            "content": "Wonderful! Imagine how overjoyed Stubb would be, were he to witness your exploits!"
        },
        {
            "id": 29,
            "model": "핍",
            "content": "Think he's watching over Pip? Can we kill the hateful Whale?! Heheh! Ahahahaha!"
        },
        {
            "id": 30,
            "model": "피쿼드호주민2",
            "teller": "Falling Villager",
            "title": "Pequod Town",
            "content": "Huh... Huuh? Aaaaaahhhh!"
        },
        {
            "id": 31,
            "model": "피쿼드호주민2",
            "teller": "Shocked Villager",
            "title": "Pequod Town",
            "content": "C-Captain... What did you just...?"
        },
        {
            "id": 32,
            "model": "에이해브",
            "content": "I kicked the lad in there. Looks like that wasn't the right path."
        },
        {
            "id": 33,
            "model": "에이해브",
            "content": "You dare beg for your life?"
        },
        {
            "id": 34,
            "model": "피쿼드호주민2",
            "teller": "Hesitating Villager",
            "title": "Pequod Town",
            "content": "C-Captain. That's not it. It's..."
        },
        {
            "id": 35,
            "model": "에이해브",
            "content": "With every moment, every second we waste, the end of days grows near! Every beating of that Pallid Whale's heart is a bell tolling for the end of the world!"
        },
        {
            "id": 36,
            "model": "에이해브",
            "content": "We can stop the apocalypse with our own two hands! Yet you kneel here and dare to grovel for your life?!"
        },
        {
            "id": 37,
            "model": "에이해브",
            "content": "You mean to make your crew's sacrifices to have been for naught?! Unbelievable!"
        },
        {
            "id": 38,
            "model": "피쿼드호주민2",
            "teller": "Hesitating Villager",
            "title": "Pequod Town",
            "content": "N-no, Captain..."
        },
        {
            "id": 39,
            "model": "피쿼드호주민2",
            "teller": "Hesitating Villager",
            "title": "Pequod Town",
            "content": "I can die, for this cause I will...!"
        },
        {
            "id": 40,
            "model": "에이해브",
            "content": "Nay, not death! I have never, and will never order my men to their deaths."
        },
        {
            "id": 41,
            "model": "에이해브",
            "content": "I send them to greatness, not death."
        }
    ]
}