{
    "dataList": [
        {
            "id": 0,
            "model": "핍",
            "content": "Ehehehe, heheh. Hehe!"
        },
        {
            "id": 1,
            "model": "이스마엘",
            "content": "Stubb's death did this to you, didn't it...?"
        },
        {
            "id": 2,
            "model": "에이해브",
            "teller": "Ahab",
            "title": "Effloresced E.G.O::GasHarpoon",
            "content": "Stubb's not dead, Miss Ishmael!"
        },
        {
            "id": 3,
            "model": "에이해브",
            "teller": "Ahab",
            "title": "Effloresced E.G.O::GasHarpoon",
            "content": "Pip would have said as such! He crushed his own heart and gave himself to me, so that he would be freed from his guilt!"
        },
        {
            "id": 4,
            "model": "에이해브",
            "teller": "Ahab",
            "title": "Effloresced E.G.O::GasHarpoon",
            "content": "Be not so cruel to a mere child, Ishmael! Cast your eyes upon me!"
        },
        {
            "id": 5,
            "model": "에이해브",
            "teller": "Ahab",
            "title": "Effloresced E.G.O::GasHarpoon",
            "content": "His broken heart led him to me, and I have freed him from his guilt to the best of my abilities!"
        },
        {
            "id": 6,
            "model": "에이해브",
            "teller": "Ahab",
            "title": "Effloresced E.G.O::GasHarpoon",
            "content": "But what did you do? Nothing! The least you could have done was to volunteer to row in Pip's place on that fateful day!"
        },
        {
            "id": 7,
            "model": "에이해브",
            "teller": "Ahab",
            "title": "Effloresced E.G.O::GasHarpoon",
            "content": "The fault lies with you, Ishmael!"
        },
        {
            "id": 8,
            "model": "에이해브",
            "teller": "Ahab",
            "title": "Effloresced E.G.O::GasHarpoon",
            "content": "Yet I am the evil here?"
        }
    ]
}