{
    "dataList": [
        {
            "id": 0,
            "place": "Inside the Pallid Whale",
            "model": "그레고르",
            "content": "Haah... Yeah, let's bounce before more of those Mermaids show up."
        },
        {
            "id": 1,
            "model": "싱클레어",
            "content": "Bounce where...? We're trapped inside a Whale."
        },
        {
            "id": 2,
            "model": "로쟈",
            "content": "Are we... are we gonna end up looking like them, too? You know, we've been... 'devoured'."
        },
        {
            "id": 3,
            "model": "파우스트",
            "content": "The Golden Bough inside Dante's head is likely counteracting the Pallidification effects on the Sinners' bodies."
        },
        {
            "id": 4,
            "model": "파우스트",
            "content": "But there is no guarantee that this defensive effect would last forever."
        },
        {
            "id": 5,
            "model": "파우스트",
            "content": "We must take into account that we are in an unknown environment."
        },
        {
            "id": 6,
            "content": "In other words, spending too long here could turn us into Mermaids, just like them..."
        },
        {
            "id": 7,
            "content": "I wasn't sure if I could bring back a Sinner that's turned into a Mermaid."
        },
        {
            "id": 8,
            "model": "단테",
            "content": "<But... Where do we even go?>"
        },
        {
            "id": 9,
            "model": "단테",
            "content": "<I don't have even the slightest idea as to where we might be...>"
        },
        {
            "id": 10,
            "model": "홍루",
            "content": "Weird... I didn't know it could rain inside a Whale's belly."
        },
        {
            "id": 11,
            "content": "I was still unsure where to go, so much so that I was starting to feel completely lost... when Hong Lu suddenly blurted something about rain."
        },
        {
            "id": 12,
            "model": "단테",
            "content": "<... What are you talking about?>"
        },
        {
            "id": 13,
            "model": "홍루",
            "content": "Oh, it's just that I felt a few droplets of water on my shoulder."
        },
        {
            "id": 14,
            "model": "히스클리프",
            "content": "... Wait."
        },
        {
            "id": 15,
            "model": "히스클리프",
            "content": "So this is the first place we landed on after the Whale swallowed us whole, innit?"
        },
        {
            "id": 16,
            "model": "단테",
            "content": "<Right...>"
        },
        {
            "id": 17,
            "model": "히스클리프",
            "content": "Sorry, I just sometimes need someone to confirm my common senses."
        },
        {
            "id": 18,
            "model": "히스클리프",
            "content": "When you eat something... where does it usually land first?"
        },
        {
            "id": 19,
            "model": "로쟈",
            "content": "My stomach, of course. My poor, starving stomach..."
        },
        {
            "id": 20,
            "model": "파우스트",
            "content": "... I see your point, Heathcliff."
        },
        {
            "id": 21,
            "model": "파우스트",
            "content": "The stomach constantly secretes acid in order to digest the food effectively."
        },
        {
            "id": 22,
            "model": "싱클레어",
            "content": "Yeah, I think I learned about it in school. It's usually some kind of powerful acid..."
        },
        {
            "id": 23,
            "model": "싱클레어",
            "content": "That... dissolves everything it touches..."
        },
        {
            "id": 24,
            "model": "홍루",
            "content": "Ohh~"
        },
        {
            "id": 25,
            "model": "홍루",
            "content": "So that's why my clothes melted where the water touched. Feels a bit prickly, too."
        },
        {
            "id": 26,
            "content": "I stared at Hong Lu's shoulder. Something had burrowed a hole there, and the surrounding skin was sizzling and melting away."
        },
        {
            "id": 27,
            "model": "돈키호테",
            "content": "Are we fated to become porridge... so soon after our arrival...?"
        },
        {
            "id": 28,
            "model": "파우스트",
            "content": "There is one positive discovery, however. This creature appears to share similar biological mechanisms and shapes as an ordinary organic lifeform."
        },
        {
            "id": 29,
            "model": "단테",
            "content": "<Everyone... We gotta run...!>"
        },
        {
            "id": 30,
            "model": "단테",
            "content": "<I don't care how many pieces of you there are left, just make sure that there's something left for me to bring back...>"
        }
    ]
}