{
    "dataList": [
        {
            "id": 0,
            "model": "에이해브",
            "content": "What... What have you...!"
        },
        {
            "id": 1,
            "model": "이스마엘",
            "content": "Look at me."
        },
        {
            "id": 2,
            "model": "이스마엘",
            "content": "And tell me that we're still \"one and the same\"."
        },
        {
            "id": 3,
            "model": "에이해브",
            "content": "Why... Why...!"
        },
        {
            "id": 4
        }
    ]
}