{
    "dataList": [
        {
            "id": 0,
            "place": "Rendezvous Area Before the Heart",
            "model": "싱클레어",
            "content": "Finally, once this is over... We can get out of here."
        },
        {
            "id": 1,
            "model": "단테",
            "content": "<I guess Ahab's not here yet...>"
        },
        {
            "id": 2,
            "model": "이스마엘",
            "content": "Tsk... is that an Abnormality?"
        },
        {
            "id": 3,
            "content": "Something twitched before us. An entity skewered by numerous fluorescent bars."
        },
        {
            "id": 4,
            "model": "이스마엘",
            "content": "… Get out of my way."
        },
        {
            "id": 5,
            "model": "단테",
            "content": "<Watch out, it's charging!>"
        },
        {
            "id": 6,
            "content": "Perhaps it felt threatened when Ishmael grabbed her harpoon. It leaped out of the Lake and began rushing toward us."
        }
    ]
}