{
    "dataList": [
        {
            "id": 0,
            "place": "Pequod Town",
            "model": "퀴케그가면",
            "teller": "???",
            "title": "Pequod Town",
            "content": "All of you. Strong."
        },
        {
            "id": 1,
            "model": "퀴케그가면",
            "teller": "???",
            "title": "Pequod Town",
            "content": "But no sailors."
        },
        {
            "id": 2,
            "model": "료슈",
            "content": "Why, talk, so, slow? Irritating."
        },
        {
            "id": 3,
            "model": "료슈",
            "content": "If you're not abbreviating with acronyms... then all you're doing is wasting time."
        },
        {
            "id": 4,
            "content": "Ishmael's mace nicked the harpooneer's mask. She came dangerously close to smashing their skull."
        },
        {
            "id": 5,
            "model": "이스마엘",
            "content": "Should've gotten out of my way when I gave you the chance... Now I'm going to have to bash your face in."
        },
        {
            "id": 6,
            "model": "퀴케그",
            "teller": "???",
            "title": "Pequod Town",
            "content": "But you. You are sailor."
        },
        {
            "id": 7,
            "model": "이스마엘",
            "content": "... Right."
        },
        {
            "id": 8,
            "model": "이스마엘",
            "content": "... We both are."
        },
        {
            "id": 9,
            "model": "이스마엘",
            "content": "Queequeg!!!"
        },
        {
            "id": 10,
            "content": "In a sudden, explosive burst of energy, Ishmael bolted forth like a cannonball toward Queequeg before holding her in a tight embrace."
        },
        {
            "id": 11,
            "model": "로쟈",
            "content": "Whew... wasn't she saying something about bashing her face in just moments ago?"
        },
        {
            "id": 12,
            "model": "이상",
            "content": "This embrace is what one does when meeting an old fellow."
        },
        {
            "id": 13,
            "model": "이상",
            "content": "You fear they may flutter away unless you hold them tightly so."
        },
        {
            "id": 14,
            "model": "퀴케그",
            "teller": "Queequeg",
            "title": "Pequod Town",
            "content": "Your hair color. Can't forget."
        },
        {
            "id": 15,
            "model": "퀴케그",
            "teller": "Queequeg",
            "title": "Pequod Town",
            "content": "Your name. I know."
        },
        {
            "id": 16,
            "model": "퀴케그",
            "teller": "Queequeg",
            "title": "Pequod Town",
            "content": "But no attacking Captain."
        },
        {
            "id": 17,
            "model": "이스마엘",
            "content": "Why...? I'm just..."
        },
        {
            "id": 18,
            "model": "퀴케그",
            "teller": "Queequeg",
            "title": "Pequod Town",
            "content": "You attack Captain again, I attack you."
        },
        {
            "id": 19,
            "model": "퀴케그",
            "teller": "Queequeg",
            "title": "Pequod Town",
            "content": "Then kill or be killed. One of us."
        },
        {
            "id": 20,
            "model": "이스마엘",
            "content": "……."
        },
        {
            "id": 21,
            "model": "에이해브",
            "content": "Well now, whatever shall you do? Starbuck here has, out of the kindness of his heart, rescued you from jaws of death. Invited you to my village!"
        },
        {
            "id": 22,
            "model": "에이해브",
            "content": "Yet you've elected to attack me, as if to spit on that very kindness."
        },
        {
            "id": 23,
            "model": "에이해브",
            "content": "Were we sailing the Great Lake, I would have had all of you tied and thrown overboard to be crushed underneath the keel of our ship, your lungs bloating with the Lake's waters."
        },
        {
            "id": 24,
            "content": "There were at least 40 people living in Pequod Town. And that was a conservative estimate."
        },
        {
            "id": 25,
            "content": "From their vicious glares, I could tell that every single one of them was a fiercely loyal follower of Ahab."
        },
        {
            "id": 26,
            "content": "Here we were in this unfamiliar environment, trapped and lost..."
        },
        {
            "id": 27,
            "model": "단테",
            "content": "<Things aren't looking so good...>"
        },
        {
            "id": 28,
            "content": "A single word from Ahab, and they'll all be upon us..."
        },
        {
            "id": 29,
            "content": "If we were to retreat... behind us is the river of stomach acid. Ahead of us is an unknown territory."
        },
        {
            "id": 30,
            "model": "에이해브",
            "content": "Haha!! Lads, lasses! Cast fear from your hearts."
        },
        {
            "id": 31,
            "model": "에이해브",
            "content": "It is lucky for you, that..."
        },
        {
            "id": 32,
            "model": "에이해브",
            "content": "... I am nothing if not merciful. I shall forgive your transgressions thus far."
        },
        {
            "id": 33,
            "model": "에이해브",
            "content": "I have questions I would like to ask you, and I am certain that you have a few for me as well."
        },
        {
            "id": 34,
            "model": "에이해브",
            "content": "If you are willing to talk, then enter the Captain's quarters."
        },
        {
            "id": 35,
            "model": "에이해브",
            "content": "In peace, mind."
        },
        {
            "id": 36,
            "content": "Ahab casually turned around and marched into one of the buildings. She carried herself with utmost confidence."
        },
        {
            "id": 37,
            "content": "It was almost like she knew that we would follow. That we had no choice but to follow."
        },
        {
            "id": 38,
            "model": "히스클리프",
            "content": "... Oi, them blokes that were glarin' at us... They're gone, like nothing happened."
        },
        {
            "id": 39,
            "model": "퀴케그",
            "content": "Captain forgave. Then everyone also forgives. I forgive, too."
        },
        {
            "id": 40,
            "model": "히스클리프",
            "content": "Huh... To turn her back on someone who was charging at her with murderous intent just moments ago... It's..."
        },
        {
            "id": 41,
            "model": "오티스",
            "content": "Yes. She is confident."
        },
        {
            "id": 42,
            "model": "오티스",
            "content": "Confident that she's got the numerical advantage, even if we were to press the offensive. Confident that we know there's more for us to lose by attacking her than by going along with her."
        },
        {
            "id": 43,
            "model": "오티스",
            "content": "With what just happened... she's made it clear as day that, at least while we're in here, she has absolute control of the situation."
        },
        {
            "id": 44,
            "model": "단테",
            "content": "<…….>"
        },
        {
            "id": 45,
            "model": "이스마엘",
            "content": "Talk with her? In peace...? Nonsense..."
        },
        {
            "id": 46,
            "model": "단테",
            "content": "<It's not like we have a way out of here...>"
        },
        {
            "id": 47,
            "content": "Ishmael's gaze followed Queequeg, who walked wordlessly behind the Captain."
        },
        {
            "id": 48,
            "model": "이스마엘",
            "content": "Haah."
        },
        {
            "id": 49,
            "model": "이스마엘",
            "content": "... Let's go."
        },
        {
            "id": 50,
            "model": "이스마엘",
            "content": "Let's listen to what that bastard's got to say."
        },
        {
            "id": 51,
            "model": "이스마엘",
            "content": "There's nowhere to run, after all."
        },
        {
            "id": 52,
            "model": "이스마엘",
            "content": "For her, or for us."
        },
        {
            "id": 53,
            "model": "퀴케그",
            "content": "……."
        }
    ]
}