{
    "dataList": [
        {
            "id": 0,
            "model": "이스마엘",
            "content": "…!"
        },
        {
            "id": 1,
            "model": "에이해브",
            "teller": "Ahab",
            "title": "Effloresced E.G.O::GasHarpoon",
            "content": "Do you still fail to see? They are already 'Ahab'."
        },
        {
            "id": 2,
            "model": "에이해브",
            "teller": "Ahab",
            "title": "Effloresced E.G.O::GasHarpoon",
            "content": "They are my harpoons. My hatred is their hatred. My vengeance is their vengeance. And my harpoons... shall not be defied!"
        }
    ]
}