{
    "dataList": [
        {
            "id": 0,
            "place": "The Pallid Whale's Right Ventricle",
            "content": "Ahab's commands led us straight to her singular goal, the heart."
        },
        {
            "id": 1,
            "model": "단테",
            "content": "<We've all been played by the Captain... From the moment we met her...>"
        },
        {
            "id": 2,
            "content": "As the Pequod's Crew..."
        },
        {
            "id": 3,
            "content": "Sailing for nothing, no one, but Ahab herself."
        },
        {
            "id": 4,
            "model": "히스클리프",
            "content": "Clockhead. You see it too, don't you?"
        },
        {
            "id": 5,
            "content": "Captain Ahab has the uncanny ability to effortlessly delve deep into one's heart, to fish out their deepest wishes."
        },
        {
            "id": 6,
            "content": "Those hidden, yet desperate wishes."
        },
        {
            "id": 7,
            "content": "Everyone bites onto that bait. Getting dragged deeper and deeper into the abyss."
        },
        {
            "id": 8,
            "model": "히스클리프",
            "content": "Bite the bait and sink with the Captain, snared by those sweet words and the tantalizing hope that she dangles right in front of you. Not even knowing that you're slowly suffocating."
        },
        {
            "id": 9,
            "model": "히스클리프",
            "content": "It's your job, clockhead. Fish her back up. The lass is sinking."
        },
        {
            "id": 10,
            "model": "퀴케그",
            "teller": "Queequeg",
            "title": "Pequod Town",
            "content": "Broke it. Captain's orders."
        },
        {
            "id": 11,
            "model": "퀴케그",
            "teller": "Queequeg",
            "title": "Pequod Town",
            "content": "Broke Captain's orders. Can't see sunset again."
        },
        {
            "id": 12,
            "model": "이스마엘",
            "content": "No, you can. You'll see the sunset again. As long as you sail your own path..."
        },
        {
            "id": 13,
            "model": "이스마엘",
            "content": "Because we'll get to the heart. No matter what."
        },
        {
            "id": 14,
            "model": "이스마엘",
            "content": "Ah...!"
        },
        {
            "id": 15,
            "model": "이스마엘",
            "content": "Can you hear that? The distant beating of the heart."
        },
        {
            "id": 16,
            "model": "퀴케그",
            "teller": "Queequeg",
            "title": "Pequod Town",
            "content": "The heart, beating..."
        },
        {
            "id": 17,
            "model": "단테",
            "content": "<It'll take us some time... But let's pay close attention to the heartbeat and feel our way there.>"
        }
    ]
}