{
    "dataList": [
        {
            "id": 0,
            "place": "Inside the Pallid Whale",
            "model": "오티스",
            "content": "Men! We will commence a search. This boat must be found as soon as possible."
        },
        {
            "id": 1,
            "model": "뫼르소",
            "content": "No, there is no need for a search."
        },
        {
            "id": 2,
            "model": "뫼르소",
            "content": "400 meters to your right. There is the boat—"
        },
        {
            "id": 3,
            "model": "오티스",
            "content": "Quite observant you are. Let's not waste any time and return to the boat."
        },
        {
            "id": 4,
            "model": "뫼르소",
            "content": "Allow me to finish. There is the boat in a ditch. 75% of its hull integrity has been breached and its remains are scattered on the ground."
        },
        {
            "id": 5,
            "model": "단테",
            "content": "<…….>"
        },
        {
            "id": 6,
            "model": "홍루",
            "content": "Wow, so this was a piece of our boat, huh?"
        },
        {
            "id": 7,
            "model": "파우스트",
            "content": "... That vessel was designed to be used more than three times."
        },
        {
            "id": 8,
            "content": "Hong Lu was pointing at the pitiful sight of an absolutely busted looking pieces of the propeller..."
        },
        {
            "id": 9,
            "content": "... Well, to be exact, busted pieces of the propeller and what appeared to once have been our boat's engines. Something comes to a sputtering halt amidst the wreckage."
        },
        {
            "id": 10,
            "model": "이상",
            "content": "Thus it rests here forevermore..."
        },
        {
            "id": 11,
            "model": "이상",
            "content": "This would have been quite the painful sight for Mika and Rain."
        },
        {
            "id": 12,
            "model": "파우스트",
            "content": "……."
        },
        {
            "id": 13,
            "model": "단테",
            "content": "<... This is a pretty painful sight for us, too.>"
        },
        {
            "id": 14,
            "model": "싱클레어",
            "content": "Uh, so... What do we..."
        },
        {
            "id": 15,
            "model": "이스마엘",
            "content": "Manager. You can still sense the Golden Bough, right?"
        },
        {
            "id": 16,
            "model": "단테",
            "content": "<Yeah. Unlike at the Lobotomy Corp. Branch, I can definitely feel that it's somewhere 'in here'. But it's also pretty far away, so I can't tell where it exactly—>"
        },
        {
            "id": 17,
            "model": "이스마엘",
            "content": "... Great. Are you ready to turn the clock?"
        },
        {
            "id": 18,
            "model": "단테",
            "content": "<What's that about turning the clock?>"
        },
        {
            "id": 19,
            "model": "단테",
            "content": "<Ohh...>"
        },
        {
            "id": 20,
            "content": "The Whale's pallor had taken over their bodies and minds."
        },
        {
            "id": 21,
            "content": "Of course. It only makes sense that this place is crawling with Mermaids."
        }
    ]
}