{
    "dataList": [
        {
            "id": 0,
            "model": "이스마엘",
            "content": "The Pallid Whale, and... Ahab..."
        },
        {
            "id": 1,
            "model": "이스마엘",
            "content": "They force their way into the cracks in our hearts."
        },
        {
            "id": 2,
            "model": "이스마엘",
            "content": "Everyone has those cracks in their hearts. They're what makes us hesitate, what makes us waver."
        },
        {
            "id": 3,
            "model": "이스마엘",
            "content": "Confusion. Loneliness. The anxiety of the unknown. The fear of knowing that the people... the things you cherish... will one day leave your side."
        },
        {
            "id": 4,
            "model": "이스마엘",
            "content": "They tightly choke these fragile, countless cracks in our hearts to the point of breaking."
        },
        {
            "id": 5,
            "model": "이스마엘",
            "content": "Before I even knew it, those cracks in my heart... were filled with a singular obsession. So much so that I was suffocating."
        },
        {
            "id": 6,
            "model": "이스마엘",
            "content": "\"I will kill Captain Ahab. The cause of all evils in the world that has brought me to this point.\""
        },
        {
            "id": 7,
            "model": "이스마엘",
            "content": "That obsession has wrapped me so tightly, and in so many impenetrable layers, that I..."
        },
        {
            "id": 8,
            "model": "이스마엘",
            "content": "... I could no longer even recognize the times I've spent with everyone... and the choices I've made..."
        },
        {
            "id": 9,
            "model": "이스마엘",
            "content": "And all of a sudden..."
        },
        {
            "id": 10,
            "model": "이스마엘",
            "content": "I began to sink, even memories of my own shape fading into oblivion."
        },
        {
            "id": 11,
            "model": "이스마엘",
            "content": "I'm lost here. I don't know where to go anymore."
        },
        {
            "id": 12,
            "model": "히스클리프",
            "content": "……."
        },
        {
            "id": 13,
            "model": "히스클리프",
            "content": "The hell are you doing in there?"
        },
        {
            "id": 14,
            "model": "히스클리프",
            "content": "Come out."
        },
        {
            "id": 15,
            "model": "이스마엘",
            "content": "Heath... cliff...?"
        },
        {
            "id": 16,
            "model": "이스마엘",
            "content": "When... when did this happen...? When did it... I-I didn't realize..."
        },
        {
            "id": 17,
            "place": "The Pallid Whale's Heart",
            "model": "히스클리프",
            "content": "No. I saw that very same look on your mug from the moment we first met."
        },
        {
            "id": 18,
            "model": "히스클리프",
            "content": "Thought you might suffocate and kick the bucket any minute."
        },
        {
            "id": 19,
            "model": "다친이스마엘",
            "content": "……."
        },
        {
            "id": 20,
            "content": "The pallid membrane devours Queequeg before Ishmael's eyes."
        },
        {
            "id": 21,
            "model": "다친이스마엘",
            "content": "I’m so sorry, Queequeg… I… couldn’t save you…"
        },
        {
            "id": 22,
            "model": "퀴케그녹음",
            "content": "No. I was. Too late."
        },
        {
            "id": 23,
            "model": "퀴케그녹음",
            "content": "Too late to think. About what is right and what is wrong. To think for myself. Too late."
        },
        {
            "id": 24,
            "model": "다친이스마엘",
            "content": "I, I should have been more... I should have..."
        },
        {
            "id": 25,
            "model": "퀴케그녹음",
            "content": "Hey."
        },
        {
            "id": 26,
            "model": "퀴케그녹음",
            "content": "Your name. Tell me. Once more."
        },
        {
            "id": 27,
            "place": "The Pequod",
            "model": "이스마엘과거",
            "content": "The Great Lake might be one of the worst places in the City... but it sure has a pretty sunset."
        },
        {
            "id": 28,
            "model": "퀴케그과거",
            "content": "……."
        },
        {
            "id": 29,
            "model": "퀴케그과거",
            "content": "Your name. What?"
        },
        {
            "id": 30,
            "model": "이스마엘과거",
            "content": "My name? W-why?"
        },
        {
            "id": 31,
            "model": "퀴케그과거",
            "content": "Because, your hair color. I like it."
        },
        {
            "id": 32,
            "model": "퀴케그과거",
            "content": "Whales. When they die, they turn to the sun."
        },
        {
            "id": 33,
            "model": "퀴케그과거",
            "content": "And your hair color. Sunset-color."
        },
        {
            "id": 34,
            "model": "퀴케그과거",
            "content": "So when I throw the harpoon, Whales turn to you."
        },
        {
            "id": 35,
            "model": "퀴케그과거",
            "content": "We can be good friends."
        },
        {
            "id": 36,
            "model": "이스마엘과거",
            "content": "Well... call me Ishmael, if you please."
        },
        {
            "id": 37,
            "place": "The Pallid Whale's Heart",
            "model": "다친이스마엘",
            "content": "... Call me... Ishmael..."
        },
        {
            "id": 38,
            "model": "퀴케그녹음",
            "content": "……."
        },
        {
            "id": 39,
            "content": "Queequeg disintegrated until she was no more."
        },
        {
            "id": 40,
            "model": "다친이스마엘",
            "content": "……."
        },
        {
            "id": 41,
            "content": "Ishmael limps toward Ahab. The Captain is on the ground, defeated."
        },
        {
            "id": 42,
            "content": "In Ishmael's hand is the harpoon that has been whetted and sharpened for this singular moment."
        },
        {
            "id": 43,
            "model": "단테",
            "content": "<…….>"
        },
        {
            "id": 44,
            "model": "다친이스마엘",
            "content": "You're in my way, Dante. Again."
        },
        {
            "id": 45,
            "model": "다친이스마엘",
            "content": "Why are you doing this? Why do you keep getting in my way? Why do you even turn the clock for me? What the hell do you get out of all this?"
        },
        {
            "id": 46,
            "model": "다친이스마엘",
            "content": "What, does pretending to be a good person help you feel better?"
        },
        {
            "id": 47,
            "model": "단테",
            "content": "<I wanted to know more about you.>"
        },
        {
            "id": 48,
            "model": "단테",
            "content": "<So I can... find you a path that doesn't go in circles.>"
        },
        {
            "id": 49,
            "model": "다친이스마엘",
            "content": "Do you... Do you even know?"
        },
        {
            "id": 50,
            "model": "다친이스마엘",
            "content": "Do you even know where you're going?"
        },
        {
            "id": 51,
            "model": "단테",
            "content": "<I'm... constantly searching.>"
        },
        {
            "id": 52,
            "content": "Maybe I summon the flow of time to turn the hands of my clock..."
        },
        {
            "id": 53,
            "content": "... to find the paths for the endlessly wandering Sinners."
        },
        {
            "id": 54,
            "content": "For all those who are lost."
        },
        {
            "id": 55,
            "content": "So that I may not be lost."
        },
        {
            "id": 56,
            "model": "단테",
            "content": "<Ishmael, we're all Captains of our own hearts.>"
        },
        {
            "id": 57,
            "model": "단테",
            "content": "<We just happened to be sailing the same path, and sometimes we'd let each other take the helm...>"
        },
        {
            "id": 58,
            "model": "단테",
            "content": "<But at the end of all things, you still have to be the Captain of your own ship. You're the one who has to steer your very own path...>"
        },
        {
            "id": 59,
            "model": "단테",
            "content": "<So don't you dare let go of your helm before the voyage is over. Because I... I won't, either.>"
        }
    ]
}