{
    "dataList": [
        {
            "id": 0,
            "place": "???",
            "content": "The immediate sensation upon waking up was that it was moist and cold, yet oddly warm in some places."
        },
        {
            "id": 1,
            "model": "단테",
            "content": "<Where... are we?>"
        },
        {
            "id": 2,
            "model": "홍루",
            "content": "Mm... There's this long river-like thing. If we follow it, maybe..."
        },
        {
            "id": 3,
            "model": "홍루",
            "content": "... there'll be something at the end of it?"
        },
        {
            "id": 4,
            "model": "싱클레어",
            "content": "Hong Lu... How can you always be so calm about everything?"
        },
        {
            "id": 5,
            "model": "그레고르",
            "content": "Is he...? I think that's just how that fella is with pretty much everything."
        },
        {
            "id": 6,
            "model": "싱클레어",
            "content": "No... That's not what I'm..."
        },
        {
            "id": 7,
            "model": "싱클레어",
            "content": "I mean, where do you guys think this is...?"
        },
        {
            "id": 8,
            "model": "싱클레어",
            "content": "We just..."
        },
        {
            "id": 9,
            "model": "오티스",
            "content": "I am well aware."
        },
        {
            "id": 10,
            "model": "오티스",
            "content": "We rowed into the maws of the beast. Of our own volition."
        },
        {
            "id": 12,
            "content": "Not long ago..."
        },
        {
            "id": 13,
            "place": "Cabins of Mephistopheles",
            "model": "이스마엘",
            "content": "I'm proposing that we... enter the stomach of the Whale that devoured the Golden Bough."
        },
        {
            "id": 14,
            "model": "히스클리프",
            "content": "... You're mad. All that thrashing's finally sent you off the deep end."
        },
        {
            "id": 15,
            "model": "이스마엘",
            "content": "I'm just going there for my mission. And the Golden Bough just happens to be in the way."
        },
        {
            "id": 16,
            "model": "이스마엘",
            "content": "I'll leave it up to you. Well, to the manager, since their decision matters the most."
        },
        {
            "id": 17,
            "model": "이스마엘",
            "content": "This Company, me... We're both just trying to find a way to reach our goals. That's all this is."
        },
        {
            "id": 18,
            "model": "쪽빛노인",
            "teller": "The Indigo Elder",
            "title": "???",
            "content": "……."
        },
        {
            "id": 19,
            "model": "이스마엘",
            "content": "Besides, does anyone have a better idea?"
        },
        {
            "id": 20,
            "model": "이스마엘",
            "content": "If that thing swallowed the Golden Bough... and if that Golden Bough really counteracts that damned Pallid Whale's Pallidification effects, then..."
        },
        {
            "id": 21,
            "model": "이스마엘",
            "content": "... We just might be able to survive without getting affected by it."
        },
        {
            "id": 22,
            "model": "로쟈",
            "content": "That's a gamble, Ishy. There's just..."
        },
        {
            "id": 23,
            "model": "이스마엘",
            "content": "Yeah. You should know. It's one of your favorite things."
        },
        {
            "id": 24,
            "model": "이스마엘",
            "content": "What do you think, manager?"
        },
        {
            "id": 25,
            "content": "Ishmael looked at me with expectant eyes as though she knew I had no choice but to agree to this plan."
        },
        {
            "id": 26,
            "content": "Her eyes were telling me: 'You came this far for the Golden Bough. You're not going to go back empty-handed now, are you?'"
        },
        {
            "id": 27,
            "model": "베르길리우스",
            "content": "……."
        },
        {
            "id": 28,
            "model": "베르길리우스",
            "content": "Six hours."
        },
        {
            "id": 29,
            "model": "베르길리우스",
            "content": "If I don't hear anything from you in six hours, LCA will be taking over the rest of this mission."
        },
        {
            "id": 30,
            "model": "그레고르",
            "content": "Okay, LCA takes over the mission, then... what?"
        },
        {
            "id": 31,
            "model": "베르길리우스",
            "content": "Well. If they hear the very unfortunate news that all of you decided to row into the Whale's belly and got yourselves trapped..."
        },
        {
            "id": 32,
            "model": "베르길리우스",
            "content": "They'll be having a long internal discussion about how they could blow that Pallid Whale apart."
        },
        {
            "id": 33,
            "model": "베르길리우스",
            "content": "Then a very lengthy battle will ensue."
        },
        {
            "id": 34,
            "model": "단테",
            "content": "<Okay, so let me get this straight... If we fail to find the Golden Bough stuck somewhere inside the Whale's stomach in six hours, you won't hesitate blowing us to smithereens along with the Whale? Did I get that right?>"
        },
        {
            "id": 35,
            "model": "파우스트",
            "content": "I will not relay that comment."
        },
        {
            "id": 36,
            "model": "베르길리우스",
            "content": "……."
        },
        {
            "id": 37,
            "model": "단테",
            "content": "<Faust, what do you think of our odds?>"
        },
        {
            "id": 38,
            "model": "파우스트",
            "content": "Our odds are non-zero. But it may as well be nil."
        },
        {
            "id": 39,
            "model": "파우스트",
            "content": "At least with the currently known variables."
        },
        {
            "id": 40,
            "model": "이스마엘",
            "content": "So we *have* a chance."
        },
        {
            "id": 41,
            "model": "단테",
            "content": "<... Do you have any other ideas that might get us the Golden Bough?>"
        },
        {
            "id": 42,
            "model": "파우스트",
            "content": "No, not at this moment."
        },
        {
            "id": 43,
            "model": "파우스트",
            "content": "What I can tell you, however, is that we have a history of dramatically completing missions with a veritably low chance of success."
        },
        {
            "id": 44,
            "model": "단테",
            "content": "<Okay, then. Let's get this done.>"
        },
        {
            "id": 45,
            "place": "Inside the Pallid Whale",
            "model": "파우스트",
            "content": "... Indeed. The lack of plan becomes the plan itself."
        },
        {
            "id": 46,
            "model": "파우스트",
            "content": "This solidifies the veracity of my new theory even further."
        },
        {
            "id": 47,
            "content": "Luckily, we didn't lose any Sinners on the way down. All 12 of them made it down here, just as we planned."
        },
        {
            "id": 48,
            "content": "But..."
        },
        {
            "id": 49,
            "model": "단테",
            "content": "<Guys, where's—where's the boat?>"
        },
        {
            "id": 50,
            "content": "The boat was nowhere to be seen."
        }
    ]
}