{
    "dataList": [
        {
            "id": 0,
            "place": "The Pallid Whale's Heart",
            "model": "다친이스마엘",
            "content": "You could've given your crew a chance!"
        },
        {
            "id": 1,
            "model": "다친이스마엘",
            "content": "A chance to see for themselves where they stood...!"
        },
        {
            "id": 2,
            "model": "에이해브",
            "content": "Always in my wake... are pallid, opaque traces."
        },
        {
            "id": 3,
            "model": "에이해브",
            "content": "You say that I stole their chances? Wrong. They merely followed in my wake, setting their course to the same destination as mine."
        },
        {
            "id": 4,
            "model": "에이해브",
            "content": "Because had they not done so, they could not have endured this world. Because they were weak! I was their lighthouse in this world of tempest... I gave them an unambiguous path to follow!"
        },
        {
            "id": 5,
            "model": "에이해브그림자",
            "content": "The last of my sailors! By me! Heed my orders! Pursue them!"
        }
    ]
}