{
    "dataList": [
        {
            "id": 0,
            "model": "이스마엘",
            "content": "Starbuck...! You... you were the only crew of the ship that could challenge Ahab."
        },
        {
            "id": 1,
            "model": "이스마엘",
            "content": "So how could you..."
        },
        {
            "id": 2,
            "model": "에이해브",
            "teller": "Ahab",
            "title": "Effloresced E.G.O::GasHarpoon",
            "content": "How foolish, Ishmael! How foolish!"
        },
        {
            "id": 3,
            "model": "에이해브",
            "teller": "Ahab",
            "title": "Effloresced E.G.O::GasHarpoon",
            "content": "Starbuck was the first to kneel. It matters not how many waves a first mate has weathered... A first mate's station is still beneath his Captain...!"
        },
        {
            "id": 4,
            "model": "에이해브",
            "teller": "Ahab",
            "title": "Effloresced E.G.O::GasHarpoon",
            "content": "Out of his own volition, He blinded his eyes in that complacent belief that regardless of whatever paths we took, the Captain would lead him to his destination!"
        },
        {
            "id": 5,
            "model": "에이해브",
            "teller": "Ahab",
            "title": "Effloresced E.G.O::GasHarpoon",
            "content": "If you knew that he had sought a better path, then why have you not helped him see it?!"
        },
        {
            "id": 6,
            "model": "에이해브",
            "teller": "Ahab",
            "title": "Effloresced E.G.O::GasHarpoon",
            "content": "So the fault lies with you again, Ishmael!"
        }
    ]
}