{
    "dataList": [
        {
            "id": 0,
            "place": "The Pallid Whale's Right Ventricle",
            "model": "오티스",
            "content": "So this is the second atrium the Captain mentioned..."
        },
        {
            "id": 1,
            "model": "단테",
            "content": "<It's the center of the heart once we get past here, huh...>"
        },
        {
            "id": 2,
            "content": "Queequeg approached me."
        },
        {
            "id": 3,
            "model": "퀴케그",
            "content": "Your name, I know. They call you Dante."
        },
        {
            "id": 4,
            "model": "단테",
            "content": "<Yeah. That's my name. They call me Dante...>"
        },
        {
            "id": 5,
            "model": "퀴케그",
            "content": "Your words. I can't hear. Like Whale voices, like Mermaid voices."
        },
        {
            "id": 6,
            "model": "퀴케그",
            "content": "You bring back dead crew."
        },
        {
            "id": 7,
            "model": "단테",
            "content": "<... Well, I guess that's all I do...>"
        },
        {
            "id": 8,
            "model": "퀴케그",
            "content": "But not just body-death."
        },
        {
            "id": 9,
            "model": "퀴케그",
            "content": "Heart-death, too."
        },
        {
            "id": 10,
            "model": "단테",
            "content": "<... Heart?>"
        },
        {
            "id": 11,
            "content": "I couldn't help but be confused by what Queequeg said."
        },
        {
            "id": 12,
            "content": "Unless she's talking about an actual heart... I never had any powers like that. No one ever told me that I did, either."
        },
        {
            "id": 13,
            "model": "퀴케그",
            "content": "You don't make them lose way."
        },
        {
            "id": 14,
            "model": "퀴케그",
            "content": "Their way. Where they really want to go."
        },
        {
            "id": 15,
            "model": "퀴케그",
            "content": "You tell them. With your clock sound."
        },
        {
            "id": 16,
            "model": "단테",
            "content": "<…….>"
        },
        {
            "id": 17,
            "model": "퀴케그",
            "content": "Dante. Something I wish."
        },
        {
            "id": 18,
            "model": "퀴케그",
            "content": "I want... Ishmael to..."
        },
        {
            "id": 19,
            "model": "퀴케그",
            "content": "... find her way."
        }
    ]
}