{
    "dataList": [
        {
            "id": 0,
            "place": "The Pallid Whale's Stomach",
            "content": "And so we ran, trying to weave our way between the pouring stomach acid..."
        },
        {
            "id": 1,
            "content": "... without even knowing where we were supposed to go."
        },
        {
            "id": 2,
            "teller": "???",
            "title": "???",
            "content": "Wow, man. What a... what a funny sight, eh?"
        },
        {
            "id": 3,
            "teller": "???",
            "title": "???",
            "content": "Funny? That's more suspicious than funny."
        },
        {
            "id": 4,
            "teller": "???",
            "title": "???",
            "content": "You're too loud...! Great, now we caught their attention."
        },
        {
            "id": 5,
            "model": "단테",
            "content": "<...? Who's there?>"
        },
        {
            "id": 6,
            "teller": "???",
            "title": "???",
            "content": "Hey. I heard you guys... talking down there."
        },
        {
            "id": 7,
            "model": "이상",
            "content": "Those Mermaids... speak...?"
        },
        {
            "id": 8,
            "teller": "???",
            "title": "???",
            "content": "We're not... Mermaids. Ever seen a Mer...maid this chatty?"
        },
        {
            "id": 9,
            "model": "뫼르소",
            "content": "Their Pallidification effects have only partially progressed."
        },
        {
            "id": 10,
            "model": "로쟈",
            "content": "So what does that make them? Half-human, half-fish?"
        },
        {
            "id": 11,
            "teller": "???",
            "title": "???",
            "content": "Well, we don't got... much time. So I'll make it... short."
        },
        {
            "id": 12,
            "teller": "???",
            "title": "???",
            "content": "This zone... floods with acid every 10 minutes... or so."
        },
        {
            "id": 13,
            "teller": "???",
            "title": "???",
            "content": "Unless you guys are all... made of steel..."
        },
        {
            "id": 14,
            "teller": "???",
            "title": "???",
            "content": "... you better decide fast! Either ta...ke the rope we're about to lower down, or..."
        },
        {
            "id": 15,
            "teller": "???",
            "title": "???",
            "content": "... become sludgy nutrient... for the Whale and be one with it... forever and ever."
        },
        {
            "id": 16,
            "teller": "???",
            "title": "???",
            "content": "Well, even if you were to all turn into sludge, we can still salvage your weapons. We don't got nothing to lose."
        },
        {
            "id": 17,
            "teller": "???",
            "title": "???",
            "content": "Some of 'em are already starting to melt."
        },
        {
            "id": 18,
            "model": "단테",
            "content": "<Do we even have a choice?>"
        },
        {
            "id": 19,
            "model": "히스클리프",
            "content": "ROPE! NOW!"
        },
        {
            "id": 20,
            "content": "They muttered something amongst themselves, as though they found something funny about this situation... and tossed an odd-looking rope in our direction."
        },
        {
            "id": 21,
            "model": "그레고르",
            "content": "This rope feels funny."
        },
        {
            "id": 22,
            "teller": "???",
            "title": "???",
            "content": "That rope right... there's made of capillary we pulled straight... from its lungs. It'll last more than... an hour, even in its stomach acid."
        },
        {
            "id": 23,
            "model": "로쟈",
            "content": "Greg... Why'd you even ask that...? Eugh, I hate it..."
        },
        {
            "id": 24,
            "content": "With Rodya and her grumblings in tow, we struggled up the bundle of capillary rope."
        },
        {
            "id": 25,
            "model": "단테",
            "content": "<... Phew. I don't know who you guys are... But thanks.>"
        },
        {
            "id": 26,
            "model": "피쿼드호주민1",
            "teller": "???",
            "title": "???",
            "content": "Hell yeah, what a catch! We'll net us upwards of 3 gold coins for this."
        },
        {
            "id": 27,
            "model": "피쿼드호주민2",
            "teller": "???",
            "title": "???",
            "content": "I think this tick-tocking friend might be worth more than that."
        },
        {
            "id": 28,
            "model": "료슈",
            "content": "A catch? You think you fished us up?"
        },
        {
            "id": 29,
            "model": "스타벅",
            "teller": "???",
            "title": "???",
            "content": "We come here every... once in a while to check if... anyone's washed up, yeah."
        },
        {
            "id": 30,
            "model": "스타벅",
            "teller": "???",
            "title": "???",
            "content": "But most of 'em poor castaways... are already almost full Mermaids by the time we find 'em. In a matter of... minutes, they're all rearing to kill us. And the rest are... just your every-day Mermaids."
        },
        {
            "id": 31,
            "model": "홍루",
            "content": "Haha, so this is a special occasion, then?"
        },
        {
            "id": 32,
            "model": "스타벅",
            "teller": "???",
            "title": "???",
            "content": "This is probably the first time ever... that we found sailors that could not only... talk, but also weren't halfway turned... into Mermaids."
        },
        {
            "id": 33,
            "model": "단테",
            "content": "<So why do you guys come here every once in a while, then?>"
        },
        {
            "id": 34,
            "model": "스타벅",
            "teller": "???",
            "title": "???",
            "content": "The clock friend... here keeps tick-tockin'. Are they saying some...thing? Doubt they're a full-on robot."
        },
        {
            "id": 35,
            "model": "스타벅",
            "teller": "???",
            "title": "???",
            "content": "Don't most... people prefer to keep the ability to speak even when re...placing their bodies with prosthetics? Guess the trends have re...ally changed since we got here."
        },
        {
            "id": 36,
            "model": "그레고르",
            "content": "Uh, so that buddy there... Well, it's a long story. But yeah, they can't communicate normally."
        },
        {
            "id": 37,
            "model": "스타벅",
            "teller": "???",
            "title": "???",
            "content": "Hm, all... good. Everyone's got a sto...ry they don't want to tell."
        },
        {
            "id": 38,
            "model": "스타벅",
            "teller": "???",
            "title": "???",
            "content": "We can sympathize a little. Talking ain't... the easiest thi...ng to do."
        },
        {
            "id": 39,
            "model": "피쿼드호주민1",
            "teller": "???",
            "title": "???",
            "content": "Consider yourselves lucked out, fellas! You guys ran into us, of all things!"
        },
        {
            "id": 40,
            "model": "피쿼드호주민2",
            "teller": "???",
            "title": "???",
            "content": "Cuz we'll be getting out of here real soon!"
        },
        {
            "id": 41,
            "content": "We followed their confident, guiding steps, but there was no way to look at this situation without a bit of suspicion."
        },
        {
            "id": 42,
            "model": "단테",
            "content": "<Where do you think they're taking us?>"
        },
        {
            "id": 43,
            "model": "단테",
            "content": "<What if they're leading us into a trap...?>"
        },
        {
            "id": 44,
            "model": "이스마엘",
            "content": "If they were trying to attack us, they would've done so when we were almost at the top of the cliff. We were completely vulnerable to attacks there."
        },
        {
            "id": 45,
            "model": "이스마엘",
            "content": "And..."
        },
        {
            "id": 46,
            "content": "Ishmael opened her mouth as though she was about to say something, then stopped herself before turning around. It looked like she hadn't finished processing her thoughts yet."
        },
        {
            "id": 47,
            "model": "이스마엘",
            "content": "... I'm sure I've seen that harpoon before somewhere..."
        },
        {
            "id": 48,
            "model": "스타벅",
            "teller": "???",
            "title": "???",
            "content": "So what ship a...re you guys from again?"
        },
        {
            "id": 49,
            "model": "그레고르",
            "content": "Um... It's called the... The Limbus. You probably haven't heard of it, yeah..."
        },
        {
            "id": 50,
            "model": "피쿼드호주민1",
            "teller": "???",
            "title": "???",
            "content": "Well, talk straight, man! It's not like you're a Mermaid. Who's your Captain? If they're from U Corp, their name just might ring a bell."
        },
        {
            "id": 51,
            "model": "그레고르",
            "content": "Um... who's... our Captain again?"
        },
        {
            "id": 52,
            "model": "단테",
            "content": "<I dunno, guys. I've never taken the helm. Not sure if I can call myself a Captain here.>"
        },
        {
            "id": 53,
            "model": "돈키호테",
            "content": "The helm... Forsooth... If this be all about who handles the wheel..."
        },
        {
            "id": 54,
            "model": "돈키호테",
            "content": "I am quite well aware of our Captain!!! Charon is our Captain, indeed!"
        },
        {
            "id": 55,
            "model": "스타벅",
            "teller": "???",
            "title": "???",
            "content": "Aha... nope. Never hea...rd of 'em. I guess it's really been... a while, then..."
        },
        {
            "id": 56,
            "content": "He scratched his head. 'Captain' Charon clearly didn't ring a bell."
        },
        {
            "id": 57,
            "model": "이스마엘",
            "content": "You... How long has it been since you were trapped in here?"
        },
        {
            "id": 58,
            "model": "피쿼드호주민1",
            "teller": "???",
            "title": "???",
            "content": "Eight months."
        },
        {
            "id": 59,
            "model": "피쿼드호주민2",
            "teller": "???",
            "title": "???",
            "content": "No, dumbass! This is our third year! Our last count was at 644 days, so..."
        },
        {
            "id": 60,
            "model": "스타벅",
            "teller": "???",
            "title": "???",
            "content": "I dunno, la...dy. I quit coun...ting the days a while ago. I've completely lost tra...ck of time since we got stuck deep in...side where the sun don't shine."
        },
        {
            "id": 61,
            "model": "이스마엘",
            "content": "... I see."
        },
        {
            "id": 62,
            "model": "이스마엘",
            "content": "I know only one person who ties a knot to their harpoon like that..."
        },
        {
            "id": 63,
            "model": "스타벅",
            "teller": "???",
            "title": "???",
            "content": "Oh, this? It's called the Desper...ate's Knot. Even in our town, only the... experienced few knows how to tie it."
        },
        {
            "id": 64,
            "model": "이스마엘",
            "content": "So... they're here...?"
        },
        {
            "id": 65,
            "model": "이스마엘",
            "content": "I... I think I know you."
        },
        {
            "id": 66,
            "content": "Ishmael comes to a sudden stop. So do our guides."
        },
        {
            "id": 67,
            "content": "... Not because of what she said."
        }
    ]
}