{
    "dataList": [
        {
            "id": 0,
            "place": "Pequod Town",
            "model": "이스마엘",
            "content": "Not a lot of good men left, Ahab."
        },
        {
            "id": 1,
            "model": "이스마엘",
            "content": "…!"
        },
        {
            "id": 2,
            "content": "Ishmael quickly leaped to the side, evading a harpoon that struck the spot she was just standing on."
        },
        {
            "id": 3,
            "model": "이스마엘",
            "content": "Who's this now...?"
        },
        {
            "id": 4,
            "model": "에이해브",
            "content": "My crew is nothing if not loyal. More so than anyone in the world."
        },
        {
            "id": 5,
            "model": "에이해브",
            "content": "And this one here is second to none when it comes to harpooneering."
        },
        {
            "id": 6,
            "model": "에이해브",
            "content": "So... do you still fail to see that to attack me here is to court death?"
        },
        {
            "id": 7,
            "model": "퀴케그가면",
            "content": "……."
        },
        {
            "id": 8,
            "content": "A sailor wearing an odd-looking mask joined the fray."
        },
        {
            "id": 9,
            "model": "히스클리프",
            "content": "Blimey... Look at the size of that harpoon."
        },
        {
            "id": 10,
            "model": "료슈",
            "content": "A direct hit from that will turn your bones to dust. That one... That one's a real warrior. Huhu..."
        },
        {
            "id": 11,
            "model": "히스클리프",
            "content": "Gah! Could you stop being so bloody creepy for one second? Givin' me the shivers outta nowhere..."
        }
    ]
}