{
  "dataList": [
    {
      "id": 1,
      "content": "The powerful deluge of blood rips through the Sinners like blades through paper."
    },
    {
      "id": 2,
      "model": "산초",
      "content": "……."
    },
    {
      "id": 3
    },
    {
      "id": 4,
      "model": "키호테",
      "content": "What shame."
    },
    {
      "id": 5,
      "model": "키호테",
      "content": "You used to make me lances that were much more graceful than this."
    },
    {
      "id": 6,
      "model": "키호테",
      "content": "Yet... this holds more than enough power to destroy that feeble timepiece of yours."
    },
    {
      "id": 7
    },
    {
      "id": 8,
      "content": "He launches a lance of blood at me with his inhuman strength."
    },
    {
      "id": 9,
      "content": "I instinctively knew that the spear was to be my demise."
    },
    {
      "id": 10,
      "content": "And... I couldn't help but avert my eyes from the impending doom."
    },
    {
      "id": 11,
      "content": "I guess... we never had a chance to begin with..."
    },
    {
      "id": 12,
      "model": "단테",
      "content": "<…!>"
    },
    {
      "id": 13,
      "model": "산초",
      "content": "Didst thou not say..."
    },
    {
      "id": 14,
      "content": "I look up at the sudden upbeat, cheerful voice."
    },
    {
      "id": 15,
      "content": "There stood Sancho, standing tall even as her body was torn by the brutal, sanguine lance."
    },
    {
      "id": 16,
      "content": "Unbroken and bold, unyielding before the First Kindred's insurmountable might."
    },
    {
      "id": 17,
      "model": "산초",
      "content": "... that thou shalt decide the time for me to come to my senses?"
    },
    {
      "id": 18,
      "content": "It's the same back I always saw scampering toward inevitable trouble whenever something interesting was happening."
    },
    {
      "id": 19,
      "content": "The same silhouette of the troublemaker who always appeared so small to me."
    },
    {
      "id": 20,
      "content": "But at this very moment, her familiar and reassuring shadow felt so much larger—infinitely larger as she stood in front of me."
    },
    {
      "id": 21,
      "content": "So I call to her in a name I never thought I would get another chance to repeat."
    },
    {
      "id": 22,
      "model": "단테",
      "content": "<Don... Quixote.>"
    },
    {
      "id": 23,
      "model": "키호테빛",
      "content": "It is unfortunate that you now protect them with your back that once shielded me."
    },
    {
      "id": 24,
      "model": "키호테빛",
      "content": "... But I am proud that you stopped my lance."
    },
    {
      "id": 25,
      "model": "키호테빛",
      "content": "Yet... what will you do now, Sancho?"
    },
    {
      "id": 26,
      "model": "키호테빛",
      "content": "Your strength must be spent after such a mighty feat."
    },
    {
      "id": 27,
      "model": "산초피묻음",
      "content": "I intend to fight still. This is not the end."
    },
    {
      "id": 28,
      "model": "키호테빛",
      "content": "... Even if it is not by my hand, even if it is not this day when your adventure ends..."
    },
    {
      "id": 29,
      "model": "키호테빛",
      "content": "... this sickness will inevitably drag you off that steed."
    },
    {
      "id": 30,
      "content": "I couldn't see Don Quixote's expression from where I was."
    },
    {
      "id": 31,
      "content": "Even still..."
    },
    {
      "id": 32,
      "model": "산초피묻음",
      "content": "I know that."
    },
    {
      "id": 33,
      "model": "산초피묻음",
      "content": "Even still."
    },
    {
      "id": 34,
      "model": "산초피묻음",
      "content": "... though to some, I may only appear to be playing a character..."
    },
    {
      "id": 35,
      "model": "산초피묻음",
      "content": "... though I may never truly reach my destination..."
    },
    {
      "id": 36,
      "content": "She was incandescent, like a brilliant star twinkling in the night sky."
    },
    {
      "id": 37,
      "model": "산초피묻음",
      "content": "... should I persevere to walk the journey of my own choosing..."
    },
    {
      "id": 38,
      "model": "산초피묻음",
      "content": "... and continue this tale..."
    },
    {
      "id": 39,
      "content": "That very brilliance compelled me to reach out and hope."
    },
    {
      "id": 40,
      "model": "산초피묻음",
      "content": "Then that shall be my... your dream."
    },
    {
      "id": 41,
      "content": "Let that star..."
    },
    {
      "id": 42,
      "content": "... shine ever brighter..."
    },
    {
      "id": 43
    },
    {
      "id": 44,
      "model": "단테",
      "content": "<I will light your path.>"
    },
    {
      "id": 45,
      "model": "단테",
      "content": "<So don't hesitate. Go—walk the journey of your own choosing.>"
    },
    {
      "id": 46,
      "model": "산초피묻음",
      "content": "... I shan't be long."
    }
  ]
}