{
  "dataList": [
    {
      "id": 0,
      "place": "La Manchaland, Past",
      "model": "옛산초",
      "title": "La Manchaland",
      "content": "……."
    },
    {
      "id": 1,
      "model": "옛산초",
      "title": "La Manchaland",
      "content": "More and more Bloodfiends are starting to suffer."
    },
    {
      "id": 2,
      "model": "돌시네아하편",
      "content": "Sancho."
    },
    {
      "id": 3,
      "model": "돌시네아하편",
      "content": "How rude of you to attempt to lecture our Father?"
    },
    {
      "id": 4,
      "model": "옛산초",
      "title": "La Manchaland",
      "content": "I am only notifying him of what I am seeing out there."
    },
    {
      "id": 5,
      "model": "키호테",
      "content": "Ah, Sancho. I have been discussing with Dulcinea about the pathing of the Parade."
    },
    {
      "id": 6,
      "model": "키호테",
      "content": "It seems that your Area is the most popular out of them all, Dulcinea."
    },
    {
      "id": 7,
      "model": "돌시네아하편",
      "content": "Of course. It is in nature of all things to be helplessly drawn to beauty."
    },
    {
      "id": 8,
      "model": "옛산초",
      "title": "La Manchaland",
      "content": "……."
    },
    {
      "id": 9,
      "model": "돌시네아하편",
      "content": "……."
    },
    {
      "id": 10,
      "model": "키호테",
      "content": "I don't think I've ever seen the two of you exchange more than three sentences with one another, now that I think about it."
    },
    {
      "id": 11,
      "model": "키호테",
      "content": "You're both Second Kindreds of mine, aren't you? Sisters. Would you like to be the 'big sis', Sancho?"
    },
    {
      "id": 12,
      "model": "옛산초",
      "title": "La Manchaland",
      "content": "Absolutely not. I detest this idea."
    },
    {
      "id": 13,
      "model": "키호테",
      "content": "Then perhaps I would suggest a 'lil sis'—"
    },
    {
      "id": 14,
      "model": "돌시네아하편",
      "content": "I will now take my leave, O Father."
    },
    {
      "id": 15,
      "model": "돌시네아하편",
      "content": "... Also."
    },
    {
      "id": 16,
      "model": "돌시네아하편",
      "content": "Please, consider our suggestion regarding that Relic."
    },
    {
      "id": 17,
      "model": "키호테",
      "content": "Yes, I will."
    },
    {
      "id": 18,
      "place": "A Certain Castle, Past",
      "model": "키호테",
      "content": "You come at the most appropriate hour, Sancho. Behold, for I have found us a Relic yesterday."
    },
    {
      "id": 19,
      "model": "옛산초",
      "title": "La Manchaland",
      "content": "You're still searching for them...?"
    },
    {
      "id": 20,
      "model": "옛산초",
      "title": "La Manchaland",
      "content": "I thought you had given up on the idea. The Knight of the White Moon identified the last one, which you had gone through considerable lengths to obtain, mind, was but a forgery."
    },
    {
      "id": 21,
      "model": "키호테",
      "content": "Yet the merchant claimed that this one was of genuine quality."
    },
    {
      "id": 22,
      "model": "키호테",
      "content": "Behold the hatch-pattern here; it is identical to the depiction of the helm worn by the founding Fixer of the Hana Association."
    },
    {
      "id": 23,
      "model": "키호테",
      "content": "Compare it next to this illustration. Do you see the resemblance?"
    },
    {
      "id": 24,
      "model": "옛산초",
      "title": "La Manchaland",
      "content": "……."
    },
    {
      "id": 25,
      "model": "옛산초",
      "title": "La Manchaland",
      "content": "They duped you. Again."
    },
    {
      "id": 26,
      "model": "키호테",
      "content": "... Dammit all, I had a feeling. Damn that peddler to hell."
    },
    {
      "id": 27,
      "model": "옛산초",
      "title": "La Manchaland",
      "content": "Why are you so desperately seeking these trinkets?"
    },
    {
      "id": 28,
      "model": "옛산초",
      "title": "La Manchaland",
      "content": "You are powerful enough without the crutches these Relics provide."
    },
    {
      "id": 29,
      "model": "키호테",
      "content": "It is not for their strength that I seek them. What I truly seek is the body odor of the Fixers who had once worn them, their histories, the tales they have to tell..."
    },
    {
      "id": 30,
      "model": "키호테",
      "content": "... You look like you're looking at a nutcase."
    },
    {
      "id": 31,
      "model": "옛산초",
      "title": "La Manchaland",
      "content": "What a relief. At least your eyesight is in fine health."
    },
    {
      "id": 32,
      "model": "키호테",
      "content": "This won't do. I would much earlier have those Relics in my hands by going out there myself."
    },
    {
      "id": 33,
      "model": "옛산초",
      "title": "La Manchaland",
      "content": "That's all well and good, but did you hear what I had to report earlier? That..."
    },
    {
      "id": 34,
      "model": "키호테",
      "content": "... That Bloodfiends are suffering?"
    },
    {
      "id": 35,
      "model": "키호테",
      "content": "I did not expect this path we walk to be an easy, paved road."
    },
    {
      "id": 36,
      "model": "키호테",
      "content": "Yet we will overcome this together, as long as we manage to acclimatize to this."
    },
    {
      "id": 37,
      "model": "키호테",
      "content": "You seem to be doing quite well yourself, for one."
    },
    {
      "id": 38,
      "model": "옛산초",
      "title": "La Manchaland",
      "content": "……."
    },
    {
      "id": 39,
      "model": "키호테",
      "content": "Oh, and Sancho... I have conceived an idea most ingenious."
    },
    {
      "id": 40,
      "model": "옛산초",
      "title": "La Manchaland",
      "content": "What is it this time...?"
    },
    {
      "id": 41,
      "model": "키호테",
      "content": "It is truly ingenious this time, so I shall allow you to take a deep breath before I say anything. Are you ready?"
    },
    {
      "id": 42,
      "model": "옛산초",
      "title": "La Manchaland",
      "content": "Yep..."
    },
    {
      "id": 43,
      "model": "키호테",
      "content": "Won't you set off on an adventure by my side?"
    },
    {
      "id": 44,
      "place": "Confessional, Past",
      "model": "옛산초",
      "title": "La Manchaland",
      "content": "How did the consultations go?"
    },
    {
      "id": 45,
      "model": "신부하편",
      "content": "……."
    },
    {
      "id": 46,
      "model": "신부하편",
      "content": "All are at peace. Tranquil, as they always are."
    },
    {
      "id": 47,
      "model": "신부하편",
      "content": "Speaking of which, did you take your daily dose of hemobar today?"
    },
    {
      "id": 48,
      "model": "옛산초",
      "title": "La Manchaland",
      "content": "I did."
    },
    {
      "id": 49,
      "model": "신부하편",
      "content": "Very good."
    },
    {
      "id": 50,
      "model": "신부하편",
      "content": "Ah, I heard through the grapevine that you were preparing to embark on an 'adventure' with Father."
    },
    {
      "id": 51,
      "model": "신부하편",
      "content": "The sheer idea of it..."
    },
    {
      "id": 52,
      "model": "신부하편",
      "content": "... I can hardly wait."
    },
    {
      "id": 53,
      "model": "옛산초",
      "title": "La Manchaland",
      "content": "You... No, it's nothing. You may leave me, now."
    },
    {
      "id": 54,
      "place": -1,
      "model": "산초",
      "content": "I wasn't so close to him that I could simply call over to him and ask him what he really meant by that pause."
    },
    {
      "id": 55,
      "model": "산초",
      "content": "So I let him go."
    },
    {
      "id": 56,
      "place": "Fathoms of Ego - Maze",
      "model": "산초",
      "content": "We could never get used to it."
    },
    {
      "id": 57,
      "model": "산초",
      "content": "The lack of blood... It's incomparable to having one's favorite food taken away from them."
    },
    {
      "id": 58,
      "model": "산초",
      "content": "It deprived us of everything that made us happy."
    },
    {
      "id": 59,
      "model": "산초",
      "content": "Drenched in misery, naively hanging onto the belief that everything was going to be okay. Slowly, we..."
    },
    {
      "id": 60,
      "model": "산초",
      "content": "We grew deprived."
    },
    {
      "id": 61,
      "model": "이스마엘",
      "content": "So that's..."
    },
    {
      "id": 62,
      "model": "이스마엘",
      "content": "... when the two of you left La Manchaland to go on an adventure."
    }
  ]
}