{
  "dataList": [
    {
      "id": 0,
      "place": "Fathoms of Ego - La Mancha Eye",
      "model": "산초",
      "content": "You've never run from things. You've only had momentary lapses."
    },
    {
      "id": 1,
      "model": "산초",
      "content": "You, whose very fate is cursed with this sickness..."
    },
    {
      "id": 2,
      "model": "산초",
      "content": "... were capable of love. Even as your mind ailed from this suffocating, parching thirst..."
    },
    {
      "id": 3,
      "model": "산초",
      "content": "That is why you saved my life from the periphery of death... tried to share your love..."
    },
    {
      "id": 4,
      "place": "Buried in Ashes, Somewhere, Past",
      "model": "키호테",
      "title": "Bloodfiend",
      "content": "Tell me. Why did you seek death?"
    },
    {
      "id": 5,
      "teller": "Sancho",
      "title": "???",
      "content": "Because I wanted to get away from the pain."
    },
    {
      "id": 6,
      "model": "키호테",
      "title": "Bloodfiend",
      "content": "How odd. Don't most humans inflict suffering unto others to be freed from their own?"
    },
    {
      "id": 7,
      "teller": "Sancho",
      "title": "???",
      "content": "How could hurting others help... when my pain comes from this... endless cold?"
    },
    {
      "id": 8,
      "model": "키호테",
      "title": "Bloodfiend",
      "content": "Where's your family? Your siblings?"
    },
    {
      "id": 9,
      "teller": "Sancho",
      "title": "???",
      "content": "I never had anyone, not even on the day I was born. I've only known... the cold... the loneliness..."
    },
    {
      "id": 10,
      "teller": "Sancho",
      "title": "???",
      "content": "... So I want to burn myself to ashes like I was never here."
    },
    {
      "id": 11,
      "model": "키호테",
      "title": "Bloodfiend",
      "content": "Then..."
    },
    {
      "id": 12,
      "model": "키호테",
      "title": "Bloodfiend",
      "content": "... allow me to grant you the will to live."
    },
    {
      "id": 13,
      "model": "키호테",
      "title": "Bloodfiend",
      "content": "The family I shall grant you will forever be by your side. Come with me."
    },
    {
      "id": 14,
      "model": "키호테",
      "title": "Bloodfiend",
      "content": "You may know my name as Quixote."
    },
    {
      "id": 15,
      "model": "키호테",
      "title": "Bloodfiend",
      "content": "Or Don Quixote; 'Don' as the signifier of my nobility."
    },
    {
      "id": 16,
      "place": -1,
      "model": "산초",
      "content": "... and..."
    },
    {
      "id": 17,
      "model": "산초",
      "content": "... made my heart beat once again..."
    },
    {
      "id": 18,
      "place": "Shepherds' Village, Past",
      "model": "키호테",
      "content": "Sancho. Thus commences our adventure."
    },
    {
      "id": 19,
      "model": "키호테",
      "content": "We shall receive no assistance, Bloodfiend or not! This shall be us two against the world."
    },
    {
      "id": 20,
      "model": "옛산초",
      "title": "La Manchaland",
      "content": "I know."
    },
    {
      "id": 21,
      "model": "키호테",
      "content": "I suppose we will encounter many knights on our journey; many of whom shall challenge me to a duel. You will watch my back when the time comes, won't you? You must strike our foes with a heart that knows no fear."
    },
    {
      "id": 22,
      "model": "키호테",
      "content": "Ah, and how could I forget? From this moment onward, we must abandon our identities as Bloodfiends as well."
    },
    {
      "id": 23,
      "model": "키호테",
      "content": "In other words, we must appear and behave as humans do."
    },
    {
      "id": 24,
      "model": "옛산초",
      "title": "La Manchaland",
      "content": "... I know that as well. That is why you have transformed your Rocinante into the shape of a horse, as awkward as it may appear."
    },
    {
      "id": 25,
      "model": "키호테",
      "content": "It used to have such a beautiful, flowing mane of blood..."
    },
    {
      "id": 26,
      "model": "로시난테",
      "teller": "Rocinante",
      "content": "<i>Whinny</i>..."
    },
    {
      "id": 27,
      "model": "키호테",
      "content": "Alas. Even Rocinante finds this appearance unpleasant. Sighing and exhaling, so unlike itself..."
    },
    {
      "id": 28,
      "model": "옛산초",
      "title": "La Manchaland",
      "content": "Do you even know where this elusive 'tavern' is supposed to be?"
    },
    {
      "id": 29,
      "model": "키호테",
      "content": "Is that not your responsibility to learn of?"
    },
    {
      "id": 30,
      "model": "옛산초",
      "title": "La Manchaland",
      "content": "I've been holed up in that castle for about as long as you have in any meaningful metric. How should I know?"
    },
    {
      "id": 31,
      "model": "키호테",
      "content": "You are truly impossible. I have not once seen nor heard of a Child who speaks in such an insolent manner to a higher Kindred."
    },
    {
      "id": 32,
      "model": "옛산초",
      "title": "La Manchaland",
      "content": "I thought we were to appear and behave as humans do? This is supposed to be an adventure, after all."
    },
    {
      "id": 33,
      "model": "키호테",
      "content": "Speaking of which, dear Sancho. I have overheard the travelers from earlier, and they say that there is a cave in which a fearsome man-eating bear has made it its home."
    },
    {
      "id": 34,
      "model": "옛산초",
      "title": "La Manchaland",
      "content": "Really, a <i>bear</i>?"
    },
    {
      "id": 35,
      "model": "옛산초",
      "title": "La Manchaland",
      "content": "I can obliterate that poor animal in less than three—"
    },
    {
      "id": 36,
      "model": "키호테",
      "content": "Oh, please. Where is the fun in that? We shall battle this fell beast like the battles in which the Fixers from the books have struggled so valiantly!"
    },
    {
      "id": 37,
      "place": -1,
      "model": "산초",
      "content": "Our adventure then... was full of amateurish mistakes and foolhardy confidence, but..."
    },
    {
      "id": 38,
      "place": "Shepherds' Village, Past",
      "model": "키호테",
      "content": "We shall feast on bear meat as well!"
    },
    {
      "id": 39,
      "model": "키호테",
      "content": "You have but to imagine the look of shock on Dulcinea's face as we regale her with this tale. "
    },
    {
      "id": 40,
      "model": "옛산초",
      "title": "La Manchaland",
      "content": "A look of disgust would be more accurate."
    },
    {
      "id": 41,
      "place": -1,
      "model": "산초",
      "content": "Those were the days when my heart beat more vibrantly than ever before."
    },
    {
      "id": 42,
      "place": "A Certain Castle, Past",
      "model": "키호테",
      "content": "The night approacheth with great haste;"
    },
    {
      "id": 43,
      "model": "키호테",
      "content": "Yet thou shalt hew open a path, cleaving the shadows in twain."
    },
    {
      "id": 44,
      "model": "키호테",
      "content": "With the blessings and approval of our family of which there is no equal,"
    },
    {
      "id": 45,
      "model": "키호테",
      "content": "Challenge and vanquish all things perilous."
    },
    {
      "id": 46,
      "model": "키호테",
      "content": "And at last—reach true happiness."
    },
    {
      "id": 47,
      "model": "키호테",
      "content": "Thus how indubitable."
    },
    {
      "id": 48,
      "model": "키호테",
      "content": "The magnificence with which mine ingenious adventures of to-day shall shine."
    },
    {
      "id": 49,
      "model": "바리",
      "content": "Which is... our adventure, as well."
    },
    {
      "id": 50,
      "model": "바리",
      "content": "You remember the words, right? A Fixer must maintain a head clear of corruption, speech free of deceit, and conduct guided by clemency."
    },
    {
      "id": 51,
      "model": "바리",
      "content": "Show courage in adventure, and bear pain in suffering."
    },
    {
      "id": 52,
      "model": "바리",
      "content": "And pray, forget not the mercy for the downtrodden..."
    },
    {
      "id": 53,
      "model": "바리",
      "content": "... and last but not least..."
    },
    {
      "id": 54,
      "model": "키호테",
      "content": "... Pursue your dream, even if it means wagering your life in the chase."
    },
    {
      "id": 55,
      "model": "바리",
      "content": "And we'll return here and talk all about it, no matter how many moons it takes."
    },
    {
      "id": 56,
      "model": "바리",
      "content": "About all the wonderful adventures we've undertaken."
    },
    {
      "id": 57,
      "place": "Fathoms of Ego - La Mancha Eye",
      "model": "산초",
      "content": "Even if I were to lose my mind..."
    },
    {
      "id": 58,
      "model": "산초",
      "content": "Even if all this is just a fake steed running in circles on a carousel… I don’t want to stop..."
    },
    {
      "id": 59,
      "model": "키호테빛",
      "content": "Even if it means that you must struggle against this incurable disease? Even if you must stand against your own blood, your Father?"
    }
  ]
}