{
  "dataList": [
    {
      "id": 0,
      "place": "Fathoms of Ego - La Mancha Eye",
      "model": "산초",
      "content": "……."
    },
    {
      "id": 1,
      "model": "산초",
      "content": "For two hundred years... they tortured you..."
    },
    {
      "id": 2,
      "model": "산초",
      "content": "My Father..."
    },
    {
      "id": 3,
      "model": "가면키호테",
      "content": "It is... not their Fault, Sancho."
    },
    {
      "id": 4,
      "model": "가면키호테",
      "content": "The sin is mine to bear. The sin of dreaming an impossible dream..."
    },
    {
      "id": 5,
      "model": "이발사다침2",
      "content": "You won't ever understand our unimaginable suffering. Comfy in that oblivion, which took even your instincts as a Bloodfiend away..."
    },
    {
      "id": 6,
      "model": "이발사다침2",
      "content": "Our pain... of being deprived of blood... for two hundred years..."
    },
    {
      "id": 7,
      "model": "이발사다침2",
      "content": "Our pain of having to stab our own Father with thousands of stakes..."
    },
    {
      "id": 8,
      "model": "신부다침2",
      "content": "But then..."
    },
    {
      "id": 9,
      "model": "신부다침2",
      "content": "... an answer to our prayers arrived."
    },
    {
      "id": 10,
      "model": "신부다침2",
      "content": "From the heavens cascaded a light most warm."
    },
    {
      "id": 11,
      "model": "돌시네아다침",
      "content": "Warmer than the light that was forever taken from us..."
    },
    {
      "id": 12,
      "model": "돌시네아다침",
      "content": "Gentler than my last memory of the sun as a human..."
    },
    {
      "id": 13,
      "model": "산초",
      "content": "……."
    },
    {
      "id": 14,
      "model": "산초",
      "content": "Sansón."
    },
    {
      "id": 15,
      "model": "산초",
      "content": "Which Family is he from?"
    },
    {
      "id": 16,
      "model": "이발사다침2",
      "content": "I don't know... Why should any of that matter? Family? Elders? All those meaningless concepts, washed away by two hundred years of pain!"
    },
    {
      "id": 17,
      "model": "이발사다침2",
      "content": "What I do know, is that he saved us from this torturous hell."
    },
    {
      "id": 18,
      "model": "이발사다침2",
      "content": "That's... when La Manchaland opened once again!"
    },
    {
      "id": 19,
      "place": "La Manchaland, Past",
      "model": "산손",
      "content": "It pains me terribly to see you in such dire states, my Relatives."
    },
    {
      "id": 20,
      "model": "산손",
      "content": "You all look... absolutely terrible."
    },
    {
      "id": 21,
      "model": "이발사하편",
      "content": "Oh... oh..."
    },
    {
      "id": 22,
      "model": "이발사하편",
      "content": "Light... so warm..."
    },
    {
      "id": 23,
      "model": "이발사하편",
      "content": "Throat... dry... thirst..."
    },
    {
      "id": 24,
      "model": "산손",
      "content": "Now wake up, everyone. We must prepare to greet our guests."
    },
    {
      "id": 25,
      "model": "이발사하편",
      "content": "Gu...guests...?"
    },
    {
      "id": 26,
      "model": "산손",
      "content": "Yes. Guests. Guests who will willingly supply their fresh blood for all of you."
    },
    {
      "id": 27,
      "model": "이발사하편",
      "content": "Blood... I yearn for... blood..."
    },
    {
      "id": 28,
      "model": "산손",
      "content": "So get a wardrobe change and freshen up. Let us start a festival louder, more flamboyant than before. Enough to captivate our new guests forever here."
    },
    {
      "id": 29,
      "model": "산손",
      "content": "Ah. The disgraced First Kindred. The Father of the Manchegan Bloodfiends, Don Quixote."
    },
    {
      "id": 30,
      "model": "산손",
      "content": "Have you any idea how saddened the other Elders would be to see the state you are in?"
    },
    {
      "id": 31,
      "model": "가면키호테",
      "content": "... Such a warm glow..."
    },
    {
      "id": 32,
      "model": "가면키호테",
      "content": "What nature of... light... is this...?"
    },
    {
      "id": 33,
      "model": "산손",
      "content": "It is the light of a Golden Bough."
    },
    {
      "id": 34,
      "model": "산손",
      "content": "It will take root deep, deep within your heart..."
    },
    {
      "id": 35,
      "model": "산손",
      "content": "... taking your desires, your subconscious as its nutrient..."
    },
    {
      "id": 36,
      "model": "가면키호테",
      "content": "Ah..."
    },
    {
      "id": 37,
      "model": "가면키호테",
      "content": "I... hunger..."
    },
    {
      "id": 38,
      "model": "산손",
      "content": "The bough which your last Child will one day come to claim from you."
    },
    {
      "id": 39,
      "place": "Fathoms of Ego - La Mancha Eye",
      "model": "가면키호테",
      "content": "I... am now bound forever to this place, Sancho."
    },
    {
      "id": 40,
      "model": "가면키호테",
      "content": "For that is best for La Manchaland, best for my Family. My responsibility as their Father…"
    },
    {
      "id": 41,
      "model": "산초",
      "content": "There once was a time when you rather would choose death over causing harm to humans."
    },
    {
      "id": 42,
      "model": "가면키호테",
      "content": "We... cannot defy our nature, Sancho. This is simply what we are."
    },
    {
      "id": 43,
      "model": "가면키호테",
      "content": "Not even you, who left here to explore the world, an adventurer astride Rocinante..."
    },
    {
      "id": 44,
      "model": "가면키호테",
      "content": "... was fated to return here now as a Bloodfiend..."
    },
    {
      "id": 45,
      "model": "산초",
      "content": "……."
    },
    {
      "id": 46,
      "model": "가면키호테",
      "content": "Many... humans will loathe and abhor our very existence..."
    },
    {
      "id": 47,
      "model": "가면키호테",
      "content": "But... my Children must feed on their blood... and find... true happiness..."
    },
    {
      "id": 48,
      "model": "가면키호테",
      "content": "Here, at La Manchaland... where there is... only laughter..."
    },
    {
      "id": 49,
      "model": "가면키호테",
      "content": "Thus, dear Sancho..."
    },
    {
      "id": 50,
      "model": "가면키호테",
      "content": "Why not remain here with the rest of us...? Be with us who are cursed with the same sickness that ails you...?"
    },
    {
      "id": 51,
      "model": "산초",
      "content": "And you're happy with this sorry state you're in?"
    },
    {
      "id": 52,
      "model": "가면키호테",
      "content": "Can't you see that... I am no longer the only one with claim to my body? It must be used... for the good of my Children who await salvation, protection amidst this terrifying world of misfortune..."
    },
    {
      "id": 53,
      "model": "이발사다침2",
      "content": "Father. The guests who accompanied Sancho here... are here to lay destruction upon La Manchaland."
    },
    {
      "id": 54,
      "model": "이발사다침2",
      "content": "We will kill them... and feed you their blood."
    },
    {
      "id": 55,
      "model": "이발사다침2",
      "content": "You remember well, don't you? Blood untainted by pathetic begging and struggling... The blood of those who so bravely seek to kill us... boils much, much hotter."
    },
    {
      "id": 56,
      "model": "가면키호테",
      "content": "Indeed... my Children."
    },
    {
      "id": 57,
      "model": "가면키호테",
      "content": "You all speak true. Then please, kill them and lead La Manchaland once again into the festival of dreams..."
    }
  ]
}