{
  "dataList": [
    {
      "id": 0,
      "place": "Fathoms of Ego - La Mancha Eye",
      "model": "산초",
      "content": "Why do you persist?"
    },
    {
      "id": 1,
      "model": "산초",
      "content": "You have all told me time and again to come to my senses, have you not?"
    },
    {
      "id": 2,
      "model": "산초",
      "content": "Then why this hypocrisy? Why continue this hopeless, senseless fight?"
    },
    {
      "id": 3,
      "model": "산초",
      "content": "Wake... up... I'm... not the person you once knew."
    },
    {
      "id": 4,
      "content": "I felt as though my clock hands had grown rusted; I couldn't speak. I couldn't say anything."
    },
    {
      "id": 5,
      "content": "What should I do?"
    },
    {
      "id": 6,
      "content": "We followed her here to continue her dream, but I don't have anything to offer her. No dreams of my own. No memories of my own. I didn't have anything to share with her."
    },
    {
      "id": 7,
      "content": "Then..."
    },
    {
      "id": 8,
      "model": "히스클리프",
      "content": "You were always a right troublemaker, lass... but I always liked your idea of justice, honor... and loyalty. Besides... you'd grown on me..."
    },
    {
      "id": 9,
      "model": "히스클리프",
      "content": "... And now, after all that grandstandin', you're just gonna up and leave us while givin' us that glum, sour-faced look? Think we'll just quietly sit on our arses and accept that?"
    },
    {
      "id": 10,
      "model": "산초",
      "content": "What nonsense are you—"
    },
    {
      "id": 11,
      "model": "이상",
      "content": "No more. I do not wish to leave behind any dearest fellow of mine again."
    },
    {
      "id": 12,
      "model": "로쟈",
      "content": "Y'know how depressing the bus'll be without you, chiquita? C'mon."
    },
    {
      "id": 13,
      "content": "The Sinners each start chiming in."
    },
    {
      "id": 14,
      "content": "Even though they had already seen her true nature."
    },
    {
      "id": 15,
      "model": "싱클레어",
      "content": "Don't you have so many more tales of adventures to share with us?"
    },
    {
      "id": 16,
      "model": "싱클레어",
      "content": "Come on, tell us more. So many of them got cut short during the bus ride, remember?"
    },
    {
      "id": 17,
      "content": "They continue the tale without hesitation, not a trace of fear in their voices."
    },
    {
      "id": 18,
      "place": "Aboard Mephistopheles's Deck, Past",
      "model": "돈키호테",
      "content": "Khaaaa! Quite the thrill this is!!! Now this! Is true adventure!!!"
    },
    {
      "id": 19,
      "place": "Gregor's Fathoms, Past",
      "model": "돈키호테",
      "content": "There is no cause for hesitation! A true hero succumbs to no hardships!"
    },
    {
      "id": 20,
      "place": "K Corp. Laboratory, Past",
      "model": "돈키호테",
      "content": "Stop them this instant...! It appalls me greatly to think that one must suffer everlasting sights of despair in captivity for the many..."
    },
    {
      "id": 21,
      "place": "Pawnshop, Past",
      "model": "돈키호테",
      "content": "The forces of evil must be uprooted with haste in order to raise the banner of justice high!"
    },
    {
      "id": 22,
      "place": "Lobotomy Corp. Drilling Ship Entrance, Past",
      "model": "돈키호테",
      "content": "Negotiate with a villain such as he...? How..."
    },
    {
      "id": 23,
      "place": "Backstreets of District 10, Past",
      "model": "돈키호테",
      "content": "Hence, onward we travail!"
    },
    {
      "id": 24,
      "place": "Fathoms of Ego - La Mancha Eye",
      "model": "홍루",
      "content": "Listening to your powerful cries, Don Quixote... they really made me feel like we had the wind at our backs."
    },
    {
      "id": 25,
      "model": "히스클리프",
      "content": "Well, it usually took the wind right outta me, but... oi, I enjoyed a good few of 'em."
    },
    {
      "id": 26,
      "model": "이스마엘",
      "content": "You messed up plenty of situations by charging on without looking both ways, but..."
    },
    {
      "id": 27,
      "model": "이스마엘",
      "content": "... at least it's better than being wishy-washy about it and constantly flip-flopping your stances."
    },
    {
      "id": 28,
      "model": "료슈",
      "content": "I liked your A.C.T.S."
    },
    {
      "id": 29,
      "model": "싱클레어",
      "content": "Yeah. You were always the first one to take Actions, Cutting Through the Shit... You'd never let ambiguities stop you."
    },
    {
      "id": 30,
      "model": "싱클레어",
      "content": "So this time, shouldn't we..."
    },
    {
      "id": 31,
      "model": "싱클레어",
      "content": "... be the ones to take the initiative, to ensure that Don Quixote's adventures don't come to an end..."
    },
    {
      "id": 32,
      "model": "싱클레어",
      "content": "... that her tale continues?"
    },
    {
      "id": 33,
      "model": "뫼르소",
      "content": "The question seems to be 'how'."
    },
    {
      "id": 34,
      "model": "로쟈",
      "content": "What, are ya gonna beat the sense back into her like back when?"
    },
    {
      "id": 35,
      "model": "싱클레어",
      "content": "No."
    },
    {
      "id": 36,
      "model": "싱클레어",
      "content": "I don't... want Don Quixote to 'come to her senses'."
    },
    {
      "id": 37,
      "model": "단테",
      "content": "<...... >"
    },
    {
      "id": 38,
      "model": "오티스",
      "content": "Executive Manager. We... have no way of knowing how many people she has killed in the past merely by existing."
    },
    {
      "id": 39,
      "model": "오티스",
      "content": "Will you... embrace her still?"
    },
    {
      "id": 40,
      "model": "단테",
      "content": "<I will. >"
    },
    {
      "id": 41,
      "model": "단테",
      "content": "<I'll determine the time to bring her back to her senses.>"
    },
    {
      "id": 42,
      "model": "오티스",
      "content": "No matter what lurks in the pasts of us Sinners...?"
    },
    {
      "id": 43,
      "model": "오티스",
      "content": "Even... if they have killed hundreds, thousands—no, tens of thousands of innocent people? Will you still... embrace them?"
    },
    {
      "id": 44,
      "content": "I looked at Outis."
    },
    {
      "id": 45,
      "content": "She wasn't just talking about Don Quixote. She was—"
    },
    {
      "id": 46,
      "model": "단테",
      "content": "<I will. >"
    },
    {
      "id": 47,
      "model": "단테",
      "content": "<As long as they have the will to change, to move forward, I will be there for them.>"
    },
    {
      "id": 48,
      "model": "오티스",
      "content": "……."
    },
    {
      "id": 49,
      "model": "오티스",
      "content": "I will remember what you have said here today."
    }
  ]
}