{
  "dataList": [
    {
      "id": 0,
      "place": "Fathoms of Ego - La Mancha Eye",
      "model": "산손",
      "content": "……."
    },
    {
      "id": 1,
      "model": "산손",
      "content": "So what happened to them, you ask?"
    },
    {
      "id": 2,
      "model": "산손",
      "content": "Let us watch how this tale plays out."
    },
    {
      "id": 3,
      "model": "이스마엘",
      "content": "She's... really strong... Don— I mean, Sancho, I guess."
    },
    {
      "id": 4,
      "model": "오티스",
      "content": "Bloodfiends of La Manchaland have all been significantly weakened due to two-hundred years of imprisonment and the lack of blood."
    },
    {
      "id": 5,
      "model": "오티스",
      "content": "But she..."
    },
    {
      "id": 6,
      "model": "오티스",
      "content": "Looks like... a Second Kindred isn't a foe we can reasonably contend with."
    },
    {
      "id": 7,
      "model": "히스클리프",
      "content": "Well... when have we ever fought anything we can reasonably contend with, eh?"
    },
    {
      "id": 8,
      "model": "히스클리프",
      "content": "We'll die, revive, try again, and eventually wear 'er down."
    },
    {
      "id": 9,
      "model": "료슈",
      "content": "D.R.D.R. strategy against this one is meaningless."
    },
    {
      "id": 10,
      "model": "오티스",
      "content": "... Even her regeneration is incomparably faster than the one we met aboard the train. We will not win this battle by attrition."
    },
    {
      "id": 11,
      "model": "단테",
      "content": "<Are you... going to keep standing in our way?>"
    },
    {
      "id": 12,
      "model": "산초",
      "content": "Yes."
    },
    {
      "id": 13,
      "model": "산초",
      "content": "I will stand in your way."
    },
    {
      "id": 14,
      "model": "싱클레어",
      "content": "S-so what? What are you even going to do, huh?"
    },
    {
      "id": 15,
      "content": "Sinclair suddenly took a step toward Sancho."
    },
    {
      "id": 16,
      "model": "싱클레어",
      "content": "What... do you want to do to La Manchaland...?"
    },
    {
      "id": 17,
      "model": "산초",
      "content": "I will do my Father's bidding and transform it into an image of his design."
    },
    {
      "id": 18,
      "model": "산초",
      "content": "I'll kill you. Then I'll find more humans to kill. Feed their blood to my Father. Like a good Bloodfiend I am."
    }
  ]
}