{
  "dataList": [
    {
      "id": 0,
      "model": "가면키호테",
      "content": "Does this wheel not remind you of the old war, Sancho?"
    },
    {
      "id": 1,
      "model": "산초",
      "content": "... The Bloodfiends of the Family with many arms, like windmills?"
    },
    {
      "id": 2,
      "model": "가면키호테",
      "content": "Yes, indeed. I remember how hotly my heart beat as I stood against the giantfolk in the field of battle."
    },
    {
      "id": 3,
      "model": "산초",
      "content": "... I remember running after you after one of them flung your body far away as a result of you underestimating their might."
    },
    {
      "id": 4,
      "model": "가면키호테",
      "content": "Yet you no longer run after me. Now you stand against me."
    },
    {
      "id": 5,
      "model": "산초",
      "content": "……."
    },
    {},
    {
      "id": 7,
      "model": "단테",
      "content": "<…!>"
    },
    {
      "id": 8,
      "model": "단테",
      "content": "<D-dodge! O-or raise your guards!>"
    }
  ]
}