{
  "dataList": [
    {
      "id": 0,
      "place": "Fathoms of Ego - La Mancha Eye",
      "model": "산초",
      "content": "……."
    },
    {
      "id": 1,
      "model": "가면키호테",
      "content": "Nicolina... Curiambro... Dulcinea...."
    },
    {
      "id": 2,
      "model": "가면키호테",
      "content": "... None have ever loved me as fervently as they have."
    },
    {
      "id": 3,
      "model": "가면키호테",
      "content": "Gallop on, dear Sancho, and strike our foes."
    },
    {
      "id": 4,
      "model": "가면키호테",
      "content": "Like... the days of yore where we vanquished the giants..."
    },
    {
      "id": 5,
      "model": "가면키호테",
      "content": "Strike our foes with a heart that knows no fear..."
    },
    {
      "id": 6,
      "model": "산초",
      "content": "……."
    },
    {
      "id": 7,
      "model": "산초",
      "content": "I... see..."
    },
    {
      "id": 8,
      "model": "산초",
      "content": "I thought I had been galloping onward, toward something..."
    },
    {
      "id": 9,
      "model": "산초",
      "content": "... but I was only going in circles."
    },
    {
      "id": 10,
      "model": "산초",
      "content": "I am but a hollow shell, a mere vestige of a thing, trapped on a carousel to nowhere..."
    },
    {
      "id": 11,
      "model": "산초",
      "content": "A madwoman slumbering in a sweet dream of galloping astride a steed across a vast field, feeling the cool breeze against her face..."
    },
    {
      "id": 12,
      "model": "단테",
      "content": "<Don Quixote...>"
    },
    {
      "id": 13,
      "model": "단테",
      "content": "<You can still hear me, can't you?>"
    },
    {
      "id": 14,
      "model": "단테",
      "content": "<Don't listen to him. Please, you're...>"
    },
    {
      "id": 15,
      "model": "산초",
      "content": "No. She is no more. That person you once knew is dead."
    },
    {
      "id": 16,
      "model": "단테",
      "content": "<......>"
    },
    {
      "id": 17,
      "model": "산초",
      "content": "Perhaps I wished that... 'Don Quixote' would forget I ever existed."
    },
    {
      "id": 18,
      "model": "산초",
      "content": "Yet I am returned here."
    },
    {
      "id": 19,
      "model": "산초",
      "content": "So that I may never forget what I am again."
    },
    {
      "id": 20,
      "model": "산초",
      "content": "So that I may pronounce the dream ended."
    }
  ]
}