{
  "dataList": [
    {
      "id": 0,
      "place": "Fathoms of Ego - Maze",
      "model": "가면키호테",
      "content": "How glad I am to have you back, Sancho... With you by our side, this place shall be even happier."
    },
    {
      "id": 1,
      "model": "가면키호테",
      "content": "My Family... has finally found true happiness."
    },
    {
      "id": 2,
      "model": "가면키호테",
      "content": "Because they have suffered far too long... they deserve this happiness, more so than anyone."
    },
    {
      "id": 3,
      "model": "가면키호테",
      "content": "With your return... to La Manchaland... we shall fill this place with even more laughter."
    },
    {
      "id": 4,
      "model": "산초",
      "content": "……."
    },
    {
      "id": 5,
      "model": "오티스",
      "content": "Laughter? What a joke."
    },
    {
      "id": 6,
      "model": "오티스",
      "content": "We are here to exterminate your kind."
    },
    {
      "id": 7,
      "model": "가면키호테",
      "content": "... We have been through so much together, have we not? Sancho."
    },
    {
      "id": 8,
      "model": "가면키호테",
      "content": "Let us show them what we have lived through... to these ignorant outsiders..."
    },
    {
      "id": 9,
      "place": "An Ancient Battlefield",
      "model": "산초",
      "content": "You were... foolhardy."
    },
    {
      "id": 10,
      "model": "가면키호테",
      "content": "Our foes were... Bloodfiends who had grown to the size of giants. Those who had drunk so much human blood that it was boiling, overflowing out of their bodies."
    },
    {
      "id": 11,
      "model": "가면키호테",
      "content": "They were formidable foes. Our battles were... challenging."
    },
    {
      "id": 12,
      "model": "산초",
      "content": "Even there, you dreamed."
    },
    {
      "id": 13,
      "model": "가면키호테",
      "content": "A hollow dream... nothing more."
    },
    {
      "id": 14,
      "model": "키호테",
      "title": "Father",
      "content": "Hark, my dearest compatriots! Art thou ready for this battle?! We shall soon strike the battlefield with our full might; speak, if aught ails thee!"
    },
    {
      "id": 15,
      "model": "옛산초",
      "title": "Family",
      "content": "……."
    },
    {
      "id": 16,
      "model": "옛산초",
      "title": "Family",
      "content": "\"Aught\" ails me."
    },
    {
      "id": 17,
      "model": "키호테",
      "title": "Father",
      "content": "Ahem! O Sancho, thou art recognized! Speak thy mind!"
    },
    {
      "id": 18,
      "model": "옛산초",
      "title": "Family",
      "content": "Why are you talking like that?"
    },
    {
      "id": 19,
      "model": "키호테",
      "title": "Father",
      "content": "'Tis only right that a Fixer-to-be must speak in a manner befitting of his stature."
    },
    {
      "id": 20,
      "model": "키호테",
      "title": "Father",
      "content": "Ah, and mine heart beats with such volition whenever I speak in such a manner. O Sancho, prithee, why dost thou not speak as I—"
    },
    {
      "id": 21,
      "teller": "Defiant Bloodfiend",
      "title": "Relative",
      "content": "KEEAAAGGHHH!"
    },
    {
      "id": 22,
      "model": "옛산초",
      "title": "Family",
      "content": "Because it's ridiculously juvenile."
    },
    {
      "id": 23,
      "model": "가면키호테",
      "content": "Yet, I cannot help but cherish that day when we ran across the green fields together, tasting the freedom..."
    },
    {
      "id": 24,
      "model": "산초",
      "content": "You were ambushed by Bloodfiends who broke your lance."
    },
    {
      "id": 25,
      "model": "가면키호테",
      "content": "Yes. A lance... you had crafted me of your own blood."
    },
    {
      "id": 26,
      "model": "가면키호테",
      "content": "It was... a mistake. I underestimated my foes; a rather unfortunate yet unshakable habit of mine."
    },
    {
      "id": 27,
      "model": "산초",
      "content": "I remember telling you to be mindful of them."
    },
    {
      "id": 28,
      "model": "가면키호테",
      "content": "A powerful gust knocked me into the air before smiting me down into the grass..."
    },
    {
      "id": 29,
      "model": "가면키호테",
      "content": "... And you hurried to my side, didn't you? I remember your face, your breathing hastened from worry."
    },
    {
      "id": 30,
      "model": "산초",
      "content": "I wasn't that desperate."
    },
    {
      "id": 31,
      "model": "가면키호테",
      "content": "As I lay upon my back, gasping at the sky from the shock..."
    },
    {
      "id": 32,
      "model": "가면키호테",
      "content": "... you appeared into that view."
    },
    {
      "id": 33,
      "model": "가면키호테",
      "content": "Perhaps... it was that moment that led us to victory in that war."
    },
    {
      "id": 34,
      "model": "산초",
      "content": "You were already certain of your own victory even before the war began."
    },
    {
      "id": 35,
      "model": "가면키호테",
      "content": "I must wonder if that was the moment I had begun to think that we could really change."
    },
    {
      "id": 36,
      "model": "가면키호테",
      "content": "Watching you, who hated running all your life, breathlessly sprinting to my side..."
    },
    {
      "id": 37,
      "model": "가면키호테",
      "content": "... I thought perhaps we were all changing, little by little."
    },
    {
      "id": 38,
      "model": "산초",
      "content": "……."
    },
    {
      "id": 39,
      "place": "Fathoms of Ego - Maze",
      "model": "가면키호테",
      "content": "Yet I... we... failed, Sancho."
    },
    {
      "id": 40,
      "model": "가면키호테",
      "content": "And everything around us... is a record, a testament to our failures."
    },
    {
      "id": 41,
      "model": "가면키호테",
      "content": "Look around as you will, Sancho. At our desolation..."
    }
  ]
}