{
  "dataList": [
    {
      "id": 0,
      "model": "키호테빛",
      "content": "…….\n"
    },
    {
      "id": 1,
      "model": "키호테빛",
      "content": "Sancho... I have conceived... an idea most ingenious..."
    },
    {
      "id": 2,
      "model": "산초피묻음",
      "content": "What... is it this time...?"
    },
    {
      "id": 3,
      "model": "키호테빛",
      "content": "Alas, it appears that we are not availed the benevolent, mediating force of Bari to quell our quarrels. Then I suppose we are at an impasse, want of a better mediation..."
    },
    {
      "id": 4,
      "model": "키호테빛",
      "content": "… than one wrought by force."
    },
    {
      "id": 5,
      "model": "키호테빛",
      "content": "Let us test our mights in a duel; in a singular bout of our lances."
    },
    {
      "id": 6,
      "model": "키호테빛",
      "content": "Come, now. Let us give it our all..."
    },
    {
      "id": 7,
      "model": "산초피묻음",
      "content": "……. \n"
    },
    {
      "id": 8,
      "model": "산초피묻음",
      "content": "... Is there no other way?"
    },
    {
      "id": 9,
      "model": "키호테빛",
      "content": "This momentum, this responsibility of mine to perpetuate the festival, to provide my Family with what they yearn for... it cannot be stopped."
    },
    {
      "id": 10,
      "model": "키호테빛",
      "content": "This carousel by the name of La Manchaland… whirls too swiftly for me to dismount, even as it remains anchored in place."
    },
    {
      "id": 11,
      "model": "키호테빛",
      "content": "Yet, if you could shatter the burden of my nature, my responsibilities... would that not prove your dream mightier than the weight of my duty?"
    },
    {
      "id": 12,
      "model": "키호테빛",
      "content": "Show me. Demonstrate before me the strength of thy dream, the grandeur of it."
    },
    {
      "id": 13,
      "model": "산초피묻음",
      "content": "Still... so... ridiculously juvenile..."
    },
    {
      "id": 14,
      "model": "키호테빛",
      "content": "How many times must I tell you that it is that very ridiculous juvenility that gives color to life? "
    },
    {
      "id": 15,
      "model": "산초피묻음",
      "content": "…….\n"
    }
  ]
}