{
  "dataList": [
    {
      "id": 0,
      "place": "Fathoms of Ego - Maze",
      "model": "단테",
      "content": "<Don Quixote...>"
    },
    {
      "id": 1,
      "model": "산초",
      "content": "A name that was once my salvation."
    },
    {
      "id": 2,
      "model": "산초",
      "content": "Our own kind had disowned us. The humans considered us hideous."
    },
    {
      "id": 3,
      "model": "산초",
      "content": "I'll admit. We were all smiling and laughing when we began laying the foundations of La Manchaland."
    },
    {
      "id": 4,
      "model": "산초",
      "content": "Because we truly believed in the delusion that we could subsist on smidgeons of blood and some 'hemobars'."
    },
    {
      "id": 5,
      "place": "A Certain Castle, Past",
      "model": "키호테",
      "content": "Gather around, all. We finally have a prototype of that 'thing' me and the Barber have been working on for years."
    },
    {
      "id": 6,
      "model": "옛산초",
      "title": "La Manchaland",
      "content": "What is this, a brick?"
    },
    {
      "id": 7,
      "model": "키호테",
      "content": "Coagulated blood."
    },
    {
      "id": 8,
      "model": "키호테",
      "content": "It has every nutrient we need to survive."
    },
    {
      "id": 9,
      "model": "돌시네아하편",
      "content": "……."
    },
    {
      "id": 10,
      "model": "돌시네아하편",
      "content": "Tastes like... pastel paste."
    },
    {
      "id": 11,
      "model": "이발사하편",
      "content": "Flavor is a luxury, Lady Dulcinea!"
    },
    {
      "id": 12,
      "model": "이발사하편",
      "content": "This is the best we could've done with the flavor."
    },
    {
      "id": 13,
      "model": "키호테",
      "content": "As long as we can get a steady supply of a paltry amount of blood voluntarily given by humans, we can continue to mass-produce these hemobars."
    },
    {
      "id": 14,
      "model": "신부하편",
      "content": "Oh... how splendid."
    },
    {
      "id": 15,
      "model": "키호테",
      "content": "I plan to provide a steady supply of this item for our Family here at La Manchaland."
    },
    {
      "id": 16,
      "model": "키호테",
      "content": "Remember. As long as La Manchaland survives, we'll be the pride and joy of all Bloodfiends."
    },
    {
      "id": 17,
      "model": "키호테",
      "content": "Because we'll be the living proof that... we need not kill—need not consume blood to coexist alongside humans. That we need not be defined by our nature."
    },
    {
      "id": 18,
      "model": "키호테",
      "content": "And I guarantee you, we'll be getting plenty of guests around here."
    },
    {
      "id": 19,
      "model": "옛산초",
      "title": "La Manchaland",
      "content": "How can you be so certain?"
    },
    {
      "id": 20,
      "model": "키호테",
      "content": "Because the world outside was as dreary and austere as the world I'd been living in."
    },
    {
      "id": 21,
      "model": "키호테",
      "content": "I am quite certain that deep inside, even humans..."
    },
    {
      "id": 22,
      "model": "키호테",
      "content": "... are desperately waiting for something to bring joy into their lives."
    },
    {
      "id": 23,
      "model": "키호테",
      "content": "Which brings me to my subsequent point. What if I were to appear in person at the end of the Parade? What say you?"
    },
    {
      "id": 24,
      "model": "키호테",
      "content": "That would certainly get the crowd going with the applause and cheers, don't you think?"
    },
    {
      "id": 25,
      "model": "이발사하편",
      "content": "Of course! I will make you an outfit so dazzling that you may shine brighter than anyone else."
    },
    {
      "id": 26,
      "model": "돌시네아하편",
      "content": "I doubt you'll surpass my popularity."
    },
    {
      "id": 27,
      "model": "돌시네아하편",
      "content": "I am second to none when it comes to beauty, after all."
    },
    {
      "id": 28,
      "model": "키호테",
      "content": "Of course not, Dulcinea. None shall claim greater beauty before you, who are as incandescent as gold. Even still—"
    },
    {
      "id": 29,
      "model": "옛산초",
      "title": "La Manchaland",
      "content": "If this meeting is about to devolve into frivolity again, I will now take my leave."
    },
    {
      "id": 30,
      "place": "Fathoms of Ego - Maze",
      "model": "산초",
      "content": "Yes. Just as he had expected..."
    },
    {
      "id": 31,
      "model": "산초",
      "content": "... La Manchaland began teeming with human guests."
    }
  ]
}