{
  "dataList": [
    {
      "id": 0,
      "model": "가면키호테",
      "title": "La Manchaland",
      "content": "Long have I not set foot upon the earth."
    },
    {
      "id": 1,
      "model": "산초",
      "content": "Even now, you remain ensnared to your responsibilities, unable to flee!"
    },
    {
      "id": 2,
      "model": "산초",
      "content": "You, who was so free..."
    },
    {
      "id": 3,
      "model": "가면키호테",
      "title": "La Manchaland",
      "content": "Where must I flee to, then? Enlighten me, Sancho."
    },
    {
      "id": 4,
      "model": "가면키호테",
      "title": "La Manchaland",
      "content": "I tipped the scales of that endless war, yet... there was no coexistence to be found at its end."
    },
    {
      "id": 5,
      "model": "가면키호테",
      "title": "La Manchaland",
      "content": "With blood, I have created this place, yet no family has found happiness within it."
    },
    {
      "id": 6,
      "model": "가면키호테",
      "title": "La Manchaland",
      "content": "I have dreamed, yet the dream only woke me to a heart impaled by stakes and this fetid stench of blood. <i><b>Look at me, Sancho!</b></i>"
    },
    {
      "id": 7,
      "model": "가면키호테",
      "title": "La Manchaland",
      "content": "I am but Don Quixote... La Manchaland's Don Quixote."
    }
  ]
}