{
  "dataList": [
    {
      "id": 0,
      "place": "Outskirts, Past",
      "model": "바리",
      "content": "Quiet, huh?"
    },
    {
      "id": 1,
      "model": "바리",
      "content": "But it's not such a peaceful place. Even now, they are observing us."
    },
    {
      "id": 2,
      "model": "바리",
      "content": "……."
    },
    {
      "id": 3,
      "model": "바리",
      "content": "There will be more wars. After the war of humans and Bloodfiends, I mean."
    },
    {
      "id": 4,
      "model": "바리",
      "content": "I can see it. The war against the nebulae beyond the Outskirts is all but written."
    },
    {
      "id": 5,
      "model": "바리",
      "content": "Humanity's inability to find satisfaction is the very hunger that leads to war. It is an inevitability."
    },
    {
      "id": 6,
      "model": "바리",
      "content": "... Look at me. Talking the ear off of someone who's about to forget everything."
    },
    {
      "id": 7,
      "model": "옛산초2",
      "title": "La Manchaland",
      "content": "……."
    },
    {
      "id": 8,
      "model": "바리",
      "content": "I know I said this already, but let me say it again."
    },
    {
      "id": 9,
      "model": "바리",
      "content": "You won't remember anything once you drink from this river."
    },
    {
      "id": 10,
      "model": "바리",
      "content": "Me, your Father, your Family. All the stories we've shared, including this very conversation."
    },
    {
      "id": 11,
      "model": "옛산초2",
      "title": "La Manchaland",
      "content": "I know."
    },
    {
      "id": 12,
      "model": "바리",
      "content": "Once you drink the water... I will lead you to the place where you will reside."
    },
    {
      "id": 13,
      "model": "바리",
      "content": "I saw an abandoned lighthouse not far from here. It's unlikely anyone would find you there."
    },
    {
      "id": 14,
      "model": "옛산초2",
      "title": "La Manchaland",
      "content": "... Okay."
    },
    {
      "id": 15,
      "model": "바리",
      "content": "So that's it, then?"
    },
    {
      "id": 16,
      "model": "바리",
      "content": "But how will you... live on?"
    },
    {
      "id": 17,
      "model": "옛산초2",
      "title": "La Manchaland",
      "content": "I don't know."
    },
    {
      "id": 18,
      "model": "옛산초2",
      "title": "La Manchaland",
      "content": "I've lost everything. And now I prepare myself to lose even the remnants of what once was. Do you think that question means anything to me?"
    },
    {
      "id": 19,
      "model": "옛산초2",
      "title": "La Manchaland",
      "content": "You ask a question better asked once I slumber."
    },
    {
      "id": 20,
      "model": "바리",
      "content": "……."
    },
    {
      "id": 21,
      "model": "옛산초2",
      "title": "La Manchaland",
      "content": "Once I drink the river's water..."
    },
    {
      "id": 22,
      "model": "옛산초2",
      "title": "La Manchaland",
      "content": "Leave me."
    },
    {
      "id": 23,
      "model": "옛산초2",
      "title": "La Manchaland",
      "content": "Thank you, Bari. For everything."
    },
    {
      "id": 24,
      "model": "산초",
      "content": "But the river merely made me forget my instincts as a Bloodfiend. It did not free me from them forevermore."
    },
    {
      "id": 25,
      "place": "Fathoms of Ego - Maze",
      "model": "산초",
      "content": "Because we... are forever bound to our base natures."
    },
    {
      "id": 26,
      "model": "산초",
      "content": "Through my Father's Rocinante, I could hide every aspect of Bloodfiendhood from the rest of the world..."
    },
    {
      "id": 27,
      "model": "산초",
      "content": "... but it only left me drifting in a ridiculous dream."
    },
    {
      "id": 28,
      "model": "산초",
      "content": "Now I am awake. Bare of feet."
    },
    {
      "id": 29,
      "model": "가면키호테",
      "content": "Yes. Thus... it reopens..."
    },
    {
      "id": 30,
      "place": "Fathoms of Ego - La Mancha Eye",
      "model": "가면키호테",
      "content": "This ... La Manchaland."
    },
    {
      "id": 33,
      "model": "산초",
      "content": "What happened here?"
    },
    {
      "id": 34,
      "model": "가면키호테",
      "content": "A tale as old as time."
    },
    {
      "id": 35,
      "model": "가면키호테",
      "content": "They could not forgive me... and I could not forgive them in turn."
    },
    {
      "id": 36,
      "model": "이발사하편",
      "content": "Open the gates..."
    },
    {
      "id": 37,
      "model": "이발사하편",
      "content": "Father, Don Quixote... please! Don't leave us here in the dark! Forgive us!"
    },
    {
      "id": 38,
      "model": "키호테",
      "content": "Still... you refuse to share my will..."
    },
    {
      "id": 39,
      "model": "키호테",
      "content": "Do you still... fail to understand...? La Manchaland... must remain sealed forever..."
    },
    {
      "id": 40,
      "model": "이발사하편",
      "content": "Th-then... we... have n-no choice..."
    },
    {
      "id": 41,
      "model": "이발사하편",
      "content": "I... I want to feel... I want to feel happiness again..."
    },
    {
      "id": 42,
      "model": "이발사하편",
      "content": "It's... your turn, Priest."
    },
    {
      "id": 43,
      "model": "신부하편",
      "content": "……."
    },
    {
      "id": 44,
      "model": "신부하편",
      "content": "Forgive not our sins, O venerated ancestor, our Father in blood."
    },
    {
      "id": 45,
      "model": "신부하편",
      "content": "And please... please..."
    },
    {
      "id": 46,
      "model": "이발사하편",
      "content": "Do it now... <i>STAB HIM!!!!</i>"
    },
    {
      "id": 47,
      "model": "돌시네아하편",
      "content": "……."
    },
    {
      "id": 48,
      "model": "혈귀 3",
      "teller": "Horrified Bloodfiend",
      "title": "La Manchaland",
      "content": "Ah... ahhh..."
    },
    {
      "id": 49,
      "model": "혈귀 3",
      "teller": "Horrified Bloodfiend",
      "title": "La Manchaland",
      "content": "For... forgive us..."
    },
    {
      "id": 50,
      "model": "혈귀 3",
      "teller": "Horrified Bloodfiend",
      "title": "La Manchaland",
      "content": "No, please save us..."
    },
    {
      "id": 51,
      "model": "혈귀 3",
      "teller": "Horrified Bloodfiend",
      "title": "La Manchaland",
      "content": "If you won't..."
    },
    {
      "id": 52,
      "model": "혈귀 3",
      "teller": "Horrified Bloodfiend",
      "title": "La Manchaland",
      "content": "We'll make you suffer... with the rest of us...!"
    }
  ]
}