{
  "dataList": [
    {
      "id": 0,
      "place": "Fathoms of Ego - Maze",
      "model": "단테",
      "content": "<Abnormalities, here...?>"
    },
    {
      "id": 1,
      "model": "단테",
      "content": "<... Huh, yeah. How come there's a Lobotomy Corp. logo inside La Manchaland?>"
    },
    {
      "id": 2,
      "model": "이상",
      "content": "Perhaps..."
    },
    {
      "id": 3,
      "model": "이상",
      "content": "Mm, now may not be the appropriate time, for too much is still veiled in mysteries to utter with certitude."
    },
    {
      "id": 4,
      "model": "단테",
      "content": "<Oh, uh...>"
    },
    {
      "id": 5,
      "content": "I tried to urge Yi Sang, who trailed off mid-explanation, to speak, but..."
    },
    {
      "id": 6,
      "model": "단테",
      "content": "<... Okay. Let me know when you're more certain.>"
    },
    {
      "id": 7,
      "content": "... I'm sure he has a good reason for not sharing his suspicions at the moment. I nodded."
    },
    {
      "id": 8,
      "model": "이상",
      "content": "Mm, I shall."
    },
    {
      "id": 9,
      "model": "단테",
      "content": "<Okay, then... let's get back on track and keep following Sancho.>"
    },
    {
      "id": 10,
      "content": "Abnormality or not, we still have a job to do."
    }
  ]
}