{
    "dataList": [
        {
            "id": 0,
            "place": "Inside Mephistopheles",
            "model": "앵두",
            "teller": "???",
            "title": "Blade Lineage",
            "content": "Where...?"
        },
        {
            "id": 1,
            "model": "료슈",
            "content": "T.B."
        },
        {
            "id": 2,
            "model": "홍루",
            "content": "Welcome to the bus~ And oh, we are—"
        },
        {
            "id": 3,
            "model": "앵두",
            "teller": "???",
            "title": "Blade Lineage",
            "content": "An Odachi...?! Hah!"
        },
        {
            "id": 4,
            "content": "The Blade Lineage woman sprang from her prone position, grabbing the sword next to her. She held the grip of her blade, ready to draw it at any moment."
        },
        {
            "id": 5,
            "model": "앵두",
            "teller": "???",
            "title": "Blade Lineage",
            "content": "Identify yourselves! Are you with the Kurokumo Clan?!"
        },
        {
            "id": 6,
            "model": "료슈",
            "content": "No."
        },
        {
            "id": 7,
            "model": "싱클레어",
            "content": "Uh, so, we're—"
        },
        {
            "id": 8,
            "model": "앵두",
            "teller": "???",
            "title": "Blade Lineage",
            "content": "Then why does that woman wield an Odachi?!"
        },
        {
            "id": 9,
            "model": "료슈",
            "content": "Tsk. She will not listen. We should kill her."
        },
        {
            "id": 10,
            "model": "단테",
            "content": "<Ryōshū!>"
        },
        {
            "id": 11,
            "model": "료슈",
            "content": "She pisses me off for two reasons."
        },
        {
            "id": 12,
            "model": "료슈",
            "content": "One. She refused to listen, making this conversation longer than it needed to be."
        },
        {
            "id": 13,
            "model": "료슈",
            "content": "Two. She dared to compare their... scrap metals to my blade."
        },
        {
            "id": 14,
            "model": "료슈",
            "content": "Is there any reason for me <i>not</i> to proceed with her O.O.F, Clock?"
        },
        {
            "id": 15,
            "model": "단테",
            "content": "<Yeah, there is! She can't tell us anything if she's dead.>"
        },
        {
            "id": 16,
            "model": "료슈",
            "content": "...Tsk."
        },
        {
            "id": 17,
            "content": "Ryōshū often shows bursts of emotion in the most unexpected times... but at least she listens when I ask her to. Which is a relief."
        },
        {
            "id": 18,
            "model": "앵두",
            "teller": "???",
            "title": "Blade Lineage",
            "content": "I-I suppose your blade is not exactly like theirs... Your uniform is certainly different."
        },
        {
            "id": 19,
            "model": "앵두",
            "teller": "???",
            "title": "Blade Lineage",
            "content": "And you... who might you be? You certainly wear a rather loud timepiece... Are you unable to communicate otherwise?"
        },
        {
            "id": 20,
            "model": "이상",
            "content": "They are our manager. Their vocalizations will not reach your ears."
        },
        {
            "id": 21,
            "model": "앵두",
            "teller": "???",
            "title": "Blade Lineage",
            "content": "... Hm."
        },
        {
            "id": 22,
            "model": "앵두",
            "teller": "???",
            "title": "Blade Lineage",
            "content": "... I recognize the scent your voice carries. It's... familiar."
        },
        {
            "id": 23,
            "model": "이상",
            "content": "Even in the Districts that I have resided in have I not met fellows who speak as I do..."
        },
        {
            "id": 24,
            "model": "앵두",
            "teller": "???",
            "title": "Blade Lineage",
            "content": "Speak as you do, indeed. Yet I sense familiarity in your choice of verbiage."
        },
        {
            "id": 25,
            "model": "앵두",
            "teller": "???",
            "title": "Blade Lineage",
            "content": "You must be from District 19... S Corp., are you?"
        },
        {
            "id": 26,
            "model": "이상",
            "content": "... Though I have fled, that is where I hail from."
        },
        {
            "id": 27,
            "model": "앵두",
            "teller": "???",
            "title": "Blade Lineage",
            "content": "I see... so you have also left your home behind."
        },
        {
            "id": 28,
            "model": "앵두",
            "teller": "???",
            "title": "Blade Lineage",
            "content": "My compatriots oft share the same fate as we do."
        },
        {
            "id": 29,
            "content": "Perhaps meeting someone from the same home District helped; the woman visibly relaxed before slumping down on a nearby chair. Her breathing was labored."
        },
        {
            "id": 30,
            "model": "이상",
            "content": "My name is Yi Sang. I have operated on the wounds you have suffered."
        },
        {
            "id": 31,
            "model": "앵두",
            "teller": "???",
            "title": "Blade Lineage",
            "content": "Ah... So I have acted with such brutishness despite your kindness—please, accept my apologies."
        },
        {
            "id": 32,
            "model": "앵두",
            "teller": "Aeng-du",
            "title": "Blade Lineage",
            "content": "Call me Aeng-du. I am a Salsu from the Lineage that deals in Blades."
        },
        {
            "id": 33,
            "model": "로쟈",
            "content": "Ooh... Dante, maybe we can leave the talking to Yi Sang this time?"
        },
        {
            "id": 34,
            "model": "단테",
            "content": "<Mhm, looks like we can sit back and let him handle this.>"
        },
        {
            "id": 35,
            "content": "I nodded, replying quickly to Rodya's whispers."
        },
        {
            "id": 36,
            "model": "앵두",
            "teller": "Aeng-du",
            "title": "Blade Lineage",
            "content": "If you are from District 19, S Corp. territory... then you must be aware of who we are."
        },
        {
            "id": 37,
            "model": "이상",
            "content": "I am somewhat aware, though I am far from acquainted with tales from the streets."
        },
        {
            "id": 38,
            "model": "이상",
            "content": "I have heard that the Blade Lineage is bound to no master, no land; yet whence do you flee?"
        },
        {
            "id": 39,
            "model": "앵두",
            "teller": "Aeng-du",
            "title": "Blade Lineage",
            "content": "It is a tale far too long to be shared in full. All I may divulge is that we had no choice but to seek a territory for us to thrive in."
        },
        {
            "id": 40,
            "model": "이상",
            "content": "Perhaps there is aught that we could do to assist, should you deign to impart us the particulars of your pursuers."
        },
        {
            "id": 41,
            "model": "앵두",
            "teller": "Aeng-du",
            "title": "Blade Lineage",
            "content": "……."
        },
        {
            "id": 42,
            "content": "Aeng-du shot a sweeping glance at all of us. Her eyes appeared heavy with crushing exhaustion."
        },
        {
            "id": 43,
            "model": "앵두",
            "teller": "Aeng-du",
            "title": "Blade Lineage",
            "content": "Mm, if you and your fellows were skilled enough to defeat this group of foes... then all of you must be quite capable."
        },
        {
            "id": 44,
            "model": "앵두",
            "teller": "Aeng-du",
            "title": "Blade Lineage",
            "content": "Kurokumo Clan has put a bounty on our heads. Our mentor, my fellows... all of us."
        },
        {
            "id": 45,
            "model": "히스클리프",
            "content": "Hold on, this ain't just any other strife, then...? That sounds more personal than your usual turf war."
        },
        {
            "id": 46,
            "model": "앵두",
            "teller": "Aeng-du",
            "title": "Blade Lineage",
            "content": "... As it has always been, District 19 is fraught with corruption and disturbance to the lives of the public."
        },
        {
            "id": 47,
            "model": "앵두",
            "teller": "Aeng-du",
            "title": "Blade Lineage",
            "content": "There is very little that us men and women of the blade, who seek naught else but to train and walk the path of martial arts, can do to change the Wing now known as 'Salpippyeo Agroindustries'... or S Corp."
        },
        {
            "id": 48,
            "model": "앵두",
            "teller": "Aeng-du",
            "title": "Blade Lineage",
            "content": "As the old saying goes... what other choice does a monk who abhors his temple have but to leave it behind? Thus we have departed from our home."
        },
        {
            "id": 49,
            "model": "이상",
            "content": "So the people of S Corp. suffer still."
        },
        {
            "id": 50,
            "model": "앵두",
            "teller": "Aeng-du",
            "title": "Blade Lineage",
            "content": "We had departed in search of a new home... yet it was no easy journey."
        },
        {
            "id": 51,
            "model": "앵두",
            "teller": "Aeng-du",
            "title": "Blade Lineage",
            "content": "Most territories have already been made home by others; in order for us to settle, conflict was unavoidable."
        },
        {
            "id": 52,
            "model": "앵두",
            "teller": "Aeng-du",
            "title": "Blade Lineage",
            "content": "In the midst of those conflicts, I have the memory of our mentor bringing us an... 'invitation'. An invitation to enter a 'Library' of sorts."
        },
        {
            "id": 53,
            "model": "베르길리우스",
            "content": "……."
        },
        {
            "id": 54,
            "content": "Vergilius, who had been sitting quietly with one leg over the other on a chair far from the rest of us, visibly reacted."
        },
        {
            "id": 55,
            "content": "I think I remember that the word 'Library' always got a genuine reaction out of Vergilius."
        },
        {
            "id": 56,
            "model": "이상",
            "content": "You 'have the memory'... Quite an odd way to phrase your own recollections."
        },
        {
            "id": 57,
            "model": "앵두",
            "teller": "Aeng-du",
            "title": "Blade Lineage",
            "content": "Mm. We arrived at the Library, hoping to escape the Kurokumo Clan's clutches..."
        },
        {
            "id": 58,
            "model": "앵두",
            "teller": "Aeng-du",
            "title": "Blade Lineage",
            "content": "... but all we had done was to lead ourselves into just another field of battle. We were handily defeated."
        },
        {
            "id": 59,
            "model": "앵두",
            "teller": "Aeng-du",
            "title": "Blade Lineage",
            "content": "Then, all of a sudden, we found ourselves stranded in the Backstreets of T Corp. upon our waking. The bizarreness of such an experience can only be described by an expression just as odd."
        },
        {
            "id": 60,
            "model": "앵두",
            "teller": "Aeng-du",
            "title": "Blade Lineage",
            "content": "... Ah! Mentor Bamboo-hatted Kim!"
        },
        {
            "id": 61,
            "content": "Her eyes suddenly widened mid-sentence. Aeng-du leaped from her seat."
        },
        {
            "id": 62,
            "model": "앵두",
            "teller": "Aeng-du",
            "title": "Blade Lineage",
            "content": "I believe that our mentor remains there still...! We must make haste to Yong-jin Building!"
        },
        {
            "id": 63,
            "model": "이상",
            "content": "Be not so hasty! Such wild movements may tear the wounds that I have—"
        },
        {
            "id": 64,
            "model": "앵두",
            "teller": "Aeng-du",
            "title": "Blade Lineage",
            "content": "Kagh..."
        },
        {
            "id": 65,
            "model": "로쟈",
            "content": "Huhh?! W-what the heck! Is she dead?"
        },
        {
            "id": 66,
            "model": "파우스트",
            "content": "It is no surprise that a sudden rise in blood pressure in lieu of blood supply would cause one to faint. She has merely lost her consciousness."
        },
        {
            "id": 67,
            "model": "로쟈",
            "content": "Phew..."
        },
        {
            "id": 68,
            "model": "이스마엘",
            "content": "You were right, manager. She did have some useful intel for us."
        },
        {
            "id": 69,
            "model": "오티스",
            "content": "Yong-jin Building... I suppose we have some business there, then."
        },
        {
            "id": 70,
            "model": "단테",
            "content": "<Mmm... Maybe, but I'm not sure. I don't know what this has to do with our mission, if any.>"
        },
        {
            "id": 71,
            "content": "Or maybe it's that 'Library' that we should—"
        },
        {
            "id": 72,
            "model": "카론",
            "content": "Danger, danger."
        },
        {
            "id": 73,
            "model": "카론",
            "content": "Bunch of people in Mephi's way. Swinging swords around. Black clothes."
        },
        {
            "id": 74,
            "model": "카론",
            "content": "Passengers, move out. Protect Mephi."
        },
        {
            "id": 75,
            "model": "오티스",
            "content": "Hm... Executive Manager, they appear to be Kurokumo Clan's reinforcements."
        },
        {
            "id": 76,
            "model": "단테",
            "content": "<Well, what can we do...>"
        },
        {
            "id": 77,
            "content": "We'll have to think about this later. For now, let's take care of the reinforcements."
        }
    ]
}