{
    "dataList": [
        {
            "id": 0,
            "place": "Backstreets of District 21",
            "model": "히스클리프",
            "content": "Haah… So what are these bug-crab-things?!"
        },
        {
            "id": 1,
            "model": "그레고르",
            "content": "Hey now… What are you looking at me for? What makes you think I’d know?"
        },
        {
            "id": 2,
            "model": "히스클리프",
            "content": "I wasn’t even gawking at you! You’re paranoid, that’s what! Can't even talk about bugs around this guy..."
        },
        {
            "id": 3,
            "model": "그레고르",
            "content": "Ugh…"
        },
        {
            "id": 4,
            "model": "이스마엘",
            "content": "...They're trash crabs."
        },
        {
            "id": 5,
            "model": "단테2",
            "content": "<They're what?>"
        },
        {
            "id": 6,
            "content": "Ishmael interjected all of a sudden."
        },
        {
            "id": 7,
            "model": "이스마엘",
            "content": "Trash crabs. They collect trash or scrap like that on their shells, and use them as their homes and weapons."
        },
        {
            "id": 8,
            "model": "이스마엘",
            "content": "They’re a tiresome lot… They ambush people working by the waters, attack those wandering in the area, and their numbers grow by the day…"
        },
        {
            "id": 9,
            "model": "이스마엘",
            "content": "But they're just one of the innumerable small fries of the Great Lake. What's more important, and more treacherous, is..."
        },
        {
            "id": 10,
            "model": "단테2",
            "content": "<I-Ishmael?>"
        },
        {
            "id": 11,
            "content": "I was about to check in with Ishmael, as I probably shouldn't let this go on for any longer, but…"
        },
        {
            "id": 12,
            "model": "미카",
            "teller": "???",
            "title": "???",
            "content": "Hey guys~ Already hard at work, huh?"
        },
        {
            "id": 13,
            "content": "A couple of people in work overalls seemed to be approaching from a distance."
        },
        {
            "id": 14,
            "model": "무기레인",
            "teller": "???",
            "title": "???",
            "content": "Mika, Mika! They’re our valued customers. Watch your manners…"
        },
        {
            "id": 15,
            "model": "미카",
            "teller": "Mika",
            "title": "???",
            "content": "Oh… Okay, I guess?"
        },
        {
            "id": 16,
            "model": "료슈",
            "content": "What’re those R&Ts?"
        },
        {
            "id": 17,
            "model": "싱클레어",
            "content": "I think she’s calling them Rags and Tags…"
        },
        {
            "id": 18,
            "model": "미카",
            "teller": "Mika",
            "title": "???",
            "content": "Rain, they’re calling us ragtags… Do I really have to watch my manners?"
        },
        {
            "id": 19,
            "model": "무기레인",
            "teller": "Rain",
            "title": "???",
            "content": "Shh, shh…"
        },
        {
            "id": 20,
            "model": "오티스",
            "content": "They could be enemies. You two! Identify yourselves!"
        },
        {
            "id": 21,
            "model": "무기레인",
            "teller": "Rain",
            "title": "???",
            "content": "Have you not been informed about us at all…?"
        },
        {
            "id": 22,
            "model": "오티스",
            "content": "No, not at all. That's why I'm suspicious of you two—coming up with seemingly plausible yet unverifiable identities... Like spies."
        },
        {
            "id": 23,
            "model": "미카",
            "teller": "Mika",
            "title": "???",
            "content": "I’m sorry, wouldn’t real spies come up with a more structured approach…?"
        },
        {
            "id": 24,
            "model": "파우스트",
            "content": "Indeed. Outis, they are our cooperators who will be assisting us this time."
        },
        {
            "id": 25,
            "model": "오티스",
            "content": "Khm… Then speak sooner next time."
        },
        {
            "id": 26,
            "model": "파우스트",
            "content": "Pleased to meet you, Mika, Rain. We are LCB, also known as the Limbus Company Bus Department."
        },
        {
            "id": 27,
            "model": "미카",
            "teller": "Mika",
            "title": "???",
            "content": "Bus… Right. That’s what that person said, too—you guys are the bus blokes."
        },
        {
            "id": 28,
            "model": "파우스트",
            "content": "I was informed that the LCC Before Team was here first. By \"that person\", do you mean…"
        },
        {
            "id": 29,
            "model": "무기레인",
            "teller": "Rain",
            "title": "???",
            "content": "Sorry, let me check the business card again… LCC…B. Right, all accounted for."
        },
        {
            "id": 30,
            "model": "미카",
            "teller": "Mika",
            "title": "???",
            "content": "Now that we’re clear, why don’t we continue this conversation back at the shop? Let’s take a look at that bus, too."
        },
        {
            "id": 31,
            "model": "미카",
            "teller": "Mika",
            "title": "???",
            "content": "This is an awkward place to talk, you know?"
        },
        {
            "id": 32,
            "model": "단테2",
            "content": "<We're... their customers?>"
        },
        {
            "id": 33,
            "model": "그레고르",
            "content": "Okay... Care to tell us what we're doing here?"
        },
        {
            "id": 34,
            "model": "파우스트",
            "content": "Our destination, U Corp, is a Nest composed of various nautical structures. Therefore, Mephistopheles in its current form cannot reach there."
        },
        {
            "id": 35,
            "model": "이스마엘",
            "content": "And… the Great Lake’s environs are unpredictable."
        },
        {
            "id": 36,
            "model": "이스마엘",
            "content": "You’re going to need a ship… that can withstand such capriciousness."
        },
        {
            "id": 37,
            "model": "베르길리우스",
            "content": "That's right. Which is why we sought out a contract with an adequate shop to modify the bus."
        },
        {
            "id": 38,
            "model": "그레고르",
            "content": "Huh… Adequate, you say...?"
        },
        {
            "id": 39,
            "model": "베르길리우스",
            "content": "…Hmph. Let’s go in."
        },
        {
            "id": 40,
            "model": "로쟈",
            "content": "Umm… Did our last staff dinner really hit the budget that hard? I thought we were allowed to eat as much as we wanted."
        },
        {
            "id": 41,
            "content": "Like Rodya said, looking at the somewhat dilapidated shop made me curious about the company’s finances…"
        },
        {
            "id": 42,
            "content": "But nothing good could ever come out of this conversation, so I decided to table the thought."
        }
    ]
}