{
    "dataList": [
        {
            "id": 0,
            "content": "The days were as suffocating for them as it was for me."
        },
        {
            "id": 1,
            "content": "Well, save for Outis, maybe..."
        },
        {
            "id": 2,
            "model": "오티스",
            "content": "You there! Connecting those parts will cause an issue with the intake fan!"
        },
        {
            "id": 3,
            "model": "미카",
            "teller": "Mika",
            "title": "Molar Boatworks",
            "content": "What do we do, then? That's like three separate wires."
        },
        {
            "id": 4,
            "model": "오티스",
            "content": "Amateurish. Allow me to demonstrate."
        },
        {
            "id": 5,
            "model": "오티스",
            "content": "Hmph, this is nothing compared to what I had to do back in the day, when I worked with the engineering corps..."
        },
        {
            "id": 6,
            "content": "...Outis, who appeared to be rather knowledgeable in engineering, continued to support Molar Boatworks' bus modifications."
        },
        {
            "id": 7,
            "model": "이상",
            "content": "Miss Faust, do you by any chance possess any documentation of items that the Sinners may be partial to, or have preferences for in their personal information forms?"
        },
        {
            "id": 8,
            "model": "파우스트",
            "content": "...We do not keep records of such details."
        },
        {
            "id": 9,
            "model": "파우스트",
            "content": "Yi Sang, as I have informed you repeatedly, it is the best policy as a Sinner to leave the decisions to the manager's..."
        },
        {
            "id": 10,
            "model": "올가",
            "teller": "Olga",
            "title": "Molar Boatworks",
            "content": "Oiiyi~ There's nothing like booze and gettin' right sloshed to mend a broken friendship! What, maybe you could try my secret weapon?"
        },
        {
            "id": 11,
            "model": "레인",
            "teller": "Rain",
            "title": "Molar Boatworks",
            "content": "No way... you mean the king trash crab brain wine that you've been talking about?"
        },
        {
            "id": 12,
            "model": "로쟈",
            "content": "Ooh... color me interested, actually."
        },
        {
            "id": 13,
            "model": "이상",
            "content": "N-no... no, I don't think I will. I shall inquire them myself. Thank you still."
        },
        {
            "id": 14,
            "model": "올가",
            "teller": "Olga",
            "title": "Molar Boatworks",
            "content": "Mmm, doubt it'll work~"
        },
        {
            "id": 15,
            "content": "Yi Sang was trying to come up with various ways to bring Heathcliff and Ishmael's feud to a close."
        },
        {
            "id": 16,
            "model": "료슈",
            "content": "SYNC."
        },
        {
            "id": 17,
            "model": "뫼르소",
            "content": "No, SILO would be preferable here."
        },
        {
            "id": 18,
            "model": "료슈",
            "content": "Tsk... hm?"
        },
        {
            "id": 19,
            "model": "료슈",
            "content": "Ah, yes... Perhaps doing so while they're still alive would be a way of pursuing a new direction in art in the vein of an avant-garde spirit."
        },
        {
            "id": 20,
            "model": "뫼르소",
            "content": "My suggestion was not to inflict them further pain. Simply a more appropriate method of engaging in the culinary arts."
        },
        {
            "id": 21,
            "model": "미카",
            "teller": "Mika",
            "title": "Molar Boatworks",
            "content": "I'm sorry, but... when's dinner? You've been having this same conversation for the last 30 minutes..."
        },
        {
            "id": 22,
            "model": "올가",
            "teller": "Olga",
            "title": "Molar Boatworks",
            "content": "Rain... I'm dyin' here... I can hear the trash crabs going at it in my belly..."
        },
        {
            "id": 23,
            "model": "레인",
            "teller": "Rain",
            "title": "Molar Boatworks",
            "content": "Big Sis, please get a hold of yourself...!"
        },
        {
            "id": 24,
            "content": "It seemed that Ryōshū and Meursault were trying to come up with a way to make the trash crabs more palatable. Not that I had any taste buds or a mouth, but... it was starting to resemble actual food, at least in its presentation."
        },
        {
            "id": 25,
            "model": "로쟈",
            "content": "Kiddos! They're going that way!"
        },
        {
            "id": 26,
            "model": "돈키호테",
            "content": "A child—"
        },
        {
            "id": 27,
            "model": "크랲게",
            "teller": "Trash Crabs",
            "title": "???",
            "content": "Gwah!"
        },
        {
            "id": 28,
            "model": "돈키호테",
            "content": "—I am not! Now, Young Sinclair! ¡El golpe de gracia!"
        },
        {
            "id": 29,
            "model": "싱클레어",
            "content": "Gregor, I'll take its left leg!"
        },
        {
            "id": 30,
            "model": "그레고르",
            "content": "Gotcha~ Hup!"
        },
        {
            "id": 31,
            "content": "Most other Sinners were busying themselves with hunting trash crabs and collecting scrap."
        },
        {
            "id": 32,
            "content": "They say that practice makes perfect. And everyone was already performing rather well-coordinated attacks even without my input."
        },
        {
            "id": 33,
            "content": "As for Heathcliff..."
        },
        {
            "id": 34,
            "model": "홍루",
            "content": "Woah, Gregor~! Are you showing off your rotisserie skills?"
        },
        {
            "id": 35,
            "model": "료슈",
            "content": "Insipid. Your flames lack flair."
        },
        {
            "id": 36,
            "model": "싱클레어",
            "content": "W-wait! He's just cremating it!"
        },
        {
            "id": 37,
            "model": "뫼르소",
            "content": "It has been extracted. However, this can no longer serve its function as a proper source of nutrients."
        },
        {
            "id": 38,
            "model": "돈키호테",
            "content": "G-give it hither! I have consumed naught but 3 legs so far!"
        },
        {
            "id": 39,
            "model": "이상",
            "content": "...Ah!"
        },
        {
            "id": 40,
            "place": "Molar Boatworks Entrance",
            "model": "이상",
            "content": "Heathcliff!"
        },
        {
            "id": 41,
            "model": "히스클리프",
            "content": "......"
        },
        {
            "id": 42,
            "model": "단테2",
            "content": "<Heathcliff...?>"
        },
        {
            "id": 43,
            "model": "히스클리프",
            "content": "Ah, oi. That's, uh..."
        },
        {
            "id": 44,
            "model": "히스클리프",
            "content": "The guide and I had a chat. I'm... okay now."
        },
        {
            "id": 45,
            "model": "로쟈",
            "content": "Was it... really just a chat?"
        },
        {
            "id": 46,
            "model": "히스클리프",
            "content": "...Ugh."
        },
        {
            "id": 47,
            "model": "히스클리프",
            "content": "J-Just drop it! I won't trouble you lot... no more. That's all."
        },
        {
            "id": 48,
            "model": "히스클리프",
            "content": "So uh... spare me some nosh?"
        },
        {
            "id": 49,
            "content": "I don't know if Vergilius really had just a 'talk' with Heathcliff, but..."
        },
        {
            "id": 50,
            "content": "I'm glad that, unlike most other times, he was here to at least get Heathcliff to calm down."
        },
        {
            "id": 51,
            "content": "But Ishmael..."
        },
        {
            "id": 52,
            "model": "베르길리우스",
            "content": "...A moment, Dante?"
        },
        {
            "id": 53,
            "model": "베르길리우스",
            "content": "Haah, well... As one-sided as this chat is going to be..."
        },
        {
            "id": 54,
            "model": "단테2",
            "content": "<…….>"
        },
        {
            "id": 55,
            "model": "베르길리우스",
            "content": "As I'm sure you've already been told in brief..."
        },
        {
            "id": 56,
            "model": "베르길리우스",
            "content": "I conducted a little meeting with the two \"problem individuals\"."
        },
        {
            "id": 57,
            "model": "베르길리우스",
            "content": "You will see that the 'discipline' has proven effective with Heathcliff."
        },
        {
            "id": 58,
            "model": "베르길리우스",
            "content": "While Ishmael's case... hasn't quite been resolved."
        },
        {
            "id": 59,
            "model": "베르길리우스",
            "content": "Or to be more precise, there is no reason to resolve it."
        },
        {
            "id": 60,
            "model": "단테2",
            "content": "<What are you talking about?>"
        },
        {
            "id": 61,
            "model": "베르길리우스",
            "content": "You must be asking what I'm talking about."
        },
        {
            "id": 62,
            "model": "베르길리우스",
            "content": "I hope you aren't expecting me to kindly explain everything to you. You will realize it on your own soon enough."
        },
        {
            "id": 63,
            "model": "베르길리우스",
            "content": "After all, this... babysitting and fostering nonsense is not a part of my work, Manager Dante."
        },
        {
            "id": 64,
            "model": "단테2",
            "content": "<I know you're putting in extra work... and I appreciate it.>"
        },
        {
            "id": 65,
            "model": "베르길리우스",
            "content": "...I'd like it if I didn't have to intervene anymore."
        },
        {
            "id": 66,
            "model": "베르길리우스",
            "content": "You may consider the \"talk\" I voluntarily had with the two a small favor from me for your decent performance recently."
        },
        {
            "id": 67,
            "model": "베르길리우스",
            "content": "Now, I have remaining business with the Fixers of Molar Office."
        },
        {
            "id": 68,
            "content": "...Like that, Ishmael was left alone, with little progress to speak of."
        },
        {
            "id": 69,
            "content": "According to the people from the boatworks, she apparently snuck out alone late at night to make various preparations."
        },
        {
            "id": 70,
            "content": "Even when I visited her, when I found her hanging about and called over to her..."
        },
        {
            "id": 71,
            "place": "Backstreets of District 21",
            "model": "이스마엘",
            "content": "……"
        },
        {
            "id": 72,
            "content": "She didn't respond to me at all."
        },
        {
            "id": 73,
            "content": "She wasn't ignoring me. Rather... she seemed too deeply fixated on what she was doing."
        },
        {
            "id": 74,
            "content": "What should I do about her? No, what was I supposed to do then?"
        },
        {
            "id": 75,
            "content": "While a clear answer still eluded me..."
        },
        {
            "id": 76,
            "content": "Mephistopheles' mise à mer was entering its final stages."
        }
    ]
}