{
    "dataList": [
        {
            "id": 0,
            "place": "Eunbong’s Bar & Fryers Kitchen",
            "model": "뒤틀린주인카운트1",
            "teller": "Eunbong’s Bar & Fryers Owner",
            "title": "Eunbong’s Bar & Fryers",
            "content": "……"
        },
        {
            "id": 1,
            "model": "히스클리프",
            "content": "…What’re these numbers?"
        },
        {
            "id": 2,
            "model": "이상",
            "content": "It may be an indicator… alerting us of squandering two out of five opportunities…"
        },
        {
            "id": 3,
            "model": "단테",
            "content": "<I guess each team can prepare another dish then. How’s that sound?>"
        },
        {
            "id": 4,
            "content": "And just like that…"
        },
        {
            "id": 5,
            "content": "Thus began Limbus Company’s petite cooking competition…"
        },
        {
            "id": 6,
            "model": "그레고르요리사",
            "content": "Right, now… Let’s assign each of us a role. Not that it’ll make a difference, but…"
        },
        {
            "id": 7,
            "model": "그레고르요리사",
            "content": "Say, Hong Lu… Have you ever seen a kitchen before?"
        },
        {
            "id": 8,
            "model": "돈키호테",
            "content": "Ahem…!"
        },
        {
            "id": 9,
            "model": "홍루",
            "content": "Well, my room didn’t have any kitchenettes. Though, I did sneak into the grand dining hall on the second floor a few times for snacks when I was a kid."
        },
        {
            "id": 10,
            "model": "돈키호테",
            "content": "AaaaHEM!!"
        },
        {
            "id": 11,
            "model": "그레고르요리사",
            "content": "Next up, we have Yi Sang…"
        },
        {
            "id": 12,
            "model": "히스클리프",
            "content": "Wasn’t he the only one who came out fine when we drank that spoilt milk the other day?"
        },
        {
            "id": 13,
            "model": "이상",
            "content": "Mmmmmh… The smell was a sensual one, permeating my pulmonary depths."
        },
        {
            "id": 14,
            "model": "돈키호테",
            "content": "AHKEHMMMMM!!!"
        },
        {
            "id": 15,
            "model": "그레고르요리사",
            "content": "Don Quixote, is something wrong with your throat?"
        },
        {
            "id": 16,
            "model": "돈키호테",
            "content": "What say you let me take the mantle?"
        },
        {
            "id": 17,
            "content": "She said this with a bashful expression, her hands behind her back."
        },
        {
            "id": 18,
            "model": "그레고르요리사",
            "content": "Don Quixote… This isn’t time for kids’ stuff."
        },
        {
            "id": 19,
            "model": "돈키호테",
            "content": "I am no child! And why am I denied the chef’s place when Sinclair is allowed to do such on the other team!"
        },
        {
            "id": 20,
            "model": "그레고르요리사",
            "content": "Hm?"
        },
        {
            "id": 21,
            "model": "오티스",
            "content": "The chicken is chopped too unevenly. You should cut them better. Keep your back straight."
        },
        {
            "id": 22,
            "model": "싱클레어",
            "content": "Right… Okay…!"
        },
        {
            "id": 23,
            "model": "로쟈",
            "content": "Kiddo~ Isn’t this a bit bland? I think it could use a teensy bit more sweetness."
        },
        {
            "id": 24,
            "model": "싱클레어",
            "content": "S-Sweetness? Uhh, let’s see… Where’s the sugar…"
        },
        {
            "id": 25,
            "model": "파우스트",
            "content": "Based on what Faust is seeing, the heat needs to be pitched up one notch."
        },
        {
            "id": 26,
            "model": "료슈요리사",
            "content": "That one’s hopeless. The knife grip is all wrong."
        },
        {
            "id": 27,
            "model": "이스마엘",
            "content": "Why don’t you all stop being backseat chefs and actually help?"
        },
        {
            "id": 28,
            "model": "그레고르요리사",
            "content": "Hmm… I mean, you could definitely trust Sinclair to take on that kind of stuff… His palate should be a good enough judge, too, growing up in a wealthy family ‘n all…"
        },
        {
            "id": 29,
            "model": "히스클리프",
            "content": "Now wait a tick, why isn’t anybody giving me any suggestions? Watch, I can cook an egg—"
        },
        {
            "id": 30,
            "model": "히스클리프",
            "content": "Bloody hell! Why is the damn fry pan heated? It almost grilled me dead!"
        },
        {
            "id": 31,
            "content": "Everyone watched as the pan Heathcliff threw hit a wall and broke into pieces."
        },
        {
            "id": 32,
            "model": "뫼르소",
            "content": "…This restaurant reeks of mold and other uncleaned stains. It is likely that the kitchen has been left unattended for at least 140 days."
        },
        {
            "id": 33,
            "model": "뫼르소",
            "content": "Cooking outside may be more sanitary to the current situation."
        },
        {
            "id": 34,
            "model": "돈키호테",
            "content": "I prithee, give me permission to cook!!!"
        },
        {
            "id": 35,
            "model": "뒤틀린닭1",
            "teller": "Raw Chicken",
            "title": "Distorted Thing",
            "content": "Bwakbwakbawkbawkbawk!!!!"
        },
        {
            "id": 36,
            "model": "단테",
            "content": "<“How dare you mess up our kitchen! You’ll reckon with our wrath for your fowl deed!”>"
        },
        {
            "id": 37,
            "model": "그레고르요리사",
            "content": "……"
        },
        {
            "id": 38,
            "model": "단테",
            "content": "<It just felt like that’s what it was saying…>"
        },
        {
            "id": 39,
            "model": "그레고르요리사",
            "content": "…C’mon, keep it together, Gregor."
        }
    ]
}