{
  "dataList": [
    {
      "id": 0,
      "place": "Kezhan Chamber",
      "content": "After that little kerfuffle..."
    },
    {
      "id": 1,
      "content": "Just as everyone was scattering to their rooms, Outis suddenly began to vehemently oppose leaving me all on my own."
    },
    {
      "id": 2,
      "model": "오티스",
      "content": "Are you absolutely certain, Executive Manager...?!"
    },
    {
      "id": 3,
      "model": "단테",
      "content": "<Seriously, don't worry about it. I usually took the night watch on the bus anyway.>"
    },
    {
      "id": 4,
      "model": "오티스",
      "content": "That is true, however... We are currently in an uncharted territory for our team. We do not have much experience sleeping at a place where our safety isn't an absolute guarantee..."
    },
    {
      "id": 5,
      "model": "이스마엘",
      "content": "Hey, we're literally right next door to them. It'll take less than 5 secs for us to come over when something happens."
    },
    {
      "id": 6,
      "model": "오티스",
      "content": "Do you not know that every second matters in emergencies—"
    },
    {
      "id": 7,
      "model": "로쟈",
      "content": "Now, now... babushka-de-camp~ Let's get ya outta here~"
    },
    {
      "id": 8,
      "content": "An oddly familiar sequence of events and words played out... and they eventually left my room, gently closing the door behind them."
    },
    {
      "id": 9,
      "model": "단테",
      "content": "<Finally, some peace and quiet...>"
    },
    {
      "id": 10,
      "content": "I sit on the corner of the bed, surrounded by silence, and allow my shoulders to slump for once."
    },
    {
      "id": 11,
      "content": "I don't need to 'sleep' like the Sinners do, but the fatigue doesn't go away on its own. I needed some time to relax and empty my thoughts every once in a while."
    },
    {
      "id": 12,
      "content": "While I've gotten somewhat used to the pain, it still hurts like hell when I rewind the Sinners' time..."
    },
    {
      "id": 13,
      "content": "... and the longer this journey got, the more frequent and severe the Sinners' injuries became. They did get stronger, that's for sure, but so did our enemies... which means that my clock is always turning and turning without a moment to rest."
    },
    {
      "id": 14,
      "place": -1,
      "model": "단테",
      "content": "<…….>"
    },
    {
      "id": 15,
      "content": "So, I think of the star."
    },
    {
      "id": 16,
      "content": "Before the great gates which I face with every revival, I witness its intricate engravings and feel its silent vibrations."
    },
    {
      "id": 17,
      "content": "Even after a whole year, I am still no closer to understanding what they were supposed to represent. But... by emptying my thoughts and just taking in the sights, I find myself calming down."
    },
    {
      "id": 18,
      "content": "Also, the wind is quite cool and crisp tonight."
    },
    {
      "id": 19,
      "content": "Wait, that's weird. Wind...?"
    },
    {
      "id": 20,
      "model": "단테",
      "content": "<What's this sudden chill...?>"
    },
    {
      "id": 21,
      "content": "Something opened the window, but there's no way this gentle breeze could've unlatched and left my window wide open like that. And if it did, it would've made a pretty loud noise."
    },
    {
      "id": 22,
      "content": "Besides... this chill isn't coming from in front of me."
    },
    {
      "id": 23,
      "content": "I slowly turn around to look at where the window was supposed to be..."
    },
    {
      "id": 24,
      "place": "Melted Kezhan Chamber",
      "content": "... only to see a melted wall, and an intruder slinking through this newfound opening."
    },
    {
      "id": 25,
      "model": "단테",
      "content": "<W-who are you?!>"
    },
    {
      "id": 26,
      "model": "흑수묘",
      "teller": "???",
      "title": "???",
      "content": "……."
    },
    {
      "id": 27,
      "content": "As though driven by some unknown survival instinct, I rolled off the bed..."
    },
    {
      "id": 28,
      "content": "But there was already a blade right at where my neck and head met, its steel a shearing cold."
    },
    {
      "id": 29,
      "content": "Just a little nudge, and I'd be dead even before I could even make a tick."
    },
    {
      "id": 30,
      "content": "I remembered how worried Outis was to leave me alone. I thought she was just being paranoid..."
    },
    {
      "id": 31,
      "content": "I... I should've trusted her judgment."
    },
    {
      "id": 32,
      "content": "Just as I was getting ready for my final struggle, my final moments filled with regret about not listening to Outis' advice..."
    },
    {
      "id": 33,
      "model": "흑수묘",
      "teller": "???",
      "title": "???",
      "content": "Hnh..."
    },
    {
      "id": 34,
      "model": "료슈",
      "content": "What a pathetically thin blade."
    },
    {
      "id": 35,
      "model": "료슈",
      "content": "Too delicate to have the clock C.I.H, don't you think?"
    },
    {
      "id": 36,
      "content": "Ryōshū leapt down from the ceiling and deflected the assailant's dagger away from me."
    },
    {
      "id": 37,
      "model": "단테",
      "content": "<R-Ryōshū...!>"
    },
    {
      "id": 38,
      "model": "료슈",
      "content": "Snuck in thinking I was about to see something interesting, but... you're just some beast with steel."
    },
    {
      "id": 39,
      "content": "I looked up to see the ceiling torn open, dripping with viscous paint-like fluid just as I saw earlier during my conversation with Hong Lu…"
    },
    {
      "id": 40,
      "model": "오티스",
      "content": "Executive Manager! Are you unharmed?!"
    },
    {
      "id": 41,
      "content": "... And Outis peeking out from the gap."
    },
    {
      "id": 42,
      "model": "오티스",
      "content": "I, Outis, was the one who instructed Ryōshū that the ceiling had a room to hide in! Remember that!"
    },
    {
      "id": 43,
      "model": "료슈",
      "content": "Shut... up... and help... me...! Ngh..."
    },
    {
      "id": 44,
      "model": "오티스",
      "content": "Ho, I thought this one was just 'some beast with steel'?"
    },
    {
      "id": 45,
      "model": "료슈",
      "content": "... I could've cut this beast in half, sword and all, had I not been on the bus."
    },
    {
      "id": 46,
      "place": "LCE Research Team Lab. Unit",
      "model": "호엔하임",
      "content": "All of your abilities were diminished the moment you were hired by this company. Equally defanged and depowered, if you will."
    },
    {
      "id": 47,
      "content": "I suddenly recalled Hohenheim's commentary back at the LCE."
    },
    {
      "id": 48,
      "content": "I had a vague notion of what he meant, but... now I was really feeling it."
    },
    {
      "id": 49,
      "place": "Melted Kezhan Chamber",
      "model": "료슈",
      "content": "N.F.W. What is happening?"
    },
    {
      "id": 50,
      "content": "Just as Ryōshū was struggling to stop that one blade..."
    },
    {
      "id": 51,
      "content": "... the intruder pulled out another dagger with their other arm and slashed at Ryōshū's neck."
    },
    {
      "id": 52,
      "model": "웨이",
      "title": "Jia Family",
      "content": "A beast of a Heishou Pack..."
    },
    {
      "id": 53,
      "content": "The intruder would've cut her throat had Wei not burst through my door."
    },
    {
      "id": 54,
      "model": "웨이",
      "title": "Jia Family",
      "content": "Who wields you now?"
    },
    {
      "id": 55,
      "model": "흑수묘",
      "teller": "???",
      "title": "???",
      "content": "……."
    },
    {
      "id": 56,
      "model": "웨이",
      "title": "Jia Family",
      "content": "... I don't suppose dialogue is an option."
    },
    {
      "id": 57,
      "model": "흑수묘",
      "teller": "???",
      "title": "???",
      "content": "<i><b>Light enters not the vast garden... yet falls a star into its fathoms still...</b></i>"
    },
    {
      "id": 58,
      "model": "웨이",
      "title": "Jia Family",
      "content": "...! Agh, no..."
    },
    {
      "id": 59,
      "content": "The intruder reached into his clothes, muttering an odd invocation..."
    },
    {
      "id": 60,
      "model": "료슈",
      "content": "Little shit...! A talisman...!"
    },
    {
      "id": 61,
      "model": "흑수묘",
      "teller": "???",
      "title": "???",
      "content": "... Kuh!"
    },
    {
      "id": 62,
      "model": "가시춘",
      "title": "Jia Family",
      "content": "Wei! Get it together!"
    },
    {
      "id": 63,
      "model": "웨이",
      "title": "Jia Family",
      "content": "My lady!"
    },
    {
      "id": 64,
      "content": "Just as the intruder's muttering began to grow intense, Jia Xichun leaped into my room and struck the stranger with her fan."
    },
    {
      "id": 65,
      "model": "가시춘",
      "title": "Jia Family",
      "content": "Were you going to let that bastard finish that stupid spell? They almost activated the Q Corp. talisman!"
    },
    {
      "id": 66,
      "model": "웨이",
      "title": "Jia Family",
      "content": "Apologies, my lady... I... it seems that I still remain somewhat bound by that spell..."
    },
    {
      "id": 67,
      "model": "가시춘",
      "title": "Jia Family",
      "content": "... Listen. You're no longer a Heishou. You serve me now, got that? You don't have to let those things control you anymore."
    },
    {
      "id": 68,
      "model": "웨이",
      "title": "Jia Family",
      "content": "... Yes, my lady. My apologies."
    },
    {
      "id": 69,
      "model": "단테",
      "content": "<Haaaah... Haaaah...>"
    },
    {
      "id": 70,
      "content": "I fell limply to the bed with the sudden alleviation of stress and pressure."
    },
    {
      "id": 71,
      "model": "가시춘",
      "title": "Jia Family",
      "content": "Hey, are you—! Ah, I can't understand them anyway..."
    },
    {
      "id": 72,
      "model": "웨이",
      "title": "Jia Family",
      "content": "I managed to stop the assassin before he laid a hand on them, fortunately..."
    },
    {
      "id": 73,
      "model": "가시춘",
      "title": "Jia Family",
      "content": "Got it. I don't think there was anyone else in here... Let's switch the lights on."
    },
    {
      "id": 74,
      "content": "<i>Click.</i>"
    },
    {
      "id": 75,
      "content": "When the lights came on, we saw..."
    },
    {
      "id": 76,
      "model": "가시춘",
      "title": "Jia Family",
      "content": "This one... this one's from a 'Mao' branch, isn't it?"
    },
    {
      "id": 77,
      "content": "There was a black bamboo-hat wearing assassin on the ground..."
    },
    {
      "id": 78,
      "model": "단테",
      "content": "<The walls...?!>"
    },
    {
      "id": 79,
      "content": "The walls that appeared solid before we all went to sleep were now melting away as if they were a viscous fluid."
    },
    {
      "id": 80,
      "model": "웨이",
      "title": "Jia Family",
      "content": "There is... something wrong with this building."
    },
    {
      "id": 81,
      "model": "가시춘",
      "title": "Jia Family",
      "content": "I knew that they must've done something to the building, but..."
    },
    {
      "id": 82,
      "model": "웨이",
      "title": "Jia Family",
      "content": "How... is a Heishou here?"
    },
    {
      "id": 83,
      "model": "가시춘",
      "title": "Jia Family",
      "content": "... This whole operation's gotta be spearheaded by someone with real power. This isn't just an ambush from an overexcited Family Hierarch contestant."
    },
    {
      "id": 84,
      "model": "가시춘",
      "title": "Jia Family",
      "content": "What I don't understand is... why the Mao branch? There are better Heishou branches to use if all they wanted was to cut off the clock's head."
    },
    {
      "id": 85,
      "model": "가시춘",
      "title": "Jia Family",
      "content": "... Then they must've had a different purpose, huh?"
    },
    {
      "id": 86,
      "model": "웨이",
      "title": "Jia Family",
      "content": "Correct. This one is from the Mao branch of the Heishou Packs—which means more of them must've infiltrated this building. Though not at the scale of the Zi branch, the Mao branch always moves in groups."
    },
    {
      "id": 87,
      "model": "웨이",
      "title": "Jia Family",
      "content": "Therefore, their goal must be... to kill every guest staying in this kezhan. Including you, my lady."
    },
    {
      "id": 88,
      "model": "가시춘",
      "title": "Jia Family",
      "content": "Then... tsk. We've got to get moving. We can't let them surround us if we want even a chance of surviving this."
    },
    {
      "id": 89,
      "model": "돈키호테",
      "content": "DANTE!!"
    },
    {
      "id": 90,
      "content": "Sinners burst into my room, slamming the door open again."
    },
    {
      "id": 91,
      "model": "돈키호테",
      "content": "T-thou'rt..."
    },
    {
      "id": 92,
      "model": "가시춘",
      "title": "Jia Family",
      "content": "Thank me later. If we don't move our asses, we're good as dead. Wei!"
    },
    {
      "id": 93,
      "model": "웨이",
      "title": "Jia Family",
      "content": "Yes."
    },
    {
      "id": 94,
      "model": "가시춘",
      "title": "Jia Family",
      "content": "We don't have the time to contact the main forces of our faction at the family mansion. You know what to do when we're at a numerical disadvantage, right?"
    },
    {
      "id": 95,
      "model": "웨이",
      "title": "Jia Family",
      "content": "It will be done, my lady."
    },
    {
      "id": 96,
      "content": "Jia Xichun and Wei immediately stormed out of the room as soon as they saw the Sinners enter, as though they've been waiting in here for my protection..."
    },
    {
      "id": 97,
      "content": "Don Quixote and Gregor stood red-faced and on edge, Meursault was covered in battle wounds, and Outis wore an inscrutable expression."
    },
    {
      "id": 98,
      "model": "오티스",
      "content": "... I stand before you in shame. To have to borrow the hands of another to protect the Executive Manager..."
    },
    {
      "id": 99,
      "model": "료슈",
      "content": "Tsk..."
    },
    {
      "id": 100,
      "model": "단테",
      "content": "<No, no. I should've listened to what you said...>"
    },
    {
      "id": 101,
      "model": "뫼르소",
      "content": "Extrapolating from the pattern by which the walls have disintegrated, it is likely that they utilized the identical means of infiltration for each Sinner."
    },
    {
      "id": 102,
      "model": "단테",
      "content": "<... Oh, right. Were you attacked by bamboo-hatted assailants, too?>"
    },
    {
      "id": 103,
      "model": "돈키호테",
      "content": "Their ranks numbered many, Manager Esquire. Yet... for how many of them there were, they were unsettlingly silent. Verily, we were almost—"
    },
    {
      "id": 104,
      "model": "그레고르",
      "content": "Haah... not 'almost'. I saw on the way here that some of us did get killed—impaled straight through the guts."
    },
    {
      "id": 105,
      "model": "단테",
      "content": "<So what he said about how fighting indoors was a taboo...>"
    },
    {
      "id": 106,
      "model": "오티스",
      "content": "Yes. A lie."
    },
    {
      "id": 107,
      "model": "돈키호테",
      "content": "How— Hooh."
    },
    {
      "id": 108,
      "model": "돈키호테",
      "content": "How utterly cowardly and unjust of these vile cur to strike from the shadows... Alas, now is not the moment to ruminate upon their villainy."
    },
    {
      "id": 109,
      "model": "오티스",
      "content": "Correct. Besides..."
    },
    {
      "id": 110,
      "model": "단테",
      "content": "<…!>"
    },
    {
      "id": 111,
      "model": "오티스",
      "content": "... there's more of them waiting to sink their blades into us."
    }
  ]
}