{
    "dataList": [
        {
            "id": 0,
            "place": "???",
            "content": "<color=#9b111e>We thirst for the seven sins.</color>"
        },
        {
            "id": 1,
            "content": "<color=#9b111e>We bear the #&#(!@&$.</color>"
        },
        {
            "id": 2,
            "place": "#*% of #&*()!#%",
            "model": "???",
            "teller": "???",
            "title": "???",
            "content": "This doesn’t look like the right wire. Hey, anybody—"
        },
        {
            "id": 3,
            "content": "An unfamiliar voice seemed to ring in the air."
        },
        {
            "id": 4,
            "content": "Where am I? Who am I…?"
        },
        {
            "id": 5,
            "content": "As these thoughts began to occur, a light buzzed into my sight."
        },
        {
            "id": 6,
            "place": "???",
            "model": "???",
            "teller": "???",
            "title": "???",
            "content": "…ake up."
        },
        {
            "id": 7,
            "model": "???",
            "teller": "???",
            "title": "???",
            "content": "Teacher. Wake up."
        },
        {
            "id": 8,
            "content": "Looking around, I found myself in a strange place."
        },
        {
            "id": 9,
            "content": "It was dotted with dozens of desks and chairs…"
        },
        {
            "id": 10,
            "model": "단테",
            "content": "<A school?>"
        },
        {
            "id": 11,
            "model": "???",
            "teller": "???",
            "title": "???",
            "content": "You seem rather confused, Dear Teacher."
        },
        {
            "id": 12,
            "model": "단테",
            "content": "<Me? A teacher?>"
        },
        {
            "id": 13,
            "model": "???",
            "teller": "???",
            "title": "???",
            "content": "Indeed you are. Seeing how you’re acting, you must have forgotten all about the explanation that was given just now."
        },
        {
            "id": 14,
            "model": "단테",
            "content": "<Uh… Y—Yeah, I guess. Hey, wait a sec… You can hear me?>"
        },
        {
            "id": 15,
            "model": "베르길리우스",
            "content": "I am V.E.R.G.I.L.I.U.S. I have been waiting a long time for your arrival."
        },
        {
            "id": 16,
            "model": "베르길리우스",
            "content": "I am pleased to finally meet you."
        },
        {
            "id": 17,
            "content": "His refusal to answer my questions saps me of any hope for an actual conversation."
        },
        {
            "id": 18,
            "model": "단테",
            "content": "<What’s… Why are you acting like this…>"
        },
        {
            "id": 19,
            "content": "All I can do is feel the sublime terror crawling up my spine, unable to resist…"
        },
        {
            "id": 20,
            "model": "베르길리우스",
            "content": "Anyway… I was in the middle of explaining your biological authentication."
        },
        {
            "id": 21,
            "model": "단테",
            "content": "<Bio…whatnow?>"
        },
        {
            "id": 22,
            "model": "베르길리우스",
            "content": "I cannot be bothered to repeat myself… Let’s just move on."
        },
        {
            "id": 23,
            "content": "It could just be me… but for someone who’s referring to me as a teacher, it sure feels like he’s looking down on me."
        },
        {
            "id": 24,
            "model": "베르길리우스",
            "content": "Okay… Dear Teacher."
        },
        {
            "id": 25,
            "model": "베르길리우스",
            "content": "Now, place your fingertip against mine right here."
        },
        {
            "id": 26,
            "content": "…"
        },
        {
            "id": 27,
            "place": "#*% of #&*()!#%",
            "model": "???",
            "teller": "???",
            "title": "???",
            "content": "…mael! You can’t simply smack a device back into function. Go scuttle off to a corner with your ignorance."
        },
        {
            "id": 28,
            "model": "???",
            "teller": "???",
            "title": "???",
            "content": "Tch, then—"
        },
        {
            "id": 29,
            "content": "Before I could fully process the unpleasant feeling creeping over me, my view was painted with a different color."
        },
        {
            "id": 30,
            "place": "???",
            "model": "???",
            "teller": "???",
            "title": "???",
            "content": "Doctor, Doctor!"
        },
        {
            "id": 31,
            "model": "단테",
            "content": "<…Vergilius?>"
        },
        {
            "id": 32,
            "model": "베르길리우스",
            "content": "The doctor spoke! Here, hold my hand tight…"
        },
        {
            "id": 33,
            "content": "…Your grip could almost break my hands…"
        },
        {
            "id": 34,
            "model": "베르길리우스",
            "content": "I’ve come here to rescue you…"
        },
        {
            "id": 35,
            "content": "No, wait, that’s not who I am… Wasn’t I a manager?"
        },
        {
            "id": 36,
            "content": "But, as if compelled by an unknown force, I could only click my clock’s hands in certain manners."
        },
        {
            "id": 37,
            "model": "단테",
            "content": "<…Who… am I…?>"
        },
        {
            "id": 38,
            "model": "베르길리우스",
            "content": "Doctor, you…"
        },
        {
            "id": 39,
            "model": "베르길리우스",
            "content": "You’re a member of Limbus Island, just like us."
        },
        {
            "id": 40,
            "content": "Huh…? I could’ve sworn I worked for a company, not an island…"
        },
        {
            "id": 41,
            "content": "……."
        },
        {
            "id": 42,
            "place": "#*% of #&*()!#%",
            "model": "???",
            "teller": "???",
            "title": "???",
            "content": "…ss Faust! How does this clock head even work?!"
        },
        {
            "id": 43,
            "content": "Yet again… Strange voices and unpleasant sights."
        },
        {
            "id": 44,
            "content": "Just what…"
        },
        {
            "id": 45,
            "place": "???",
            "model": "???",
            "teller": "???",
            "title": "???",
            "content": "Amazing… that was amazing! You really won!"
        },
        {
            "id": 46,
            "content": "What is it this time… They’re not even human now…"
        },
        {
            "id": 47,
            "model": "???",
            "teller": "???",
            "title": "???",
            "content": "So this is Mephistopheles… showing us the way a true “Ace” runs…"
        },
        {
            "id": 48,
            "model": "단테",
            "content": "<What are you going on about… this time…>"
        },
        {
            "id": 49,
            "model": "베르길리우스",
            "content": "Ah! Looks like the chief trainer has arrived!"
        },
        {
            "id": 50,
            "content": "He’s not even listening to me anymore."
        },
        {
            "id": 51,
            "model": "단테",
            "content": "<Seriously, what is this place?! The center of some Nest? What’s up with your horse mask…>"
        },
        {
            "id": 52,
            "content": "As I attempted to complain to him with my tocking…"
        },
        {
            "id": 53,
            "content": "…"
        },
        {
            "id": 54,
            "place": "#*% of #&*()!#%",
            "model": "???",
            "teller": "???",
            "title": "???",
            "content": "Memory module… …Did that work? The… Why is…"
        },
        {
            "id": 55,
            "model": "단테",
            "content": "<M—My head…>"
        },
        {
            "id": 56,
            "place": "???",
            "content": "Producer…"
        },
        {
            "id": 57,
            "content": "Leader…"
        },
        {
            "id": 58,
            "content": "Commander…"
        },
        {
            "id": 59,
            "content": "Master…"
        },
        {
            "id": 60,
            "content": "Professor…"
        },
        {
            "id": 61,
            "content": "All kinds of unknowable protagonistic labels swirl in my head."
        },
        {
            "id": 62,
            "content": "At… At this rate…"
        },
        {
            "id": 63,
            "content": "#&*()@%&!)$&8%&*%#%#!"
        },
        {
            "id": 64,
            "model": "베르길리우스",
            "content": "You’re back."
        },
        {
            "id": 65,
            "place": "Aboard Mephistopheles",
            "model": "베르길리우스",
            "content": "I was getting worried about you, Executive Manager."
        },
        {
            "id": 66,
            "model": "베르길리우스",
            "content": "You suddenly… fainted on the bus out of nowhere."
        },
        {
            "id": 67,
            "model": "단테",
            "content": "<Vergil…?!>"
        },
        {
            "id": 68,
            "content": "No… Not more of this…!"
        },
        {
            "id": 69,
            "model": "단테",
            "content": "<Eek! EEEEK!!>"
        },
        {
            "id": 70,
            "model": "베르길리우스",
            "content": "What is the meaning of this, Manager? Why are you running?"
        },
        {
            "id": 71,
            "model": "단테",
            "content": "<Keep you and your weird titles away from me!!!>"
        },
        {
            "id": 72,
            "model": "베르길리우스",
            "content": "…You sure sound like a broken clock."
        },
        {
            "id": 73,
            "model": "베르길리우스",
            "content": "We tinkered with a number of things trying to fix you up…"
        },
        {
            "id": 74,
            "model": "베르길리우스",
            "content": "Hah, and as it turns out, all we had to do was wind that clock. Some time we wasted."
        },
        {
            "id": 75,
            "content": "Vergilius… He doesn’t recognize my words now."
        },
        {
            "id": 76,
            "model": "단테",
            "content": "<Am I… really back?>"
        },
        {
            "id": 77,
            "model": "베르길리우스",
            "content": "…I have no clue what that ticking is supposed to mean. I can suppose you did calm down a little."
        },
        {
            "id": 78,
            "model": "베르길리우스",
            "content": "If Ms. Faust is to be believed… you might have visited a number of mirror worlds in your dream…"
        },
        {
            "id": 79,
            "model": "베르길리우스",
            "content": "Well, that’s not relevant now, is it?"
        },
        {
            "id": 80,
            "model": "베르길리우스",
            "content": "The Sinners have left the bus already."
        },
        {
            "id": 81,
            "model": "베르길리우스",
            "content": "So stop flubbing around there…"
        },
        {
            "id": 82,
            "model": "베르길리우스",
            "content": "And get out already."
        },
        {
            "id": 83,
            "content": "I wonder… What were all those bizarre illusions I saw, and why did Vergilius address me with all kinds of odd titles?"
        },
        {
            "id": 84,
            "content": "As much as I was curious…"
        },
        {
            "id": 85,
            "model": "베르길리우스",
            "content": "……"
        },
        {
            "id": 86,
            "content": "This didn’t look like a good time to talk; he was wiping some grease off his hands, clearly irritated."
        },
        {
            "id": 87,
            "content": "All he’d hear are my usual ticking noises anyhow…"
        },
        {
            "id": 88,
            "content": "Right now… I just want to bask in the relief that the Vergilius I know is here after all."
        },
        {
            "id": 89,
            "content": "Yep… I’d much rather have this glacial gaze of his over any other."
        }
    ]
}