{
  "dataList": [
    {
      "id": 0,
      "place": "Melted Kezhan Lobby",
      "model": "가시춘",
      "title": "Jia Family",
      "content": "\"Prominent\"...?"
    },
    {
      "id": 1,
      "model": "사이화",
      "title": "Shi Family",
      "content": "But of course. I claimed control of a branch of the Heishou Packs."
    },
    {
      "id": 2,
      "model": "사이화",
      "title": "Shi Family",
      "content": "While you were wasting your time out there searching for the river of immortality or whatever."
    },
    {
      "id": 3,
      "model": "가시춘",
      "title": "Jia Family",
      "content": "... I don't even know where I'd even start to refute your braindead accusation."
    },
    {
      "id": 4,
      "model": "가시춘",
      "title": "Jia Family",
      "content": "Haah, this is way beneath me. I don't even want to address you as my senior, either."
    },
    {
      "id": 5,
      "model": "가시춘",
      "title": "Jia Family",
      "content": "So who is it? Big brother Huan? Nah, I can't imagine he'd ever be interested in someone like you."
    },
    {
      "id": 6,
      "model": "사이화",
      "title": "Shi Family",
      "content": "What are you talking about...?"
    },
    {
      "id": 7,
      "model": "가시춘",
      "title": "Jia Family",
      "content": "I'm asking whose teat you've been suckling on to gain the control of the Mao branch. Because we both know for sure that there's no way in hell you have the means to control them, right?"
    },
    {
      "id": 8,
      "model": "사이화",
      "title": "Shi Family",
      "content": "You little twerp...!"
    },
    {
      "id": 9,
      "model": "가시춘",
      "title": "Jia Family",
      "content": "Are you sure you wanna insult my height from where you're standing...? Pfft."
    },
    {
      "id": 10,
      "model": "경도",
      "content": "Master Yihua...?"
    },
    {
      "id": 11,
      "model": "단테",
      "content": "<It... doesn't seem like the mastermind of this operation was actually anyone important...>"
    },
    {
      "id": 12,
      "model": "오티스",
      "content": "Agreed. I can tell by just the look of that traitor with the physiognomy of a deceiver."
    },
    {
      "id": 13,
      "model": "사이화",
      "title": "Shi Family",
      "content": "This is a waste of time. Hey, Zilu! Cut 'em all down!"
    },
    {
      "id": 14,
      "model": "자로",
      "content": "... The mission was to assassinate them."
    },
    {
      "id": 15,
      "model": "자로",
      "content": "To meet them in an open battle, to take the lives of Hierarch candidates... was not what was agreed upon."
    },
    {
      "id": 16,
      "model": "사이화",
      "title": "Shi Family",
      "content": "What the fu— Blah, blah, blah, just shut up and do as you're told!"
    },
    {
      "id": 17,
      "model": "자로",
      "content": "I may fight to protect your life, yet I cannot do more."
    },
    {
      "id": 18,
      "model": "자로",
      "content": "A Heishou heeds no voices but that of the one who holds their leash."
    },
    {
      "id": 19,
      "model": "단테",
      "content": "<Looks like that Shi Yihua doesn't even control these guys.>"
    },
    {
      "id": 20,
      "model": "이상",
      "content": "There is an apt saying, oft invoked in the east. A fox may pretend to the throne—but only with the blessing of the tiger."
    },
    {
      "id": 21,
      "model": "사이화",
      "title": "Shi Family",
      "content": "Shut up over there!"
    },
    {
      "id": 22,
      "model": "사이화",
      "title": "Shi Family",
      "content": "Dammit, this Heishou Pack is useless... Can't even get a simple job done..."
    },
    {
      "id": 23,
      "model": "자로",
      "content": "……."
    },
    {
      "id": 24,
      "model": "경도",
      "content": "Master Yihua, the Heishou Pack was here merely as a backup plan. Our true strategy involves..."
    },
    {
      "id": 25,
      "model": "사이화",
      "title": "Shi Family",
      "content": "Ahem, true."
    },
    {
      "id": 26,
      "model": "사이화",
      "title": "Shi Family",
      "content": "This is fine. I have other plans to <i>sweep</i> you all away...!"
    },
    {
      "id": 27,
      "model": "파우스트",
      "content": "This is the second time this individual has made an odd emphasis on a variation of the word 'sweep'."
    },
    {
      "id": 28,
      "model": "이스마엘",
      "content": "What, are you saying that you bribed the Sweepers or something?"
    },
    {
      "id": 29,
      "model": "사이화",
      "title": "Shi Family",
      "content": "…!"
    },
    {
      "id": 30,
      "model": "경도",
      "content": "……."
    },
    {
      "id": 31,
      "model": "파우스트",
      "content": "While their reactions may appear suspicious, that suggestion is almost an absolute impossibility."
    },
    {
      "id": 32,
      "model": "파우스트",
      "content": "The Head is at the top of the Sweepers' chain of command. In other words, only the head possesses the authority to command them."
    },
    {
      "id": 33,
      "model": "이스마엘",
      "content": "Right... Yeah, of course."
    },
    {
      "id": 34,
      "model": "파우스트",
      "content": "Moreover, they are prohibited from touching, let alone entering, any designated residential areas during the Night in the Backstreets."
    },
    {
      "id": 35,
      "model": "파우스트",
      "content": "This is a permanent, immutable taboo of the Head, one of the very first to be introduced."
    },
    {
      "id": 36,
      "model": "파우스트",
      "content": "The effort of going through a myriad of paperwork to ensure that Mephistopheles is recognized as a residential vehicle was ultimately to capitalize on this taboo."
    },
    {
      "id": 37,
      "model": "사이화",
      "title": "Shi Family",
      "content": "Yes, it is <i>exactly</i> as you say."
    },
    {
      "id": 38,
      "model": "사이화",
      "title": "Shi Family",
      "content": "What a stupid question to ask, making me anxious out of nowhere... Tsk, that soured the mood."
    },
    {
      "id": 39,
      "model": "사이화",
      "title": "Shi Family",
      "content": "Come, let us leave. I had only intended to have them see my face, after all."
    },
    {
      "id": 40,
      "model": "사이화",
      "title": "Shi Family",
      "content": "Too bad I won't even remember them in a few days once they all get <i>swept</i> away! Ha ha ha!"
    },
    {
      "id": 41,
      "model": "경도",
      "content": "Master Yihua...?"
    },
    {
      "id": 42,
      "model": "자로",
      "content": "... We best leave before any more unnecessary words are said."
    },
    {
      "id": 43,
      "content": "Faust is right—these guys are acting way too suspicious to not have some scheme brewing back there."
    },
    {
      "id": 44,
      "content": "So overtly suspicious that I'm starting to wonder if they're trying to use reverse psychology on us into walking right into their trap."
    },
    {
      "id": 45,
      "content": "... Well, when surrounded by nothing but uncertainties, there's a solution that usually works."
    },
    {
      "id": 46,
      "model": "단테",
      "content": "<Faust.>"
    },
    {
      "id": 47,
      "model": "파우스트",
      "content": "Faust had intended to make this suggestion first, but... it appears that you share the idea."
    },
    {
      "id": 48,
      "model": "단테",
      "content": "<Yep. So, Outis...>"
    },
    {
      "id": 49,
      "model": "오티스",
      "content": "Yes, Executive Manager."
    },
    {
      "id": 50,
      "model": "단테",
      "content": "<We have twelve Sinners, Jia Xichun, and Wei on our side.>"
    },
    {
      "id": 51,
      "model": "단테",
      "content": "<And I don't think the so-called 'Mao branch' are willing to fight...>"
    },
    {
      "id": 52,
      "model": "단테",
      "content": "<Which means that we only have three enemies—Shi Yihua, our 'guide', and Zilu... the assassin.>"
    },
    {
      "id": 53,
      "model": "단테",
      "content": "<We have the numerical advantage, don't we?>"
    },
    {
      "id": 54,
      "model": "오티스",
      "content": "You always make the most accurate read of the battlefield."
    },
    {
      "id": 55,
      "model": "사이화",
      "title": "Shi Family",
      "content": "What's going on over there...? What's that tick-tocking noise...?"
    },
    {
      "id": 56,
      "model": "경도",
      "content": "……."
    },
    {
      "id": 57,
      "content": "Our former guide seemed to have figured out what our conversation was about, because he took a few slow, careful steps away from Shi Yihua... before bolting off into the distance."
    },
    {
      "id": 58,
      "content": "I've been thinking this all day, but he sure is a fast runner."
    },
    {
      "id": 59,
      "model": "홍루",
      "content": "... Ohh!"
    },
    {
      "id": 60,
      "model": "단테",
      "content": "<What? What is it, Hong Lu? Did you remember something?>"
    },
    {
      "id": 61,
      "model": "홍루",
      "content": "I did. I had a hard time recalling this because he isn't from my family~"
    },
    {
      "id": 62,
      "model": "홍루",
      "content": "But I remember now! You're big brother Yihua of the Shi family, right?"
    },
    {
      "id": 63,
      "content": "... Didn't that guy just announce that himself earlier?"
    },
    {
      "id": 64,
      "model": "단테",
      "content": "<Anyways... Hong Lu, I'm gonna get that guy and beat the motives out of him... is that gonna be okay with you?>"
    },
    {
      "id": 65,
      "model": "홍루",
      "content": "Hm~ He's not from my family, but... I'm sure big brother Yihua will be happy to answer your questions~"
    },
    {
      "id": 66,
      "model": "단테",
      "content": "<Great. Another thing...>"
    },
    {
      "id": 67,
      "model": "단테",
      "content": "<As your commander, I should probably say something cool to start off the battle, right?>"
    },
    {
      "id": 68,
      "model": "홍루",
      "content": "Wow, that's going to be so cool! Like something straight out of a story."
    },
    {
      "id": 69,
      "content": "... Outis said something like this once."
    },
    {
      "id": 70,
      "content": "That, even if one side has the absolute advantage in battle, the commander's words may be the deciding factor in who wins and loses."
    },
    {
      "id": 71,
      "content": "So, I decided to borrow a few words from a book Hong Lu once lent me. It was a general who said it, I believe."
    },
    {
      "id": 72,
      "model": "단테",
      "content": "<... Destroy them all!>"
    }
  ]
}