{
  "dataList": [
    {
      "id": 0,
      "place": "Hohenheim's Laboratory, Past",
      "content": "We arrived at the entrance to Hohenheim's laboratory."
    },
    {
      "id": 1,
      "model": "뒤틀린호엔하임",
      "content": "This may be my final order to you."
    },
    {
      "id": 2,
      "model": "뒤틀린호엔하임",
      "content": "Either suppress me and return safe and sound to where you came from, or... fail the suppression, place me in a containment unit, and perhaps we can observe what happens next."
    },
    {
      "id": 3,
      "model": "단테",
      "content": "<…….>"
    },
    {
      "id": 4,
      "content": "That's when Heathcliff suddenly strode forward."
    },
    {
      "id": 5,
      "model": "후디히스",
      "content": "Hohenheim, you…"
    },
    {
      "id": 6,
      "model": "후디히스",
      "content": "Do you still believe in that potentiality?"
    },
    {
      "id": 7,
      "model": "뒤틀린호엔하임",
      "content": "……."
    },
    {
      "id": 8,
      "model": "후디히스",
      "content": "I do."
    },
    {
      "id": 9,
      "model": "후디히스",
      "content": "It’s what keeps me going."
    },
    {
      "id": 10,
      "model": "후디히스",
      "content": "You only hire researchers from the Backstreets, don’t you? I heard from ‘em earlier."
    },
    {
      "id": 11,
      "model": "후디히스",
      "content": "They told me that you’re a right pompous bloke, but… thanks to you, they can continue to research and believe that there might be things in the world that's worth working toward."
    },
    {
      "id": 12,
      "model": "뒤틀린호엔하임",
      "content": "……."
    }
  ]
}