{
    "dataList": [
        {
            "id": 0,
            "place": "Clock Tower",
            "model": "시간살인마",
            "content": "Have you ever wept in such deep longing for that extra minute, that extra second you let slip through your fingers?"
        },
        {
            "id": 1,
            "model": "시간살인마",
            "content": "Where you wished that your heart would forever sleep, for its every beat was but a painful reminder of the merciless march of time?"
        },
        {
            "id": 2,
            "model": "시간살인마",
            "content": "I don't suppose you have... Because you all have plenty of time to spare..."
        },
        {
            "id": 3,
            "content": "With that, the Time Ripper slips into the shimmering portal."
        },
        {
            "id": 4,
            "model": "뫼르소",
            "content": "A Mirror Dungeon of the Fathoms. It appears to be the same kind as the one we have seen before."
        },
        {
            "id": 5,
            "model": "탐정로쟈",
            "content": "……."
        },
        {
            "id": 6,
            "model": "탐정로쟈",
            "content": "Hey, Dante... I've got a question. It just occurred to me for the first time."
        },
        {
            "id": 7,
            "model": "탐정로쟈",
            "content": "Where do all the time that we use... that you use..."
        },
        {
            "id": 8,
            "model": "탐정로쟈",
            "content": "... where do they come from?"
        },
        {
            "id": 9,
            "model": "단테",
            "content": "<Well, that's...>"
        },
        {
            "id": 10,
            "content": "I never gave thought to where the time I rewind comes from. All I knew was that when I turned the clock, I rewound the time."
        },
        {
            "id": 11,
            "model": "탐정료슈",
            "content": "W.C."
        },
        {
            "id": 12,
            "model": "탐정로쟈",
            "content": "... Yeah. Who cares, I guess."
        },
        {
            "id": 13,
            "content": "I wish I could answer her, but... it's not like I know how any of this works."
        },
        {
            "id": 14,
            "content": "Ryōshū quickly shut us down with her brief summary of the circumstances. We did not question it further."
        },
        {
            "id": 15,
            "model": "오티스",
            "content": "A Mirror Dungeon of the Fathoms..."
        },
        {
            "id": 16,
            "model": "오티스",
            "content": "... Let's go."
        }
    ]
}