{
  "dataList": [
    {
      "id": 0,
      "place": "LCE Research Team Lab. Unit",
      "model": "다친베르길리우스",
      "content": "I will not place the blame of this incident on anyone, Dante."
    },
    {
      "id": 1,
      "model": "단테",
      "content": "<…….>"
    },
    {
      "id": 2,
      "model": "다친베르길리우스",
      "content": "I understand that no one could have expected this outcome,"
    },
    {
      "id": 3,
      "model": "다친베르길리우스",
      "content": "given the dearth of intelligence regarding the binding tool the First Kindred had gifted to the third Sinner."
    },
    {
      "id": 4,
      "model": "다친베르길리우스",
      "content": "… Well, then."
    },
    {
      "id": 5,
      "content": "I hadn't had that much firsthand experience with watching Vergilius fight, but... this was certainly the most exhausted I've seen him after a fight."
    },
    {
      "id": 6,
      "content": "... I decided to say nothing, and turned the clock."
    },
    {
      "id": 7,
      "content": "After some time passed…"
    },
    {
      "id": 8,
      "model": "돈키호테",
      "content": "……."
    },
    {
      "id": 9,
      "model": "단테",
      "content": "<Don Quixote, what happened? Did you lose consciousness? Or did something affect your memory…?>"
    },
    {
      "id": 10,
      "model": "돈키호테",
      "content": "Manager Esquire, I…"
    },
    {
      "id": 11,
      "model": "돈키호테",
      "content": "My memories were fine."
    },
    {
      "id": 12,
      "model": "돈키호테",
      "content": "But there were… I heard something as soon as I removed my shoes."
    },
    {
      "id": 13,
      "model": "단테",
      "content": "<… Voices, right?>"
    },
    {
      "id": 14,
      "model": "돈키호테",
      "content": "Once again, you have witnessed me."
    },
    {
      "id": 15,
      "model": "돈키호테",
      "content": "Yes, the voices. So many voices."
    },
    {
      "id": 16,
      "model": "이스마엘",
      "content": "Vo... voices…?"
    },
    {
      "id": 17,
      "model": "돈키호테",
      "content": "The voices… of my Family."
    },
    {
      "id": 18,
      "model": "싱클레어",
      "content": "But… the Bloodfiends of La Manchaland are all…"
    },
    {
      "id": 19,
      "content": "Sinclair trailed off."
    },
    {
      "id": 20,
      "content": "Every single Bloodfiend left inside La Manchaland was killed when the amusement park collapsed."
    },
    {
      "id": 21,
      "content": "In other words, most of Don Quixote’s lower Kindreds were dead."
    },
    {
      "id": 22,
      "model": "돈키호테",
      "content": "That is… indeed, that is correct. But I cannot well explain how—the only way I might explain this is… that it was as though my very blood remembered them still."
    },
    {
      "id": 23,
      "model": "돈키호테",
      "content": "I recognized some of them. And some were voices of those I once deeply cared for."
    },
    {
      "id": 24,
      "model": "돈키호테",
      "content": "It seems that I was, against my own desire, made to ascend to my Father’s seat. Perhaps I always was, ever since then."
    },
    {
      "id": 25,
      "model": "돈키호테",
      "content": "… And I was struck not only by my own thirst, but the combined thirst of every single one of the Children."
    },
    {
      "id": 26,
      "model": "그레고르",
      "content": "Thirst…"
    },
    {
      "id": 27,
      "model": "돈키호테",
      "content": "Indeed, I am also bound by that thirst."
    },
    {
      "id": 28,
      "model": "돈키호테",
      "content": "It is only natural. Because I am a Bloodfiend."
    },
    {
      "id": 29,
      "model": "돈키호테",
      "content": "Thus the pressure of it all broke my hold of sanity, and…"
    },
    {
      "id": 30,
      "model": "돈키호테",
      "content": "… I… hurt you all. As Don Quixote the Bloodfiend, a higher Kindred… not as Don Quixote, a Sinner and your friend."
    },
    {
      "id": 31,
      "model": "싱클레어",
      "content": "Don Quixote, this isn’t your fault, it’s…"
    },
    {
      "id": 32,
      "model": "돈키호테",
      "content": "No, such words are now meaningless…"
    },
    {
      "id": 33,
      "content": "She looked down at her pair of shoes, their strings again neatly tied."
    },
    {
      "id": 34,
      "model": "호엔하임",
      "content": "The higher office will now be regularly supplying you with artificial blood packs."
    },
    {
      "id": 35,
      "content": "Hohenheim approached us, after spending a while vigorously scribbling something in his notes."
    },
    {
      "id": 36,
      "model": "호엔하임",
      "content": "The blood substitute will be very similar to real blood in terms of composition... and we won't have any issues with supply."
    },
    {
      "id": 37,
      "model": "돈키호테",
      "content": "……."
    },
    {
      "id": 38,
      "model": "호엔하임",
      "content": "I don't suppose you actually believed that mere willpower would be enough to withstand this urge?"
    },
    {
      "id": 39,
      "model": "돈키호테",
      "content": "... I have done quite well suppressing it thus far."
    },
    {
      "id": 40,
      "model": "호엔하임",
      "content": "Indeed. And that was precisely the wick attached to the ticking time bomb within the LCB."
    },
    {
      "id": 41,
      "model": "호엔하임",
      "content": "Must I remind you that the soundness of this 'limiter' of yours is quite tenuous, as today's events have demonstrated?"
    },
    {
      "id": 42,
      "model": "파우스트",
      "content": "Is it your implication that the purpose of conducting this reckless experiment was to determine the full extent of the latent danger?"
    },
    {
      "id": 43,
      "model": "후디히스",
      "content": "I dunno, it seemed like he was in it only to sate his curiosity."
    },
    {
      "id": 44,
      "model": "호엔하임",
      "content": "Call it merely the auspice of opportune convenience. This risk factor had to be measured sooner or later—had I known the full extent of the danger she posed, I would have immediately requested a forceful summoning of your department."
    },
    {
      "id": 45,
      "model": "호엔하임",
      "content": "Of course, as large as this void of unknowns was, we were able to fill it with much new information."
    },
    {
      "id": 46,
      "model": "돈키호테",
      "content": "……."
    },
    {
      "id": 47,
      "model": "호엔하임",
      "content": "Certain analyses can be drawn by comparing the reports regarding Bloodfiends and this very experiment."
    },
    {
      "id": 48,
      "model": "호엔하임",
      "content": "Let us discuss the thirst you experienced first, for example—the combined desire of every lower Kindred."
    },
    {
      "id": 49,
      "model": "호엔하임",
      "content": "Indeed, it is true. The Manchegan Kindreds have been completely eradicated due to the events at La Manchaland. But you still heard the voices of your 'Children', yes?"
    },
    {
      "id": 50,
      "model": "돈키호테",
      "content": "... What are you trying to say?"
    },
    {
      "id": 51,
      "model": "호엔하임",
      "content": "I aim to discuss the powerful binding force contained within 'blood'."
    },
    {
      "id": 52,
      "model": "호엔하임",
      "content": "LCD's cooperative report explains that 'blood' is not merely a carrier of nutrients, but something more. That it contains certain abstract values as well."
    },
    {
      "id": 53,
      "model": "호엔하임",
      "content": "We sent in a complaint, that the report was far too vague in its wording, and we received a reply their On-site Investigative Reasoning Team Leader spat out, the contents of which were equally fascinating."
    },
    {
      "id": 54,
      "model": "호엔하임",
      "content": "This desire of their kind... this 'thirst', is something that may as well be imbued and imprinted on the Familial bloodline. Normally, the weight of that thirst is far too heavy for any individual to bear—which is why they propagate. To bear the unbearable burden together."
    },
    {
      "id": 55,
      "model": "호엔하임",
      "content": "... But considering that all of that desire is now focused unto an individual, on account of the extinction of her entire Family line, it is easy to see why her hold to sanity was so easily broken, no matter the strength of her will."
    },
    {
      "id": 56,
      "model": "호엔하임",
      "content": "She alone was made to bear the responsibility, the pressure, the duty... of having to raise the Family once again."
    },
    {
      "id": 57,
      "model": "호엔하임",
      "content": "And because none of those needs are currently met, there comes the endlessly exacerbating thirst, thirst, and more thirst…"
    },
    {
      "id": 58,
      "model": "호엔하임",
      "content": "It is quite fascinating to see how your kind preserves these very abstract values in the physical form of blood."
    },
    {
      "id": 59,
      "model": "호엔하임",
      "content": "The mere words 'thirst' does quite the insufficient job of describing the intensity with which you have lost control. This was my oversight, I must admit."
    },
    {
      "id": 60,
      "model": "돈키호테",
      "content": "……."
    },
    {
      "id": 61,
      "model": "호엔하임",
      "content": "I do respect your efforts to be liberated from your nature, I truly do. But I also maintain that it is highly advisable for you to regularly consume the provided blood packs."
    },
    {
      "id": 62,
      "model": "돈키호테",
      "content": "... Understood."
    },
    {
      "id": 63,
      "model": "돈키호테",
      "content": "But… one day, I wish to dismount from Rocinante…"
    },
    {
      "id": 64,
      "model": "돈키호테",
      "content": "… and walk bare of feet, and feel the earth under my own skin."
    },
    {
      "id": 65,
      "model": "호엔하임",
      "content": "I was able to establish one positive fact from this exercise, however."
    },
    {
      "id": 66,
      "model": "돈키호테",
      "content": "What might that be…?"
    },
    {
      "id": 67,
      "model": "호엔하임",
      "content": "That there are those who would, quite literally, throw their lives on the line to stop you even if you were to take off your shoes."
    },
    {
      "id": 68,
      "model": "호엔하임",
      "content": "In other words, I don't believe it to be necessary for other departments to exercise any separate control over you."
    },
    {
      "id": 69,
      "model": "돈키호테",
      "content": "……."
    },
    {
      "id": 70,
      "model": "호엔하임",
      "content": "Well, now that I’ve had a first-hand account of your conditions, I will write the following in the report."
    },
    {
      "id": 71,
      "model": "호엔하임",
      "content": "Still quite unstable… yet, with the effort from the subject herself, and efforts from various other environmental factors… this subject has been deemed sufficiently controllable."
    },
    {
      "id": 72,
      "model": "호엔하임",
      "content": "Once again, I do respect your efforts. Or any kind of effort, really."
    },
    {
      "id": 73,
      "model": "호엔하임",
      "content": "Because I've never had much use for it myself."
    },
    {
      "id": 74,
      "model": "돈키호테",
      "content": "……."
    },
    {
      "id": 75,
      "content": "Don Quixote took a deep breath, then turned to face the Sinners. By then, her eyes had regained their usual, softer look."
    },
    {
      "id": 76,
      "content": "But… sorrow was seeping through the tone of her voice. Despite her theatrical manner of speech returning, her tone reminded me of our time at La Manchaland."
    },
    {
      "id": 77,
      "model": "돈키호테",
      "content": "My deepest apologies, dearest friends. Forsooth, I shall ever-persevere to see that Rocinante... my shoes... are never to be removed again."
    },
    {
      "id": 78,
      "model": "후디히스",
      "content": "Lass, you're lookin' at it all wrong."
    },
    {
      "id": 79,
      "model": "후디히스",
      "content": "You're going to remove those shoes one day, yeah? And that's what you're going to persevere towards."
    },
    {
      "id": 80,
      "model": "돈키호테",
      "content": "……."
    },
    {
      "id": 81,
      "model": "돈키호테",
      "content": "Verily."
    },
    {
      "id": 82,
      "content": "I think she let out a brief, quiet laughter."
    },
    {
      "id": 83,
      "model": "돈키호테",
      "content": "Ah, Manager Esquire."
    },
    {
      "id": 84,
      "model": "돈키호테",
      "content": "Perchance, is there aught that thou concealest from my knowledge?"
    },
    {
      "id": 85,
      "model": "단테",
      "content": "<Whu-what do you mean?>"
    },
    {
      "id": 86,
      "model": "돈키호테",
      "content": "……."
    },
    {
      "id": 87,
      "model": "단테",
      "content": "<I... don't think so?>"
    },
    {
      "id": 88,
      "content": "It’s no coincidence that, at this very moment, I noticed Faust looking in my direction."
    },
    {
      "id": 89,
      "content": "I don’t know if I made the right choice here, but…"
    },
    {
      "id": 90,
      "content": "Faust nodded lightly, as though to say that I did. I stopped hesitating, and the tick-tocking noise came to a stop."
    },
    {
      "id": 91,
      "model": "돈키호테",
      "content": "Mm... very well, then."
    },
    {
      "id": 92,
      "model": "단테",
      "content": "<…….>"
    },
    {
      "id": 93,
      "content": "However, I cannot help but admit that I felt some degree of anxiety as I watched Don Quixote walk away as though nothing had happened."
    }
  ]
}