{
  "dataList": [
    {
      "id": 0,
      "place": "Backstreets of District 8, Entrance",
      "model": "뫼르소",
      "content": "Hostiles in the immediate vicinity have been eliminated."
    },
    {
      "id": 1,
      "content": "Our collaborator, who'd been hiding far from the battle, quickly ran up to our side as soon as the fight ended."
    },
    {
      "id": 2,
      "model": "오티스",
      "content": "……."
    },
    {
      "id": 3,
      "model": "경도",
      "content": "Are you unhurt, young master?!"
    },
    {
      "id": 4,
      "model": "홍루",
      "content": "Yep, I'm totally fine."
    },
    {
      "id": 5,
      "model": "경도",
      "content": "Of course, our honored guests' martial skills were all exceptionally brilliant, but... young master, your light was the brightest even among the incandescent!"
    },
    {
      "id": 6,
      "model": "경도",
      "content": "This humble servant could not hold back his tears at this wondrous sight! To witness such excellent martial arts from none other than the young master himself... what an unexpected surprise!"
    },
    {
      "id": 7,
      "model": "싱클레어",
      "content": "...But don’t the children of the Jia family undergo all kinds of strict training regimens from childhood…?"
    },
    {
      "id": 8,
      "model": "경도",
      "content": "Ahm, it was simply my assumption that young master had ceased his trainings once he departed the family..."
    },
    {
      "id": 9,
      "model": "싱클레어",
      "content": "Anyways... how do you think they tracked us down anyway...?"
    },
    {
      "id": 10,
      "model": "경도",
      "content": "Ah, about that—it appears that we weren't exactly 'tracked down'."
    },
    {
      "id": 11,
      "model": "경도",
      "content": "Perhaps it may be that the ilk who lurk in these parts of the Backstreets recognized the young master's venerable countenance."
    },
    {
      "id": 12,
      "model": "홍루",
      "content": "Hm~ I don't think my face is <i>that</i> well known."
    },
    {
      "id": 13,
      "model": "경도",
      "content": "The Family Hierarch Evaluations are nigh; every soul living in Hongyuan must know the face of the young master who is loved by every elder of the family."
    },
    {
      "id": 14,
      "model": "경도",
      "content": "It must be that they are under the assumption that you are carrying something of great value."
    },
    {
      "id": 15,
      "content": "Family Hierarch, huh... Hm, didn't Jia Xichun say something about heirs back then?"
    },
    {
      "id": 16,
      "model": "홍루",
      "content": "... Hmm~"
    },
    {
      "id": 17,
      "model": "홍루",
      "content": "They all assumed wrong, then. I didn't bring anything precious that... the elders might be looking for."
    },
    {
      "id": 18,
      "model": "경도",
      "content": "Young master, even now...?"
    },
    {
      "id": 19,
      "model": "홍루",
      "content": "I just couldn't care less about it, that's all~"
    },
    {
      "id": 20,
      "model": "홍루",
      "content": "Besides, many of my siblings are much better fit to be the Family Hierarch than I am."
    },
    {
      "id": 21,
      "model": "경도",
      "content": "Huh, that's..."
    },
    {
      "id": 22,
      "model": "경도",
      "content": "Ahem. Well, that is indeed a relief."
    },
    {
      "id": 23,
      "model": "이상",
      "content": "... A relief, is it?"
    },
    {
      "id": 24,
      "model": "경도",
      "content": "Ah, well... but of course! It is a highly dangerous endeavor to partake in the Hierarch Evaluations, so it is of great relief to know that young master is not putting himself in unnecessary danger."
    },
    {
      "id": 25,
      "model": "단테",
      "content": "<I guess that could be a relief, sort of...>"
    },
    {
      "id": 26,
      "model": "그레고르",
      "content": "Whew, now that we took 'em all down, there shouldn't be any more on the way... right?"
    },
    {
      "id": 27,
      "model": "로쟈",
      "content": "... Greg? Can we not jinx ourselves for one second?"
    },
    {
      "id": 28,
      "model": "료슈",
      "content": "Heh."
    },
    {
      "id": 29,
      "model": "싱클레어",
      "content": "W-why are you laughing, Ryōshū? Now I'm worried."
    },
    {
      "id": 30,
      "model": "경도",
      "content": "Please, do not concern yourselves any further. We will take a more clandestine path. I guarantee a safe and easy passage to our destination."
    },
    {
      "id": 31,
      "model": "오티스",
      "content": "... I still have a hard time buying that. The lay of this place would constitute a perfect place to set up an ambush in most places, yet you claim this to be the safer path?"
    },
    {
      "id": 32,
      "model": "경도",
      "content": "Yet I must ask you to place your faith in this humble servant, for Hongyuan is not like most places."
    },
    {
      "id": 33,
      "model": "오티스",
      "content": "... Fine. For now."
    },
    {
      "id": 34,
      "content": "Outis shut her eyes for a moment, out of retorts, then turned to look at Ishmael."
    },
    {
      "id": 35,
      "model": "오티스",
      "content": "Hey, Ishmael. You must have a pamphlet of this place handy, don't you?"
    },
    {
      "id": 36,
      "model": "이스마엘",
      "content": "... No way. You're actually going to read it?"
    },
    {
      "id": 37,
      "model": "오티스",
      "content": "Why else would I ask?"
    },
    {
      "id": 38,
      "model": "이스마엘",
      "content": "No, I mean... how could I not be caught off guard after almost a whole year of getting brushed off by everyone every time I plead with them to read the damn pamphlets? Like hell, did no one think to—"
    },
    {
      "id": 39,
      "model": "오티스",
      "content": "I will find my own intel if you're just going to ramble on and on with your grievances."
    },
    {
      "id": 40,
      "model": "이스마엘",
      "content": "O-okay, fine. Here it is."
    },
    {
      "id": 41,
      "model": "오티스",
      "content": "Hm."
    },
    {
      "id": 42,
      "content": "Outis opened the pamphlet and began intently glaring at its texts, as though she didn't want to miss even the smallest detail of information in there."
    },
    {
      "id": 43,
      "content": "... Suspicion clear on her knitted brows."
    }
  ]
}