{
    "dataList": [
        {
            "id": 0,
            "place": "Alleyways of T Corp.",
            "model": "유로지비멤버1",
            "teller": "Meticulous Activist",
            "title": "District 20 Yurodivy",
            "content": "Tsk, retreat!"
        },
        {
            "id": 1,
            "model": "T사대표",
            "teller": "Assistant",
            "title": "T Corp.",
            "content": "Hey, participation trophy."
        },
        {
            "id": 2,
            "model": "단테",
            "content": "<Participation... trophy...? Is he talking to me?>"
        },
        {
            "id": 3,
            "model": "T사대표",
            "teller": "Assistant",
            "title": "T Corp.",
            "content": "How on earth did you do that earlier? Tick-tock tick-tock and voilà, it seemed to me that you rewound the time and un-wounded your friends. I've never seen a tech that could rewind time like that."
        },
        {
            "id": 4,
            "model": "단테",
            "content": "<Well, that's...>"
        },
        {
            "id": 5,
            "model": "탐정료슈",
            "content": "Trade secret. Ask and you shall receive... pain."
        },
        {
            "id": 6,
            "model": "T사대표",
            "teller": "Assistant",
            "title": "T Corp.",
            "content": "Fascinating... Aren't you terrified of 'time'?"
        },
        {
            "id": 7,
            "model": "T사대표",
            "teller": "Assistant",
            "title": "T Corp.",
            "content": "As far as I am aware, there is practically no way to 'rewind' time for a singular entity that exists in an open, unenclosed area. Either that, or my study didn't reach as far as I thought it did. Wait, no. That's actually a very serious problem, then. I was very desperate, you know. It's very unlikely that I missed anything."
        },
        {
            "id": 8,
            "model": "탐정로쟈",
            "content": "Ya know what else is a serious problem? The fact that we're wasting our time chatting about inane stuff while they're all getting away! C'mon, Dante!"
        },
        {
            "id": 9,
            "model": "T사대표",
            "teller": "Assistant",
            "title": "T Corp.",
            "content": "Hold on, 'inane stuff'? This is extremely serious! Its importance is absolutely incomparable to what amounts to arresting a few small-fry revolutionaries. Mm... if it was a true resurrection, then the Head would've been after your heads already, so I doubt that's what this is. Then it must have something to do with time manipulation, I'm certain of it..."
        },
        {
            "id": 10,
            "model": "T사대표",
            "teller": "Assistant",
            "title": "T Corp.",
            "content": "Maybe it works with the same mechanisms as the TT2 Protocol under the hood—nope, that works only within an isolated enclosure; it can't rewind the time of a singular individual."
        },
        {
            "id": 11,
            "model": "T사대표",
            "teller": "Assistant",
            "title": "T Corp.",
            "content": "Perhaps they are drawing time from elsewhere to inject it into their timestreams? Mm... ah, that seems a tad more plausible. If you're actually 'rewinding' their time, then the visual elements of that process would manifest in a vastly different manner. I suppose this means that you can't really 'rewind' or 'skip' time either, am I right?"
        },
        {
            "id": 12,
            "model": "단테",
            "content": "<You can't just say all that gibberish and expect me to be able to—>"
        },
        {
            "id": 13,
            "model": "T사대표",
            "teller": "Assistant",
            "title": "T Corp.",
            "content": "The process also seemed to involve a great degree of pain... Oh well. It seems to be in bad taste to say that it's good news, but I suppose I can say that what I'm about to tell you is somewhat auspicious. I was going to get into the nitty-gritty only if we had to venture into one of the more dangerous places like the Backstreets, but here we go. Check the other side of your badges; there should be a small clockwork knob attached to your badges in there. Mind rotating it for me?"
        },
        {
            "id": 14,
            "content": "The Class 5 Staff jabbered on endlessly, zapping between numerous subjects within matter of seconds, before reaching out and pointing at the badges we were wearing."
        },
        {
            "id": 15,
            "model": "T사대표",
            "teller": "Assistant",
            "title": "T Corp.",
            "content": "Not all Fixers specializing in investigations are strong enough to defend themselves in emergencies. That is why these Special Investigator Badges are all equipped with the same special function that goes into suits that higher-ranking staff members of T Corp wear."
        },
        {
            "id": 16,
            "model": "T사대표",
            "teller": "Assistant",
            "title": "T Corp.",
            "content": "It's called 'Golden Time'. If you keep the clockwork wound, it will automatically speed up the body's natural regeneration process as soon as it detects that its wearer is at risk of death. It's nothing compared to what you're capable of... but it's quite something, isn't it?"
        },
        {
            "id": 17,
            "model": "단테",
            "content": "<So... I don't actually have to turn the clock myself?>"
        },
        {
            "id": 18,
            "model": "T사대표",
            "teller": "Assistant",
            "title": "T Corp.",
            "content": "Of course, it takes some time for it to refill once its charge is spent. If you ever run out of its uses, then... I suppose it all comes down to you, participation trophy! You'll have to take one for the team and bring them all back yourself."
        },
        {
            "id": 19,
            "model": "탐정로쟈",
            "content": "You're willing to do that, but not willing to help us before we get torn to shreds, huh?"
        },
        {
            "id": 20,
            "model": "탐정료슈",
            "content": "I... prefer that. Good. Hoo."
        },
        {
            "id": 21,
            "model": "T사대표",
            "teller": "Assistant",
            "title": "T Corp.",
            "content": "Ready? Let's go after them, then!"
        },
        {
            "id": 22,
            "content": "Some time later..."
        },
        {
            "id": 23,
            "place": "Dark Alleyways of T Corp.",
            "model": "단테",
            "content": "<Haah, haah... Where... did they run off to...?>"
        },
        {
            "id": 24,
            "model": "탐정로쟈",
            "content": "I'm pretty sure they came this way..."
        },
        {
            "id": 25,
            "model": "탐정료슈",
            "content": "Tsk, no more tracks. We wasted too much time on his boring lectures."
        },
        {
            "id": 26,
            "model": "탐정로쟈",
            "content": "Heya, Assistant. Are you sure it's okay for you to just... saunter behind us like you're out on a picnic?"
        },
        {
            "id": 27,
            "model": "T사대표",
            "teller": "Assistant",
            "title": "T Corp.",
            "content": "Why would I run? I hate running."
        },
        {
            "id": 28,
            "model": "탐정로쟈",
            "content": "It's literally your job to arrest the Yurodiviye, isn't it?"
        },
        {
            "id": 29,
            "model": "T사대표",
            "teller": "Assistant",
            "title": "T Corp.",
            "content": "Is it, though? But my job at this precise moment is to keep my eyes on you and your investigation regarding the Case of Timekilling Time, not making Yurodiviye arrests."
        },
        {
            "id": 30,
            "model": "탐정로쟈",
            "content": "But you're a T Corp. employee!"
        },
        {
            "id": 31,
            "model": "T사대표",
            "teller": "Assistant",
            "title": "T Corp.",
            "content": "Okay, fine. Let's say that I decided to run instead of walk and helped you capture those Yurodiviye rascals. What then? Will T Corp. suddenly stop having problems just because they're gone? Will this place suddenly transform into some kind of humanitarian paradise? Not to mention that, as long as their leader runs free, they'll be back before you know it."
        },
        {
            "id": 32,
            "model": "탐정료슈",
            "content": "Excuses. Then K.T.A."
        },
        {
            "id": 33,
            "model": "T사대표",
            "teller": "Assistant",
            "title": "T Corp.",
            "content": "If we do kill them all, that only opens up room for a worse Syndicate to take their place. If that happens... that Collector friend from earlier might end up suffering from something much, much worse than having to stop-and-search random passers-by. Not to mention that I'll be getting muscle cramps from all the running."
        },
        {
            "id": 34,
            "model": "탐정로쟈",
            "content": "That's..."
        },
        {
            "id": 35,
            "model": "T사대표",
            "teller": "Assistant",
            "title": "T Corp.",
            "content": "Besides, isn't your friend one of them? Weird, I thought you wouldn't want me to arrest them."
        },
        {
            "id": 36,
            "model": "탐정홍루",
            "content": "Right? I thought Rodya would be a bit happier to be reunited with the Yurodiviye."
        },
        {
            "id": 37,
            "model": "단테",
            "content": "<W-well, since it looks like the trail's gone cold, let's go back to the stop-and-search lady and ask if she noticed anything suspicious since we left.>"
        },
        {
            "id": 38,
            "model": "탐정로쟈",
            "content": "... Fine."
        },
        {
            "id": 39,
            "content": "The T Corp. employee we met earlier was still standing completely inert, not moving a muscle."
        },
        {
            "id": 40,
            "model": "탐정홍루",
            "content": "Poor woman! I can’t believe she's still on duty at such a late hour."
        },
        {
            "id": 41,
            "model": "T사대표",
            "teller": "Assistant",
            "title": "T Corp.",
            "content": "Such is the life of a laborer."
        },
        {
            "id": 42,
            "model": "탐정료슈",
            "content": "... No."
        },
        {
            "id": 43,
            "model": "탐정료슈",
            "content": "They got her. I can't even hear her breathing."
        },
        {
            "id": 44,
            "model": "탐정홍루",
            "content": "That's the Time Ripper's M.O.!"
        },
        {
            "id": 45,
            "model": "단테",
            "content": "<The Time Ripper got to her that fast...?>"
        },
        {
            "id": 46,
            "model": "탐정료슈",
            "content": "She's in a state of absolute stillness."
        },
        {
            "id": 47,
            "model": "탐정료슈",
            "content": "A deathlike state achieved without a thimble of blood on their hands."
        },
        {
            "id": 48,
            "model": "탐정료슈",
            "content": "What a mysophobic art."
        },
        {
            "id": 49,
            "model": "탐정홍루",
            "content": "Though she may be in a state of stasis to those of us watching from the outside..."
        },
        {
            "id": 50,
            "model": "탐정홍루",
            "content": "... for her, this must be as brief as a blink of an eye."
        },
        {
            "id": 51,
            "model": "탐정홍루",
            "content": "What do you think the culprit's trying to do with all that time?"
        },
        {
            "id": 52,
            "model": "단테",
            "content": "<Guys, this is a crime scene. Let's try to not touch the body... I mean, the victim...>"
        },
        {
            "id": 53,
            "model": "T사대표",
            "teller": "Assistant",
            "title": "T Corp.",
            "content": "Woah, look! There must be some sort of spatio-temporal displacement superposition phenomenon going on here. She is entirely incorporeal."
        },
        {
            "id": 54,
            "model": "탐정로쟈",
            "content": "Is this seriously the time to—"
        },
        {
            "id": 55,
            "model": "단테",
            "content": "<Rodya, there! Up ahead!>"
        },
        {
            "id": 56,
            "content": "I whipped around, noticing the now-familiar sensation of a Distortion, and caught a brief glimpse of a suspicious figure slowly slipping into the fog."
        },
        {
            "id": 57,
            "model": "탐정로쟈",
            "content": "You, stop!"
        },
        {
            "id": 58,
            "model": "단테",
            "content": "<Ryōshū, think you can catch up?>"
        },
        {
            "id": 59,
            "model": "탐정료슈",
            "content": "I'm not your hunting dog... but sure. I'll entertain you, just this once."
        },
        {
            "id": 60,
            "model": "T사대표",
            "teller": "Assistant",
            "title": "T Corp.",
            "content": "Ooh, she's pretty fast."
        },
        {
            "id": 61,
            "model": "탐정홍루",
            "content": "Ryōshū sure moves fast when she finds something interesting."
        },
        {
            "id": 62,
            "model": "T사대표",
            "teller": "Assistant",
            "title": "T Corp.",
            "content": "It's been a while since I've seen people like you—the kind who sprint forward with their eyes fixed on the horizon."
        },
        {
            "id": 63,
            "model": "T사대표",
            "teller": "Assistant",
            "title": "T Corp.",
            "content": "Here, everyone only ever looks down, their necks bent and gaze locked to the ground. Watching their own feet take their halting steps."
        },
        {
            "id": 64,
            "model": "T사대표",
            "teller": "Assistant",
            "title": "T Corp.",
            "content": "I suppose they only ever look up to check the time on the Clock Towers."
        },
        {
            "id": 65,
            "model": "T사대표",
            "teller": "Assistant",
            "title": "T Corp.",
            "content": "But there must have been a time when everyone walked tall..."
        },
        {
            "id": 66,
            "model": "탐정로쟈",
            "content": "I think I know why that is."
        },
        {
            "id": 67,
            "model": "탐정로쟈",
            "content": "It's because they all learned helplessness."
        },
        {
            "id": 68,
            "model": "탐정로쟈",
            "content": "Because they realized that, even if they ran 'till their lungs burst... nothing will change. That it doesn't matter."
        },
        {
            "id": 69,
            "model": "탐정홍루",
            "content": "Yeah, not everyone can run like Meursault. Learning to maintain a stable breathing rhythm is not easy!"
        },
        {
            "id": 70,
            "model": "탐정로쟈",
            "content": "Aha ha ha... That's not what I'm talking about."
        },
        {
            "id": 71,
            "model": "단테",
            "content": "<Wait, take a closer look at her face.>"
        },
        {
            "id": 72,
            "model": "단테",
            "content": "<Remember? It's the same face she was making earlier when she shouted \"It's a stop-and-search!\""
        },
        {
            "id": 73,
            "model": "탐정로쟈",
            "content": "Yeah... maybe she saw someone suspicious, approached them for a stop-and-search, and got ambushed... We should ask her when she recovers."
        },
        {
            "id": 74,
            "model": "탐정홍루",
            "content": "But we don't know when she'll... recover."
        },
        {
            "id": 75,
            "content": "Some time later..."
        },
        {
            "id": 76,
            "model": "탐정료슈",
            "content": "Catch."
        },
        {
            "id": 77,
            "model": "유로지비멤버1",
            "teller": "Fainted Activist",
            "title": "District 20 Yurodivy",
            "content": "……."
        },
        {
            "id": 78,
            "model": "단테",
            "content": "<... Are you sure you captured him alive?>"
        },
        {
            "id": 79,
            "model": "탐정로쟈",
            "content": "Hey, Ryōshū, doesn't he kinda look..."
        },
        {
            "id": 80,
            "model": "탐정로쟈",
            "content": "... a bit different from the mysterious person that got away? He's clearly wearing something different."
        },
        {
            "id": 81,
            "model": "탐정로쟈",
            "content": "Besides, he's one of the Yurodiviye we already ran into."
        },
        {
            "id": 82,
            "model": "탐정료슈",
            "content": "Clothes are just husks that can be cast off at any moment."
        },
        {
            "id": 83,
            "model": "탐정료슈",
            "content": "He started running as soon as our eyes met."
        },
        {
            "id": 84,
            "model": "탐정료슈",
            "content": "Hey. Rise and shine."
        },
        {
            "id": 85,
            "model": "유로지비멤버1",
            "teller": "Fleeing Activist",
            "title": "District 20 Yurodivy",
            "content": "U...ugh… How am I the suspicious one…? Anyone would run if someone like you started sprinting after them… with that big sword in your hands…"
        },
        {
            "id": 86,
            "model": "탐정료슈",
            "content": "Haah... I have many, many ways to crush the truth out of you."
        },
        {
            "id": 87,
            "model": "탐정료슈",
            "content": "First."
        },
        {
            "id": 88,
            "model": "단테",
            "content": "<No dismembering.>"
        },
        {
            "id": 89,
            "model": "탐정료슈",
            "content": "... Hm."
        },
        {
            "id": 90,
            "model": "유로지비멤버1",
            "teller": "Fleeing Activist",
            "title": "District 20 Yurodivy",
            "content": "This is the Yurodiviye's turf. You'll soon regret dragging me down here."
        },
        {
            "id": 91,
            "model": "유로지비멤버1",
            "teller": "Fleeing Activist",
            "title": "District 20 Yurodivy",
            "content": "Heh... I prepared this secret weapon just for this occasion..."
        },
        {
            "id": 92,
            "model": "단테",
            "content": "<W-watch out!>"
        },
        {
            "id": 93,
            "content": "... But nothing happened."
        },
        {
            "id": 94,
            "model": "단테",
            "content": "<... What was that?>"
        },
        {
            "id": 95,
            "model": "유로지비멤버1",
            "teller": "Fleeing Activist",
            "title": "District 20 Yurodivy",
            "content": "One of the five greatest inventions of the Yurodiviye T Corp. Branch, the PortableAdjustableFrequencyPeriodicalLightingApparatusAttachmentSoundwave Generator! This will call every single Yurodivy in its range to this exact location!"
        },
        {
            "id": 96,
            "model": "T사대표",
            "teller": "Assistant",
            "title": "T Corp.",
            "content": "There, see what I mean? You see the problem prevalent among inventors: they never know when to stop when it comes to naming their inventions."
        },
        {
            "id": 97,
            "model": "유로지비멤버1",
            "teller": "Fleeing Activist",
            "title": "District 20 Yurodivy",
            "content": "You'll pay dearly for smacking me in the back of my noggin!"
        }
    ]
}