{
  "dataList": [
    {
      "id": 0,
      "place": "WARP Train Economy Class Cabin",
      "model": "카세티혈귀",
      "teller": "Cassetti",
      "title": "Bloodfiend",
      "content": "It hurts... it hurts... it hurts...!"
    },
    {
      "id": 1,
      "model": "카세티혈귀",
      "teller": "Cassetti",
      "title": "Bloodfiend",
      "content": "Yes, I love your boiling human blood... But this... this is too painful...!"
    },
    {
      "id": 2,
      "model": "그레고르",
      "content": "This guy keeps regenerating... no matter how many times we tear him to pieces... Ngh..."
    },
    {
      "id": 3,
      "model": "싱클레어",
      "content": "Haah... this... I don't know if we can..."
    },
    {
      "id": 4,
      "content": "The mental fatigue finally got to Gregor and Sinclair, who collapsed to the ground. The strange environment of WARP trains was proving to be a significant help to the Bloodfiend's regenerative ability."
    },
    {
      "id": 5,
      "content": "The battle continued much longer than our scuffles at the K Corp. border checkpoint or our struggle against the endless hordes of the dead at the basement of Wuthering Heights. The Sinners had all grown much stronger since then, but they were reaching a breaking point."
    },
    {
      "id": 6,
      "model": "돈키호테다침",
      "content": "……."
    },
    {
      "id": 7,
      "content": "Don Quixote continues to wildly pummel the Bloodfiend with her lance, breaking, stabbing, and crushing him every time a body part regenerated."
    },
    {
      "id": 8,
      "model": "카세티혈귀",
      "teller": "Cassetti",
      "title": "Bloodfiend",
      "content": "I am... I am so hungry..."
    },
    {
      "id": 9,
      "model": "돈키호테다침",
      "content": "Ridiculous! Thy hunger is no justification for this massacre thou hast wrought!"
    },
    {
      "id": 10,
      "model": "카세티혈귀",
      "teller": "Cassetti",
      "title": "Bloodfiend",
      "content": "Shut up! Y-you, you, you don't understand."
    },
    {
      "id": 11,
      "model": "카세티혈귀",
      "teller": "Cassetti",
      "title": "Bloodfiend",
      "content": "You don't know how awful it is to... surviving for two hundred years on that disgusting... horrible— N-no, NO! I don't even want to think about it!"
    },
    {
      "id": 12,
      "model": "카세티혈귀",
      "teller": "Cassetti",
      "title": "Bloodfiend",
      "content": "Shut up! Be quiet! No, I'm... I'm sorry, I'll be good... Please, please please let me have just a sip... just the smallest sip... Please..."
    },
    {
      "id": 13,
      "model": "카세티혈귀",
      "teller": "Cassetti",
      "title": "Bloodfiend",
      "content": "Nngh... it won't matter.. how many times you stab me..."
    },
    {
      "id": 14,
      "model": "돈키호테다침",
      "content": "I shan't stop until all of thy flesh and bone and organs are crushed into a viscous, shapeless mush, never to become whole again!!!"
    },
    {
      "id": 15,
      "content": "But... the Bloodfiend's regeneration is so powerful that he's recovering as fast as Don Quixote is destroying him."
    },
    {
      "id": 16,
      "model": "단테",
      "content": "<He's regenerating at an insane rate... We can't...>"
    },
    {
      "id": 17,
      "model": "카세티혈귀",
      "teller": "Cassetti",
      "title": "Bloodfiend",
      "content": "Agh... My Kindred... my child!!!"
    },
    {
      "id": 18,
      "model": "카세티혈귀",
      "teller": "Cassetti",
      "title": "Bloodfiend",
      "content": "I have given thee new life, invited thee to this banquet...!"
    },
    {
      "id": 19,
      "model": "카세티혈귀",
      "teller": "Cassetti",
      "title": "Bloodfiend",
      "content": "So do thy responsibilities! The blessings of a parent must be repaid, no?!"
    },
    {
      "id": 20,
      "model": "북부대검혈귀",
      "teller": "Sasha",
      "title": "Bloodfiend",
      "content": "Wh-what can I do...?"
    },
    {
      "id": 21,
      "model": "카세티혈귀",
      "teller": "Cassetti",
      "title": "Bloodfiend",
      "content": "Find their weakness, break their anchor...! Make them kneel and grovel before me in desperation, just as you had...!"
    },
    {
      "id": 22,
      "model": "북부대검혈귀",
      "teller": "Sasha",
      "title": "Bloodfiend",
      "content": "……."
    },
    {
      "id": 23,
      "model": "북부대검혈귀",
      "teller": "Sasha",
      "title": "Bloodfiend",
      "content": "W-wait, I think I've got an idea..."
    },
    {
      "id": 24,
      "content": "Sasha began looking around wildly, surprised by Cassetti's sudden command..."
    },
    {
      "id": 25,
      "model": "북부대검혈귀",
      "teller": "Sasha",
      "title": "Bloodfiend",
      "content": "... It's that the way they fight... reminds me a lot of the way we prosthetic-using Fixers fight."
    },
    {
      "id": 26,
      "model": "다친파우스트",
      "content": "…?"
    },
    {
      "id": 27,
      "model": "북부대검혈귀",
      "teller": "Sasha",
      "title": "Bloodfiend",
      "content": "... Just as Prosthetic Fixers slowly lose their sense of self-preservation, their limbs becoming no more important than tools to be replaced..."
    },
    {
      "id": 28,
      "model": "북부대검혈귀",
      "teller": "Sasha",
      "title": "Bloodfiend",
      "content": "... these idiots act with such abandon, as if they have multiple lives to burn through."
    },
    {
      "id": 29,
      "model": "단테",
      "content": "<…!>"
    },
    {
      "id": 30,
      "model": "북부대검혈귀",
      "teller": "Sasha",
      "title": "Bloodfiend",
      "content": "With nothing to protect, they throw themselves wildly into battle like moths to a flame..."
    },
    {
      "id": 31,
      "model": "북부대검혈귀",
      "teller": "Sasha",
      "title": "Bloodfiend",
      "content": "And... heh heh... forget to look after what's really important. Like this little thing."
    },
    {
      "id": 32,
      "content": "With one of her remaining arms, Sasha picked up..."
    },
    {
      "id": 33,
      "content": "... the master card key Faust showed her in one of the previous cars."
    },
    {
      "id": 34,
      "model": "다친파우스트",
      "content": "…!"
    },
    {
      "id": 35,
      "model": "다친파우스트",
      "content": "Don Quixote! Stop her, now!"
    },
    {
      "id": 36,
      "model": "북부대검혈귀",
      "teller": "Sasha",
      "title": "Bloodfiend",
      "content": "O my parent... I offer this gift to you...!"
    },
    {
      "id": 37,
      "model": "돈키호테다침",
      "content": "Gah...!"
    },
    {
      "id": 38,
      "content": "Don Quixote immediately leaped at the Fixer, but one of her arms struck her away with great force."
    },
    {
      "id": 39,
      "content": "Ishmael and Meursault, who had been holding Cassetti down, were no match for his strength without Don Quixote's fury. The Bloodfiend threw them both to the side and grabbed the keycard."
    },
    {
      "id": 40,
      "model": "북부대검혈귀",
      "teller": "Sasha",
      "title": "Bloodfiend",
      "content": "This is the key to the first class cars, my lord... With this, grow your army of Bloodbags... To bring glory to the kingdom..."
    },
    {
      "id": 41,
      "model": "단테",
      "content": "<No...>"
    },
    {
      "id": 42,
      "content": "Cassetti examines the Master Keycard with clear interest."
    },
    {
      "id": 43,
      "content": "Without that keycard... we'll be trapped inside this train for thousands of years until it reaches its destination."
    },
    {
      "id": 44,
      "model": "다친파우스트",
      "content": "Dante..."
    },
    {
      "id": 45,
      "model": "다친파우스트",
      "content": "I believe that I have tried my utmost to overcome this adversity..."
    },
    {
      "id": 46,
      "model": "다친파우스트",
      "content": "... without access to Faust's knowledge and intelligence."
    },
    {
      "id": 47,
      "model": "다친파우스트",
      "content": "However..."
    },
    {
      "id": 48,
      "model": "다친파우스트",
      "content": "With our loss of the Master Keycard... the uncertainty of this circumstance has greatly exacerbated."
    },
    {
      "id": 49,
      "model": "다친파우스트",
      "content": "At the origin of this plight..."
    },
    {
      "id": 50,
      "content": "Faust took a deep breath, as if she was about to take a deep dive into the source of all this trouble..."
    },
    {
      "id": 51,
      "model": "다친파우스트",
      "content": "... must be my overreliance on Faust."
    },
    {
      "id": 52,
      "model": "단테",
      "content": "<…….>"
    },
    {
      "id": 53,
      "content": "From what I can tell, Faust has always been operating based on information she received from 'Faust'. So a situation like this, where she has to make decisions on her own, has to be unfamiliar to her."
    },
    {
      "id": 54,
      "content": "... But Faust is an admirable Sinner with or without 'Faust'."
    },
    {
      "id": 55,
      "model": "단테",
      "content": "<I've been thinking the same thing about myself, actually. That I might've been relying too much on that... perfect Faust.>"
    },
    {
      "id": 56,
      "model": "단테",
      "content": "<But even without 'Faust', you still gave us good directions to follow after analyzing the information we brought you.>"
    },
    {
      "id": 57,
      "model": "다친파우스트",
      "content": "……."
    },
    {
      "id": 58,
      "model": "단테",
      "content": "<Maybe... uncertainly itself doesn't always have to be a problem for us.>"
    },
    {
      "id": 59,
      "model": "단테",
      "content": "<Remember? \"Thus the lack of plan itself becomes the plan\". You said it yourself.>"
    },
    {
      "id": 60,
      "model": "다친파우스트",
      "content": "... I see."
    },
    {
      "id": 61,
      "model": "다친파우스트",
      "content": "Indeed, among many, I am a Faust that believes in uncertainty."
    },
    {
      "id": 62,
      "model": "다친파우스트",
      "content": "Our loss of the master keycard is but one of innumerable uncertain variables in the equation."
    },
    {
      "id": 63,
      "model": "다친파우스트",
      "content": "The constant is, however..."
    },
    {
      "id": 64,
      "model": "다친파우스트",
      "content": "... that the Bloodfiend is just as desperate as we are."
    },
    {
      "id": 65,
      "model": "다친파우스트",
      "content": "Thus the only option that remains at present is to... compromise."
    },
    {
      "id": 66,
      "model": "카세티혈귀",
      "teller": "Cassetti",
      "title": "Bloodfiend",
      "content": "You there... Looks like thou art the one who's been regenerating your friends..."
    },
    {
      "id": 67,
      "model": "카세티혈귀",
      "teller": "Cassetti",
      "title": "Bloodfiend",
      "content": "Stop... stop doing that, alright? Don't heal a single one them."
    },
    {
      "id": 68,
      "model": "카세티혈귀",
      "teller": "Cassetti",
      "title": "Bloodfiend",
      "content": "Or I'll smash your precious key to pieces!"
    },
    {
      "id": 69,
      "model": "돈키호테다침",
      "content": "M-Manager Esquire..."
    },
    {
      "id": 70,
      "model": "돈키호테다침",
      "content": "Compromise...? To compromise with a villain as vile as that cur...!"
    },
    {
      "id": 71,
      "content": "I didn't have the time to regenerate Don Quixote's severe injuries just yet. And the rest of the Sinners were already unconscious..."
    },
    {
      "id": 72,
      "content": "The only Sinner who could still move and talk normally... was Faust, whom I just rewound the clock for."
    },
    {
      "id": 73,
      "model": "단테",
      "content": "<... Yeah... Let's do that.>"
    },
    {
      "id": 74,
      "model": "다친파우스트",
      "content": "Very well. Then... Cassetti, why don't we move this conversation to a different location?"
    },
    {
      "id": 75,
      "model": "다친파우스트",
      "content": "Only I will accompany Dante to this negotiation. I will make my intentions clear now: Dante and I will not attack you there."
    },
    {
      "id": 76,
      "content": "There is no doubt in my mind that Cassetti must be completely exhausted by the unending barrage of attacks from Don Quixote and the Sinners."
    },
    {
      "id": 77,
      "content": "Faust's suggestion that we move this conversation to a different place without the Sinners must've been a sweet one."
    },
    {
      "id": 78,
      "model": "카세티혈귀",
      "teller": "Cassetti",
      "title": "Bloodfiend",
      "content": "J-just you two, huh?"
    },
    {
      "id": 79,
      "model": "다친파우스트",
      "content": "Yes. The freight car is immediately adjacent to this one; that is where we will further discuss what we each have to offer to one another."
    },
    {
      "id": 80,
      "model": "카세티혈귀",
      "teller": "Cassetti",
      "title": "Bloodfiend",
      "content": "That... that clock must be thy monarch then, hm? And thou art one of the retainers."
    },
    {
      "id": 81,
      "model": "다친파우스트",
      "content": "Correct."
    },
    {
      "id": 82,
      "model": "카세티혈귀",
      "teller": "Cassetti",
      "title": "Bloodfiend",
      "content": "Very well... this will be a royal debate, then! It is only right that a royalty talks to no one else but the one who is his equal!"
    },
    {
      "id": 83,
      "model": "돈키호테다침",
      "content": "Manager... Esquire..."
    },
    {
      "id": 84,
      "model": "단테",
      "content": "<We'll be back in a minute... Don Quixote.>"
    },
    {
      "id": 85,
      "content": "Thus we left the incapacitated Sinners and Don Quixote, who watched on with hollow, despondent eyes as we walked away. We carefully made our way into the freight car."
    },
    {
      "id": 86,
      "model": "단테",
      "content": "<So Faust, why are we doing this in the Freight car again...?>"
    },
    {
      "id": 87,
      "model": "다친파우스트",
      "content": "Dante... this will be my first attempt..."
    },
    {
      "id": 88,
      "model": "다친파우스트",
      "content": "... at a 'gamble'."
    },
    {
      "id": 89,
      "model": "단테",
      "content": "<What!?>"
    },
    {
      "id": 90,
      "content": "With that, the door closed shut behind us."
    }
  ]
}