{
    "dataList": [
        {
            "id": 0,
            "place": "Mirror Dungeon of the Fathoms",
            "model": "시간살인마변신",
            "content": "Tsk, irritating little tricks..."
        },
        {
            "id": 1,
            "model": "시간살인마변신",
            "content": "Oi, remember what you said earlier? Might be the time to put that to use."
        },
        {
            "id": 2,
            "model": "시간살인마변신",
            "content": "But... I'm sorry, doesn't that use too much time?"
        },
        {
            "id": 3,
            "model": "시간살인마변신",
            "content": "It drains too much time from all of us!"
        },
        {
            "id": 4,
            "model": "시간살인마변신",
            "content": "Shush, my friends..."
        },
        {
            "id": 5,
            "model": "시간살인마변신",
            "content": "Letting this drag on for any longer will cost us more in the long term."
        },
        {
            "id": 6,
            "model": "시간살인마변신",
            "content": "This attack will surely eliminate them."
        },
        {
            "id": 7,
            "model": "시간살인마변신",
            "content": "Think of how much time we will save by taking care of them here and now. We shall share this burden of time together."
        }
    ]
}