{
    "dataList": [
        {
            "id": 0,
            "place": "Yong-jin Building 2F",
            "model": "그레고르",
            "content": "Gah, haah, oh man..."
        },
        {
            "id": 1,
            "model": "로쟈",
            "content": "Whew... seriously, the stairwell is the real challenge, isn't it? Not the Kurokumo Clan guys."
        },
        {
            "id": 2,
            "model": "앵두",
            "teller": "Aeng-du",
            "title": "Blade Lineage",
            "content": "Curious... is it not?"
        },
        {
            "id": 3,
            "model": "히스클리프",
            "content": "Huh? What is?"
        },
        {
            "id": 4,
            "model": "앵두",
            "teller": "Aeng-du",
            "title": "Blade Lineage",
            "content": "That they filled the stairwell full of weaklings who clearly don't know what they're doing."
        },
        {
            "id": 5,
            "model": "앵두",
            "teller": "Aeng-du",
            "title": "Blade Lineage",
            "content": "Perhaps they weren't trying to stop us from going upstairs. Perhaps they were afraid of retreating upstairs..."
        },
        {
            "id": 6,
            "model": "앵두",
            "teller": "Aeng-du",
            "title": "Blade Lineage",
            "content": "... No, it can't be."
        },
        {
            "id": 7,
            "content": "Aeng-du's expression darkened."
        },
        {
            "id": 8,
            "content": "Maybe she had an inkling of a bad omen..."
        },
        {
            "id": 9,
            "model": "돈키호테",
            "content": "Dost thou... worry for thy mentor?"
        },
        {
            "id": 10,
            "content": "Don Quixote carefully sidled to Aeng-du's side with a sympathetic expression."
        },
        {
            "id": 11,
            "model": "앵두",
            "teller": "Aeng-du",
            "title": "Blade Lineage",
            "content": "... How could I not?"
        },
        {
            "id": 12,
            "model": "싱클레어",
            "content": "What kind of person was Mr... Uh, Bamboo-hatted Kim?"
        },
        {
            "id": 13,
            "content": "Aeng-du appeared conflicted, as though she was having trouble organizing her own thoughts. She shook her head and sighed."
        },
        {
            "id": 14,
            "model": "앵두",
            "teller": "Aeng-du",
            "title": "Blade Lineage",
            "content": "He was... a steadfast man."
        },
        {
            "id": 15,
            "model": "앵두",
            "teller": "Aeng-du",
            "title": "Blade Lineage",
            "content": "Protected what needed protecting, killed what needed killing."
        },
        {
            "id": 16,
            "model": "앵두",
            "teller": "Aeng-du",
            "title": "Blade Lineage",
            "content": "He was always one of the Blade Lineage's finest. I daresay that he was one of the most skilled swordsmen within the Lineage."
        },
        {
            "id": 17,
            "model": "앵두",
            "teller": "Aeng-du",
            "title": "Blade Lineage",
            "content": "A man of few words who always sought to take good care of those under his wings."
        },
        {
            "id": 18,
            "model": "앵두",
            "teller": "Aeng-du",
            "title": "Blade Lineage",
            "content": "... If only he hadn't made that decision..."
        },
        {
            "id": 19,
            "model": "앵두",
            "teller": "Aeng-du",
            "title": "Blade Lineage",
            "content": "... my fellows would not have met such a terrible fate..."
        },
        {
            "id": 20,
            "model": "싱클레어",
            "content": "Oh..."
        },
        {
            "id": 21,
            "content": "Sinclair half-opened his mouth, apparently curious about what that 'decision' might have been,"
        },
        {
            "id": 22,
            "content": "but he soon realized that this was probably not the time to pry and quietly closed his mouth."
        },
        {
            "id": 23,
            "model": "앵두",
            "teller": "Aeng-du",
            "title": "Blade Lineage",
            "content": "Whichever may be the case, I have no choice but to make haste..."
        },
        {
            "id": 24,
            "content": "Then... we have no choice but to make haste with her."
        }
    ]
}