{
    "dataList": [
        {
            "id": 0,
            "place": "Bodhisattva Chicken",
            "model": "그레고르",
            "content": "Right, now that that’s been all sorted out, why don’t we get back to the point, friendly four-eyed stranger?"
        },
        {
            "id": 1,
            "model": "삼조",
            "teller": "???",
            "title": "???",
            "content": "I must object to such a moniker; especially so when it comes from a fellow glasses-bearer."
        },
        {
            "id": 2,
            "model": "그레고르",
            "content": "O—Oh, is that so… Sorry ‘bout that, I guess."
        },
        {
            "id": 3,
            "model": "뫼르소",
            "content": "Basic personal information, such as one’s identity, can be easily acquired from the registration of one’s death."
        },
        {
            "id": 4,
            "model": "삼조",
            "teller": "Samjo",
            "title": "???",
            "content": "…Ah, I did neglect to introduce myself. Here’s my business card. You may call me Samjo."
        },
        {
            "id": 5,
            "content": "Disregarding the growing hostility surrounding him, the man handed us his card straight away."
        },
        {
            "id": 6,
            "model": "히스클리프",
            "content": "A K Corp… Affiliate of the Department of Food Resource Development’s Research Center…"
        },
        {
            "id": 7,
            "model": "히스클리프",
            "content": "……"
        },
        {
            "id": 8,
            "model": "히스클리프",
            "content": "Hah! Thought we’d be fooled by a bunch of big fancy words?"
        },
        {
            "id": 9,
            "model": "삼조",
            "teller": "Samjo",
            "title": "K Corp. Dept. of Food Resource Development",
            "content": "Of course. Persuasion and explanation are where I excel, so please stay calm and listen."
        },
        {
            "id": 10,
            "model": "삼조",
            "teller": "Samjo",
            "title": "K Corp. Dept. of Food Resource Development",
            "content": "I was most impressed by the feats of your battle just moments ago."
        },
        {
            "id": 11,
            "model": "삼조",
            "teller": "Samjo",
            "title": "K Corp. Dept. of Food Resource Development",
            "content": "In particular, the instances where you continued to assault your foes in blatant disregard for a dying colleague nearby. A few others even laughed at the sight."
        },
        {
            "id": 12,
            "model": "오티스",
            "content": "Heh… Friend or foe, those who dare impede must be promptly removed."
        },
        {
            "id": 13,
            "content": "Outis replied to his remark with a look full of pride, even though it didn’t sound close to a compliment at all."
        },
        {
            "id": 14,
            "model": "삼조",
            "teller": "Samjo",
            "title": "K Corp. Dept. of Food Resource Development",
            "content": "As you can see, those chickenheads of unknown origin which are occupying this restaurant’s front have been causing considerable damage."
        },
        {
            "id": 15,
            "model": "히스클리프",
            "content": "…So what?"
        },
        {
            "id": 16,
            "model": "삼조",
            "teller": "Samjo",
            "title": "K Corp. Dept. of Food Resource Development",
            "content": "The venue’s manager has also been bedridden until just now."
        },
        {
            "id": 17,
            "content": "Another man with a haggard face tottered to us, making it somewhat apparent that Samjo wasn’t lying about the restaurant’s owner falling ill with worry."
        },
        {
            "id": 18,
            "model": "삼조",
            "teller": "Samjo",
            "title": "K Corp. Dept. of Food Resource Development",
            "content": "You may speak now."
        },
        {
            "id": 19,
            "model": "보살치킨",
            "teller": "Bodhisattva Chicken’s Manager",
            "title": "Bodhisattva Chicken",
            "content": "Erm… So, things’ve been… Our fryhouse opened up a few months ago just across from Eunbong’s Bar & Fryers."
        },
        {
            "id": 20,
            "model": "보살치킨",
            "teller": "Bodhisattva Chicken’s Manager",
            "title": "Bodhisattva Chicken",
            "content": "Our franchise offers generous servings of good-tasting food using poultry with a supreme pedigree, so it was natural that we would draw all the customers from Eunbong’s."
        },
        {
            "id": 21,
            "model": "보살치킨",
            "teller": "Bodhisattva Chicken’s Manager",
            "title": "Bodhisattva Chicken",
            "content": "But one day, out of the blue, the owner of Eunbong’s started acting real strange. Losing his customers must’ve shocked him or somethin’, and now he’s trying to ruin all of our businesses."
        },
        {
            "id": 22,
            "model": "그레고르",
            "content": "I mean, it’s not uncommon for competitors to throw jabs at each other, right—"
        },
        {
            "id": 23,
            "content": "As if to attest to the restaurant owner’s woes, screams echoed from the other side of the street."
        },
        {
            "id": 24,
            "teller": "Nest Resident",
            "title": "K Corp.",
            "content": "Kyaaaugh!!! What the hell!!!"
        },
        {
            "id": 25,
            "model": "뒤틀린주인",
            "teller": "Eunbong’s Bar & Fryers Owner?",
            "title": "Eunbong’s Bar & Fryers?",
            "content": "Khh… Ghh… Kagh…"
        },
        {
            "id": 26,
            "content": "As the supposed owner of Eunbong’s swung his arm while muttering something, the chickens responded in unison."
        },
        {
            "id": 27,
            "content": "The raw chickens… jumped at people."
        },
        {
            "id": 28,
            "model": "이스마엘",
            "content": "…What in the world? Is he commanding the chickens?"
        },
        {
            "id": 29,
            "model": "그레고르",
            "content": "That’s definitely strange behavior. How spiteful does someone have to be to resort to that kind of stuff…?"
        },
        {
            "id": 30,
            "model": "보살치킨",
            "teller": "Bodhisattva Chicken’s Manager",
            "title": "Bodhisattva Chicken",
            "content": "I don’t know if they’re augmented or what, but those plucked and prepped hens would break into the restaurant and destroy things…"
        },
        {
            "id": 31,
            "place": "Front of Eunbong’s Bar & Fryers",
            "model": "보살치킨",
            "teller": "Bodhisattva Chicken’s Manager",
            "title": "Bodhisattva Chicken",
            "content": "And now there’s people wearing those chickens on their heads, too… If this keeps up, our restaurant is gonna lose so much money…"
        },
        {
            "id": 32,
            "model": "삼조",
            "teller": "Samjo",
            "title": "K Corp. Dept. of Food Resource Development",
            "content": "Such is his feathery song."
        },
        {
            "id": 33,
            "model": "이상",
            "content": "Hmm…"
        },
        {
            "id": 34,
            "model": "삼조",
            "teller": "Samjo",
            "title": "K Corp. Dept. of Food Resource Development",
            "content": "This has been his tear-jerking reflection. Would you be willing to deal with this case?"
        },
        {
            "id": 35,
            "model": "단테",
            "content": "<That ruffled your feathers, huh, Yi Sang?>"
        },
        {
            "id": 36,
            "model": "이상",
            "content": "Mrrm…"
        },
        {
            "id": 37,
            "model": "히스클리프",
            "content": "Tear-jerking or whatever, we still don’t take requests from a chicken p—"
        },
        {
            "id": 38,
            "model": "삼조",
            "teller": "Samjo",
            "title": "K Corp. Dept. of Food Resource Development",
            "content": "A lifetime voucher."
        },
        {
            "id": 39,
            "model": "삼조",
            "teller": "Samjo",
            "title": "K Corp. Dept. of Food Resource Development",
            "content": "Handle this request, and I’ll offer you groundbreaking benefit: the right to free orders from this restaurant for the rest of your lives."
        },
        {
            "id": 40,
            "model": "보살치킨",
            "teller": "Bodhisattva Chicken’s Manager",
            "title": "Bodhisattva Chicken",
            "content": "A lifetime voucher?! I never heard of such a—"
        },
        {
            "id": 41,
            "model": "삼조",
            "teller": "Samjo",
            "title": "K Corp. Dept. of Food Resource Development",
            "content": "I have even prepared a few free samples for you."
        },
        {
            "id": 42,
            "model": "보살치킨",
            "teller": "Bodhisattva Chicken’s Manager",
            "title": "Bodhisattva Chicken",
            "content": "You what?!"
        },
        {
            "id": 43,
            "content": "Samjo personally distributed pieces of fried chicken that he suddenly had his hands on."
        },
        {
            "id": 44,
            "model": "삼조",
            "teller": "Samjo",
            "title": "K Corp. Dept. of Food Resource Development",
            "content": "Now now, stand in line and keep things orderly. I’ve brought samples for different pedigrees, so you’re free to pick and choose. Each one comes with a unique brand of tastiness, demonstrating its strengths in differing cuts of meat."
        },
        {
            "id": 45,
            "model": "돈키호테",
            "content": "Mmmmh… Must I choose only one flavor to taste? They all appear equal in gustatory greatness…"
        },
        {
            "id": 46,
            "model": "삼조",
            "teller": "Samjo",
            "title": "K Corp. Dept. of Food Resource Development",
            "content": "Let me suggest this, then: Leave the other flavors as something to anticipate for your future meals. It won’t be a problem once the lifetime voucher is in your hands."
        },
        {
            "id": 47,
            "model": "돈키호테",
            "content": "Oho… Indeed, ‘tis an infallible proposition…"
        },
        {
            "id": 48,
            "content": "It seems Samjo has won the hearts of most of the Sinners with his compelling words and fine poultry samples."
        },
        {
            "id": 49,
            "model": "삼조",
            "teller": "Samjo",
            "title": "K Corp. Dept. of Food Resource Development",
            "content": "What do you say?"
        },
        {
            "id": 50,
            "model": "히스클리프",
            "content": "……"
        },
        {
            "id": 51,
            "content": "This might be the first time I’ve seen Heathcliff go quiet at someone’s words."
        },
        {
            "id": 52,
            "model": "히스클리프",
            "content": "That’s… not half bad at all…"
        },
        {
            "id": 53,
            "model": "이스마엘",
            "content": "Hello…? Aren’t we supposed to be looking for Golden Boughs, not golden drumsticks? Since when did we—"
        },
        {
            "id": 54,
            "model": "히스클리프",
            "content": "Didn’t you hear him? We’re dining on free crispy chicken forever!"
        },
        {
            "id": 55,
            "model": "로쟈",
            "content": "It doesn’t have limited use, right? It’s actually free chickens forever, right? Yeah? Takeout counts too?"
        },
        {
            "id": 56,
            "model": "로쟈",
            "content": "Hah, this takes me back to older days. Wonder if anyone remembers it~ Y’know, HamHamPangPang’s freshly fried chicken that was totes delish."
        },
        {
            "id": 57,
            "model": "히스클리프",
            "content": "I sure do. I’d have a cheeky one with the lads whenever our Syndicate earned a proper lump of dosh."
        },
        {
            "id": 58,
            "model": "이스마엘",
            "content": "Ugh, Ms. Faust, can you have them cut the crap already? Shouldn’t there be some company clause against fried chicken requests?"
        },
        {
            "id": 59,
            "content": "Faust was deep in thought by her lonesome."
        },
        {
            "id": 60,
            "model": "파우스트",
            "content": "Alright, we will take your request."
        },
        {
            "id": 61,
            "model": "이스마엘",
            "content": "Excuse me?!"
        },
        {
            "id": 62,
            "content": "This might also be the first time I’ve seen Ishmael taken aback to this extent."
        },
        {
            "id": 63,
            "model": "이스마엘",
            "content": "I’m sorry, Faust… but did you… go out of your mind for a second there?"
        },
        {
            "id": 64,
            "model": "그레고르",
            "content": "Yeesh, Ishmael, no need to be so biting there…"
        },
        {
            "id": 65,
            "model": "파우스트",
            "content": "It’s hard to say. Faust’s mind tends to be out there most of the time."
        },
        {
            "id": 66,
            "model": "히스클리프",
            "content": "Hahah! Guess we’re all right and chummy for once, eh?"
        },
        {
            "id": 67,
            "model": "단테",
            "content": "<Faust… Are you serious? You’re taking a request over free chicken?>"
        },
        {
            "id": 68,
            "model": "파우스트",
            "content": "To be more precise… this is to resolve a case of the ‘Distortion Phenomenon’, Dante."
        },
        {
            "id": 69,
            "model": "단테",
            "content": "<Distortion Phenomenon?>"
        },
        {
            "id": 70,
            "model": "홍루",
            "content": "Distortions… What are they?"
        },
        {
            "id": 71,
            "model": "파우스트",
            "content": "It is a term I’m sure is unclear to most. Although it has been occurring all around the City, no official announcement of the phenomenon has been made to the general public."
        },
        {
            "id": 72,
            "model": "홍루",
            "content": "Oh…"
        },
        {
            "id": 73,
            "model": "뫼르소",
            "content": "To my knowledge, it is a phenomenon where an individual morphs into a form often unfit to be considered “human”. It has no known causes, and the appearances were all different."
        },
        {
            "id": 74,
            "model": "홍루",
            "content": "Hmm… That doesn’t make it clear enough. Are they like Abnormalities?"
        },
        {
            "id": 75,
            "model": "뫼르소",
            "content": "Not exactly, as unlike Abnormalities, they do not shrink into eggs; it is possible for them to fully expire."
        },
        {
            "id": 76,
            "model": "뫼르소",
            "content": "I have witnessed a number of cases in the past."
        },
        {
            "id": 77,
            "model": "파우스트",
            "content": "Our company has the LCD, a department housing consultant Fixers dedicated to matters regarding the Distortions. Though its size is small, it nevertheless signifies the company’s interest in the phenomenon."
        },
        {
            "id": 78,
            "model": "단테",
            "content": "<So the owner of Eunbong’s… has… turned into one of those Distortion things?>"
        },
        {
            "id": 79,
            "model": "파우스트",
            "content": "That’s correct. One does not simply gain the ability to lead an army of raw chickens by losing their mind."
        },
        {
            "id": 80,
            "model": "단테",
            "content": "<I see… >"
        },
        {
            "id": 81,
            "model": "이스마엘",
            "content": "So that’s what it’s about? Phew… I almost got worried that I might have to knock some sense back into you, Faust."
        },
        {
            "id": 82,
            "model": "그레고르",
            "content": "Is that why you were clutching your mace so tight, Ishmael…?"
        },
        {
            "id": 83,
            "model": "돈키호테",
            "content": "Rightly so! We must act before this commotion results in any casualty. Ñam-ñam…"
        },
        {
            "id": 84,
            "model": "로쟈",
            "content": "Oh? You got sauce on your face, chiquita!"
        },
        {
            "id": 85,
            "content": "I watched as Rodya wiped Don Quixote’s mouth clean."
        },
        {
            "id": 86,
            "model": "삼조",
            "teller": "Samjo",
            "title": "K Corp. Dept. of Food Resource Development",
            "content": "I’ll take that as a yes, and will be waiting for your contact."
        }
    ]
}