{
  "dataList": [
    {
      "id": 0,
      "place": "Eunbong’s Bar & Fryers Kitchen",
      "content": "I stared at Gregor’s dish for a good while."
    },
    {
      "id": 1,
      "model": "단테",
      "content": "<What uh, is this, Gregor?>"
    },
    {
      "id": 2,
      "model": "그레고르요리사",
      "content": "A military survivalist meal… or something like that?"
    },
    {
      "id": 3,
      "model": "단테",
      "content": "<Do they… really eat this in the military?>"
    },
    {
      "id": 4,
      "model": "그레고르요리사",
      "content": "Look, Manager Bud, didn’t you say you’re an amnesiac? Since when were you such a delicate food critic, huh?"
    },
    {
      "id": 5,
      "content": "Gregor lost his usual calm demeanor and suddenly snapped at me."
    },
    {
      "id": 6,
      "content": "I looked at Ryōshū’s serving next."
    },
    {
      "id": 7,
      "content": "I felt like I was looking at a brand-new work of art."
    },
    {
      "id": 8,
      "content": "As in, I had no idea what it was supposed to be."
    },
    {
      "id": 9,
      "model": "단테",
      "content": "<……>"
    },
    {
      "id": 10,
      "model": "단테",
      "content": "<Ryōshū, just to make sure, you didn’t mistake our objective with assassinating the Distorted restaurant owner, did you?>"
    },
    {
      "id": 11,
      "model": "료슈요리사",
      "content": "S.T.C.U."
    },
    {
      "id": 12,
      "model": "싱클레어",
      "content": "She wants to shut the clock up…"
    },
    {
      "id": 13,
      "content": "Heathcliff and Meursault had caught the owner of Eunbong’s and put him in a seat in the meantime…"
    },
    {
      "id": 14,
      "content": "We started by feeding him Ryōshū’s cooking."
    },
    {
      "id": 15,
      "model": "뒤틀린주인",
      "teller": "Eunbong’s Bar & Fryers Owner",
      "title": "Eunbong’s Bar & Fryers",
      "content": "Grr… Urgh… Hrrgh…"
    },
    {
      "id": 16,
      "model": "파우스트",
      "content": "The Distortion’s language is difficult to parse. It will take me at least 70 hours to decipher it based on the speech pattern and cadence."
    },
    {
      "id": 17,
      "model": "싱클레어",
      "content": "That long? We can’t be frying chickens for all that time!"
    },
    {
      "id": 18,
      "model": "단테",
      "content": "<Wait…!>"
    },
    {
      "id": 19,
      "model": "단테",
      "content": "<I think I can hear his voice in my head.>"
    },
    {
      "id": 20,
      "model": "파우스트",
      "content": "Hmm, how curious. This could be due to the influence of the Golden Boughs we’ve collected resonating with Manager Dante’s head."
    },
    {
      "id": 21,
      "content": "Ugh… I think I just heard a staggering statement, but the owner’s cries are too distracting…"
    },
    {
      "id": 22,
      "model": "뒤틀린주인",
      "teller": "Eunbong’s Bar & Fryers Owner",
      "title": "Eunbong’s Bar & Fryers",
      "content": "Gruh…Urg…Arrh…"
    },
    {
      "id": 23,
      "model": "료슈요리사",
      "content": "What is he trying to say?"
    },
    {
      "id": 24,
      "model": "단테",
      "content": "<“A funeral procession in my mouth…”>"
    },
    {
      "id": 25,
      "model": "뒤틀린주인",
      "teller": "Eunbong’s Bar & Fryers Owner",
      "title": "Eunbong’s Bar & Fryers",
      "content": "Grh… Urhh…erh…"
    },
    {
      "id": 26,
      "model": "단테",
      "content": "<“Is your cooking theme ‘poultry apocalypse’”, he asks…>"
    },
    {
      "id": 27,
      "model": "료슈요리사",
      "content": "Right… Today will be the day I rip that clock from its stem."
    },
    {
      "id": 28,
      "model": "단테",
      "content": "<I was just relaying his review!>"
    },
    {
      "id": 29,
      "model": "료슈요리사",
      "content": "Then the two of you can go to hell together."
    },
    {
      "id": 30,
      "model": "그레고르요리사",
      "content": "Got too cocky, eh, Ryōshū? Confidence is good and all, but it’s no match for hard-boiled experience."
    },
    {
      "id": 31,
      "model": "그레고르요리사",
      "content": "Alright, guess it’s my turn. Open wide now, pal."
    },
    {
      "id": 32,
      "model": "뒤틀린주인",
      "teller": "Eunbong’s Bar & Fryers Owner",
      "title": "Eunbong’s Bar & Fryers",
      "content": "Ghh… Urhh… Urrg…"
    },
    {
      "id": 33,
      "model": "단테",
      "content": "<……>"
    },
    {
      "id": 34,
      "model": "그레고르요리사",
      "content": "Aha, is he starting to open up his heart?"
    },
    {
      "id": 35,
      "model": "단테",
      "content": "<He’s wondering if it was sludged up from the food waste dumpster outside…>"
    },
    {
      "id": 36,
      "model": "그레고르요리사",
      "content": "……"
    },
    {
      "id": 37,
      "model": "단테",
      "content": "<Looks like both your dishes failed…>"
    },
    {
      "id": 38,
      "content": "The owner and his chickens came at us with growls."
    },
    {
      "id": 39,
      "content": "As if to express their master’s anger in full…"
    }
  ]
}