{
    "dataList": [
        {
            "id": 0,
            "place": "Front of Eunbong’s Bar & Fryers",
            "model": "단테",
            "content": "<What are we supposed to do to resolve a Distortion?>"
        },
        {
            "id": 1,
            "model": "파우스트",
            "content": "It’s simple."
        },
        {
            "id": 2,
            "content": "Faust seemed to have a habit of prefacing her expositions with a disclaimer about their simplicity."
        },
        {
            "id": 3,
            "model": "파우스트",
            "content": "What we will do is open up the heart of the Distorted."
        },
        {
            "id": 4,
            "model": "파우스트",
            "content": "Disarm their mind’s guard and coax them into opening up."
        },
        {
            "id": 5,
            "model": "료슈",
            "content": "I see. Do we remove the scapula first? Or perhaps the sternum?"
        },
        {
            "id": 6,
            "model": "파우스트",
            "content": "Hmm, a physical revelation of the heart… An interesting proposal."
        },
        {
            "id": 7,
            "model": "단테",
            "content": "<Er, first off… We probably should visit that Eunbong’s place and figure some things out.>"
        },
        {
            "id": 8,
            "model": "싱클레어",
            "content": "Euh… Raw poultry is walking around. That can’t be hygienic…"
        },
        {
            "id": 9,
            "model": "단테",
            "content": "<They look like the things that were on those people’s heads earlier.>"
        },
        {
            "id": 10,
            "model": "단테",
            "content": "<I dunno what they are, but we shouldn’t get too close to…>"
        },
        {
            "id": 11,
            "content": "Unfortunately, I had forgotten that around 80% of the Sinners valued my suggestions less than the cooing of a random pigeon on the roadside."
        },
        {
            "id": 12,
            "model": "뒤틀린닭1",
            "teller": "Raw Chicken",
            "title": "Distorted Thing",
            "content": "Kieeeh!"
        },
        {
            "id": 13,
            "model": "히스클리프",
            "content": "So we can have free chicken for life after we’re done whacking these pullets, eh?"
        },
        {
            "id": 14,
            "model": "료슈",
            "content": "Cute. Let’s STAB."
        },
        {
            "id": 15,
            "model": "단테",
            "content": "<……>"
        },
        {
            "id": 16,
            "model": "단테",
            "content": "<I get it! That one was “slice them all bare”!>"
        },
        {
            "id": 17,
            "model": "이스마엘",
            "content": "…Huh."
        },
        {
            "id": 18,
            "model": "료슈",
            "content": "Nod."
        },
        {
            "id": 19,
            "content": "Provoked, the raw chickens leapt into the air…"
        },
        {
            "id": 20,
            "model": "싱클레어",
            "content": "Huh, Heathcliff?!?!"
        },
        {
            "id": 21,
            "content": "Heathcliff’s face was then devoured by one of them."
        },
        {
            "id": 22,
            "model": "히스클리프요리사",
            "teller": "Heathcliff?",
            "title": "Distorted Thing?",
            "content": "……"
        },
        {
            "id": 23,
            "model": "단테",
            "content": "<…Heathcliff?!!>"
        },
        {
            "id": 24,
            "model": "히스클리프요리사",
            "teller": "Heathcliff?",
            "title": "Distorted Thing?",
            "content": "……"
        },
        {
            "id": 25,
            "content": "Heathcliff stood in silence with the raw chicken adorning his head…"
        },
        {
            "id": 26,
            "content": "It was quite the sight, much to my terror."
        },
        {
            "id": 27,
            "model": "이스마엘",
            "content": "I think I like Heathcliff better this way, y’know? He actually seems intelligent now."
        },
        {
            "id": 28,
            "model": "로쟈",
            "content": "Oh gosh, what do we do, Dante? Wait, quick! Your clock!"
        },
        {
            "id": 29,
            "model": "단테",
            "content": "<B—But then…>"
        },
        {
            "id": 30,
            "content": "Nothing would stop me from rewinding here. But the problem is…"
        },
        {
            "id": 31,
            "model": "단테",
            "content": "<What if my head turns into a chicken while the clock’s working?>"
        },
        {
            "id": 32,
            "model": "료슈",
            "content": "S.D."
        },
        {
            "id": 33,
            "model": "싱클레어",
            "content": "Same difference?!"
        },
        {
            "id": 34,
            "model": "료슈",
            "content": "Clockhead, chickenhead—they’re no different, so I don’t get being huffy over it."
        },
        {
            "id": 35,
            "content": "It looked like Sinclair was the only one actually worried about Heathcliff."
        },
        {
            "id": 36,
            "model": "싱클레어",
            "content": "Mister Heathcliff! Are you alright in there?"
        },
        {
            "id": 37,
            "model": "히스클리프요리사",
            "teller": "Heathcliff?",
            "title": "Distorted Thing?",
            "content": "Ghii… Ghii…"
        },
        {
            "id": 38,
            "model": "로쟈",
            "content": "Say, why don’t we keep him as our mascot if the thing never comes off?"
        },
        {
            "id": 39,
            "model": "단테",
            "content": "<What’s the deal with you and mascots anyway…?>"
        },
        {
            "id": 40,
            "model": "히스클리프요리사",
            "teller": "Heathcliff?",
            "title": "Distorted Thing?",
            "content": "Ghii… Cooh…"
        },
        {
            "id": 41,
            "model": "돈키호테",
            "content": "Ohhhh! Lead your eyes thither! Heathcliff is communicating with the other hens!"
        },
        {
            "id": 42,
            "model": "뒤틀린손님2",
            "teller": "Chickenhead",
            "title": "Distorted Thing",
            "content": "Bubawkgi! Bubawkgicludoo. Buhbawkgigi!"
        },
        {
            "id": 43,
            "model": "히스클리프요리사",
            "teller": "Heathcliff?",
            "title": "Distorted Thing?",
            "content": "Bubawgi… Doodlegidoo… Buhbawk…"
        },
        {
            "id": 44,
            "model": "홍루",
            "content": "Fuhu, Heathcliff’s become quite the chatterbox."
        },
        {
            "id": 45,
            "model": "파우스트",
            "content": "It appears that the chicken sitting on his face is using his mouth to communicate, rather than Heathcliff himself."
        },
        {
            "id": 46,
            "model": "돈키호테",
            "content": "Sniff… I cannot leave Sir Heathcliff in these straits… I had wished to cosplay with him as two “Fixers del Atardecer Ardiente” someday… We would only be subject to mockery if he were to engage in mummery with that chickened head…"
        },
        {
            "id": 47,
            "content": "To avoid the gathering crowd, we shoved Heathcliff into the interior of Eunbong’s Bar & Fryers and followed behind him."
        },
        {
            "id": 48,
            "place": "Eunbong’s Bar & Fryers",
            "model": "히스클리프요리사",
            "teller": "Heathcliff?",
            "title": "Distorted Thing?",
            "content": "Ghiii… Ghiii…"
        },
        {
            "id": 49,
            "model": "오티스",
            "content": "I can’t stand his clucking anymore. I’ll bring him back to his senses sharply."
        },
        {
            "id": 50,
            "content": "Outis grabbed the raw chicken on Heathcliff’s head with one hand and began to slap it ruthlessly with her spare."
        },
        {
            "id": 51,
            "content": "Furiously…"
        },
        {
            "id": 52,
            "model": "히스클리프요리사",
            "teller": "Heathcliff?",
            "title": "Distorted Thing?",
            "content": "Kwi… Giidoough…"
        },
        {
            "id": 53,
            "model": "뫼르소",
            "content": "…The sound of the impacts was comparable to when she was interrogating a captive enemy."
        },
        {
            "id": 54,
            "model": "오티스",
            "content": "I don’t see him ever recovering on his own. This leaves us no choice. I will remove the chicken head as a whole."
        },
        {
            "id": 55,
            "model": "로쟈",
            "content": "Is it really okay to yank it off like that? You might peel his face right off with it!"
        },
        {
            "id": 56,
            "model": "오티스",
            "content": "Grow a backbone. Even if his skin were to be removed, it’s perfectly fine as our executive manager is here to handle it."
        },
        {
            "id": 57,
            "model": "단테",
            "content": "<No, seriously… It’s really not fine for me, Outis, and I can’t just—>"
        },
        {
            "id": 58,
            "content": "Despite her opposition, Outis began jostling the chicken with all her might."
        },
        {
            "id": 59,
            "model": "히스클리프요리사",
            "teller": "Heathcliff?",
            "title": "Distorted Thing?",
            "content": "Kiiiiih khiiiiiih!!!"
        },
        {
            "id": 60,
            "model": "단테",
            "content": "<I heard something tear… It didn’t actually come off, did it? Huh?>"
        },
        {
            "id": 61,
            "model": "히스클리프",
            "content": "Kuff… Kaff… Gehg…"
        },
        {
            "id": 62,
            "model": "오티스",
            "content": "Back with us soldier?"
        },
        {
            "id": 63,
            "model": "히스클리프",
            "content": "Urgh… What’s with this barmy soup in my mouth…"
        },
        {
            "id": 64,
            "model": "로쟈",
            "content": "Heath… You were having some serious discussion with those chickens, clucking weird stuff. Remember?"
        },
        {
            "id": 65,
            "model": "히스클리프",
            "content": "Huh, now that you say it… I think I did hear some gabbing in my head…"
        },
        {
            "id": 66,
            "model": "히스클리프",
            "content": "W-What were they on about… Some sort of recipe got lost, I guess…"
        },
        {
            "id": 67,
            "model": "히스클리프",
            "content": "Was the cornerstone of this eatery, but once it was gone… He stopped getting customers…"
        },
        {
            "id": 68,
            "model": "히스클리프",
            "content": "That’s when the master started acting off… and infected us all…"
        },
        {
            "id": 69,
            "model": "이스마엘",
            "content": "Pft… Did you just say those chickens were “us”?"
        },
        {
            "id": 70,
            "model": "히스클리프",
            "content": "…Bugger, I’m still recovering from those headhens… This is confusing…"
        },
        {
            "id": 71,
            "model": "싱클레어",
            "content": "That’s what you decided to call them…?"
        },
        {
            "id": 72,
            "model": "단테",
            "content": "<If the Distortion happened because he lost his recipe…>"
        },
        {
            "id": 73,
            "model": "단테",
            "content": "<Then maybe we can somehow recreate it for him?>"
        },
        {
            "id": 74,
            "model": "파우스트",
            "content": "You’ve gotten close enough to an answer."
        },
        {
            "id": 75,
            "model": "파우스트",
            "content": "Though much about the Distortion remains unknown, one of the noted particulars is that it occurs when the good and evil… No, when the mind crumbles to figurative pieces."
        },
        {
            "id": 76,
            "model": "단테",
            "content": "<Sounds like you just pivoted away from “good and evil” because that version would get too long for you to bother…>"
        },
        {
            "id": 77,
            "model": "파우스트",
            "content": "For instance, let’s say that Hong Lu held a belief he was certain would be an unchanging constant as he lived in the City."
        },
        {
            "id": 78,
            "model": "파우스트",
            "content": "Or, it could be a hope for some other psychological sustainment that has supported his life."
        },
        {
            "id": 79,
            "model": "홍루",
            "content": "…Hmm."
        },
        {
            "id": 80,
            "model": "파우스트",
            "content": "If that support suddenly collapses in a massively shocking event that causes one to let their “ego” go, his mind would crumble, so to speak."
        },
        {
            "id": 81,
            "model": "홍루",
            "content": "…Well, I could see that happening."
        },
        {
            "id": 82,
            "model": "히스클리프",
            "content": "What could be so shocking for a well-off cuss like you? Getting your privy purse snatched away?"
        },
        {
            "id": 83,
            "model": "홍루",
            "content": "Oh, no, I never received an allowance. There was no need for such a thing when I could spend any amount whenever I wanted."
        },
        {
            "id": 84,
            "model": "로쟈",
            "content": "Really? What else is it, then?"
        },
        {
            "id": 85,
            "model": "홍루",
            "content": "Hm… I thought I knew, but I can’t seem to elaborate on it with words right now."
        },
        {
            "id": 86,
            "model": "파우스트",
            "content": "To return to the point and sum things up…"
        },
        {
            "id": 87,
            "model": "파우스트",
            "content": "The Distortion… is a phenomenon that arises from deeply personal psychological shock."
        },
        {
            "id": 88,
            "model": "파우스트",
            "content": "The affected will have walled off their heart with a solid defense."
        },
        {
            "id": 89,
            "model": "파우스트",
            "content": "This wall has to be brought down using methods that the Distorted would approve."
        },
        {
            "id": 90,
            "model": "그레고르",
            "content": "And in this case, the Distortion would want…"
        },
        {
            "id": 91,
            "model": "그레고르",
            "content": "…Chicken-based cooking, right."
        },
        {
            "id": 92,
            "content": "Gregor took a confident step forward after saying that."
        },
        {
            "id": 93,
            "model": "그레고르",
            "content": "I cooked up a good few meals using leftovers and cans for my comrades in arms during the war."
        },
        {
            "id": 94,
            "model": "그레고르",
            "content": "Those traumatized soldiers were moved to tears by my dishes as they gobbled up the stuff."
        },
        {
            "id": 95,
            "model": "료슈",
            "content": "Hmph."
        },
        {
            "id": 96,
            "model": "그레고르",
            "content": "…Hey now, is it just me… or did I hear somebody scoff at that?"
        },
        {
            "id": 97,
            "model": "료슈",
            "content": "How droll. What does a C.F. know about cooking? You’d be better off flipping hamburger patties with your pincer."
        },
        {
            "id": 98,
            "model": "홍루",
            "content": "Ooh~ If Mr. Gregor opened a business, he’d be a boss with big meaty claws!"
        },
        {
            "id": 99,
            "model": "그레고르",
            "content": "…Ryōshū, that’s short for “crawling furball”, isn’t it? But I’ll say, I do like the idea of being the guy with big meaty claws… Eh? My head just got a sting…"
        },
        {
            "id": 100,
            "model": "료슈",
            "content": "A true chef… follows their tongue and blade."
        },
        {
            "id": 101,
            "model": "료슈",
            "content": "Could you really say that food haphazardly mashed together in a warzone is real cuisine?"
        },
        {
            "id": 102,
            "model": "로쟈",
            "content": "Ohhh~ That’s one for the cookbooks!"
        },
        {
            "id": 103,
            "model": "싱클레어",
            "content": "Ms. Ryōshū, she’s speaking with full words for once!"
        },
        {
            "id": 104,
            "model": "그레고르",
            "content": "Grr… It sounded cool, but I’m not sure you’re one to be giving out advice…"
        },
        {
            "id": 105,
            "model": "그레고르",
            "content": "Actually, hold on, have you even cooked before, Ryōshū?"
        },
        {
            "id": 106,
            "model": "료슈",
            "content": "Obvs. I have crafted dishes on a level that you as a trifling cook can’t dare imagine."
        },
        {
            "id": 107,
            "model": "그레고르",
            "content": "Okay, now I’m starting to get mad…"
        },
        {
            "id": 108,
            "model": "로쟈",
            "content": "Let’s see, then… I’m on Shū’s side!"
        },
        {
            "id": 109,
            "model": "그레고르",
            "content": "Why are we splitting up into teams now?"
        },
        {
            "id": 110,
            "model": "로쟈",
            "content": "Ahaha, I mean, it’s fun~"
        },
        {
            "id": 111,
            "model": "그레고르",
            "content": "And why did you end up siding with her?"
        },
        {
            "id": 112,
            "model": "로쟈",
            "content": "Greg, darling, we’ve been stuck too close for too long. Why don’t we try a little distance just for today?"
        },
        {
            "id": 113,
            "content": "Heathcliff, having shaken off the dizziness, walked to Gregor’s side."
        },
        {
            "id": 114,
            "model": "히스클리프",
            "content": "So we win by pulping ‘er up, aye?"
        },
        {
            "id": 115,
            "model": "그레고르",
            "content": "No no, we aren’t crushing anyone with force…"
        },
        {
            "id": 116,
            "model": "오티스",
            "content": "You admit to feeding your men canned food? You’re a disgrace of a soldier. For your reference, I much prefer instant foods."
        },
        {
            "id": 117,
            "model": "그레고르",
            "content": "That reference is just a preference!"
        },
        {
            "id": 118,
            "model": "이스마엘",
            "content": "This is childish, really. Do you guys seriously want to take sides over this?"
        },
        {
            "id": 119,
            "model": "로쟈",
            "content": "Tell us, why don’t you tell us? Which side are you, Ishy? If you had to choose between Greg and Ryōshū to serve food for us Sinners…"
        },
        {
            "id": 120,
            "model": "그레고르",
            "content": "Don’t you try and coax her. I know Ishmael and I have been thick as thieves since early on."
        },
        {
            "id": 121,
            "content": "In spite of Gregor’s confidence, Ishmael’s face and posture betrayed a sense of awkwardness."
        },
        {
            "id": 122,
            "model": "그레고르",
            "content": "I—Ishmael…?"
        },
        {
            "id": 123,
            "model": "이스마엘",
            "content": "Sorry, Gregor, but if it’s canned goods we’re talking about… I ate more than I ever want on the ship…"
        },
        {
            "id": 124,
            "model": "그레고르",
            "content": "C’mon, why won’t you look me in the eyes, Ishmael? Eh?"
        },
        {
            "id": 125,
            "content": "Ishmael took a few sluggish steps backward to stand next to Ryōshū."
        },
        {
            "id": 126,
            "content": "Her eyes never looked up to meet Gregor."
        },
        {
            "id": 127,
            "model": "그레고르",
            "content": "……"
        },
        {
            "id": 128,
            "model": "료슈",
            "content": "Heh."
        },
        {
            "id": 129,
            "content": "Even though there wasn’t much rapport to begin with… I could hear what little trusting bond existed between the two fall apart."
        },
        {
            "id": 130,
            "content": "Don Quixote had glued herself to Gregor’s back before I noticed. Her face was off-color."
        },
        {
            "id": 131,
            "model": "돈키호테",
            "content": "A—As a matter of truth, while we were banqueting upon skewered chicken on the bus… I… bore witness… to that woman’s most awful deed…"
        },
        {
            "id": 132,
            "model": "그레고르",
            "content": "What’d she do with the chicken kebab?"
        },
        {
            "id": 133,
            "model": "돈키호테",
            "content": "I— That is… Nay, I cannot… begin to put it to words…"
        },
        {
            "id": 134,
            "model": "료슈",
            "content": "Ahh, well, well… You saw it, did you? Huhu, that was a secret technique of mine to bring out the dak-kkochi’s ultimate flavor…"
        },
        {
            "id": 135,
            "content": "Don Quixote shuddered violently."
        },
        {
            "id": 136,
            "content": "Soon enough, Hong Lu went to Gregor’s side with a sparkle in his eyes."
        },
        {
            "id": 137,
            "model": "홍루",
            "content": "Hoho, it would be a unique experience to try dishes comparable to pet food once in my life, right? I’ll be rooting for you, Gregor!"
        },
        {
            "id": 138,
            "model": "그레고르",
            "content": "Er, right. Thanks a lot, Hong Lu…"
        },
        {
            "id": 139,
            "content": "Hong Lu stood behind Gregor, wearing a kind smile on his face."
        },
        {
            "id": 140,
            "model": "그레고르",
            "content": "Faust! I can count on you of all people to make the rational choice, yeah?"
        },
        {
            "id": 141,
            "model": "파우스트",
            "content": "I don’t know, as Faust… can enjoy a risky venture from time to time."
        },
        {
            "id": 142,
            "content": "With that profound remark, Faust took her place behind Ryōshū."
        },
        {
            "id": 143,
            "model": "싱클레어",
            "content": "I really don’t get it… Why are we splitting our group into opposing teams?"
        },
        {
            "id": 144,
            "model": "료슈",
            "content": "Hey, CHICK. Pick a way to survive or buzz off."
        },
        {
            "id": 145,
            "model": "싱클레어",
            "content": "Ch… Chirping hesitation isn’t cool, kiddo…?! T—Then…"
        },
        {
            "id": 146,
            "model": "단테",
            "content": "<Sinclair… You might be linked to Ryōshū on a spiritual level at this point.>"
        },
        {
            "id": 147,
            "content": "Ryōshū’s ruthless remark made Sinclair trudge to her side."
        },
        {
            "id": 148,
            "model": "그레고르",
            "content": "Isn’t it unfair to threaten him to join you? That’s cheating!"
        },
        {
            "id": 149,
            "model": "이상",
            "content": "……"
        },
        {
            "id": 150,
            "model": "이상",
            "content": "I shan’t choose, and instead, I humbly await your selection."
        },
        {
            "id": 151,
            "model": "료슈",
            "content": "Don’t need that. You take it."
        },
        {
            "id": 152,
            "model": "이상",
            "content": "……"
        },
        {
            "id": 153,
            "content": "Yi Sang was placed on Gregor’s team without him moving a muscle."
        },
        {
            "id": 154,
            "content": "Lastly, Meursault quietly stood behind Gregor."
        },
        {
            "id": 155,
            "model": "그레고르",
            "content": "M-Meursault…"
        },
        {
            "id": 156,
            "model": "그레고르",
            "content": "I’m a little touched. I know we never got to talk much, but you still decided to come and stand by me in my time of need, I’m so—"
        },
        {
            "id": 157,
            "model": "뫼르소",
            "content": "I have only done so because joining the team with fewer members would set the balance right."
        },
        {
            "id": 158,
            "content": "Some will proclaim that they saw tears well up in Gregor’s eyes at that moment."
        },
        {
            "id": 159,
            "content": "With the teams decided, we entered the kitchen of Eunbong’s, looking for a suitable place to cook."
        },
        {
            "id": 160,
            "content": "It had become a long neglected mess with traces of fowl rampage."
        },
        {
            "id": 161,
            "content": "However, Ryōshū and Gregor kicked stray plates and utensils out of their way like it was none of their business, and then took their spots."
        },
        {
            "id": 162,
            "model": "단테",
            "content": "<Hang on, are we allowed to do all this in someone else’s restaurant?>"
        },
        {
            "id": 163,
            "model": "료슈",
            "content": "It’s a RAFTS, so why care."
        },
        {
            "id": 164,
            "model": "싱클레어",
            "content": "You can’t call it a restaurant already fated to shut—we’re trying to help!"
        },
        {
            "id": 165,
            "model": "그레고르",
            "content": "Yeah. Our goal is to deal with the Distortion, isn’t it?"
        },
        {
            "id": 166,
            "model": "뒤틀린닭1",
            "teller": "Raw Chicken",
            "title": "Distorted Thing",
            "content": "Bwabawkbawkbawk!!!"
        },
        {
            "id": 167,
            "content": "An angered flock of chickens fluttered to intimidate the sudden intruders, but much to their dismay…"
        },
        {
            "id": 168,
            "model": "그렉료슈",
            "teller": "Gregor & Ryōshū",
            "title": "Sinners",
            "content": "Get in my way and you’re all getting chopped!\nGet in my way and you’re all getting sliced!"
        },
        {
            "id": 169,
            "model": "단테",
            "content": "<You guys look more in sync now…>"
        }
    ]
}