{
    "dataList": [
        {
            "id": 0,
            "place": "Yong-jin Building Entrance",
            "teller": "Defeated Henchman",
            "title": "Kurokumo Clan",
            "content": "Ach... Damn it!"
        },
        {
            "id": 1,
            "model": "앵두",
            "teller": "Aeng-du",
            "title": "Blade Lineage",
            "content": "Looks like this was the last one of them."
        },
        {
            "id": 2,
            "model": "료슈",
            "content": "Ah, the aroma of blood... Some splattered fresh, some old and growing viscous..."
        },
        {
            "id": 3,
            "model": "료슈",
            "content": "Heh, I can already tell that there will be a collage of different blood splatters waiting for me in there. I am excited to see this collection for myself."
        },
        {
            "id": 4,
            "model": "앵두",
            "teller": "Aeng-du",
            "title": "Blade Lineage",
            "content": "... This one expresses brutal thoughts with such nonchalance as one muses about their next meal."
        },
        {
            "id": 5,
            "model": "앵두",
            "teller": "Aeng-du",
            "title": "Blade Lineage",
            "content": "Ahm, whichever may be the case... The way is open! We must move with haste!"
        },
        {
            "id": 6,
            "content": "Aeng-du did not hesitate for a second before disappearing into the building's entrance."
        },
        {
            "id": 7,
            "model": "그레고르",
            "content": "Man, I'm impressed by her energy. Wasn't she knocked out cold just a few minutes ago?"
        },
        {
            "id": 8,
            "model": "오티스",
            "content": "It is sheer willpower that moves her. What other choice does she have when her superior is captured?"
        },
        {
            "id": 9,
            "model": "홍루",
            "content": "Huh... from the name alone I expected Yong-jin Building to be much taller than just 6 floors. 'Building' and all."
        },
        {
            "id": 10,
            "model": "파우스트",
            "content": "It is a common naming convention in the Backstreets."
        },
        {
            "id": 11,
            "content": "I looked up toward the rooftop of the building Hong Lu was looking at... and suddenly grew curious."
        },
        {
            "id": 12,
            "model": "단테",
            "content": "<Uh... What time is it right now?>"
        },
        {
            "id": 13,
            "model": "로쟈",
            "content": "Need a mirror?"
        },
        {
            "id": 14,
            "model": "단테",
            "content": "<... My head doesn't actually tell time, you know.>"
        },
        {
            "id": 15,
            "model": "파우스트",
            "content": "It is 2:10 in the afternoon."
        },
        {
            "id": 16,
            "content": "2 in the afternoon... It's not midday, but it's not supposed to be this dark, is it?"
        },
        {
            "id": 17,
            "model": "단테",
            "content": "<How is it this gloomy and dark at 2 in the afternoon? I'm starting to lose my sense of time in here.>"
        },
        {
            "id": 18,
            "model": "그레고르",
            "content": "Seems particularly darker around this area we're in. ... Well, compared to the Smoke War days, it's still bright as a sunny day."
        },
        {
            "id": 19,
            "model": "오티스",
            "content": "Hm... I suppose that's true."
        },
        {
            "id": 20,
            "model": "파우스트",
            "content": "The Backstreets of T Corp. are known to be in a perpetual state of murkiness."
        },
        {
            "id": 21,
            "model": "파우스트",
            "content": "Their machines ceaselessly discharge heavy plumes of smoke which cloud the skies. That, and the constant color drainage keeps the Backstreets of T Corp. dark and dreary."
        },
        {
            "id": 22,
            "model": "파우스트",
            "content": "Of course, I must also inform you that the conditions have improved somewhat after the Smoke War due to the various extenuating, prohibitive conditions introduced by the outcome of that war that limits the production of smoke. Before the war—"
        },
        {
            "id": 23,
            "model": "앵두",
            "teller": "Aeng-du",
            "title": "Blade Lineage",
            "content": "We have no time for idle chatter! Come now!"
        },
        {
            "id": 24,
            "content": "We hurried toward Aeng-du's urgent cries."
        },
        {
            "id": 25,
            "place": "Yong-jin Building 1F",
            "teller": "Defeated Henchman",
            "title": "Kurokumo Clan",
            "content": "Agh... There were more Blade Lineage bastards left...?"
        },
        {
            "id": 26,
            "model": "히스클리프",
            "content": "What the... The lass took 'em all out already."
        },
        {
            "id": 27,
            "model": "앵두",
            "teller": "Aeng-du",
            "title": "Blade Lineage",
            "content": "They were nothing but mewling minions."
        },
        {
            "id": 28,
            "model": "앵두",
            "teller": "Aeng-du",
            "title": "Blade Lineage",
            "content": "The size of their bravado ill-matched their immature skills. They foolishly decided to stand their ground instead of retreating upstairs."
        },
        {
            "id": 29,
            "content": "Tzzt."
        },
        {
            "id": 30,
            "content": "An electric buzz of sorts played from the radio I had stashed in my clothes."
        },
        {
            "id": 31,
            "model": "단테",
            "content": "<Is someone calling this radio...?>"
        },
        {
            "id": 32,
            "content": "The sound became much clearer when I unfolded the antenna from the radio."
        },
        {
            "id": 33,
            "teller": "Radio",
            "title": "LCD?",
            "content": "LCD here, LCD here! Can you hear me? Acknowledge! C'mon~"
        },
        {
            "id": 34,
            "content": "The voice coming from the other end of the radio was... upbeat, to put it mildly. And very chaotic."
        },
        {
            "id": 35,
            "content": "O-okay, I just have to press this button, right...?"
        },
        {
            "id": 36,
            "model": "단테",
            "content": "<W-well, I'll talk. But it's not like you can hear—>"
        },
        {
            "id": 37,
            "teller": "Radio",
            "title": "LCD?",
            "content": "Ahahaha! They actually tick-tock!"
        },
        {
            "id": 38,
            "teller": "Radio",
            "title": "LCD?",
            "content": "Oh right, I called you for a reason. I'm just calling to relay a message, so don't bother responding! Yeah?"
        },
        {
            "id": 39,
            "model": "단테",
            "content": "<O-okay...>"
        },
        {
            "id": 40,
            "teller": "Radio",
            "title": "LCD?",
            "content": "We don't have much time, so lemme keep it short!"
        },
        {
            "id": 41,
            "teller": "Radio",
            "title": "LCD?",
            "content": "Remember that black stele you guys were sent to retrieve? The Monolith?"
        },
        {
            "id": 42,
            "teller": "Radio",
            "title": "LCD?",
            "content": "I'm picking up a super huge bump in the Monolith signal in the area near you! That signal can force people to Distort, for your information!"
        },
        {
            "id": 43,
            "model": "이스마엘",
            "content": "Force people to Distort...?"
        },
        {
            "id": 44,
            "teller": "Radio",
            "title": "LCD?",
            "content": "We HAVE to contain it before that seeping signal goes completely out of control, okay?!"
        },
        {
            "id": 45,
            "teller": "Radio",
            "title": "LCD?",
            "content": "Agh, what the heck is this?!"
        },
        {
            "id": 46,
            "teller": "Radio",
            "title": "LCD?",
            "content": "Oh, my bad! I've got some stuff going on over here too, y'know? Anyway, I gotta keep this short, so lemme just emphasize that time is of the essence here! Over and out!"
        },
        {
            "id": 47,
            "model": "단테",
            "content": "<…….>"
        },
        {
            "id": 48,
            "content": "The call dropped before any of us even had the chance to say anything."
        },
        {
            "id": 49,
            "model": "단테",
            "content": "<... She's uh, pretty lively, huh.>"
        },
        {
            "id": 50,
            "model": "히스클리프",
            "content": "We don't have time to sit around dumbfounded, Clockhead. Let's crack on."
        },
        {
            "id": 51,
            "model": "싱클레어",
            "content": "Um, everyone... I think the elevator's broken."
        },
        {
            "id": 52,
            "model": "앵두",
            "teller": "Aeng-du",
            "title": "Blade Lineage",
            "content": "I see that you and your fellows now also have a reason to hurry."
        },
        {
            "id": 53,
            "model": "앵두",
            "teller": "Aeng-du",
            "title": "Blade Lineage",
            "content": "I say that we break through their lines and rise through the stairwell. What say you?"
        },
        {
            "id": 54,
            "model": "단테",
            "content": "<We don't have a choice... Come on, let's go!>"
        },
        {
            "id": 55,
            "content": "I put the radio back in my pocket and began running up the stairs."
        }
    ]
}