{
    "dataList": [
        {
            "id": 1,
            "place": "Gift Factory Collection Line",
            "model": "로쟈",
            "content": "So now that I've had some time to look around out here..."
        },
        {
            "id": 2,
            "model": "이상",
            "content": "This facility appears to be... a gift factory."
        },
        {
            "id": 3,
            "model": "홍루",
            "content": "I see... so there are factories like these that produce gifts."
        },
        {
            "id": 4,
            "model": "싱클레어",
            "content": "... Christmas decorations everywhere..."
        },
        {
            "id": 5,
            "model": "싱클레어",
            "content": "... There's still some time until Christmas, though."
        },
        {
            "id": 6,
            "content": "Sinclair looked to the ground with a somber expression."
        },
        {
            "id": 7,
            "content": "... I didn't need to ask to know how he was feeling."
        },
        {
            "id": 8,
            "model": "홍루",
            "content": "I wonder if monsters exchange gifts with each other?"
        },
        {
            "id": 9,
            "model": "그레고르",
            "content": "They didn't seem like the most hospitable sort."
        },
        {
            "id": 10,
            "model": "뫼르소",
            "content": "There is a possibility that they may be contractors to one of the Wings in the City."
        },
        {
            "id": 11,
            "model": "단테",
            "content": "<......>"
        },
        {
            "id": 12,
            "content": "I wanted to say 'no chance', but... the City and the Wings that we've experienced so far were..."
        },
        {
            "id": 13,
            "model": "단테",
            "content": "<Yeah, I can see that.>"
        },
        {
            "id": 14,
            "content": "... Yeah. There was a non-zero chance of that being the case."
        }
    ]
}