{
    "dataList": [
        {
            "id": 0,
            "place": "Mirror Dungeon of the Fathoms",
            "model": "시간살인마변신",
            "content": "N-no, this doesn't make sense! That had to work...! More tricks, is it...?!"
        },
        {
            "id": 1,
            "model": "시간살인마변신",
            "content": "Oi, wait up. You took five hours from me earlier. What's up with you taking another three hours from me? You only took two from that sod."
        },
        {
            "id": 2,
            "model": "시간살인마변신",
            "content": "We will settle that as soon as we deal with this present threat. Focus on the battle for now."
        },
        {
            "id": 3,
            "model": "시간살인마변신",
            "content": "Deal with this present threat when?! In three hours? Four? This fight's been goin' on for too bloody long!"
        },
        {
            "id": 4,
            "model": "시간살인마변신",
            "content": "I understand. That is why we must all sacrifice our collective time to—"
        },
        {
            "id": 5,
            "model": "시간살인마변신",
            "content": "Nope. I ain't givin' you more than an hour of my time. Take more from the rest. I got the short end of the stick last time when the numbers didn't evenly divide by twel—"
        },
        {
            "id": 6,
            "model": "시간살인마변신",
            "content": "Shut up about the 'last time'! You're just an uneducated fool who doesn't even understand basic additions and subtractions..."
        },
        {
            "id": 7,
            "model": "시간살인마변신",
            "content": "Oi, what the hell was that? Who said that?! It's the new one, innit?"
        },
        {
            "id": 8,
            "model": "단테",
            "content": "<They're starting to fight each other.>"
        },
        {
            "id": 9,
            "model": "탐정홍루",
            "content": "Ah, I get it. You're saying that now is our chance, right?"
        }
    ]
}