{
    "dataList": [
        {
            "id": 0,
            "content": "It happened exactly a week after that fruitless exchange."
        },
        {
            "id": 1,
            "model": "단테",
            "content": "<I hereby confirm today’s close of business for the Sinners.>"
        },
        {
            "id": 2,
            "model": "파우스트",
            "content": "Thank you kindly. Starting now, you all will be given a maximum of 12 hours to partake in sleep and rest; the duration is subject to change. Have a good night."
        },
        {
            "id": 3,
            "content": "Faust gives the same instructions as always. In response, Sinners groan and stretch like usual."
        },
        {
            "id": 4,
            "model": "히스클리프",
            "content": "……"
        },
        {
            "id": 5,
            "content": "Except this time, one Sinner stuck out of that normalcy like a sore thumb."
        },
        {
            "id": 6,
            "model": "이스마엘",
            "content": "…What now?"
        },
        {
            "id": 7,
            "model": "로쟈",
            "content": "Leave him be, Ishy~ It’s not the first time he’s all grumpy like that, is it?"
        },
        {
            "id": 8,
            "model": "로쟈",
            "content": "And Heath~ Make sure to simmer down before you get in your room, ‘kay? All that grumbling thunder in there keeps me awake, y’know~"
        },
        {
            "id": 9,
            "content": "…The Sinners’ rooms—their lodging, personal space, and cell—reflect their state of mind, or so I’ve heard."
        },
        {
            "id": 10,
            "content": "Each room’s floors, walls, and overall ambiance are shaped after the Sinner’s personality, and the view through the window changes depending on their emotions and mental state."
        },
        {
            "id": 11,
            "content": "Though, all I’ve seen were distant glimpses through the window, so I don’t have all the details."
        },
        {
            "id": 12,
            "content": "…The room Heathcliff enters would sometimes­—actually, rather frequently—emit wuthering and stormy sounds."
        },
        {
            "id": 13,
            "model": "히스클리프",
            "content": "…Tch."
        },
        {
            "id": 14,
            "content": "Usually, he’d snap back with a “Why should I?” or something like that, but he only clicked his tongue."
        },
        {
            "id": 15,
            "content": "I suppose he doesn’t feel like arguing."
        },
        {
            "id": 16,
            "content": "Thanks to that, he stood in the corridor until all the other Sinners (save for Faust) went into their rooms, staring down the passage with a frown. Maybe he was relieving stress this way."
        },
        {
            "id": 17,
            "model": "히스클리프",
            "content": "…Oho?"
        },
        {
            "id": 18,
            "content": "And that right there is where the incident began."
        },
        {
            "id": 19,
            "model": "히스클리프",
            "content": "…Huh? Oi, what’s with all those doors down the aisle?"
        },
        {
            "id": 20,
            "content": "Heathcliff pointed in the same exact direction I did a week ago."
        },
        {
            "id": 21,
            "content": "Those doorways were beyond the “no trespassing” line blocking the way."
        },
        {
            "id": 22,
            "model": "파우스트",
            "content": "Heathcliff, I recommend against walking farther into the corridor than necessary."
        },
        {
            "id": 23,
            "model": "히스클리프",
            "content": "Huh. That sure makes it sound awful suspicious."
        },
        {
            "id": 24,
            "model": "파우스트",
            "content": "There is nothing of which to be suspicious. You are better off listening to Faust."
        },
        {
            "id": 25,
            "model": "히스클리프",
            "content": "What, you keep treasures or somesuch in there?"
        },
        {
            "id": 26,
            "content": "Faust’s secretive attitude was enough to rouse his curiosity…"
        },
        {
            "id": 27,
            "model": "파우스트",
            "content": "Heathcliff. Do not do it. You will regret your action."
        },
        {
            "id": 28,
            "model": "히스클리프",
            "content": "…Got well emotional and gobby, eh, Ms. Cleveress?"
        },
        {
            "id": 29,
            "model": "히스클리프",
            "content": "It’s like… you’re actually hiding something there!"
        },
        {
            "id": 30,
            "content": "He sprinted into the dark before we could stop him."
        },
        {
            "id": 31,
            "model": "파우스트",
            "content": "…!"
        },
        {
            "id": 32,
            "model": "단테",
            "content": "<What’s in there—>"
        },
        {
            "id": 33,
            "content": "Just as I was about to ask Faust an obvious thing to be concerned over…"
        },
        {
            "id": 34,
            "model": "히스클리프",
            "content": "GAAAAAAARGH?!!"
        },
        {
            "id": 35,
            "content": "Heathcliff’s sharp scream echoed from the unlit area far into the corridor."
        },
        {
            "id": 36,
            "model": "파우스트",
            "content": "Dante, now is the time to take my left hand and run with me."
        },
        {
            "id": 37,
            "model": "단테",
            "content": "<Wha, huh?>"
        },
        {
            "id": 38,
            "model": "파우스트",
            "content": "I won’t be able to get him out in time on my own. I may be engulfed myself if I don’t act quickly."
        },
        {
            "id": 39,
            "content": "Before I could process what she meant, Faust ran off in the direction Heathcliff disappeared."
        },
        {
            "id": 40,
            "model": "단테",
            "content": "<Ah… Shuckaroonies! W—Wait for me!>"
        },
        {
            "id": 41,
            "content": "As we crossed the line and proceeded deeper into the corridor, we came across a three-way crossroads."
        },
        {
            "id": 42,
            "model": "단테",
            "content": "<I think I heard screams coming from the middle…>"
        },
        {
            "id": 43,
            "content": "However, without a moment’s hesitation, Faust darted for the left aisle."
        },
        {
            "id": 44,
            "model": "단테",
            "content": "<F—Faust! I know you’re in a hurry, but… are you sure this is the right way? I could’ve sworn I heard his voice coming from the center path…>"
        },
        {
            "id": 45,
            "model": "파우스트",
            "content": "I know."
        },
        {
            "id": 46,
            "content": "Without elaborating further, Faust continued running."
        },
        {
            "id": 47,
            "content": "At another fork we encountered, Faust chose the right path."
        },
        {
            "id": 48,
            "content": "Right afterward, she entered the fifth door on the left side of that hallway."
        },
        {
            "id": 49,
            "model": "단테",
            "content": "<What… is this?>"
        },
        {
            "id": 50,
            "content": "Right as I entered, another hall came into view."
        },
        {
            "id": 51,
            "content": "Its end… was like a cliff."
        },
        {
            "id": 52,
            "content": "To be more precise, I felt some kind of gravitational pull trying to get me to fall to the end of the hallway."
        },
        {
            "id": 53,
            "model": "단테",
            "content": "<Heathcliff!!>"
        },
        {
            "id": 54,
            "content": "Then I saw him; he crawled toward us with all his might from the middle of the hall."
        },
        {
            "id": 55,
            "content": "As if he might fall the moment he lets go…"
        },
        {
            "id": 56,
            "model": "히스클리프",
            "content": "What… the hell is all this… and this place…!"
        },
        {
            "id": 57,
            "content": "Even though I couldn’t see much in the dark behind him, I definitely felt some presence in it."
        },
        {
            "id": 58,
            "model": "단테",
            "content": "<Faust, what’s over—>"
        },
        {
            "id": 59,
            "model": "파우스트",
            "content": "Dante, I want you to hold the knob of this open door tightly. Firmly grip my hand as well."
        },
        {
            "id": 60,
            "content": "Holding my hand securely, she gradually approaches Heathcliff."
        },
        {
            "id": 61,
            "model": "단테",
            "content": "<This hallway… isn’t tilted or anything, is it? Why does it feel like we’re hanging off a cliff?>"
        },
        {
            "id": 62,
            "model": "파우스트",
            "content": "That… is because we’re in a ‘corridor’, obviously. Dante, do not let go."
        },
        {
            "id": 63,
            "content": "Reminding me to hold fast, Faust extended her other arm while holding her zweihander."
        },
        {
            "id": 64,
            "model": "파우스트",
            "content": "Heathcliff, grab this if you would."
        },
        {
            "id": 65,
            "model": "히스클리프",
            "content": "Are you mental?! My hand’ll get gashed if I try grabbing that giant blade!"
        },
        {
            "id": 66,
            "model": "파우스트",
            "content": "…You’ll much prefer deep wounds on your palms to what you can suffer down there."
        },
        {
            "id": 67,
            "content": "Baffled, Heathcliff looked at the sword and then the darkness behind him…"
        },
        {
            "id": 68,
            "model": "히스클리프",
            "content": "Bugger… Kgh, gaaahg…!"
        },
        {
            "id": 69,
            "model": "파우스트",
            "content": "Dante, pull him up. Might and main."
        },
        {
            "id": 70,
            "model": "단테",
            "content": "<…G—Got it!>"
        },
        {
            "id": 71,
            "model": "히스클리프",
            "content": "Grrgh, knngh…"
        },
        {
            "id": 72,
            "model": "단테",
            "content": "<Huff, hoogh…>"
        },
        {
            "id": 73,
            "content": "Right as we pulled Heathcliff up…"
        },
        {
            "id": 74,
            "content": "No, I’m not sure if it’s even right to say that we pulled him “up”, but nevertheless… Faust hoisted his unconscious body by the legs and started rushing, saying that we need to return the way we came."
        },
        {
            "id": 75,
            "content": "Following her lead, I supported his arms and trailed behind, keeping his head from dragging along the floor."
        },
        {
            "id": 76,
            "content": "After burning some time…"
        },
        {
            "id": 77,
            "model": "파우스트",
            "content": "…Phew. Let us say that it is fortunate he wasn’t lost in a deeper area."
        },
        {
            "id": 78,
            "model": "파우스트",
            "content": "Dante, you will have to turn the clock."
        },
        {
            "id": 79,
            "model": "단테",
            "content": "<Heathcliff’s… gonna be okay, right?>"
        },
        {
            "id": 80,
            "model": "파우스트",
            "content": "The psychological damage is likely to be severe. Our work will be encumbered if he loses his mind."
        },
        {
            "id": 81,
            "model": "단테",
            "content": "<Sigh…>"
        },
        {
            "id": 82,
            "content": "I didn’t have a choice."
        },
        {
            "id": 83,
            "content": "　"
        },
        {
            "id": 84,
            "model": "파우스트",
            "content": "Good work back there, Dante. While it is unfortunate that we have lost a portion of our limited break time to this…"
        },
        {
            "id": 85,
            "model": "단테",
            "content": "<Faust. Just what’s in there? Where does it lead?>"
        },
        {
            "id": 86,
            "model": "단테",
            "content": "<Can’t you tell me at this point? I’ve… seen that stuff now.>"
        },
        {
            "id": 87,
            "content": "It was only natural that I want to know. What resides there, and what was chasing Heathcliff?"
        },
        {
            "id": 88,
            "content": "Moreover…"
        },
        {
            "id": 89,
            "content": "Why did it never show itself to us, and why did it vanish instead of chasing him any further?"
        },
        {
            "id": 90,
            "content": "These questions were driving me crazy, but alas…"
        },
        {
            "id": 91,
            "model": "파우스트",
            "content": "……"
        },
        {
            "id": 92,
            "model": "파우스트",
            "content": "As stated earlier, there are limits to what Faust can elaborate."
        },
        {
            "id": 93,
            "content": "…Yep, I honestly didn’t expect much."
        },
        {
            "id": 94,
            "model": "료슈",
            "content": "The corridor, you I.F."
        },
        {
            "id": 95,
            "content": "Ryōshū muttered with a cigarette in her mouth, walking past us both. She must’ve left her room while we were out on our rescue mission."
        },
        {
            "id": 96,
            "model": "파우스트",
            "content": "However…"
        },
        {
            "id": 97,
            "content": "Faust proceeded as if not a soul had just walked by, as if nothing was just said."
        },
        {
            "id": 98,
            "model": "단테",
            "content": "<Huh?>"
        },
        {
            "id": 99,
            "model": "파우스트",
            "content": "You did prevent a sudden vacancy in the bus department."
        },
        {
            "id": 100,
            "model": "파우스트",
            "content": "Though I wouldn’t exactly call it a reward, I do suppose it isn’t a bad idea to inform you of one thing."
        },
        {
            "id": 101,
            "model": "단테",
            "content": "<Ooh… L-Lemme hear it!>"
        },
        {
            "id": 102,
            "content": "The unexpected boon had me rubbing my hands together. Right, what will she tell me now…"
        },
        {
            "id": 103,
            "model": "파우스트",
            "content": "…Dante, when you traverse a road you have never walked before, what do you do?"
        },
        {
            "id": 104,
            "model": "단테",
            "content": "<Hmm? I mean… You use a map, obviously?>"
        },
        {
            "id": 105,
            "model": "파우스트",
            "content": "That’s right. Then, even if you don’t have a map, your brain will form images to serve as one."
        },
        {
            "id": 106,
            "model": "파우스트",
            "content": "From there, on that map… there will be a starting point and a destination clearly marked. When you return from your trip, you will trace back through that way."
        },
        {
            "id": 107,
            "content": "It’s so obvious, I don’t need to verbally answer. I just nodded along."
        },
        {
            "id": 108,
            "model": "파우스트",
            "content": "…Hopefully that makes it clear enough."
        },
        {
            "id": 109,
            "model": "단테",
            "content": "<Huh?>"
        },
        {
            "id": 110,
            "model": "파우스트",
            "content": "This is why you should remember where you’ve started in the corridor, especially when you open a door."
        },
        {
            "id": 111,
            "content": "Flabbergasted by the abrupt end, I blurted."
        },
        {
            "id": 112,
            "model": "파우스트",
            "content": "Now then, Faust has grown tired. Do take care…"
        },
        {
            "id": 113,
            "content": "She walked through the door before I could say something, leaving me with a riddle."
        },
        {
            "id": 114,
            "model": "단테",
            "content": "<Of course it would go like this…>"
        },
        {
            "id": 115,
            "content": "I sighed out of frustration, but not a breath of air is expelled from my pitiful clock."
        },
        {
            "id": 116,
            "content": "Still, left powerless…"
        },
        {
            "id": 117,
            "content": "All I can do is boot up this electronic notebook and piece together what little information I have collected."
        }
    ]
}