{
    "dataList": [
        {
            "id": 0,
            "content": "According to Vergilius..."
        },
        {
            "id": 1,
            "content": "The people at the boatworks have been saving up for a trip back to V Corp's Backstreets where their Fixer Office used to be."
        },
        {
            "id": 2,
            "content": "After experiencing a WARP train malfunction, they apparently decided they'd rather take the car."
        },
        {
            "id": 3,
            "content": "...I considered telling them the truth I learned from a number of Identities, but I figured ignorance is bliss and kept my figurative mouth shut."
        },
        {
            "id": 4,
            "content": "...Maybe I feared that the things I said could bring bad results again."
        },
        {
            "id": 5,
            "content": "Like how Ishmael has fallen out with me."
        },
        {
            "id": 6,
            "place": "Molar Boatworks Entrance",
            "model": "미카",
            "teller": "Mika",
            "title": "Molar Boatworks",
            "content": "C'mon... Get working..."
        },
        {
            "id": 7,
            "model": "올가",
            "teller": "Olga",
            "title": "Molar Boatworks",
            "content": "Ohh, we've got 'em now!"
        },
        {
            "id": 8,
            "model": "미카",
            "teller": "Mika",
            "title": "Molar Boatworks",
            "content": "Phew... Looks like our job's done."
        },
        {
            "id": 9,
            "model": "레인",
            "teller": "Rain",
            "title": "Molar Boatworks",
            "content": "And... lucky you, the tide is in. You should be able to set off now."
        },
        {
            "id": 10,
            "model": "미카",
            "teller": "Mika",
            "title": "Molar Boatworks",
            "content": "Now, then... Switch to boat mode!"
        },
        {
            "id": 11,
            "model": "돈키호테",
            "content": "Oooh?! It transforms thusly, then!"
        },
        {
            "id": 12,
            "model": "미카",
            "teller": "Mika",
            "title": "Molar Boatworks",
            "content": "I've got to say, I have great admiration for whoever designed this vehicle. I heard stories of it, but to see it in motion firsthand..."
        },
        {
            "id": 13,
            "model": "미카",
            "teller": "Mika",
            "title": "Molar Boatworks",
            "content": "If you tried, it could most certainly change into other forms, as long as the core is intact."
        },
        {
            "id": 14,
            "model": "미카",
            "teller": "Mika",
            "title": "Molar Boatworks",
            "content": "How can such a core be real? I'm just... amazed, for lack of a better term."
        },
        {
            "id": 15,
            "model": "파우스트",
            "content": "Indeed, Faust is amazing."
        },
        {
            "id": 16,
            "model": "레인",
            "teller": "Rain",
            "title": "Molar Boatworks",
            "content": "Alright, now... Get in your vehicle. You can switch the mode again once you're in the water."
        },
        {
            "id": 17,
            "place": "The Great Lake",
            "content": "Aboard the now boat-shaped Mephistopheles, we forged ahead, into the ever-rising waters."
        },
        {
            "id": 18,
            "content": "My relationship with Ishmael was still precarious, which was something I still wasn't sure what to do about..."
        },
        {
            "id": 19,
            "content": "But since some of the Sinners were also trying to be supportive towards Ishmael, I decided that it would be best if I tried to come up with a solution in the meantime."
        },
        {
            "id": 20,
            "content": "Maybe I'll find out more the further we get from the shores of the Great Lake."
        },
        {
            "id": 21,
            "place": "Molar Boatworks Bay",
            "model": "레인",
            "teller": "Rain",
            "title": "Molar Boatworks",
            "content": "Mm. It's sailing, all right."
        },
        {
            "id": 22,
            "model": "올가",
            "teller": "Olga",
            "title": "Molar Boatworks",
            "content": "Does that mean we can get paid and go out for a meal now?"
        },
        {
            "id": 23,
            "model": "레인",
            "teller": "Rain",
            "title": "Molar Boatworks",
            "content": "We actually got our money a minute ago. As soon as we fulfilled our end of the contract, a delivery Fixer from the Devyat Association came by and paid us the remainder."
        },
        {
            "id": 24,
            "model": "올가",
            "teller": "Olga",
            "title": "Molar Boatworks",
            "content": "Oho~ Our contractor turned out to be a pretty big deal, huh?"
        },
        {
            "id": 25,
            "model": "올가",
            "teller": "Olga",
            "title": "Molar Boatworks",
            "content": "Hot damn, now that's a catch! How about we take a break from trash crabs and splurge for some pork? Pork belly barbecue!"
        },
        {
            "id": 26,
            "model": "레인",
            "teller": "Rain",
            "title": "Molar Boatworks",
            "content": "Sounds good, Big Sis."
        },
        {
            "id": 27,
            "model": "올가",
            "teller": "Olga",
            "title": "Molar Boatworks",
            "content": "Hahaha! ...By the way, Mika?"
        },
        {
            "id": 28,
            "model": "미카",
            "teller": "Mika",
            "title": "Molar Boatworks",
            "content": "Yes?"
        },
        {
            "id": 29,
            "model": "올가",
            "teller": "Olga",
            "title": "Molar Boatworks",
            "content": "When did we add a submersible mode to the modifications?"
        },
        {
            "id": 30,
            "model": "미카",
            "teller": "Mika",
            "title": "Molar Boatworks",
            "content": "We... didn't?"
        },
        {
            "id": 31,
            "model": "레인",
            "teller": "Rain",
            "title": "Molar Boatworks",
            "content": "The ship looks like it's listing..."
        },
        {
            "id": 32,
            "model": "히스클리프",
            "content": "Oi! Get the water out, quick!"
        },
        {
            "id": 33,
            "model": "싱클레어",
            "content": "Buckets! Where are the buckets?!"
        },
        {
            "id": 34,
            "model": "이상",
            "content": "I have found a hole! This must be..."
        },
        {
            "id": 35,
            "model": "료슈",
            "content": "T. D."
        },
        {
            "id": 36,
            "model": "카론",
            "content": "We're off, glub glub."
        },
        {
            "id": 37,
            "model": "이스마엘",
            "content": "Sigh..."
        },
        {
            "id": 38,
            "model": "레인",
            "teller": "Rain",
            "title": "Molar Boatworks",
            "content": "...I'll get the lifeboat."
        },
        {
            "id": 39,
            "model": "미카",
            "teller": "Mika",
            "title": "Molar Boatworks",
            "content": "Guess we should also prepare to pony up penalty fees..."
        },
        {
            "id": 40,
            "model": "올가",
            "teller": "Olga",
            "title": "Molar Boatworks",
            "content": "Haha... We're so screwed."
        },
        {
            "id": 41
        },
        {
            "id": 42
        },
        {
            "id": 43,
            "content": "...With our frantic attempts to drain the bus, and Charon's skillful rowing..."
        },
        {
            "id": 44,
            "content": "We managed to get back to the boatworks and have the bus repaired..."
        },
        {
            "id": 45,
            "content": "With that, our voyage on the Great Lake began somehow in earnest..."
        }
    ]
}