{
  "dataList": [
    {
      "id": 0,
      "place": "Lobotomy Corp. Branch, Past?",
      "model": "검열된직원",
      "content": "……."
    },
    {
      "id": 1,
      "model": "단테",
      "content": "<What’s going on with them…?>"
    },
    {
      "id": 3,
      "model": "뒤틀린호엔하임",
      "content": "<color=#ffffa1>Good. It appears that I can censor these with my own will, at least to a degree.</color>"
    },
    {
      "id": 4,
      "model": "뒤틀린호엔하임",
      "content": "<color=#ffffa1>Your mission here is to classify my Distortion, reach the end of this Dungeon of the Fathoms, and bring me back.</color>"
    },
    {
      "id": 5,
      "model": "뒤틀린호엔하임",
      "content": "<color=#ffffa1>Your mission, however, does <i>not</i> involve digging into my past.</color>"
    },
    {
      "id": 7,
      "model": "그레고르",
      "content": "This is…?"
    },
    {
      "id": 8,
      "model": "이상",
      "content": "It appears that we… have a passing familiarity with this place…"
    },
    {
      "id": 9,
      "model": "검열된직원",
      "content": "You… us…"
    },
    {
      "id": 10,
      "model": "이상",
      "content": "What is it that they seek to convey?"
    },
    {
      "id": 11,
      "model": "뒤틀린호엔하임",
      "content": "<color=#ffffa1>I don’t believe any level of proper communication will be feasible, given that you are in a Dungeon of the Fathoms.</color>"
    },
    {
      "id": 12,
      "model": "후디히스",
      "content": "Well, then do somethin’ about it!"
    },
    {
      "id": 13,
      "model": "뒤틀린호엔하임",
      "content": "<color=#ffffa1>I regret to tell you that the setting of this Dungeon is out of my hands. Had it been up to me, I would have manifested a place that was much more fascinating than this. Like that Library, fabled to have every book in existence…</color>"
    },
    {
      "id": 14,
      "model": "이스마엘",
      "content": "You… used to work for the Lobotomy Corporation…?"
    },
    {
      "id": 15,
      "model": "뒤틀린호엔하임",
      "content": "<color=#ffffa1>One of my past careers, yes.</color>"
    },
    {
      "id": 16,
      "model": "검열된직원",
      "content": "… Us… us…"
    },
    {
      "id": 17,
      "content": "Diplomacy did not seem to be an option here—the censored people brandished their weapons threateningly and stood in our path."
    },
    {
      "id": 18,
      "content": "Looks like... we're going to have to take them down if we want to make any progress here."
    },
    {
      "id": 19,
      "model": "단테",
      "content": "<It can't be helped. Let's get ready for a fight...>"
    }
  ]
}