{
  "dataList": [
    {
      "id": 0,
      "place": "Backstreets of District 8, Kezhan Ruins",
      "model": "단테",
      "content": "<Was that... the last of them...?>"
    },
    {
      "id": 1,
      "model": "오티스다침",
      "content": "Current time is 0424 hours... about ten minutes until the Night in the Backstreets ends. But... we can relax now, given that we survived the third wave."
    },
    {
      "id": 2,
      "model": "파우스트다침",
      "content": "The buildings are also no longer shifting. Stability has been restored."
    },
    {
      "id": 3,
      "model": "오티스다침",
      "content": "We... did it, Executive Manager."
    },
    {
      "id": 4,
      "model": "히스클리프다침2",
      "content": "B-bloody hell, finally..."
    },
    {
      "id": 5,
      "content": "The Sinners all collapse to the ground from exhaustion."
    },
    {
      "id": 6,
      "content": "... There was a kezhan here, but it's gone now. Despite the fact that we haven't moved at all from our initial positions, there wasn't even a trace of it having been here."
    },
    {
      "id": 7,
      "content": "We realized that we'd been relocated on top of a roof, as though we had all just awakened from the dream of sleeping in a building that never even existed."
    },
    {
      "id": 8,
      "model": "그레고르다침",
      "content": "That... that was one helluva battle, man... I thought I was done for. Haaah, this is killing me..."
    },
    {
      "id": 9,
      "model": "히스클리프다침2",
      "content": "I don't know if we could've survived that if that hair-obsessed loon wasn't here to draw some of 'em away... Hah, I guess we've got something to thank him for."
    },
    {
      "id": 10,
      "model": "료슈다침",
      "content": "... Hmph. So that's all they've got in a head-on battle."
    },
    {
      "id": 11,
      "model": "돈키호테다침",
      "content": "... Art thou acquainted with these foes, young Ryōshū?"
    },
    {
      "id": 12,
      "model": "료슈다침",
      "content": "O.F.C. I've heard of them."
    },
    {
      "id": 13,
      "model": "돈키호테다침",
      "content": "Their scent of blood, 'twas..."
    },
    {
      "id": 14,
      "model": "돈키호테다침",
      "content": "'Twas faint, but... It cannot be. No."
    },
    {
      "id": 15,
      "model": "돈키호테다침",
      "content": "'Twould be best to not linger overlong on this thought..."
    },
    {
      "id": 16,
      "model": "료슈다침",
      "content": "Why not? Dig deeper."
    },
    {
      "id": 17,
      "model": "료슈다침",
      "content": "Letting ephemeral inspiration slip through your fingers is the death of creativity."
    },
    {
      "id": 18,
      "model": "돈키호테다침",
      "content": "I said I won't linger on it."
    },
    {
      "id": 19,
      "model": "돈키호테다침",
      "content": "... Don't rush me."
    },
    {
      "id": 20,
      "model": "료슈다침",
      "content": "Hmph, whatever."
    },
    {
      "id": 21,
      "model": "료슈다침",
      "content": "How uninspiring."
    },
    {
      "id": 22,
      "model": "단테",
      "content": "<... Guys, now's not the time to bicker.>"
    },
    {
      "id": 23,
      "content": "Ryōshū and Don Quixote's words were indeed unnerving, but we'd have plenty of time to discuss that once we returned to the bus."
    },
    {
      "id": 24,
      "content": "... If we can return in one piece."
    },
    {
      "id": 25,
      "model": "단테",
      "content": "<Shi Yihua...>"
    },
    {
      "id": 26,
      "model": "사이화",
      "title": "Shi Family",
      "content": "I'll be frank. That was impressive."
    },
    {
      "id": 27,
      "model": "사이화",
      "title": "Shi Family",
      "content": "I thought for sure you'd have been long <i>swept </i>away by now."
    },
    {
      "id": 28,
      "content": "Shi Yihua must've been waiting somewhere nearby to watch us die, because it did not take long for him to reappear before us."
    },
    {
      "id": 29,
      "content": "Perhaps they agreed upon a new deal while we were fending off the waves of Sweepers... the 'Mao' branch and Zilu were both approaching us in an intimidating gait that contrasted with their earlier passivity."
    },
    {
      "id": 30,
      "model": "오티스다침",
      "content": "Dammit..."
    },
    {
      "id": 31,
      "model": "오티스다침",
      "content": "Executive Manager, we've had too many high-risk, high-fatigue battles in succession."
    },
    {
      "id": 32,
      "model": "오티스다침",
      "content": "I hate to offer such disloyal advice… but it may be wise to avoid this battle at all costs."
    },
    {
      "id": 33,
      "model": "히스클리프다침2",
      "content": "That... don't seem like... an option to me..."
    },
    {
      "id": 34,
      "content": "I look around."
    },
    {
      "id": 35,
      "content": "Most of the Sinners were either dead, trampled and chopped to small, unrecognizable pieces... They were barely holding on at best."
    },
    {
      "id": 36,
      "content": "I can bring them back. I always do."
    },
    {
      "id": 37,
      "content": "But when they've completely surrounded us... I don't know if I can bring them back in time to protect me. They might just cut the Sinners down as soon as they get back up."
    },
    {
      "id": 38,
      "model": "사이화",
      "title": "Shi Family",
      "content": "Wellll~ this was well within my predictions."
    },
    {
      "id": 39,
      "model": "사이화",
      "title": "Shi Family",
      "content": "I can simply finish off anyone that hasn't been <i>swept</i> away!"
    },
    {
      "id": 40,
      "model": "사이화",
      "title": "Shi Family",
      "content": "Now, a stage is set for my ascension. For the next ten minutes, no sweepers, let alone anyone, is coming here. You know why? Because who in their right mind would leave their homes when the Night in the Backstreets is still ongoing!"
    },
    {
      "id": 41,
      "model": "사이화",
      "title": "Shi Family",
      "content": "And looks like even that annoying idiot from the Middle's been taken care of, too... somehow. Bahahaha!"
    },
    {
      "id": 42,
      "model": "오티스다침",
      "content": "You... how much of this was your plan?"
    },
    {
      "id": 43,
      "model": "사이화",
      "title": "Shi Family",
      "content": "How much, you ask? The whole thing, of course! All the way back to that construction site that blocked your path!"
    },
    {
      "id": 44,
      "model": "사이화",
      "title": "Shi Family",
      "content": "The one who deceived that unscrupulous fool of your company? It was me! The one who put the pitiful Qingtao, who doesn't even have a family name, with you? It was me! The one who contracted the Tri-axe Office to challenge you for a duel? It was me!"
    },
    {
      "id": 45,
      "model": "사이화",
      "title": "Shi Family",
      "content": "And guess who it was that relayed your real-time location to all kinds of forces in the District... yes. It was me."
    },
    {
      "id": 46,
      "model": "사이화",
      "title": "Shi Family",
      "content": "And this trashy lodging without a residential permit? Hahahaha! All devised by none other than yours truly, using Q Corp.'s technology!"
    },
    {
      "id": 47,
      "model": "단테",
      "content": "<... I see.>"
    },
    {
      "id": 48,
      "model": "가시춘",
      "title": "Jia Family",
      "content": "……."
    },
    {
      "id": 49,
      "model": "사이화",
      "title": "Shi Family",
      "content": "Ahaha! Ohh, it's so good. It was so good, wasn't it? What a perfect strategy."
    },
    {
      "id": 50,
      "model": "사이화",
      "title": "Shi Family",
      "content": "What did you think, aren't I great? Aren't I so utterly clever?"
    },
    {
      "id": 51,
      "model": "사이화",
      "title": "Shi Family",
      "content": "This is exactly why I deserve to be the next Family Hiera—"
    },
    {
      "id": 52,
      "model": "가치우",
      "teller": "???",
      "title": "???",
      "content": "A folly, to speak those words."
    },
    {
      "id": 53,
      "content": "An unfamiliar voice echoed from the dark."
    },
    {
      "id": 54,
      "content": "There was neither animosity nor hospitality—only utter serenity, and nothing else."
    },
    {
      "id": 55,
      "content": "The speaker approached us, walking under the narrow ray of moonlight that shone between the shifted buildings."
    },
    {
      "id": 56,
      "content": "In his hand was a decapitated head illuminated by the pale light."
    },
    {
      "id": 57,
      "content": "Blood dribbles from the severed neck, and the wide-open eyes remain frozen in its final moments—filled with utter terror."
    },
    {
      "id": 58,
      "content": "He walks toward us, in step with the drip, drip of the blood."
    },
    {
      "id": 59,
      "model": "가시춘",
      "title": "Jia Family",
      "content": "... It can't be. Jia... Qiu?"
    },
    {
      "id": 60,
      "model": "가시춘",
      "title": "Jia Family",
      "content": "I... I knew Yihua was working for someone. It was him..."
    },
    {
      "id": 61,
      "model": "사이화",
      "title": "Shi Family",
      "content": "W-why do you have Qingtao's head...?"
    },
    {
      "id": 62,
      "model": "가치우",
      "teller": "Jia Qiu",
      "title": "Jia Family",
      "content": "... I have brought back the wayward pet to his master; that it may once again be leashed."
    },
    {
      "id": 63,
      "model": "자공",
      "teller": "???",
      "title": "???",
      "content": "There is a serpent, my lord."
    },
    {
      "id": 64,
      "model": "가치우",
      "teller": "Jia Qiu",
      "title": "Jia Family",
      "content": "Leave it. We needn't shoo it away."
    },
    {
      "id": 65,
      "model": "사이화",
      "title": "Shi Family",
      "content": "W-wha..."
    },
    {
      "id": 66,
      "model": "자공",
      "teller": "???",
      "title": "???",
      "content": "You were loaned the Heishou Pack so that you may simply get in their way, no more..."
    },
    {
      "id": 67,
      "model": "자공",
      "teller": "???",
      "title": "???",
      "content": "Hmm, I see. Was there a sudden change of heart, once you held the leash in your hands? That to return to the Shi family's side would be to your benefit?"
    },
    {
      "id": 68,
      "model": "사이화",
      "title": "Shi Family",
      "content": "N-no... you... you knew everything all along?"
    },
    {
      "id": 69,
      "model": "자공",
      "teller": "???",
      "title": "???",
      "content": "What, I must ask, is 'everything' to you?"
    },
    {
      "id": 70,
      "model": "자공",
      "teller": "???",
      "title": "???",
      "content": "Your vision is too limited for my lord's wisdom to comprehend; the wise fails to peer through the narrow-sighted eyes of the fool."
    },
    {
      "id": 71,
      "model": "자공",
      "teller": "???",
      "title": "???",
      "content": "But... if by 'everything' you refer to how you feigned abandonment from the Shi family to secure my lord's trust..."
    },
    {
      "id": 72,
      "model": "자공",
      "teller": "???",
      "title": "???",
      "content": "... indeed, it could be said that we <i>do</i> know everything."
    },
    {
      "id": 73,
      "model": "사이화",
      "title": "Shi Family",
      "content": "... Heeugh...!"
    },
    {
      "id": 74,
      "model": "사이화",
      "title": "Shi Family",
      "content": "D-don't kill me. Please, please don't kill me...!"
    },
    {
      "id": 75,
      "model": "사이화",
      "title": "Shi Family",
      "content": "I-I will share with you my most guarded secrets. At the S-Shi family, it, uh—"
    },
    {
      "id": 76,
      "model": "사이화",
      "title": "Shi Family",
      "content": "... Right! The Ten Blades of the East! Yes, the Thum—"
    },
    {
      "id": 77,
      "content": "But Shi Yihua could speak no more."
    },
    {
      "id": 78,
      "content": "For a serpentine blade struck from the umbra and separated his head from his torso with ease."
    },
    {
      "id": 79,
      "model": "가치우",
      "teller": "Jia Qiu",
      "title": "Jia Family",
      "content": "... Little Yihua, have I not warned you time and again to guard your tongue against the creeping desperation?"
    },
    {
      "id": 80,
      "model": "자공",
      "teller": "???",
      "title": "???",
      "content": "I believe that we have gathered the intelligence we had hoped to collect, my lord."
    },
    {
      "id": 81,
      "model": "가치우",
      "teller": "Jia Qiu",
      "title": "Jia Family",
      "content": "You needn't pursue the serpent, Zilu."
    },
    {
      "id": 82,
      "model": "자로",
      "teller": "Zilu",
      "title": "Heishou Pack - Mao Branch",
      "content": "……."
    },
    {
      "id": 83,
      "content": "His voice boomed as he commanded those who appeared to be his officers. The tall, built man took a ponderous step from the shadows and stood before us."
    },
    {
      "id": 84,
      "content": "With an enigmatic expression, he wordlessly looked at Yihua’s decapitated head, now lying on the ground—then at us."
    },
    {
      "id": 85,
      "content": "... It was as though he was gazing upon the clouds or blades of grass."
    },
    {
      "id": 86,
      "model": "가치우",
      "teller": "Jia Qiu",
      "title": "Jia Family",
      "content": "I shall take them with me."
    },
    {
      "id": 87,
      "content": "He picked up Yihua's decapitated head before gesturing at his officer with a nod."
    },
    {
      "id": 88,
      "model": "자공",
      "teller": "???",
      "title": "???",
      "content": "Ah, here it is, my lord. Wrap their heads with stasis wraps, and decomposition won’t set in anytime soon."
    },
    {
      "id": 89,
      "content": "And with those bandages, he begins to wrap them up in a practiced motion."
    },
    {
      "id": 90,
      "content": "... He does not pay us any heed, as though we weren't even worth the attention."
    },
    {
      "id": 91,
      "model": "가치우",
      "teller": "Jia Qiu",
      "title": "Jia Family",
      "content": "Return to me once you are finished here."
    },
    {
      "id": 92,
      "model": "자로",
      "teller": "Zilu",
      "title": "Heishou Pack - Mao Branch",
      "content": "Yes, my lord."
    },
    {
      "id": 93,
      "model": "가시춘",
      "title": "Jia Family",
      "content": "H-hold on. You, you can't just show up out of nowhere and—"
    },
    {
      "id": 94,
      "model": "가치우",
      "teller": "Jia Qiu",
      "title": "Jia Family",
      "content": "……."
    },
    {
      "id": 95,
      "content": "He did not reply, his eyes gazing, yet reflecting nothing but hollow emptiness."
    },
    {
      "id": 96,
      "content": "And just as he had emerged from the darkness, he vanished into the shadows, carrying two decapitated heads."
    }
  ]
}