{
    "dataList": [
        {
            "id": 1,
            "place": "Gift Assembly",
            "model": "산타타",
            "content": "Humans... I'll separate the flesh from your bones...!"
        },
        {
            "id": 2,
            "content": "Santata's gut suddenly began to expand."
        },
        {
            "id": 3,
            "teller": "???",
            "title": "???",
            "content": "All of you! Hold your breaths!"
        },
        {
            "id": 4,
            "content": "Suddenly, a large figure leaped out of the dark and slammed what looked like a stake into Santata's gut."
        },
        {
            "id": 5,
            "model": "돈키호테",
            "content": "Woaah?! 'T-tis a smell most foul...!"
        },
        {
            "id": 6,
            "model": "싱클레어",
            "content": "I-I think I'm about to pass out..."
        },
        {
            "id": 7,
            "model": "이상",
            "content": "A scent of potently fetid refuse lingers..."
        },
        {
            "id": 8,
            "content": "Some Sinners drop to the floor, while the others gag profusely. Clearly, this was a rather painful experience for all."
        },
        {
            "id": 9,
            "model": "파우스트",
            "content": "This gas does not appear to be toxic. However, its scent seems to evoke... a rather extreme level of discomfort."
        },
        {
            "id": 10,
            "model": "도미노",
            "teller": "???",
            "title": "???",
            "content": "So you've defeated a northern giant... yet you don't seem to know the proper procedure for what to do afterward. Are you Hunters from the City?"
        },
        {
            "id": 11,
            "model": "이스마엘",
            "content": "Proper procedure?"
        },
        {
            "id": 12,
            "model": "도미노",
            "teller": "???",
            "title": "???",
            "content": "Immediately before death, a northern giant's body fills with noxious gas before exploding in a rain of acid."
        },
        {
            "id": 13,
            "content": "The man who staked Santata's gut explained as he approached us."
        },
        {
            "id": 14,
            "model": "도미노",
            "teller": "???",
            "title": "???",
            "content": "You have to puncture a hole in its gut to let out the gas before its internal organs condense it into acidic fluid. Allowing it to cause a chain reaction could... complicate things."
        }
    ]
}