{
    "dataList": [
        {
            "id": 0,
            "place": "An Alleyway of T Corp.",
            "model": "T사대표",
            "teller": "Assistant",
            "title": "T Corp.",
            "content": "Well, then! The Yurodiviye’s swearing up and down that they’ve got nothing to do with the case, and the Time Ripper is still at large. What now, ace detectives?"
        },
        {
            "id": 1,
            "model": "탐정로쟈",
            "content": "But... we don't have any other leads. The one we talked to just left the hideout, so why don't we follow him?"
        },
        {
            "id": 2,
            "model": "단테",
            "content": "<... You want to tail that Yurodivy?>"
        },
        {
            "id": 3,
            "model": "T사대표",
            "teller": "Assistant",
            "title": "T Corp.",
            "content": "Well, looks like not arresting them may pay off after all! I think it's a fair suggestion."
        },
        {
            "id": 4,
            "model": "탐정료슈",
            "content": "Waste of time. We should torture them one by one until someone breaks."
        },
        {
            "id": 5,
            "model": "탐정홍루",
            "content": "According to page 155 of Lady Agatha's book, an ace detective must always remain vigilant and not shy away from stakeouts."
        },
        {
            "id": 6,
            "model": "단테",
            "content": "<You've already on page 155?>"
        },
        {
            "id": 7,
            "model": "탐정홍루",
            "content": "Don Quixote gave us this book so that we can all become ace detectives, fuhu. I've been reading it whenever I can."
        },
        {
            "id": 8,
            "model": "탐정로쟈",
            "content": "……."
        },
        {
            "id": 9,
            "model": "탐정로쟈",
            "content": "The Yurodiviye's petty time thievery won't change the world."
        },
        {
            "id": 10,
            "model": "탐정로쟈",
            "content": "Is that why you're letting them go? Because it doesn't matter?"
        },
        {
            "id": 11,
            "model": "T사대표",
            "teller": "Assistant",
            "title": "T Corp.",
            "content": "Huh? No, not at all. It's the opposite, in fact."
        },
        {
            "id": 12,
            "model": "T사대표",
            "teller": "Assistant",
            "title": "T Corp.",
            "content": "I want to see things... change."
        },
        {
            "id": 13,
            "model": "탐정로쟈",
            "content": "Change...?"
        },
        {
            "id": 14,
            "model": "T사대표",
            "teller": "Assistant",
            "title": "T Corp.",
            "content": "It is said that the Yurodiviye started from a small group of nobodies."
        },
        {
            "id": 15,
            "model": "T사대표",
            "teller": "Assistant",
            "title": "T Corp.",
            "content": "But they kept at it, slowly but surely... spreading through the City. I hear that they've been causing some real trouble in some Nests. That they find it difficult to get rid of them."
        },
        {
            "id": 16,
            "model": "T사대표",
            "teller": "Assistant",
            "title": "T Corp.",
            "content": "Do you know what people have been saying here at T Corp.? \"Running low on time, but burning full of frustration? Then come join the Yurodiviye\"."
        },
        {
            "id": 17,
            "model": "T사대표",
            "teller": "Assistant",
            "title": "T Corp.",
            "content": "Unlike most people, who accept injustices and move on, they don't. They refuse to turn a blind eye, confident and determined that they will one day bring real changes to the City."
        },
        {
            "id": 18,
            "model": "T사대표",
            "teller": "Assistant",
            "title": "T Corp.",
            "content": "It's only natural that I find them extremely fascinating. To witness... to what end do their desperate desires and aspirations lead?"
        },
        {
            "id": 19,
            "model": "탐정로쟈",
            "content": "……."
        },
        {
            "id": 20,
            "model": "탐정료슈",
            "content": "Nothing but impotent squirmings."
        },
        {
            "id": 21,
            "model": "탐정로쟈",
            "content": "Haah..."
        },
        {
            "id": 22,
            "model": "탐정로쟈",
            "content": "I'm sorry, do any of you even give a damn about solving the case?"
        },
        {
            "id": 23,
            "model": "탐정료슈",
            "content": "This case..."
        },
        {
            "id": 24,
            "model": "탐정료슈",
            "content": "... has a certain destructive aesthetic to it. I like it."
        },
        {
            "id": 25,
            "model": "탐정홍루",
            "content": "I'm following my family elders' words: to see and experience as much of the world as I can before I return. Because their words better be followed."
        },
        {
            "id": 26,
            "model": "탐정료슈",
            "content": "... Sounds excruciatingly bothersome."
        },
        {
            "id": 27,
            "model": "탐정료슈",
            "content": "So many things in this world presume that they deserve to call themselves 'family'."
        },
        {
            "id": 28,
            "model": "탐정홍루",
            "content": "Hehe, I've never heard you talk like that, Ryōshū."
        },
        {
            "id": 29,
            "model": "탐정로쟈",
            "content": "What will you ever accomplish..."
        },
        {
            "id": 30,
            "model": "탐정로쟈",
            "content": "... with such halfheartedness?"
        },
        {
            "id": 31,
            "model": "T사대표",
            "teller": "Assistant",
            "title": "T Corp.",
            "content": "Don't worry about it."
        },
        {
            "id": 32,
            "model": "T사대표",
            "teller": "Assistant",
            "title": "T Corp.",
            "content": "Most people live on with that very halfheartedness. It's been eons since I really desired something with all my heart, you know."
        },
        {
            "id": 33,
            "model": "탐정로쟈",
            "content": "No, I'm..."
        },
        {
            "id": 34,
            "model": "탐정로쟈",
            "content": "... I'm not 'most people'."
        },
        {
            "id": 35,
            "model": "탐정로쟈",
            "content": "I'm..."
        },
        {
            "id": 36,
            "content": "From the distance, loud, rapid footsteps broke through Rodya's quiet whispers."
        },
        {
            "id": 37,
            "model": "단테",
            "content": "<I knew it, the culprit was a Yurodivy...!>"
        },
        {
            "id": 38,
            "model": "유로지비대장",
            "content": "Gah!!"
        },
        {
            "id": 39,
            "model": "탐정료슈",
            "content": "... They're here. Won't give them the slip this time."
        },
        {
            "id": 40,
            "model": "탐정홍루",
            "content": "Okay, let's go! Maybe you'll catch them this time if you learn to breathe like Meursault, Ryōshū~"
        },
        {
            "id": 41,
            "model": "단테",
            "content": "<Rodya, let's—>"
        },
        {
            "id": 42,
            "content": "Rodya came to a sudden stop and looked at me."
        },
        {
            "id": 43,
            "content": "Staring at me from underneath the shadows cast over her eyes."
        },
        {
            "id": 44,
            "model": "탐정로쟈",
            "content": "Dante. Do you think it would've been any different if I..."
        },
        {
            "id": 45,
            "model": "탐정로쟈",
            "content": "... followed Sonya, back at the casino?"
        },
        {
            "id": 46,
            "model": "단테",
            "content": "<... Why do you ask?>"
        },
        {
            "id": 47,
            "model": "탐정로쟈",
            "content": "I mean, it's just..."
        },
        {
            "id": 48,
            "model": "탐정로쟈",
            "content": "Watching Sonya's goals actually start to take shape while I stagnated, unchanging, I'm... it's making me feel..."
        },
        {
            "id": 49,
            "content": "Rodya hesitated."
        },
        {
            "id": 50,
            "model": "탐정로쟈",
            "content": "Odd."
        },
        {
            "id": 51,
            "content": "An odd impression."
        }
    ]
}