{
    "dataList": [
        {
            "id": 0,
            "place": "Yong-jin Building 6F",
            "model": "앵두",
            "teller": "Aeng-du",
            "title": "Blade Lineage",
            "content": "Haah... now let us converse for a moment."
        },
        {
            "id": 1,
            "content": "Aeng-du seemed to have recovered somewhat as we fought. She bound Jun with a rope before throwing him to the ground."
        },
        {
            "id": 2,
            "model": "쥰",
            "teller": "Jun",
            "title": "Kurokumo Clan Captain",
            "content": "Agh..."
        },
        {
            "id": 3,
            "model": "앵두",
            "teller": "Aeng-du",
            "title": "Blade Lineage",
            "content": "I do not expect a mere Captain to know why your organization has put a bounty on our heads."
        },
        {
            "id": 4,
            "model": "앵두",
            "teller": "Aeng-du",
            "title": "Blade Lineage",
            "content": "But... I cannot quite place the reason you were standing guard before this room. It was as though you were protecting our mentor from us, of all people."
        },
        {
            "id": 5,
            "model": "앵두",
            "teller": "Aeng-du",
            "title": "Blade Lineage",
            "content": "Wait, it wasn't just you, was it? Every Kurokumo Clan filth we killed on our way up to this floor stood in our path like they were protecting something with their lives."
        },
        {
            "id": 6,
            "model": "쥰",
            "teller": "Jun",
            "title": "Kurokumo Clan Captain",
            "content": "Fine. Here's the truth, then."
        },
        {
            "id": 7,
            "model": "쥰",
            "teller": "Jun",
            "title": "Kurokumo Clan Captain",
            "content": "... We're the victims here."
        },
        {
            "id": 8,
            "model": "앵두",
            "teller": "Aeng-du",
            "title": "Blade Lineage",
            "content": "...? Whatever do you mean?"
        },
        {
            "id": 9,
            "model": "쥰",
            "teller": "Jun",
            "title": "Kurokumo Clan Captain",
            "content": "You guys really have a way of pushing my buttons, huh..."
        },
        {
            "id": 10,
            "model": "쥰",
            "teller": "Jun",
            "title": "Kurokumo Clan Captain",
            "content": "Haah... we weren't part of the party pursuing you or cutting you down. That was none of my business."
        },
        {
            "id": 11,
            "model": "쥰",
            "teller": "Jun",
            "title": "Kurokumo Clan Captain",
            "content": "You're just one of many, many Syndicates or organizations that were unlucky enough to be on the Thumb's shit list. Our run-in was just a coincidence."
        },
        {
            "id": 12,
            "model": "쥰",
            "teller": "Jun",
            "title": "Kurokumo Clan Captain",
            "content": "We were ordered by the Thumb to stand guard next to a black stele here, that's all."
        },
        {
            "id": 13,
            "model": "쥰",
            "teller": "Jun",
            "title": "Kurokumo Clan Captain",
            "content": "Everyone was on edge because we were supposed to transport it elsewhere pretty soon..."
        },
        {
            "id": 14,
            "model": "쥰",
            "teller": "Jun",
            "title": "Kurokumo Clan Captain",
            "content": "... and that's when you Blade Lineage bastards appeared out of nowhere."
        },
        {
            "id": 15,
            "model": "앵두",
            "teller": "Aeng-du",
            "title": "Blade Lineage",
            "content": "... Out of nowhere?"
        },
        {
            "id": 16,
            "model": "앵두",
            "teller": "Aeng-du",
            "title": "Blade Lineage",
            "content": "I see... So this is where our mentor has awakened."
        },
        {
            "id": 17,
            "model": "쥰",
            "teller": "Jun",
            "title": "Kurokumo Clan Captain",
            "content": "You... Sounds like you know something that I don't..."
        },
        {
            "id": 18,
            "model": "쥰",
            "teller": "Jun",
            "title": "Kurokumo Clan Captain",
            "content": "Can't say I've ever heard of a tech that could blip people into existence, just like that. Thought they were using a Singularity or something, tsk."
        },
        {
            "id": 19,
            "model": "쥰",
            "teller": "Jun",
            "title": "Kurokumo Clan Captain",
            "content": "Besides... the Blade Lineage never had a chance."
        },
        {
            "id": 20,
            "model": "쥰",
            "teller": "Jun",
            "title": "Kurokumo Clan Captain",
            "content": "Our numerical advantage was insurmountable."
        },
        {
            "id": 21,
            "model": "앵두",
            "teller": "Aeng-du",
            "title": "Blade Lineage",
            "content": "... Of course."
        },
        {
            "id": 22,
            "model": "쥰",
            "teller": "Jun",
            "title": "Kurokumo Clan Captain",
            "content": "We had your friends cornered. We had no trouble cutting them down until there were but three of you left standing."
        },
        {
            "id": 23,
            "model": "쥰",
            "teller": "Jun",
            "title": "Kurokumo Clan Captain",
            "content": "Then, all of a sudden, your boss' eye suddenly began to glow, and..."
        },
        {
            "id": 24,
            "model": "쥰",
            "teller": "Jun",
            "title": "Kurokumo Clan Captain",
            "content": "Haah, he cut down everyone around him. It was a one-sided slaughter."
        },
        {
            "id": 25,
            "model": "앵두",
            "teller": "Aeng-du",
            "title": "Blade Lineage",
            "content": "What...? Then..."
        },
        {
            "id": 26,
            "model": "쥰",
            "teller": "Jun",
            "title": "Kurokumo Clan Captain",
            "content": "You got that right. Blade Lineage, Kurokumo Clan, it didn't matter. He cut through *everyone*."
        },
        {
            "id": 27,
            "model": "쥰",
            "teller": "Jun",
            "title": "Kurokumo Clan Captain",
            "content": "So what the hell was I supposed to do? What were we supposed to do? I'm their Captain—the lives of my men are my responsibility. I had to save them somehow."
        },
        {
            "id": 28,
            "model": "쥰",
            "teller": "Jun",
            "title": "Kurokumo Clan Captain",
            "content": "So I stayed behind to guard the door while my men guarded the entrance to this building. What other choice did I have?"
        },
        {
            "id": 29,
            "model": "시계쥰",
            "teller": "Jun",
            "title": "Kurokumo Clan Captain",
            "content": "Haah... shit. Delivery deadline's coming up... I'm finished."
        },
        {
            "id": 30,
            "model": "쥰",
            "teller": "Jun",
            "title": "Kurokumo Clan Captain",
            "content": "This won't end with me having to cut off a finger or two... Dammit."
        },
        {
            "id": 31,
            "model": "앵두",
            "teller": "Aeng-du",
            "title": "Blade Lineage",
            "content": "..."
        },
        {
            "id": 32,
            "model": "쥰",
            "teller": "Jun",
            "title": "Kurokumo Clan Captain",
            "content": "Guh?!"
        },
        {
            "id": 33,
            "content": "Aeng-du struck the back of Jun's neck with a swift precision and dropped him to the floor."
        },
        {
            "id": 34,
            "model": "돈키호테",
            "content": "Aeng-du?! That man had already been subdued! Wherefore didst thou—"
        },
        {
            "id": 35,
            "model": "앵두",
            "teller": "Aeng-du",
            "title": "Blade Lineage",
            "content": "I have merely put him to sleep. He would have caused us trouble had we attempted to enter that room while he was conscious."
        },
        {
            "id": 36,
            "model": "앵두",
            "teller": "Aeng-du",
            "title": "Blade Lineage",
            "content": "I... must talk to the mentor. See him with my own eyes."
        },
        {
            "id": 37,
            "model": "히스클리프",
            "content": "Have you gone deaf, lass? Your boss'll cut down anyone who gets too close."
        },
        {
            "id": 38,
            "model": "앵두",
            "teller": "Aeng-du",
            "title": "Blade Lineage",
            "content": "No. That... cannot be."
        },
        {
            "id": 39,
            "model": "파우스트",
            "content": "Dante. We can infer from what information we have gathered that..."
        },
        {
            "id": 40,
            "model": "단테",
            "content": "<Yeah, I agree... There's a powerful aura coming from behind that door. I can sense it.>"
        },
        {
            "id": 41,
            "model": "앵두",
            "teller": "Aeng-du",
            "title": "Blade Lineage",
            "content": "Our mentor..."
        },
        {
            "id": 42,
            "content": "Aeng-du's hands tremble as they wrap around the doorknob."
        },
        {
            "id": 43,
            "model": "오티스",
            "content": "... We must prepare for battle."
        },
        {
            "id": 44,
            "model": "앵두",
            "teller": "Aeng-du",
            "title": "Blade Lineage",
            "content": "I know that mentor Bamboo-hatted Kim will do no such thing!"
        },
        {
            "id": 45,
            "place": "Yong-jin Building 6F Office",
            "content": "She slammed the door open..."
        },
        {
            "id": 46,
            "content": "... only to come face-to-face with a Distortion."
        }
    ]
}