{
    "dataList": [
        {
            "place": "Gift Factory Reception Hall",
            "model": "이스마엘",
            "content": "I can see their similarities with humans... but they certainly aren't humans."
        },
        {
            "id": 2,
            "model": "이스마엘",
            "content": "Except for their odd verbal quirk, these monsters are impressively communicative—I don't even know if they should be categorized as 'monsters'."
        },
        {
            "id": 3,
            "model": "파우스트",
            "content": "The definition is often arbitrary. Some may call them monsters, yet others may call them members of a different, sentient, race."
        },
        {
            "id": 4,
            "model": "이스마엘",
            "content": "Hmm..."
        },
        {
            "id": 5,
            "model": "단테",
            "content": "<I appreciate your analyses, but we should probably get moving. We still don't know where Heathcliff and Don Quixote are.>"
        },
        {
            "id": 6,
            "model": "오티스",
            "content": "You always say the right things at the right time, Executive Manager."
        },
        {
            "id": 7,
            "model": "뫼르소",
            "content": "Exploring the Outskirts area will carry higher risks than our usual operation grounds. To ensure the Manager's safety, we must first establish a more structured plan—"
        },
        {
            "id": 8,
            "content": "Boom!"
        },
        {
            "id": 9,
            "place": "Gift Factory Packaging Line",
            "model": "이스마엘",
            "content": "Well, I'd say the easiest answer would be to leave the two of them. But the easiest path isn't always the right one."
        },
        {
            "id": 11,
            "content": "Ishmael kicked open the door the gnomes rushed in from."
        },
        {
            "id": 12,
            "model": "이스마엘",
            "content": "Come on, let's go. We'll protect the Manager and save Heathcliff and Don Quixote."
        }
    ]
}