{
  "dataList": [
    {
      "id": 0,
      "place": "???",
      "model": "단테",
      "content": "<That went well…>"
    },
    {
      "id": 1,
      "model": "오티스",
      "content": "As expected of our Executive Manager. The exceptional development of your strategic genius reminds me of the earlier years of my career."
    },
    {
      "id": 2,
      "model": "단테",
      "content": "<Uh-huh. Thanks.>"
    },
    {
      "id": 3,
      "model": "로쟈",
      "content": "Whew, got anything to snack on, guys? I’m starvin’ here after that brawl."
    },
    {
      "id": 4,
      "model": "호엔하임실루엣",
      "content": "You will maintain an empty stomach for the duration of the tests."
    },
    {
      "id": 5,
      "model": "호엔하임실루엣",
      "content": "Next on the docket is..."
    },
    {
      "id": 6,
      "model": "그레고르",
      "content": "I would’ve asked Meursault for a massage if I knew this was coming. Whose idea was this anyway?"
    },
    {
      "id": 7,
      "model": "이스마엘",
      "content": "… Well, if you really want to get into it, we can trace this right back to your vacation request, Gregor. Not that this wouldn’t have happened without that, but yeah."
    },
    {
      "id": 8,
      "model": "그레고르",
      "content": "Oh c’mon, fellas. There’s gotta more to it than that."
    },
    {
      "id": 9,
      "model": "파우스트",
      "content": "……."
    },
    {
      "id": 10,
      "content": "Sure there was. Not that it would've made any difference."
    },
    {
      "id": 11,
      "content": "Because like Ishmael said, this all began with Gregor's particularly egregious stretching."
    }
  ]
}