{
    "dataList": [
        {
            "id": 0,
            "place": "Clock Tower",
            "model": "단테",
            "content": "<So...>"
        },
        {
            "id": 1,
            "model": "단테",
            "content": "<Will this really work?>"
        },
        {
            "id": 2,
            "model": "단테",
            "content": "<I guess it's barely a plan, and more like something we came up with in the last 10 minutes, but still...>"
        },
        {
            "id": 3,
            "model": "탐정료슈",
            "content": "Tsk. Annoying."
        },
        {
            "id": 4,
            "model": "탐정로쟈",
            "content": "... Shh, let's hide."
        },
        {
            "id": 5,
            "model": "시간살인마",
            "content": " ……."
        },
        {
            "id": 6,
            "model": "탐정홍루",
            "content": "Hiya. I've been waiting for you."
        },
        {
            "id": 7,
            "model": "단테",
            "content": "<…….>"
        },
        {
            "id": 8,
            "model": "탐정로쟈",
            "content": "... Did he just say 'Hiya' to the Ripper...?"
        },
        {
            "id": 9,
            "model": "시간살인마",
            "content": "How interesting... Not only did you know that I'd be coming here, but you also had the manners to extend your greetings?"
        },
        {
            "id": 10,
            "model": "시간살인마",
            "content": "I see. You've been tailing us this whole time."
        },
        {
            "id": 11,
            "model": "탐정홍루",
            "content": "Hehe, of course. You were right under our noses all this time, weren't you?"
        },
        {
            "id": 12,
            "model": "시간살인마",
            "content": "You're one of those fools playing pretend as a detective, aren't you? Killing time..."
        },
        {
            "id": 13,
            "model": "탐정홍루",
            "content": "You're right. Say, can you teach me how to make the most of my time?"
        },
        {
            "id": 14,
            "model": "시간살인마",
            "content": "Give us your time and we might tell you."
        },
        {
            "id": 15,
            "model": "시간살인마",
            "content": "What, thirty hours? What is this, a bloody joke? That ain't enough."
        },
        {
            "id": 16,
            "model": "시간살인마",
            "content": "Just think about all those hours we've lost fleeing from these sods! We could've spent that time ripping more hours from others. I say that it's only fair that we take 300 hours from him."
        },
        {
            "id": 17,
            "model": "시간살인마",
            "content": "Agreed. He's one of the Nest's lackeys... working with those filthy watch chains of T Corp... He deserves it. If we let him go, he'll only bring further trouble. Let's show them what happens to those that oppose us."
        },
        {
            "id": 18,
            "model": "시간살인마",
            "content": "Seconded. Let's try to extract the exact amount of hours that evenly splits into twelve pieces."
        },
        {
            "id": 19,
            "model": "시간살인마",
            "content": "Sod it, let's stab as deep as we can go! We don't want the repeat of the fat cat at the factory, do we? We're aiming straight for the center. We're not letting this bastard slip away with just a gash of a hundred hours!"
        },
        {
            "id": 20,
            "model": "시간살인마",
            "content": "Silence. I will decide the time. We will stab as deep as we can and rip a thousand hours from him. That should be more than enough time for us to happily share."
        },
        {
            "id": 21,
            "model": "시간살인마",
            "content": "Well, I suppose we'll be losing our sense of taste for the next thousand hours. If we divide the burden of thousand hours equally amongst one 'nother... yeah, I can roll with that."
        },
        {
            "id": 22,
            "model": "단테",
            "content": "<Huh... it's almost like there are multiple personalities in there, all taking turns to speak...>"
        },
        {
            "id": 23,
            "content": "The culprit wasn't the only one who suddenly began to behave strangely. Hong Lu did, too."
        },
        {
            "id": 24,
            "content": "His face relaxed into a tranquil look, as though he was ready to let something go. \n... Or perhaps... that was an expression of liberation."
        },
        {
            "id": 25,
            "model": "탐정홍루",
            "content": "A thousand hours..."
        },
        {
            "id": 26,
            "model": "탐정홍루",
            "content": "Will a thousand hours have passed in the blink of an eye?"
        },
        {
            "id": 27,
            "model": "시간살인마",
            "content": "Yes. And there will be no pain. Only the despair that awaits you upon your awakening."
        },
        {
            "id": 28,
            "model": "탐정홍루",
            "content": "Then... I like that."
        },
        {
            "id": 29,
            "model": "탐정홍루",
            "content": "Rip my time away."
        },
        {
            "id": 30,
            "model": "단테",
            "content": "<…!>"
        },
        {
            "id": 31,
            "model": "탐정로쟈",
            "content": "He... he didn't mean that, did he?"
        },
        {
            "id": 32,
            "model": "탐정료슈",
            "content": "A time-tearing razor, is it?"
        },
        {
            "id": 33,
            "model": "T사대표",
            "teller": "Assistant",
            "title": "T Corp.",
            "content": "So that is the core of the power that extracts time. Though it was no invention at all, but a Distortion..."
        },
        {
            "id": 34,
            "model": "T사대표",
            "teller": "Assistant",
            "title": "T Corp.",
            "content": "My, this is still highly fascinating! So this is the kind of power that a Distortion can grant? Powers that only one could have dreamt of..."
        },
        {
            "id": 35,
            "model": "시간살인마",
            "content": "…!"
        },
        {
            "id": 36,
            "model": "탐정홍루",
            "content": "……."
        },
        {
            "id": 37,
            "content": "After a lengthy silence, as though the world itself had come to a grinding halt..."
        },
        {
            "id": 38,
            "model": "시간살인마",
            "content": "Why... can't we rip away your time?"
        },
        {
            "id": 39,
            "model": "탐정홍루",
            "content": "I see. Everything went according to plan. It's all... so same."
        },
        {
            "id": 40,
            "model": "탐정홍루",
            "content": "I blinked, but the world is just as familiar and changeless as ever."
        },
        {
            "id": 41,
            "model": "시간살인마",
            "content": "Wh-what...?!"
        },
        {
            "id": 42,
            "model": "시간살인마",
            "content": "We've walked right into a trap, you daft idiots! Don't you understand?!"
        },
        {
            "id": 43,
            "model": "탐정료슈",
            "content": "Detectives. A.O.T.S."
        },
        {
            "id": 44,
            "model": "단테",
            "content": "<Phew... that's a relief. Had me worried for a moment there...>"
        },
        {
            "id": 45,
            "content": "About 30 minutes ago..."
        },
        {
            "id": 46,
            "place": "T Corp. Alleyway, 30 Minutes Ago",
            "model": "T사대표",
            "teller": "Assistant",
            "title": "T Corp.",
            "content": "Like I said earlier... the Temporal Scale Gallows isn't broken. This error was caused by you."
        },
        {
            "id": 47,
            "model": "T사대표",
            "teller": "Assistant",
            "title": "T Corp.",
            "content": "Your time—and this applies to all twelve of you—was already bound to someone else’s time."
        },
        {
            "id": 48,
            "model": "단테",
            "content": "<Someone else's time...? Me?>"
        },
        {
            "id": 49,
            "model": "T사대표",
            "teller": "Assistant",
            "title": "T Corp.",
            "content": "... This caused a multi-reference error in the Temporal Scale Gallows, which was supposed to 'hang' your time."
        },
        {
            "id": 50,
            "model": "탐정로쟈",
            "content": "So what you're saying is... because we are living within Dante's time... the gallows couldn't 'hang' our time?"
        },
        {
            "id": 51,
            "model": "단테",
            "content": "<I had no idea...>"
        },
        {
            "id": 52,
            "model": "탐정홍루",
            "content": "Well, if all that is news to us..."
        },
        {
            "id": 53,
            "model": "탐정홍루",
            "content": "... then there's really no way for the Time Ripper to know that, either."
        },
        {
            "id": 54,
            "model": "탐정홍루",
            "content": "So, once the Time Ripper arrives and tries to rip my time away from me..."
        },
        {
            "id": 55,
            "model": "탐정홍루",
            "content": "... that's when Rodya and Ryōshū can swoop in like the awesome people you are and arrest the culprit."
        },
        {
            "id": 56,
            "content": "... And that's how this trap came to be."
        },
        {
            "id": 57,
            "model": "단테",
            "content": "<But what if... and really, what if...>"
        },
        {
            "id": 58,
            "model": "단테",
            "content": "<... what if the Time Ripper manages to rip Hong Lu's time away?>"
        },
        {
            "id": 59,
            "model": "탐정홍루",
            "content": "Don't worry, Dante."
        },
        {
            "id": 60,
            "model": "탐정홍루",
            "content": "It's all going to be okay."
        },
        {
            "id": 61,
            "model": "T사대표",
            "teller": "Assistant",
            "title": "T Corp.",
            "content": "Haah... I wonder how long the racket would last once the news of a malfunctioning Clock Tower breaks?"
        },
        {
            "id": 62,
            "model": "T사대표",
            "teller": "Assistant",
            "title": "T Corp.",
            "content": "Wouldn't it be so entertaining to watch as people's trust in the institution, of the supposedly unerring Clock Tower, crumble? It's going to be such a fun show."
        },
        {
            "id": 63,
            "model": "단테",
            "content": "<... I'll try my best not to malfunction.>"
        },
        {
            "id": 64,
            "model": "T사대표",
            "teller": "Assistant",
            "title": "T Corp.",
            "content": "Tick tock... tick tock..."
        },
        {
            "id": 65,
            "model": "T사대표",
            "teller": "Assistant",
            "title": "T Corp.",
            "content": "Hey, participation trophy. I used to really hate the sound of clocks."
        },
        {
            "id": 66,
            "model": "T사대표",
            "teller": "Assistant",
            "title": "T Corp.",
            "content": "I don't know when it started, but I started associating its noise with the perpetual cycle of pain. Like it's some... premonition that a clock hand-shaped blade will one day cleave clean through me. A blade of time, if you will."
        },
        {
            "id": 67,
            "model": "T사대표",
            "teller": "Assistant",
            "title": "T Corp.",
            "content": "But your noise...? It's a bit different. It's the kind of noise that makes me dream up something new, something different. And it's not... pain."
        },
        {
            "id": 68,
            "model": "T사대표",
            "teller": "Assistant",
            "title": "T Corp.",
            "content": "Well, that's why I wanted to extend my gratitude."
        },
        {
            "id": 69,
            "model": "단테",
            "content": "<Not sure what he's extending his gratitude for... but can someone ask him to do something for me?>"
        },
        {
            "id": 70,
            "model": "탐정홍루",
            "content": "Dante has a request."
        },
        {
            "id": 71,
            "model": "T사대표",
            "teller": "Assistant",
            "title": "T Corp.",
            "content": "Right, request away."
        },
        {
            "id": 72,
            "model": "단테",
            "content": "<I think I've had enough experience to intuit when a big fight's about to break out... and I'm getting that exact feeling that something's about to happen.>"
        },
        {
            "id": 73,
            "model": "단테",
            "content": "<So it's time for you to return the other Sinners.>"
        },
        {
            "id": 74,
            "place": "Clock Tower Again",
            "model": "이스마엘",
            "content": "I can't believe they actually kept us imprisoned the whole time, only to let us out right before they caught the culprit..."
        },
        {
            "id": 75,
            "model": "이스마엘",
            "content": "So how was it, manager? Adventuring with just three Sinners. Was it nice?"
        },
        {
            "id": 76,
            "model": "오티스",
            "content": "I trust that you have learned your lesson, and that my absence was... deeply felt."
        },
        {
            "id": 77,
            "model": "싱클레어",
            "content": "Agh, I'm aching all over just from sitting inside that jail cell. I don't ever want to go back to a place like that..."
        },
        {
            "id": 78,
            "model": "히스클리프2",
            "content": "Right, so is that sod the Time Ripper or somethin'?"
        },
        {
            "id": 79,
            "model": "파우스트",
            "content": "A Distortion we must defeat."
        }
    ]
}