{
  "dataList": [
    {
      "id": 0,
      "place": "LCE Research Team Lab. Unit",
      "model": "호엔하임",
      "teller": "???",
      "title": "???",
      "content": "……."
    },
    {
      "id": 1,
      "model": "파우스트",
      "content": "……."
    },
    {
      "id": 2,
      "model": "호엔하임",
      "teller": "???",
      "title": "???",
      "content": "……."
    },
    {
      "id": 3,
      "model": "파우스트",
      "content": "……."
    },
    {
      "id": 4,
      "model": "호엔하임",
      "teller": "???",
      "title": "???",
      "content": "……."
    },
    {
      "id": 5,
      "model": "히스클리프",
      "content": "... Right, are we waitin’ for something to happen? Or are we all suddenly unfamiliar with the concept of introducing ourselves?!"
    },
    {
      "id": 6,
      "model": "호엔하임",
      "teller": "???",
      "title": "???",
      "content": "Given that no one appears to be willing to introduce me, allow me the liberty of self-introduction."
    },
    {
      "id": 7,
      "model": "호엔하임",
      "content": "My name is Hohenheim, the chief researcher of this company."
    },
    {
      "id": 8,
      "model": "파우스트",
      "content": "To be precise, he is the chief researcher of the LCE Department."
    },
    {
      "id": 9,
      "model": "호엔하임",
      "content": "To be more precise, I am <i>the</i> chief researcher responsible for the entirety of Limbus Company."
    },
    {
      "id": 10,
      "model": "파우스트",
      "content": "To be even more precise, the only reason he retains that role is because Yi Sang and I have been excluded from the research personnel files due to our statuses as Sinners."
    },
    {
      "id": 11,
      "model": "파우스트",
      "content": "Someone must stay behind to continue the research, after all."
    },
    {
      "id": 12,
      "model": "홍루",
      "content": "Aha, so you two are friends?"
    },
    {
      "id": 13,
      "model": "파우스트",
      "content": "While it seems entirely unnecessary to establish a label on this relationship, it could be said that we are acquaintances who routinely and unwillingly maintain a regular level of communication with one another."
    },
    {
      "id": 14,
      "model": "호엔하임",
      "content": "Ah, I am in agreement. For the first time since we were acquainted."
    },
    {
      "id": 15,
      "model": "호엔하임",
      "content": "I hear that our department has reached out several times to yours to remind you of this regular check-up?"
    },
    {
      "id": 16,
      "model": "파우스트",
      "content": "The nature of the LCB department necessitates that we are constantly on the move from one Nest to another, which makes it rather difficult for us to give you an immediate reply. I would have expected someone like you to already be well aware of this obvious detail."
    },
    {
      "id": 17,
      "model": "호엔하임",
      "content": "Yes, I was very well aware. I am also quite aware of the fact that your department has been giving us that same reply over and over again like an answering machine."
    },
    {
      "id": 18,
      "model": "단테",
      "content": "<Uh…>"
    },
    {
      "id": 19,
      "model": "호엔하임",
      "content": "And this must be Dante, the Executive Manager of the Limbus Company Sinners."
    },
    {
      "id": 20,
      "model": "단테",
      "content": "<I’d like to say “Hi, nice to meet you”... but I don’t suppose he can hear what I’m saying.>"
    },
    {
      "id": 21,
      "model": "파우스트",
      "content": "The manager extends their greetings."
    },
    {
      "id": 22,
      "model": "호엔하임",
      "content": "Charmed. It is grueling and arduous work to be in a position of leadership. Especially when communication issues come into play."
    },
    {
      "id": 23,
      "model": "호엔하임",
      "content": "Sometimes, I cannot help but wonder if my researchers and I are even speaking the same language, so I do commiserate."
    },
    {
      "id": 24,
      "model": "오티스",
      "content": "Hm… how… odd. Their clothes are…"
    },
    {
      "model": "호엔하임",
      "content": "Ah, yes. Allow me to introduce you all to Marton and Alyssa, two of the few researchers directly in my command."
    },
    {
      "id": 25,
      "model": "싱클레어",
      "content": "Are they wearing gear extracted from Abnormalities? But how…?"
    },
    {
      "id": 26,
      "model": "호엔하임",
      "content": "Happy to have someone who recognizes them."
    },
    {
      "id": 27,
      "model": "이스마엘",
      "content": "Are they like… gears scavenged from the former L Corp.?"
    },
    {
      "id": 28,
      "model": "뫼르소",
      "content": "While there are partial similarities to their gears, enough differences are present to distinguish them."
    },
    {
      "id": 29,
      "model": "호엔하임",
      "content": "Indeed. We attempted our own brand of extractions. Successfully, I might add."
    },
    {
      "id": 30,
      "model": "파우스트",
      "content": "While the news of the production of E.G.O Gear in Limbus Company’s style was already received, this is the very first time they are observed in person."
    },
    {
      "id": 31,
      "model": "이스마엘",
      "content": "So… you must have Abnormalities contained in this facility."
    },
    {
      "id": 32,
      "model": "단테",
      "content": "<So that’s why I’ve been sensing Abnormalities in here, huh…>"
    },
    {
      "id": 33,
      "model": "단테",
      "content": "<But… I’m sensing Distortions and Peccatula too.>"
    },
    {
      "id": 34,
      "model": "파우스트",
      "content": "Indeed, as they are containment and research subjects for LCE Department as well."
    },
    {
      "id": 35,
      "model": "파우스트",
      "content": "Hmmm…"
    },
    {
      "id": 36,
      "content": "Faust closely observed the E.G.O gear Hohenheim was wearing like an exceptionally harsh judge in a fashion contest."
    },
    {
      "id": 37,
      "model": "파우스트",
      "content": "Hm…"
    },
    {
      "id": 38,
      "model": "파우스트",
      "content": "Apart from a few imperfections in the finish, the level of E.G.O extraction visible here is quite acceptable."
    },
    {
      "id": 39,
      "model": "호엔하임",
      "content": "Input appreciated."
    },
    {
      "id": 40,
      "model": "호엔하임",
      "content": "This is a product of thousands of repeated experiments and subsequent failures that have been meticulously conducted and studied in order to extract it with an acceptable level of stability."
    },
    {
      "id": 41,
      "model": "호엔하임",
      "content": "But at the end of the day, I did it. Like I always do."
    },
    {
      "id": 42,
      "model": "이스마엘",
      "content": "……."
    },
    {
      "id": 43,
      "model": "이스마엘",
      "content": "<i>You</i> did it? Are you sure you want to take all the credit when your team is standing right behind you?"
    },
    {
      "id": 44,
      "model": "알리사",
      "content": "We’re used to it…"
    },
    {
      "id": 45,
      "model": "히스클리프",
      "content": "Oh, piss off… I’m going mad surrounded by these self-absorbed twats."
    },
    {
      "id": 46,
      "model": "히스클리프",
      "content": "I’m just about ready to get violent on some poor bastard. Let’s get on with the check-up so we can get back to the bus, yeah?"
    },
    {
      "id": 47,
      "model": "호엔하임",
      "content": "I feel the very same urgency you express."
    },
    {
      "id": 48,
      "model": "호엔하임",
      "content": "There is much we must cover, regrettably, given that this is the first-ever regular check-up performed as a group since your employment."
    },
    {
      "id": 49,
      "model": "파우스트",
      "content": "Faust also does not wish to pass more time without substance. Let us begin."
    },
    {
      "id": 50,
      "model": "호엔하임",
      "content": "Very well. Our first task shall be to assess your abilities in response to emergency situations."
    },
    {
      "id": 51,
      "model": "이스마엘",
      "content": "Wait, he just pressed something—"
    },
    {
      "id": 52,
      "model": "단테",
      "content": "<Emergency situations...?>"
    },
    {
      "id": 53,
      "content": "The walls of the laboratory suddenly started separating and sliding into place; when it settled, I realized that it had locked the Sinners away in some kind of hold, isolating them from me, Vergilius, and Charon."
    },
    {
      "id": 54,
      "model": "이스마엘",
      "content": "What the hell, this is just an ambush!"
    },
    {
      "id": 55,
      "model": "호엔하임",
      "content": "Yes, it is. The purpose of this test is to measure your behaviors and response in case of a surprise attack, so ambush it is."
    },
    {
      "id": 56,
      "model": "단테",
      "content": "<Was this discussed beforehand, Vergilius?!>"
    },
    {
      "id": 57,
      "model": "베르길리우스",
      "content": "You look anxious, Dante. Well, I suppose you weren't let in on this either. I wasn't, for your information."
    },
    {
      "id": 58,
      "model": "베르길리우스",
      "content": "Just go with their flow, Dante. “So it goes” would be an apt response."
    },
    {
      "id": 59,
      "model": "베르길리우스",
      "content": "I’ll find a room somewhere where Charon and I might sit down and enjoy some nice tea. Come find me with Faust once this is over."
    },
    {
      "id": 60,
      "model": "단테",
      "content": "<…….>"
    },
    {
      "id": 61,
      "model": "카론",
      "content": "Charon wants cake, too."
    },
    {
      "id": 62,
      "model": "마튼",
      "content": "Oh, hey. We’ve got some leftover cake from our last office party. Come this way, please."
    },
    {
      "id": 63,
      "content": "An employee appeared and led Vergilius and Charon away into a nearby office room."
    },
    {
      "id": 64,
      "model": "단테",
      "content": "<... Okay, so this is the regular check-up, huh? Let’s get this done.>"
    }
  ]
}