{
    "dataList": [
        {
            "id": 0,
            "place": "Eunbong’s Bar & Fryers",
            "model": "은봉치킨",
            "teller": "Eunbong’s Bar & Fryers Owner",
            "title": "Eunbong’s Bar & Fryers",
            "content": "…Running this chicken joint, I had forgotten something important…"
        },
        {
            "id": 1,
            "model": "은봉치킨",
            "teller": "Eunbong’s Bar & Fryers Owner",
            "title": "Eunbong’s Bar & Fryers",
            "content": "That’s right, the chicken I wanted to cook…"
        },
        {
            "id": 2,
            "model": "은봉치킨",
            "teller": "Eunbong’s Bar & Fryers Owner",
            "title": "Eunbong’s Bar & Fryers",
            "content": "…was something that even my mother could enjoy."
        },
        {
            "id": 3,
            "model": "은봉치킨",
            "teller": "Eunbong’s Bar & Fryers Owner",
            "title": "Eunbong’s Bar & Fryers",
            "content": "Something to please her extremely particular palate…"
        },
        {
            "id": 4,
            "model": "은봉치킨",
            "teller": "Eunbong’s Bar & Fryers Owner",
            "title": "Eunbong’s Bar & Fryers",
            "content": "……"
        },
        {
            "id": 5,
            "model": "은봉치킨",
            "teller": "Eunbong’s Bar & Fryers Owner",
            "title": "Eunbong’s Bar & Fryers",
            "content": "No, wait…"
        },
        {
            "id": 6,
            "model": "은봉치킨",
            "teller": "Eunbong’s Bar & Fryers Owner",
            "title": "Eunbong’s Bar & Fryers",
            "content": "I knew all along."
        },
        {
            "id": 7,
            "model": "은봉치킨",
            "teller": "Eunbong’s Bar & Fryers Owner",
            "title": "Eunbong’s Bar & Fryers",
            "content": "The real reason momma wouldn’t eat chicken…"
        },
        {
            "id": 8,
            "model": "은봉치킨",
            "teller": "Eunbong’s Bar & Fryers Owner",
            "title": "Eunbong’s Bar & Fryers",
            "content": "…is because we couldn’t afford to feed the whole family…"
        },
        {
            "id": 9,
            "model": "은봉치킨",
            "teller": "Eunbong’s Bar & Fryers Owner",
            "title": "Eunbong’s Bar & Fryers",
            "content": "It’s why… we always had a stash of coupons at home… Ten of them could be exchanged for a free chicken…"
        },
        {
            "id": 10,
            "model": "은봉치킨",
            "teller": "Eunbong’s Bar & Fryers Owner",
            "title": "Eunbong’s Bar & Fryers",
            "content": "My mother would keep collecting them for me…"
        },
        {
            "id": 11,
            "model": "은봉치킨",
            "teller": "Eunbong’s Bar & Fryers Owner",
            "title": "Eunbong’s Bar & Fryers",
            "content": "You did all that to feed me a chicken you wouldn’t eat…"
        },
        {
            "id": 12,
            "model": "은봉치킨",
            "teller": "Eunbong’s Bar & Fryers Owner",
            "title": "Eunbong’s Bar & Fryers",
            "content": "……"
        },
        {
            "id": 13,
            "model": "은봉치킨",
            "teller": "Eunbong’s Bar & Fryers Owner",
            "title": "Eunbong’s Bar & Fryers",
            "content": "Hm?"
        },
        {
            "id": 14,
            "model": "은봉치킨",
            "teller": "Eunbong’s Bar & Fryers Owner",
            "title": "Eunbong’s Bar & Fryers",
            "content": "Oh."
        },
        {
            "id": 15,
            "model": "은봉치킨",
            "teller": "Eunbong’s Bar & Fryers Owner",
            "title": "Eunbong’s Bar & Fryers",
            "content": "These are pizza coupons."
        },
        {
            "id": 16,
            "teller": "Owner’s Momma",
            "title": "Eunbong’s Bar & Fryers",
            "content": "Son, your momma…"
        },
        {
            "id": 17,
            "teller": "Owner’s Momma",
            "title": "Eunbong’s Bar & Fryers",
            "content": "She liked… pizza better…"
        },
        {
            "id": 18,
            "model": "은봉치킨",
            "teller": "Eunbong’s Bar & Fryers Owner",
            "title": "Eunbong’s Bar & Fryers",
            "content": "Agh… My head…"
        },
        {
            "id": 19,
            "model": "단테",
            "content": "<He’s gone back to normal.>"
        },
        {
            "id": 20,
            "model": "오티스",
            "content": "That was a sound plan. The carrot and stick approach. It’s an effective tactic often employed in military operations."
        },
        {
            "id": 21,
            "model": "이스마엘",
            "content": "That… was a plan? I don’t see how it was any different from your usual bawling out and striking first…"
        },
        {
            "id": 22,
            "model": "오티스",
            "content": "It was subtle, and this roo— strapping young lad caught my hint and followed well."
        },
        {
            "id": 23,
            "model": "싱클레어",
            "content": "T—Thank you, Captain Outis!"
        },
        {
            "id": 24,
            "model": "단테",
            "content": "<You almost called him “rookie”, didn’t you?>"
        },
        {
            "id": 25,
            "model": "은봉치킨",
            "teller": "Eunbong’s Bar & Fryers Owner",
            "title": "Eunbong’s Bar & Fryers",
            "content": "I can’t thank you enough. I think I’m ready to start anew."
        },
        {
            "id": 26,
            "model": "은봉치킨",
            "teller": "Eunbong’s Bar & Fryers Owner",
            "title": "Eunbong’s Bar & Fryers",
            "content": "It wasn’t the recipe I needed… As long as I remember to cook from the heart for those I care about… even if it comes in the shape… of a pizza… I know my customers will still appreciate their earnest servings."
        },
        {
            "id": 27,
            "model": "히스클리프",
            "content": "Oi, your rival promised us a lifetime vouch for free chicken. What do you have?"
        },
        {
            "id": 28,
            "model": "로쟈",
            "content": "I… thought I’d be stuffing my face with drumsticks of countless flavors by now…"
        },
        {
            "id": 29,
            "model": "은봉치킨",
            "teller": "Eunbong’s Bar & Fryers Owner",
            "title": "Eunbong’s Bar & Fryers",
            "content": "……"
        },
        {
            "id": 30,
            "model": "은봉치킨",
            "teller": "Eunbong’s Bar & Fryers Owner",
            "title": "Eunbong’s Bar & Fryers",
            "content": "It’s nothing much, but please take this…"
        },
        {
            "id": 31,
            "content": "The owner of Eunbong’s gave us a wrapped-up box."
        },
        {
            "id": 32,
            "model": "은봉치킨",
            "teller": "Eunbong’s Bar & Fryers Owner",
            "title": "Eunbong’s Bar & Fryers",
            "content": "It’s an invaluable treasure of mine, there’s nothing else like it…"
        },
        {
            "id": 33,
            "model": "돈키호테",
            "content": "Could we accept such a rarity from thee?"
        },
        {
            "id": 34,
            "model": "은봉치킨",
            "teller": "Eunbong’s Bar & Fryers Owner",
            "title": "Eunbong’s Bar & Fryers",
            "content": "I wouldn’t have been able to reopen my restaurant without your help… So I insist, please take it as your reward."
        },
        {
            "id": 35,
            "place": "Aboard Mephistopheles",
            "model": "돈키호테",
            "content": "…And thus, we had resolved the Distortion and claimed our spoils!"
        },
        {
            "id": 36,
            "model": "베르길리우스",
            "content": "……"
        },
        {
            "id": 37,
            "model": "돈키호테",
            "content": "Pray tell, pray tell! Are you perhaps speechless with astonishment at the glory of our tale?!"
        },
        {
            "id": 38,
            "model": "베르길리우스",
            "content": "“We then embarked to Eunbong’s” was where I tuned out."
        },
        {
            "id": 39,
            "model": "돈키호테",
            "content": "That means you have heard nary a word!"
        },
        {
            "id": 40,
            "model": "베르길리우스",
            "content": "Why should I bother listening to your embellished drivel when Faust’s report will fill me in on all the details I need?"
        },
        {
            "id": 41,
            "model": "로쟈",
            "content": "C’mon now, Donqui. Forget about this sourpuss and gather ‘round so we can open the box. Heeheehee."
        },
        {
            "id": 42,
            "model": "로쟈",
            "content": "I wonder what’s inside~"
        },
        {
            "id": 43,
            "content": "Surrounded by Sinners full of anticipation, the lid was lifted…"
        },
        {
            "id": 44,
            "model": "은봉치킨",
            "teller": "Eunbong’s Bar & Fryers Owner",
            "title": "Eunbong’s Bar & Fryers",
            "content": "“Meet Bongy, the one and only doll of our mascot. I made it hoping it’d see use one day, but I’m glad to be giving it as a gift of gratitude. ^0^/”"
        },
        {
            "id": 45,
            "model": "로쟈",
            "content": "No way… This can’t be it. Maybe he hid something in the plush’s belly?"
        },
        {
            "id": 46,
            "model": "단테",
            "content": "<He didn’t seem like the kind of person to do that…>"
        },
        {
            "id": 47,
            "model": "그레고르",
            "content": "Was probably trying to get rid of it and we were there to take it, eh?"
        },
        {
            "id": 48,
            "model": "히스클리프",
            "content": "Let’s toss this thing in that concinerator."
        },
        {
            "id": 49,
            "content": "A hand gently tugged at the doll Heathcliff had gripped with ferocious rage."
        },
        {
            "id": 50,
            "model": "카론",
            "content": "Charon likes this passenger."
        },
        {
            "id": 51,
            "model": "히스클리프",
            "content": "What’s there to like about—"
        },
        {
            "id": 52,
            "model": "카론",
            "content": "It’s got eyes and nothing else."
        },
        {
            "id": 53,
            "model": "카론",
            "content": "It’s nice."
        },
        {
            "id": 54,
            "model": "베르길리우스",
            "content": "…Alright. That’s that, then. Keep the doll."
        },
        {
            "id": 55,
            "model": "뫼르소",
            "content": "That is an incorrect assessment as the doll has a torso and limbs."
        },
        {
            "id": 56,
            "content": "Just like that, the chicken plushie we got instead of free food for life earned its seat on the bus…"
        },
        {
            "id": 57,
            "model": "삼조",
            "teller": "Samjo",
            "title": "K Corp. Dept. of Food Resource Development?",
            "content": "Yes, Chief Dongrang. The Distortion has been resolved. I confirmed it with my own eyes."
        },
        {
            "id": 58,
            "place": "Bodhisattva Chicken",
            "model": "삼조",
            "teller": "Samjo",
            "title": "K Corp. Dept. of Food Resource Development?",
            "content": "They did seem somewhat unreliable at first, yes… But, I believe it should be okay to speak with them. Yes, I’ll bring them over now."
        },
        {
            "id": 59,
            "model": "보살치킨",
            "teller": "Bodhisattva Chicken’s Manager",
            "title": "Bodhisattva Chicken",
            "content": "W—What now of all things?"
        },
        {
            "id": 60,
            "model": "삼조",
            "teller": "Samjo",
            "title": "K Corp. Dept. of Food Resource Development?",
            "content": "I… dislike sentences that lack a subject."
        },
        {
            "id": 61,
            "model": "보살치킨",
            "teller": "Bodhisattva Chicken’s Manager",
            "title": "Bodhisattva Chicken",
            "content": "Once that restaurant reopens, we’ll lose our customers… Then I’ll miss the quota, and…"
        },
        {
            "id": 62,
            "model": "삼조",
            "teller": "Samjo",
            "title": "K Corp. Dept. of Food Resource Development?",
            "content": "You should have started looking for a way to live the moment you put the stolen recipe in a concept incinerator."
        },
        {
            "id": 63,
            "model": "삼조",
            "teller": "Samjo",
            "title": "K Corp. Dept. of Food Resource Development?",
            "content": "Haven’t you ever heard the saying: “If you rob a house, make sure the homeowner never realizes it”?"
        },
        {
            "id": 64,
            "model": "보살치킨",
            "teller": "Bodhisattva Chicken’s Manager",
            "title": "Bodhisattva Chicken",
            "content": "I… I don’t know anything about… I didn’t…"
        },
        {
            "id": 65,
            "model": "삼조",
            "teller": "Samjo",
            "title": "K Corp. Dept. of Food Resource Development?",
            "content": "Yes, of course you wouldn’t; I just made that up. Remember it well next time."
        },
        {
            "id": 66,
            "model": "삼조",
            "teller": "Samjo",
            "title": "K Corp. Dept. of Food Resource Development?",
            "content": "I’ll see you around."
        },
        {
            "id": 67,
            "model": "삼조",
            "teller": "Samjo",
            "title": "K Corp. Dept. of Food Resource Development?",
            "content": "I have visitors that need greeting."
        },
        {
            "id": 68,
            "content": "And before long, we were dragged into a mess of unprecedented scale…"
        }
    ]
}