{
    "dataList": [
        {
            "id": 0,
            "place": "Yong-jin Building 4F",
            "model": "단테",
            "content": "<... Did we just fight the Peccatula?>"
        },
        {
            "id": 1,
            "model": "파우스트",
            "content": "Yes."
        },
        {
            "id": 2,
            "model": "이상",
            "content": "Their appearances are rather dissimilar from what we have encountered afore. They appear to have grown more... acute..."
        },
        {
            "id": 3,
            "model": "파우스트",
            "content": "They are evolutions of each Peccatula."
        },
        {
            "id": 4,
            "model": "파우스트",
            "content": "The kind of Peccatula one transforms into depends on the types of Sin that one has embodied in life, so it is no surprise that there may be variations to them."
        },
        {
            "id": 5,
            "model": "싱클레어",
            "content": "But... we've never encountered anything like them before."
        },
        {
            "id": 6,
            "model": "파우스트",
            "content": "Collecting the Golden Boughs could have expedited the Peccatula growth process."
        },
        {
            "id": 7,
            "model": "로쟈",
            "content": "Those boughs... they really have something to do with everything, huh? Our job is starting to look a lot more serious..."
        },
        {
            "id": 8,
            "model": "그레고르",
            "content": "Right, that reminds me. These 'Peccatula' are each supposed to represent some kinda 'Sin', right?"
        },
        {
            "id": 9,
            "model": "단테",
            "content": "<Sin...>"
        },
        {
            "id": 10,
            "content": "My thoughts grow distant all of a sudden."
        },
        {
            "id": 11,
            "content": "... No. The Sinners grow distant while my thoughts draw nearer. Their voices grow muffled."
        },
        {
            "id": 12,
            "content": "The word 'Sin' feels oddly unfamiliar today."
        },
        {
            "id": 13,
            "model": "이상",
            "content": "It appears that they have lost their sense of self; their original forms now forgotten to oblivion."
        },
        {
            "id": 14,
            "content": "Self..."
        },
        {
            "id": 15,
            "model": "그레고르",
            "content": "Aren't Distortions kinda similar to that?"
        },
        {
            "id": 16,
            "model": "싱클레어",
            "content": "Hmm... some people become Distortions, and some people become Peccatula... I wonder what the difference is?"
        },
        {
            "id": 17,
            "content": "I think... I think I know..."
        },
        {
            "id": 18,
            "model": "단테",
            "content": "<... Planted in the hearts of all are seeds with ever-present potential to bloom.>"
        },
        {
            "id": 19,
            "model": "오티스",
            "content": "Executive Manager?"
        },
        {
            "id": 20,
            "model": "로쟈",
            "content": "What'dya say? Fau talked over ya, so I couldn't hear..."
        },
        {
            "id": 21,
            "model": "파우스트",
            "content": "... If you would allow me to continue... Maintaining the self even at times of extreme stress could cause one to evolve into a Distortion, and—"
        },
        {
            "id": 22,
            "model": "단테",
            "content": "<When the light of that day descends upon the hearts of every human, blooming the seeds buried deep within...>"
        },
        {
            "id": 23,
            "model": "이스마엘",
            "content": "... Manager?"
        },
        {
            "id": 24,
            "model": "단테",
            "content": "<If one's ■■■■ ■■ ■■■■■■■■, devoured by their sins, they are reborn in the form of the ■■■■■■■■■, their image reflecting the ■■■■■■■ ■■■■■ ■■ ■■■ ■■■■ dreamt by those who are nothing.>"
        },
        {
            "id": 25,
            "model": "파우스트",
            "content": "Dante."
        },
        {
            "id": 26,
            "model": "이상",
            "content": "Dante! What is—"
        },
        {
            "id": 27,
            "model": "단테",
            "content": "<If one withstands ■■■ ■■■■■■ ■■ ■■■■■ ■■■■, yet ■■■■■■■ ■■ ■■■■■■ ■■ their sins, the heart ■■■■■■■■...>"
        },
        {
            "id": 28,
            "model": "히스클리프",
            "content": "W-what the hell... Clockhead, what in the bloody hell are you talking about?"
        },
        {
            "id": 29,
            "model": "앵두",
            "teller": "Aeng-du",
            "title": "Blade Lineage",
            "content": "I ill like the sound of that... Has something gone awry with their prosthetic head...?"
        },
        {
            "id": 30,
            "model": "단테",
            "content": "<Yet if one seeks to bear the ■■■■ ■■■■■■■■■■■■ ■■ ■■■■■ ■■■■, the ■■■ shall ■■■■■■ ■■■ ■■■■■ of their original hearts...>"
        },
        {
            "id": 31,
            "model": "이상",
            "content": "E.G.O? Is that what you are speaking of?"
        },
        {
            "id": 32,
            "model": "단테",
            "content": "<And in a world perceived through their own ■■■■■ ■■ ■■■ ■■■■■■■■ ■■■ ■■■ ■■■■■■, the ■■■■■■■ shall be unveiled: to ■■■■■ their egos ■■■ ■■■■■■■■... ■■ ■■ melt into ■■■ ■■■■■ by ■■■■■■■■ ■■■■ ■■ ■■■■ ■■■■■ ■■■■■■ of sin...>"
        },
        {
            "id": 33,
            "model": "홍루",
            "content": "Huh, they're starting to talk a bit like my grandfa— Huh?! M-manager! Your head!"
        },
        {
            "id": 34,
            "model": "오티스",
            "content": "Executive Manager! Y-your head is on fire!"
        },
        {
            "id": 35,
            "model": "료슈",
            "content": "Ooh~ what a blaze."
        },
        {
            "id": 36,
            "model": "싱클레어",
            "content": "I-I think they're about to explode!"
        },
        {
            "id": 37,
            "model": "단테",
            "content": "<Only those who can define their own ■■■■...>"
        },
        {
            "id": 38,
            "model": "히스클리프",
            "content": "Oi! We've got to do something before Clockhead bites it! Got any bright ideas, lass?!"
        },
        {
            "id": 39,
            "model": "돈키호테",
            "content": "I-I know not what to do...!"
        },
        {
            "id": 40,
            "model": "단테",
            "content": "<Only those who are awakened to their own ■■■■■...>"
        },
        {
            "id": 41,
            "model": "돈키호테",
            "content": "Gaaah! 'T-tis scorching! I had thought that Manager Esquire's flaming head was merely for style, for I had not once felt such heat from it...!"
        },
        {
            "id": 42,
            "model": "이스마엘",
            "content": "Faust! What if they accidentally activated the self-destruct sequence?! Agh, this heat... if we don't douse it now, it's going to melt everything around them...!"
        },
        {
            "id": 43,
            "model": "파우스트",
            "content": "... Yes, the operating principles are the same. Dante is, via the Golden Boughs, connected to the root of the sapling planted in the subterranean area of the headquarters. Which is to say that—"
        },
        {
            "id": 44,
            "model": "히스클리프",
            "content": "Who gives a shite about the Boughs?! We've got to douse the flames on their head!"
        },
        {
            "id": 45,
            "model": "돈키호테",
            "content": "Water! Doest nay one have water? We must make haste and douse the flames!"
        },
        {
            "id": 46,
            "content": "Some time later..."
        },
        {
            "id": 47,
            "model": "단테",
            "content": "<... Ugh.>"
        },
        {
            "id": 48,
            "model": "돈키호테",
            "content": "Pray tell, art thou recover'd?!"
        },
        {
            "id": 49,
            "content": "My eyes—if I had eyes, that is—opened slowly. I was lying on the ground, surrounded by the Sinners."
        },
        {
            "id": 50,
            "model": "단테",
            "content": "<What... happened?>"
        },
        {
            "id": 51,
            "model": "이상",
            "content": "Do you not recall what had transpired?"
        },
        {
            "id": 52,
            "model": "단테",
            "content": "<Uh... I guess I don't?>"
        },
        {
            "id": 53,
            "content": "I do remember walking up the stairs... and suddenly feeling really dizzy."
        },
        {
            "id": 54,
            "model": "오티스",
            "content": "Executive Manager. You must visit a workshop to get that looked at as soon as we return..."
        },
        {
            "id": 55,
            "model": "단테",
            "content": "<Huh? A workshop? Did I malfunction or something?>"
        },
        {
            "id": 56,
            "model": "이스마엘",
            "content": "Don't talk about them like you're talking about some machine... Haah, either way, there isn't anything we can do about what just happened. Not here."
        },
        {
            "id": 57,
            "model": "파우스트",
            "content": "We can discuss this later once we return. What just transpired does not seem to pose any hindrance to our mission."
        },
        {
            "id": 58,
            "model": "단테",
            "content": "<Aeng-du, where is...>"
        },
        {
            "id": 59,
            "model": "이상",
            "content": "She has advanced without us. While I remain curious yet concerned about your condition, we must reconvene with her. The situation calls for urgency."
        },
        {
            "id": 60,
            "model": "단테",
            "content": "<Yeah... okay.>"
        },
        {
            "id": 61,
            "content": "There was a lot I didn't understand, but since we're in the middle of an operation..."
        },
        {
            "id": 62,
            "content": "... let's deal with this first."
        }
    ]
}