{
    "dataList": [
        {
            "id": 0,
            "model": "파우스트",
            "content": "…Dante?"
        },
        {
            "id": 1,
            "content": "Mephistopheles doesn’t roar and grumble ahead all day long. Mephisto is an engine that needs rest from time to time, much like how Charon is still a human who needs regular breaks."
        },
        {
            "id": 2,
            "model": "단테",
            "content": "<Are you still awake, Ms. Faust?>"
        },
        {
            "id": 3,
            "model": "파우스트",
            "content": "There are a few things left to check. As the engine is treated harshly during operation, it needs to be well-maintained while at rest."
        },
        {
            "id": 4,
            "content": "To substantiate her words, Faust carried light tools and a small mechanical device in place of her usual zweihander."
        },
        {
            "id": 5,
            "model": "단테",
            "content": "<You’re working hard.>"
        },
        {
            "id": 6,
            "model": "파우스트",
            "content": "This barely counts as work. To witness Faust’s magnum opus cordis being overworked with no time for care takes a greater toll, rather."
        },
        {
            "id": 7,
            "content": "She said this after making a light smile…"
        },
        {
            "id": 8,
            "model": "파우스트",
            "content": "Do you like this update in particular?"
        },
        {
            "id": 9,
            "content": "Faust looked down at me using a handheld device."
        },
        {
            "id": 10,
            "model": "단테",
            "content": "<Oh… This thing?>"
        },
        {
            "id": 11,
            "model": "파우스트",
            "content": "Yes, I believe previously you weren’t fiddling with it as often."
        },
        {
            "id": 12,
            "model": "단테",
            "content": "<It’s nothing much, I was just… making the most of this new feature I’ve needed.>"
        },
        {
            "id": 13,
            "content": "Whenever Faust requests a break for routine maintenance, my ‘LCB-PDA’ also receives updates."
        },
        {
            "id": 14,
            "content": "The updates occasionally come with additional functions, and this time…"
        },
        {
            "id": 15,
            "model": "파우스트",
            "content": "…A note? The device didn’t have this functionality until now?"
        },
        {
            "id": 16,
            "model": "단테",
            "content": "<It didn’t, surprisingly enough.>"
        },
        {
            "id": 17,
            "model": "단테",
            "content": "<…You didn’t know that? I thought you were omniscient, Faust.>"
        },
        {
            "id": 18,
            "model": "파우스트",
            "content": "Faust only knows everything that Faust knows."
        },
        {
            "id": 19,
            "model": "파우스트",
            "content": "Pardon me for a moment."
        },
        {
            "id": 20,
            "content": "She took a peek at the screen of my tablet."
        },
        {
            "id": 21,
            "model": "파우스트",
            "content": "Are you attempting to write an encyclopaedia, Dante?"
        },
        {
            "id": 22,
            "model": "단테",
            "content": "<I mean… You keep using words I don’t know—stuff like “Fixers” or whatever “Wings” are…>"
        },
        {
            "id": 23,
            "model": "단테",
            "content": "<It might be common vocabulary for you all, but not me…>"
        },
        {
            "id": 24,
            "model": "파우스트",
            "content": "I understand. I do suppose you’ve lost all memory of the City."
        },
        {
            "id": 25,
            "model": "단테",
            "content": "<Yep. So I wanna write down most stuff here.>"
        },
        {
            "id": 26,
            "model": "단테",
            "content": "<And copy down the things I’ve been scribbling on paper while I’m at it…>"
        },
        {
            "id": 27,
            "content": "This clock on my shoulders could be replaced with yet another head at any moment. There’s no guarantee the memories I have right now will stay with me."
        },
        {
            "id": 28,
            "content": "That’s why I must prepare a backup plan like this."
        },
        {
            "id": 29,
            "content": "So I don’t forget twice."
        }
    ]
}