{
    "dataList": [
        {
            "id": 1,
            "place": "Gift Factory Reception Hall",
            "model": "크레용",
            "teller": "???",
            "title": "???",
            "content": "Your clothes are all weird-looking... I guess you're not from the village...?"
        },
        {
            "id": 2,
            "content": "The child was dressed in torn and faded clothing. From the way she looked at us, I could tell that she found us rather fascinating. She soon woke up from her momentary shock."
        },
        {
            "id": 3,
            "model": "크레용",
            "teller": "???",
            "title": "???",
            "content": "A-anyways, thank you for saving me…"
        },
        {
            "id": 4,
            "model": "크레용",
            "title": "???",
            "content": "My name's Crayon. And… huhh?!"
        },
        {
            "id": 5,
            "model": "크레용",
            "title": "???",
            "content": "C-Clockwork Teeth?!"
        },
        {
            "id": 6,
            "content": "The kid pointed at me and backed away in terror."
        },
        {
            "id": 7,
            "model": "히스클리프",
            "content": "The hell are you talking about? That's Clockhead."
        },
        {
            "id": 8,
            "model": "단테",
            "content": "<My name's Dante...>"
        },
        {
            "id": 9,
            "model": "크레용",
            "title": "???",
            "content": "Clock…head? But I-I heard that the Clockwork Teeth look like… Clocks…"
        },
        {
            "id": 10,
            "model": "크레용",
            "title": "???",
            "content": "I guess I also heard that they don't show up this high…"
        },
        {
            "id": 11,
            "model": "크레용",
            "title": "???",
            "content": "I've never seen a monster like that before, though…"
        },
        {
            "id": 12,
            "model": "돈키호테",
            "content": "Aha! But they are not a monster! This is none other than our very own Manager Esquire!"
        },
        {
            "id": 13,
            "model": "단테",
            "content": "<Thanks for the intro, I guess...>"
        },
        {
            "id": 14,
            "model": "크레용",
            "title": "???",
            "content": "But I can't hear anything but the tick-tocking of the clock…"
        },
        {
            "id": 15,
            "model": "돈키호테",
            "content": "Well, Manager Esquire has their reasons. … Art thou unharmed?"
        },
        {
            "id": 16,
            "model": "크레용",
            "title": "???",
            "content": "Yeah..."
        },
        {
            "id": 17,
            "model": "크레용",
            "title": "???",
            "content": "Looks like the other people who were dragged here with me weren't so lucky, though..."
        },
        {
            "id": 18,
            "content": "The child looks at the mutilated corpses with a despondent look on her face. Don Quixote casts a sympathetic gaze."
        },
        {
            "id": 19,
            "model": "돈키호테",
            "content": "So they were all… neighbors from thy village."
        },
        {
            "id": 20,
            "model": "크레용",
            "title": "???",
            "content": "Yeah… B-but! Our village will soon send the Hunters to save us!"
        },
        {
            "id": 21,
            "model": "크레용",
            "title": "???",
            "content": "As long as they can get here, they can…"
        },
        {
            "id": 22,
            "model": "단테",
            "content": "<Hunters?>"
        },
        {
            "id": 23,
            "content": "I wasn't sure what exactly she was talking about, so I was about to ask her what she meant…"
        },
        {
            "id": 24,
            "content": "Tssssssssss!"
        },
        {
            "id": 25,
            "content": "… but this reception hall—storage room—suddenly began to fill with gas of unknown origin."
        },
        {
            "id": 26,
            "model": "히스클리프",
            "content": "What's this now?!"
        },
        {
            "id": 27,
            "model": "돈키호테",
            "content": "Hup… Quick, hold thy breathing!"
        },
        {
            "id": 28,
            "content": "An odd plume of gas, its hue red and green… begins to fill the room."
        },
        {
            "id": 29,
            "model": "크레용",
            "title": "???",
            "content": "T-this gas… it's the same gas from when… I was… kidna…"
        },
        {
            "id": 30,
            "content": "The three of them, including Crayon, passed out and slumped to the floor."
        },
        {
            "id": 31,
            "content": "Yeah, something like this has happened before. When we walked right into a room full of toxic gas… which killed everyone…"
        },
        {
            "id": 32,
            "model": "돈키호테",
            "content": "Mmmh… mm…"
        },
        {
            "id": 33,
            "content": "Looks like this gas only knocked them out, though. That's a relief, at least."
        },
        {
            "id": 34,
            "content": "Guess I should consider myself lucky… that my clock head isn't affected by these things."
        },
        {
            "id": 35,
            "content": "Crreeeak…"
        },
        {
            "id": 36,
            "model": "단테",
            "content": "<I-I gotta hide.>"
        },
        {
            "id": 37,
            "content": "As soon as I hid myself in a corner, a crowd of gnomes rushed through the same door Dodoru came in from."
        },
        {
            "id": 38,
            "model": "단테",
            "content": "<Gas masks… So they used sleeping gas on us.>"
        },
        {
            "id": 39,
            "model": "초록노움",
            "teller": "Leafy Gnome",
            "title": "Gift Factory",
            "content": "Ome!!! Is that all that's left of manager Dodoru-ome?"
        },
        {
            "id": 40,
            "model": "빨간노움",
            "teller": "Cherry Gnome",
            "title": "Gift Factory",
            "content": "Ome!! All that talk of snaggin' three top-notch raw materials… and now look at him-ome! A pile of meat-ome!"
        },
        {
            "id": 41,
            "model": "빨간노움",
            "teller": "Cherry Gnome",
            "title": "Gift Factory",
            "content": "Omme!! One-ome, two-ome, three-ome... All accounted for, I suppose-ome!"
        },
        {
            "id": 42,
            "model": "초록노움",
            "teller": "Leafy Gnome",
            "title": "Gift Factory",
            "content": "They're all fast asleep with the sleepy powder, so don't you all worry yourselves about harming the good-omes."
        },
        {
            "id": 43,
            "model": "빨간노움",
            "teller": "Cherry Gnome",
            "title": "Gift Factory",
            "content": "Well, well! Let's move the good-omes!"
        },
        {
            "id": 44,
            "content": "They picked up Don Quixote, Heathcliff, and Crayon one by one and loaded them onto the sleigh."
        },
        {
            "id": 45,
            "content": "With that, they left... closing the door behind them."
        },
        {
            "id": 46,
            "content": "And through it all... I couldn't do anything but watch."
        },
        {
            "id": 47,
            "model": "단테",
            "content": "<Right... Looks like this is my time to shine. I'll rescue the three of them.>"
        },
        {
            "id": 48,
            "content": "... No way. I should've listened when Ishmael offered to teach me self-defense..."
        },
        {
            "id": 49,
            "model": "단테",
            "content": "<Haah... What do I do?>"
        },
        {
            "id": 50,
            "content": "This harsh truth dawns on me every time we face total annihilation. The truth that, on my own, I am completely useless."
        },
        {
            "id": 51,
            "content": "If they were with us, I could at least bring them back... But none of the Sinners are here with me. What good am I without them?"
        },
        {
            "id": 52,
            "model": "단테",
            "content": "<... It's a miracle that I managed to survive this far...>"
        },
        {
            "id": 53,
            "model": "이스마엘",
            "content": "Miracle? What miracle? Come on, get a hold of yourself."
        },
        {
            "id": 54,
            "model": "단테",
            "content": "<Great. Now I'm hearing things...>"
        },
        {
            "id": 57,
            "model": "싱클레어",
            "content": "You're not hearing things, Manager! We're really here!"
        },
        {
            "id": 58,
            "model": "로쟈",
            "content": "Do you even know what a mess it was up there when we realized that the three of you just vanished into thin air?!"
        },
        {
            "id": 59,
            "content": "I bolted up and looked toward the voice. There, I saw another door..."
        },
        {
            "id": 60,
            "content": "... and from it, the rest of the Sinners appeared one by one."
        },
        {
            "id": 61,
            "model": "단테",
            "content": "<Guys...>"
        },
        {
            "id": 62,
            "model": "초록노움",
            "teller": "Leafy Gnome",
            "title": "Gift Factory",
            "content": "Oh boy, looks like I forgot about that slightly spoiled ingredi...ent...ome...?"
        },
        {
            "id": 63,
            "model": "파우스트",
            "content": "I will inquire about this incident later, Dante."
        },
        {
            "id": 64,
            "model": "파우스트",
            "content": "For now, command us in this battle."
        }
    ]
}