{
  "dataList": [
    {
      "id": 0,
      "place": "Melted Kezhan Lobby",
      "model": "히스클리프",
      "content": "Unhh?!"
    },
    {
      "id": 1,
      "content": "A... strange tune crashes through the sound of this fierce battle."
    },
    {
      "id": 2,
      "content": "Is this... electronic dance music? Something about it sounds familiar."
    },
    {
      "id": 3,
      "model": "작은형님그림자",
      "teller": "???",
      "title": "???",
      "content": "Hah... finally."
    },
    {
      "id": 4,
      "model": "작은형님",
      "teller": "Ricardo",
      "title": "The Middle's Big Brother",
      "content": "Thanks to the merry chase you've led me on, I have slid ever so slightly further into the world of the bristly."
    },
    {
      "id": 5,
      "model": "작은형님",
      "teller": "Ricardo",
      "title": "The Middle's Big Brother",
      "content": "Let's see. Title 2, Section 11... ah, Row C. The punishment for those who dare to flee from the Middle's retribution begins by tearing their legs apart from the groin."
    },
    {
      "id": 6,
      "model": "작은형님",
      "teller": "Ricardo",
      "title": "The Middle's Big Brother",
      "content": "I will make sure you suffer for all of my time you wasted."
    },
    {
      "id": 7,
      "model": "히스클리프",
      "content": "W-what the fuck is that blighter doin' here?!"
    },
    {
      "id": 8,
      "model": "히스클리프",
      "content": "The hell's wrong with you?! You've been stalkin' us all along?!"
    },
    {
      "id": 9,
      "model": "작은형님",
      "teller": "Ricardo",
      "title": "The Middle's Big Brother",
      "content": "Since when is chasing after a thief conflated with stalking? I'll have you know that I'm still banished from the world of the <i>luscious</i> thanks to you who dared to pinch my hair coupons...!"
    },
    {
      "id": 10,
      "model": "사이화",
      "title": "Shi Family",
      "content": "W-what the hell? Where'd they come from?!"
    },
    {
      "id": 11,
      "model": "가시춘",
      "title": "Jia Family",
      "content": "... You guys are just pissing people off left and right, aren't you...?!"
    },
    {
      "id": 12,
      "model": "사이화",
      "title": "Shi Family",
      "content": "Zilu, take 'em out!"
    },
    {
      "id": 13,
      "model": "자로",
      "content": "... What an utterly insular fool."
    },
    {
      "id": 14,
      "model": "사이화",
      "title": "Shi Family",
      "content": "What did you say?!"
    },
    {
      "id": 15,
      "model": "자로",
      "content": "Do you not know? That man..."
    },
    {
      "id": 16,
      "model": "가시춘",
      "title": "Jia Family",
      "content": "What's the Middle doing here?!"
    },
    {
      "id": 17,
      "content": "... Ricardo, a Big Brother of the Middle."
    },
    {
      "id": 18,
      "content": "The man who slaughtered the Sinners like they were nothing—the man who almost forced me to self-destruct."
    },
    {
      "id": 19,
      "model": "단테",
      "content": "<Faust... don't tell me I have to get ready for that again...>"
    },
    {
      "id": 20,
      "model": "파우스트",
      "content": "... No. Not yet."
    },
    {
      "id": 21,
      "model": "파우스트",
      "content": "According to the evaluation data at the LCE, the Sinners' powers had grown since their time at the Great Lake."
    },
    {
      "id": 22,
      "model": "파우스트",
      "content": "Our chance of victory against this individual has risen to a meaningful degree to forfeit the battle before it even begins."
    },
    {
      "id": 23,
      "model": "로쟈",
      "content": "B-by how much...?"
    },
    {
      "id": 24,
      "model": "파우스트",
      "content": "... Enough to put our faith in the... uncertainties."
    },
    {
      "id": 25,
      "model": "작은형님",
      "teller": "Ricardo",
      "title": "The Middle's Big Brother",
      "content": "Alrighty then... enough with the background noise."
    },
    {
      "id": 26,
      "model": "작은형님",
      "teller": "Ricardo",
      "title": "The Middle's Big Brother",
      "content": "I don't know what your business is with these thieves, but..."
    },
    {
      "id": 27,
      "model": "작은형님",
      "teller": "Ricardo",
      "title": "The Middle's Big Brother",
      "content": "... I've personally traveled all the way to the eastern part of the City because I simply must exact my vengeance against him with my two hands."
    },
    {
      "id": 28,
      "model": "작은형님",
      "teller": "Ricardo",
      "title": "The Middle's Big Brother",
      "content": "I could've simply informed my Brothers in the East and let them handle this, but… that just wouldn’t do. I was determined to see this through to the end myself... even if it meant asking a Great Brother of the east for a favor."
    },
    {
      "id": 29,
      "model": "작은형님",
      "teller": "Ricardo",
      "title": "The Middle's Big Brother",
      "content": "So you there, half-pint and his cute mini entourage... get the hell outta my sight. The Middle's Book of Vengeance comes first."
    },
    {
      "id": 30,
      "model": "사이화",
      "title": "Shi Family",
      "content": "Half-pint?! HAH! Keep babbling that fat lip of yours, minion of the Fingers! You don't scare me at all with your cheap hairdo and that garish as hell, botched dye job! You're in the H Corp. turf now! I-I am—"
    },
    {
      "id": 31,
      "model": "작은형님",
      "teller": "Ricardo",
      "title": "The Middle's Big Brother",
      "content": "……."
    },
    {
      "id": 32,
      "model": "히스클리프",
      "content": "... Wow. Just wow. Bloody hell, mate. That's messed up."
    },
    {
      "id": 33,
      "model": "오티스",
      "content": "He's far too absorbed in his own foolishness to see he's walking into his own demise."
    },
    {
      "id": 34,
      "content": "Unexpectedly, Ricardo’s face wasn’t contorted with wrath, even after enduring that barrage of insults. Instead, he looked… surprised. A moment of silence followed, during which he seemed to be absorbed in thought…"
    },
    {
      "id": 35,
      "model": "작은형님",
      "teller": "Ricardo",
      "title": "The Middle's Big Brother",
      "content": "Whew... impressive. You... you just set a new record."
    },
    {
      "id": 36,
      "model": "작은형님",
      "teller": "Ricardo",
      "title": "The Middle's Big Brother",
      "content": "You are the current record-holder for 'how fast can I get written up in Ricardo's Book of Vengeance?' challenge, boy. You did it in 15 seconds."
    },
    {
      "id": 37,
      "content": "Then, with trembling hands, he reached down to grab his Book of Vengeance, opened it, and began to write something down on the paper. Slowly and deliberately, as though to make each stroke of pen count."
    },
    {
      "id": 38,
      "model": "작은형님",
      "teller": "Ricardo",
      "title": "The Middle's Big Brother",
      "content": "Unfortunately, your audacity is... terminal. I will rip your jaws apart myself as punishment."
    },
    {
      "id": 39,
      "model": "작은형님",
      "teller": "Ricardo",
      "title": "The Middle's Big Brother",
      "content": "Boys! Make sure that this little band of thieves won't get away while I deal with this pipsqueak!"
    },
    {
      "id": 40,
      "model": "사이화",
      "title": "Shi Family",
      "content": "W-what the hell is this asshole talking about?! Hey, Zilu!"
    },
    {
      "id": 41,
      "model": "자로",
      "content": "Haaaah..."
    },
    {
      "id": 42,
      "model": "작은형님",
      "teller": "Ricardo",
      "title": "The Middle's Big Brother",
      "content": "Who the f... actually, I don't care. Stop me if you can."
    },
    {
      "id": 43,
      "model": "작은형님",
      "teller": "Ricardo",
      "title": "The Middle's Big Brother",
      "content": "Effective immediately, the punishment for all involved parties and bystanders at the site of your crimes... shall be complete and total extermination!"
    },
    {
      "id": 44,
      "model": "싱클레어",
      "content": "I-I think we can slip away unnoticed in this mess...?"
    },
    {
      "id": 45,
      "model": "단테",
      "content": "<Uh... I don't think we've got much of a chance there...>"
    },
    {
      "id": 46,
      "content": "Ricardo practically rocketed toward where Zilu and Shi Yihua were standing in a burst of speed..."
    },
    {
      "id": 47,
      "content": "... but his henchmen had already begun to slowly surround us as he ordered."
    },
    {
      "id": 48,
      "model": "이스마엘",
      "content": "Ready your weapons, everyone. Payback time for what happened at the Great Lake. Let's do this."
    },
    {
      "id": 49,
      "model": "이스마엘",
      "content": "Besides... I've got a score to settle with that son of a bitch."
    }
  ]
}