{
  "dataList": [
    {
      "id": 0,
      "place": "Aboard Mephistopheles",
      "model": "단테3",
      "content": "<HEEEAAAAAAHHHH!!!>"
    },
    {
      "id": 1,
      "content": "Hahhh, haaah..."
    },
    {
      "id": 2,
      "content": "Where...?"
    },
    {
      "id": 3,
      "content": "I recall Mephistopheles rushing toward us in a speed that would have definitely crushed our bones, but..."
    },
    {
      "id": 4,
      "model": "히스클리프2",
      "content": "What's wrong, Clockhead? What, is your head turning into a grill again?"
    },
    {
      "id": 5,
      "model": "단테3",
      "content": "<Heathcliff...!>"
    },
    {
      "id": 6,
      "model": "단테3",
      "content": "<Heathcliff... it's you, right?!>"
    },
    {
      "id": 7,
      "model": "히스클리프2",
      "content": "Agh...! The hell, mate?! Get off me! Gah!"
    },
    {
      "id": 8,
      "model": "단테3",
      "content": "<He is Heathcliff...!>"
    },
    {
      "id": 9,
      "model": "싱클레어",
      "content": "M-manager, you're up! You were out cold for a while, so we were all pretty worried."
    },
    {
      "id": 10,
      "model": "료슈",
      "content": "Hmph. A.L.A.T.C.T."
    },
    {
      "id": 11,
      "model": "싱클레어",
      "content": "\"As long as the clock turns\", she says..."
    },
    {
      "id": 12,
      "model": "이상",
      "content": "Much worries were had by all afore miss Faust informed us of your safety, Dante..."
    },
    {
      "id": 13,
      "model": "로쟈",
      "content": "Yeah, same! I thought you wouldn't ever wake up again or something~"
    },
    {
      "id": 14,
      "model": "홍루",
      "content": "Uh... looks like your hour hand's trembling, Dante! Are you alright?"
    },
    {
      "id": 15,
      "model": "이스마엘",
      "content": "Should we call Hohenheim to run some tests on Dante?"
    },
    {
      "id": 16,
      "model": "파우스트",
      "content": "Faust has already taken all necessary measures. This does not appear to be something that requires his assistance."
    },
    {
      "id": 17,
      "model": "돈키호테",
      "content": "Manager Esquire... 'twas all mine wrongdoing... I had failed to expect that thou wert still within the range of shrapnels... Sob... 'twas my carelessness..."
    },
    {
      "id": 18,
      "model": "뫼르소",
      "content": "Extending the distance between the manager and the battlefield in future battles would be an effective means of minimizing certain risk factors."
    },
    {
      "id": 19,
      "model": "그레고르",
      "content": "Yeah, manager bud. I appreciate the fervor, but don't try so hard that you'll hurt yourself. Take it easy, alright?"
    },
    {
      "id": 20,
      "model": "오티스",
      "content": "Dammit... I, Outis, shall take responsibility for this incident. Allow me to bow before you in hopes of seeking—"
    },
    {
      "id": 21,
      "model": "단테3",
      "content": "<Guys...>"
    },
    {
      "id": 22,
      "model": "단테3",
      "content": "<I think... I like us... exactly as we are right now...>"
    },
    {
      "id": 23,
      "model": "베르길리우스",
      "content": "... Hm."
    },
    {
      "id": 24,
      "model": "베르길리우스",
      "content": "Going by the tick-tocking noises you're making... you sound moved, Dante."
    },
    {
      "id": 25,
      "model": "베르길리우스",
      "content": "I, for one, am also glad that I wouldn't have to remove your clock hands. It would not have been pleasant."
    },
    {
      "id": 26,
      "content": "Once this tearful reunion was complete..."
    },
    {
      "id": 27,
      "content": "I stepped off the bus to do some stretches."
    },
    {
      "id": 28,
      "model": "단테3",
      "content": "<…….>"
    },
    {
      "id": 29,
      "model": "카론",
      "content": "Twinkle, twinkle, stars."
    },
    {
      "id": 30,
      "model": "카론",
      "content": "Mephi, twinkle-twinkle like stars."
    },
    {
      "id": 31,
      "content": "I turned around to see Charon busily cleaning the bus as always."
    },
    {
      "id": 32,
      "model": "단테3",
      "content": "<Charon...>"
    },
    {
      "id": 33,
      "content": "I don't know where she got it, but she was happily sucking on a candy."
    },
    {
      "id": 34,
      "content": "I wanted to ask her if Vergilius had given it to her, but... there wasn't anyone around to be a translator for me. I decided to return my gaze toward the night sky."
    },
    {
      "id": 35,
      "model": "카론",
      "content": "... Charon told you so."
    },
    {
      "id": 36,
      "model": "카론",
      "content": "Careful with wishes. No take backsies."
    },
    {
      "id": 37,
      "model": "단테3",
      "content": "<... Huh?>"
    },
    {
      "id": 38,
      "content": "Her odd comment lingered there for a while."
    },
    {
      "id": 39,
      "content": "But the night sky held its silence, a quiet protest of innocence."
    }
  ]
}