{
    "dataList": [
        {
            "id": 0,
            "place": "Mirror Dungeon of the Fathoms",
            "model": "단테",
            "content": "<Ah, the dungeon...>"
        },
        {
            "id": 1,
            "content": "After a grueling battle, and as we finally managed to drag Bamboo-hatted Kim to his knees..."
        },
        {
            "id": 2,
            "place": "Yong-jin Building 6F Office",
            "content": "Like a mirage, the fathoms of ego began to fall apart."
        },
        {
            "id": 3,
            "content": "The Monolith had already left the Fathoms of Ego and was back at the center of the office."
        },
        {
            "id": 4,
            "content": "Just as the office began to resemble the one we had walked into, the radio I carried began to buzz again."
        },
        {
            "id": 5,
            "teller": "Radio",
            "title": "LCD?",
            "content": "Hiya! Can you hear me? If you do, gimme a 'tick-tock'!"
        },
        {
            "id": 6,
            "model": "단테",
            "content": "<Tick-tock.>"
        },
        {
            "id": 7,
            "model": "이스마엘",
            "content": "Very funny, Dante. You know we just barely survived a deadly encounter, right?"
        },
        {
            "id": 8,
            "content": "Well, she asked me to..."
        },
        {
            "id": 9,
            "teller": "Radio",
            "title": "LCD?",
            "content": "Perfect! We really don't have much time left. Since it looks like the Monolith's briefly stabilized, lemme teach you how to lock it down."
        },
        {
            "id": 10,
            "teller": "Radio",
            "title": "LCD?",
            "content": "Don't take too long, or that Distortion's gonna turn into an Abnormality! Follow my instructions to a T, and don't lag behind! It's all about precision and speed!"
        },
        {
            "id": 11,
            "model": "그레고르",
            "content": "She seems awfully cheerful for how, uh, dire the situation is..."
        },
        {
            "id": 12,
            "content": "I followed the radio's instructions and reached out to the Monolith with my palms."
        },
        {
            "id": 13,
            "model": "단테",
            "content": "<Ooh... some light came out of it when I reached out with my fingers.>"
        },
        {
            "id": 14,
            "content": "The voice coming from the radio was pretty nonchalant about all this, but it almost sounded like she could see exactly what I was looking at."
        },
        {
            "id": 15,
            "teller": "Radio",
            "title": "LCD?",
            "content": "Right, straight down from there. Yep, you're doing good. Now move left... take it slow, now."
        },
        {
            "id": 16,
            "content": "I couldn't help but wonder if I was doing this right... but I still followed her directions and drew a trail of light with my hand over the Monolith."
        },
        {
            "id": 17,
            "model": "김삿갓",
            "teller": "Bamboo-hatted Kim",
            "title": "Blade Lineage Mentor",
            "content": "Aagh..."
        },
        {
            "id": 18,
            "model": "앵두",
            "teller": "Aeng-du",
            "title": "Blade Lineage",
            "content": "Mentor!"
        },
        {
            "id": 19,
            "content": "The shimmering black tendrils began to withdraw from Bamboo-hatted Kim's body. Maybe the Distortion is withdrawing, too...?"
        },
        {
            "id": 20,
            "teller": "Radio",
            "title": "LCD?",
            "content": "Good work! Detective, the levels are stabilizing!"
        },
        {
            "id": 21,
            "teller": "Radio",
            "title": "LCD?",
            "content": "Ah, I can't seem to stop calling you Detective, huh. Sorry, old habits die hard, y'know..."
        },
        {
            "id": 22,
            "content": "Sounds like she's reporting to someone else on the other side of this communication."
        },
        {
            "id": 23,
            "teller": "Radio",
            "title": "LCD?",
            "content": "Good work, bus dudes! LCA'll be there in a min, so just sit tight!"
        },
        {
            "id": 24,
            "model": "단테",
            "content": "<Huh? LCA? Not that rude After Team lady from earlier...?>"
        },
        {
            "id": 25,
            "teller": "Ezra",
            "title": "LCD",
            "content": "Well, anyways! Thanks for the assist, everyone! LCD Distortion Task Force Ezra, over and out!"
        },
        {
            "id": 26,
            "content": "The radio shut off before any of us had the chance to say anything. Again."
        },
        {
            "id": 27,
            "content": "And not 5 seconds later..."
        },
        {
            "id": 28,
            "model": "로쟈",
            "content": "My, my! They're really piling in, huh?"
        },
        {
            "id": 29,
            "model": "파우스트",
            "content": "LCA... the special operations unit."
        },
        {
            "id": 30,
            "model": "LCA특작팀",
            "teller": "Reticent Employee",
            "title": "LCA",
            "content": "Orders. Commencing secured item retrieval."
        },
        {
            "id": 31,
            "model": "단테",
            "content": "<Uh, right. The item is—>"
        },
        {
            "id": 32,
            "model": "LCA특작팀",
            "teller": "Brisk Employee",
            "title": "LCA",
            "content": "Custody Target T-276 confirmed and secured."
        },
        {
            "id": 33,
            "model": "단테",
            "content": "<Well, looks like our job here is done.>"
        },
        {
            "id": 34,
            "content": "I didn't even have to say anything (not that they could hear me, anyway) before the uniformed troops marched in and started attaching various tools to the Monolith."
        },
        {
            "id": 35,
            "model": "LCA특작팀",
            "teller": "Reticent Employee",
            "title": "LCA",
            "content": "Trouble. T-276-01 unconfirmed. Requesting location."
        },
        {
            "id": 36,
            "model": "히스클리프",
            "content": "What are you blathering about?"
        },
        {
            "id": 37,
            "model": "LCA특작팀",
            "teller": "Reticent Employee",
            "title": "LCA",
            "content": "... Rewording. Where is the Distorted individual?"
        },
        {
            "id": 38,
            "model": "이상",
            "content": "Ah, I am aware of whom you seek. He sits next to the Monolith—"
        },
        {
            "id": 39,
            "model": "돈키호테",
            "content": "Huh? W-where hast he gone?"
        },
        {
            "id": 40,
            "model": "뫼르소",
            "content": "The individual by the name Aeng-du dragged him behind that sofa. Approximate time of event: three minutes ago. "
        },
        {
            "id": 41,
            "model": "단테",
            "content": "<... Didn't I ask you to tell us if you notice something important going on in the background...?>"
        },
        {
            "id": 42,
            "model": "뫼르소",
            "content": "... I will make an immediate report should an identical incident occur."
        },
        {
            "id": 43,
            "content": "That's when I noticed that the LCA agents were growing visibly uneasy."
        },
        {
            "id": 44,
            "model": "LCA특작팀",
            "teller": "Reticent Employee",
            "title": "LCA",
            "content": "Alert. Abnormal reaction detected from an entity in T-276-01's proximity."
        },
        {
            "id": 45,
            "content": "And when that agent ran over and kicked over the sofa..."
        },
        {
            "id": 46,
            "model": "앵두",
            "teller": "Aeng-du",
            "title": "Blade Lineage",
            "content": "Ah... Ahh...!"
        },
        {
            "id": 47,
            "model": "이상",
            "content": "Miss Aeng-du!"
        },
        {
            "id": 48,
            "content": "... There was Aeng-du, her arms tightly wrapped around Bamboo-hatted Kim."
        },
        {
            "id": 49,
            "content": "Her hand, holding a blade that dug deep into her mentor's flesh."
        },
        {
            "id": 50,
            "model": "앵두",
            "teller": "Aeng-du",
            "title": "Blade Lineage",
            "content": "I... know not of your painful past. I cannot possibly know in detail what you have gone through."
        },
        {
            "id": 51,
            "model": "앵두",
            "teller": "Aeng-du",
            "title": "Blade Lineage",
            "content": "But... But...! That cannot be a just reason, an excuse for cutting down your very own fellows...!"
        },
        {
            "id": 52,
            "model": "이상",
            "content": "Miss Aeng-du! That man was not himself!"
        },
        {
            "id": 53,
            "model": "앵두",
            "teller": "Aeng-du",
            "title": "Blade Lineage",
            "content": "If the blade has consumed my mentor, turned him into a fiend... then I will end him myself... it has to be me..."
        },
        {
            "id": 54,
            "model": "앵두",
            "teller": "Aeng-du",
            "title": "Blade Lineage",
            "content": "... No. Not at all."
        },
        {
            "id": 55,
            "model": "앵두",
            "teller": "Aeng-du",
            "title": "Blade Lineage",
            "content": "It's all... excuses. That's all it is."
        },
        {
            "id": 56,
            "model": "앵두",
            "teller": "Aeng-du",
            "title": "Blade Lineage",
            "content": "If mentor didn't bring some odd 'invitation' to us..."
        },
        {
            "id": 57,
            "model": "앵두",
            "teller": "Aeng-du",
            "title": "Blade Lineage",
            "content": "If he hadn't caused us to flee S Corp., our home, to begin with...!"
        },
        {
            "id": 58,
            "model": "앵두",
            "teller": "Aeng-du",
            "title": "Blade Lineage",
            "content": "Oh... Yes. I hear you. Your voice is finally... growing clearer..."
        },
        {
            "id": 59,
            "model": "LCA특작팀",
            "teller": "Reticent Employee",
            "title": "LCA",
            "content": "Mutation. Distortion of the subject entity confirmed."
        },
        {
            "id": 60,
            "model": "LCA특작팀",
            "teller": "Reticent Employee",
            "title": "LCA",
            "content": "Suspicion. Phase 1 of the Monolith reactivation process may have been engaged."
        },
        {
            "id": 61,
            "content": "We can't just let her be! She's going to Distort...!"
        },
        {
            "id": 62,
            "model": "단테",
            "content": "<Meursault! Knock miss Aeng-du out!>"
        },
        {
            "id": 63,
            "model": "뫼르소",
            "content": "... Hmph!"
        },
        {
            "id": 64,
            "model": "앵두",
            "teller": "Aeng-du",
            "title": "Blade Lineage",
            "content": "Ah..."
        },
        {
            "id": 65,
            "content": "Meursault struck Aeng-du hard before the LCA agents even had the chance to do anything."
        },
        {
            "id": 66,
            "model": "LCA특작팀",
            "teller": "Reticent Employee",
            "title": "LCA",
            "content": "... Stabilized. Distortion nullified by the Subject's loss of consciousness."
        },
        {
            "id": 67,
            "model": "LCA특작팀",
            "teller": "Reticent Employee",
            "title": "LCA",
            "content": "Stab wound confirmed on subject T-276-01. Wound not critical. Will not pose challenge to retrieval and recovery."
        },
        {
            "id": 68,
            "model": "뫼르소",
            "content": "I have carried out the task as you have ordered."
        },
        {
            "id": 69,
            "model": "단테",
            "content": "<Haah... Thank you.>"
        },
        {
            "id": 70,
            "model": "로쟈",
            "content": "Woah... What just happened...?"
        },
        {
            "id": 71,
            "model": "단테",
            "content": "<Was that caused by the Monolith's influence, too?>"
        },
        {
            "id": 72,
            "model": "파우스트",
            "content": "A plausible explanation. The Monolith was properly sealed, but its lingering influence seems to have seeped into her."
        },
        {
            "id": 73,
            "teller": "Ezra",
            "title": "LCD",
            "content": "Oh! OH! Hey! The levels went bonkers over there just now!"
        },
        {
            "id": 74,
            "content": "The radio began buzzing all on its own again."
        },
        {
            "id": 75,
            "model": "LCA특작팀",
            "teller": "Reticent Employee",
            "title": "LCA",
            "content": "Requesting radio. I will receive LCD's message."
        },
        {
            "id": 76,
            "model": "단테",
            "content": "<Uh, okay.>"
        },
        {
            "id": 77,
            "model": "LCA특작팀",
            "teller": "Reticent Employee",
            "title": "LCA",
            "content": "Acknowledged. Please speak."
        },
        {
            "id": 78,
            "teller": "Ezra",
            "title": "LCD",
            "content": "Huh? Oh! You're LCA, aren't you? I'm Ezra from LCD, nice to—"
        },
        {
            "id": 79,
            "model": "LCA특작팀",
            "teller": "Reticent Employee",
            "title": "LCA",
            "content": "Acknowledged. Commencing sitrep."
        },
        {
            "id": 80,
            "teller": "Ezra",
            "title": "LCD",
            "content": "You know what? You're not the only one who knows how to cut people off. I already got your 'sitrep', okay? I don't need it."
        },
        {
            "id": 81,
            "teller": "Ezra",
            "title": "LCD",
            "content": "There are two people there, right? Just bring them both over here."
        },
        {
            "id": 82,
            "model": "LCA특작팀",
            "teller": "Reticent Employee",
            "title": "LCA",
            "content": "Negative. Exact orders state that retrieval targets are to be—"
        },
        {
            "id": 83,
            "teller": "Ezra",
            "title": "LCD",
            "content": "C'mon, loosen up some, huh~?"
        },
        {
            "id": 84,
            "model": "LCA특작팀",
            "teller": "Reticent Employee",
            "title": "LCA",
            "content": "Concern. The Monolith alone will be a difficult subject to contain."
        },
        {
            "id": 85,
            "teller": "Ezra",
            "title": "LCD",
            "content": "Aw~ That's okay. Our very own detecti— I mean, our very own LCD Team Leader said she'll take care of it."
        },
        {
            "id": 86,
            "teller": "Ezra",
            "title": "LCD",
            "content": "Besides, that Monolith? Detective and I have successfully retrieved that before."
        },
        {
            "id": 87,
            "teller": "Ezra",
            "title": "LCD",
            "content": "AND, considering that the two of them are both returnees from the Library... considering that the two of them have both been pulled from the edge of Distortion... it'll definitely help us with our records, don't you think?"
        },
        {
            "id": 88,
            "model": "LCA특작팀",
            "teller": "Reticent Employee",
            "title": "LCA",
            "content": "Understood. However—"
        },
        {
            "id": 89,
            "model": "히스클리프",
            "content": "What the hell? Are we kidnapping them for some dodgy human experiments or something?"
        },
        {
            "id": 90,
            "teller": "Ezra",
            "title": "LCD",
            "content": "Ookay, so I know that there's been scary rumors of kidnappings in T Corp., but... what we're doing here is completely unrelated, alright? I'd appreciate it if you didn't compare us to the likes of those Backstreets rumors."
        },
        {
            "id": 91,
            "teller": "Ezra",
            "title": "LCD",
            "content": "Sure, you guys can leave them there. But if we don't take them in, they'll Distort and get killed. And who knows? The Kurokumo Clan or even the Thumb could catch wind of this and pick them up instead."
        },
        {
            "id": 92,
            "model": "히스클리프",
            "content": "I suppose you're right..."
        },
        {
            "id": 93,
            "teller": "Ezra",
            "title": "LCD",
            "content": "Anyways... Make sure to bring them in! Both. Of. Them. Okay~?"
        },
        {
            "id": 94,
            "model": "LCA특작팀",
            "teller": "Reticent Employee",
            "title": "LCA",
            "content": "... Acknowledged. Retrieving now."
        },
        {
            "id": 95,
            "content": "The call dropped. The agents swarmed around the pair, bound them, and disappeared out the door. All of it was done in one, fluid, practiced motion."
        },
        {
            "id": 96,
            "content": "I don't know when it happened, but they'd already retrieved the Monolith when that LCA agent picked up LCD's call."
        },
        {
            "id": 97,
            "model": "로쟈",
            "content": "Right, so... mission accomplished, huh?"
        },
        {
            "id": 98,
            "model": "단테",
            "content": "<I guess so.>"
        },
        {
            "id": 99,
            "model": "LCA특작팀",
            "teller": "Reticent Employee",
            "title": "LCA",
            "content": "Warning. Recommended action for the manager: immediate extraction from the scene.\nImminent arrival of the Thumb: highly likely."
        },
        {
            "id": 100,
            "model": "료슈",
            "content": "So, after the Middle is the Thumb. Heh, what I wouldn't give to see the look on their stuck-up faces."
        },
        {
            "id": 101,
            "model": "이스마엘",
            "content": "I think he's telling us to get out of here before the Thumb catches us red-handed..."
        },
        {
            "id": 102,
            "model": "LCA특작팀",
            "teller": "Reticent Employee",
            "title": "LCA",
            "content": "Correction. Limbus Company was already on a crash course against the Thumb the moment we commenced this mission."
        },
        {
            "id": 103,
            "model": "이스마엘",
            "content": "... That makes sense. It'll only be a matter of time before they put the pieces together and realize that we're involved in what happened."
        },
        {
            "id": 104,
            "model": "이스마엘",
            "content": "Are you sure that we can handle not only the Middle... but also the Thumb?"
        },
        {
            "id": 105,
            "model": "LCA특작팀",
            "teller": "Reticent Employee",
            "title": "LCA",
            "content": "... Irrelevant."
        },
        {
            "id": 106,
            "model": "LCA특작팀",
            "teller": "Reticent Employee",
            "title": "LCA",
            "content": "A foe is a friend, and a friend is a foe for Limbus Company."
        },
        {
            "id": 107,
            "model": "LCA특작팀",
            "teller": "Reticent Employee",
            "title": "LCA",
            "content": "Delayed. Extracting scene first."
        },
        {
            "id": 108,
            "content": "With that cryptic message, the LCA agent quickly withdrew from the scene."
        },
        {
            "id": 109,
            "content": "He knows something, but won't tell us what it is. At least that was the impression I got from the way he spoke."
        },
        {
            "id": 110,
            "content": "I came to meet so many departments of the company in such quick succession—the LCA, the LCD, and the LCCA..."
        },
        {
            "id": 111,
            "content": "An old question arose once again. Something I'd forgotten as we kept ourselves busy with the missions we've carried out so far."
        },
        {
            "id": 112,
            "content": "I really don't know much about this company I'm working for."
        },
        {
            "id": 113,
            "content": "And there's this mysterious 'Hermann', and the equally puzzling 'Demian'."
        },
        {
            "id": 114,
            "content": "Maybe, in the grand scheme of things, I really don't know anything. Maybe what I know amounts to nothing more than a pinch of knowledge available to the powers that be."
        },
        {
            "id": 115,
            "content": "I thought we were pretty deep into our journey, but..."
        },
        {
            "id": 116,
            "content": "I was starting to feel that, in the far future, if I were to look back on the records of this journey... we wouldn't even be ten pages into the book."
        },
        {
            "id": 117,
            "content": "I began walking back to the bus with the Sinners, my head further mired in confusion."
        },
        {
            "id": 118,
            "place": "Aboard Mephistopheles",
            "model": "로쟈",
            "content": "Whewie, we really ran into a lot of people in such a short time, huh?"
        },
        {
            "id": 119,
            "model": "이스마엘",
            "content": "Well, I'm pretty happy that I got to know more about the workings of this company."
        },
        {
            "id": 120,
            "content": "Once we returned to the bus, the Sinners each began chattering away about what had just happened."
        },
        {
            "id": 121,
            "model": "싱클레어",
            "content": "... I wonder what's going to happen to Aeng-du or Bamboo-hatted Kim?"
        },
        {
            "id": 122,
            "model": "오티스",
            "content": "That does not appear to be information we are privy to. Though we all work under the same company, all that the LCD shared with us was the name of our contact: 'Ezra'."
        },
        {
            "id": 123,
            "model": "돈키호테",
            "content": "T-then, is Limbus Company truly kidnapping people for human experi—"
        },
        {
            "id": 124,
            "model": "그레고르",
            "content": "... You don't just start experimenting on humans like that. It's not something that just happens. Remember what that LCD woman said? Rumors are just that: rumors."
        },
        {
            "id": 125,
            "content": "Gregor furrowed his brows as though some unpleasant memories of the past began flooding in. He dug into his pockets for a cigarette."
        },
        {
            "id": 126,
            "model": "단테",
            "content": "<... There's LCD, but LCA just seems... really out of place. Even when compared to other departments... It's like they're from a completely different company.>"
        },
        {
            "id": 127,
            "content": "As we made our way back to the bus, I slowly began to organize my thoughts on everything that's happened."
        },
        {
            "id": 128,
            "content": "I did know that it wasn't the most productive thing for me to do."
        },
        {
            "id": 129,
            "model": "단테",
            "content": "<... Faust, you're not gonna answer any of my questions, are you?>"
        },
        {
            "id": 130,
            "model": "파우스트",
            "content": "I apologize. At the present moment, it is difficult for me to disclose any information that does not concern the LCB department."
        },
        {
            "id": 131,
            "model": "단테",
            "content": "<Haah...>"
        },
        {
            "id": 132,
            "model": "베르길리우스",
            "content": "It's like impatience is a prerequisite for boarding this bus, manager or Sinner."
        },
        {
            "id": 133,
            "content": "Vergilius sighed as he muttered. He must've seen me burying my (clock)head in my palms."
        },
        {
            "id": 134,
            "model": "베르길리우스",
            "content": "Your journey will inevitably lead to the answers to all of your questions, Dante."
        },
        {
            "id": 135,
            "model": "베르길리우스",
            "content": "Just follow the path, and it shall all be revealed. You have no reason to rush."
        },
        {
            "id": 136,
            "model": "베르길리우스",
            "content": "Besides..."
        },
        {
            "id": 137,
            "content": "Vergilius' gaze fixed, for a brief moment, slightly above my head."
        },
        {
            "id": 138,
            "content": "... I wonder if he's looking at my flame."
        },
        {
            "id": 139,
            "model": "베르길리우스",
            "content": "... It's nothing."
        },
        {
            "id": 140,
            "model": "베르길리우스",
            "content": "Hah, perhaps your impatience is rubbing off on me. I suppose I shall find out along the way as well."
        },
        {
            "id": 141,
            "content": "Vergilius scoffed, muttered something incomprehensible to himself, then turned away from me. It was clear that he had no intention of continuing this exchange."
        },
        {
            "id": 142,
            "model": "베르길리우스",
            "content": "Let's go, Charon."
        },
        {
            "id": 143,
            "model": "카론",
            "content": "Been waiting for vroom-vroom time."
        },
        {
            "id": 144,
            "model": "카론",
            "content": "Driving to the famous heights of T Corp."
        },
        {
            "id": 145,
            "model": "히스클리프",
            "content": "……."
        },
        {
            "id": 146,
            "content": "So..."
        },
        {
            "id": 147,
            "content": "... the bus took off once again, sometimes bustling, sometimes dead silent."
        }
    ]
}