{
  "dataList": [
    {
      "id": 0,
      "place": "Melted Kezhan Lobby",
      "model": "단테",
      "content": "<…!>"
    },
    {
      "id": 1,
      "content": "There was an explosive noise from a distance... and moments later, Ricardo landed before us with a boom."
    },
    {
      "id": 2,
      "model": "리카르도다침",
      "content": "I heard that the Heishou of the east were a tough bunch... but that lady was something else."
    },
    {
      "id": 3,
      "model": "리카르도다침",
      "content": "... So why'd a woman like that suddenly split from a fight...?"
    },
    {
      "id": 4,
      "model": "리카르도다침",
      "content": "Not my problem, I guess.... tsk, she's getting written down in the book, too."
    },
    {
      "id": 5,
      "model": "리카르도다침",
      "content": "Time to take care of what I really came here for… Get ready for a beatdown, coupon thieves!"
    }
  ]
}