{
    "dataList": [
        {
            "id": 0,
            "place": "Eunbong’s Bar & Fryers Kitchen",
            "content": "Ryōshū and Gregor radiated a burning viciousness."
        },
        {
            "id": 1,
            "content": "Is this… murderous aura supposed to be part of the culinary experience…?"
        },
        {
            "id": 2,
            "model": "료슈",
            "content": "What recipe are you even gonna show, more canned crapola?"
        },
        {
            "id": 3,
            "model": "그레고르",
            "content": "There’s no dish that beats the taste of survival."
        },
        {
            "id": 4,
            "model": "료슈",
            "content": "Hey, champagne hair! Get me a hen."
        },
        {
            "id": 5,
            "model": "싱클레어",
            "content": "Huh? Okay…!"
        },
        {
            "id": 6,
            "model": "그레고르",
            "content": "Yi Sang! Sorry, but can you open this can for me?"
        },
        {
            "id": 7,
            "model": "이상",
            "content": "As you so wish."
        },
        {
            "id": 8,
            "content": "The sights and sounds filling the kitchen seemed at least somewhat proper."
        },
        {
            "id": 9,
            "content": "I can hear knives hitting the cutting boards, broth boiling up in pots…"
        },
        {
            "id": 10,
            "content": "…and fire sizzling on cigarettes."
        },
        {
            "id": 11,
            "model": "단테",
            "content": "<…HUH?!! Why do I hear smoking in the kitchen?!>"
        },
        {
            "id": 12,
            "model": "그렉료슈",
            "teller": "Gregor & Ryōshū",
            "title": "Dueling Chefs",
            "content": "……"
        },
        {
            "id": 13,
            "content": "The two remained silent."
        },
        {
            "id": 14,
            "content": "Of course, as expected, the sound of a cigarette being snuffed out only came from Gregor’s side."
        }
    ]
}