{
    "dataList": [
        {
            "id": 0,
            "place": "Mirror Dungeon of the Fathoms",
            "model": "시간살인마",
            "content": "Bloody hell, this is really gettin' on my nerves. Oi!"
        },
        {
            "id": 1,
            "model": "시간살인마",
            "content": "Quit hidin' us, yeah? Give us a proper view!"
        },
        {
            "id": 2,
            "model": "시간살인마",
            "content": "Dammit... I hoped that I wouldn't have to show them my true form..."
        },
        {
            "id": 3,
            "content": "Though we couldn't be sure if there were multiple personalities in the Ripper's head, or if it was truly the voice of the 'many', we did hear several voices of varying pitches echoing from all corners of the room."
        },
        {
            "id": 4,
            "content": "The Time Ripper, cornered, grabs the lapels of his long coat, and..."
        },
        {
            "id": 5,
            "model": "탐정료슈",
            "content": "…!"
        }
    ]
}