{
    "dataList": [
        {
            "id": 0,
            "place": "T Corp. Watch Factory",
            "model": "탐정홍루",
            "content": "Maybe we can flip the script on our line of thought."
        },
        {
            "id": 1,
            "model": "탐정홍루",
            "content": "What kind of people, Rodya, do you think hate rich people? Who do you think would hate people like me?"
        },
        {
            "id": 2,
            "model": "탐정홍루",
            "content": "Well... except for my family. If I do ever get murdered under mysterious circumstances, I'm willing to bet that it's one of my family members who did me in. Or Heathcliff, fuhu."
        },
        {
            "id": 3,
            "model": "단테",
            "content": "<... That's a pretty dark joke.>"
        },
        {
            "id": 4,
            "model": "탐정로쟈",
            "content": "The culprit went straight for Bumble... but his employees literally can't move fast enough to have done that. None of them look like Distortions, either."
        },
        {
            "id": 5,
            "model": "탐정료슈",
            "content": "Yes. If the culprit's hiding among those slowpokes, Clock would've noticed it."
        },
        {
            "id": 6,
            "model": "탐정로쟈",
            "content": "Then that narrows the culprit down to... someone unrelated to this factory, someone without much time. Someone who's got a bone to pick against the time-rich."
        },
        {
            "id": 7,
            "model": "탐정홍루",
            "content": "Or it could be someone who's unhappy about the state of affairs in the T Corp. Nest."
        },
        {
            "id": 8,
            "model": "탐정홍루",
            "content": "Also... while Dante could be right, that this power was granted by a Distortion, nothing rules out the possibility that they may be using an unregistered invention."
        },
        {
            "id": 9,
            "model": "탐정료슈",
            "content": "There may be more than a single 'culprit', then."
        },
        {
            "id": 10,
            "model": "탐정로쟈",
            "content": "More than a single culprit, huh... Wait. I think I know an organization that might fit that exact description."
        },
        {
            "id": 11,
            "model": "탐정로쟈",
            "content": "... Nah, no way. I doubt it. They don't ever take drastic actions like these anymore. Even back at J Corp...."
        },
        {
            "id": 12,
            "model": "T사대표",
            "teller": "Assistant",
            "title": "T Corp.",
            "content": "Wow, that's some coincidence, isn't it? I happen to know of a group of people just like them."
        },
        {
            "id": 13,
            "content": "Some time later, in a certain alleyway..."
        },
        {
            "id": 14,
            "place": "Alleyways of T Corp.",
            "model": "T사2등급",
            "teller": "Class 2 Collection Staff",
            "title": "T Corp.",
            "content": "A group of people unhappy with the state of affairs in the Nest...?"
        },
        {
            "id": 15,
            "model": "T사2등급",
            "teller": "Class 2 Collection Staff",
            "title": "T Corp.",
            "content": "Perhaps you are looking for the Yurodiviye?"
        },
        {
            "id": 16,
            "model": "탐정로쟈",
            "content": "…!"
        },
        {
            "id": 17,
            "model": "탐정홍루",
            "content": "Ah, that rings a bell! Isn't your friend the founder of that organization, Rodya?"
        },
        {
            "id": 18,
            "content": "Rodya stopped dead in her tracks."
        },
        {
            "id": 19,
            "model": "탐정로쟈",
            "content": "The Yurodiviye..."
        },
        {
            "id": 20,
            "model": "탐정로쟈",
            "content": "Here...?"
        },
        {
            "id": 21,
            "model": "T사2등급",
            "teller": "Class 2 Collection Staff",
            "title": "T Corp.",
            "content": "Do you know something about that organization?"
        },
        {
            "id": 22,
            "model": "T사2등급",
            "teller": "Class 2 Collection Staff",
            "title": "T Corp.",
            "content": "I did hear that they've been spreading through the Nests as of late. Though it hasn't been long since they started poppin' up within T Corp.'s borders."
        },
        {
            "id": 23,
            "model": "T사2등급",
            "teller": "Class 2 Collection Staff",
            "title": "T Corp.",
            "content": "So direct T Corp. employees like myself have been stationed all over the Nest to question any suspicious individuals."
        },
        {
            "id": 24,
            "model": "T사2등급",
            "teller": "Class 2 Collection Staff",
            "title": "T Corp.",
            "content": "Methinks it's a real bother. Standing guard here, all this stop-and-search... So tedious."
        },
        {
            "id": 25,
            "model": "탐정로쟈",
            "content": "So... what are the Yurodiviye up to 'round here?"
        },
        {
            "id": 26,
            "model": "T사2등급",
            "teller": "Class 2 Collection Staff",
            "title": "T Corp.",
            "content": "All kinds of stuff that petty thieves get up to. Stealing things like time or money."
        },
        {
            "id": 27,
            "model": "T사2등급",
            "teller": "Class 2 Collection Staff",
            "title": "T Corp.",
            "content": "Well, I did hear that they also do some pro bono detective work for people who can't afford the time or money to hire people, and—"
        },
        {
            "id": 28,
            "model": "T사2등급",
            "teller": "Class 2 Collection Staff",
            "title": "T Corp.",
            "content": "Wait, stop right there, you! What are you looking around all shifty for, eh? It's a stop-and-search!"
        },
        {
            "id": 29,
            "model": "T사시민",
            "teller": "Passerby",
            "title": "District 20",
            "content": "Wha— Hey, I'm just trying to walk away from that lady with the cig and that creepy glare...!"
        },
        {
            "id": 30,
            "model": "탐정료슈",
            "content": "……."
        },
        {
            "id": 31,
            "model": "탐정로쟈",
            "content": "... Where can we find them? The Yurodiviye."
        },
        {
            "id": 32,
            "model": "T사2등급",
            "teller": "Class 2 Collection Staff",
            "title": "T Corp.",
            "content": "Well, it probably ain't too difficult. Let's see, they're—"
        },
        {
            "id": 33,
            "model": "단테",
            "content": "<Hong Lu!!!>"
        },
        {
            "id": 34,
            "content": "A sudden explosion tore Hong Lu to shreds as he was peeking around an alleyway..."
        },
        {
            "id": 35,
            "model": "T사대표",
            "teller": "Assistant",
            "title": "T Corp.",
            "content": "Speak of the devil... Maybe I should've activated their badges earlier."
        },
        {
            "id": 36,
            "model": "단테",
            "content": "<Activate our badges...?>"
        },
        {
            "id": 37,
            "model": "탐정로쟈",
            "content": "Whew... Starting off with a bang, huh? Good luck, Dante..."
        },
        {
            "id": 38,
            "model": "탐정로쟈",
            "content": "Let's bring him back."
        },
        {
            "id": 39,
            "model": "단테",
            "content": "<Gotcha. Turning the clock now.>"
        },
        {
            "id": 40,
            "model": "T사2등급",
            "teller": "Class 2 Collection Staff",
            "title": "T Corp.",
            "content": "Wait, you can bring him back?"
        },
        {
            "id": 41,
            "model": "유로지비멤버1",
            "teller": "Meticulous Activist",
            "title": "District 20 Yurodivy",
            "content": "There! The explosion came from that way!"
        },
        {
            "id": 42,
            "model": "유로지비멤버2",
            "teller": "Aggressive Activist",
            "title": "District 20 Yurodivy",
            "content": "Damn watch chains of T Corp...! Here to collect your filthy dues, eh?!"
        },
        {
            "id": 43,
            "model": "탐정로쟈",
            "content": "Mmkay, no time to explain, right? Then let's talk about that later."
        }
    ]
}