{
    "dataList": [
        {
            "id": 0,
            "place": "Eunbong’s Bar & Fryers Kitchen",
            "model": "단테",
            "content": "<You know we only have two chances left, right, team?>"
        },
        {
            "id": 1,
            "model": "단테",
            "content": "<How about we start with Meursault’s, made by following the formula to a tee?>"
        },
        {
            "id": 2,
            "content": "Prepared with pinpoint precision, Meursault’s dish looked like a picture in a cookbook come to life."
        },
        {
            "id": 3,
            "model": "단테",
            "content": "<Right, we have something that looks like an actual serving, so that’s a good start.>"
        },
        {
            "id": 4,
            "model": "뒤틀린주인카운트2",
            "teller": "Eunbong’s Bar & Fryers Owner",
            "title": "Eunbong’s Bar & Fryers",
            "content": "……"
        },
        {
            "id": 5,
            "content": "After having a taste of Meursault’s work, the restaurant owner quietly savored it, contemplating for a while."
        },
        {
            "id": 6,
            "model": "뒤틀린주인카운트2",
            "teller": "Eunbong’s Bar & Fryers Owner",
            "title": "Eunbong’s Bar & Fryers",
            "content": "……"
        },
        {
            "id": 7,
            "model": "뒤틀린주인카운트2",
            "teller": "Eunbong’s Bar & Fryers Owner",
            "title": "Eunbong’s Bar & Fryers",
            "content": "Gagaga… Gigigi… Gugugu…"
        },
        {
            "id": 8,
            "model": "단테",
            "content": "<“I had to ruminate on this dish for a long time. It was an excellent serving in all tangible ways—the smell, the taste, the presentation. Yet, I felt that it was still missing something I couldn’t quite describe with words.”>"
        },
        {
            "id": 9,
            "model": "뒤틀린주인카운트2",
            "teller": "Eunbong’s Bar & Fryers Owner",
            "title": "Eunbong’s Bar & Fryers",
            "content": "Gegegeh… Gogogo…"
        },
        {
            "id": 10,
            "model": "단테",
            "content": "<“And that… was professionalism as a cook. An ironic smidgen of a blemish within perfection…”>"
        },
        {
            "id": 11,
            "model": "뒤틀린주인카운트3",
            "teller": "Eunbong’s Bar & Fryers Owner",
            "title": "Eunbong’s Bar & Fryers",
            "content": "……"
        },
        {
            "id": 12,
            "model": "단테",
            "content": "<“That is why this dish cannot get a pass, unfortunately.”>"
        },
        {
            "id": 13,
            "model": "이스마엘",
            "content": "He suddenly started sounding like a posh judge…"
        },
        {
            "id": 14,
            "model": "히스클리프",
            "content": "Someone tug the mask off that blighter’s head. The only thing distorted ‘bout him might be his crooked attitude."
        },
        {
            "id": 15,
            "model": "뫼르소요리사",
            "content": "…Je m’avoue vaincu."
        },
        {
            "id": 16,
            "model": "뫼르소요리사",
            "content": "Nevertheless, I hold no regrets over this battle."
        },
        {
            "id": 17,
            "model": "단테",
            "content": "<At least the chickens aren’t bum-rushing us this time.>"
        },
        {
            "id": 18,
            "content": "With only one chance left, Outis brought her dish to the table."
        },
        {
            "id": 19,
            "model": "단테",
            "content": "<It looks neat. Nothing too fancy, but still simple and clean.>"
        },
        {
            "id": 20,
            "model": "단테",
            "content": "<What are these couple of needles on the dish for, Outis? They look like a clock’s hands.>"
        },
        {
            "id": 21,
            "model": "오티스요리사",
            "content": "They are a simple decoration I added in tribute to you, Executive Manager."
        },
        {
            "id": 22,
            "model": "단테",
            "content": "<Ooo…! I’d give bonus points if I could.>"
        },
        {
            "id": 23,
            "model": "이스마엘",
            "content": "Ugh…"
        },
        {
            "id": 24,
            "model": "뒤틀린주인",
            "teller": "Eunbong’s Bar & Fryers Owner",
            "title": "Eunbong’s Bar & Fryers",
            "content": "……"
        },
        {
            "id": 25,
            "model": "뒤틀린주인",
            "teller": "Eunbong’s Bar & Fryers Owner",
            "title": "Eunbong’s Bar & Fryers",
            "content": "!!!"
        },
        {
            "id": 26,
            "content": "The comment that followed from the owner was too sensational for me to put into words."
        },
        {
            "id": 27,
            "teller": "Owner’s Momma",
            "title": "Eunbong’s Bar & Fryers",
            "content": "You’re such a mess! What are you doing with that freaky mask on your head?"
        },
        {
            "id": 28,
            "teller": "Owner’s Momma",
            "title": "Eunbong’s Bar & Fryers",
            "content": "Back in your momma’s day, we grinned and bore with all sorts of nonsense! How are you gonna live through this unforgiving world if you get all heartbroken over something so small? Get it together already…"
        },
        {
            "id": 29,
            "content": "My mother… was always like that."
        },
        {
            "id": 30,
            "content": "Rather than kind and caring words, she would scold me with her nitpicky lectures."
        },
        {
            "id": 31,
            "content": "She was so particular about chicken, too, rarely touching a piece that anybody else would take in a heartbeat…"
        },
        {
            "id": 32,
            "content": "Running this restaurant, I had forgotten something important."
        },
        {
            "id": 33,
            "content": "I…"
        },
        {
            "id": 34,
            "model": "뒤틀린주인",
            "teller": "Eunbong’s Bar & Fryers Owner",
            "title": "Eunbong’s Bar & Fryers",
            "content": "Oh, mother…"
        },
        {
            "id": 35,
            "model": "단테",
            "content": "<Now’s our chance! The Distortion or whatever on him is weakening!>"
        },
        {
            "id": 36,
            "model": "싱클레어",
            "content": "Look at this! Some kind of door has appeared next to him!"
        },
        {
            "id": 37,
            "model": "싱클레어",
            "content": "Should we go through it?"
        },
        {
            "id": 38,
            "model": "로쟈",
            "content": "What made Outie’s dish stand out anyway?"
        },
        {
            "id": 39,
            "model": "오티스요리사",
            "content": "Let us march, soldiers. May we see the end of this."
        }
    ]
}