{
    "dataList": [
        {
            "id": 0,
            "content": "The child spent his days and nights in that glass tube."
        },
        {
            "id": 1,
            "content": "It was to keep him in the \"most stable state\" as K Corp. determined."
        },
        {
            "id": 2,
            "content": "In that coffin of glass, the child's body sleeps all the time."
        },
        {
            "id": 3,
            "content": "Until he's woken up from the outside, that is."
        },
        {
            "id": 4,
            "model": "홍루",
            "teller": "Hong Lu",
            "title": "K Corp. Class 3 Excision Staff",
            "content": "Ah~ Hard at work as usual, I see~ The ones that came here earlier left for lunch, I presume?"
        },
        {
            "id": 5,
            "teller": "Excision Management Staff",
            "title": "K Corp.",
            "content": "……."
        },
        {
            "id": 6,
            "model": "홍루",
            "teller": "Hong Lu",
            "title": "K Corp. Class 3 Excision Staff",
            "content": "Have you had your meal? What did you eat today?"
        },
        {
            "id": 7,
            "teller": "Excision Management Staff",
            "title": "K Corp.",
            "content": "……."
        },
        {
            "id": 8,
            "model": "홍루",
            "teller": "Hong Lu",
            "title": "K Corp. Class 3 Excision Staff",
            "content": "Not interested in food talk? Then..."
        },
        {
            "id": 9,
            "teller": "Excision Management Staff",
            "title": "K Corp.",
            "content": "Don't you ever get tired of yapping like that every day?"
        },
        {
            "id": 10,
            "model": "홍루",
            "teller": "Hong Lu",
            "title": "K Corp. Class 3 Excision Staff",
            "content": "Ahh~ You're looking me in the eye at last~"
        },
        {
            "id": 11,
            "content": "Perhaps the researcher was taking a moment to regret pressing the button to wake the child up."
        },
        {
            "id": 12,
            "content": "Among the employees called the Excision staff in K Corp., those belonging to Class 3 spend all of their time outside deployment to missions in those glass tubes."
        },
        {
            "id": 13,
            "content": "Since Class 3 staff inject themselves with heavy doses of the ampule more often than most other employees, they're forced to live in those tubes to raise the compatibility. The ampules could decay them if its configuration is ever so slightly off."
        },
        {
            "id": 14,
            "teller": "Excision Management Staff",
            "title": "K Corp.",
            "content": "I'm just amazed you can blather on as soon as you get up... It's not just ordinary sleep, you're put in suspended animation."
        },
        {
            "id": 15,
            "model": "홍루",
            "teller": "Hong Lu",
            "title": "K Corp. Class 3 Excision Staff",
            "content": "Well~ It's something I could get used to."
        },
        {
            "id": 16,
            "content": "As they mentioned, their sleep is different from what we normally think. Their consciousness is put in a state of total suspension."
        },
        {
            "id": 17,
            "content": "Even the subconscious thoughts that change in dreams have the risk of causing decay."
        },
        {
            "id": 18,
            "content": "Yet, the child doesn't seem to be affected by its aftereffects; he looks refreshed, rather."
        },
        {
            "id": 19,
            "model": "홍루",
            "teller": "Hong Lu",
            "title": "K Corp. Class 3 Excision Staff",
            "content": "Haha, I can't go outside when I want to, as you know. How else can I relieve this boredom?"
        },
        {
            "id": 20,
            "teller": "Excision Management Staff",
            "title": "K Corp.",
            "content": "Seriously... I have no idea how you ended up here. You'd have landed in any other department if it weren't for your ampule compatibility."
        },
        {
            "id": 21,
            "model": "홍루",
            "teller": "Hong Lu",
            "title": "K Corp. Class 3 Excision Staff",
            "content": "Mm~ I wouldn't say so. It was my grandmother who sent me here."
        },
        {
            "id": 22,
            "teller": "Excision Management Staff",
            "title": "K Corp.",
            "content": "Your grandmother?"
        },
        {
            "id": 23,
            "model": "홍루",
            "teller": "Hong Lu",
            "title": "K Corp. Class 3 Excision Staff",
            "content": "That's right~ She told me to see more of the City and learn how the world goes."
        },
        {
            "id": 24,
            "teller": "Excision Management Staff",
            "title": "K Corp.",
            "content": "So basically... You got here by nepotism, right? And your...grandmother is someone with power. Is Excision really the kind of job to favor, though...?"
        },
        {
            "id": 25,
            "content": "Instead of laughter, the child replied by making bubbles."
        },
        {
            "id": 26,
            "content": "When the researcher looked up in a hurry to see what was going on, they only found the child smiling with his eyes closed."
        },
        {
            "id": 27,
            "teller": "Excision Management Staff",
            "title": "K Corp.",
            "content": "You frightened me for a second..."
        },
        {
            "id": 28,
            "model": "홍루",
            "teller": "Hong Lu",
            "title": "K Corp. Class 3 Excision Staff",
            "content": "Huhu, I just laughed because it was funny."
        },
        {
            "id": 29,
            "model": "홍루",
            "teller": "Hong Lu",
            "title": "K Corp. Class 3 Excision Staff",
            "content": "Well~ I don't know what my grandmother is thinking, and I frankly don't care~"
        },
        {
            "id": 30,
            "model": "홍루",
            "teller": "Hong Lu",
            "title": "K Corp. Class 3 Excision Staff",
            "content": "But I do think it's not bad to try this kind of work."
        },
        {
            "id": 31,
            "teller": "Excision Management Staff",
            "title": "K Corp.",
            "content": "……."
        },
        {
            "id": 32,
            "content": "An alarm buzzed around the wrist of the researcher who was looking at the child with mixed feelings."
        },
        {
            "id": 33,
            "teller": "Excision Management Staff",
            "title": "K Corp.",
            "content": "Here's something to clear your boredom: you're up for a deployment."
        },
        {
            "id": 34,
            "model": "홍루",
            "teller": "Hong Lu",
            "title": "K Corp. Class 3 Excision Staff",
            "content": "Aha! I knew it!"
        },
        {
            "id": 35,
            "content": "The child..."
        },
        {
            "id": 36,
            "content": "Took little time to arrive at the location where the order was made."
        },
        {
            "id": 37,
            "model": "홍루",
            "teller": "Hong Lu",
            "title": "K Corp. Class 3 Excision Staff",
            "content": "Alright... I'll commence the excision now."
        },
        {
            "id": 38,
            "content": "Spinning his weapon around, the child rushed at his enemy."
        },
        {
            "id": 39,
            "content": "For someone who was at work, he looked exceedingly delighted."
        },
        {
            "id": 40,
            "content": "It's like he was excited to have new experiences."
        }
    ]
}