{
  "dataList": [
    {
      "id": 0,
      "content": "The child is already so busy, so early in the morning."
    },
    {
      "id": 1,
      "content": "Browsing through several layers of fabric, cutting them into shapes, and sewing them in various elaborate patterns with a needle as thick as her fingers."
    },
    {
      "id": 2,
      "content": "And after the busyness passes, she stands in one spot and stares intently at something."
    },
    {
      "id": 3,
      "model": "오티스",
      "teller": "Outis",
      "title": "The Barber of La Manchaland",
      "content": "Hm... This seems slightly off-balance."
    },
    {
      "id": 4,
      "content": "The child quickly sewed together a whole party dress and placed it on a mannequin."
    },
    {
      "id": 5,
      "content": "It looked downright dazzling from a glance, but... perhaps there was something that the child found unsatisfying."
    },
    {
      "id": 6,
      "model": "로쟈",
      "teller": "???",
      "title": "The Princess of La Manchaland",
      "content": "On a block again?"
    },
    {
      "id": 7,
      "content": "A high-pitched click-clack of heels cuts into the quiet, heavy atmosphere of the tailor's room..."
    },
    {
      "id": 8,
      "content": "... and a large shadow comes up to the child before coming to a stop."
    },
    {
      "id": 9,
      "model": "오티스",
      "teller": "Outis",
      "title": "The Barber of La Manchaland",
      "content": "Must you keep that parasol unfurled indoors as well? It blurs the colors on my artwork."
    },
    {
      "id": 10,
      "model": "로쟈",
      "teller": "???",
      "title": "The Princess of La Manchaland",
      "content": "Didn't ya know? Sunlight is not the only enemy of maintaining smooth skin. Your harsh lighting doesn't help."
    },
    {
      "id": 11,
      "content": "The other child was garbed in a garish purple dress and carried a large parasol with her. She replies, but doesn't look terribly interested."
    },
    {
      "id": 12,
      "content": "She did not raise her head even once from her nails to look at the child, clearly uninterested in anything else that wasn't her."
    },
    {
      "id": 13,
      "model": "오티스",
      "teller": "Outis",
      "title": "The Barber of La Manchaland",
      "content": "... Hmph. I won't deny that."
    },
    {
      "id": 14,
      "model": "오티스",
      "teller": "Outis",
      "title": "The Barber of La Manchaland",
      "content": "So, what brings you to the tailor's room? Isn't the Parade beginning soon?"
    },
    {
      "id": 15,
      "model": "로쟈",
      "teller": "???",
      "title": "The Princess of La Manchaland",
      "content": "Well, that's exactly why I'm here."
    },
    {
      "id": 16,
      "model": "오티스",
      "teller": "Outis",
      "title": "The Barber of La Manchaland",
      "content": "Okay, which still does not answer my question."
    },
    {
      "id": 17,
      "model": "로쟈",
      "teller": "???",
      "title": "The Princess of La Manchaland",
      "content": "You're gonna start moping and getting mad if I tell ya that I've been having some... problems with the dress you made."
    },
    {
      "id": 18,
      "model": "오티스",
      "teller": "Outis",
      "title": "The Barber of La Manchaland",
      "content": "Problems?!"
    },
    {
      "id": 19,
      "model": "로쟈",
      "teller": "???",
      "title": "The Princess of La Manchaland",
      "content": "Haah."
    },
    {
      "id": 20,
      "content": "The child, with her nails painted purple as well, let out a small sigh. She could already see how the rest of this conversation was going to go."
    },
    {
      "id": 21,
      "content": "... But she could hardly bring herself to attend the Parade in an imperfect costume, so unfit for the occasion."
    },
    {
      "id": 22,
      "content": "So, unfortunately, she was left without a choice. She had to visit the tailor's room."
    },
    {
      "id": 23,
      "model": "오티스",
      "teller": "Outis",
      "title": "The Barber of La Manchaland",
      "content": "That is simply impossible! I measure and review every single thread that passes through my hands; not to mention that your costume was the one I put my utmost—"
    },
    {
      "id": 24,
      "model": "로쟈",
      "teller": "???",
      "title": "The Princess of La Manchaland",
      "content": "It's gotten loose down here."
    },
    {
      "id": 25,
      "model": "로쟈",
      "teller": "???",
      "title": "The Princess of La Manchaland",
      "content": "I lost weight. Not your fault, okay?"
    },
    {
      "id": 26,
      "model": "오티스",
      "teller": "Outis",
      "title": "The Barber of La Manchaland",
      "content": "Wha—"
    },
    {
      "id": 27,
      "content": "The child hurriedly approached her with a tape measure."
    },
    {
      "id": 28,
      "model": "오티스",
      "teller": "Outis",
      "title": "The Barber of La Manchaland",
      "content": "It's... true? Have you been skipping your meals...?"
    },
    {
      "id": 29,
      "model": "로쟈",
      "teller": "???",
      "title": "The Princess of La Manchaland",
      "content": "If by 'meals' you're referring to hemobars that taste like bricks... then no. 'Course not."
    },
    {
      "id": 30,
      "model": "오티스",
      "teller": "Outis",
      "title": "The Barber of La Manchaland",
      "content": "... Well, on the brighter side, this may be a chance to give a stylistic lift to that dress."
    },
    {
      "id": 31,
      "model": "오티스",
      "teller": "Outis",
      "title": "The Barber of La Manchaland",
      "content": "But I worry that your beautiful face may grow sunken."
    },
    {
      "id": 32,
      "model": "로쟈",
      "teller": "???",
      "title": "The Princess of La Manchaland",
      "content": "Then I'll leave that up for you to deal with. It's your job to make me look cute, after all."
    },
    {
      "id": 33,
      "model": "로쟈",
      "teller": "???",
      "title": "The Princess of La Manchaland",
      "content": "How about a beautiful mask for me?"
    },
    {
      "id": 34,
      "model": "오티스",
      "teller": "Outis",
      "title": "The Barber of La Manchaland",
      "content": "... I suppose I can do that."
    },
    {
      "id": 35,
      "model": "오티스",
      "teller": "Outis",
      "title": "The Barber of La Manchaland",
      "content": "I agree that it is getting increasingly difficult to subsist on hemobars, given our recent... meal."
    },
    {
      "id": 36,
      "content": "The child thinks back to the 'banquet', muttering to herself."
    },
    {
      "id": 37,
      "content": "The child and her Family... hadn't had a real meal like that in a long, long time."
    },
    {
      "id": 38,
      "content": "They had to convince a human, a guest here at La Manchaland..."
    },
    {
      "id": 39,
      "model": "오티스",
      "teller": "Outis",
      "title": "The Barber of La Manchaland",
      "content": "Long did I assume that we were cursed to look hideous without masks... It seems that I was wrong."
    },
    {
      "id": 40,
      "model": "오티스",
      "teller": "Outis",
      "title": "The Barber of La Manchaland",
      "content": "The sheer flavor was one thing, but... I could hardly believe how we managed to go so long without a proper meal."
    },
    {
      "id": 41,
      "model": "로쟈",
      "teller": "???",
      "title": "The Princess of La Manchaland",
      "content": "Mm... it certainly was a pleasant banquet."
    },
    {
      "id": 42,
      "model": "로쟈",
      "teller": "???",
      "title": "The Princess of La Manchaland",
      "content": "I see that your tailor's scissors have grown as well, thanks to the blood."
    },
    {
      "id": 43,
      "model": "오티스",
      "teller": "Outis",
      "title": "The Barber of La Manchaland",
      "content": "Heh, that's why these scissors work so well now."
    },
    {
      "id": 44,
      "content": "For a moment, the pair seemed to be reminiscing a certain shared memory together..."
    },
    {
      "id": 45,
      "content": "... before gritting their teeth."
    },
    {
      "id": 46,
      "model": "오티스",
      "teller": "Outis",
      "title": "The Barber of La Manchaland",
      "content": "I don't suppose... Father will be returning anytime soon."
    },
    {
      "id": 47,
      "model": "오티스",
      "teller": "Outis",
      "title": "The Barber of La Manchaland",
      "content": "From that adventure... for the helm."
    },
    {
      "id": 48,
      "model": "로쟈",
      "teller": "???",
      "title": "The Princess of La Manchaland",
      "content": "Well, his powers are unparalleled and ineffable. Let's try not to make any hasty guesses."
    },
    {
      "id": 49,
      "model": "로쟈",
      "teller": "???",
      "title": "The Princess of La Manchaland",
      "content": "Still, I guess the whole point in his eyes was that he wanted to go on an adventure like humans do, without his powers as a Bloodfiend, I suppose..."
    },
    {
      "id": 50,
      "model": "오티스",
      "teller": "Outis",
      "title": "The Barber of La Manchaland",
      "content": "... At least for now, yes."
    },
    {
      "id": 51,
      "model": "로쟈",
      "teller": "???",
      "title": "The Princess of La Manchaland",
      "content": "Yeah. And once he returns... you know what to do, right?"
    },
    {
      "id": 52,
      "model": "오티스",
      "teller": "Outis",
      "title": "The Barber of La Manchaland",
      "content": "……."
    },
    {
      "id": 53,
      "content": "Heavy silence fell upon them, but they both read in the eyes of one another a certain agreement."
    },
    {
      "id": 54,
      "content": "A certain agreement to enact a plan... a plan so terrifying, that they couldn't even bring themselves to speak of it."
    }
  ]
}