{
    "dataList": [
        {
            "id": 0,
            "content": "The nature of art is what shatters like diffuse reflection of radiance upon the irregular surfaces of fragmented mirror shards."
        },
        {
            "id": 1,
            "content": "It is labyrinthine, unpredictable, completely devoid of any plainly coherent pattern... and unfathomably beautiful."
        },
        {
            "id": 2,
            "content": "Because anything can be painted, and any sense of imagination brought forth to reality..."
        },
        {
            "id": 3,
            "content": "... even things beyond our ken may be conceived and be used as inspiration through the lens of art created by others."
        },
        {
            "id": 4,
            "content": "Thus, choosing the Ring and the path of art was a decision most wise."
        },
        {
            "id": 5,
            "content": "Perhaps my life itself has been a living artistry from its incipience."
        },
        {
            "id": 6,
            "content": "My interests were as diverse as the seven colors of the light spectrum, fanning and radiating in all directions like shattering rays of diffuse reflection upon an irregular surface."
        },
        {
            "id": 7,
            "content": "Yet, the life of fixation with a single subject, technology... Sitting in conferences after conferences of mediocre, predictable 'discoveries'... That was never the kind of life I deserved."
        },
        {
            "id": 8,
            "content": "Thus it was by great fortune that the Pointillists approached me and thought to offer a place among their ranks."
        },
        {
            "id": 9,
            "content": "A universe of infinity held within a singular dot. Thus a collection of dots a collection of infinities does it become, a concentration of dots a concentration of universes; then birthed anew is yet another ineffably vast universe..."
        },
        {
            "id": 10,
            "content": "The Pointillists create art I could behold and ponder for all eternity. My attraction to it must have been written afore it came to be."
        },
        {
            "id": 11,
            "content": "The graceful title of 'Student of the Ring' gave me fabricated wings of freedom and unbound my potential."
        },
        {
            "id": 12,
            "content": "What laughably witless days I have endured! My wings were there all along, only waiting to be painted into existence by my hands. My infantine, childish self could never have reached this understanding with his juvenile fascination with tinkering frivolous machine parts together."
        },
        {
            "id": 13,
            "content": "Ah... how regrettable they are, the days I have wasted in utter inanity."
        },
        {
            "id": 14,
            "content": "The days I have wasted away in a heedless haze, believing every mired hour I had spent there to be my fate."
        },
        {
            "id": 15,
            "content": "Thus wielded in my palms is my great brush; a tool with which I shall mold and transform my past."
        },
        {
            "id": 16,
            "content": "The pointless past is burned as sacrifice for art; what was once perceived to be of no worth is molded into beauty in an instant."
        },
        {
            "id": 17,
            "content": "I am but a Student of the Ring; yet, should I trace the steps of the Maestros who have created countless masterpieces... my very own skills shall grow to its apex ere long."
        },
        {
            "id": 18,
            "content": "Ah, my heart is now lightened. I should be able to participate in this 'assignment evaluation' with a mind unburdened."
        },
        {
            "id": 19,
            "content": "... It takes little time before I find myself at the evaluation site."
        },
        {
            "id": 20,
            "content": "A group of people stand uneasily among various revolting 'artwork' that inspire nothing but utter confusion."
        },
        {
            "id": 21,
            "content": "They plead and plead, knocking fervently at my heart so that their voices may be heard. Yet, to my ears, they are merely inaudible murmurs, nothing more than bothersome noise."
        },
        {
            "id": 22,
            "content": "The noise is likely an amalgamation of desperate attempts at receiving a passing grade..."
        },
        {
            "id": 23,
            "content": "But they each receive a failing grade nonetheless."
        },
        {
            "id": 24,
            "content": "It is all pointless."
        },
        {
            "id": 25,
            "content": "Yet..."
        },
        {
            "id": 26,
            "content": "Indeed, the lack of meaning signifies not the lack of answers."
        },
        {
            "id": 27,
            "content": "I gather the terrified civilians. Inform them that I shall now bequeath upon them a holistic critique of their works."
        },
        {
            "id": 28,
            "content": "Indeed. A critique of this 'collaborative' effort."
        },
        {
            "id": 29,
            "content": "Of course, each of their work is a result of individual effort. Yet, should their work be assisted by my artistic eye, unripe as it is, then..."
        },
        {
            "id": 30,
            "content": "... it shall make for quite the excellent collaborative piece of art."
        },
        {
            "id": 31,
            "content": "Some of their faces contort with a clear look of bewilderment. Ah, a moment of utter ideality. A universally shared look of shock would have been so... plain."
        },
        {
            "id": 32,
            "content": "And with such joy, such delight..."
        },
        {
            "id": 33,
            "content": "I wield my great paintbrush and rapidly pierce it into my ingredients, marking each of them with dots."
        },
        {
            "id": 34,
            "content": "Explosive splashes of red paint."
        },
        {
            "id": 35,
            "content": "Shock. Fear. Panic and desperation. I behold so, so many final sentiments fade as they drop to the cold floor in all of its unconscious amorphousness, with no more mind to guide the flesh."
        },
        {
            "id": 36,
            "content": "My heart swells with this excellent presentation; they have prepared for me such a beautiful collaborate effort where even I, as a mere spectator, was allowed to partake in its beauty."
        },
        {
            "id": 37,
            "content": "How could I give them anything else but a review most glowing?"
        },
        {
            "id": 38,
            "content": "Thus I rate this artwork..."
        },
        {
            "id": 39,
            "content": "A+."
        }
    ]
}