{
  "dataList": [
    {
      "id": 0,
      "model": "홍루",
      "title": "Tingtang Boss",
      "content": "Okay, one at a time, one at a time~"
    },
    {
      "id": 1,
      "content": "The child’s hands and feet were too quick for the eyes to follow."
    },
    {
      "id": 2,
      "model": "홍루",
      "title": "Tingtang Boss",
      "content": "Ah~ You there, slacker~ I’ll carve out your skull if you keep half-assing your swing~"
    },
    {
      "id": 3,
      "teller": "Disciplined Lackey",
      "title": "Tingtang Gang",
      "content": "Yessir! Sorry, sir!"
    },
    {
      "id": 4,
      "content": "The child makes sure to check on his subordinates even as his hands are occupied."
    },
    {
      "id": 5,
      "model": "홍루",
      "title": "Tingtang Boss",
      "content": "Alright, alright. So, what are you here for again?"
    },
    {
      "id": 6,
      "content": "The child questioned the trespassers on his turf. His hands didn’t neglect to cut down approaching foes as he spoke."
    },
    {
      "id": 7,
      "teller": "Wincing Intruder",
      "title": "???",
      "content": "Urgh… The—The car pagoda…"
    },
    {
      "id": 8,
      "model": "홍루",
      "title": "Tingtang Boss",
      "content": "The pagodas? What about them?"
    },
    {
      "id": 9,
      "teller": "Wincing Intruder",
      "title": "???",
      "content": "The rumors… about J Corp…"
    },
    {
      "id": 10,
      "model": "홍루",
      "title": "Tingtang Boss",
      "content": "…Umm~ Anyone know what this guy’s talking about?"
    },
    {
      "id": 11,
      "content": "The child apathetically asked his men for an explanation. One of them was quick to fill him in."
    },
    {
      "id": 12,
      "teller": "Disciplined Lackey",
      "title": "Tingtang Gang",
      "content": "I-I’d guess it’s about… the, err, wheel of fortune thing, boss."
    },
    {
      "id": 13,
      "model": "홍루",
      "title": "Tingtang Boss",
      "content": "The wheel of fortune…? Like, the one in those tarot cards?"
    },
    {
      "id": 14,
      "content": "The child turned to the invaders, his biggest question still unanswered."
    },
    {
      "id": 15,
      "model": "홍루",
      "title": "Tingtang Boss",
      "content": "Why would you look for it in our turf?"
    },
    {
      "id": 16,
      "teller": "Wincing Intruder",
      "title": "???",
      "content": "…The wheels."
    },
    {
      "id": 17,
      "model": "홍루",
      "title": "Tingtang Boss",
      "content": "Eh?"
    },
    {
      "id": 18,
      "teller": "Wincing Intruder",
      "title": "???",
      "content": "…Cars… have… lots of them…"
    },
    {
      "id": 19,
      "content": "The child’s eyes narrowed, and soon crumpled into an annoyed frown."
    },
    {
      "id": 20,
      "content": "Then…"
    },
    {
      "id": 21,
      "model": "홍루",
      "title": "Tingtang Boss",
      "content": "That’s rather anticlimactic… How about you all just die?"
    },
    {
      "id": 22,
      "content": "He declared with an icy voice while gripping his dagger."
    }
  ]
}