{
    "dataList": [
        {
            "id": 0,
            "content": "The training hall was bustling with noise."
        },
        {
            "id": 1,
            "content": "Sounds of training swords clashing against one another, loud noises from Association members' busy footwork scraping against the wooden floor."
        },
        {
            "id": 2,
            "model": "싱클레어",
            "teller": "Sinclair",
            "title": "Cinq Section 4 Director",
            "content": "Right, this is going to be our third engagement..."
        },
        {
            "id": 3,
            "teller": "Brave Association Member",
            "title": "Cinq Section 4",
            "content": "Yessir!"
        },
        {
            "id": 4,
            "content": "The child was a part of that noise."
        },
        {
            "id": 5,
            "content": "... Well, to be more precise, the child's timid voice was presently getting buried in the noise."
        },
        {
            "id": 6,
            "model": "싱클레어",
            "teller": "Sinclair",
            "title": "Cinq Section 4 Director",
            "content": "You should try going on the offensive first..."
        },
        {
            "id": 7,
            "content": "The child drew his sword, looking somewhat hesitant."
        },
        {
            "id": 8,
            "content": "One may see a meek and nervous child with not a speck of talent in the art of dueling, going by the way he carried himself..."
        },
        {
            "id": 9,
            "teller": "Brave Association Member",
            "title": "Cinq Section 4",
            "content": "Gulp..."
        },
        {
            "id": 10,
            "content": "... but for whatever reason, the opposing Association member appeared extremely tense, as though he was facing off against an overwhelming foe."
        },
        {
            "id": 11,
            "model": "싱클레어",
            "teller": "Sinclair",
            "title": "Cinq Section 4 Director",
            "content": "On the third engagement, it's important to... ah, parry and redirect your opponent's straightforward momentum to the side..."
        },
        {
            "id": 12,
            "teller": "Brave Association Member",
            "title": "Cinq Section 4",
            "content": "Yes, Director...!"
        },
        {
            "id": 13,
            "content": "The child, with his trembling and nervous voice, was teaching swordplay to the Association member. A confusing sight, indeed."
        },
        {
            "id": 14,
            "content": "Even more confusing was that, somehow, the child was the Director of Cinq Association Section 4."
        },
        {
            "id": 15,
            "model": "싱클레어",
            "teller": "Sinclair",
            "title": "Cinq Section 4 Director",
            "content": "Next, with this attack..."
        },
        {
            "id": 16,
            "teller": "Brave Association Member",
            "title": "Cinq Section 4",
            "content": "Oh."
        },
        {
            "id": 17,
            "content": "Woosh."
        },
        {
            "id": 18,
            "content": "The child's blade moved faster than the speed of thought, pierced through the defenses, and narrowly missed the opponent's jaw."
        },
        {
            "id": 19,
            "model": "싱클레어",
            "teller": "Sinclair",
            "title": "Cinq Section 4 Director",
            "content": "O-oh?! I'm so sorry. I-I was trying to show you how to smoothly connect that parry into an attack..."
        },
        {
            "id": 20,
            "teller": "Brave Association Member",
            "title": "Cinq Section 4",
            "content": "Haah... Haah... I-I'm okay."
        },
        {
            "id": 21,
            "teller": "Brave Association Member",
            "title": "Cinq Section 4",
            "content": "So this is... the Director's famed..."
        },
        {
            "id": 22,
            "model": "싱클레어",
            "teller": "Sinclair",
            "title": "Cinq Section 4 Director",
            "content": "No, this... this isn't anything impressive. 'Moving like the blade guides me'... just means that I don't have control over my own blade."
        },
        {
            "id": 23,
            "content": "Unlike the spectators' impressed hollers, the child appears rather dejected."
        },
        {
            "id": 24,
            "content": "It was as though the child descends into a world of his own where there is naught else but himself and the blade—a manifestation of an extremely intense level of focus. With his particular techniques, perfected in that focused state, the child rose through the ranks to become the Director of the Cinq Association Section 4. But..."
        },
        {
            "id": 25,
            "content": "... the child felt as though his achievements weren't his own. That he didn't get this far purely with his skills with the blade. This position was a burden to him, and the child thought himself undeserving of such a responsibility."
        },
        {
            "id": 26,
            "model": "싱클레어",
            "teller": "Sinclair",
            "title": "Cinq Section 4 Director",
            "content": "... Agh!"
        },
        {
            "id": 27,
            "content": "As the child mused quietly to himself after regaining a bit of distance from his sparring opponent, a gauntlet flew out of nowhere and struck the child."
        },
        {
            "id": 28,
            "content": "... To throw the gauntlet as a member of the Cinq Association... is to challenge someone to a duel."
        },
        {
            "id": 29,
            "content": "Of course, these challenges happened among the members of the Cinq Association as well."
        },
        {
            "id": 30,
            "teller": "Cold Association Member",
            "title": "Cinq Section 4",
            "content": "Sorry 'bout that, Director."
        },
        {
            "id": 31,
            "teller": "Cold Association Member",
            "title": "Cinq Section 4",
            "content": "Somebody put out a Duel contract against you, so..."
        },
        {
            "id": 32,
            "model": "싱클레어",
            "teller": "Sinclair",
            "title": "Cinq Section 4 Director",
            "content": "... I see."
        },
        {
            "id": 33,
            "content": "One of the main functions of the Cinq Association is to duel in the client's stead. To be hired as a champion in a duel against an individual of the client's choosing. Of course, their goal is to carry out the terms of the contract as stipulated."
        },
        {
            "id": 34,
            "content": "Contracts against other members of the Cinq Association happened more often than one might think."
        },
        {
            "id": 35,
            "content": "It was common for members of the Cinq Association to make enemies in the City, after all."
        },
        {
            "id": 36,
            "content": "And these contracts happened quite often against the Director of Section 4, considering that he was known for his rather timid disposition."
        },
        {
            "id": 37,
            "model": "싱클레어",
            "teller": "Sinclair",
            "title": "Cinq Section 4 Director",
            "content": "... And the rules are?"
        },
        {
            "id": 38,
            "teller": "Cold Association Member",
            "title": "Cinq Section 4",
            "content": "I tried my best to talk 'em out of it, but... haah, my client really has it out for you, Director."
        },
        {
            "id": 39,
            "teller": "Cold Association Member",
            "title": "Cinq Section 4",
            "content": "My client requested a Level 3 Duel, trial by combat. ... A duel to the death."
        },
        {
            "id": 40,
            "model": "싱클레어",
            "teller": "Sinclair",
            "title": "Cinq Section 4 Director",
            "content": "Fine, I accept..."
        },
        {
            "id": 41,
            "content": "The child sighed."
        },
        {
            "id": 42,
            "content": "It was almost a shuddering sigh. The Association member who threw the gauntlet noticed it too—he grinned."
        },
        {
            "id": 43,
            "content": "But... the child's sigh did not indicate fear."
        },
        {
            "id": 44,
            "model": "싱클레어",
            "teller": "Sinclair",
            "title": "Cinq Section 4 Director",
            "content": "You're... a new transfer to Section 4, aren't you?"
        },
        {
            "id": 45,
            "teller": "Cold Association Member",
            "title": "Cinq Section 4",
            "content": "... Yes, I am."
        },
        {
            "id": 46,
            "model": "싱클레어",
            "teller": "Sinclair",
            "title": "Cinq Section 4 Director",
            "content": "I guess you didn't hear what happened last time..."
        },
        {
            "id": 47,
            "content": "Several voices echo through the training hall. 'Oh, that poor man.' 'That's a shame.'"
        },
        {
            "id": 48,
            "model": "싱클레어",
            "teller": "Sinclair",
            "title": "Cinq Section 4 Director",
            "content": "But... it would be a shame to withdraw a thrown gauntlet."
        },
        {
            "id": 49,
            "model": "싱클레어",
            "teller": "Sinclair",
            "title": "Cinq Section 4 Director",
            "content": "Es-tu prêt? (Ready?)"
        },
        {
            "id": 50,
            "teller": "Cold Association Member",
            "title": "Cinq Section 4",
            "content": "A-Allez!"
        },
        {
            "id": 51,
            "content": "The room's atmosphere, everyone's attitude... everything was telling him that something was seriously wrong. But it was too late."
        },
        {
            "id": 52,
            "content": "His grand plan of taking the massive sum of the contract fee, his plan of taking over the tragically vacated office of the Director..."
        },
        {
            "id": 53,
            "model": "싱클레어",
            "teller": "Sinclair",
            "title": "Cinq Section 4 Director",
            "content": "Focus... on the tip of my blade..."
        },
        {
            "id": 54,
            "teller": "Cold Association Member",
            "title": "Cinq Section 4",
            "content": "...!"
        },
        {
            "id": 55,
            "content": "... scattered to nothingness as the child's blade swiftly yet brutally penetrated his skull."
        }
    ]
}