{
    "dataList": [
        {
            "id": 0,
            "model": "이스마엘",
            "teller": "Ishmael",
            "title": "Technology Liberation Alliance",
            "content": "...Don't laugh, seriously."
        },
        {
            "id": 1,
            "content": "A sticky green substance was all over the child's body."
        },
        {
            "id": 2,
            "content": "No, rather than sticking to her... It should be right to call it 'draped' over her."
        },
        {
            "id": 3,
            "content": "That is a kind of 'equipment', 'suit', 'outfit', and 'tool' the child put on of her own volition."
        },
        {
            "id": 4,
            "content": "That's right. In the now fallen L Corp... or Lobotomy Corporation, in other words, they used to extract a type of 'tool' from Abnormalities."
        },
        {
            "id": 5,
            "content": "By drawing up the innermost core of the Abnormality... they made it possible for anyone to use their powers as tools whenever."
        },
        {
            "id": 6,
            "content": "In Lobotomy Corporation, they made two types of such tools, and called them E.G.O Weapons and E.G.O Suits, respectively."
        },
        {
            "id": 7,
            "content": "Employees managing Abnormalities wore them as needed, used them to handle a variety of dangerous situations, and..."
        },
        {
            "id": 8,
            "content": "Haha, that went on for a bit too long."
        },
        {
            "id": 9,
            "model": "이스마엘",
            "teller": "Ishmael",
            "title": "Technology Liberation Alliance",
            "content": "Seriously, why am I the only one forced to wear this? Can't I put on one of those outfits with... the talisman things?"
        },
        {
            "id": 10,
            "model": "로쟈",
            "teller": "Rodion",
            "title": "Technology Liberation Alliance",
            "content": "Shoulda picked faster, gal~ There were only three sets left, so what can we do about it?"
        },
        {
            "id": 11,
            "model": "싱클레어",
            "teller": "Sinclair",
            "title": "Technology Liberation Alliance",
            "content": "Reading the documents left here... It says only a limited number of sets could be produced for each..."
        },
        {
            "id": 12,
            "model": "로쟈",
            "teller": "Rodion",
            "title": "Technology Liberation Alliance",
            "content": "See now~ I guess you could say you were destined to put that on, right, sweetheart? Fuhu."
        },
        {
            "id": 13,
            "model": "이스마엘",
            "teller": "Ishmael",
            "title": "Technology Liberation Alliance",
            "content": "Damn it..."
        },
        {
            "id": 14,
            "content": "As there were many kinds of Abnormalities, E.G.O could be extracted in various forms."
        },
        {
            "id": 15,
            "content": "It looks like this branch only managed a few Abnormalities before the burial. Perhaps it was a relatively new one that wasn't authorized for very long."
        },
        {
            "id": 16,
            "content": "They might not have extracted much E.G.O because they didn't manage the Abnormalities for long enough."
        },
        {
            "id": 17,
            "model": "이스마엘",
            "teller": "Ishmael",
            "title": "Technology Liberation Alliance",
            "content": "So... Do we really have to use these to fight on?"
        },
        {
            "id": 18,
            "content": "The child asked, brushing off the slime on her head."
        },
        {
            "id": 19,
            "model": "이스마엘",
            "teller": "Ishmael",
            "title": "Technology Liberation Alliance",
            "content": "That security staff from K Corp... were they called the excision staff? I admit they're a pain to deal with, but I'm not sure if we need all this..."
        },
        {
            "id": 20,
            "model": "로쟈",
            "teller": "Rodion",
            "title": "Technology Liberation Alliance",
            "content": "Don't wanna? If that's the case... go ahead and fight without it, then~"
        },
        {
            "id": 21,
            "model": "이스마엘",
            "teller": "Ishmael",
            "title": "Technology Liberation Alliance",
            "content": "Hngh..."
        },
        {
            "id": 22,
            "content": "The child still couldn't erase the unpleasantness from her face."
        },
        {
            "id": 23,
            "content": "But, experiencing its power might have changed her mind a bit."
        },
        {
            "id": 24,
            "model": "이스마엘",
            "teller": "Ishmael",
            "title": "Technology Liberation Alliance",
            "content": "Wow... This weapon looks so heavy, but it can be swung so freely, huh?"
        },
        {
            "id": 25,
            "model": "로쟈",
            "teller": "Rodion",
            "title": "Technology Liberation Alliance",
            "content": "Hey... Admiring that kinda stuff right in the middle of beating someone down is... a bit off-putting, isn't it?"
        },
        {
            "id": 26,
            "model": "이스마엘",
            "teller": "Ishmael",
            "title": "Technology Liberation Alliance",
            "content": "I mean, look at this!"
        },
        {
            "id": 27,
            "content": "The child then swings the green blunt instrument horizontally. She wields it with the proficiency of someone who's used it for a long time."
        },
        {
            "id": 28,
            "model": "이스마엘",
            "teller": "Ishmael",
            "title": "Technology Liberation Alliance",
            "content": "...It hits just right! Hahah, let's help ourselves to some wine when we head ba-"
        },
        {
            "id": 29,
            "model": "이스마엘",
            "teller": "Ishmael",
            "title": "Technology Liberation Alliance",
            "content": "Ugh."
        },
        {
            "id": 30,
            "content": "The child covers her mouth to stop the sudden outburst of this peculiar manner of speech."
        },
        {
            "id": 31,
            "content": "Her colleagues laugh at the scene, and the child looks quite humiliated..."
        },
        {
            "id": 32,
            "content": "But they have yet to know this isn't a mere laughing matter..."
        },
        {
            "id": 33,
            "content": "It gives the feeling that they might realize that in the near future."
        }
    ]
}