{
  "dataList": [
    {
      "id": 0,
      "model": "그레고르",
      "title": "Liu Section 6",
      "content": "Unfair? Why don’t ya go ahead and tell me what’s so unfair about this, pal? Got me all curious now."
    },
    {
      "id": 1,
      "content": "The child tossed the fellow he grabbed by the collar aside, then sat in front of the one who spoke to him, bringing their gazes together."
    },
    {
      "id": 2,
      "teller": "Wincing Ruffian",
      "title": "???",
      "content": "Hrngh… I mean, isn’t it damn weird that you can shoot fire from your fists?"
    },
    {
      "id": 3,
      "model": "그레고르",
      "title": "Liu Section 6",
      "content": "Any ol’ run-of-the-mill Fixer gets themselves a weapon from some workshop, and you think this is what’s weird?"
    },
    {
      "id": 4,
      "model": "그레고르",
      "title": "Liu Section 6",
      "content": "‘Sides, I didn’t use any of that fire magic when I knocked you flat, so what gives?"
    },
    {
      "id": 5,
      "teller": "Wincing Ruffian",
      "title": "???",
      "content": "Magic, my ass…"
    },
    {
      "id": 6,
      "model": "그레고르",
      "title": "Liu Section 6",
      "content": "Look, pal… You’re just too weak, simple as. D’you really think it’s a good idea to pick fights with random guys passing by, eh?"
    },
    {
      "id": 7,
      "teller": "Wincing Ruffian",
      "title": "???",
      "content": "That’s it! That’s the damn problem!"
    },
    {
      "id": 8,
      "content": "In adjusting his glasses, the child raised a questioning eyebrow."
    },
    {
      "id": 9,
      "teller": "Wincing Ruffian",
      "title": "???",
      "content": "How does it make sense for a scraggly prune like you to beat up eight healthy young people?"
    },
    {
      "id": 10,
      "model": "그레고르",
      "title": "Liu Section 6",
      "content": "Prune, huh…"
    },
    {
      "id": 11,
      "content": "The child’s brows furrowed a little, but only for a passing moment."
    },
    {
      "id": 12,
      "content": "This wouldn’t be the first time he’d heard such a remark, and it certainly wasn’t going to be the last."
    },
    {
      "id": 13,
      "model": "그레고르",
      "title": "Liu Section 6",
      "content": "Listen, youngster… You’ve got much nicer words around—experienced, maybe veteran—you hear me?"
    },
    {
      "id": 14,
      "teller": "Wincing Ruffian",
      "title": "???",
      "content": "And—And you’re short as hell, too!"
    },
    {
      "id": 15,
      "model": "그레고르",
      "title": "Liu Section 6",
      "content": "Short…"
    },
    {
      "id": 16,
      "teller": "Wincing Ruffian",
      "title": "???",
      "content": "Plus you look like a total mess!"
    },
    {
      "id": 17,
      "model": "그레고르",
      "title": "Liu Section 6",
      "content": "Whoa, now… That’s not true at all…"
    },
    {
      "id": 18,
      "teller": "Wincing Ruffian",
      "title": "???",
      "content": "Yes it is, no cap! Your beard’s on that five-month shadow, and your hair’s a damn bird’s nest! You—"
    },
    {
      "id": 19,
      "content": "Thwack."
    },
    {
      "id": 20,
      "content": "A flame flickered from the fist that struck the child who was now lying on the floor, charring that grounded hair."
    },
    {
      "id": 21,
      "content": "The one who threw the punch took a creased cigarette to his mouth and lit its tip with his burning fist."
    },
    {
      "id": 22,
      "model": "그레고르",
      "title": "Liu Section 6",
      "content": "Well… Saved myself the trouble of grabbing a lighter."
    }
  ]
}