{
    "dataList": [
        {
            "id": 0,
            "model": "그레고르",
            "teller": "Gregor",
            "title": "Twinhook Pirates First Mate",
            "content": "Oh, man..."
        },
        {
            "id": 1,
            "content": "Air sighed out of the sofa as the child rested on its cushion. He lifted his legs and placed his leather boot-wearing-feet on the desk."
        },
        {
            "id": 2,
            "content": "As soon as he sat down, everyone around him began busily going through the contents of their pockets..."
        },
        {
            "id": 3,
            "model": "그레고르",
            "teller": "Gregor",
            "title": "Twinhook Pirates First Mate",
            "content": "Hm? Ooh, that one looks good. I'll try that cig today."
        },
        {
            "id": 4,
            "model": "긴장한 조직원",
            "teller": "Nervous Pirate",
            "title": "Twinhook Pirates",
            "content": "Yessir!"
        },
        {
            "id": 5,
            "model": "그레고르",
            "teller": "Gregor",
            "title": "Twinhook Pirates First Mate",
            "content": "Gotta light, anyone~?"
        },
        {
            "id": 6,
            "model": "빠릿한 조직원",
            "teller": "Perceptive Pirate",
            "title": "Twinhook Pirates",
            "content": "Here it is, sir!"
        },
        {
            "id": 7,
            "content": "One of the nearest sailors quickly ran up to the child with a lighter."
        },
        {
            "id": 8,
            "content": "The child motioned with his chin as though he'd grown accustomed to this royal treatment and let his underling light his cigarette. He breathed in a lungful of smoke."
        },
        {
            "id": 9,
            "model": "그레고르",
            "teller": "Gregor",
            "title": "Twinhook Pirates First Mate",
            "content": "Hoo... This ain't so bad. Which port didya snag this from?"
        },
        {
            "id": 10,
            "model": "긴장한 조직원",
            "teller": "Nervous Pirate",
            "title": "Twinhook Pirates",
            "content": "We found it from one of our 'guests'. If you wish, sir, we could..."
        },
        {
            "id": 11,
            "model": "그레고르",
            "teller": "Gregor",
            "title": "Twinhook Pirates First Mate",
            "content": "Nah, don't worry about it. Don't want them to get a heart attack and bite it or anything. This cig'll get old soon anyway."
        },
        {
            "id": 12,
            "model": "긴장한 조직원",
            "teller": "Nervous Pirate",
            "title": "Twinhook Pirates",
            "content": "Understood, sir."
        },
        {
            "id": 13,
            "model": "그레고르",
            "teller": "Gregor",
            "title": "Twinhook Pirates First Mate",
            "content": "Well, anyways..."
        },
        {
            "id": 14,
            "content": "The child flicked the ashes on one of the pirates' hands, who'd been standing there with open palms like a human ashtray. He took a sweeping look at his crew, drawing another heavy hit from the cigarette."
        },
        {
            "id": 15,
            "model": "그레고르",
            "teller": "Gregor",
            "title": "Twinhook Pirates First Mate",
            "content": "Right, time for a morning assembly. How are our side jobs doing? Let's hear some reports. Starting from you. Yeah, you there. To my left."
        },
        {
            "id": 16,
            "model": "긴장한 조직원",
            "teller": "Nervous Pirate",
            "title": "Twinhook Pirates",
            "content": "Yes sir! We of the Mermaid Perfume department have captured ourselves a new species of Mermaids, and..."
        },
        {
            "id": 17,
            "content": "As soon as the child gives his order, the crew begins listing the state of their respective departments."
        },
        {
            "id": 18,
            "content": "Sales figures from various products such as Mermaid perfume, ice cream, et cetra... Different numbers and statistics went in one ear and out the other."
        },
        {
            "id": 19,
            "model": "그레고르",
            "teller": "Gregor",
            "title": "Twinhook Pirates First Mate",
            "content": "... Hm, well. Okay."
        },
        {
            "id": 20,
            "model": "그레고르",
            "teller": "Gregor",
            "title": "Twinhook Pirates First Mate",
            "content": "So it's all shit, then. Am I wrong?"
        },
        {
            "id": 21,
            "model": "조직원들",
            "teller": "Pirates",
            "title": "Twinhook Pirates",
            "content": "......"
        },
        {
            "id": 22,
            "model": "그레고르",
            "teller": "Gregor",
            "title": "Twinhook Pirates First Mate",
            "content": "What's wrong? Cat got your tongues? C'mon, I'm not trying to blame anyone here~"
        },
        {
            "id": 23,
            "model": "그레고르",
            "teller": "Gregor",
            "title": "Twinhook Pirates First Mate",
            "content": "None of them's our main moneymaker anyway... So let's get to our actual business."
        },
        {
            "id": 24,
            "model": "그레고르",
            "teller": "Gregor",
            "title": "Twinhook Pirates First Mate",
            "content": "... How are our 'guests' doing?"
        },
        {
            "id": 25,
            "model": "쓸만한 조직원",
            "teller": "Handy Pirate",
            "title": "Twinhook Pirates",
            "content": "We currently have a total of 6 guests in our lodgings, including the one we snagged recently."
        },
        {
            "id": 26,
            "model": "그레고르",
            "teller": "Gregor",
            "title": "Twinhook Pirates First Mate",
            "content": "And how many customers do we have, looking to get our 'guests' back?"
        },
        {
            "id": 27,
            "model": "쓸만한 조직원",
            "teller": "Handy Pirate",
            "title": "Twinhook Pirates",
            "content": "We currently have two in active negotiation, sir. They say that one of them's pretty loaded, and came from one of the Nests..."
        },
        {
            "id": 28,
            "model": "그레고르",
            "teller": "Gregor",
            "title": "Twinhook Pirates First Mate",
            "content": "Whoo. Nice~"
        },
        {
            "id": 29,
            "model": "쓸만한 조직원",
            "teller": "Handy Pirate",
            "title": "Twinhook Pirates",
            "content": "Oh, and, and one thing of note for one of our guests, sir."
        },
        {
            "id": 30,
            "model": "쓸만한 조직원",
            "teller": "Handy Pirate",
            "title": "Twinhook Pirates",
            "content": "We managed to snag somebody sent from... some company. Apparently, a Team Leader of sorts. Maybe we can really milk this one dry, sir."
        },
        {
            "id": 31,
            "model": "그레고르",
            "teller": "Gregor",
            "title": "Twinhook Pirates First Mate",
            "content": "Oho, a Team Leader, eh? Now that's a catch."
        },
        {
            "id": 32,
            "model": "쓸만한 조직원",
            "teller": "Handy Pirate",
            "title": "Twinhook Pirates",
            "content": "Seemed a bit... green for a Team Leader, but I don't believe that to be of much concern, first mate. Sir."
        },
        {
            "id": 33,
            "model": "그레고르",
            "teller": "Gregor",
            "title": "Twinhook Pirates First Mate",
            "content": "Aw. Yeah, you did good work~"
        },
        {
            "id": 34,
            "model": "그레고르",
            "teller": "Gregor",
            "title": "Twinhook Pirates First Mate",
            "content": "Sorry about all the trouble, guys~ Having to listen to a lowly first mate in the Captain's absence... Sucks, don't it?"
        },
        {
            "id": 35,
            "model": "조직원들",
            "teller": "Pirates",
            "title": "Twinhook Pirates",
            "content": "Not at all, sir!"
        },
        {
            "id": 36,
            "model": "그레고르",
            "teller": "Gregor",
            "title": "Twinhook Pirates First Mate",
            "content": "Naw, I understand~ Sigh. Hook, that bastard... Used to be a lot more reliable when we sailed the high seas... But as soon as we're docked, poof! Gone, off to drown in that fairy wine or whatever."
        },
        {
            "id": 37,
            "content": "The child grumbles in a half-joking, half-serious manner, but none of the crew laughed nor moved. They stood stiff and still like new recruits."
        },
        {
            "id": 38,
            "content": "They were awfully rigid for pirates, but..."
        },
        {
            "id": 39,
            "content": "They had a good reason to be."
        },
        {
            "id": 40,
            "content": "And that... was why this man of such casual, seemingly laid-back disposition was the first mate of the pirates."
        },
        {
            "id": 41,
            "model": "그레고르",
            "teller": "Gregor",
            "title": "Twinhook Pirates First Mate",
            "content": "Look here, now!"
        },
        {
            "id": 42,
            "model": "???",
            "teller": "???",
            "title": "???",
            "content": "Aaahhh!!"
        },
        {
            "id": 43,
            "model": "그레고르",
            "teller": "Gregor",
            "title": "Twinhook Pirates First Mate",
            "content": "Oh~ Don't freak out, now. Thrash about a little too much, and I just might slip and take your whole noggin clean off. If something so unfortunate were to happen... well, don't blame me, 'kay?"
        },
        {
            "id": 44,
            "model": "???",
            "teller": "???",
            "title": "???",
            "content": "... Gulp."
        },
        {
            "id": 45,
            "model": "그레고르",
            "teller": "Gregor",
            "title": "Twinhook Pirates First Mate",
            "content": "Now, lookee here~ My future guest~"
        },
        {
            "id": 46,
            "model": "그레고르",
            "teller": "Gregor",
            "title": "Twinhook Pirates First Mate",
            "content": "This here is called a pistol. With a little POW!... you can get a new hole to breathe out of. Why don't you say hello to my little friend?\nYou know, taxes make it one expensive friend to keep."
        },
        {
            "id": 47,
            "model": "그레고르",
            "teller": "Gregor",
            "title": "Twinhook Pirates First Mate",
            "content": "Ooh, don't you nod your little head too hard. I messed with the trigger mechanism... and now it's really a hair-trigger."
        },
        {
            "id": 48,
            "model": "그레고르",
            "teller": "Gregor",
            "title": "Twinhook Pirates First Mate",
            "content": "So I'd like you to answer with a blink~ Not that you've got much to say."
        },
        {
            "id": 49,
            "model": "그레고르",
            "teller": "Gregor",
            "title": "Twinhook Pirates First Mate",
            "content": "From now on, you'll be our 'guest'. You've got rich friends, rich family, hmm?"
        },
        {
            "id": 50,
            "model": "???",
            "teller": "???",
            "title": "???",
            "content": "……"
        },
        {
            "id": 51,
            "model": "그레고르",
            "teller": "Gregor",
            "title": "Twinhook Pirates First Mate",
            "content": "Yeah, just like that. Just blink. Chill with us here until your friends get here with the ransom, 'kay? Play nice, and I won't kill ya. Ain't that nice?"
        },
        {
            "id": 52,
            "model": "그레고르",
            "teller": "Gregor",
            "title": "Twinhook Pirates First Mate",
            "content": "Not gonna blink? Eyes too dry? Want some eye drops? Still got some fight in ya, is that it?"
        },
        {
            "id": 53,
            "model": "???",
            "teller": "???",
            "title": "???",
            "content": "N-no! Not at..."
        },
        {
            "id": 54,
            "model": "긴장한 조직원",
            "teller": "Nervous Pirate",
            "title": "Twinhook Pirates",
            "content": "... Gulp."
        },
        {
            "id": 55,
            "content": "With him doing this to every new guest in front of the whole crew, how could they not be afraid?"
        },
        {
            "id": 56,
            "content": "Maybe this 'Captain Hook' knew this child's talents. Maybe that's why the child was left to take charge in the Captain's absence."
        },
        {
            "id": 57,
            "content": "Captain Hook didn't seem to mind how annoyed the child was, though. Probably didn't even care to find out."
        }
    ]
}