{
    "dataList": [
        {
            "id": 0,
            "model": "로쟈",
            "teller": "Rodion",
            "title": "N Corp. Mittelhammer",
            "content": "Splendid."
        },
        {
            "id": 1,
            "model": "로쟈",
            "teller": "Rodion",
            "title": "N Corp. Mittelhammer",
            "content": "Simply splendiferous!"
        },
        {
            "id": 2,
            "model": "로쟈",
            "teller": "Rodion",
            "title": "N Corp. Mittelhammer",
            "content": "How fortunate is the world to have such a wonderful person?"
        },
        {
            "id": 3,
            "model": "로쟈",
            "teller": "Rodion",
            "title": "N Corp. Mittelhammer",
            "content": "No, how unfortunate is the world to be plagued with so many defects pretending to be human?"
        },
        {
            "id": 4,
            "model": "로쟈",
            "teller": "Rodion",
            "title": "N Corp. Mittelhammer",
            "content": "Meeting the One Who Grips opened my eyes. I had been living a blasé life, ignoring those foul stenches prevalent in the streets!"
        },
        {
            "id": 5,
            "model": "로쟈",
            "teller": "Rodion",
            "title": "N Corp. Mittelhammer",
            "content": "The voice of the One Who Grips upturns my foolish thoughts and cultivates the right mindset."
        },
        {
            "id": 6,
            "model": "로쟈",
            "teller": "Rodion",
            "title": "N Corp. Mittelhammer",
            "content": "Ever since my first calling as a hammer, it was the voice of the One that soothed me with each swing!"
        },
        {
            "id": 7,
            "model": "로쟈",
            "teller": "Rodion",
            "title": "N Corp. Mittelhammer",
            "content": "Ahh, why was I ever scared to destroy the impure?"
        },
        {
            "id": 8,
            "model": "로쟈",
            "teller": "Rodion",
            "title": "N Corp. Mittelhammer",
            "content": "Why didn’t I notice sooner that those impure beings are tainting the soil they trample on!"
        },
        {
            "id": 9,
            "model": "로쟈",
            "teller": "Rodion",
            "title": "N Corp. Mittelhammer",
            "content": "That’s when I realized…"
        },
        {
            "id": 10,
            "model": "로쟈",
            "teller": "Rodion",
            "title": "N Corp. Mittelhammer",
            "content": "My beautiful hometown wasn’t safe from those defiled… heretics, who roam freely without a hint of shame!"
        },
        {
            "id": 11,
            "model": "로쟈",
            "teller": "Rodion",
            "title": "N Corp. Mittelhammer",
            "content": "On my first week of becoming a Mittelhammer, I pleaded to the One Who Grips that I wish to right the degenerate future of my dear home!"
        },
        {
            "id": 12,
            "model": "로쟈",
            "teller": "Rodion",
            "title": "N Corp. Mittelhammer",
            "content": "The One Who Grips had blessed me with a merciful smile as always."
        },
        {
            "id": 13,
            "model": "파우스트",
            "teller": "Faust",
            "title": "The One Who Grips",
            "content": "You may do so."
        },
        {
            "id": 14,
            "model": "로쟈",
            "teller": "Rodion",
            "title": "N Corp. Mittelhammer",
            "content": "Aah, I knew it, I must be the chosen one!"
        },
        {
            "id": 15,
            "model": "로쟈",
            "teller": "Rodion",
            "title": "N Corp. Mittelhammer",
            "content": "That night, many towers were made out of Backstreets dwellers."
        },
        {
            "id": 16,
            "model": "로쟈",
            "teller": "Rodion",
            "title": "N Corp. Mittelhammer",
            "content": "Ohh, sorry. Those who were ‘heretics’, to be exact!"
        },
        {
            "id": 17,
            "model": "로쟈",
            "teller": "Rodion",
            "title": "N Corp. Mittelhammer",
            "content": "To see them pierced and hung far from the earth… It brought me such joy."
        },
        {
            "id": 18,
            "model": "로쟈",
            "teller": "Rodion",
            "title": "N Corp. Mittelhammer",
            "content": "Why, I could just kiss the cleansed soil of my dear hometown."
        }
    ]
}