{
  "dataList": [
    {
      "id": 0,
      "teller": "Panicking Colleague",
      "title": "LCCB",
      "content": "Enemy inbound! 100 meters!"
    },
    {
      "id": 1,
      "teller": "Anxious Colleague",
      "title": "LCCB",
      "content": "Crap… We’re out of ammo, too…"
    },
    {
      "id": 2,
      "content": "It was a clear emergency. The darkly clad children were terrified by an unknown threat with which they didn’t know how to deal."
    },
    {
      "id": 3,
      "teller": "Anxious Colleague",
      "title": "LCCB",
      "content": "Dammit… Should’ve known bringing less to save the company budget was a bad call!"
    },
    {
      "id": 4,
      "teller": "Panicking Colleague",
      "title": "LCCB",
      "content": "Not like we could earn a better review from HR or anything, so why’d… Ope."
    },
    {
      "id": 5,
      "content": "The child’s mouth went shut, for it suddenly dawned on them that their gun had stopped firing its projectiles."
    },
    {
      "id": 6,
      "teller": "Panicking Colleague",
      "title": "LCCB",
      "content": "…25 meters."
    },
    {
      "id": 7,
      "teller": "Anxious Colleague",
      "title": "LCCB",
      "content": "So this is the end for us…"
    },
    {
      "id": 8,
      "content": "That’s when their savior appeared, waving her golden-hour hair."
    },
    {
      "id": 9,
      "model": "이스마엘",
      "title": "LCCB Assistant Manager",
      "content": "Relax you two. I’ll take charge from here."
    },
    {
      "id": 10,
      "teller": "Panicking Colleague",
      "title": "LCCB",
      "content": "…Ms. Ishmael!"
    },
    {
      "id": 11,
      "content": "With her shield raised, the child stared down her oncoming foe with unwavering resolve."
    },
    {
      "id": 12,
      "model": "이스마엘",
      "title": "LCCB Assistant Manager",
      "content": "This is Ishmael. I’ve joined up with the team at Operation Site BA21. Will help them wipe out the damn rats. Over."
    },
    {
      "id": 13,
      "content": "Her firearm emitted flashes of light, a semaphore of salvation."
    },
    {
      "id": 14,
      "model": "이스마엘",
      "title": "LCCB Assistant Manager",
      "content": "Ah, and also… Please refrain from making idiotic suggestions such as conserving the LCC’s ammo in the future. We have well-heeled sponsors backing us."
    },
    {
      "id": 15,
      "content": "…Along with flags of scathing lectures."
    }
  ]
}