{
  "dataList": [
    {
      "content": "A hollow train."
    },
    {
      "content": "A spatter of prismatic sparks flies, briefly illuminating the hushed train car of guts and gore. Three children emerge into the enclosure as though transported inside by the light."
    },
    {
      "model": "이상",
      "title": "W Corp. Cleanup Agent",
      "content": "Captain Outis, are you of absolute certitude that us three should be sufficient for this task? Whyever have you decided to not involve those waiting outside—"
    },
    {
      "content": "The other child asks with apparent exhaustion, but this child is not one to be swayed."
    },
    {
      "model": "오티스",
      "title": "W Corp. Cleanup Agent",
      "content": "No. New recruits are unfit to deal with a train like this. It's not like we're here to clean up the usual 'suicidal' types, are we?"
    },
    {
      "model": "료슈",
      "title": "W Corp. Cleanup Agent",
      "content": "I.A. The B.S. duty'll only get in our way."
    },
    {
      "model": "오티스",
      "title": "W Corp. Cleanup Agent",
      "content": "If the passengers have retained enough sense to barricade themselves behind the train doors, then it is likely that they also retained a degree of intelligence. Keep your guards up."
    },
    {
      "content": "Today was supposed to be a day for new recruits to get one of their first tastes of fieldwork."
    },
    {
      "content": "The child had been preparing herself to employ her stern, commanding voice against the new recruits who will doubtless show frustrating degrees of clumsiness commonly seen with trainees on their first jobs, but..."
    },
    {
      "content": "... the situation inside the WARP train they saw through the surveillance camera was more dire than anyone had expected."
    },
    {
      "model": "이상",
      "title": "W Corp. Cleanup Agent",
      "content": "Haah..."
    },
    {
      "content": "Through the camera feed, they saw a passenger dressed in a mantle of his own hide and a makeshift crown. There were several passengers playing royal guards, patrolling the train entrance as well."
    },
    {
      "content": "It appeared that those who could still manage to amble had endured the eons in the train by building a new civilization with new, bizarre rules of their own."
    },
    {
      "content": "The child was certain that this was too much for the new recruits, who probably hadn't even learned the basic manuals by heart, to handle."
    },
    {
      "content": "And that is why the child decided to enter this train only with L3 Agents."
    },
    {
      "model": "이상",
      "title": "W Corp. Cleanup Agent",
      "content": "There has been an increasing frequency of trains with such unique dispositions, to say nothing of the ever-growing delays on arrivals... What are the Captain's thoughts on these developments?"
    },
    {
      "model": "오티스",
      "title": "W Corp. Cleanup Agent",
      "content": "It's because they slashed the ticket prices and expanded the economy seats."
    },
    {
      "model": "오티스",
      "title": "W Corp. Cleanup Agent",
      "content": "More passengers equals more bad apples among the bunch. It's hardly a surprise that we're getting stranger variety of passengers."
    },
    {
      "model": "이상",
      "title": "W Corp. Cleanup Agent",
      "content": "Yet that may hardly be an explication for the increasingly recurrent delays."
    },
    {
      "model": "료슈",
      "title": "W Corp. Cleanup Agent",
      "content": "Hmph. Must be the aftermath of 'the incident' on the train they told us to not talk about. That's why those idiots riding first class—"
    },
    {
      "model": "오티스",
      "title": "W Corp. Cleanup Agent",
      "content": "Enough."
    },
    {
      "model": "오티스",
      "title": "W Corp. Cleanup Agent",
      "content": "We have all been given a non-disclosure order. Let's not go poking the hornet's nest for no reason."
    },
    {
      "model": "료슈",
      "title": "W Corp. Cleanup Agent",
      "content": "Haah..."
    },
    {
      "model": "료슈",
      "title": "W Corp. Cleanup Agent",
      "content": "... Hm. I'll accept it, as long as this gives me more opportunity to study art."
    },
    {
      "model": "오티스",
      "title": "W Corp. Cleanup Agent",
      "content": "……."
    },
    {
      "content": "The child had an inkling as to what might have happened."
    },
    {
      "content": "First class ticket sales have been steadily declining ever since 'the incident' from a few years ago."
    },
    {
      "content": "Something irreversible must've happened on one of the first class cabins."
    },
    {
      "content": "But the children, who were but lowly employees, had no way of knowing exactly occurred in there. Only the higher-ups at W Corp. would be privy to such information."
    },
    {
      "content": "The child also knew that employees trying to dig into such truths would be, for the Wing, cause for an 'incident' greater than 'the incident' itself."
    },
    {
      "model": "오티스",
      "title": "W Corp. Cleanup Agent",
      "content": "... If they're just going to let this problem fester... what'll they do when the employees completely burn out?"
    },
    {
      "content": "The child absentmindedly blurted out what was on her mind before shaking her head dismissively."
    },
    {
      "model": "오티스",
      "title": "W Corp. Cleanup Agent",
      "content": "That's enough chit-chat. Let's get started."
    },
    {
      "content": "She sighed and opened her employee manual."
    },
    {
      "content": "These thoughts don't help anyone. Not herself, nor her subordinates."
    },
    {
      "model": "오티스",
      "title": "W Corp. Cleanup Agent",
      "content": "Ripping space while the train is in operation may interfere with the dimensional coordinates... Once the train has come to a stop, employee hibernation pods must not... hm, wrong page."
    },
    {
      "model": "이상",
      "title": "W Corp. Cleanup Agent",
      "content": "A multitude there are still, of clauses I understand ill."
    },
    {
      "content": "The exhausted child comments, glancing at the manual."
    },
    {
      "model": "료슈",
      "title": "W Corp. Cleanup Agent",
      "content": "W.C. Still trying to read between the lines?"
    },
    {
      "model": "오티스",
      "title": "W Corp. Cleanup Agent",
      "content": "Like I said, enough with the chatt— Ah, here it is. Standard cleanup time for 'factionalized' type is... an hour. We'll be cutting it close to the next arrival."
    },
    {
      "model": "오티스",
      "title": "W Corp. Cleanup Agent",
      "content": "Crew, to positions. Let's wrap this up ASAP."
    },
    {
      "content": "The child's command is clear, concise, and effective."
    },
    {
      "content": "When a door lodged in place by a mess of tangled veins and flesh blocked their path, she swiftly commanded them to open a dimensional rift. Every time a particularly nasty passenger appeared, she gave each of her subordinates maneuvers that best fit their weapon specializations."
    },
    {
      "model": "오티스",
      "title": "W Corp. Cleanup Agent",
      "content": "I'll give you extra time to observe this gallery once we're done patching our passengers together, so let's get to it."
    },
    {
      "model": "료슈",
      "title": "W Corp. Cleanup Agent",
      "content": "Heh... Good."
    },
    {
      "content": "Because she knew that the smoking child did not enjoy 'spoiling' the passengers, she was given the vein and flesh collection duty..."
    },
    {
      "model": "오티스",
      "title": "W Corp. Cleanup Agent",
      "content": "Yi Sang, you're charged with clearing a path forward. Focus on neutralizing the passengers."
    },
    {
      "model": "이상",
      "title": "W Corp. Cleanup Agent",
      "content": "That appears... patently preferable to the work assigned to my colleague."
    },
    {
      "content": "And because she knew the disposition of the sunken-eyed child, she let him take care of battling the passengers."
    },
    {
      "model": "오티스",
      "title": "W Corp. Cleanup Agent",
      "content": "There might be an ambush, so keep your charge barriers up. Rip space every time you've got enough charge to tear open barricaded doors."
    },
    {
      "content": "Thanks to the child's methodical and systematic employment of her subordinates and their W Corp. issued weapons, her team usually blitzes through the train cars at a much faster pace than the estimates written on the employee manual."
    },
    {
      "model": "오티스",
      "title": "W Corp. Cleanup Agent",
      "content": "We're ahead of schedule again."
    },
    {
      "content": "After thirty minutes of non-stop cleanup work, the child finally signaled them to stop."
    },
    {
      "content": "A decision made in consideration of their weapons' charge levels and their wielders' growing fatigue."
    },
    {
      "model": "오티스",
      "title": "W Corp. Cleanup Agent",
      "content": "Let's take five."
    },
    {
      "model": "이상",
      "title": "W Corp. Cleanup Agent",
      "content": "Ah... the long-awaited..."
    },
    {
      "content": "The sleep-deprived child promptly closes his eyes in welcome relief. The other child takes this chance to pull out a new cigarette."
    },
    {
      "model": "료슈",
      "title": "W Corp. Cleanup Agent",
      "content": "Puff. The passengers of this car are all diced in interesting shapes."
    },
    {
      "model": "오티스",
      "title": "W Corp. Cleanup Agent",
      "content": "It's evidence that the passengers used certain cars as prisons or torture dungeons. These signs are often discovered among passengers who have created factions."
    },
    {
      "model": "이상",
      "title": "W Corp. Cleanup Agent",
      "content": "... Will you not rest your legs to relieve yourself of this weariness, Captain?"
    },
    {
      "model": "오티스",
      "title": "W Corp. Cleanup Agent",
      "content": "Don't mind me. I am resting in my own way. This is just... a habit of mine."
    },
    {
      "content": "No, the child wasn't resting. She was piecing together the shredded parts of the passengers."
    },
    {
      "content": "She used her weapons' charges efficiently, so they won't be losing their charges anytime soon. Besides, it would take more work than that for her to need a real break."
    },
    {
      "content": "A part of this behavior was that she wanted the other children to rest, yes, but another part of it was that she wanted to get as much work done as possible."
    },
    {
      "content": "That's when the child felt a nigh-imperceptible tremor under her feet."
    },
    {
      "content": "She perked her ears. There were sounds of several feet rushing over to this location."
    },
    {
      "model": "이상",
      "title": "W Corp. Cleanup Agent",
      "content": "... Aught has been making an odd commotion from that direction."
    },
    {
      "model": "오티스",
      "title": "W Corp. Cleanup Agent",
      "content": "I hear it as well. Our position's been compromised."
    },
    {
      "content": "A passenger decorated with blood-painted bones shambled into their view, flinging chunks of flesh all over them, as if to confirm their suspicions."
    },
    {
      "model": "료슈",
      "title": "W Corp. Cleanup Agent",
      "content": "Tsk. Conceited for an unfinished piece..."
    },
    {
      "content": "The other child, cigarette still in her mouth, rises from her seat before a hand stops her."
    },
    {
      "content": "The child was the one who stopped her, seeing the undercharged state of her weapon."
    },
    {
      "model": "료슈",
      "title": "W Corp. Cleanup Agent",
      "content": "... What?"
    },
    {
      "model": "오티스",
      "title": "W Corp. Cleanup Agent",
      "content": "Don't get yourself killed swinging that undercharged weapon around."
    },
    {
      "model": "료슈",
      "title": "W Corp. Cleanup Agent",
      "content": "The artistic merit of my D.D.E.D.R. shines only when my blood drenches its—"
    },
    {
      "model": "오티스",
      "title": "W Corp. Cleanup Agent",
      "content": "Denied. Take a seat if you're even remotely serious about using that weapon. Leave this one to me."
    },
    {
      "content": "Violet glow dances around the child's gauntlets before a powerful materialization of force gathers around her gauntlets, almost appearing to refract the very space it inhabits..."
    },
    {
      "content": "... and in a flash, the fist blasts the passenger from one end to the other end of the train car, exploding its body into a thousand chunks of meat and gore."
    },
    {
      "model": "료슈",
      "title": "W Corp. Cleanup Agent",
      "content": "... I don't enjoy jigsaw puzzles."
    },
    {
      "content": "The other child mutters with apparent annoyance, but this child was not one to be swayed. She turns around to give them an order, ignoring whatever complaint they had."
    },
    {
      "model": "오티스",
      "title": "W Corp. Cleanup Agent",
      "content": "Five minutes are up. Let's get back to work."
    },
    {
      "model": "이상",
      "title": "W Corp. Cleanup Agent",
      "content": "Every minute, every second in respite seems to pass us by in such indifferent rapidity..."
    },
    {
      "model": "이상",
      "title": "W Corp. Cleanup Agent",
      "content": "Yet, I find solace in the hope that our toil in the next train will consist of no more work than to teach our new colleagues the ways..."
    },
    {
      "model": "료슈",
      "title": "W Corp. Cleanup Agent",
      "content": "Heh, looks like I'll get plenty of time to admire the gallery while the rookies get the unfinished artwork out of my view."
    },
    {
      "content": "The child opens her mouth, about to give them a stern talking-to about basing their optimism on practically nothing... before a fallen advertisement pamphlet catches her eye."
    },
    {
      "model": "오티스",
      "title": "W Corp. Cleanup Agent",
      "content": "……."
    },
    {
      "model": "오티스",
      "title": "W Corp. Cleanup Agent",
      "content": "Ten seconds to anywhere, is it."
    },
    {
      "content": "The WARP train advertisement pamphlet endured the years, refusing to weather away despite the immeasurable passage of time."
    },
    {
      "content": "The child pulled her cap low over her face and placed the pamphlet on a seat. She looked away."
    },
    {
      "model": "오티스",
      "title": "W Corp. Cleanup Agent",
      "content": "No matter how much labor upon labor I endure, I can't seem to go back. Not in ten years, let alone ten seconds..."
    },
    {
      "model": "오티스",
      "title": "W Corp. Cleanup Agent",
      "content": "The return journey is always so far and so... unforgiving."
    }
  ]
}