{
    "dataList": [
        {
            "id": 0,
            "model": "로쟈",
            "teller": "Rodion",
            "title": "Dieci Section 4",
            "content": "'A Food for Thought'."
        },
        {
            "id": 1,
            "model": "로쟈",
            "teller": "Rodion",
            "title": "Dieci Section 4",
            "content": "This book's got a real nice title, don't it?"
        },
        {
            "id": 2,
            "model": "로쟈",
            "teller": "Rodion",
            "title": "Dieci Section 4",
            "content": "Think about it. A meal for your heart... That better be one hearty meal, don'tcha think? That's what they say here, anyway."
        },
        {
            "id": 3,
            "teller": "Interviewer",
            "title": "???",
            "content": "So that's why you're..."
        },
        {
            "id": 4,
            "teller": "Interviewer",
            "title": "???",
            "content": "... having a whole meal in the library?"
        },
        {
            "id": 5,
            "model": "로쟈",
            "teller": "Rodion",
            "title": "Dieci Section 4",
            "content": "Yup."
        },
        {
            "id": 6,
            "model": "로쟈",
            "teller": "Rodion",
            "title": "Dieci Section 4",
            "content": "Wait, no. C'mon, you gotta be exact in your wording, or suffer confusion and misunderstandings."
        },
        {
            "id": 7,
            "model": "로쟈",
            "teller": "Rodion",
            "title": "Dieci Section 4",
            "content": "I'm having a 'snack'."
        },
        {
            "id": 8,
            "teller": "Interviewer",
            "title": "???",
            "content": "... Riiiight..."
        },
        {
            "id": 9,
            "model": "로쟈",
            "teller": "Rodion",
            "title": "Dieci Section 4",
            "content": "Look. This is a library. This is where you find various 'foods for thoughts', right? In other words, this place is full of 'foods'. Which is to say that this place is, in essence, pretty much one huge diner!"
        },
        {
            "id": 10,
            "model": "로쟈",
            "teller": "Rodion",
            "title": "Dieci Section 4",
            "content": "In conclusion, there's absolutely nothing wrong with having a little snack in here!"
        },
        {
            "id": 11,
            "teller": "Interviewer",
            "title": "???",
            "content": "Yeah, okay. I think we can end the interview right here. Unlike your 'foods for thoughts', this interview is severely lacking in substance."
        },
        {
            "id": 12,
            "teller": "Interviewer",
            "title": "???",
            "content": "I'll let the Madam Librarian know that I had a rather fruitful interview with you about the Dieci Association and its vast mega—diner with dishes from all over the City. How's that?"
        },
        {
            "id": 13,
            "model": "로쟈",
            "teller": "Rodion",
            "title": "Dieci Section 4",
            "content": "Oh, come on! My bad, my bad!! I'll get serious. Just don't tell her any of that, 'kay?"
        },
        {
            "id": 14,
            "teller": "Interviewer",
            "title": "???",
            "content": "… Sigh."
        },
        {
            "id": 15,
            "model": "로쟈",
            "teller": "Rodion",
            "title": "Dieci Section 4",
            "content": "Okay, so... You wanna know what the essence of the Dieci Association is?"
        },
        {
            "id": 16,
            "teller": "Interviewer",
            "title": "???",
            "content": "Yes. Well... I do know that it specializes in accumulation of 'knowledge'."
        },
        {
            "id": 17,
            "teller": "Interviewer",
            "title": "???",
            "content": "But I do want to know what this Association means to you, Ms. Rodion."
        },
        {
            "id": 18,
            "model": "로쟈",
            "teller": "Rodion",
            "title": "Dieci Section 4",
            "content": "Hm, what this Association means to me..."
        },
        {
            "id": 19,
            "model": "로쟈",
            "teller": "Rodion",
            "title": "Dieci Section 4",
            "content": "This place is like... home."
        },
        {
            "id": 20,
            "model": "로쟈",
            "teller": "Rodion",
            "title": "Dieci Section 4",
            "content": "I'm sure ya already know that the Dieci Association picks up and raises kids without parents or guardians, right?"
        },
        {
            "id": 21,
            "teller": "Interviewer",
            "title": "???",
            "content": "I am aware, yes. To the public, your Association is known as the 'Association of Charity'."
        },
        {
            "id": 22,
            "model": "로쟈",
            "teller": "Rodion",
            "title": "Dieci Section 4",
            "content": "Well, that's how I ended up here~ Boy, that really was a long time ago."
        },
        {
            "id": 23,
            "model": "로쟈",
            "teller": "Rodion",
            "title": "Dieci Section 4",
            "content": "Before that, I'd live off dirty stale bread from the streets... sleep under sheets made of clothes stripped off the back of my dead friend's body... Yeah, guess I had times like that."
        },
        {
            "id": 24,
            "teller": "Interviewer",
            "title": "???",
            "content": "Ahem, khm..."
        },
        {
            "id": 25,
            "model": "로쟈",
            "teller": "Rodion",
            "title": "Dieci Section 4",
            "content": "Oh, too dark for ya?"
        },
        {
            "id": 26,
            "model": "로쟈",
            "teller": "Rodion",
            "title": "Dieci Section 4",
            "content": "Well, anyways. They picked me up and gave me a proper life. It is kinda annoying though that, as a member of this Association, I gotta study so dang hard."
        },
        {
            "id": 27,
            "teller": "Interviewer",
            "title": "???",
            "content": "Well, you've made it to Section 4. That means you've been working hard, right? I doubt all you've been doing here was feeding yourself with 'foods for the gut'."
        },
        {
            "id": 28,
            "model": "로쟈",
            "teller": "Rodion",
            "title": "Dieci Section 4",
            "content": "Haah~ I dunno, don't think I studied that hard~ I must be a natural genius, hehe~"
        },
        {
            "id": 29,
            "teller": "Interviewer",
            "title": "???",
            "content": "……"
        },
        {
            "id": 30,
            "model": "로쟈",
            "teller": "Rodion",
            "title": "Dieci Section 4",
            "content": "I gotta say though, studying isn't completely joyless."
        },
        {
            "id": 31,
            "model": "로쟈",
            "teller": "Rodion",
            "title": "Dieci Section 4",
            "content": "Because... the more I know, the stronger I get."
        },
        {
            "id": 32,
            "teller": "Interviewer",
            "title": "???",
            "content": "I've heard of that. Your strength is proportional to the amount of knowledge you've amassed..."
        },
        {
            "id": 33,
            "model": "로쟈",
            "teller": "Rodion",
            "title": "Dieci Section 4",
            "content": "Fuhu. The undying truth of the universe itself has my back. Of course I'd have no trouble beating the crap outta those knuckleheads."
        },
        {
            "id": 34,
            "model": "로쟈",
            "teller": "Rodion",
            "title": "Dieci Section 4",
            "content": "Some birdbrained idiots underestimate Dieci Fixers, ya know? When they hear us coming, they think they're about to fight some nerds."
        },
        {
            "id": 35,
            "teller": "Interviewer",
            "title": "???",
            "content": "... So they look down on your Association. Doesn't that get irritating?"
        },
        {
            "id": 36,
            "model": "로쟈",
            "teller": "Rodion",
            "title": "Dieci Section 4",
            "content": "Not at all! Actually, it... spices things up."
        },
        {
            "id": 37,
            "model": "로쟈",
            "teller": "Rodion",
            "title": "Dieci Section 4",
            "content": "Every time they dare look down upon us, my stoles glow with power... and my fists smite their ruin upon the curbside."
        },
        {
            "id": 38,
            "model": "로쟈",
            "teller": "Rodion",
            "title": "Dieci Section 4",
            "content": "They're just perfect opportunities to show how wide the gap of knowledge is between us and those ignoramuses who don't know the true power of the Dieci Association."
        },
        {
            "id": 39,
            "model": "로쟈",
            "teller": "Rodion",
            "title": "Dieci Section 4",
            "content": "Don'tcha think?"
        }
    ]
}