{
    "dataList": [
        {
            "id": 0,
            "model": "로쟈",
            "teller": "Rodion",
            "title": "Liu Section 4 Director",
            "content": "C'mon, Ishy! This way, this way~"
        },
        {
            "id": 1,
            "model": "이스마엘",
            "teller": "Ishmael",
            "title": "Liu Section 4",
            "content": "Whew... Director, we've been running from one restaurant to another for the last four hours."
        },
        {
            "id": 2,
            "model": "로쟈",
            "teller": "Rodion",
            "title": "Liu Section 4 Director",
            "content": "Not 'Director', 'Rodya'. RODYA. C'mon, are ya gonna keep giving me the cold shoulder?"
        },
        {
            "id": 3,
            "model": "이스마엘",
            "teller": "Ishmael",
            "title": "Liu Section 4",
            "content": "R-Rody... Rodion."
        },
        {
            "id": 4,
            "model": "로쟈",
            "teller": "Rodion",
            "title": "Liu Section 4 Director",
            "content": "Haah... well, that's an improvement, I guess. I'll take it!"
        },
        {
            "id": 5,
            "content": "The child sighed with a pleasant smile on her face. She produced a snack from one of her paper bags and popped it into her mouth."
        },
        {
            "id": 6,
            "content": "It was quite obvious from the rows upon rows of shopping bags and food wrappings hanging from her arms that the child has been on this gastro-adventure for a good while."
        },
        {
            "id": 7,
            "model": "로쟈",
            "teller": "Rodion",
            "title": "Liu Section 4 Director",
            "content": "Woo eeen—"
        },
        {
            "id": 8,
            "model": "이스마엘",
            "teller": "Ishmael",
            "title": "Liu Section 4",
            "content": "Rodion, please chew first before speaking."
        },
        {
            "id": 9,
            "model": "로쟈",
            "teller": "Rodion",
            "title": "Liu Section 4 Director",
            "content": "Mmh... Hah. So... then!"
        },
        {
            "id": 10,
            "model": "이스마엘",
            "teller": "Ishmael",
            "title": "Liu Section 4",
            "content": "So how long are we going to be doing this?"
        },
        {
            "id": 11,
            "content": "Tap."
        },
        {
            "id": 12,
            "content": "The other child stopped dead in her tracks, her hands deep in her pockets. She exhaled loudly with audible irritation..."
        },
        {
            "id": 13,
            "content": "... then glared at the child."
        },
        {
            "id": 14,
            "model": "이스마엘",
            "teller": "Ishmael",
            "title": "Liu Section 4",
            "content": "You stopped by this corner's HamHamPangPang for their time-limited dumplings. You picked up a big pack of twenty or so of their freshly-fried menbosha. And—"
        },
        {
            "id": 15,
            "model": "로쟈",
            "teller": "Rodion",
            "title": "Liu Section 4 Director",
            "content": "Green grapes, tangerines, or strawberries?"
        },
        {
            "id": 16,
            "content": "The child very quietly, yet casually, muttered these three words as the other child looked like she was about to go on a rant."
        },
        {
            "id": 17,
            "model": "이스마엘",
            "teller": "Ishmael",
            "title": "Liu Section 4",
            "content": "... I'm sorry?"
        },
        {
            "id": 18,
            "model": "로쟈",
            "teller": "Rodion",
            "title": "Liu Section 4 Director",
            "content": "Pick one, Ishy. Green grapes, tangerines, or strawberries?"
        },
        {
            "id": 19,
            "content": "The child's eyes flashed as she lightly shook the white paper bag."
        },
        {
            "id": 20,
            "content": "That flash in her eyes were that of confidence."
        },
        {
            "id": 21,
            "model": "이스마엘",
            "teller": "Ishmael",
            "title": "Liu Section 4",
            "content": "Seriously, if you think you can bribe me with food—"
        },
        {
            "id": 22,
            "model": "로쟈",
            "teller": "Rodion",
            "title": "Liu Section 4 Director",
            "content": "I've known all along, Ishy."
        },
        {
            "id": 23,
            "model": "로쟈",
            "teller": "Rodion",
            "title": "Liu Section 4 Director",
            "content": "... that you've been watching this bag of tanghulu all along."
        },
        {
            "id": 24,
            "model": "이스마엘",
            "teller": "Ishmael",
            "title": "Liu Section 4",
            "content": "Hup..."
        },
        {
            "id": 25,
            "model": "로쟈",
            "teller": "Rodion",
            "title": "Liu Section 4 Director",
            "content": "C'mon, I'll let you have the first dibs."
        },
        {
            "id": 26,
            "model": "로쟈",
            "teller": "Rodion",
            "title": "Liu Section 4 Director",
            "content": "Oh, and we'll stop by a beef bowl place later... how's that?"
        },
        {
            "id": 27,
            "model": "이스마엘",
            "teller": "Ishmael",
            "title": "Liu Section 4",
            "content": "... I'll take the tangerine."
        },
        {
            "id": 28,
            "model": "로쟈",
            "teller": "Rodion",
            "title": "Liu Section 4 Director",
            "content": "Well, then~ Here it is! Enjoy!"
        },
        {
            "id": 29,
            "content": "... The child's wit could always be relied upon to appease her fellows."
        },
        {
            "id": 30,
            "content": "Not just in situations like these... but in many other possibly contentious situations as well. Even in situations when a fight would've broken out under a less capable director, she always managed to calm things down between members of Section 4."
        },
        {
            "id": 31,
            "content": "Maybe the Liu Association is known to be more family-like because they tend to assign directorial positions to children like her."
        },
        {
            "id": 32,
            "content": "Of course, Liu's Directors may fall slightly short behind Directors of other Associations who have been picked solely for their combat prowess..."
        },
        {
            "id": 33,
            "content": "But her sociable nature wasn't her only merit that gave her the position of a Director."
        },
        {
            "id": 34,
            "model": "로쟈",
            "teller": "Rodion",
            "title": "Liu Section 4 Director",
            "content": "Hup!"
        },
        {
            "id": 35,
            "content": "She stands alone, facing off against the enemy leader one-on-one. She intends to impale him with the tip of her open hand."
        },
        {
            "id": 36,
            "content": "This indicates two things."
        },
        {
            "id": 37,
            "content": "One: the enemy's lackeys won't get in her way."
        },
        {
            "id": 38,
            "content": "Two: her subordinates were shaping the battlefield as per her orders to ensure that she gets a one-on-one against the enemy leader."
        },
        {
            "id": 39,
            "model": "료슈",
            "teller": "Ryōshū",
            "title": "Liu Section 4",
            "content": "T.A.D."
        },
        {
            "id": 40,
            "model": "이스마엘",
            "teller": "Ishmael",
            "title": "Liu Section 4",
            "content": "Director! No need to worry about the lackeys, we're handling them as we usually do!"
        },
        {
            "id": 41,
            "model": "로쟈",
            "teller": "Rodion",
            "title": "Liu Section 4 Director",
            "content": "Haah~ Didn't I tell ya to call me by my name? Girl, seriously..."
        },
        {
            "id": 42,
            "content": "The child does not avert her eyes from the Syndicate leader, even as she banters with her teammates."
        },
        {
            "id": 43,
            "model": "로쟈",
            "teller": "Rodion",
            "title": "Liu Section 4 Director",
            "content": "Well, if you're gonna call me director, I guess I gotta pull my own weight, huh?"
        },
        {
            "id": 44,
            "content": "The child struck the leader's solar plexus—which had long been weakened after series of strikes—with the tip of her fingers, and cleanly pierced right through his torso."
        },
        {
            "id": 45,
            "model": "이스마엘",
            "teller": "Ishmael",
            "title": "Liu Section 4",
            "content": "Well... your boss is dead. Now what? Wanna keep going?"
        },
        {
            "id": 46,
            "model": "???",
            "teller": "???",
            "title": "???",
            "content": "Gah... Dammit!"
        },
        {
            "id": 47,
            "content": "In a large-scale battle involving multiple combatants, the death of the leader often means the death of morale."
        },
        {
            "id": 48,
            "content": "The enemies began slowly backing away... until scattering and fleeing the battlefield."
        },
        {
            "id": 49,
            "model": "로쟈",
            "teller": "Rodion",
            "title": "Liu Section 4 Director",
            "content": "Whew~ Another job done!"
        },
        {
            "id": 50,
            "content": "This is how Liu Association handles their larger scale tasks. The members hold down the enemy grunts and isolate their leader... while the Director or a Director equivalent takes them on one-on-one."
        },
        {
            "id": 51,
            "content": "This, however, also means that they may not have a plan B when the Director is defeated."
        },
        {
            "id": 52,
            "content": "If that happens, then... well, let's not get into that just yet."
        },
        {
            "id": 53,
            "content": "I suppose we will find out when we look into a world with one such tale."
        }
    ]
}