{
    "dataList": [
        {
            "id": 0,
            "model": "오티스",
            "teller": "Outis",
            "title": "Blade Lineage Salsu",
            "content": "Stop, STOP!"
        },
        {
            "id": 1,
            "content": "The one seated opposite the child shouted indignantly. The child stopped just as she was about to chug the liquor straight from the bottle."
        },
        {
            "id": 2,
            "model": "돈키호테",
            "teller": "Don Quixote",
            "title": "Blade Lineage Salsu",
            "content": "H-huh? Wherefore hast thou shouted so...?"
        },
        {
            "id": 3,
            "model": "오티스",
            "teller": "Outis",
            "title": "Blade Lineage Salsu",
            "content": "We are no mere peasants, Don Quixote. We do *not* drink straight from a bottle."
        },
        {
            "id": 4,
            "model": "돈키호테",
            "teller": "Don Quixote",
            "title": "Blade Lineage Salsu",
            "content": "N-no...?"
        },
        {
            "id": 5,
            "content": "The other child, furious and frustrated, sighed deeply and shut her eyes with exasperation."
        },
        {
            "id": 6,
            "content": "They were members of the Blade Lineage on the run... but as soon as they clear their names, as soon as they can return to S Corp... they will be taking jobs as personal guards of the high-ranking officials."
        },
        {
            "id": 7,
            "content": "And that meant that they would have to know high society etiquette by heart in case they had to join them for a meal. The other child's head began to fill with all kinds of terrible faux pas shenanigans that this child would put herself into."
        },
        {
            "id": 8,
            "model": "오티스",
            "teller": "Outis",
            "title": "Blade Lineage Salsu",
            "content": "One must drink from a cup, not the bottle. That is the proper drinking etiquette."
        },
        {
            "id": 9,
            "model": "오티스",
            "teller": "Outis",
            "title": "Blade Lineage Salsu",
            "content": "Once the cup is empty, and only when it is empty do you refill it for another drink."
        },
        {
            "id": 10,
            "model": "돈키호테",
            "teller": "Don Quixote",
            "title": "Blade Lineage Salsu",
            "content": "... Yet... wherefore?"
        },
        {
            "id": 11,
            "content": "The child looks back with a genuinely puzzled expression."
        },
        {
            "id": 12,
            "model": "돈키호테",
            "teller": "Don Quixote",
            "title": "Blade Lineage Salsu",
            "content": "'Tis more work for the same amount of alcohol, is it not? To drink from such a petite bowl..."
        },
        {
            "id": 13,
            "model": "오티스",
            "teller": "Outis",
            "title": "Blade Lineage Salsu",
            "content": "... It is to prevent one from getting completely intoxicated while maintaining compo—"
        },
        {
            "id": 14,
            "model": "돈키호테",
            "teller": "Don Quixote",
            "title": "Blade Lineage Salsu",
            "content": "Guugh! Cough, cough!"
        },
        {
            "id": 15,
            "content": "Whatever the other child said, it didn't register in this one."
        },
        {
            "id": 16,
            "content": "The child began chugging straight from the bottle..."
        },
        {
            "id": 17,
            "content": "Perhaps it was the unexpected flavor, perhaps it was the piercing aroma. Or maybe it was just that strong of a liquor."
        },
        {
            "id": 18,
            "content": "... She immediately expelled the entirety of the bottle's contents like a fountain spray."
        },
        {
            "id": 19,
            "model": "오티스",
            "teller": "Outis",
            "title": "Blade Lineage Salsu",
            "content": "……."
        },
        {
            "id": 20,
            "content": "It need not be said that the lecturing child was completely showered in whatever burst forth from the child's mouth."
        },
        {
            "id": 21,
            "model": "돈키호테",
            "teller": "Don Quixote",
            "title": "Blade Lineage Salsu",
            "content": "I-I...! 'Twas not mine intention to—"
        },
        {
            "id": 22,
            "model": "돈키호테",
            "teller": "Don Quixote",
            "title": "Blade Lineage Salsu",
            "content": "The flavor was... simply too different from what I'd..."
        },
        {
            "id": 23,
            "model": "오티스",
            "teller": "Outis",
            "title": "Blade Lineage Salsu",
            "content": "……."
        },
        {
            "id": 24,
            "model": "돈키호테",
            "teller": "Don Quixote",
            "title": "Blade Lineage Salsu",
            "content": "... 'Tis made of rice, is it not? I had thought with quite the confidence that its flavor would be no different from that of sikhye or gamju..."
        },
        {
            "id": 25,
            "model": "오티스",
            "teller": "Outis",
            "title": "Blade Lineage Salsu",
            "content": "What did I say? What did I just say?"
        },
        {
            "id": 26,
            "model": "돈키호테",
            "teller": "Don Quixote",
            "title": "Blade Lineage Salsu",
            "content": "Eek!"
        },
        {
            "id": 27,
            "model": "오티스",
            "teller": "Outis",
            "title": "Blade Lineage Salsu",
            "content": "I just told you to drink from the cup, little by little."
        },
        {
            "id": 28,
            "model": "오티스",
            "teller": "Outis",
            "title": "Blade Lineage Salsu",
            "content": "If you had listened, this would not have happened."
        },
        {
            "id": 29,
            "model": "돈키호테",
            "teller": "Don Quixote",
            "title": "Blade Lineage Salsu",
            "content": "I-I mean..."
        },
        {
            "id": 30,
            "model": "오티스",
            "teller": "Outis",
            "title": "Blade Lineage Salsu",
            "content": "Speak properly! Though we may be of the same rank, at this precise moment I am your instructor and superior! You will do well to address me as one!"
        },
        {
            "id": 31,
            "model": "돈키호테",
            "teller": "Don Quixote",
            "title": "Blade Lineage Salsu",
            "content": "Y-yes ma'am!"
        },
        {
            "id": 32,
            "model": "오티스",
            "teller": "Outis",
            "title": "Blade Lineage Salsu",
            "content": "First! You are wielding your chopsticks in a manner most improper!"
        },
        {
            "id": 33,
            "model": "돈키호테",
            "teller": "Don Quixote",
            "title": "Blade Lineage Salsu",
            "content": "Uh, this was merely to free my other hand for the bottle—"
        },
        {
            "id": 34,
            "model": "오티스",
            "teller": "Outis",
            "title": "Blade Lineage Salsu",
            "content": "Behold! This! Is how you properly wield a chopstick! Your sloppy technique is a disgrace..."
        },
        {
            "id": 35,
            "content": "... The other child's lecture continued without end."
        },
        {
            "id": 36,
            "content": "At this point, it was starting to sound like she was just unloading all of her frustrations on the child for the sake of unloading them, but..."
        },
        {
            "id": 37,
            "content": "... it *was* the child's fault, no? Actions do have consequences."
        },
        {
            "id": 38,
            "model": "오티스",
            "teller": "Outis",
            "title": "Blade Lineage Salsu",
            "content": "... And I will leave it at that."
        },
        {
            "id": 39,
            "model": "돈키호테",
            "teller": "Don Quixote",
            "title": "Blade Lineage Salsu",
            "content": "Agh..."
        },
        {
            "id": 40,
            "model": "오티스",
            "teller": "Outis",
            "title": "Blade Lineage Salsu",
            "content": "Have you completed your reconnaissance? I have been waiting many days to hear your reports."
        },
        {
            "id": 41,
            "model": "돈키호테",
            "teller": "Don Quixote",
            "title": "Blade Lineage Salsu",
            "content": "Ahm. I have discovered in my journeys about five different respectable locations in the Backstreets."
        },
        {
            "id": 42,
            "model": "오티스",
            "teller": "Outis",
            "title": "Blade Lineage Salsu",
            "content": "Hm, that is good news indeed. Yet I must also inquire you about Kurokumo Clan's—"
        },
        {
            "id": 43,
            "model": "돈키호테",
            "teller": "Don Quixote",
            "title": "Blade Lineage Salsu",
            "content": "Ahem! Worry not thy heart! I have spied on the Kurokumo Clan curs as they dined!"
        },
        {
            "id": 44,
            "model": "돈키호테",
            "teller": "Don Quixote",
            "title": "Blade Lineage Salsu",
            "content": "... 'Tis in two days."
        },
        {
            "id": 45,
            "content": "The liquor in the other child's cup rippled as her hand twitched ever-so-slightly."
        },
        {
            "id": 46,
            "model": "오티스",
            "teller": "Outis",
            "title": "Blade Lineage Salsu",
            "content": "Indeed... A match catches fire when struck."
        },
        {
            "id": 47,
            "model": "오티스",
            "teller": "Outis",
            "title": "Blade Lineage Salsu",
            "content": "Yet we must survive. Persist. And one day... we will find ourselves an opportunity. That is what our mentor has told us."
        },
        {
            "id": 48,
            "model": "오티스",
            "teller": "Outis",
            "title": "Blade Lineage Salsu",
            "content": "You have done well, Don Quixote. Venturing so deep into enemy territory..."
        },
        {
            "id": 49,
            "model": "돈키호테",
            "teller": "Don Quixote",
            "title": "Blade Lineage Salsu",
            "content": "Heheh, a handful of them did notice my trail..."
        },
        {
            "id": 50,
            "model": "돈키호테",
            "teller": "Don Quixote",
            "title": "Blade Lineage Salsu",
            "content": "... But they have all been taken care of."
        },
        {
            "id": 51,
            "content": "The child held up her blade and spoke casually. It was spoken with the same casual cadence as though she had just swatted a few specks of dust from her cloak."
        },
        {
            "id": 52,
            "content": "Though they may not have started out as members of a Syndicate wandering the Backstreets, the reason the members of Blade Lineage have no hesitation in cutting people down..."
        },
        {
            "id": 53,
            "content": "... is that they have all each been slayers for a long time. Blade Lineage or not."
        },
        {
            "id": 54,
            "content": "Yet, there is a difference."
        },
        {
            "id": 55,
            "model": "오티스",
            "teller": "Outis",
            "title": "Blade Lineage Salsu",
            "content": "……."
        },
        {
            "id": 56,
            "content": "That the blade they used to wield in service of others... is now for no one else but their own."
        }
    ]
}