{
    "dataList": [
        {
            "id": 0,
            "model": "파우스트",
            "teller": "Faust",
            "title": "Control Team Captain",
            "content": "Initiating Voice Log."
        },
        {
            "id": 1,
            "model": "파우스트",
            "teller": "Faust",
            "title": "Control Team Captain",
            "content": "This is Control Team Captain Agent Faust. Logging today's Work records."
        },
        {
            "id": 2,
            "model": "파우스트",
            "teller": "Faust",
            "title": "Control Team Captain",
            "content": "My current location is... the Lobotomy Corporation Headquarters. Upper Layer, Control Team Department."
        },
        {
            "id": 3,
            "model": "파우스트",
            "teller": "Faust",
            "title": "Control Team Captain",
            "content": "It has been 9 days since the Manager's first day at work. 3 days have passed since the Information Team Department opened."
        },
        {
            "id": 4,
            "model": "파우스트",
            "teller": "Faust",
            "title": "Control Team Captain",
            "content": "The Clerks are almost all here... It is quite busy."
        },
        {
            "id": 5,
            "model": "파우스트",
            "teller": "Faust",
            "title": "Control Team Captain",
            "content": "This voice log will resume when Management Work begins. Pausing the recording."
        },
        {
            "id": 6,
            "model": "파우스트",
            "teller": "Faust",
            "title": "Control Team Captain",
            "content": "... Resuming Voice Log."
        },
        {
            "id": 7,
            "model": "파우스트",
            "teller": "Faust",
            "title": "Control Team Captain",
            "content": "I am... currently headed to educate our new hires."
        },
        {
            "id": 8,
            "model": "파우스트",
            "teller": "Faust",
            "title": "Control Team Captain",
            "content": "Also, the Manager has requested that I be assigned to manage the new Abnormality we received yesterday. It appears that the personnel newly deployed to the Control Team has expired."
        },
        {
            "id": 9,
            "model": "파우스트",
            "teller": "Faust",
            "title": "Control Team Captain",
            "content": "It seems that we've hired a new employee..."
        },
        {
            "id": 10,
            "model": "파우스트",
            "teller": "Faust",
            "title": "Control Team Captain",
            "content": "Oh, Excuse me... (Shuffling noises)"
        },
        {
            "id": 11,
            "model": "파우스트",
            "teller": "Faust",
            "title": "Control Team Captain",
            "content": "Hello, Jacob. What is it? You are hesitating outside the containment unit."
        },
        {
            "id": 12,
            "model": "제이콥",
            "teller": "Jacob",
            "title": "Level 1 Agent",
            "content": "Ah, Team Captain Faust... I-It's my first assignment, and I'm... a bit scared...."
        },
        {
            "id": 13,
            "model": "파우스트",
            "teller": "Faust",
            "title": "Control Team Captain",
            "content": "There is no cause for concern, Jacob. The Abnormality assigned to you is likely to be the safest Abnormality here."
        },
        {
            "id": 14,
            "model": "제이콥",
            "teller": "Jacob",
            "title": "Level 1 Agent",
            "content": "But... Its name here, look... It's really intimidating..."
        },
        {
            "id": 15,
            "model": "제이콥",
            "teller": "Jacob",
            "title": "Level 1 Agent",
            "content": "One Sin and Hundreds of Good Deeds..."
        },
        {
            "id": 16,
            "model": "제이콥",
            "teller": "Jacob",
            "title": "Level 1 Agent",
            "content": "Team Captain! W-what happens if I get unlucky and the thing decides to commit that one Sin against me? I-I don't... I still haven't..."
        },
        {
            "id": 17,
            "model": "파우스트",
            "teller": "Faust",
            "title": "Control Team Captain",
            "content": "Relax. That is not how this Abnormality behaves."
        },
        {
            "id": 18,
            "model": "파우스트",
            "teller": "Faust",
            "title": "Control Team Captain",
            "content": "Peruse the Abnormality Details, and conduct Insight or Attachment Works. And nothing will happen."
        },
        {
            "id": 19,
            "model": "제이콥",
            "teller": "Jacob",
            "title": "Level 1 Agent",
            "content": "R-really...?"
        },
        {
            "id": 20,
            "model": "파우스트",
            "teller": "Faust",
            "title": "Control Team Captain",
            "content": "Faust does not lie."
        },
        {
            "id": 21,
            "model": "제이콥",
            "teller": "Jacob",
            "title": "Level 1 Agent",
            "content": "O-okay. Thank you, Team Captain."
        },
        {
            "id": 22,
            "model": "파우스트",
            "teller": "Faust",
            "title": "Control Team Captain",
            "content": "... We are running somewhat behind schedule. Jacob is one of the newest hires assigned to the Control Team. It appears he was unnecessarily intimidated by a brief description of the Abnormality."
        },
        {
            "id": 23,
            "model": "파우스트",
            "teller": "Faust",
            "title": "Control Team Captain",
            "content": "I suppose this is a part of a Team Captain's job. I am certain that the Manager will be understanding."
        },
        {
            "id": 24,
            "model": "파우스트",
            "teller": "Faust",
            "title": "Control Team Captain",
            "content": "Then... I will continue this recording once I arrive at the containment unit."
        },
        {
            "id": 25,
            "model": "파우스트",
            "teller": "Faust",
            "title": "Control Team Captain",
            "content": "Testing, testing. Resuming Voice Log."
        },
        {
            "id": 26,
            "model": "파우스트",
            "teller": "Faust",
            "title": "Control Team Captain",
            "content": "My arrival was delayed beyond my initial predictions... I had a run-in with Ms. Malkuth, and had the pleasure of exchanging a few words with her."
        },
        {
            "id": 27,
            "model": "파우스트",
            "teller": "Faust",
            "title": "Control Team Captain",
            "content": "She inquired about the Work we had planned for the day, so I made an impromptu report."
        },
        {
            "id": 28,
            "model": "파우스트",
            "teller": "Faust",
            "title": "Control Team Captain",
            "content": "While it was unexpected that she wanted to know the expected completion time down to the seconds, I believe that records were helpful in giving her a satisfactory answer."
        },
        {
            "id": 29,
            "model": "파우스트",
            "teller": "Faust",
            "title": "Control Team Captain",
            "content": "She is a Sephirah, after all. She is responsible for an entire department. Her demands are not entirely unreasonable."
        },
        {
            "id": 30,
            "model": "파우스트",
            "teller": "Faust",
            "title": "Control Team Captain",
            "content": "Moving on... This is the containment unit of T-01-54, also known as the Forsaken Murderer."
        },
        {
            "id": 31,
            "model": "파우스트",
            "teller": "Faust",
            "title": "Control Team Captain",
            "content": "According to the prior records... As long as the Work results are good, there shouldn't be any difficulties with managing this Abnormality."
        },
        {
            "id": 32,
            "model": "파우스트",
            "teller": "Faust",
            "title": "Control Team Captain",
            "content": "Hm... (Sounds of flipping through papers) Work records show that the employee previously assigned to this Abnormality conducted Repression Works."
        },
        {
            "id": 33,
            "model": "파우스트",
            "teller": "Faust",
            "title": "Control Team Captain",
            "content": "... Which resulted in the overproduction of NE-Box. The Abnormality's head transformed into something akin to a metallic substance, which it used to crush the employee to death... Hm."
        },
        {
            "id": 34,
            "model": "파우스트",
            "teller": "Faust",
            "title": "Control Team Captain",
            "content": "Not many would understand the process by which a person's head transforms from flesh to metal. But that ineffability is simply the nature of Abnormalities."
        },
        {
            "id": 35,
            "model": "파우스트",
            "teller": "Faust",
            "title": "Control Team Captain",
            "content": "This record at least informed me that avoiding Repression Work on this Abnormality would be preferable."
        },
        {
            "id": 36,
            "model": "파우스트",
            "teller": "Faust",
            "title": "Control Team Captain",
            "content": "Even if something were to happen... I have an E.G.O Suit resistant against RED damage, so I foresee little trouble ahead."
        },
        {
            "id": 37,
            "model": "파우스트",
            "teller": "Faust",
            "title": "Control Team Captain",
            "content": "I will continue this documentation once the Work is complete."
        },
        {
            "id": 38,
            "model": "파우스트",
            "teller": "Faust",
            "title": "Control Team Captain",
            "content": "... This is Faust."
        },
        {
            "id": 39,
            "model": "파우스트",
            "teller": "Faust",
            "title": "Control Team Captain",
            "content": "The Work was successful."
        },
        {
            "id": 40,
            "model": "파우스트",
            "teller": "Faust",
            "title": "Control Team Captain",
            "content": "The Abnormality was observed muttering something to itself. It shuddered with anxiety and refused to look away from the floor. A proper communication was deemed difficult."
        },
        {
            "id": 41,
            "model": "파우스트",
            "teller": "Faust",
            "title": "Control Team Captain",
            "content": "It looked rather emaciated, so I attempted to perform an Instinct Work by providing it food items that humans find useful."
        },
        {
            "id": 42,
            "model": "파우스트",
            "teller": "Faust",
            "title": "Control Team Captain",
            "content": "The results are encouraging. I will record that Instinct Work is effective for this Abnormality."
        },
        {
            "id": 43,
            "model": "파우스트",
            "teller": "Faust",
            "title": "Control Team Captain",
            "content": "But... I have not observed any signs of its head turning into metal, nor am I any closer to learning the mechanics behind that phenomenon."
        },
        {
            "id": 44,
            "model": "파우스트",
            "teller": "Faust",
            "title": "Control Team Captain",
            "content": "Considering this E.G.O weapon was extracted from the Abnormality in question, it seems evident that the Abnormality's characteristics are at least partially carried over to the shape and particularities of the E.G.O weapon."
        },
        {
            "id": 45,
            "model": "파우스트",
            "teller": "Faust",
            "title": "Control Team Captain",
            "content": "Ah, the siren..."
        },
        {
            "id": 46,
            "teller": "Announcement",
            "title": "Lobotomy Corporation",
            "content": "[WARNING. ORDEAL OF GREEN DAWN ALERT. SUPPRESSION PERSONNEL FROM ALL DEPARTMENTS MUST IMMEDIATELY ASSEMBLE AT THE BOTTOM RIGHT ELEVATOR OF THE UPPER LAYER.]"
        },
        {
            "id": 47,
            "model": "파우스트",
            "teller": "Faust",
            "title": "Control Team Captain",
            "content": "The Manager's orders have arrived via the devices. ... It is time for the Ordeals already, then."
        },
        {
            "id": 48,
            "model": "파우스트",
            "teller": "Faust",
            "title": "Control Team Captain",
            "content": "Each employee is equipped with a device that displays orders from the Manager in text form. The devices must be checked often as the orders are rather frequent."
        },
        {
            "id": 49,
            "model": "파우스트",
            "teller": "Faust",
            "title": "Control Team Captain",
            "content": "I must go and assist them in Suppressing this Ordeal."
        },
        {
            "id": 50,
            "model": "파우스트",
            "teller": "Faust",
            "title": "Control Team Captain",
            "content": "I am not particularly concerned. Maybe this Ordeal will be Suppressed before Faust even gets there."
        },
        {
            "id": 51,
            "model": "파우스트",
            "teller": "Faust",
            "title": "Control Team Captain",
            "content": "The Manager does not yet know... but the Ordeal of Green Dawn is quite insignificant compared to what is to come."
        },
        {
            "id": 52,
            "model": "파우스트",
            "teller": "Faust",
            "title": "Control Team Captain",
            "content": "... Hm, no. I must hold my tongue, lest I risk confusing any other individual who will be listening to this recording."
        },
        {
            "id": 53,
            "model": "파우스트",
            "teller": "Faust",
            "title": "Control Team Captain",
            "content": "Faust is... determined to struggle, to survive the remaining 41 days of Work."
        },
        {
            "id": 54,
            "model": "파우스트",
            "teller": "Faust",
            "title": "Control Team Captain",
            "content": "And I will leave it at that."
        },
        {
            "id": 55,
            "model": "파우스트",
            "teller": "Faust",
            "title": "Control Team Captain",
            "content": "Well, then..."
        },
        {
            "id": 56,
            "model": "파우스트",
            "teller": "Faust",
            "title": "Control Team Captain",
            "content": "Faust, ending the Voice Log."
        }
    ]
}