{
    "dataList": [
        {
            "id": 0,
            "teller": "Irked Teammate",
            "title": "W Corp.",
            "content": "Just look at him, always devoted to his work without a single complaint. You should…"
        },
        {
            "id": 1,
            "content": "“Be more like him”, is what this child most likely wanted to say, but they held their mouth shut."
        },
        {
            "id": 2,
            "content": "They then moved to a different topic."
        },
        {
            "id": 3,
            "teller": "Irked Teammate",
            "title": "W Corp.",
            "content": "You know what? Don’t model yourself after him. Honestly not a good look, either."
        },
        {
            "id": 4,
            "content": "Regardless…"
        },
        {
            "id": 5,
            "content": "The child silently focused on his own tasks."
        },
        {
            "id": 6,
            "content": "Possessed of a tall physique and cold eyes, the child stays impassive as if he weren’t the subject of the conversation nearby, in spite of the fact that his ears weren’t plugged or impaired."
        },
        {
            "id": 7,
            "teller": "Irked Teammate",
            "title": "W Corp.",
            "content": "…Yo, you should at least say something."
        },
        {
            "id": 8,
            "content": "His lack of a reaction seemed to bother the grousing child. That’s when he, the tall child, finally returned that gaze and started talking."
        },
        {
            "id": 9,
            "model": "뫼르소",
            "title": "W Corp. Cleanup Agent",
            "content": "I don’t believe a reply was demanded of me."
        },
        {
            "id": 10,
            "teller": "Irked Teammate",
            "title": "W Corp.",
            "content": "Still, c’mon dude… Are you really just gonna sit there even when someone’s shit-talking you?"
        },
        {
            "id": 11,
            "model": "뫼르소",
            "title": "W Corp. Cleanup Agent",
            "content": "So long as no direct harm is done to me."
        },
        {
            "id": 12,
            "content": "And just like that, the child returned to his work."
        },
        {
            "id": 13,
            "content": "The bellyaching child kept on sending a cold glare…"
        },
        {
            "id": 14,
            "content": "But it won’t reach him."
        }
    ]
}