{
    "dataList": [
        {
            "id": 0,
            "content": "Within a beef noodle restaurant somewhere in the streets..."
        },
        {
            "id": 1,
            "content": "The child was enjoying her lunch alone at the table."
        },
        {
            "id": 2,
            "content": "Though she doesn't necessarily have an aversion to hanging out with others, she doesn't particularly like to, either."
        },
        {
            "id": 3,
            "content": "While people from the Liu Association normally dine in large, boisterous crowds, something about the child felt different from her peers."
        },
        {
            "id": 4,
            "content": "The child could have been a part of such crowds if she tried, but she seems more comfortable eating alone."
        },
        {
            "id": 5,
            "model": "이스마엘",
            "teller": "Ishmael",
            "title": "Liu Section 4",
            "content": "...Ow, hot. Yes, this is Ishmael speaking."
        },
        {
            "id": 6,
            "model": "이스마엘",
            "teller": "Ishmael",
            "title": "Liu Section 4",
            "content": "Right now...? I'm in the middle of a meal, could it wait a..."
        },
        {
            "id": 7,
            "model": "이스마엘",
            "teller": "Ishmael",
            "title": "Liu Section 4",
            "content": "Got it..."
        },
        {
            "id": 8,
            "content": "Right, perhaps it could be because of work keeping her busy."
        },
        {
            "id": 9,
            "teller": "Kind Restaurant Owner",
            "title": "Beef Noodle Restaurant",
            "content": "Poor girl, leaving without finishing your meal again?"
        },
        {
            "id": 10,
            "model": "이스마엘",
            "teller": "Ishmael",
            "title": "Liu Section 4",
            "content": "Um... Yeah, sorry. The usual treatment, please."
        },
        {
            "id": 11,
            "teller": "Kind Restaurant Owner",
            "title": "Beef Noodle Restaurant",
            "content": "Pack it up and keep it 'til you get back, right? You got it~"
        },
        {
            "id": 12,
            "content": "It looks like this certainly isn't the first time the child has left her food behind due to a call."
        },
        {
            "id": 13,
            "model": "이스마엘",
            "teller": "Ishmael",
            "title": "Liu Section 4",
            "content": "Yes, I'm outside now. Which way is it?"
        },
        {
            "id": 14,
            "model": "이스마엘",
            "teller": "Ishmael",
            "title": "Liu Section 4",
            "content": "Haah... And one more thing: I did ask for this since I had trouble getting along with others, but I'd like it if I could have my meals in peace at the very least."
        },
        {
            "id": 15,
            "model": "이스마엘",
            "teller": "Ishmael",
            "title": "Liu Section 4",
            "content": "...No, I mean! The noodles are all mushy by the time I'm finished! Are you telling me I should live exclusively off dumplings?"
        },
        {
            "id": 16,
            "model": "이스마엘",
            "teller": "Ishmael",
            "title": "Liu Section 4",
            "content": "What?! Just use U Corp's stasis preservation packaging? Do you have any idea how expensive that is?"
        },
        {
            "id": 17,
            "model": "이스마엘",
            "teller": "Ishmael",
            "title": "Liu Section 4",
            "content": "Forget it! I'm hanging up."
        },
        {
            "id": 18,
            "content": "Irritated, the child ended the call."
        },
        {
            "id": 19,
            "model": "이스마엘",
            "teller": "Ishmael",
            "title": "Liu Section 4",
            "content": "Haah... You've got to be kidding, I ordered a double portion because I'd be free today."
        },
        {
            "id": 20,
            "model": "이스마엘",
            "teller": "Ishmael",
            "title": "Liu Section 4",
            "content": "...And they keep telling me I'm the only one they can trust these jobs with, so what more can I say to that?"
        },
        {
            "id": 21,
            "content": "From the sound of it, the child is particularly skilled among her peers in Section 4 of the Liu's southern branch. Her specialty of quickly closing the distance for a close-quarter thrashing made her excellent at dealing with groups of foes alone."
        },
        {
            "id": 22,
            "content": "Well... It could mean her talent doesn't quite mesh well with Liu Association's main expertise of coordinated offense, in other words."
        },
        {
            "id": 23,
            "content": "If she was such a sociable type, she wouldn't have had to desert her meal to catch up on a mission they were supposed to embark off on simultaneously in the first place, would she?"
        },
        {
            "id": 24,
            "teller": "Puny Thug",
            "title": "???",
            "content": "Ugh, krh!"
        },
        {
            "id": 25,
            "model": "이스마엘",
            "teller": "Ishmael",
            "title": "Liu Section 4",
            "content": "Next."
        },
        {
            "id": 26,
            "content": "The child takes down one enemy after another just like that, a hint of anger visible on her face."
        },
        {
            "id": 27,
            "teller": "Panicked Thug",
            "title": "???",
            "content": "Tch, I can't stab through her clothes!"
        },
        {
            "id": 28,
            "teller": "Panicked Thug",
            "title": "???",
            "content": "Gaah!"
        },
        {
            "id": 29,
            "model": "이스마엘",
            "teller": "Ishmael",
            "title": "Liu Section 4",
            "content": "Hah, it'll take far more than that to penetrate an Association's attire."
        },
        {
            "id": 30,
            "content": "Her speed was overwhelming, slightly flustering the surrounding colleagues as she razed foes with the vigor of chopping down bamboo."
        },
        {
            "id": 31,
            "teller": "Fearful Thug",
            "title": "???",
            "content": "You, you piece of..."
        },
        {
            "id": 32,
            "content": "And, as the remaining foes stumbled before the child..."
        },
        {
            "id": 33,
            "content": "Wagging her hand, the child taunted:"
        },
        {
            "id": 34,
            "model": "이스마엘",
            "teller": "Ishmael",
            "title": "Liu Section 4",
            "content": "Come at me all at once. I'm pissed off 'cause my noodles are soggy."
        }
    ]
}