{
  "dataList": [
    {
      "id": 0,
      "teller": "Judge Presiding",
      "title": "Military Court",
      "content": "Please state the corporate entities that colluded with you in the war."
    },
    {
      "id": 1,
      "model": "오티스",
      "title": "G Corp. Head Manager",
      "content": "…F Corp, and E Corp."
    },
    {
      "id": 2,
      "teller": "Judge Presiding",
      "title": "Military Court",
      "content": "…Any others?"
    },
    {
      "id": 3,
      "content": "The child was vexed by the question, especially so, as she knew that having the expected answer come out of her mouth would put her standing in jeopardy."
    },
    {
      "id": 4,
      "model": "오티스",
      "title": "G Corp. Head Manager",
      "content": "…The old L Corp."
    },
    {
      "id": 5,
      "teller": "Judge Presiding",
      "title": "Military Court",
      "content": "What you’ve just testified would signify that you fought alongside the instigator of the war. Do you admit this?"
    },
    {
      "id": 6,
      "model": "오티스",
      "title": "G Corp. Head Manager",
      "content": "I was only following G Corp’s orders as an employee—!"
    },
    {
      "id": 7,
      "teller": "Judge Presiding",
      "title": "Military Court",
      "content": "Manager Outis, please."
    },
    {
      "id": 8,
      "content": "Annoyed by the child speaking out of turn, the judge lifted a hand to stop her from further interruption."
    },
    {
      "id": 9,
      "model": "오티스",
      "title": "G Corp. Head Manager",
      "content": "…Manager Outis."
    },
    {
      "id": 10,
      "teller": "Judge Presiding",
      "title": "Military Court",
      "content": "Listen, the war has ended. Furthermore, it was your side that won."
    },
    {
      "id": 11,
      "teller": "Judge Presiding",
      "title": "Military Court",
      "content": "G Corp. acquired what it sought: decades’ worth of energy from byproducts of the smoke."
    },
    {
      "id": 12,
      "teller": "Judge Presiding",
      "title": "Military Court",
      "content": "This court is not being held to find you responsible or punish you. Do you understand?"
    },
    {
      "id": 13,
      "content": "“As if.” The child thought to herself."
    },
    {
      "id": 14,
      "content": "The victory of G Corp’s alliance does not mean that its influence extends to the whole City."
    },
    {
      "id": 15,
      "content": "Rather, it comes with a problem: As the war involved the inextricably intertwined interests of several Wings, the victor will need its justifications."
    },
    {
      "id": 16,
      "content": "For those sorts of matters… the obvious move for a company would be to appear as innocent as possible in the public eye by reprimanding an easy target…"
    },
    {
      "id": 17,
      "content": "“…And that’s why I’ll be thrown to the wolves.” She concluded."
    },
    {
      "id": 18,
      "model": "오티스",
      "title": "G Corp. Head Manager",
      "content": "…I understand, your honor."
    }
  ]
}