{
  "dataList": [
    {
      "id": 0,
      "model": "히스클리프",
      "title": "R Corp. 4th Pack Rabbit",
      "content": "Gahahah!"
    },
    {
      "id": 1,
      "content": "The child roared with vivacious yet sanguinary laughter."
    },
    {
      "id": 2,
      "model": "히스클리프",
      "title": "R Corp. 4th Pack Rabbit",
      "content": "Next! Keep on blasting!"
    },
    {
      "id": 3,
      "content": "His gun relentlessly belched flame."
    },
    {
      "id": 4,
      "content": "The child wore a wide grin on his face, letting spatters of blood splash onto his cheeks and clothes as if letting go of the trigger was never an option."
    },
    {
      "id": 5,
      "model": "히스클리프",
      "title": "R Corp. 4th Pack Rabbit",
      "content": "Ammo’s spent!"
    },
    {
      "id": 6,
      "content": "Just as those furious flashes finally seemed to settle down, the child flung the spent gun at his foe."
    },
    {
      "id": 7,
      "content": "The red-hot block of metal struck the target directly, rapidly igniting their clothes."
    },
    {
      "id": 8,
      "model": "히스클리프",
      "title": "R Corp. 4th Pack Rabbit",
      "content": "If I can’t use my paws to plow through the grass, I’ll just bare my teeth!"
    },
    {
      "id": 9,
      "content": "The child unsheathes his knife and lunges forward. Binkying toward them like a rabbit, he tears his foes to tatters."
    },
    {
      "id": 10,
      "model": "히스클리프",
      "title": "R Corp. 4th Pack Rabbit",
      "content": "This suit… Damn, I’m loving this thing! I feel stronger with each scrag!"
    },
    {
      "id": 11,
      "content": "His gleaming eyes seemed to suggest some kind of intoxication…"
    },
    {
      "id": 12,
      "content": "But, it looks like he’s having the time of his life. Nothing to worry about, right?"
    }
  ]
}