{
  "dataList": [
    {
      "id": 0,
      "model": "이스마엘",
      "title": "Shi Section 5",
      "content": "Gaaah, I… said! Thrusting doesn’t work when you do it in the enemy’s… face!"
    },
    {
      "id": 1,
      "content": "The ginger child deftly dodged the long blade swung by her opponent."
    },
    {
      "id": 2,
      "content": "Though they weren’t enemies, there was murderous violence; though they weren’t training, there were words of advice."
    },
    {
      "id": 3,
      "content": "This sort of tussle was an everyday occasion between the two, so there wasn’t a reason for anyone to step in."
    },
    {
      "id": 4,
      "model": "히스클리프",
      "title": "Shi Section 5",
      "content": "Ow! Keep still, won’t you?"
    },
    {
      "id": 5,
      "model": "이스마엘",
      "title": "Shi Section 5",
      "content": "You’re an assassin, so assassinate! I have no idea how you managed to join us!"
    },
    {
      "id": 6,
      "model": "히스클리프",
      "title": "Shi Section 5",
      "content": "Grr… You…!"
    },
    {
      "id": 7,
      "model": "히스클리프",
      "title": "Shi Section 5",
      "content": "It’s assassination if there’s no witnesses—what more do you want!!!"
    },
    {
      "id": 8,
      "content": "The smaller of the two children’s eyes went wide at the other."
    },
    {
      "id": 9,
      "content": "Was she shocked by the unexpected bitterness in his voice, or…"
    },
    {
      "id": 10,
      "model": "이스마엘",
      "title": "Shi Section 5",
      "content": "Wow. I didn’t think you’d actually say that out loud."
    },
    {
      "id": 11,
      "content": "Ah, so she was simply baffled by his childish rebuttal."
    },
    {
      "id": 12,
      "model": "이스마엘",
      "title": "Shi Section 5",
      "content": "You know what? I’m done. I’ll just go have a word with the director!"
    },
    {
      "id": 13,
      "model": "히스클리프",
      "title": "Shi Section 5",
      "content": "Oi, hold on a sec… Oi!"
    },
    {
      "id": 14,
      "content": "The tall child quickly leaned forward to chase her, but soon stopped in place. He probably knew it was of no use."
    },
    {
      "id": 15,
      "content": "Instead, he looked up into the sky, and quietly uttered his feelings after expelling a sigh:"
    },
    {
      "id": 16,
      "model": "히스클리프",
      "title": "Shi Section 5",
      "content": "Tch, I need to earn my keep somehow… I know I’m not fit for this kinda work."
    },
    {
      "id": 17,
      "content": "It seems this child has his own share of woes."
    }
  ]
}