{
  "dataList": [
    {
      "id": 0,
      "teller": "Clumsy Newcomer",
      "title": "Liu Section 6",
      "content": "Waugh?!"
    },
    {
      "id": 1,
      "content": "A crimson flame burst out."
    },
    {
      "id": 2,
      "content": "The sword-bearing child fell on his rear in shock, and the one wearing gauntlets reached out to help."
    },
    {
      "id": 3,
      "teller": "Clumsy Newcomer",
      "title": "Liu Section 6",
      "content": "Mr. Meursault…"
    },
    {
      "id": 4,
      "model": "뫼르소",
      "title": "Liu Section 6",
      "content": "By striking the right spot at the right time, the Liu’s equipment can start a fire."
    },
    {
      "id": 5,
      "content": "The taciturn child spoke to the one who collapsed on the floor, extending an arm equipped with his extinguished gauntlet."
    },
    {
      "id": 6,
      "teller": "Clumsy Newcomer",
      "title": "Liu Section 6",
      "content": "……"
    },
    {
      "id": 7,
      "model": "뫼르소",
      "title": "Liu Section 6",
      "content": "On the other hand, nothing will be kindled if the trajectory and friction aren’t right. Fire cannot ignite by its lonesome."
    },
    {
      "id": 8,
      "teller": "Clumsy Newcomer",
      "title": "Liu Section 6",
      "content": "Uhm…"
    },
    {
      "id": 9,
      "model": "뫼르소",
      "title": "Liu Section 6",
      "content": "I have been taught that this law guides all of the Liu; thus, fire will naturally spark, just as I naturally still remain in Section 6."
    },
    {
      "id": 10,
      "content": "The confused child tilted their head as if a question still remained, while the one who answered looked at them with a faint smile."
    },
    {
      "id": 11,
      "model": "뫼르소",
      "title": "Liu Section 6",
      "content": "Devote yourself to practice."
    },
    {
      "id": 12,
      "content": "With that, the child left."
    }
  ]
}