{
  "dataList": [
    {
      "id": 0,
      "model": "료슈",
      "teller": "Ryōshū",
      "title": "Heishou Pack - Mao Branch",
      "content": "... S.H.H."
    },
    {
      "id": 1,
      "teller": "Another Hare",
      "title": "Heishou Pack - Mao Branch",
      "content": "I... doubt you're telling me to shush."
    },
    {
      "id": 2,
      "teller": "Another Hare",
      "title": "Heishou Pack - Mao Branch",
      "content": "Haven't I told you that your contractions are causing communication difficulties?"
    },
    {
      "id": 3,
      "model": "료슈",
      "teller": "Ryōshū",
      "title": "Heishou Pack - Mao Branch",
      "content": "Haah... I meant to say \"Secret Handover, Here\"."
    },
    {
      "id": 4,
      "content": "The child sighed deeply, frustrated at the other's lack of comprehension, and tossed a small piece of dried bamboo scroll at them."
    },
    {
      "id": 5,
      "content": "There was something scrawled on the scroll with a brush."
    },
    {
      "id": 6,
      "teller": "Another Hare",
      "title": "Heishou Pack - Mao Branch",
      "content": "Our next asssignment, I see."
    },
    {
      "id": 7,
      "model": "료슈",
      "teller": "Ryōshū",
      "title": "Heishou Pack - Mao Branch",
      "content": "Summarize it for me. Though I doubt it's anything more than another mindless slaughter."
    },
    {
      "id": 8,
      "teller": "Another Hare",
      "title": "Heishou Pack - Mao Branch",
      "content": "... What's that?"
    },
    {
      "id": 9,
      "content": "Perhaps the child's behavior was already infamous among them."
    },
    {
      "id": 10,
      "content": "The other beast of this Heishou Pack has never met this child before, but they don't seem at all surprised by this child's apparent extra-mission obsession with finding entertainment in assassinations."
    },
    {
      "id": 11,
      "content": "In fact, they appear rather fascinated as the child continues to draw something in her own bamboo scroll."
    },
    {
      "id": 12,
      "model": "료슈",
      "teller": "Ryōshū",
      "title": "Heishou Pack - Mao Branch",
      "content": "Hmph, none of your business."
    },
    {
      "id": 13,
      "teller": "Another Hare",
      "title": "Heishou Pack - Mao Branch",
      "content": "……."
    },
    {
      "id": 14,
      "content": "The Heishou goes back to reading the mission scroll without question. A silent accord."
    },
    {
      "id": 15,
      "content": "While the other one reads and summarizes the mission scroll, let's see what this child is writing."
    },
    {
      "id": 16,
      "content": "[How unbelievably dull. It is somehow more entertaining to write a record about myself.]"
    },
    {
      "id": 17,
      "content": "[No one will be reading this art, but one day, perhaps my future self shall read it to look back and reminisce.]"
    },
    {
      "id": 18,
      "content": "[Hm... let's describe the stage.]"
    },
    {
      "id": 19,
      "content": "[I am surrounded by a mountain of bodies, everything around me marred and gory, scarred by cuts, drowned in guts.]"
    },
    {
      "id": 20,
      "model": "료슈",
      "teller": "Ryōshū",
      "title": "Heishou Pack - Mao Branch",
      "content": "Heh... that rhymes."
    },
    {
      "id": 21,
      "teller": "Another Hare",
      "title": "Heishou Pack - Mao Branch",
      "content": "What?"
    },
    {
      "id": 22,
      "model": "료슈",
      "teller": "Ryōshū",
      "title": "Heishou Pack - Mao Branch",
      "content": "Nothing."
    },
    {
      "id": 23,
      "content": "[I should make a record of this before my memories grow faint.]"
    },
    {
      "id": 24,
      "content": "[Yes. Suddenly, one moment... I had become a beast.]"
    },
    {
      "id": 25,
      "content": "[I'm certain there were moments lost to the fog that could have become radiant masterpieces, yet all have been burned away—to my chagrin.]"
    },
    {
      "id": 26,
      "content": "[... I have memories of having served a lord, once... yet it was not like this. Maybe.]"
    },
    {
      "id": 27,
      "content": "[I don't care for my current lord, anyway... Well, like always, the only change is the hand that holds the leash.]"
    },
    {
      "id": 28,
      "content": "[Only follow the tug of the leash, and cut down whomever, whatever lies in that path.]"
    },
    {
      "id": 29,
      "content": "[That was today... and, well. That mission scroll won't have anything new.]"
    },
    {
      "id": 30,
      "content": "[My only joy scavenged from the ephemeral moments of blossom, no more.]"
    },
    {
      "id": 31,
      "content": "[Ah, yes. I remember testing my strength against a different beast of the Heishou as well.]"
    },
    {
      "id": 32,
      "content": "[There are eleven more branches to Heishou Packs other than us hares, after all...]"
    },
    {
      "id": 33,
      "content": "[Perhaps my present lord was in a conflict with another. Not that I'm complaining. I'd love for the lord to keep making new enemies like a little bitch.]"
    },
    {
      "id": 34,
      "content": "[At least that will bring me a scintilla of joy.]"
    },
    {
      "id": 35,
      "content": "[I wonder—what if my current lord feuds with my former lord...? Hm. It would make for a tired old cliché, but experiencing it firsthand could also—]"
    },
    {
      "id": 36,
      "teller": "Another Hare",
      "title": "Heishou Pack - Mao Branch",
      "content": "Hey."
    },
    {
      "id": 37,
      "model": "료슈",
      "teller": "Ryōshū",
      "title": "Heishou Pack - Mao Branch",
      "content": "... You're intent on ruining my fun tonight."
    },
    {
      "id": 38,
      "model": "료슈",
      "teller": "Ryōshū",
      "title": "Heishou Pack - Mao Branch",
      "content": "This better be important."
    },
    {
      "id": 39,
      "content": "The child glared at the other beast as though she was ready to stab them with her brush, but..."
    },
    {
      "id": 40,
      "content": "... they only returned her a cold glare, wagging the mission scroll in her face."
    },
    {
      "id": 41,
      "teller": "Another Hare",
      "title": "Heishou Pack - Mao Branch",
      "content": "Time to hop on to our next job, that's all."
    },
    {
      "id": 42,
      "model": "료슈",
      "teller": "Ryōshū",
      "title": "Heishou Pack - Mao Branch",
      "content": "Tch."
    },
    {
      "id": 43,
      "content": "The child wished to record a scene of her fights, perhaps."
    },
    {
      "id": 44,
      "content": "As beasts of the Heishou Pack have no need for unnecessary recollections, the memories can wither away at any moment."
    },
    {
      "id": 45,
      "content": "But having the time to write anything at all was a luxury these missions could not provide."
    },
    {
      "id": 46,
      "teller": "???",
      "title": "???",
      "content": "Beasts of the Heishou Pack are here! They sent the M-Mao branch?!"
    },
    {
      "id": 47,
      "content": "... But maybe we can get a first-hand account this time."
    },
    {
      "id": 48,
      "model": "료슈",
      "teller": "Ryōshū",
      "title": "Heishou Pack - Mao Branch",
      "content": "... Oho."
    },
    {
      "id": 49,
      "content": "Her eyes widen slightly, becoming oval-shaped."
    },
    {
      "id": 50,
      "content": "Then her lips curl upward, noticing something that caught her interest."
    },
    {
      "id": 51,
      "model": "료슈",
      "teller": "Ryōshū",
      "title": "Heishou Pack - Mao Branch",
      "content": "You're wearing a nice fabric."
    },
    {
      "id": 52,
      "model": "료슈",
      "teller": "Ryōshū",
      "title": "Heishou Pack - Mao Branch",
      "content": "Have I seen it somewhere before?"
    },
    {
      "id": 53,
      "teller": "???",
      "title": "???",
      "content": "Ahh, ahhh!"
    },
    {
      "id": 54,
      "teller": "???",
      "title": "???",
      "content": "Wait, y-you're...!"
    },
    {
      "id": 55,
      "model": "료슈",
      "teller": "Ryōshū",
      "title": "Heishou Pack - Mao Branch",
      "content": "Me? I'm Ryō—"
    },
    {
      "id": 56,
      "teller": "Another Hare",
      "title": "Heishou Pack - Mao Branch",
      "content": "Get your shit together."
    },
    {
      "id": 57,
      "teller": "Another Hare",
      "title": "Heishou Pack - Mao Branch",
      "content": "We're hares."
    },
    {
      "id": 58,
      "model": "료슈",
      "teller": "Ryōshū",
      "title": "Heishou Pack - Mao Branch",
      "content": "... Tch."
    },
    {
      "id": 59,
      "teller": "Another Hare",
      "title": "Heishou Pack - Mao Branch",
      "content": "We don't ask each other questions."
    },
    {
      "id": 60,
      "teller": "Another Hare",
      "title": "Heishou Pack - Mao Branch",
      "content": "We do not know where we each reside."
    },
    {
      "id": 61,
      "teller": "Another Hare",
      "title": "Heishou Pack - Mao Branch",
      "content": "But once called to a mission, we gather and become a husk of hares."
    },
    {
      "id": 62,
      "teller": "Another Hare",
      "title": "Heishou Pack - Mao Branch",
      "content": "Together, we complete the mission, and scatter once again."
    },
    {
      "id": 63,
      "teller": "???",
      "title": "???",
      "content": "Dammit... if only I still had Heishou Packs of my own...!"
    },
    {
      "id": 64,
      "teller": "???",
      "title": "???",
      "content": "I shouldn't have made that stupid bet... I shouldn't have wagered my own beasts... The Mao branch was mine...!"
    },
    {
      "id": 65,
      "model": "료슈",
      "teller": "Ryōshū",
      "title": "Heishou Pack - Mao Branch",
      "content": "... Aha."
    },
    {
      "id": 66,
      "content": "The child lets out a brief cry of what sounded like joy, realizing what it was that has been tickling her mind this whole time."
    },
    {
      "id": 67,
      "model": "료슈",
      "teller": "Ryōshū",
      "title": "Heishou Pack - Mao Branch",
      "content": "I remember now, from a passing memory... So maybe this one's one of my past lords."
    },
    {
      "id": 68,
      "model": "료슈",
      "teller": "Ryōshū",
      "title": "Heishou Pack - Mao Branch",
      "content": "This cliché is playing it a bit too safe."
    },
    {
      "id": 69,
      "teller": "???",
      "title": "???",
      "content": "W-wait! You... we... if we know each other...!"
    },
    {
      "id": 70,
      "teller": "Another Hare",
      "title": "Heishou Pack - Mao Branch",
      "content": "Haah... no, she doesn't."
    },
    {
      "id": 71,
      "content": "The target crawled towards the child, about to plead at her feet, but the other beast stepped in."
    },
    {
      "id": 72,
      "content": "They knew that this child wasn't stupid enough to jeopardize this mission, but... a Heishou has a line they mustn't cross."
    },
    {
      "id": 73,
      "teller": "Another Hare",
      "title": "Heishou Pack - Mao Branch",
      "content": "We don't need to know, nor should we know, who you are."
    },
    {
      "id": 74,
      "teller": "Another Hare",
      "title": "Heishou Pack - Mao Branch",
      "content": "We are but beasts, our fur black as midnight."
    },
    {
      "id": 75,
      "teller": "Another Hare",
      "title": "Heishou Pack - Mao Branch",
      "content": "We do not remember the faces of those who must be forgotten."
    },
    {
      "id": 76,
      "model": "료슈",
      "teller": "Ryōshū",
      "title": "Heishou Pack - Mao Branch",
      "content": "Ahh... yes, of course."
    },
    {
      "id": 77,
      "content": "Surprisingly, the child does not appear to be upset by this sudden interjection."
    },
    {
      "id": 78,
      "content": "In fact, she appears... rather content by this turn of events."
    },
    {
      "id": 79,
      "content": "... Yes. So that's what it's been building up to."
    },
    {
      "id": 80,
      "model": "료슈",
      "teller": "Ryōshū",
      "title": "Heishou Pack - Mao Branch",
      "content": "We splatter, before we scatter."
    },
    {
      "id": 81,
      "content": "She could see it already, this clichéd scene rising to its climax with a one-liner for her to finish off this scene."
    },
    {
      "id": 82,
      "model": "료슈",
      "teller": "Ryōshū",
      "title": "Heishou Pack - Mao Branch",
      "content": "... Never should've trusted a beast that is black of fur, right?"
    },
    {
      "id": 83,
      "content": "... And that is why she laughs with such joy."
    }
  ]
}