{
    "dataList": [
        {
            "id": 0,
            "model": "파우스트",
            "teller": "Faust",
            "title": "Zwei Section 4",
            "content": "...Yes, I have visual confirmation."
        },
        {
            "id": 1,
            "model": "파우스트",
            "teller": "Faust",
            "title": "Zwei Section 4",
            "content": "Reporting: Gregor on proximity protection has successfully neutralized the hostiles."
        },
        {
            "id": 2,
            "content": "The child was busy communicating with someone else on the line."
        },
        {
            "id": 3,
            "content": "She did not forget to diligently observe her surroundings while doing so, of course."
        },
        {
            "id": 4,
            "model": "파우스트",
            "teller": "Faust",
            "title": "Zwei Section 4",
            "content": "Relaying to Rodion and Heathcliff. Reporting in a situation from proximity protection. Please continue to be on guard for hostile reinforcements."
        },
        {
            "id": 5,
            "model": "로쟈",
            "teller": "Rodion",
            "title": "Zwei Section 5",
            "content": "This is appointed-persons protection. Acknowledged~"
        },
        {
            "id": 6,
            "model": "로쟈",
            "teller": "Rodion",
            "title": "Zwei Section 5",
            "content": "Ugh, hey! Don't eat all the donuts, leave some for me!"
        },
        {
            "id": 7,
            "model": "파우스트",
            "teller": "Faust",
            "title": "Zwei Section 4",
            "content": "...If you need extra provisions, you may report the costs as additional expenses."
        },
        {
            "id": 8,
            "model": "로쟈",
            "teller": "Rodion",
            "title": "Zwei Section 5",
            "content": "Ooh! You serious? Gotcha~ Signing off!"
        },
        {
            "id": 9,
            "model": "파우스트",
            "teller": "Faust",
            "title": "Zwei Section 4",
            "content": "……."
        },
        {
            "id": 10,
            "model": "이스마엘",
            "teller": "Ishmael",
            "title": "Zwei Section 4",
            "content": "Did you just sigh, Faust?"
        },
        {
            "id": 11,
            "model": "파우스트",
            "teller": "Faust",
            "title": "Zwei Section 4",
            "content": "No. Faust merely exhaled more forcefully for a moment."
        },
        {
            "id": 12,
            "model": "이스마엘",
            "teller": "Ishmael",
            "title": "Zwei Section 4",
            "content": "I'm not saying that there's anything wrong with that, it's just... it's been a while since you've shown a genuine reaction to anything."
        },
        {
            "id": 13,
            "content": "The other child snickered before producing a notepad."
        },
        {
            "id": 14,
            "model": "파우스트",
            "teller": "Faust",
            "title": "Zwei Section 4",
            "content": "...There is no need to record something like this, Ishmael."
        },
        {
            "id": 15,
            "model": "이스마엘",
            "teller": "Ishmael",
            "title": "Zwei Section 4",
            "content": "It's our job to observe and record every event during a territory protection contract, isn't it?"
        },
        {
            "id": 16,
            "model": "파우스트",
            "teller": "Faust",
            "title": "Zwei Section 4",
            "content": "I am not some observation target."
        },
        {
            "id": 17,
            "model": "이스마엘",
            "teller": "Ishmael",
            "title": "Zwei Section 4",
            "content": "Hey, Don Quixote is on the move."
        },
        {
            "id": 18,
            "model": "파우스트",
            "teller": "Faust",
            "title": "Zwei Section 4",
            "content": "...Hm."
        },
        {
            "id": 19,
            "content": "While the other child scribbled in her notepad, this child breathed warily and began to fiddle with the panel in her hands."
        },
        {
            "id": 20,
            "model": "파우스트",
            "teller": "Faust",
            "title": "Zwei Section 4",
            "content": "To Sinclair. Have you noticed any suspicious individuals entering the territory?"
        },
        {
            "id": 21,
            "model": "싱클레어",
            "teller": "Sinclair",
            "title": "Zwei Section 6",
            "content": "Uh... That's uh..."
        },
        {
            "id": 22,
            "model": "파우스트",
            "teller": "Faust",
            "title": "Zwei Section 4",
            "content": "Don Quixote is advancing... somewhere."
        },
        {
            "id": 23,
            "model": "싱클레어",
            "teller": "Sinclair",
            "title": "Zwei Section 6",
            "content": "T–that's, uh, she thought some people were tailing our client, so she said we should follow them."
        },
        {
            "id": 24,
            "model": "싱클레어",
            "teller": "Sinclair",
            "title": "Zwei Section 6",
            "content": "And I... agree with her. We're the Zwei, our client's shield."
        },
        {
            "id": 25,
            "model": "파우스트",
            "teller": "Faust",
            "title": "Zwei Section 4",
            "content": "The client has already made contact with the hostiles. They appear to be forces from outside the territory..."
        },
        {
            "id": 26,
            "model": "이스마엘",
            "teller": "Ishmael",
            "title": "Zwei Section 4",
            "content": "Oh, someone's moving in on Don Quixote's position."
        },
        {
            "id": 27,
            "model": "파우스트",
            "teller": "Faust",
            "title": "Zwei Section 4",
            "content": "...Sinclair, immediately move to Don Quixote's position and provide support. Section 6, follow the plan and focus on neutralizing any and all external forces."
        },
        {
            "id": 28,
            "model": "싱클레어",
            "teller": "Sinclair",
            "title": "Zwei Section 6",
            "content": "Ah! That fast... Roger that!"
        },
        {
            "id": 29,
            "model": "이스마엘",
            "teller": "Ishmael",
            "title": "Zwei Section 4",
            "content": "...This turned out to be a pretty big operation, huh?"
        },
        {
            "id": 30,
            "model": "파우스트",
            "teller": "Faust",
            "title": "Zwei Section 4",
            "content": "While a joint operation isn't strictly uncommon, it's not quotidian, either."
        },
        {
            "id": 31,
            "model": "파우스트",
            "teller": "Faust",
            "title": "Zwei Section 4",
            "content": "If sections 4, 5, and 6 are all being deployed at once, it is most likely because there will be a conflict of an equivalent scale."
        },
        {
            "id": 32,
            "model": "파우스트",
            "teller": "Faust",
            "title": "Zwei Section 4",
            "content": "For example..."
        },
        {
            "id": 33,
            "model": "이스마엘",
            "teller": "Ishmael",
            "title": "Zwei Section 4",
            "content": "Huh, speak of the devil."
        },
        {
            "id": 34,
            "model": "파우스트",
            "teller": "Faust",
            "title": "Zwei Section 4",
            "content": "Indeed. Such occurrences would warrant it."
        },
        {
            "id": 35,
            "content": "What could the two children have seen?"
        },
        {
            "id": 36,
            "content": "It must be the horde of hostile forces ganging up on the customer, or \"client\" as they call them."
        },
        {
            "id": 37,
            "model": "파우스트",
            "teller": "Faust",
            "title": "Zwei Section 4",
            "content": "I have visual confirmation of overwhelming hostile forces converging in the area. Faust, commencing on-the-ground protection."
        },
        {
            "id": 38,
            "model": "파우스트",
            "teller": "Faust",
            "title": "Zwei Section 4",
            "content": "Understood. Please direct further reports to Ishmael's side."
        },
        {
            "id": 39,
            "content": "Disconnecting from the comms, the child threw on the Zwei's coat."
        },
        {
            "id": 40,
            "content": "When she arrived, every corner of the alleway was already filled with enemies."
        },
        {
            "id": 41,
            "content": "*Beep*"
        },
        {
            "id": 42,
            "teller": "Shady Dealer",
            "title": "???",
            "content": "Are you... from the Zwei?"
        },
        {
            "id": 43,
            "model": "파우스트",
            "teller": "Faust",
            "title": "Zwei Section 4",
            "content": "Correct. We are the shield of our client."
        },
        {
            "id": 44,
            "teller": "Shady Dealer",
            "title": "???",
            "content": "Where the hell are you Zwei bastards even coming from... Mess 'er up!"
        },
        {
            "id": 45,
            "content": "The child took up her Zweihänder handily, as though it was an extension of her arm..."
        },
        {
            "id": 46,
            "model": "파우스트",
            "teller": "Faust",
            "title": "Zwei Section 4",
            "content": "Faust, moving to protect."
        },
        {
            "id": 47,
            "content": "...and muttered impassively before charging forward."
        }
    ]
}