{
    "dataList": [
        {
            "id": 0,
            "model": "로쟈",
            "teller": "Rodion",
            "title": "Zwei Section 5",
            "content": "Hello~?"
        },
        {
            "id": 1,
            "model": "히스클리프",
            "teller": "Heathcliff",
            "title": "Zwei Section 5",
            "content": "……."
        },
        {
            "id": 2,
            "model": "로쟈",
            "teller": "Rodion",
            "title": "Zwei Section 5",
            "content": "I'm talking to you, Heathcliff."
        },
        {
            "id": 3,
            "model": "히스클리프",
            "teller": "Heathcliff",
            "title": "Zwei Section 5",
            "content": "...What."
        },
        {
            "id": 4,
            "content": "It's a bright, sunny day in the City."
        },
        {
            "id": 5,
            "content": "The child sat on a bench, wearing a pair of pitch black sunglasses."
        },
        {
            "id": 6,
            "content": "Next to her was another child, totally confident that he didn't look suspicious in the slightest."
        },
        {
            "id": 7,
            "model": "로쟈",
            "teller": "Rodion",
            "title": "Zwei Section 5",
            "content": "Do you seriously think you don't look suspicious with the way you're acting?"
        },
        {
            "id": 8,
            "model": "히스클리프",
            "teller": "Heathcliff",
            "title": "Zwei Section 5",
            "content": "...Long as you don't keep bugging me with the prattle. What, there a problem?"
        },
        {
            "id": 9,
            "model": "로쟈",
            "teller": "Rodion",
            "title": "Zwei Section 5",
            "content": "Yeah, I've got a problem. Who reads both pages of a newspaper like that in this day and age?"
        },
        {
            "id": 10,
            "model": "히스클리프",
            "teller": "Heathcliff",
            "title": "Zwei Section 5",
            "content": "...Ugh."
        },
        {
            "id": 11,
            "model": "로쟈",
            "teller": "Rodion",
            "title": "Zwei Section 5",
            "content": "If you're going to do that, at least stop peeking over the pages."
        },
        {
            "id": 12,
            "model": "로쟈",
            "teller": "Rodion",
            "title": "Zwei Section 5",
            "content": "You're going to scare our VIP away, 'kay?"
        },
        {
            "id": 13,
            "content": "The child sighed deeply, belittling her coworker."
        },
        {
            "id": 14,
            "content": "The two children were conducting a covert mission. Specifically, it was 'appointed-persons protection', one of the Zwei's job categories."
        },
        {
            "id": 15,
            "content": "It's a well-known fact that the Zwei Association specializes in client protection, but their exact methodology isn't so public."
        },
        {
            "id": 16,
            "content": "Covert supervision was one of those methodologies: a service for people who want protection without interruption to their daily lives."
        },
        {
            "id": 17,
            "model": "로쟈",
            "teller": "Rodion",
            "title": "Zwei Section 5",
            "content": "Haah... Won't something please happen? Just dawdling here is starting to get boring."
        },
        {
            "id": 18,
            "content": "However, the child appears rather disgruntled."
        },
        {
            "id": 19,
            "content": "Understandably so, as she was assigned an appointed-persons protection job only because of her proclivity to act naturally in unfamiliar circumstances..."
        },
        {
            "id": 20,
            "content": "Not because this was what she wanted to do per se."
        },
        {
            "id": 21,
            "model": "로쟈",
            "teller": "Rodion",
            "title": "Zwei Section 5",
            "content": "Ugh... I should've picked a different job. But this looked so cool on paper..."
        },
        {
            "id": 22,
            "content": "...Perhaps the child wasn't entirely free of fault."
        },
        {
            "id": 23,
            "model": "히스클리프",
            "teller": "Heathcliff",
            "title": "Zwei Section 5",
            "content": "…Hold on, he's on the move."
        },
        {
            "id": 24,
            "model": "로쟈",
            "teller": "Rodion",
            "title": "Zwei Section 5",
            "content": "What? He's supposed to faff around there for another hour or... oi!"
        },
        {
            "id": 25,
            "content": "The child next to her rose to his feet, crumpling the paper."
        },
        {
            "id": 26,
            "model": "로쟈",
            "teller": "Rodion",
            "title": "Zwei Section 5",
            "content": "Woohoo~ Something's finally happening!"
        },
        {
            "id": 27,
            "model": "히스클리프",
            "teller": "Heathcliff",
            "title": "Zwei Section 5",
            "content": "Blimey, speak of the devil..."
        },
        {
            "id": 28,
            "content": "An excited child and a frustrated child..."
        },
        {
            "id": 29,
            "content": "The duo subtly strode up behind the VIP."
        },
        {
            "id": 30,
            "teller": "Shady Dealer",
            "title": "???",
            "content": "...Hey."
        },
        {
            "id": 31,
            "teller": "Clumsy VIP",
            "title": "???",
            "content": "H-Hey?"
        },
        {
            "id": 32,
            "teller": "Shady Dealer",
            "title": "???",
            "content": "You really don't get what's going down, do you?"
        },
        {
            "id": 33,
            "teller": "Shady Dealer",
            "title": "???",
            "content": "Look, I'm threatening you right now, got it~?"
        },
        {
            "id": 34,
            "teller": "Clumsy VIP",
            "title": "???",
            "content": "W-What in the? I'm just here to meet someone for the contract payment..."
        },
        {
            "id": 35,
            "teller": "Shady Dealer",
            "title": "???",
            "content": "Meet someone? More like greet my blade. Now, say hello!"
        },
        {
            "id": 36,
            "teller": "Clumsy VIP",
            "title": "???",
            "content": "A—Ahh..."
        },
        {
            "id": 37,
            "model": "로쟈",
            "teller": "Rodion",
            "title": "Zwei Section 5",
            "content": "Alright, hold your horses!"
        },
        {
            "id": 38,
            "content": "A heavy thwack echoed through the narrow alley."
        },
        {
            "id": 39,
            "teller": "Clumsy VIP",
            "title": "???",
            "content": "W—Who are?! Ah… The Zwei?"
        },
        {
            "id": 40,
            "model": "로쟈",
            "teller": "Rodion",
            "title": "Zwei Section 5",
            "content": "Yep~ Haven't seen each other since we signed the contract, eh?"
        },
        {
            "id": 41,
            "teller": "Clumsy VIP",
            "title": "???",
            "content": "Where in the world were you..."
        },
        {
            "id": 42,
            "model": "로쟈",
            "teller": "Rodion",
            "title": "Zwei Section 5",
            "content": "Listen, can you stick to the routine you told us before~?"
        },
        {
            "id": 43,
            "model": "로쟈",
            "teller": "Rodion",
            "title": "Zwei Section 5",
            "content": "It's not easy being stealthy around you when you veer off your usual course..."
        },
        {
            "id": 44,
            "model": "로쟈",
            "teller": "Rodion",
            "title": "Zwei Section 5",
            "content": "Anyways! From this point on, the Zwei's here to protect you!"
        },
        {
            "id": 45,
            "model": "로쟈",
            "teller": "Rodion",
            "title": "Zwei Section 5",
            "content": "Heath! Get this lout straight outta here~!"
        },
        {
            "id": 46,
            "content": "With that, the child stepped in front of the client with her characteristic defensive stance."
        },
        {
            "id": 47,
            "model": "로쟈",
            "teller": "Rodion",
            "title": "Zwei Section 5",
            "content": "Alright, who's up next? Come on out!"
        },
        {
            "id": 48,
            "content": "Grinning that there was finally something to do."
        }
    ]
}