{
    "dataList": [
        {
            "id": 0,
            "model": "뫼르소",
            "teller": "Meursault",
            "title": "The Middle",
            "content": "It has been carried out."
        },
        {
            "id": 1,
            "model": "???",
            "teller": "???",
            "title": "???",
            "content": "...... Gah!"
        },
        {
            "id": 2,
            "content": "The child had a bloodied man in a tight hold by the lapels. He shook the man from side to side, observing and scrutinizing."
        },
        {
            "id": 3,
            "content": "It was clear that the man was way past being able to put up any kind of resistance, but the child didn't care. He continued to observe and observe like he was playing a game of spot the difference."
        },
        {
            "id": 4,
            "model": "뫼르소",
            "teller": "Meursault",
            "title": "The Middle",
            "content": "Title 3, Section 4... row G. Three strikes to the abdomen, delivered using a body part. Completed."
        },
        {
            "id": 5,
            "model": "뫼르소",
            "teller": "Meursault",
            "title": "The Middle",
            "content": "Title 11, Section 1, row A. Single strike to the jaw, power irrelevant... Completed."
        },
        {
            "id": 6,
            "model": "뫼르소",
            "teller": "Meursault",
            "title": "The Middle",
            "content": "Title 5, Section 157, row C... variation 5. Leave..."
        },
        {
            "id": 7,
            "model": "???",
            "teller": "???",
            "title": "???",
            "content": "Aaaaauuuggghhhh!!!"
        },
        {
            "id": 8,
            "model": "뫼르소",
            "teller": "Meursault",
            "title": "The Middle",
            "content": "... nothing of the right arm but its stump. Completed."
        },
        {
            "id": 9,
            "model": "???",
            "teller": "???",
            "title": "???",
            "content": "Gah... Haah... Haah... All... good now...?"
        },
        {
            "id": 10,
            "model": "뫼르소",
            "teller": "Meursault",
            "title": "The Middle",
            "content": "According to the information in the Book, yes."
        },
        {
            "id": 11,
            "model": "???",
            "teller": "???",
            "title": "???",
            "content": "Ngh... I said I'm sorry...! I made a little mistake at the club, that's all! Why are you doing any of this...!?"
        },
        {
            "id": 12,
            "content": "The man shouted desperately. His voice was muffled by the sound of blood and saliva gurgling and rising from his throat."
        },
        {
            "id": 13,
            "model": "뫼르소",
            "teller": "Meursault",
            "title": "The Middle",
            "content": "Because the club you insulted was under the Middle's management. Everyone and everything under the Middle's protection is a part of the Middle's family and property."
        },
        {
            "id": 14,
            "model": "???",
            "teller": "???",
            "title": "???",
            "content": "Damnit... How was I supposed to know that..."
        },
        {
            "id": 15,
            "model": "???",
            "teller": "???",
            "title": "???",
            "content": "Why'd it have to be the Middle...? Shit..."
        },
        {
            "id": 16,
            "content": "The man grabbed his torn shoulder and grimaced. He had broad shoulders and a mean face, and seemed to have seen his share of the rough and tumble. But..."
        },
        {
            "id": 17,
            "content": "... even he seemed to know that the Middle was not to be messed with. He sat there, breathing heavily."
        },
        {
            "id": 18,
            "model": "???",
            "teller": "???",
            "title": "???",
            "content": "Damnit... how am I even going to stitch that arm back...?"
        },
        {
            "id": 19,
            "model": "???",
            "teller": "???",
            "title": "???",
            "content": "... So, will you erase my name from your Book now?"
        },
        {
            "id": 20,
            "model": "뫼르소",
            "teller": "Meursault",
            "title": "The Middle",
            "content": "……."
        },
        {
            "id": 21,
            "content": "The child does not respond."
        },
        {
            "id": 22,
            "content": "Instead, he flips through several pages in his Book, searching for something."
        },
        {
            "id": 23,
            "model": "뫼르소",
            "teller": "Meursault",
            "title": "The Middle",
            "content": "... I have been observing you for an hour before this act of vengeance was carried out."
        },
        {
            "id": 24,
            "model": "???",
            "teller": "???",
            "title": "???",
            "content": "...!"
        },
        {
            "id": 25,
            "model": "뫼르소",
            "teller": "Meursault",
            "title": "The Middle",
            "content": "The information I have been relayed prior to arrival stated that you have committed three sins."
        },
        {
            "id": 26,
            "model": "뫼르소",
            "teller": "Meursault",
            "title": "The Middle",
            "content": "Clearly, that did not account for the other sins you have committed."
        },
        {
            "id": 27,
            "model": "???",
            "teller": "???",
            "title": "???",
            "content": "T-that's because I didn't know that this was the Middle's turf!"
        },
        {
            "id": 28,
            "model": "뫼르소",
            "teller": "Meursault",
            "title": "The Middle",
            "content": "Your ignorance of the Middle is not a defense against the slights you have committed against us."
        },
        {
            "id": 29,
            "content": "The Book closed with a light *thump*. The child had found all he needed."
        },
        {
            "id": 30,
            "content": "He grabbed the man by his hair and began dragging him off to some corner."
        },
        {
            "id": 31,
            "model": "???",
            "teller": "???",
            "title": "???",
            "content": "Agh. Aaahhhh!!!"
        },
        {
            "id": 32,
            "model": "뫼르소",
            "teller": "Meursault",
            "title": "The Middle",
            "content": "The sin of speaking foul language against the Big Brother, the manager of this club. Committed at row B, line 4 of the standing seats."
        },
        {
            "id": 33,
            "model": "???",
            "teller": "???",
            "title": "???",
            "content": "I said I didn't know who he was!!"
        },
        {
            "id": 34,
            "model": "뫼르소",
            "teller": "Meursault",
            "title": "The Middle",
            "content": "Strike a nearby table twice with the guilty one's head. Grab by the hair if possible."
        },
        {
            "id": 35,
            "model": "???",
            "teller": "???",
            "title": "???",
            "content": "Kagh, agh!!!"
        },
        {
            "id": 36,
            "model": "뫼르소",
            "teller": "Meursault",
            "title": "The Middle",
            "content": "Completed."
        },
        {
            "id": 37,
            "model": "???",
            "teller": "???",
            "title": "???",
            "content": "ALL I SAID WAS THAT HIS HAIR SEEMED A BIT BRISTLY!"
        },
        {
            "id": 38,
            "model": "뫼르소",
            "teller": "Meursault",
            "title": "The Middle",
            "content": "Compounded, in that the said foul language... was about something the Big Brother was particularly sensitive of."
        },
        {
            "id": 39,
            "model": "뫼르소",
            "teller": "Meursault",
            "title": "The Middle",
            "content": "The sin of making the Big Brother sigh twice. Uncomfortably."
        },
        {
            "id": 40,
            "model": "뫼르소",
            "teller": "Meursault",
            "title": "The Middle",
            "content": "... Only by your death shall this vengeance be fulfilled."
        },
        {
            "id": 41,
            "model": "???",
            "teller": "???",
            "title": "???",
            "content": "W-what? No. No...!"
        },
        {
            "id": 42,
            "model": "뫼르소",
            "teller": "Meursault",
            "title": "The Middle",
            "content": "I am certain that you are already aware of the following procedures. I will not elaborate further."
        },
        {
            "id": 43,
            "model": "뫼르소",
            "teller": "Meursault",
            "title": "The Middle",
            "content": "Let regret be your last thought. You should not have insulted the Middle."
        },
        {
            "id": 44,
            "content": "After a heavy clang of the chains, a pile of meat that used to be a person fell to the ground, unmoving."
        },
        {
            "id": 45,
            "content": "The child had completed another task."
        },
        {
            "id": 46,
            "model": "친근한 작은 아우",
            "teller": "Friendly Little Brother",
            "title": "The Middle",
            "content": "Damn, Meursault! Made another one bite the dust, huh?"
        },
        {
            "id": 47,
            "model": "뫼르소",
            "teller": "Meursault",
            "title": "The Middle",
            "content": "Yes."
        },
        {
            "id": 48,
            "model": "능글맞은 작은 아우",
            "teller": "Smooth Little Brother",
            "title": "The Middle",
            "content": "Man, how'd you find those extra crimes? I thought tearing his arm off was the end of the verdict!"
        },
        {
            "id": 49,
            "model": "뫼르소",
            "teller": "Meursault",
            "title": "The Middle",
            "content": "I have observed. It is nothing of note."
        },
        {
            "id": 50,
            "model": "친근한 작은 아우",
            "teller": "Friendly Little Brother",
            "title": "The Middle",
            "content": "C'mon, brother! Learn to take a compliment~ Big Brother'll like this."
        },
        {
            "id": 51,
            "model": "뫼르소",
            "teller": "Meursault",
            "title": "The Middle",
            "content": "In that case, I would be most overjoyed."
        },
        {
            "id": 52,
            "content": "The child was awkward both in stance and speech. But the others surrounded him, cheering his exploits."
        },
        {
            "id": 53,
            "content": "The child really didn't fit into this group..."
        },
        {
            "id": 54,
            "content": "But that was none of his business."
        },
        {
            "id": 55,
            "content": "It didn't matter if he fit in or not. He will carry out the tasks as written in the Book."
        }
    ]
}