{
  "dataList": [
    {
      "id": 0,
      "model": "이상",
      "title": "Seven Section 6",
      "content": "Your combat technique must be that of the Zwei."
    },
    {
      "id": 1,
      "teller": "Preoccupied Coworker",
      "title": "Seven Section 6",
      "content": "…Oh, yeah, that’s right! I’ve always struggled to best you in combat, so… I tried turtling up a bit this time."
    },
    {
      "id": 2,
      "model": "이상",
      "title": "Seven Section 6",
      "content": "While the idea on its own is commendable… would you remind me of the name of the weapon you’re holding?"
    },
    {
      "id": 3,
      "teller": "Preoccupied Coworker",
      "title": "Seven Section 6",
      "content": "Oh, this is a rapier…"
    },
    {
      "id": 4,
      "model": "이상",
      "title": "Seven Section 6",
      "content": "That is a sword whose blade is critically thin, while the Zwei’s weapons are thick and large."
    },
    {
      "id": 5,
      "model": "이상",
      "title": "Seven Section 6",
      "content": "It’s those characteristics that allow their members to defend and counter with ease; to imitate it with a slender weapon will doubtlessly prove to be difficult."
    },
    {
      "id": 6,
      "teller": "Preoccupied Coworker",
      "title": "Seven Section 6",
      "content": "Oh…"
    },
    {
      "id": 7,
      "model": "이상",
      "title": "Seven Section 6",
      "content": "For instance, I myself am adopting the Cinq’s techniques."
    },
    {
      "id": 8,
      "teller": "Preoccupied Coworker",
      "title": "Seven Section 6",
      "content": "Huh? Really? …Ahh, now that you mention it, I actually can kinda see the similarities."
    },
    {
      "id": 9,
      "model": "이상",
      "title": "Seven Section 6",
      "content": "The basics are all you need to borrow. To copy a known method faithfully is to leave yourself open for its known countermeasures."
    },
    {
      "id": 10,
      "content": "The child continued as he slid his sword back into its sheath."
    },
    {
      "id": 11,
      "model": "이상",
      "title": "Seven Section 6",
      "content": "Constant observation is key."
    },
    {
      "id": 12,
      "model": "이상",
      "title": "Seven Section 6",
      "content": "An existing art cannot be made yours until it has been adapted beyond mere imitation or mirror image. I suggest you study the fundamentals by observing once more."
    },
    {
      "id": 13,
      "teller": "Preoccupied Coworker",
      "title": "Seven Section 6",
      "content": "T-Thank you very much!"
    },
    {
      "id": 14,
      "content": "Finished with his advice, the child stepped outside."
    },
    {
      "id": 15,
      "content": "Said child, Yi Sang, was consistently respected by visitors and colleagues alike—and I’m sure you can see why."
    },
    {
      "id": 16,
      "content": "He may appear cold and uncaring, but he never shied away from giving valuable advice where it was needed."
    },
    {
      "id": 17,
      "model": "이상",
      "title": "Seven Section 6",
      "content": "…The caffè is good."
    },
    {
      "id": 18,
      "content": "Of course, he didn’t think much of it."
    }
  ]
}