{
    "dataList": [
        {
            "id": 0,
            "model": "돈키호테",
            "teller": "Don Quixote",
            "title": "The Middle",
            "content": "'Tis true honor that I was availed the chance..."
        },
        {
            "id": 1,
            "model": "돈키호테",
            "teller": "Don Quixote",
            "title": "The Middle",
            "content": "... to be a squire to none other than the Big Brother himself!"
        },
        {
            "id": 2,
            "model": "돈키호테",
            "teller": "Don Quixote",
            "title": "The Middle",
            "content": "And that is not all! I am brought to tears that I have been deemed enough to be made a member of the Middle!"
        },
        {
            "id": 3,
            "model": "돈키호테",
            "teller": "Don Quixote",
            "title": "The Middle",
            "content": "How... could have I known, that a FINGER hath deemed me worthy...?!"
        },
        {
            "id": 4,
            "model": "피곤한 작은 아우",
            "teller": "Tired Little Brother",
            "title": "The Middle",
            "content": "Ahm. H-ha ha..."
        },
        {
            "id": 5,
            "model": "느긋한 작은 아우",
            "teller": "Chill Little Brother",
            "title": "The Middle",
            "content": "Hey, new girl... We like your energy, we really do. But Big Brother'll be here soon. So..."
        },
        {
            "id": 6,
            "model": "피곤한 작은 아우",
            "teller": "Tired Little Brother",
            "title": "The Middle",
            "content": "... let's try to watch our manners for now. 'kay?"
        },
        {
            "id": 7,
            "model": "돈키호테",
            "teller": "Don Quixote",
            "title": "The Middle",
            "content": "Hup! Q-quite!"
        },
        {
            "id": 8,
            "content": "With a most dramatic and exaggerated expression, the child shuts her mouth. Then she straightened her back and politely placed one palm over the other."
        },
        {
            "id": 9,
            "model": "돈키호테",
            "teller": "Don Quixote",
            "title": "The Middle",
            "content": "Khm! Hm. Hmm..."
        },
        {
            "id": 10,
            "content": "But there was a tempest of words whirling behind the child's shut, yet restlessly trembling, mouth. If anyone were to give her a chance... it would come pouring out like a cascade."
        },
        {
            "id": 11,
            "content": "With everyone lined up so neatly along the walls, the mood seemed somewhat serious in this hallway. Some might say that the child could not possibly fit in to such a group, but..."
        },
        {
            "id": 12,
            "content": "... looking closer would reveal that even the other members were secretly giggling and whispering amongst each other in low voices. Maybe this organization is more laid back and tight-knit than it initially appeared."
        },
        {
            "id": 13,
            "content": "Well, maybe not as loud as this child, but still."
        },
        {
            "id": 14,
            "model": "돈키호테",
            "teller": "Don Quixote",
            "title": "The Middle",
            "content": "Ah! There he arriveth...!"
        },
        {
            "id": 15,
            "content": "An intimidating figure could be seen confidently walking from the other end of the hallway."
        },
        {
            "id": 16,
            "model": "돈키호테",
            "teller": "Don Quixote",
            "title": "The Middle",
            "content": "By the... Behold, the density of tattoos on his magnificence...!"
        },
        {
            "id": 17,
            "content": "His entire body was covered with the augmentation tattoos of the Middle. With each vengeance carried out, a Middle member would gain the right to add a single tattoo. There was this unseen aura about him, as though he could defeat dozens of enemies all on his own..."
        },
        {
            "id": 18,
            "content": "His overwhelming aura made the child's skin tingle merely by proximity."
        },
        {
            "id": 19,
            "teller": "Big Brother",
            "title": "The Middle",
            "content": "Lookin' lively, boys and girls. Everything good?"
        },
        {
            "id": 20,
            "model": "돈키호테",
            "teller": "Don Quixote",
            "title": "The Middle",
            "content": "Ooohh... Oho..."
        },
        {
            "id": 21,
            "model": "돈키호테",
            "teller": "Don Quixote",
            "title": "The Middle",
            "content": "How hath he found the time to enumerate so many Vengeances? Carrying them out alone must have been a trial! To fill that gargantuan Book to the brim with grievances must require more than mere scribbling with a pencil—"
        },
        {
            "id": 22,
            "teller": "Big Brother",
            "title": "The Middle",
            "content": "... Khm."
        },
        {
            "id": 23,
            "teller": "Big Brother",
            "title": "The Middle",
            "content": "Who's this kid?"
        },
        {
            "id": 24,
            "model": "느긋한 작은 아우",
            "teller": "Chill Little Brother",
            "title": "The Middle",
            "content": "Ah, she's our new family. Bit of a chatterbox, but she's pretty capable."
        },
        {
            "id": 25,
            "model": "돈키호테",
            "teller": "Don Quixote",
            "title": "The Middle",
            "content": "Ahm...!"
        },
        {
            "id": 26,
            "teller": "Big Brother",
            "title": "The Middle",
            "content": "Is that so... Yeah, I can see that."
        },
        {
            "id": 27,
            "teller": "Big Brother",
            "title": "The Middle",
            "content": "Hm. A new Sister, huh? Now this is an occasion deserving of a proper evening party."
        },
        {
            "id": 28,
            "model": "돈키호테",
            "teller": "Don Quixote",
            "title": "The Middle",
            "content": "Par...ty...!"
        },
        {
            "id": 29,
            "teller": "Big Brother",
            "title": "The Middle",
            "content": "Too bad I'm a bit busy this evening. I'll leave it up to you guys to take care of it. Here, take this card. Get whatever you want."
        },
        {
            "id": 30,
            "model": "피곤한 작은 아우",
            "teller": "Tired Little Brother",
            "title": "The Middle",
            "content": "Thank you, Big Brother!"
        },
        {
            "id": 31,
            "teller": "The Big Brother",
            "title": "The Middle",
            "content": "And good luck to you, new girl. I've got some business to take care of at a different portship, so I'll be gone for a while."
        },
        {
            "id": 32,
            "model": "작은 아우들",
            "teller": "Little Brothers",
            "title": "The Middle",
            "content": "Yessir!"
        },
        {
            "id": 33,
            "content": "As soon as the Big Brother turned the corner of the hallway, waving his hand..."
        },
        {
            "id": 34,
            "model": "돈키호테",
            "teller": "Don Quixote",
            "title": "The Middle",
            "content": "D-d-d-d-didst thou see that! D-d-d-d-didst thou hear?!"
        },
        {
            "id": 35,
            "model": "돈키호테",
            "teller": "Don Quixote",
            "title": "The Middle",
            "content": "Sir Big Brother, he... he hath beheld mine countenance in his eyes! And plans to host a party in my honor!"
        },
        {
            "id": 36,
            "model": "느긋한 작은 아우",
            "teller": "Chill Little Brother",
            "title": "The Middle",
            "content": "Geez, the girl's got a whole loudspeaker in her lungs or somethin'. Heh, good for you though, good for you~"
        },
        {
            "id": 37,
            "model": "피곤한 작은 아우",
            "teller": "Tired Little Brother",
            "title": "The Middle",
            "content": "We do that for every new member, y'know? No need to lose your head over it."
        },
        {
            "id": 38,
            "model": "돈키호테",
            "teller": "Don Quixote",
            "title": "The Middle",
            "content": "I! LOVE! TO! PAR-TAY!!"
        },
        {
            "id": 39,
            "model": "피곤한 작은 아우",
            "teller": "Tired Little Brother",
            "title": "The Middle",
            "content": "Well, if ya love to party that much, let's try finishing our chores early today so we can get right to it, huh?"
        },
        {
            "id": 40,
            "model": "느긋한 작은 아우",
            "teller": "Chill Little Brother",
            "title": "The Middle",
            "content": "Yeah, let's make this quick. 'Kay?"
        },
        {
            "id": 41,
            "model": "돈키호테",
            "teller": "Don Quixote",
            "title": "The Middle",
            "content": "WELL!!! SAID!!!"
        },
        {
            "id": 42,
            "content": "How will this child even fit in at a place like this? ... One might wonder."
        },
        {
            "id": 43,
            "content": "But it is often the case that... such a simple mind can bring the best results."
        },
        {
            "id": 44,
            "model": "돈키호테",
            "teller": "Don Quixote",
            "title": "The Middle",
            "content": "PAR-TAY! PAR-TAY!"
        },
        {
            "id": 45,
            "model": "???",
            "teller": "???",
            "title": "???",
            "content": "Kuh... Ugh..."
        },
        {
            "id": 46,
            "content": "As long as a reward is in sight... their work efficiency will skyrocket."
        },
        {
            "id": 47,
            "model": "돈키호테",
            "teller": "Don Quixote",
            "title": "The Middle",
            "content": "Behold! Thy sins enumerated in this very Book!"
        },
        {
            "id": 48,
            "model": "돈키호테",
            "teller": "Don Quixote",
            "title": "The Middle",
            "content": "I must leave this place posthaste for a PAR— ah, for a business! Resist not and accept thy punishment with dignity!"
        },
        {
            "id": 49,
            "model": "???",
            "teller": "???",
            "title": "???",
            "content": "I-I didn't know! I didn't...! I didn't know they were one of the Middle—"
        },
        {
            "id": 50,
            "model": "돈키호테",
            "teller": "Don Quixote",
            "title": "The Middle",
            "content": "I! CARE! NOT!"
        },
        {
            "id": 51,
            "model": "???",
            "teller": "???",
            "title": "???",
            "content": "Augh..."
        },
        {
            "id": 52,
            "model": "돈키호테",
            "teller": "Don Quixote",
            "title": "The Middle",
            "content": "Thou art evil! For it is evil to speak so ill of the brotherhood, the sisterhood of the Middle, to not take the Middle's side! Fie on thee!"
        },
        {
            "id": 53,
            "model": "돈키호테",
            "teller": "Don Quixote",
            "title": "The Middle",
            "content": "With mine vengeance, and with mine justice and thy sin, I shall add another tattoo to myself!"
        },
        {
            "id": 54,
            "model": "느긋한 작은 아우",
            "teller": "Chill Little Brother",
            "title": "The Middle",
            "content": "She's really beating the crap outta that one, huh... And with such a bright smile, too..."
        },
        {
            "id": 55,
            "model": "피곤한 작은 아우",
            "teller": "Tired Little Brother",
            "title": "The Middle",
            "content": "Betcha she'll go far. She won't be one of us juniors for long. We better make the party something to remember then, eh?"
        },
        {
            "id": 56,
            "model": "느긋한 작은 아우",
            "teller": "Chill Little Brother",
            "title": "The Middle",
            "content": "Oi, Don Quixote! Craving anything in particular for the party?"
        },
        {
            "id": 57,
            "model": "돈키호테",
            "teller": "Don Quixote",
            "title": "The Middle",
            "content": "I! WANT! TO! EAT! ICEEE-CRRREAM!"
        },
        {
            "id": 58,
            "content": "The child carries out the vengeance of the Middle, shouting the name of her current cravings from the top of her lungs."
        },
        {
            "id": 59,
            "content": "Truly, an individual most fit for the Middle."
        }
    ]
}