{
  "dataList": [
    {
      "id": 0,
      "content": "The notes started with a simple inquiry."
    },
    {
      "id": 1,
      "content": "“R Corp’s architecture is strange. A Nest’s architecture usually bears some resemblance to those adjacent to it, but I can’t identify any similarity between R Corp’s buildings and its neighbors—J Corp, S Corp, and T Corp.”"
    },
    {
      "id": 2,
      "content": "“Rather… it is closer to W Corp’s designs than anything else. I searched the City and the Library for answers, but no one seems to know why.”"
    },
    {
      "id": 3,
      "content": "“I write this journal to find the reason why.”"
    },
    {
      "id": 4,
      "model": "이스마엘",
      "title": "R Corp. 4th Pack Reindeer",
      "content": "One thing’s certain… There had to be an R Corp. preceding the current Wing."
    },
    {
      "id": 5,
      "content": "The child wondered what kind of Singularity the old R Corp. possessed and why they shut down."
    },
    {
      "id": 6,
      "content": "And by tracing its tracks…"
    },
    {
      "id": 7,
      "model": "이스마엘",
      "title": "R Corp. 4th Pack Reindeer",
      "content": "Nhg… To find that… I must get my hands on info about the old R Corp."
    },
    {
      "id": 8,
      "content": "She’s sure that she’ll find a lead on what she is seeking."
    },
    {
      "id": 9,
      "content": "As for what that may be, well, it’s not the most enjoyable thing to discuss right now."
    },
    {
      "id": 10,
      "content": "Perhaps another time, if we find the chance to."
    },
    {
      "id": 11,
      "model": "이스마엘",
      "title": "R Corp. 4th Pack Reindeer",
      "content": "Hngh… O-Onto the next location…"
    },
    {
      "id": 12,
      "content": "For now, watching this child who dry-swallows painkillers should be telling enough."
    }
  ]
}