{
    "dataList": [
        {
            "id": 0,
            "model": "로쟈",
            "teller": "Rodya",
            "title": "Rosespanner Workshop",
            "content": "Alright... I'm going all in~ Come at me if you can!"
        },
        {
            "id": 1,
            "content": "Amidst the sounds of keyboards, flapping papers, and voices..."
        },
        {
            "id": 2,
            "content": "Sounded a song too cheery for an Office like this place."
        },
        {
            "id": 3,
            "model": "로쟈",
            "teller": "Rodya",
            "title": "Rosespanner Workshop",
            "content": "Yes...! That's what I'm talking about~"
        },
        {
            "id": 4,
            "content": "The child looks thrilled and enthused, unlike everyone else whose brows are furrowed."
        },
        {
            "id": 5,
            "content": "On her screen is an online casino game that is said to be pretty popular in the side of the Backstreets where the child's Office is."
        },
        {
            "id": 6,
            "content": "The child seems to be deeply into this game lately."
        },
        {
            "id": 7,
            "model": "로쟈",
            "teller": "Rodya",
            "title": "Rosespanner Workshop",
            "content": "Alright... I just need one good card..."
        },
        {
            "id": 8,
            "model": "걱정이 많은 직원",
            "teller": "Concerned Employee",
            "title": "Rosespanner Workshop",
            "content": "Um, boss..."
        },
        {
            "id": 9,
            "model": "로쟈",
            "teller": "Rodya",
            "title": "Rosespanner Workshop",
            "content": "...Huh? I'm trynna focus here, can it wait a bit?"
        },
        {
            "id": 10,
            "model": "걱정이 많은 직원",
            "teller": "Concerned Employee",
            "title": "Rosespanner Workshop",
            "content": "It can't wait. I need you to check this..."
        },
        {
            "id": 11,
            "content": "Could that be the child's subordinate? Speaking to the child with a rather grumpy voice, the employee held a stack of paper in their arms."
        },
        {
            "id": 12,
            "model": "로쟈",
            "teller": "Rodya",
            "title": "Rosespanner Workshop",
            "content": "Bah. c'mon..."
        },
        {
            "id": 13,
            "model": "걱정이 많은 직원",
            "teller": "Concerned Employee",
            "title": "Rosespanner Workshop",
            "content": "Here, I've got five days' worth of document awaiting your approval. Read them quickly, and..."
        },
        {
            "id": 14,
            "model": "로쟈",
            "teller": "Rodion",
            "title": "Rosespanner Workshop",
            "content": "HERE IT IS!!!!!!"
        },
        {
            "id": 15,
            "content": "...The scream silenced the various noises that had filled the Office for a second."
        },
        {
            "id": 16,
            "model": "로쟈",
            "teller": "Rodya",
            "title": "Rosespanner Workshop",
            "content": "I've got it, I've got the thing! Check this out, babe! Royal. Straight. Flush!"
        },
        {
            "id": 17,
            "model": "걱정이 많은 직원",
            "teller": "Concerned Employee",
            "title": "Rosespanner Workshop",
            "content": "...What's that?"
        },
        {
            "id": 18,
            "model": "로쟈",
            "teller": "Rodion",
            "title": "Rosespanner Workshop",
            "content": "You wanna know? That's the sound of three months' salary for everyone here rolling into my account!"
        },
        {
            "id": 19,
            "model": "로쟈",
            "teller": "Rodya",
            "title": "Rosespanner Workshop",
            "content": "Aighty~ Listen up, everybody! I just..."
        },
        {
            "id": 20,
            "content": "No one in the Office pays attention to the child, but she goes on anyway."
        },
        {
            "id": 21,
            "content": "...The employee next to her whose patience was reaching its limit also went on."
        },
        {
            "id": 22,
            "model": "걱정이 많은 직원",
            "teller": "Concerned Employee",
            "title": "Rosespanner Workshop",
            "content": "Boss! The work isn't going anywhere without your stamp on the papers! You need to work!"
        },
        {
            "id": 23,
            "model": "로쟈",
            "teller": "Rodya",
            "title": "Rosespanner Workshop",
            "content": "Yeesh, you're loud! Why are you like that~"
        },
        {
            "id": 24,
            "content": "The child finally turned to face the nagging employee."
        },
        {
            "id": 25,
            "model": "로쟈",
            "teller": "Rodya",
            "title": "Rosespanner Workshop",
            "content": "Lemme see... Approvals? You know I approve 'em most of the time, don't you? I even gave you my stamp!"
        },
        {
            "id": 26,
            "model": "걱정이 많은 직원",
            "teller": "Concerned Employee",
            "title": "Rosespanner Workshop",
            "content": "Still, there are procedures to..."
        },
        {
            "id": 27,
            "model": "로쟈",
            "teller": "Rodya",
            "title": "Rosespanner Workshop",
            "content": "Meh, what good are procedures in our teeny tiny workshop? We have to outsource everything 'cause we don't have the space to do anything!"
        },
        {
            "id": 28,
            "model": "로쟈",
            "teller": "Rodya",
            "title": "Rosespanner Workshop",
            "content": "And I gotta say... You think I'm not working? I'm the one who's brining in the jobs, y'know~"
        },
        {
            "id": 29,
            "model": "걱정이 많은 직원",
            "teller": "Concerned Employee",
            "title": "Rosespanner Workshop",
            "content": "...And those jobs are piling up on our desks."
        },
        {
            "id": 30,
            "model": "로쟈",
            "teller": "Rodya",
            "title": "Rosespanner Workshop",
            "content": "That's not the rep's job to care~ Counting on my lovely staff, I am~"
        },
        {
            "id": 31,
            "model": "걱정이 많은 직원",
            "teller": "Concerned Employee",
            "title": "Rosespanner Workshop",
            "content": "……."
        },
        {
            "id": 32,
            "model": "로쟈",
            "teller": "Rodya",
            "title": "Rosespanner Workshop",
            "content": "And also, I've never once had any of your salaries in arrears! Ain't I doing enough?"
        },
        {
            "id": 33,
            "content": "Still, if we go on like this..."
        },
        {
            "id": 34,
            "model": "로쟈",
            "teller": "Rodya",
            "title": "Rosespanner Workshop",
            "content": "Ope, it's time for outdoor work. Aight, make way for the boss~ I'm about to get some work done as you so pleaded!"
        },
        {
            "id": 35,
            "content": "Leaving behind the stunned employee, the child stormed out."
        },
        {
            "id": 36,
            "content": "...People have different definitions about what makes a good leader."
        },
        {
            "id": 37,
            "content": "To that employee, at least, the child must seem totally inept."
        },
        {
            "id": 38,
            "content": "And yet…"
        },
        {
            "id": 39,
            "model": "로쟈",
            "teller": "Rodya",
            "title": "Rosespanner Workshop",
            "content": "Huzzah~!"
        },
        {
            "id": 40,
            "content": "The child was undoubtedly excellent at her \"outdoor work\"."
        },
        {
            "id": 41,
            "content": "It was thanks to her superb ability to \"tune up\" that her workshop has never been wanting for work..."
        },
        {
            "id": 42,
            "content": "And her roguish magnetism made it that much easier to expand the workshop's customer base. She climbed to the seat of the representative because she was capable."
        },
        {
            "id": 43,
            "content": "A diamond rolling on a mudhill is still a diamond, as they say."
        },
        {
            "id": 44,
            "model": "로쟈",
            "teller": "Rodya",
            "title": "Rosespanner Workshop",
            "content": "Aight... That's a wrap for this one... Haah, I need jobs with better pay..."
        },
        {
            "id": 45,
            "content": "The child didn't want to care about the details, but she wanted her Office to grow nonetheless..."
        },
        {
            "id": 46,
            "content": "To that end, she kept searching and searching for leads on juicy jobs."
        },
        {
            "id": 47,
            "content": "Perhaps the effort has paid off."
        },
        {
            "id": 48,
            "model": "로쟈",
            "teller": "Rodya",
            "title": "Rosespanner Workshop",
            "content": "Oh? K Corp... A request from the Nest?"
        },
        {
            "id": 49,
            "model": "로쟈",
            "teller": "Rodya",
            "title": "Rosespanner Workshop",
            "content": "...Hunh, this one's a request for \"scrapping\", not tuning up... Hm, guess it's time for a bit of workout~"
        },
        {
            "id": 50,
            "content": "It looks like the child has run into one hell of a job."
        }
    ]
}