{
    "dataList": [
        {
            "id": 0,
            "teller": "???",
            "title": "???",
            "content": "Khagh!"
        },
        {
            "id": 1,
            "content": "Sounds of a chainsaw rumbling and roaring."
        },
        {
            "id": 2,
            "teller": "???",
            "title": "???",
            "content": "Ugh..."
        },
        {
            "id": 3,
            "content": "Sounds of a person's limbs being cut, hurried footsteps making an escape, and another pair of feet following them."
        },
        {
            "id": 4,
            "content": "This is how the child's outdoor work always looks. He takes care of wet jobs for his office, and goes on to handle the next one."
        },
        {
            "id": 5,
            "model": "그레고르",
            "teller": "Gregor",
            "title": "Rosespanner Workshop",
            "content": "Bah... Why is this thing so sluggish now?"
        },
        {
            "id": 6,
            "teller": "???",
            "title": "???",
            "content": "H—Help-"
        },
        {
            "id": 7,
            "model": "그레고르",
            "teller": "Gregor",
            "title": "Rosespanner Workshop",
            "content": "Oh, there we go."
        },
        {
            "id": 8,
            "content": "...Doesn't look like a scene too pleasing to keep watching, right?"
        },
        {
            "id": 9,
            "teller": "Kind Employee",
            "title": "Rosespanner Workshop",
            "content": "Here, mister~ A coffee for you."
        },
        {
            "id": 10,
            "model": "그레고르",
            "teller": "Gregor",
            "title": "Rosespanner Workshop",
            "content": "Well, I'll be... Thanks a bunch!"
        },
        {
            "id": 11,
            "content": "Once he returns to the office after a hard day at work, the child always does the same thing in the same spot."
        },
        {
            "id": 12,
            "content": "Holding a cup of cheap instant coffee in one hand, he smokes cigarettes until his fatigue yields and goes away."
        },
        {
            "id": 13,
            "model": "그레고르",
            "teller": "Gregor",
            "title": "Rosespanner Workshop",
            "content": "No creamer, huh? You really care..."
        },
        {
            "id": 14,
            "teller": "Kind Employee",
            "title": "Rosespanner Workshop",
            "content": "I've been making coffee for you for months now, how can I forget what you don't want?"
        },
        {
            "id": 15,
            "content": "Chatting up, the employee who brought the coffee to the child lit their own cigarette."
        },
        {
            "id": 16,
            "teller": "Kind Employee",
            "title": "Rosespanner Workshop",
            "content": "Done with today's work?"
        },
        {
            "id": 17,
            "model": "그레고르",
            "teller": "Gregor",
            "title": "Rosespanner Workshop",
            "content": "No... Leeet's see."
        },
        {
            "id": 18,
            "model": "그레고르",
            "teller": "Gregor",
            "title": "Rosespanner Workshop",
            "content": "I got two jobs done at once earlier today, so... There'll be some rest for me if I handle one early in the morning and one at daybreak."
        },
        {
            "id": 19,
            "teller": "Kind Employee",
            "title": "Rosespanner Workshop",
            "content": "Oh my... Are you sure you don't need to take it easy?"
        },
        {
            "id": 20,
            "model": "그레고르",
            "teller": "Gregor",
            "title": "Rosespanner Workshop",
            "content": "Eh... I gotta work hard to earn a lot. There's a fella who works overtime everyday, too, no?"
        },
        {
            "id": 21,
            "teller": "Kind Employee",
            "title": "Rosespanner Workshop",
            "content": "At least he mostly does paperwork..."
        },
        {
            "id": 22,
            "content": "'Fwhuu', the child exhales cigarette smoke, making a bitter smile."
        },
        {
            "id": 23,
            "content": "As the employee said, the child was aware that fatigue was wearing his body down with each passing day. He's human, after all."
        },
        {
            "id": 24,
            "content": "But, the child has a dream."
        },
        {
            "id": 25,
            "model": "그레고르",
            "teller": "Gregor",
            "title": "Rosespanner Workshop",
            "content": "If I'm gonna make a machine that Tres will approve... it'll cost a fortune."
        },
        {
            "id": 26,
            "teller": "Kind Employee",
            "title": "Rosespanner Workshop",
            "content": "You're still at it, mister?"
        },
        {
            "id": 27,
            "model": "그레고르",
            "teller": "Gregor",
            "title": "Rosespanner Workshop",
            "content": "'Course I am, bud~ Can't stay in this vicious workshop 'til I die, now can I."
        },
        {
            "id": 28,
            "model": "그레고르",
            "teller": "Gregor",
            "title": "Rosespanner Workshop",
            "content": "Gotta make my own workshop product and stand on my own. Isn't that right?"
        },
        {
            "id": 29,
            "content": "The child shook his arm with the coffee a little."
        },
        {
            "id": 30,
            "content": "Sometimes, it's a chainsaw. Sometimes a dagger, and other times, a flamethrower. That arm was 'his own machine' the child has been preparing."
        },
        {
            "id": 31,
            "content": "Though the child has been working himself to the bones as he didn't have the funds to apply for an approval or mass-produce the arm, he felt he was still fortunate."
        },
        {
            "id": 32,
            "content": "If even the gear he's been tinkering with all by himself required an approval, he'd have had to forfeit his dream."
        },
        {
            "id": 33,
            "teller": "Kind Employee",
            "title": "Rosespanner Workshop",
            "content": "...Alright. Stay safe out there. You know you're the one that keeps our office running, right, mister?"
        },
        {
            "id": 34,
            "content": "The child would only snuff out his cigarette with a snicker."
        },
        {
            "id": 35,
            "content": "He had no need to answer. Whether it was true or not, it didn't change the fact that it was time for him to get busy."
        }
    ]
}