{
  "dataList": [
    {
      "id": 0,
      "model": "파우스트",
      "title": "W Corp. Cleanup Agent",
      "content": "[22:32:40] \n[WARP, or dimensional travel…]"
    },
    {
      "id": 1,
      "model": "파우스트",
      "title": "W Corp. Cleanup Agent",
      "content": "[23:02:11]\n[…Hour 23, Minute 2, Faust speaking… Continuing from Log Number 16.]"
    },
    {
      "id": 2,
      "model": "파우스트",
      "title": "W Corp. Cleanup Agent",
      "content": "[23:02:15]\n[In reality, W Corp’s Singularity lies on a highly complex web of interests.]"
    },
    {
      "id": 3,
      "model": "파우스트",
      "title": "W Corp. Cleanup Agent",
      "content": "[23:02:33] \n[Its service is simply throwing passenger trains into a ‘dimension’ with a set destination, using a Singularity bargained out from a firm that couldn’t become a Wing.]"
    },
    {
      "id": 4,
      "model": "파우스트",
      "title": "W Corp. Cleanup Agent",
      "content": "[23:02:59]\n[I have been unable to figure out the real Singularity… but, based on information inferred from rumors and testimonies…]"
    },
    {
      "id": 5,
      "model": "파우스트",
      "title": "W Corp. Cleanup Agent",
      "content": "[23:03:13] \n[(Sound of brushing hair) I believe it’s something that can be compared to the “undo” function in digital programs.]"
    },
    {
      "id": 6,
      "model": "파우스트",
      "title": "W Corp. Cleanup Agent",
      "content": "[23:03:21] \n[They likely possess a technology that can restore things to a previously saved state.]"
    },
    {
      "id": 7,
      "model": "파우스트",
      "title": "W Corp. Cleanup Agent",
      "content": "[23:03:30]\n[While it may produce acceptable results as the passengers perceive it as a short trip…]"
    },
    {
      "id": 8,
      "model": "파우스트",
      "title": "W Corp. Cleanup Agent",
      "content": "[23:03:48] \n[Haaa… I, Faust, believe that the “cleanup” process that our crew has to carry out is irrational.]"
    },
    {
      "id": 9,
      "model": "파우스트",
      "title": "W Corp. Cleanup Agent",
      "content": "[23:04:02] \n[However, I do take interest in the fact that irreversible actions manifest as reversible after passing through a number of Singularities.]"
    },
    {
      "id": 10,
      "model": "파우스트",
      "title": "W Corp. Cleanup Agent",
      "content": "[23:04:33] \n[…I’m about to end the log here.]"
    },
    {
      "id": 11,
      "model": "파우스트",
      "title": "W Corp. Cleanup Agent",
      "content": "[23:04:41] \n[As I always say, this analysis is not for the public good.]"
    },
    {
      "id": 12,
      "model": "파우스트",
      "title": "W Corp. Cleanup Agent",
      "content": "[23:04:58]\n[I, Faust…]"
    },
    {
      "id": 13,
      "model": "파우스트",
      "title": "W Corp. Cleanup Agent",
      "content": "[23:05:00] \n[Have one wish—to know all of the City.]"
    },
    {
      "id": 14,
      "model": "파우스트",
      "title": "W Corp. Cleanup Agent",
      "content": "[23:05:08]\n[…Hour 23, Minute 5, Faust speaking. End of Log.]"
    }
  ]
}