{
  "dataList": [
    {
      "id": 0,
      "teller": "Mariachi Novato",
      "title": "Los Mariachis",
      "content": "You want me to do that…?"
    },
    {
      "id": 1,
      "content": "The child’s eyes quivered. His skin went pale, and his well-furbished mustache wriggled like a caterpillar."
    },
    {
      "id": 2,
      "teller": "Mariachi Alegre",
      "title": "Los Mariachis",
      "content": "El jefe… he’s feeling uneasy. It’s all up to you to cheer him up, aye, novato?"
    },
    {
      "id": 3,
      "content": "Another child softly comforted him."
    },
    {
      "id": 4,
      "content": "All the other children had their eyes fixed on the one they called “jefe” or “boss”, who was holding maracas in trembling hands."
    },
    {
      "id": 5,
      "teller": "Mariachi Vivaz",
      "title": "Los Mariachis",
      "content": "You see, novato… this is like a rite of passage."
    },
    {
      "id": 6,
      "teller": "Mariachi Alegre",
      "title": "Los Mariachis",
      "content": "Sip, that’s right. It’s… something all true purveyors of joy oughta experience to be un verdadero mariachi."
    },
    {
      "id": 7,
      "content": "The appointed child’s face was so pale, it was starting to take on a shade of lead."
    },
    {
      "id": 8,
      "teller": "Mariachi Novato",
      "title": "Los Mariachis",
      "content": "But… I’ve heard the stories. If I say that to our jefe, Sinclair…"
    },
    {
      "id": 9,
      "teller": "Mariachi Alegre",
      "title": "Los Mariachis",
      "content": "Sip, your head will go pop."
    },
    {
      "id": 10,
      "teller": "Mariachi Vivaz",
      "title": "Los Mariachis",
      "content": "For sure, un cráneo explosivo."
    },
    {
      "id": 11,
      "content": "“What did I just say!” The child angrily argues, but the other children shake their heads and say the same thing:"
    },
    {
      "id": 12,
      "teller": "Mariachi Alegre",
      "title": "Los Mariachis",
      "content": "…We all went through it once."
    },
    {
      "id": 13,
      "content": "The child let out a long sigh after that."
    },
    {
      "id": 14,
      "content": "Then… he realized that there was no way out of it."
    },
    {
      "id": 15,
      "content": "The child carefully opened his mouth and spoke to the boss…"
    },
    {
      "id": 16,
      "teller": "Mariachi Novato",
      "title": "Los Mariachis",
      "content": "Um, B—Boss… P-Prepare the pañata party pl—"
    },
    {
      "id": 17,
      "content": "Before that sentence could finish…"
    },
    {
      "id": 18,
      "content": "Shaka."
    },
    {
      "id": 19,
      "content": "A wee spout of blood gushed out of the head of the child who mentioned “pañata”."
    },
    {
      "id": 20,
      "teller": "Mariachi Alegre",
      "title": "Los Mariachis",
      "content": "Mhm. Bien hecho, novato."
    },
    {
      "id": 21,
      "teller": "Mariachi Vivaz",
      "title": "Los Mariachis",
      "content": "Sip, the boss… has entered boss mode."
    },
    {
      "id": 22,
      "content": "The rest of the children scratched themselves on the backs of their respective heads as they watched the fainted child with proud eyes."
    },
    {
      "id": 23,
      "content": "From the looks of things… it seems to have reminded of them of their own experiences."
    }
  ]
}