{
    "dataList": [
        {
            "id": 0,
            "model": "돈키호테",
            "title": "W Corp. Cleanup Agent",
            "content": "Colega superior! A question I do have!"
        },
        {
            "id": 1,
            "model": "파우스트",
            "title": "W Corp. Cleanup Agent",
            "content": "Go on."
        },
        {
            "id": 2,
            "model": "돈키호테",
            "title": "W Corp. Cleanup Agent",
            "content": "I have heard tell that WARP trains take roundabout paths across the Outskirts so as to prevent crashes during high-speed travel; are these tales correct?"
        },
        {
            "id": 3,
            "model": "파우스트",
            "title": "W Corp. Cleanup Agent",
            "content": "They are not."
        },
        {
            "id": 4,
            "model": "돈키호테",
            "title": "W Corp. Cleanup Agent",
            "content": "I—I see… Permit me another! Is it of verity that first-class passengers are provided with an apéritif from the “vacuum cellar” in 17-dimensional warp space?"
        },
        {
            "id": 5,
            "model": "파우스트",
            "title": "W Corp. Cleanup Agent",
            "content": "They are not."
        },
        {
            "id": 6,
            "model": "돈키호테",
            "title": "W Corp. Cleanup Agent",
            "content": "Ahem… W-Well, I can say I had a feeling that such frivolous chronicles would be untrue! Then, about our fellow agents…"
        },
        {
            "id": 7,
            "model": "파우스트",
            "title": "W Corp. Cleanup Agent",
            "content": "Miss Don Quixote was your name, correct?"
        },
        {
            "id": 8,
            "model": "돈키호테",
            "title": "W Corp. Cleanup Agent",
            "content": "Verily so!"
        },
        {
            "id": 9,
            "model": "파우스트",
            "title": "W Corp. Cleanup Agent",
            "content": "…Why don’t you take a seat. You’ll be able to see the train with your own eyes in no time."
        },
        {
            "id": 10,
            "model": "돈키호테",
            "title": "W Corp. Cleanup Agent",
            "content": "WHAT HO!!!!!! I—I shall do as such!"
        },
        {
            "id": 11,
            "content": "Little did this child know…"
        },
        {
            "id": 12,
            "content": "There was a reason her senior colleague cut short her questioning spree."
        },
        {
            "id": 13,
            "content": "There was a reason her answers were so short and simple."
        },
        {
            "id": 14,
            "content": "After that, it wasn’t long until the child learned the real truth."
        },
        {
            "id": 15,
            "model": "파우스트",
            "title": "W Corp. Cleanup Agent",
            "content": "…I won’t stop you from having fantasies, Miss Don Quixote."
        },
        {
            "id": 16,
            "model": "돈키호테",
            "title": "W Corp. Cleanup Agent",
            "content": "This… This is…"
        },
        {
            "id": 17,
            "model": "파우스트",
            "title": "W Corp. Cleanup Agent",
            "content": "Just please keep in mind that reality may not quite align with them."
        },
        {
            "id": 18,
            "content": "Brought face-to-face with what lie within the newly-arrived train, the child sat in place, her face filled with disconcertment and disgust."
        },
        {
            "id": 19,
            "content": "Of course, anyone would react like that."
        },
        {
            "id": 20,
            "content": "Those carriages… Learning the truth behind them does that."
        }
    ]
}