{
    "dataList": [
        {
            "id": 0,
            "model": "그레고르",
            "teller": "Gregor",
            "title": "Zwei Section 4",
            "content": "Okay– client fella, why don't we take a quick smoke break right here?"
        },
        {
            "id": 1,
            "teller": "Troubled VIP",
            "title": "???",
            "content": "What? Another one?"
        },
        {
            "id": 2,
            "model": "그레고르",
            "teller": "Gregor",
            "title": "Zwei Section 4",
            "content": "Come on, we won't have another chance for a smoke break after this point. You'll thank me later, trust me."
        },
        {
            "id": 3,
            "teller": "Troubled VIP",
            "title": "???",
            "content": "Hmm..."
        },
        {
            "id": 4,
            "model": "그레고르",
            "teller": "Gregor",
            "title": "Zwei Section 4",
            "content": "And uh, if I could borrow a light..."
        },
        {
            "id": 5,
            "content": "The child casually reached out to the client, speaking jovially."
        },
        {
            "id": 6,
            "content": "They could almost be mistaken for two old pals from a distance."
        },
        {
            "id": 7,
            "content": "There are many ways in which the Zwei Association conducts their protection contracts, but proximity protection is the most commonly requested one among them."
        },
        {
            "id": 8,
            "content": "Staying in close proximity to the client, controlling variables in unanticipated circumstances around them."
        },
        {
            "id": 9,
            "content": "The child had been exclusively taking these contracts for quite some time."
        },
        {
            "id": 10,
            "teller": "Intense Bodyguard",
            "title": "???",
            "content": "Stop right there. Maintain your distance from the VIP."
        },
        {
            "id": 11,
            "model": "그레고르",
            "teller": "Gregor",
            "title": "Zwei Section 4",
            "content": "Aw, big guy… What are you so anxious about? This isn't your first day at work, is it?"
        },
        {
            "id": 12,
            "teller": "Intense Bodyguard",
            "title": "???",
            "content": "I don't know how the Zwei work, but this is not how we do things at our office."
        },
        {
            "id": 13,
            "model": "그레고르",
            "teller": "Gregor",
            "title": "Zwei Section 4",
            "content": "Sheesh... If you're going to act that obvious about it, might as well make our client hold a sign that says \"I know you're there! Try and get me!\""
        },
        {
            "id": 14,
            "content": "The child sighed, puffing a heavy plume of smoke, and continued."
        },
        {
            "id": 15,
            "model": "그레고르",
            "teller": "Gregor",
            "title": "Zwei Section 4",
            "content": "The best case scenario is where we DON'T have a 'situation'. It's the best of both worlds, right? No fuss, no muss and we still get paid. Free money."
        },
        {
            "id": 16,
            "teller": "Troubled VIP",
            "title": "???",
            "content": "Um... I'm standing right here, you know."
        },
        {
            "id": 17,
            "model": "그레고르",
            "teller": "Gregor",
            "title": "Zwei Section 4",
            "content": "Huh? Oh, right. My bad, my bad. Ha ha."
        },
        {
            "id": 18,
            "content": "The client was beginning to seem rather worried."
        },
        {
            "id": 19,
            "teller": "Troubled VIP",
            "title": "???",
            "content": "I didn't feel safe enough with a Fixer from an office, so I paid a fortune to hire a bodyguard from the Zwei Association's Section 4..."
        },
        {
            "id": 20,
            "teller": "Troubled VIP",
            "title": "???",
            "content": "But I didn't expect them to send some old guy who doesn't understand the concept of personal space..."
        },
        {
            "id": 21,
            "model": "그레고르",
            "teller": "Gregor",
            "title": "Zwei Section 4",
            "content": "Some old guy? Come on..."
        },
        {
            "id": 22,
            "teller": "Troubled VIP",
            "title": "???",
            "content": "I thought the Zwei Association Fixers were of a more intense nature, adamantly abiding by their procedures and principles."
        },
        {
            "id": 23,
            "model": "그레고르",
            "teller": "Gregor",
            "title": "Zwei Section 4",
            "content": "Huh? We are? Well... The coat does make me look a bit stuffy, don't it now?"
        },
        {
            "id": 24,
            "teller": "Troubled VIP",
            "title": "???",
            "content": "That's not what I..."
        },
        {
            "id": 25,
            "model": "그레고르",
            "teller": "Gregor",
            "title": "Zwei Section 4",
            "content": "Well, why does it matter how I look? It's all good as long as I do my job, right? Just..."
        },
        {
            "id": 26,
            "model": "그레고르",
            "teller": "Gregor",
            "title": "Zwei Section 4",
            "content": "...like this."
        },
        {
            "id": 27,
            "content": "The child suddenly raised his leg and kicked the other bodyguard to the ground."
        },
        {
            "id": 28,
            "teller": "Troubled VIP",
            "title": "???",
            "content": "Wha?!"
        },
        {
            "id": 29,
            "model": "그레고르",
            "teller": "Gregor",
            "title": "Zwei Section 4",
            "content": "Hey! Easy there, client fella. I'm not stabbing you in the back. I'm..."
        },
        {
            "id": 30,
            "content": "Before he finished his sentence, numerous blades struck the spot where the bodyguard stood mere moments ago."
        },
        {
            "id": 31,
            "model": "그레고르",
            "teller": "Gregor",
            "title": "Zwei Section 4",
            "content": "...saving the big guy's life. You can thank me later!"
        },
        {
            "id": 32,
            "content": "The child nonchalantly threw off his overcoat and stood between the client and the assailants."
        },
        {
            "id": 33,
            "content": "At the exact spot where an assailant's blade was striking."
        },
        {
            "id": 34,
            "model": "그레고르",
            "teller": "Gregor",
            "title": "Zwei Section 4",
            "content": "Hyup!"
        },
        {
            "id": 35,
            "content": "Underneath the overcoat was the \"stuffy\" navy-hued coat signifying his membership at the Zwei Association..."
        },
        {
            "id": 36,
            "content": "And underneath his glove was his steel prosthetic arm."
        },
        {
            "id": 37,
            "model": "그레고르",
            "teller": "Gregor",
            "title": "Zwei Section 4",
            "content": "Boy, there's a lot of 'em."
        },
        {
            "id": 38,
            "content": "Sparks flew from the Zweihänder that stopped the blade, glimmering brighter than the embers of the child's cigarette. The assailant had swung the blade with such might that, had it struck, it could have more than bisected the client."
        },
        {
            "id": 39,
            "content": "But the child easily held his ground."
        },
        {
            "id": 40,
            "content": "With his left hand, the child flicked the ashes off his cigarette, as though one hand was more than enough to withstand the strength behind the blade."
        },
        {
            "id": 41,
            "content": "And he remarks."
        },
        {
            "id": 42,
            "model": "그레고르",
            "teller": "Gregor",
            "title": "Zwei Section 4",
            "content": "Hey... client fella? I can take care of this before my cig burns out. So just hang back and relax, okay?"
        },
        {
            "id": 43,
            "model": "그레고르",
            "teller": "Gregor",
            "title": "Zwei Section 4",
            "content": "Zwei is your shield, after all."
        }
    ]
}