{
    "dataList": [
        {
            "id": 0,
            "model": "화난 직원",
            "teller": "Angry Employee",
            "title": "Rosespanner Workshop",
            "content": "...Hey! Is that still not done yet?!"
        },
        {
            "id": 1,
            "model": "뫼르소",
            "teller": "Meursault",
            "title": "Rosespanner Workshop",
            "content": "It's in progress. It will be completed in about three hours."
        },
        {
            "id": 2,
            "model": "빌붙는 직원",
            "teller": "Mooching Employee",
            "title": "Rosespanner Workshop",
            "content": "Hey... Can you do me another favor? Haha, I'll buy you a drink after this."
        },
        {
            "id": 3,
            "model": "뫼르소",
            "teller": "Meursault",
            "title": "Rosespanner Workshop",
            "content": "Place it on the third document stack from the right."
        },
        {
            "id": 4,
            "content": "This Fixer Office seems lively at all times."
        },
        {
            "id": 5,
            "content": "This child's desk in particular was abuzz with voices."
        },
        {
            "id": 6,
            "content": "...When you look at it, it also seems like the source of a majority of keyboard taps."
        },
        {
            "id": 7,
            "model": "뫼르소",
            "teller": "Meursault",
            "title": "Rosespanner Workshop",
            "content": "Hello. This is Meursault from Rosespanner Workshop Office. I have a matter to discuss with you..."
        },
        {
            "id": 8,
            "content": "Holding a phone in one hand, he types just as fast with the other."
        },
        {
            "id": 9,
            "model": "뫼르소",
            "teller": "Meursault",
            "title": "Rosespanner Workshop",
            "content": "Yes, that is right. As always, we would like our newly developed tool to be tested by Tres Association..."
        },
        {
            "id": 10,
            "content": "He doesn't forget to make notes with a pen from time to time during all that."
        },
        {
            "id": 11,
            "content": "<Messrs. Tres Association. 1. I am writing to you to inquire about our workshop's item.>"
        },
        {
            "id": 12,
            "content": "The child must be taking care of procedures for putting some new gadget developed by the Workshop Office on sale."
        },
        {
            "id": 13,
            "content": "Tres Association, commonly called \"the workshop Association\", is in charge of evaluating all workshop-made products in the City."
        },
        {
            "id": 14,
            "content": "Well, they aren't harsh enough to go after small personal inventions, but... If you want to sell your item, you have to pass their evaluation and have it registered."
        },
        {
            "id": 15,
            "content": "Unauthorized distribution...is forbidden."
        },
        {
            "id": 16,
            "model": "부탁이 많은 직원",
            "teller": "Imploring Employee",
            "title": "Rosespanner Workshop",
            "content": "Oh... Are you done with the call? What did they say, did it go well?"
        },
        {
            "id": 17,
            "model": "뫼르소",
            "teller": "Meursault",
            "title": "Rosespanner Workshop",
            "content": "Yes, as I am told. It's a simple device, so it's currently under the registration process."
        },
        {
            "id": 18,
            "model": "부탁이 많은 직원",
            "teller": "Imploring Employee",
            "title": "Rosespanner Workshop",
            "content": "Great! Good job as always, buddy~!"
        },
        {
            "id": 19,
            "model": "뫼르소",
            "teller": "Meursault",
            "title": "Rosespanner Workshop",
            "content": "There are documents that need to be filled out for additional approval. From the top of the second document stack..."
        },
        {
            "id": 20,
            "model": "부탁이 많은 직원",
            "teller": "Imploring Employee",
            "title": "Rosespanner Workshop",
            "content": "Ahaha... I told you, you're free to do them however you want to."
        },
        {
            "id": 21,
            "model": "뫼르소",
            "teller": "Meursault",
            "title": "Rosespanner Workshop",
            "content": "...Understood."
        },
        {
            "id": 22,
            "content": "The child wouldn't ever turn down favors others asked of him."
        },
        {
            "id": 23,
            "content": "To be precise, he had no reason to."
        },
        {
            "id": 24,
            "content": "He was the most competent one in this Office, as well as being the quickest to handle work."
        },
        {
            "id": 25,
            "content": "The child knew this well..."
        },
        {
            "id": 26,
            "content": "And believed that it's natural for him to do the heavy lifting."
        },
        {
            "id": 27,
            "model": "뫼르소",
            "teller": "Meursault",
            "title": "Rosespanner Workshop",
            "content": "Mm!"
        },
        {
            "id": 28,
            "content": "Though he worked more frequently indoors than outdoors, he was superior in both types of labor."
        },
        {
            "id": 29,
            "content": "He's been staying in his workplace for weeks now, traveling between the office and work sites without a single trip to home."
        },
        {
            "id": 30,
            "model": "뫼르소",
            "teller": "Meursault",
            "title": "Rosespanner Workshop",
            "content": "...This is tiring."
        },
        {
            "id": 31,
            "content": "The child let out a tiny sigh, placing a hand on his temple."
        },
        {
            "id": 32,
            "content": "The monitor showed a line of text that said: <The mail address does not exist.>"
        },
        {
            "id": 33,
            "content": "It's true, not every part of the City is interconnected in a network. It's natural that there are some clients that can only be reached with written letters."
        },
        {
            "id": 34,
            "model": "뫼르소",
            "teller": "Meursault",
            "title": "Rosespanner Workshop",
            "content": "I will...have to write it again. This has put off the estimated time of completion by 2 hours and 17 minutes."
        },
        {
            "id": 35,
            "content": "Murmuring to himself, the child picked up a pen."
        },
        {
            "id": 36,
            "content": "Normally, a workshop Fixer is like a blacksmith, keeping hammers and steel plates closer than pens or paper."
        },
        {
            "id": 37,
            "content": "But to this child, the line of work seems no different from an ordinary desk job, dealing with...mounds of overdue clerical work."
        },
        {
            "id": 38,
            "model": "뫼르소",
            "teller": "Meursault",
            "title": "Rosespanner Workshop",
            "content": "...Yes, this is Meursault from Rosespanner Workshop Office. Please state your business."
        },
        {
            "content": "Still, perhaps it's thanks to him shouldering most of the desk work that this workshop can operate smoothly."
        }
    ]
}