{
    "dataList": [
        {
            "id": 0,
            "model": "돈키호테",
            "teller": "Don Quixote",
            "title": "Cinq Section 5 Director",
            "content": "Ah! Please, come thee hither!"
        },
        {
            "id": 1,
            "content": "The child strode through the alley, excitement clear in her eyes. Following closely behind her was a woman with a small notepad in her hands."
        },
        {
            "id": 2,
            "model": "인터뷰어",
            "teller": "Interviewer",
            "title": "???",
            "content": "W-wait... But the purpose of this interview was to learn about the kind of jobs that the Cinq Association would take?"
        },
        {
            "id": 3,
            "model": "돈키호테",
            "teller": "Don Quixote",
            "title": "Cinq Section 5 Director",
            "content": "Thou art learning, at this very moment!"
        },
        {
            "id": 4,
            "model": "인터뷰어",
            "teller": "Interviewer",
            "title": "???",
            "content": "No, we're just taking a stroll through the alleys..."
        },
        {
            "id": 5,
            "content": "The woman, fidgeting with the notepad, was growing increasingly and visibly disappointed."
        },
        {
            "id": 6,
            "content": "When she landed this interview, she was excited at the prospect of learning more of the Cinq Association's work environment, which has remained rather obscure until now..."
        },
        {
            "id": 7,
            "content": "And here she was, tagging along to this director's leisurely afternoon stroll about the alleyways."
        },
        {
            "id": 8,
            "model": "돈키호테",
            "teller": "Don Quixote",
            "title": "Cinq Section 5 Director",
            "content": "Tsk tsk, thou art yet to understand!"
        },
        {
            "id": 9,
            "content": "Yet the child's nonchalance was unrelenting, as she grinned and wagged her index finger at the woman."
        },
        {
            "id": 10,
            "model": "돈키호테",
            "teller": "Don Quixote",
            "title": "Cinq Section 5 Director",
            "content": "I ask thee! What dost thou think the primary function of the Cinq Association is?"
        },
        {
            "id": 11,
            "teller": "Interviewer",
            "title": "???",
            "content": "Well... it's a dueling association, isn't it?"
        },
        {
            "id": 12,
            "teller": "Interviewer",
            "title": "???",
            "content": "You fight duels in your clients' stead... and stuff like that, right?"
        },
        {
            "id": 13,
            "model": "돈키호테",
            "teller": "Don Quixote",
            "title": "Cinq Section 5 Director",
            "content": "Ha ha! Forsooth, thou art indeed yet to understand!"
        },
        {
            "id": 14,
            "teller": "Interviewer",
            "title": "???",
            "content": "...You're not about to tell me that you seek out evildoers to duel them in the name of justice, are you?"
        },
        {
            "id": 15,
            "teller": "Interviewer",
            "title": "???",
            "content": "It's not like you guys are pretending to be 'bringers of justice' or anything like that. There were reports claiming that you had some odd delusions of grandeur, but that'd be preposterous."
        },
        {
            "id": 16,
            "teller": "Interviewer",
            "title": "???",
            "content": "I mean, you couldn't possibly have gotten so far in this industry with such a childish philosophy, right?"
        },
        {
            "id": 17,
            "model": "돈키호테",
            "teller": "Don Quixote",
            "title": "Cinq Section 5 Director",
            "content": "Ahem! Khm..."
        },
        {
            "id": 18,
            "content": "She coughed as though the interviewer had touched upon a sensitive subject, but responded confidently."
        },
        {
            "id": 19,
            "model": "돈키호테",
            "teller": "Don Quixote",
            "title": "Cinq Section 5 Director",
            "content": "Patently not... of course. I must say, mine motivation was something of a more practical nature."
        },
        {
            "id": 20,
            "content": "As they walked out of the alleyway..."
        },
        {
            "id": 21,
            "content": "Two people, surrounded by a large crowd and appearing ready to throw down, came into view."
        },
        {
            "id": 22,
            "teller": "Interviewer",
            "title": "???",
            "content": "What is this...? Was there a request?"
        },
        {
            "id": 23,
            "model": "돈키호테",
            "teller": "Don Quixote",
            "title": "Cinq Section 5 Director",
            "content": "Nay! I have relayed what request there was to other members of the Association."
        },
        {
            "id": 24,
            "teller": "Interviewer",
            "title": "???",
            "content": "Then what is..."
        },
        {
            "id": 25,
            "model": "돈키호테",
            "teller": "Don Quixote",
            "title": "Cinq Section 5 Director",
            "content": "Dost thou see now? 'Tis too commonplace an occurrence, kerfuffles such as this, in these alleys."
        },
        {
            "id": 26,
            "model": "돈키호테",
            "teller": "Don Quixote",
            "title": "Cinq Section 5 Director",
            "content": "Thus~"
        },
        {
            "id": 27,
            "teller": "Fight Spectator",
            "title": "???",
            "content": "I-it's the Cinq Association!"
        },
        {
            "id": 28,
            "teller": "Bullied Citizen",
            "title": "???",
            "content": "O-oh boy, am I glad to have one of you here! Lemme request you to duel in my stead!"
        },
        {
            "id": 29,
            "teller": "Agitated Citizen",
            "title": "???",
            "content": "Wha- Oh, you cheeky little... M-me, too!"
        },
        {
            "id": 30,
            "model": "돈키호테",
            "teller": "Don Quixote",
            "title": "Cinq Section 5 Director",
            "content": "Now now, calm thyselves! Now explain-what hath transpired here?"
        },
        {
            "id": 31,
            "content": "Hearing what the two had to say, the child took off one of her gloves..."
        },
        {
            "id": 32,
            "model": "돈키호테",
            "teller": "Don Quixote",
            "title": "Cinq Section 5 Director",
            "content": "Ahem. Then mine client has been decided!"
        },
        {
            "id": 33,
            "content": "And hurled it at the one standing opposite of her."
        },
        {
            "id": 34,
            "model": "돈키호테",
            "teller": "Don Quixote",
            "title": "Cinq Section 5 Director",
            "content": "There are rules and etiquette to proposing a proper duel!"
        },
        {
            "id": 35,
            "model": "돈키호테",
            "teller": "Don Quixote",
            "title": "Cinq Section 5 Director",
            "content": "I cannot forgive thee, knave, thou who holler with nary a care for such things!"
        },
        {
            "id": 36,
            "teller": "Agitated Citizen",
            "title": "???",
            "content": "Agh... You son of a..."
        },
        {
            "id": 37,
            "model": "돈키호테",
            "teller": "Don Quixote",
            "title": "Cinq Section 5 Director",
            "content": "Alas, I must wonder what part of this noble duel request irks thee so."
        },
        {
            "id": 38,
            "model": "돈키호테",
            "teller": "Don Quixote",
            "title": "Cinq Section 5 Director",
            "content": "Now step aside, dear interviewer!"
        },
        {
            "id": 39,
            "content": "The child drew her sword from the waist and readied herself."
        },
        {
            "id": 40,
            "model": "돈키호테",
            "teller": "Don Quixote",
            "title": "Cinq Section 5 Director",
            "content": "Allez!"
        },
        {
            "id": 41,
            "content": "The duel ended swiftly, with the defeat of the one that had been slapped by the glove."
        },
        {
            "id": 42,
            "teller": "Interviewer",
            "title": "???",
            "content": "Amazing... Such haste!"
        },
        {
            "id": 43,
            "model": "돈키호테",
            "teller": "Don Quixote",
            "title": "Cinq Section 5 Director",
            "content": "This was naught to be amazed about. Ah, Make thy payment for the request to this address."
        },
        {
            "id": 44,
            "content": "The child handed a card to the profusely bowing client before returning to the interviewer."
        },
        {
            "id": 45,
            "model": "돈키호테",
            "teller": "Don Quixote",
            "title": "Cinq Section 5 Director",
            "content": "Heroes fighting in the name of justice... Indeed, such a notion may appear childish in the City."
        },
        {
            "id": 46,
            "model": "돈키호테",
            "teller": "Don Quixote",
            "title": "Cinq Section 5 Director",
            "content": "If performed in the form of \"business\" such as this, however, they consider it a real result worth counting."
        },
        {
            "id": 47,
            "model": "돈키호테",
            "teller": "Don Quixote",
            "title": "Cinq Section 5 Director",
            "content": "And that is my compromise. What say you, is it still a childish delusion?"
        },
        {
            "id": 48,
            "content": "With that, she smiled radiantly."
        }
    ]
}