{
  "dataList": [
    {
      "id": 0,
      "content": "The child’s eyes were laden with drowsiness and fatigue."
    },
    {
      "id": 1,
      "teller": "Strict Junior",
      "title": "LCCB",
      "content": "…Sensor signals’re all clear. We should secure the aisle."
    },
    {
      "id": 2,
      "model": "로쟈",
      "title": "LCCB",
      "content": "Yaaawn… Ah, gee~ What a hassle."
    },
    {
      "id": 3,
      "teller": "Strict Junior",
      "title": "LCCB",
      "content": "…This is our job."
    },
    {
      "id": 4,
      "model": "로쟈",
      "title": "LCCB",
      "content": "I mean, yeah, ‘course I’m doing it~ Haaa, why do we gotta do it to help the bus crew, though?"
    },
    {
      "id": 5,
      "teller": "Another Colleague",
      "title": "LCCB",
      "content": "It’s what the LCC is tasked with."
    },
    {
      "id": 6,
      "content": "“I know!” The child playfully retorted, smacking her lips."
    },
    {
      "id": 7,
      "content": "The LCC’s work is to assist the 12 Sinners aboard Mephistopheles and ensure that they successfully retrieve the Golden Boughs. It was a fact she was well aware of."
    },
    {
      "id": 8,
      "content": "Truthfully, the work didn’t really strain her."
    },
    {
      "id": 9,
      "content": "She didn’t have any amateurish complaints about risking her life to help people she’s never met personally, either."
    },
    {
      "id": 10,
      "content": "If anything… she just disliked that her job didn’t bring much excitement."
    },
    {
      "id": 11,
      "model": "로쟈",
      "title": "LCCB",
      "content": "Man~ I bet I could do the bus thing just as well. Plus, that guy… Vergilius? I wanna see him, too."
    },
    {
      "id": 12,
      "teller": "Another Colleague",
      "title": "LCCB",
      "content": "…You know you can’t jump over just like that. Those Sinners are—"
    },
    {
      "id": 13,
      "model": "로쟈",
      "title": "LCCB",
      "content": "I know, have to resonate with that clockhead or whatever. Tsk, I know what it takes. I was just saying…"
    },
    {
      "id": 14,
      "content": "The child sighed, then spoke into the radio."
    },
    {
      "id": 15,
      "model": "로쟈",
      "title": "LCCB",
      "content": "This is Rodya, commencing advance reconnaissance on containment in Sector E-361~"
    },
    {
      "id": 16,
      "content": "She did a warm-up exercise, and then told her crew:"
    },
    {
      "id": 17,
      "model": "로쟈",
      "title": "LCCB",
      "content": "Ready, everyone? Here goes~!"
    },
    {
      "id": 18,
      "model": "로쟈",
      "title": "LCCB",
      "content": "Breaching!"
    }
  ]
}