{
    "dataList": [
        {
            "id": 0,
            "place": "K Corp. Laboratory Lobby",
            "content": "As soon as we got back to the lobby, we could see panic-struck employees run before Dongrang and Samjo."
        },
        {
            "id": 1,
            "model": "K사연구원3",
            "teller": "Hurrying Researcher",
            "title": "K Corp. Laboratory",
            "content": "Mr. Dongrang... A moment, please...!"
        },
        {
            "id": 2,
            "model": "동랑",
            "teller": "Dongrang",
            "title": "K Corp. Dept. of Food Resource Development",
            "content": "Haha, you've all turned pale. Ah, pardon me for a moment."
        },
        {
            "id": 3,
            "model": "단테",
            "content": "<The situation looks pretty tense. It's kinda awkward to stand still like this...>"
        },
        {
            "id": 4,
            "content": "As I meandered in the lobby murmuring meaningless things to myself, Don Quixote scuttled to a shelf."
        },
        {
            "id": 5,
            "model": "돈키호테",
            "content": "Oho, what manner of books are these? The pictures glitter brightly!"
        },
        {
            "id": 6,
            "content": "Sounding a merry hum, she picked up a storybook."
        },
        {
            "id": 7,
            "content": "I peeked at the book she opened."
        },
        {
            "id": 8,
            "content": "Yi Sang also turned his gaze toward the book, possibly bothered by something about it..."
        },
        {
            "id": 9,
            "content": "Soon, a golden haze unfolded."
        },
        {
            "id": 10,
            "content": "<i>Once upon a time, when everyone had their heads down and eyes fixed on the ground, there was a person who looked up into the sky.</i>"
        },
        {
            "id": 11,
            "content": "<i>In their eyes were twinkling stars.</i>"
        },
        {
            "id": 12,
            "content": "<i>Connecting the nameless stars no one else would look at,</i>"
        },
        {
            "id": 13,
            "content": "<i>The person gave them names, and made up stories for them as they liked.</i>"
        },
        {
            "id": 14,
            "content": "<i>Stories are like skeins of thread without an end;</i>"
        },
        {
            "id": 15,
            "content": "<i>They're drawn and woven together in an effort to find meaning from meaninglessness.</i>"
        },
        {
            "id": 16,
            "content": "<i>All kinds of stories in the world, happy and sad, circled in the night sky.</i>"
        },
        {
            "id": 17,
            "content": "<i>Then one day, the person's family fell deeply sick, their life nearing its end.</i>"
        },
        {
            "id": 18,
            "content": "<i>Like any other day, the person spoke into the sky about the grief they felt.</i>"
        },
        {
            "id": 19,
            "content": "<i>And then...</i>"
        },
        {
            "id": 20,
            "content": "<i>A droplet of water fell onto the person's head.</i>"
        },
        {
            "id": 21,
            "content": "<i>Looking up, the person found the constellation talking to them.</i>"
        },
        {
            "id": 22,
            "content": "<i>'Dear person who named me and gave me a story, thanks to you, I was cast onto the land and pushed by the flow of time, feeling the world in full.'</i>"
        },
        {
            "id": 23,
            "content": "<i>'Did you know that stars can grant wishes?'</i>"
        },
        {
            "id": 24,
            "content": "<i>'The tears I shed will clear you of your pain.'</i>"
        },
        {
            "id": 25,
            "content": "<i>Afterwards, a rain fell onto the world for a day and a half.</i>"
        },
        {
            "id": 26,
            "content": "<i>Everyone caught in the rain was all healed up.</i>"
        },
        {
            "id": 27,
            "content": "<i>The person's ill family recovered to health, too.</i>"
        },
        {
            "id": 28,
            "content": "<i>Since then, the person and their family, as well as all the residents of the city, have looked up at the sky and talked about happiness every night.</i>"
        },
        {
            "id": 29,
            "model": "이스마엘",
            "content": "That explains it. I read that Nest K has a custom of walking outside without an umbrella to stand in the rain on the night of a certain month every year..."
        },
        {
            "id": 30,
            "model": "이스마엘",
            "content": "...Don't tell me, am I alone in this again? Have none of you checked out the pamphlet guide to K Corp's Nest and Backstreets until now? No one?"
        },
        {
            "id": 31,
            "model": "로쟈",
            "content": "Oh, that thing... I used mine to whack some bugs... So I gotta get a... new one..."
        },
        {
            "id": 32,
            "model": "이스마엘",
            "content": "Does this look like the time to be joking around, Rodya?!"
        },
        {
            "id": 33,
            "content": "Rodya didn't look like she was joking at all, but Ishmael seemed unaware of it."
        },
        {
            "id": 34,
            "model": "싱클레어",
            "content": "By the way, that story... It feels similar to what the regeneration ampule does, doesn't it?"
        },
        {
            "id": 35,
            "model": "싱클레어",
            "content": "That rain that restores you to health..."
        },
        {
            "id": 36,
            "model": "그레고르",
            "content": "Yeah, so... You trying to say it was made from rains dropped by stars?"
        },
        {
            "id": 37,
            "model": "로쟈",
            "content": "Wait, wasn't it nanobots and not watery stuff in the first place?"
        },
        {
            "id": 38,
            "model": "단테",
            "content": "<What do you think, Faust?>"
        },
        {
            "id": 39,
            "model": "파우스트",
            "content": "I am a woman of science. I prefer judgement based on facts over metaphors."
        },
        {
            "id": 40,
            "model": "파우스트",
            "content": "This... so-called analysis and interpretation of stars and clouds might be an area Yi Sang is more familiar with."
        },
        {
            "id": 41,
            "model": "파우스트",
            "content": "He's a researcher like me, but we're not quite the same."
        },
        {
            "id": 42,
            "model": "이상",
            "content": "……"
        },
        {
            "id": 43,
            "model": "동랑",
            "teller": "Dongrang",
            "title": "K Corp. Dept. of Food Resource Development",
            "content": "We'd better hurry. The situation seems pretty serious."
        },
        {
            "id": 44,
            "model": "동랑",
            "teller": "Dongrang",
            "title": "K Corp. Dept. of Food Resource Development",
            "content": "I hear they managed to storm all the way into rooms where experiments are conducted this time."
        },
        {
            "id": 45,
            "model": "돈키호테",
            "content": "Hmm? Does this place not seem too peaceful for such a dire predicament? I see nary a man running away!"
        },
        {
            "id": 46,
            "model": "삼조",
            "teller": "Samjo",
            "title": "K Corp. Dept. of Food Resource Development",
            "content": "It does appear that there's been an evacuation order. However, as you witnessed last time, this is not the first emergency that occurred this week. They might be worried that evacuating again could disrupt the 70-hour workweek policy."
        },
        {
            "id": 47,
            "model": "단테",
            "content": "<Working in this kind of place is not easy, huh...>"
        },
        {
            "id": 48,
            "model": "오티스",
            "content": "I don't get it. How was this attack possible? It didn't seem like a structure that allowed intruders to sneak into the room undetected."
        },
        {
            "id": 49,
            "model": "동랑",
            "teller": "Dongrang",
            "title": "K Corp. Dept. of Food Resource Development",
            "content": "We're running short of time, so I'll explain as we go up."
        },
        {
            "id": 50,
            "model": "료슈",
            "content": "Object."
        },
        {
            "id": 51,
            "model": "료슈",
            "content": "Give one reason we should go with you."
        },
        {
            "id": 52,
            "model": "뫼르소",
            "content": "Indeed. The contract has been fulfilled."
        },
        {
            "id": 53,
            "model": "동랑",
            "teller": "Dongrang",
            "title": "K Corp. Dept. of Food Resource Development",
            "content": "That's true. But, as much as I want to give the Bough to you, it's been taken before our eyes."
        },
        {
            "id": 54,
            "model": "료슈",
            "content": "Hmgh... TRASHES..."
        },
        {
            "id": 55,
            "model": "로쟈",
            "content": "Is this... really right? Hey... What does the contract exactly say?"
        },
        {
            "id": 56,
            "model": "삼조",
            "teller": "Samjo",
            "title": "K Corp. Dept. of Food Resource Development",
            "content": "Hm... I couldn't say, I'm not all too knowledgeable when it comes to legal matters..."
        },
        {
            "id": 57,
            "content": "Instead of arguing back as usual, Samjo suddenly got busy wiping his glasses."
        },
        {
            "id": 58,
            "model": "료슈",
            "content": "S.A."
        },
        {
            "id": 59,
            "model": "싱클레어",
            "content": "Mister Samjo... She wants answers..."
        },
        {
            "id": 60,
            "model": "삼조",
            "teller": "Samjo",
            "title": "K Corp. Dept. of Food Resource Development",
            "content": "Mm?"
        },
        {
            "id": 61,
            "model": "료슈",
            "content": "S.A...!"
        },
        {
            "id": 62,
            "model": "싱클레어",
            "content": "S-Samjo... She says she'll assail you this time...!"
        },
        {
            "id": 63,
            "model": "료슈",
            "content": "Wrong. I said I'll assail him right now."
        },
        {
            "id": 64,
            "model": "삼조",
            "teller": "Samjo",
            "title": "K Corp. Dept. of Food Resource Development",
            "content": "T-This is an emergency, an emergency!!! You should go upstairs, quickly!"
        },
        {
            "id": 65,
            "model": "단테",
            "content": "<L-Let's hurry along for now, Ryōshū...>"
        },
        {
            "id": 66,
            "model": "료슈",
            "content": "I'll show SANGRIA... I swear it."
        },
        {
            "id": 67,
            "content": "Samjo urgently sent us upstairs."
        },
        {
            "id": 68,
            "place": "Ruined K Corp. Laboratory Hallway",
            "content": "The hallway that was clean and calm hours ago..."
        },
        {
            "id": 69,
            "content": "Has now turned into complete mayhem, filled with screams and fleeing people."
        },
        {
            "id": 70,
            "content": "A researcher was crying and clinging to someone who appeared to be a liberation alliance member."
        },
        {
            "id": 71,
            "model": "K사연구원2",
            "teller": "Dying Researcher",
            "title": "K Corp. Dept. of Food Resource Development",
            "content": "Help me... Mr. Dongrang... Please, save me..."
        },
        {
            "id": 72,
            "model": "동랑",
            "teller": "Dongrang",
            "title": "K Corp. Dept. of Food Resource Development",
            "content": "My staff member... is begging for help, wouldn't you consider letting them go?"
        },
        {
            "id": 73,
            "model": "동랑",
            "teller": "Dongrang",
            "title": "K Corp. Dept. of Food Resource Development",
            "content": "If it's intelligence you want, I'll give it to you. We were planning to go out for a staff dinner tomorrow, and the restaurant we booked serves such delicious meat."
        },
        {
            "id": 74,
            "model": "동랑",
            "teller": "Dongrang",
            "title": "K Corp. Dept. of Food Resource Development",
            "content": "It'd be rather unfortunate if the smell awaiting us tomorrow came from incense sticks at a funeral instead of meat on a grill. Wouldn't you agree?"
        },
        {
            "id": 75,
            "model": "기술해방연합1",
            "teller": "Alliance Member",
            "title": "Technology Liberation Alliance",
            "content": "Intelligence? We have no need for it."
        },
        {
            "id": 76,
            "model": "히스클리프",
            "content": "Huh, you're walking in unarmed now? What happened to your robots that did the fighting for you wimps?"
        },
        {
            "id": 77,
            "model": "기술해방연합1",
            "teller": "Alliance Member",
            "title": "Technology Liberation Alliance",
            "content": "We have no need to bring our robots, either."
        },
        {
            "id": 78,
            "model": "기술해방연합1",
            "teller": "Alliance Member",
            "title": "Technology Liberation Alliance",
            "content": "I see plenty of useful-looking ones here."
        },
        {
            "id": 79,
            "model": "오티스",
            "content": "...Are you trying to...?"
        },
        {
            "id": 80,
            "model": "검문소경비2",
            "teller": "Class 2 Excision Staff",
            "title": "K Corp.",
            "content": "We were ordered to excise terrorists. Target: all parts."
        },
        {
            "id": 81,
            "model": "이스마엘",
            "content": "Huff. We outnumber them by a wide margin. It might be a little unfair, but... it seems like we won't have any trouble beating them."
        },
        {
            "id": 82,
            "model": "기술해방연합1",
            "teller": "Alliance Member",
            "title": "Technology Liberation Alliance",
            "content": "Ms. Ran's expertise was hijacking machines."
        },
        {
            "id": 83,
            "model": "기술해방연합1",
            "teller": "Alliance Member",
            "title": "Technology Liberation Alliance",
            "content": "She was more experienced in hacking than fighting."
        },
        {
            "id": 84,
            "model": "K사앰플기계",
            "teller": "Ampule Helper",
            "title": "K Corp.",
            "content": "Welcome. Here at K Corp, we value your safety above all else."
        },
        {
            "id": 85,
            "model": "검문소경비",
            "teller": "Class 2 Excision Staff",
            "title": "K Corp.",
            "content": "Huh, wait... What's..."
        },
        {
            "id": 86,
            "model": "K사앰플기계",
            "teller": "Ampule Helper",
            "title": "K Corp.",
            "content": "For everyone's safety, deserters attempting to flee from battle will be injected with a decay ampule according to regulatory rules. The ampule will be launched if you leave the 120-meter radius of the combat area; you are 49 meters away from the perimeter."
        },
        {
            "id": 87,
            "model": "검문소경비",
            "teller": "Class 2 Excision Staff",
            "title": "K Corp.",
            "content": "...Shoot..."
        },
        {
            "id": 88,
            "model": "해킹당한K사앰플기계",
            "teller": "Ampule Helper",
            "title": "K Corp.",
            "content": "If you do not attack the enemy within the next 5 seconds, the decay ampule will be administered according to regulatory rules. You have 4 seconds remaining."
        },
        {
            "id": 89,
            "model": "단테",
            "content": "<Wait, are we... the \"enemy\" now?>"
        },
        {
            "id": 90,
            "model": "검문소경비",
            "teller": "Class 2 Excision Staff",
            "title": "K Corp.",
            "content": "Damn it... I've got no choice..."
        },
        {
            "id": 91,
            "model": "뫼르소",
            "content": "…!"
        },
        {
            "id": 92,
            "model": "돈키호테",
            "content": "Why...!"
        },
        {
            "id": 93,
            "model": "검문소경비",
            "teller": "Class 2 Excision Staff",
            "title": "K Corp.",
            "content": "I... don't wanna get hit by the decay ampule. I want to live..."
        },
        {
            "id": 94,
            "model": "해킹당한K사앰플기계",
            "teller": "Ampule Helper",
            "title": "K Corp.",
            "content": "Current status: no deserters detected, all status green. Please stand in line for regeneration ampules."
        },
        {
            "id": 95,
            "model": "뫼르소",
            "content": "…I see."
        },
        {
            "id": 96,
            "model": "오티스",
            "content": "They're weighing their lives with ours, not unlike what we do. Please permit us to engage."
        },
        {
            "id": 97,
            "model": "단테",
            "content": "<...Got it.>"
        }
    ]
}