{
  "dataList": [
    {
      "id": 0,
      "place": "Private Room",
      "model": "아이드",
      "teller": "Aida",
      "title": "Los Mariachis",
      "content": "Uh… What are you supposed to be…?"
    },
    {
      "id": 1,
      "model": "단테",
      "content": "<Rodya, how did it go?!>"
    },
    {
      "id": 2,
      "model": "소냐",
      "teller": "Sonya",
      "title": "Yurodivy",
      "content": "Made new friends in the meantime, have you, Rodya?"
    },
    {
      "id": 3,
      "content": "Sonya laid his hand of cards open on the table."
    },
    {
      "id": 4,
      "model": "소냐",
      "teller": "Sonya",
      "title": "Yurodivy",
      "content": "The game is over."
    },
    {
      "id": 5,
      "model": "소냐",
      "teller": "Sonya",
      "title": "Yurodivy",
      "content": "You win, Rodion. I have no objections."
    },
    {
      "id": 6,
      "content": "He then left through the door and didn’t return."
    },
    {
      "id": 7,
      "content": "Instead, a deafeningly hollow clap suddenly filled the room."
    },
    {
      "id": 8,
      "model": "아이드",
      "teller": "Aida",
      "title": "Los Mariachis",
      "content": "Haha, caramba… I enjoyed the spectacle, but…"
    },
    {
      "id": 9,
      "model": "아이드",
      "teller": "Aida",
      "title": "Los Mariachis",
      "content": "I’m not as cool as Sonya."
    },
    {
      "id": 10,
      "model": "아이드",
      "teller": "Aida",
      "title": "Los Mariachis",
      "content": "Since you brought your friends, why don’t I introduce some of mine as well?"
    },
    {
      "id": 11,
      "model": "그레고르",
      "content": "…Y’know, uh, I’m pretty sure I heard a member of your Syndicate say that gambling was purely entertainment for you."
    },
    {
      "id": 12,
      "model": "아이드",
      "teller": "Aida",
      "title": "Los Mariachis",
      "content": "Mhm. So isn’t this more entertaining than accepting defeat right away?"
    },
    {
      "id": 13,
      "model": "로쟈",
      "content": "You were gonna push on with force regardless of who won, weren’t you?"
    },
    {
      "id": 14,
      "model": "아이드",
      "teller": "Aida",
      "title": "Los Mariachis",
      "content": "Pfh. Think about it. I have strength and manpower, so why would I give up on the Golden Bough ‘cause a round or three of a game said so?"
    },
    {
      "id": 15,
      "model": "로쟈",
      "content": "Aight, then. I’m actually glad you’re a rebel."
    },
    {
      "id": 16,
      "model": "로쟈",
      "content": "I was starting to get bored of sitting around too."
    }
  ]
}