{
  "dataList": [
    {
      "id": 0,
      "place": "Casino 3F",
      "model": "몸푸는철공회조직원",
      "teller": "Flexing Crewman",
      "title": "Tieqiu Crew",
      "content": "You’d better keep your noggin safe and sound, ‘cause for kick the can we might need somethin’ around."
    },
    {
      "id": 1,
      "model": "에피",
      "teller": "Effie",
      "title": "LCCB",
      "content": "I almost forgot… These are the ones known for their coarse language…"
    },
    {
      "id": 2,
      "model": "에피",
      "teller": "Effie",
      "title": "LCCB",
      "content": "Rumor has it they took down dozens of rival Syndicate members with just the psychological damage inflicted via their tongues…"
    },
    {
      "id": 3,
      "model": "히스클리프",
      "content": "Oi! You watch your mouths while I’m—"
    },
    {
      "id": 4,
      "model": "몸푸는철공회조직원",
      "teller": "Flexing Crewman",
      "title": "Tieqiu Crew",
      "content": "Who’re you gazing nitwits? Keep us out of sight, won’tcha? Them big bulgin’ doggy eyeballs are unnerving…"
    },
    {
      "id": 5,
      "model": "위협적인철공회조직원",
      "teller": "Threatening Crewman",
      "title": "Tieqiu Crew",
      "content": "Easy, bud. I took a shoutin’ crack at one o’ them’s eggs earlier, and my voice echoed like the whole noggin was cave-empty."
    },
    {
      "id": 6,
      "model": "몸푸는철공회조직원",
      "teller": "Flexing Crewman",
      "title": "Tieqiu Crew",
      "content": "Well brush me sideways, they don’t even got a string o’ egg noodle for brains? What’s the round thing on their shoulders, then? A bag o’ gas?"
    },
    {
      "id": 7,
      "model": "히스클리프",
      "content": "……"
    },
    {
      "id": 8,
      "model": "그레고르",
      "content": "Hm, think they all take lessons in assholery from the same class?"
    },
    {
      "id": 9,
      "model": "로쟈",
      "content": "…Pft."
    },
    {
      "id": 10,
      "model": "로쟈",
      "content": "I—I mean, it was kinda funny. N-not sure what you’re looking at me for~"
    },
    {
      "id": 11,
      "model": "히스클리프",
      "content": "…Dead."
    },
    {
      "id": 12,
      "model": "히스클리프",
      "content": "…You’re all bloody dead!!"
    }
  ]
}