{
  "dataList": [
    {
      "id": 0,
      "place": "A Dark Forest",
      "model": "표범",
      "teller": "Panther",
      "title": "???",
      "content": "I don’t get it. This is what Lion struggled against?"
    },
    {
      "id": 1,
      "model": "그레고르",
      "content": "W-Whoa, hang on!"
    },
    {
      "id": 2,
      "model": "그레고르",
      "content": "I know this is kinda weird coming from someone you were just fighting, but I’m pretty sure we can talk this o—"
    },
    {
      "id": 3,
      "model": "그레고르",
      "content": "……!"
    },
    {
      "id": 4,
      "model": "이상",
      "content": "This…"
    },
    {
      "id": 5,
      "model": "이상",
      "content": "…is unideal."
    },
    {
      "id": 6,
      "model": "이스마엘",
      "content": "Haa… I knew it was a ridiculous idea to put up a fight against them."
    },
    {
      "id": 7,
      "model": "이스마엘",
      "content": "……"
    },
    {
      "id": -1,
      "model": "늑대",
      "teller": "Wolf",
      "title": "???",
      "content": "How long are you going to lie there, Lion? We don’t have time."
    },
    {
      "id": -1,
      "model": "사자",
      "teller": "Lion",
      "title": "???",
      "content": "…You know, you’re right. No need to make this longer than it has to be."
    },
    {
      "id": 8,
      "model": "로쟈",
      "content": "Are y’all kidding? I haven’t even…"
    },
    {
      "id": 9,
      "model": "로쟈",
      "content": "……"
    },
    {
      "id": 10,
      "model": "프롤로그단테2",
      "teller": "Dante",
      "title": "Me",
      "content": "<What the hell is going on? You said you’ll fight in my stead!>"
    },
    {
      "id": 11,
      "model": "파우스트",
      "content": "We never promised to win said fights."
    },
    {
      "id": 12,
      "model": "프롤로그단테2",
      "teller": "Dante",
      "title": "Me",
      "content": "<What…>"
    },
    {
      "id": 13,
      "model": "파우스트",
      "content": "And, it seems that I’m the only survivor."
    },
    {
      "id": 14,
      "model": "프롤로그단테2",
      "teller": "Dante",
      "title": "Me",
      "content": "<Oookay. So you were waiting for this?>"
    },
    {
      "id": 15,
      "model": "프롤로그단테2",
      "teller": "Dante",
      "title": "Me",
      "content": "<You have some hidden card up your sleeve, right?>"
    },
    {
      "id": 16,
      "model": "파우스트",
      "content": "Not… necessarily a trump, no. Rather…"
    },
    {
      "id": 17,
      "model": "파우스트",
      "content": "It’s about following the star."
    },
    {
      "id": 18,
      "model": "표범",
      "teller": "Panther",
      "title": "???",
      "content": "What is this, some kind of suicidal performance? Not the funnest lives to end."
    },
    {
      "id": 19,
      "model": "프롤로그단테2",
      "teller": "Dante",
      "title": "Me",
      "content": "<What… what am I supposed to do?>"
    },
    {
      "id": 20,
      "model": "프롤로그단테2",
      "teller": "Dante",
      "title": "Me",
      "content": "<They jumped in triumphantly only to die like flies…>"
    },
    {
      "id": 21,
      "model": "프롤로그단테2",
      "teller": "Dante",
      "title": "Me",
      "content": "<Gah… I can’t remember a thing about the past since I repeated what she said.>"
    },
    {
      "id": -1,
      "model": "사자",
      "teller": "Lion",
      "title": "???",
      "content": "Aah~ I took my sweet time. Let’s finish this for real!"
    },
    {
      "id": 22,
      "model": "프롤로그단테2",
      "teller": "Dante",
      "title": "Me",
      "content": "<Is this… how I die?>"
    },
    {
      "id": 23,
      "teller": "???",
      "title": "???",
      "content": "Tell the Serpent this, false lion."
    },
    {
      "id": 24,
      "model": "눈이붉은자",
      "teller": "Man with Red Eyes",
      "title": "???",
      "content": "This flow cannot be stopped."
    },
    {
      "id": 25,
      "model": "사자",
      "teller": "Lion",
      "title": "???",
      "content": "Grh… GAAAH!!"
    },
    {
      "id": 26,
      "model": "늑대",
      "teller": "Wolf",
      "title": "???",
      "content": "Red…? But why?"
    },
    {
      "id": 27,
      "model": "늑대",
      "teller": "Wolf",
      "title": "???",
      "content": "Argh…"
    },
    {
      "id": 28,
      "model": "눈이붉은자",
      "teller": "Man with Red Eyes",
      "title": "???",
      "content": "Do you know why I only dismembered those two?"
    },
    {
      "id": 29,
      "model": "눈이붉은자",
      "teller": "Man with Red Eyes",
      "title": "???",
      "content": "Because at least one of you needs to be able to carry the rest out of here."
    },
    {
      "id": 30,
      "model": "눈이붉은자",
      "teller": "Man with Red Eyes",
      "title": "???",
      "content": "And you’re the only one left to offer them any help."
    },
    {
      "id": 31,
      "model": "표범",
      "teller": "Panther",
      "title": "???",
      "content": "…The Red Gaze."
    },
    {
      "id": 32,
      "model": "눈이붉은자",
      "teller": "Man with Red Eyes",
      "title": "???",
      "content": "Don’t glare at me like that. This is nothing compared to what you did."
    },
    {
      "id": 33,
      "model": "눈이붉은자",
      "teller": "Man with Red Eyes",
      "title": "???",
      "content": "With wounds like those, I’m sure your boss will recognize that you did your part. Consider them a medal of honor."
    },
    {
      "id": 34,
      "model": "눈이붉은자",
      "teller": "Man with Red Eyes",
      "title": "???",
      "content": "Unless…"
    },
    {
      "id": 35,
      "model": "눈이붉은자",
      "teller": "Man with Red Eyes",
      "title": "???",
      "content": "You want this to be the end of your life?"
    },
    {
      "id": 36,
      "model": "표범",
      "teller": "Panther",
      "title": "???",
      "content": "……"
    },
    {
      "id": 37,
      "model": "프롤로그단테2",
      "teller": "Dante",
      "title": "Me",
      "content": "<Who are… Are you one of them?>"
    },
    {
      "id": 38,
      "model": "프롤로그단테2",
      "teller": "Dante",
      "title": "Me",
      "content": "<You’re too late, they’re already…>"
    },
    {
      "id": 39,
      "model": "눈이붉은자",
      "teller": "Man with Red Eyes",
      "title": "???",
      "content": "No one is too late, Dante."
    },
    {
      "id": 40,
      "model": "눈이붉은자",
      "teller": "Man with Red Eyes",
      "title": "???",
      "content": "There is only one thing we need…"
    },
    {
      "id": 41,
      "model": "눈이붉은자",
      "teller": "Man with Red Eyes",
      "title": "???",
      "content": "A little time to rewind."
    },
    {
      "id": 42,
      "model": "프롤로그단테2",
      "teller": "Dante",
      "title": "Me",
      "content": "<…!>"
    },
    {
      "id": 43,
      "content": "<color=#b01c37>I’m suddenly overwhelmed by a sharp pain in my chest, as though my heart were being torn asunder.</color>"
    },
    {
      "id": 44,
      "content": "<color=#b01c37>Followed by flashes in the ribs, intestines, stomach, and lungs.</color>"
    },
    {
      "id": 45,
      "model": "프롤로그단테2",
      "teller": "Dante",
      "title": "Me",
      "content": "<GAAAAAAGH!!!>"
    },
    {
      "id": 46,
      "content": "Engulfed in a deluge of torment twisting and squeezing my entire body, I let out an agonizing scream."
    },
    {
      "id": 47,
      "model": "프롤로그단테2",
      "teller": "Dante",
      "title": "Me",
      "content": "<You… Grgh…>"
    },
    {
      "id": 48,
      "content": "In my fading consciousness, the only thing I could perceive…"
    },
    {
      "id": 49,
      "content": "…Was the deceased’s flesh reconstructing in a bizarre manner."
    },
    {
      "id": 50,
      "model": "눈이붉은자",
      "teller": "Man with Red Eyes",
      "title": "???",
      "content": "You’ll suffer aplenty from now on, Dante."
    },
    {
      "id": 51,
      "content": "And the voice of the man with red eyes."
    }
  ]
}