{
  "dataList": [
    {
      "id": 0,
      "place": "The Old Sinclair Estate",
      "content": "The ground shook as Guido finally fell."
    },
    {
      "id": 1,
      "content": "I couldn’t help but wonder if we really did him in, yet we were too exhausted to bother and take his helmet off to check his breathing."
    },
    {
      "id": -1,
      "model": "//효과음",
      "content": "푹! 푹! 푹! 푹!"
    },
    {
      "id": 2,
      "content": "Sinclair was repeatedly jabbing his spear into a dead Inquisitor."
    },
    {
      "id": 3,
      "content": "The corpse was mangled beyond recognition, its blood and organs spilling all over the floor."
    },
    {
      "id": 4,
      "model": "로쟈",
      "content": "Sinclair… Calm down."
    },
    {
      "id": 5,
      "content": "He didn’t seem to care about anything other than the body he was set out to destroy."
    },
    {
      "id": 6,
      "content": "Occasional pants of rage and tearful gasps were all that came out of his mouth."
    },
    {
      "id": 7,
      "model": "싱클레어",
      "content": "I’ll… kill… them all…"
    },
    {
      "id": 8,
      "content": "I knew stopping him was the right thing to do, but no one dared to step in."
    },
    {
      "id": 9,
      "content": "It was evident that he was too blinded by ire to listen to us."
    },
    {
      "id": 10,
      "model": "돈키호테",
      "content": "I know a way most simple to bring him back to senses!"
    },
    {
      "id": 11,
      "content": "At that, Don Quixote suddenly jumped Sinclair and pinned him to the ground."
    },
    {
      "id": 12,
      "content": "And then…"
    },
    {
      "id": 13,
      "content": "She started laying into his face."
    },
    {
      "id": -1,
      "model": "//효과음",
      "content": "퍽 퍽 퍽"
    },
    {
      "id": 14,
      "content": "One fist thrown after the other."
    },
    {
      "id": 15,
      "model": "로쟈",
      "content": "Oh, um… Shouldn’t we do something?"
    },
    {
      "id": 16,
      "model": "료슈",
      "content": "Leave ‘em be. A couple calves tussling isn’t worth intervening."
    },
    {
      "id": 17,
      "content": "A cloud of dust rose from her ruthless beating…"
    },
    {
      "id": 18,
      "content": "After a while, Don Quixote cut her onslaught."
    },
    {
      "id": 19,
      "model": "돈키호테",
      "content": "Pray tell, how dost thou feel now?"
    },
    {
      "id": 20,
      "model": "싱클레어",
      "content": "Hng, khh…"
    },
    {
      "id": 21,
      "model": "돈키호테",
      "content": "Pardon my rash action. Oft I would find myself overcome by fervor, rampaging much the same as a riderless horse."
    },
    {
      "id": 22,
      "model": "돈키호테",
      "content": "At such moments, mine old friends helped me to come to myself—by beating me senseless."
    },
    {
      "id": 23,
      "model": "돈키호테",
      "content": "‘Twas, at times, the only remedy to the fever that had overtaken me."
    },
    {
      "id": 24,
      "model": "이스마엘",
      "content": "Aha, so in that sense, Vergilius must be a good friend of yours too, right?"
    },
    {
      "id": 25,
      "model": "로쟈",
      "content": "Pfheh…"
    },
    {
      "id": 26,
      "model": "돈키호테",
      "content": "Well— I…!"
    },
    {
      "id": 27,
      "model": "싱클레어",
      "content": "Hic… Huhk…"
    },
    {
      "id": 28,
      "content": "Tears plinked down from Sinclair’s bruised eyes."
    },
    {
      "id": 29,
      "model": "싱클레어",
      "content": "I’ll get her for this…"
    },
    {
      "id": 30,
      "model": "싱클레어",
      "content": "I’ll go to my home… and skewer that bitch… I’ll skewer her with a stake…! And then—"
    },
    {
      "id": 31,
      "content": "The rest of his sentence was overrun with pained sobbing."
    },
    {
      "id": 32,
      "content": "After a while of sniffling, Sinclair finally seemed to calm down as he put a hand to his face and started muttering."
    },
    {
      "id": 33,
      "model": "싱클레어",
      "content": "I… lost everything overnight…"
    },
    {
      "id": 34,
      "model": "싱클레어",
      "content": "Back then… they didn’t parade their ‘Nagel und Hammer’ name around. You didn’t see large groups like that in the open."
    },
    {
      "id": 35,
      "model": "싱클레어",
      "content": "But, at some point…"
    },
    {
      "id": 36,
      "model": "싱클레어",
      "content": "People calling themselves “Hammers” started showing up in town, one by one, and…"
    },
    {
      "id": 37,
      "model": "싱클레어",
      "content": "Eagh, hic…"
    },
    {
      "id": 38,
      "model": "로쟈",
      "content": "It’s okay, kiddo. No need to push yourself…"
    },
    {
      "id": 39,
      "content": "Rodya gently pat him on the back."
    },
    {
      "id": 40,
      "model": "싱클레어",
      "content": "I still think that sometimes…"
    },
    {
      "id": 41,
      "model": "싱클레어",
      "content": "This is all just a bad dream and I’m having trouble waking up…"
    },
    {
      "id": 42,
      "model": "싱클레어",
      "content": "It always comes… Every morning, before I open my eyes…"
    },
    {
      "id": 43,
      "model": "싱클레어",
      "content": "Maybe this time… I’ll wake up and see my familiar ceiling… Just maybe."
    },
    {
      "id": 44,
      "content": "After he said that, he broke into tears."
    },
    {
      "id": 45,
      "content": "It only made sense to wait for him to settle down."
    }
  ]
}