{
    "dataList": [
        {
            "id": 0,
            "place": "Marlin Port Club",
            "model": "싱클레어",
            "content": "Y-you better tell us where your boss is before t-things turn ugly..."
        },
        {
            "id": 1,
            "model": "쌍갈고리파조직원4",
            "teller": "Twinhook Pirates?",
            "title": "???",
            "content": "Hmph... Go drink some more milk before ye start tossin' around threats like that, laddie."
        },
        {
            "id": 2,
            "model": "싱클레어",
            "content": "I-I'm serious! Talk, or the next thing getting s-smashed is your h-h-..."
        },
        {
            "id": 3,
            "model": "싱클레어",
            "content": "... Your skull."
        },
        {
            "id": 4,
            "model": "쌍갈고리파조직원4",
            "teller": "Twinhook Pirates?",
            "title": "???",
            "content": "Ha... ha ha... O-okay. Let's calm down."
        },
        {
            "id": 5,
            "model": "쌍갈고리파조직원4",
            "teller": "Twinhook Pirates?",
            "title": "???",
            "content": "Captain ain't 'ere. If it's hostages yer lookin' for... the first mate should know."
        },
        {
            "id": 6,
            "model": "싱클레어",
            "content": "Directions."
        },
        {
            "id": 7,
            "model": "쌍갈고리파조직원4",
            "teller": "Twinhook Pirates?",
            "title": "???",
            "content": "The last room... at the end of that... uh, corridor..."
        },
        {
            "id": 8,
            "model": "싱클레어",
            "content": "... Go."
        },
        {
            "id": 9,
            "model": "쌍갈고리파조직원4",
            "teller": "Twinhook Pirates?",
            "title": "???",
            "content": "Aaah..."
        },
        {
            "id": 10,
            "model": "싱클레어",
            "content": "Not that way...! Get out of this club."
        },
        {
            "id": 11,
            "model": "쌍갈고리파조직원4",
            "teller": "Twinhook Pirates?",
            "title": "???",
            "content": "Huhh?! A-aye! I'm sorry!!"
        },
        {
            "id": 12,
            "model": "히스클리프",
            "content": "... Oi, kid... You're getting better at this, aren't you?"
        },
        {
            "id": 13,
            "model": "싱클레어",
            "content": "I don't want to get complimented for doing something like this..."
        },
        {
            "id": 14,
            "model": "싱클레어",
            "content": "I just... I just think we have to get to the hostage as soon as possible."
        }
    ]
}