{
    "dataList": [
        {
            "id": 0,
            "place": "Reconstructing K Corp. Laboratory",
            "content": "When I took a closer look at the revived foes after the battle, I could see a liquid of a familiar hue flowing from their eyes."
        },
        {
            "id": 1,
            "model": "되살아난해방연합",
            "teller": "Revived? Liberation Alliance Member",
            "title": "Technology Liberation Alliance",
            "content": "Unh... Ahheahii..."
        },
        {
            "id": 2,
            "model": "파우스트",
            "content": "Dante, do you feel the Golden Bough's presence nearby?"
        },
        {
            "id": 3,
            "model": "파우스트",
            "content": "Last time I saw, the Golden Bough was lodged into Dongbaek's body..."
        },
        {
            "id": 4,
            "model": "단테",
            "content": "<I can't find her corpse anywhere... Must have been moved away when the space twisted.>"
        },
        {
            "id": 5,
            "model": "단테",
            "content": "<But it can't be too far away, I'm sure of it. I can feel it...>"
        },
        {
            "id": 6,
            "model": "싱클레어",
            "content": "Ah, I don't see Dongrang, either."
        },
        {
            "id": 7,
            "model": "파우스트",
            "content": "He's likely to be in the same location as the deceased Dongbaek."
        },
        {
            "id": 8,
            "model": "싱클레어",
            "content": "Until now... we've experienced the fathoms of ego at the same time. I guess it's thanks to Dante's particular... affinity, if that makes sense...?"
        },
        {
            "id": 9,
            "model": "히스클리프",
            "content": "The hell are you talking about. Affinity?"
        },
        {
            "id": 10,
            "model": "파우스트",
            "content": "Do you mean the chains binding us?"
        },
        {
            "id": 11,
            "model": "싱클레어",
            "content": "Yeah... This is one of their influences, right?"
        },
        {
            "id": 12,
            "model": "싱클레어",
            "content": "Then, what will happen if someone like Dongrang gets to the fathoms?"
        },
        {
            "id": 13,
            "model": "돈키호테",
            "content": "Fret not, for we shall find out from now on!"
        },
        {
            "id": 14,
            "model": "돈키호테",
            "content": "Let us vanquish the foes ahead for now!"
        }
    ]
}