{
    "dataList": [
        {
            "id": 0,
            "place": "Nest K - LC Branch Interior",
            "model": "동랑",
            "teller": "Dongrang",
            "title": "K Corp. Dept. of Food Resource Development",
            "content": "I don't see any terrorists."
        },
        {
            "id": 1,
            "model": "슈렌느",
            "teller": "Shrenne",
            "title": "K Corp. Laboratory",
            "content": "Relax. I've brought plenty of regeneration ampules, so those murder machines can rampage all they want."
        },
        {
            "id": 2,
            "content": "An ominous noise buzzed from the stopped machines."
        },
        {
            "id": 3,
            "model": "기술해방연합기계",
            "teller": "Melted Machine",
            "title": "Technology Liberation Alliance",
            "content": "Alright, all... You hear me?"
        },
        {
            "id": 4,
            "model": "기술해방연합기계",
            "teller": "Melted Machine",
            "title": "Technology Liberation Alliance",
            "content": "I got pretty mad thinking you might have thought we ran off, so I'm sending you a message verbally."
        },
        {
            "id": 5,
            "model": "기술해방연합기계",
            "teller": "Melted Machine",
            "title": "Technology Liberation Alliance",
            "content": "I'm about to tell you something real important, so listen up."
        },
        {
            "id": 6,
            "model": "기술해방연합기계",
            "teller": "Melted Machine",
            "title": "Technology Liberation Alliance",
            "content": "……"
        },
        {
            "id": 7,
            "model": "기술해방연합기계",
            "teller": "Melted Machine",
            "title": "Technology Liberation Alliance",
            "content": "A pause to rouse tension... Good."
        },
        {
            "id": 8,
            "model": "단테",
            "content": "<……>"
        },
        {
            "id": 9,
            "model": "기술해방연합기계",
            "teller": "Melted Machine",
            "title": "Technology Liberation Alliance",
            "content": "It's that you are..."
        },
        {
            "id": 10,
            "model": "기술해방연합기계",
            "teller": "Melted Machine",
            "title": "Technology Liberation Alliance",
            "content": "You are a bunch of worthless worms."
        },
        {
            "id": 11,
            "model": "기술해방연합기계",
            "teller": "Melted Machine",
            "title": "Technology Liberation Alliance",
            "content": "Yeah, that's right. You're just worms!"
        },
        {
            "id": 12,
            "model": "그레고르",
            "content": "Gimme a break. I was all ears for this load of nonsense."
        },
        {
            "id": 13,
            "content": "Gregor approached the speaker with a grumble, scratching the back of his head."
        },
        {
            "id": 14,
            "model": "단테",
            "content": "<Wait, Gregor!>"
        },
        {
            "id": 15,
            "content": "After playing the voice, the machine suddenly starts to heat up and inflate."
        },
        {
            "id": 16,
            "model": "파우스트",
            "content": "The machine is heating to unnatural degrees, its components expanding."
        },
        {
            "id": 17,
            "model": "니코",
            "teller": "Niko",
            "title": "Rosespanner Workshop",
            "content": "Oh my, it really is. That's a telltale sign of an imminent explosion."
        },
        {
            "id": 18,
            "model": "동랑",
            "teller": "Dongrang",
            "title": "K Corp. Dept. of Food Resource Development",
            "content": "Indeed, and that means..."
        },
        {
            "id": 19,
            "model": "히스클리프",
            "content": "Wait a moment! Get away from that damned machine!"
        },
        {
            "id": 20,
            "content": "Heathcliff kicked Gregor away from the machine."
        },
        {
            "id": 21,
            "model": "동랑",
            "teller": "Dongrang",
            "title": "K Corp. Dept. of Food Resource Development",
            "content": "Hmm... They must've used what little time they had to place traps like this."
        },
        {
            "id": 22,
            "model": "동랑",
            "teller": "Dongrang",
            "title": "K Corp. Dept. of Food Resource Development",
            "content": "Their dedication is admirable. I'm raring to see the mastermind behind this."
        },
        {
            "id": 23,
            "model": "단테",
            "content": "<Are all researchers like that? This really doesn't feel like the time for admirations.>"
        },
        {
            "id": 24,
            "model": "파우스트",
            "content": "Such is our fate."
        }
    ]
}