{
    "dataList": [
        {
            "id": 0,
            "place": "Nest K - LC Branch Interior",
            "model": "동랑",
            "teller": "Dongrang",
            "title": "K Corp. Dept. of Food Resource Development",
            "content": "Alright, then... Care to give us an explanation, Shrenne?"
        },
        {
            "id": 1,
            "content": "Shrenne blankly looks at Dongrang, her face wooden as if she's forgotten how to make expressions."
        },
        {
            "id": 2,
            "model": "동랑",
            "teller": "Dongrang",
            "title": "K Corp. Dept. of Food Resource Development",
            "content": "Since when did you join their side?"
        },
        {
            "id": 3,
            "model": "슈렌느",
            "teller": "Shrenne",
            "title": "K Corp. Laboratory",
            "content": "...You really are something. You don't even act surprised."
        },
        {
            "id": 4,
            "model": "슈렌느",
            "teller": "Shrenne",
            "title": "K Corp. Laboratory",
            "content": "Hah, employees that can be brought back to life without the ampules, huh... This wasn't in the plans... It's not fair."
        },
        {
            "id": 5,
            "model": "동랑",
            "teller": "Dongrang",
            "title": "K Corp. Dept. of Food Resource Development",
            "content": "When I asked why you volunteered to follow me at the laboratory, you told me this:"
        },
        {
            "id": 6,
            "model": "동랑",
            "teller": "Dongrang",
            "title": "K Corp. Dept. of Food Resource Development",
            "content": "\"Three of my coworkers died.\""
        },
        {
            "id": 7,
            "model": "동랑",
            "teller": "Dongrang",
            "title": "K Corp. Dept. of Food Resource Development",
            "content": "Five of us died in that attack. Three is the number of casualties the technology liberation alliance suffered."
        },
        {
            "id": 8,
            "model": "동랑",
            "teller": "Dongrang",
            "title": "K Corp. Dept. of Food Resource Development",
            "content": "Oh, and I checked your network history, too."
        },
        {
            "id": 9,
            "model": "슈렌느",
            "teller": "Shrenne",
            "title": "K Corp. Laboratory",
            "content": "You did what... You're allowed to do that?"
        },
        {
            "id": 10,
            "model": "동랑",
            "teller": "Dongrang",
            "title": "K Corp. Dept. of Food Resource Development",
            "content": "So they keep telling you, it takes a full day and the night after to name all the benefits of the best employee."
        },
        {
            "id": 11,
            "model": "슈렌느",
            "teller": "Shrenne",
            "title": "K Corp. Laboratory",
            "content": "That stupid \"best\" tripe again..."
        },
        {
            "id": 12,
            "model": "동랑",
            "teller": "Dongrang",
            "title": "K Corp. Dept. of Food Resource Development",
            "content": "I saw that you exchanged tons of mail with Ran even after she left. What was it about? You wouldn't reply to a single one I sent asking to go grab coffee together."
        },
        {
            "id": 13,
            "model": "동랑",
            "teller": "Dongrang",
            "title": "K Corp. Dept. of Food Resource Development",
            "content": "I do suppose... you've respected Ran a lot ever since you joined. Even your password was set as \"missyouran\", how about that?"
        },
        {
            "id": 14,
            "model": "삼조",
            "teller": "Samjo",
            "title": "K Corp. Dept. of Food Resource Development",
            "content": "Wait, is this... all true?"
        },
        {
            "id": 15,
            "model": "삼조",
            "teller": "Samjo",
            "title": "K Corp. Dept. of Food Resource Development",
            "content": "I don't understand. K Corp's research institutes are the best workplace you could ask for as a scientist; it's a stable job, cares about employee well-being, and has the limelight of the academy."
        },
        {
            "id": 16,
            "model": "삼조",
            "teller": "Samjo",
            "title": "K Corp. Dept. of Food Resource Development",
            "content": "But, why would you turn your back on it and collude with those terrorists..."
        },
        {
            "id": 17,
            "model": "삼조",
            "teller": "Samjo",
            "title": "K Corp. Dept. of Food Resource Development",
            "content": "I saw you as a researcher with a promising future... You had a long way to go compared to Mr. Dongrang, but still..."
        },
        {
            "id": 18,
            "model": "동랑",
            "teller": "Dongrang",
            "title": "K Corp. Dept. of Food Resource Development",
            "content": "Yeah, Shrenne. Why don't you say it yourself?"
        },
        {
            "id": 19,
            "model": "동랑",
            "teller": "Dongrang",
            "title": "K Corp. Dept. of Food Resource Development",
            "content": "Why did you decide to collude with them?"
        },
        {
            "id": 20,
            "model": "슈렌느",
            "teller": "Shrenne",
            "title": "K Corp. Laboratory",
            "content": "……"
        },
        {
            "id": 21,
            "model": "슈렌느",
            "teller": "Shrenne",
            "title": "K Corp. Laboratory",
            "content": "The tears wouldn't stop."
        },
        {
            "id": 22,
            "model": "동랑",
            "teller": "Dongrang",
            "title": "K Corp. Dept. of Food Resource Development",
            "content": "You..."
        },
        {
            "id": 23,
            "model": "슈렌느",
            "teller": "Shrenne",
            "title": "K Corp. Laboratory",
            "content": "You know what that means, right? I..."
        },
        {
            "id": 24,
            "model": "동랑",
            "teller": "Dongrang",
            "title": "K Corp. Dept. of Food Resource Development",
            "content": "…!"
        },
        {
            "id": 25,
            "content": "We couldn't hear the rest of what Shrenne tried to say."
        },
        {
            "id": 26,
            "content": "At first, it looked like a thin red line was drawn on her body..."
        },
        {
            "id": 27,
            "content": "Then we realized that it wasn't just a line."
        },
        {
            "id": 28,
            "model": "그레고르",
            "content": "Hey... Shrenne..."
        },
        {
            "id": 29,
            "content": "Cut clean in half, fluid splashed from the severed hemispheres of her brain as if to convey that regeneration ampules won't heal this."
        },
        {
            "id": 30,
            "model": "료슈",
            "content": "Hah, haha... Shut your mouths and keep still. Don't even breathe."
        },
        {
            "id": 31,
            "content": "The people who slew Shrenne along with the wall behind her without letting even their footsteps be heard were..."
        },
        {
            "id": 32,
            "model": "이스마엘",
            "content": "…!"
        },
        {
            "id": 33,
            "model": "료슈",
            "content": "Fixers inanely treading shadows... I'll give you the honor of being called F.I.T.S. Heh."
        },
        {
            "id": 34,
            "model": "이스마엘",
            "content": "Fixers who work like that... would belong to... Shi Association."
        },
        {
            "id": 35,
            "model": "이스마엘",
            "content": "An Association of Fixers that exclusively take assassination requests."
        },
        {
            "id": 36,
            "model": "이스마엘",
            "content": "They most likely aren't ones we could easily fight and defeat. It depends on how much they were paid and what Section are they from, but in this case..."
        },
        {
            "id": 37,
            "model": "이스마엘",
            "content": "Seeing that only Ryōshū was able to pick up hints of their presence... They most certainly won't be amateurs from Sections 5 or 6."
        },
        {
            "id": 38,
            "model": "암살자",
            "teller": "Assassin",
            "title": "Shi Association",
            "content": "……"
        },
        {
            "id": 39,
            "model": "삼조",
            "teller": "Samjo",
            "title": "K Corp. Dept. of Food Resource Development",
            "content": "Ms. Shrenne... Why..."
        },
        {
            "id": 40,
            "model": "료슈",
            "content": "Tsk, gone already."
        },
        {
            "id": 41,
            "content": "Ryōshū clicked her tongue and complained about the assassins' retreat, even though I couldn't hear or see them at all."
        },
        {
            "id": 42,
            "model": "히스클리프",
            "content": "How ridiculous. Torn by inner conflict."
        },
        {
            "id": 43,
            "model": "동랑",
            "teller": "Dongrang",
            "title": "K Corp. Dept. of Food Resource Development",
            "content": "Senior Researcher Ran was Shrenne's mentor when she first joined the firm. It looks like their bond lasted much longer than I thought."
        },
        {
            "id": 44,
            "model": "동랑",
            "teller": "Dongrang",
            "title": "K Corp. Dept. of Food Resource Development",
            "content": "You see, Dante? We were peers working for the same firm, and there's still collusion and fraternity."
        },
        {
            "id": 45,
            "model": "동랑",
            "teller": "Dongrang",
            "title": "K Corp. Dept. of Food Resource Development",
            "content": "Betrayal, division, connivance. It happens in any group of people... I guess it's an inescapable cycle."
        },
        {
            "id": 46,
            "model": "단테",
            "content": "<Not sure there's any point in telling me this...>"
        },
        {
            "id": 47,
            "model": "동랑",
            "teller": "Dongrang",
            "title": "K Corp. Dept. of Food Resource Development",
            "content": "Say... How much do you trust your Sinners?"
        },
        {
            "id": 48,
            "model": "단테",
            "content": "<I’m… sorry, what?>"
        },
        {
            "id": 49,
            "model": "동랑",
            "teller": "Dongrang",
            "title": "K Corp. Dept. of Food Resource Development",
            "content": "You know virtually nothing about them, do you? Much like how I couldn't know everything about Shrenne. Am I wrong?"
        },
        {
            "id": 50,
            "model": "동랑",
            "teller": "Dongrang",
            "title": "K Corp. Dept. of Food Resource Development",
            "content": "You... don't even know which is the one that has a history with me."
        }
    ]
}