{
  "dataList": [
    {
      "id": 0,
      "place": "Casino 2F",
      "model": "이스마엘",
      "content": "As absurd as it sounds, if we want to leave this floor early…"
    },
    {
      "id": 1,
      "model": "이스마엘",
      "content": "We’re going to need to touch their hearts with a powerful dance."
    },
    {
      "id": 2,
      "model": "단테",
      "content": "<As you all know, my memories are hazy, so… dance, is it…? Can’t say I’m all too familiar.>"
    },
    {
      "id": 3,
      "content": "Amnesia came in handy as an excuse to opt-out of things at times like this."
    },
    {
      "id": 4,
      "content": "Of course, I haven’t actually forgotten what dance is, but there’s no need to be too honest about it, is there?"
    },
    {
      "id": 5,
      "model": "단테",
      "content": "<Say, Hong Lu, have you taken dance lessons or anything?>"
    },
    {
      "id": 6,
      "model": "홍루",
      "content": "I learned a little bian lian, though I only had three instructors teaching me. To perform it, I’ll need a few masks, fans, makeup, and…"
    },
    {
      "id": 7,
      "model": "단테",
      "content": "<…We aren’t gonna find them here. Next.>"
    },
    {
      "id": 8,
      "model": "히스클리프",
      "content": "Well, I did step on a good few feet of snobbish aristocrats at balls."
    },
    {
      "id": 9,
      "model": "이상",
      "content": "My inner voice expresses fear."
    },
    {
      "id": 10,
      "model": "이스마엘",
      "content": "…Me? I spent half of my life on a ship."
    },
    {
      "id": 11,
      "model": "돈키호테",
      "content": "Dance is where I—! Hrrmph! Cease this relentless obstruction of my words!"
    },
    {
      "id": 12,
      "model": "료슈",
      "content": "A sword dance for the first time in a while doesn’t sound bad. I’ll kill it on the floor."
    },
    {
      "id": 13,
      "model": "오티스",
      "content": "Though the only beats I have danced to throughout my life were morning exercise programs during roll call, if the manager so demands, I will immediately see to it that—"
    },
    {
      "id": 14,
      "model": "로쟈",
      "content": "W-Well, Dante… I’m good at most things, buuut, my dancing is kinda… embarrassing… Hahah!"
    },
    {
      "id": 15,
      "model": "그레고르",
      "content": "I don’t mind, except my arm might rage out of control from the stimulation and charge for the audience’s heads."
    },
    {
      "id": 16,
      "model": "뫼르소",
      "content": "……"
    },
    {
      "id": 17,
      "model": "파우스트",
      "content": "Faust doesn’t necessarily enjoy dancing for leisure, but I could gladly perform a routine if it’s for the mission’s sake."
    },
    {
      "id": 18,
      "model": "파우스트",
      "content": "However, it’s not technical perfection they want. They’re looking for something unstable and unpolished, rather…"
    },
    {
      "id": 19,
      "model": "로쟈",
      "content": "Sinclair!"
    },
    {
      "id": 20,
      "model": "싱클레어",
      "content": "Wha?!"
    },
    {
      "id": 21,
      "model": "로쟈",
      "content": "You busted a move or two as a kid, didn’t you?"
    },
    {
      "id": 22,
      "model": "싱클레어",
      "content": "B-Bust? I suppose I… took a basic maracas course at school as a liberal arts class…"
    },
    {
      "id": 23,
      "model": "단테",
      "content": "<He came from a rich family too? How’d you figure that out, Rodya?>"
    },
    {
      "id": 24,
      "model": "로쟈",
      "content": "I can tell from the way he walks and talks."
    },
    {
      "id": 25,
      "model": "로쟈",
      "content": "On the other hand, uncultured ones… Pfheh… It shows, y’know?"
    },
    {
      "id": 26,
      "content": "Rodya quietly giggled while looking at Heathcliff, then snuck up behind Sinclair to wrap her arms around his shoulders."
    },
    {
      "id": 27,
      "model": "로쟈",
      "content": "‘Kay now~ My little Sinclair, I have a very, veeeery important task for you."
    },
    {
      "id": 28,
      "model": "싱클레어",
      "content": "Huh? Hey? Rodya? Where are you…"
    },
    {
      "id": 29,
      "content": "Moments later, Sinclair solemnly walked onto the stage."
    },
    {
      "id": 30,
      "model": "단테",
      "content": "<Sinclair… You can do this.>"
    },
    {
      "id": 31,
      "model": "이스마엘",
      "content": "Yeah, think of all the times when Heathcliff trampled over you…"
    },
    {
      "id": 32,
      "model": "싱클레어",
      "content": "I, I’m…"
    },
    {
      "id": 33,
      "content": "Sinclair turned to Rodya, still looking anxious."
    },
    {
      "id": 34,
      "model": "싱클레어",
      "content": "Am I… really able to do this?"
    },
    {
      "id": 35,
      "model": "로쟈",
      "content": "Wrong question, Sinclair."
    },
    {
      "id": 36,
      "model": "로쟈",
      "content": "This is something only you can do."
    },
    {
      "id": 37,
      "content": "He returned a determined nod."
    },
    {
      "id": 38,
      "model": "흥겨운마리아치조직원",
      "teller": "Mariachi Alegre",
      "title": "Los Mariachis",
      "content": "The wrist-rocking… That pensive expression… Restrained rhythm… Perfection!"
    },
    {
      "id": 39,
      "model": "경쾌한마리아치조직원",
      "teller": "Mariachi Vivaz",
      "title": "Los Mariachis",
      "content": "It’s calm… Yet it’s the calmness that stirs my heart… This young man—he’s channeling something from within…"
    },
    {
      "id": 40,
      "model": "경쾌한마리아치조직원",
      "teller": "Mariachi Vivaz",
      "title": "Los Mariachis",
      "content": "How sublime…"
    },
    {
      "id": 41,
      "model": "경쾌한마리아치조직원",
      "teller": "Mariachi Vivaz",
      "title": "Los Mariachis",
      "content": "He is fighting repressed darkness and inner turmoil with the body’s motion…!"
    },
    {
      "id": 42,
      "model": "경쾌한마리아치조직원",
      "teller": "Mariachi Vivaz",
      "title": "Los Mariachis",
      "content": "Ohhh… The embers linger in glowing ash… heating the rhythm… for gestures to be struck along… This conjures an image, one of a bonfire that has burnt through the whole night! And we are witnessing the cotillion of ash dancing atop its remnant!"
    },
    {
      "id": 43,
      "model": "단테",
      "content": "<Sorry, what?>"
    },
    {
      "id": 44,
      "model": "흥겨운마리아치조직원",
      "teller": "Mariachi Alegre",
      "title": "Los Mariachis",
      "content": "Young man, won’t you consider joining us? You have the potential to grow big."
    },
    {
      "id": 45,
      "model": "소드",
      "teller": "Saude",
      "title": "LCCB",
      "content": "That boy belongs to our company. You should know that siphoning valuable talent from their current employment without permission is a serious crime."
    },
    {
      "id": 46,
      "content": "Just a few hours ago, Sinclair was only one moron in our band of blunderheads, but now he’s been elevated to the company’s valuable asset."
    },
    {
      "id": 47,
      "model": "흥겨운마리아치조직원",
      "teller": "Mariachi Alegre",
      "title": "Los Mariachis",
      "content": "What a fine performance. You wish to get to the top floor, right?"
    },
    {
      "id": 48,
      "model": "경쾌한마리아치조직원",
      "teller": "Mariachi Vivaz",
      "title": "Los Mariachis",
      "content": "You may pass. You have earned the right."
    },
    {
      "id": 49,
      "model": "흥겨운마리아치조직원",
      "teller": "Mariachi Alegre",
      "title": "Los Mariachis",
      "content": "Be warned, though, the folks upstairs won’t be as reasonable. They have no concept of festivity in their heads."
    },
    {
      "id": 50,
      "content": "Sinclair came back to us with an invigorated look."
    },
    {
      "id": 51,
      "model": "싱클레어",
      "content": "The things welling up inside me… This is what it was about."
    },
    {
      "id": 52,
      "model": "싱클레어",
      "content": "It makes me wonder why I thought it would be hard. I feel much more comfortable now."
    },
    {
      "id": 53,
      "content": "I was curious to know the inner struggle he’d expressed through dance that had touched the Syndicate to their core."
    },
    {
      "id": 54,
      "content": "And what kind of hardship a young gentleman like him could have gone through…"
    },
    {
      "id": 55,
      "content": "But those questions could wait; for now, we headed upstairs to the third floor."
    }
  ]
}