{
  "dataList": [
    {
      "id": 0,
      "place": "Aboard Mephistopheles",
      "content": "The sun is almost set, leaving the bus to be shrouded in dusk."
    },
    {
      "id": 1,
      "model": "카론",
      "content": "… … ……"
    },
    {
      "id": 2,
      "content": "Charon’s humming a song while driving."
    },
    {
      "id": 3,
      "content": "I found myself singing along in my head to that strangely familiar tune."
    },
    {
      "id": 4,
      "model": "베르길리우스",
      "content": "The most beautiful of performances are born from broken and ruined things. Ironic, the way the world works."
    },
    {
      "id": 5,
      "content": "Vergilius spoke, having noticed that I was looking at the driver’s seat."
    },
    {
      "id": 6,
      "model": "베르길리우스",
      "content": "Alas, they have not the privilege to fully appreciate the glee of their own music… Oh, how unjust that is."
    },
    {
      "id": 7,
      "model": "단테",
      "content": "<……>"
    },
    {
      "id": 8,
      "model": "베르길리우스",
      "content": "Charon, you look like you’re in a good mood today."
    },
    {
      "id": 9,
      "content": "Charon nodded."
    },
    {
      "id": 10,
      "model": "카론",
      "content": "Mhm, joy brings out singing."
    },
    {
      "id": 11,
      "model": "베르길리우스",
      "content": "I see."
    },
    {
      "id": 12,
      "model": "베르길리우스",
      "content": "Although…"
    },
    {
      "id": 13,
      "model": "베르길리우스",
      "content": "As far as I remember, you would often hum that song when you felt down."
    },
    {
      "id": 14,
      "model": "카론",
      "content": "Charon has no such memories."
    },
    {
      "id": 15,
      "model": "카론",
      "content": "Charon sings when she’s happy."
    },
    {
      "id": 16,
      "content": "Vergilius’s eyes seemed to well with a subdued shade of dark."
    },
    {
      "id": 17,
      "content": "The kind of hue that would be picked right away if one wanted to express solitude as a color."
    },
    {
      "id": 18,
      "content": "But it only lasted for a brief moment…"
    },
    {
      "id": 19,
      "content": "So I decided to dismiss it as the vivid sunset playing tricks with the light."
    },
    {
      "id": 20,
      "model": "베르길리우스",
      "content": "…The world Charon hums now is one that lacks sound and color."
    },
    {
      "id": 21,
      "model": "베르길리우스",
      "content": "She’s going through a long tunnel with no exit in sight."
    },
    {
      "id": 22,
      "content": "I’m sure that, just like the history of my own life that I’ve forgotten…"
    },
    {
      "id": 23,
      "content": "Charon and Vergilius must have their own threads of cruel reminders."
    },
    {
      "id": 24,
      "model": "베르길리우스",
      "content": "Ah, pardon me. I believe that’s enough of personal stories, Dante."
    },
    {
      "id": 25,
      "model": "베르길리우스",
      "content": "Your work is to manage your crew, not befriend this old guide."
    },
    {
      "id": 26,
      "content": "When I looked at his face again, that momentary hint of sadness had fleeted, replaced with a faint smile."
    },
    {
      "id": 27,
      "content": "I gave him a few nods, then turned around to check on the Sinners."
    },
    {
      "id": 28,
      "content": "Our bus passengers have had lifted spirits for a while now."
    },
    {
      "id": 29,
      "content": "It helped that they did what they were assembled for and secured a Golden Bough for the first time."
    },
    {
      "id": 30,
      "content": "All the Sinners were busy talking about their exploits in J Corp’s District."
    },
    {
      "id": 31,
      "model": "로쟈",
      "content": "You should’ve seen me show that card right there. Seriously, that was a real highlight~"
    },
    {
      "id": 32,
      "model": "그레고르",
      "content": "…I’m starting to get sick of hearing the same story for the seventh time in a row, so let me change the subject: Where are we going this time?"
    },
    {
      "id": 33,
      "model": "베르길리우스",
      "content": "This time… we’re headed to K Corp’s Nest."
    },
    {
      "id": 34,
      "model": "히스클리프",
      "content": "District 11, eh? Job’s taking me to all sorts of places I’d never have thought to visit."
    },
    {
      "id": 35,
      "model": "돈키호테",
      "content": "‘Tis home to another great individual! And you are certain to find a souvenir shop there! I’ve always yearned for a limited-edition figurine set!"
    },
    {
      "id": 36,
      "model": "로쟈",
      "content": "Ooo~ Didn’t it also have a restaurant chain famous for its hamburg steak?"
    },
    {
      "id": 37,
      "model": "오티스",
      "content": "Huff… Life has gotten much easier these days, hasn’t it? Back in my marching days, all I had was a pinch of salt in my mouth."
    },
    {
      "id": 38,
      "model": "이스마엘",
      "content": "I know, right? The only food I could swallow during my voyage was canned soup that tasted like iron."
    },
    {
      "id": 39,
      "model": "로쟈",
      "content": "…C-Can’t wait to try the steak~ Right, Ryōshū?"
    },
    {
      "id": 40,
      "model": "료슈",
      "content": "Well, imagining the variances in blood-color by region does make me salivate."
    },
    {
      "id": 41,
      "model": "로쟈",
      "content": "Ugh… Can’t discuss anything with you. Hey, kiddo! What do you wanna eat?"
    },
    {
      "id": 42,
      "model": "싱클레어",
      "content": "……"
    },
    {
      "id": 43,
      "content": "Looking for someone to share tales with and have a sensible conversation, Rodya naturally turned to Sinclair."
    },
    {
      "id": 44,
      "content": "However…"
    },
    {
      "id": 45,
      "model": "로쟈",
      "content": "Sinclair?"
    },
    {
      "id": 46,
      "model": "로쟈",
      "content": "Wha—?! Gosh, golly what’s wrong?"
    },
    {
      "id": 47,
      "model": "뫼르소",
      "content": "He’s turned pale. He’s also suffering from hyperventilation and tremors."
    },
    {
      "id": 48,
      "model": "단테",
      "content": "<H—How long has he been like this?>"
    },
    {
      "id": 49,
      "model": "뫼르소",
      "content": "Ever since Mister Vergilius mentioned K Corp."
    },
    {
      "id": 50,
      "model": "단테",
      "content": "<Why didn’t you tell me earlier?>"
    },
    {
      "id": 51,
      "model": "뫼르소",
      "content": "…Because you did not order me to do so."
    },
    {
      "id": 52,
      "content": "Meursault stared at me like I was at fault for not doing the obvious."
    },
    {
      "id": 53,
      "model": "싱클레어",
      "content": "I… I just got an upset stomach. Sorry."
    },
    {
      "id": 54,
      "model": "로쟈",
      "content": "Really sure you’re okay…?"
    },
    {
      "id": 55,
      "model": "단테",
      "content": "<Now that I think about it…>"
    },
    {
      "id": 56,
      "model": "단테",
      "content": "<Faust, I’m noticing a trend where one of us has visceral reactions to the destinations that Vergilius reveals.>"
    },
    {
      "id": 57,
      "model": "단테",
      "content": "<Additionally, when we arrive, it turns out that the place does have a history with the person in question.>"
    },
    {
      "id": 58,
      "model": "단테",
      "content": "<Does that have something to do with the reason we joined the company?>"
    },
    {
      "id": 59,
      "model": "파우스트",
      "content": "…You just referred to the team as “we”."
    },
    {
      "id": 60,
      "model": "단테",
      "content": "<Huh?>"
    },
    {
      "id": 61,
      "model": "파우스트",
      "content": "It’s a part of my mission to detect the slightest of changes."
    },
    {
      "id": 62,
      "model": "파우스트",
      "content": "As for your question, while I can’t tell you the reasons for recruiting the Sinners in detail…"
    },
    {
      "id": 63,
      "model": "파우스트",
      "content": "There’d be no point in denying that our destinations and the backgrounds of each Sinner are indeed related to a degree."
    },
    {
      "id": 64,
      "model": "히스클리프",
      "content": "…Do all uppish snobs have some condition that makes them yap on and on about things that can be answered with a plain yes or no?"
    },
    {
      "id": 65,
      "model": "파우스트",
      "content": "Hysteron proteron isn’t always correct. Faust simply adopts the most effective mode of communication for the given situation."
    },
    {
      "id": 66,
      "model": "히스클리프",
      "content": "Hyst… Hysterowhat?"
    },
    {
      "id": 67,
      "model": "파우스트",
      "content": "…It means that you’re struggling to understand Faust because you’re too uneducated, not that Faust is overeducated."
    },
    {
      "id": 68,
      "model": "히스클리프",
      "content": "Why you…!"
    },
    {
      "id": 69,
      "model": "싱클레어",
      "content": "Euhgk…"
    },
    {
      "id": 70,
      "content": "Just as Heathcliff approached Faust with his bat shaking in fury…"
    },
    {
      "id": 71,
      "content": "Sinclair suddenly started throwing up on the floor."
    },
    {
      "id": 72,
      "content": "The bus finally quieted down after that."
    }
  ]
}