{
    "dataList": [
        {
            "id": 0,
            "place": "Nest K - LC Branch Interior",
            "model": "단테",
            "content": "<Looks like we're almost there.>"
        },
        {
            "id": 1,
            "model": "단테",
            "content": "<I can sense the Golden Bough resonating nearby.>"
        },
        {
            "id": 2,
            "model": "파우스트",
            "content": "...It appears we're nearing the target location."
        },
        {
            "id": 3,
            "model": "동랑",
            "teller": "Dongrang",
            "title": "K Corp. Dept. of Food Resource Development",
            "content": "That's good. The photos and awards I left should be still there."
        },
        {
            "id": 4,
            "model": "삼조",
            "teller": "Samjo",
            "title": "K Corp. Dept. of Food Resource Development",
            "content": "Classified research documents as well, Mr. Dongrang."
        },
        {
            "id": 5,
            "model": "이상",
            "content": "……"
        },
        {
            "id": 6,
            "content": "Yi Sang picks up an ampule Shrenne dropped from the floor and carefully examines it."
        },
        {
            "id": 7,
            "model": "동랑",
            "teller": "Dongrang",
            "title": "K Corp. Dept. of Food Resource Development",
            "content": "How kind of you. You didn't have to pick it up."
        },
        {
            "id": 8,
            "model": "이상",
            "content": "...It's the same."
        },
        {
            "id": 9,
            "model": "이상",
            "content": "This regeneration ampule..."
        },
        {
            "id": 10,
            "model": "이상",
            "content": "Its number abides by the same rule as the 'decay ampules' that was forcibly administered to Miss Ishmael in the earlier scuffle between K Corp's brawlers and invading machines."
        },
        {
            "id": 11,
            "model": "삼조",
            "teller": "Samjo",
            "title": "K Corp. Dept. of Food Resource Development",
            "content": "That's what's called a serial code. It's a unique string of numbers to categorize ampules. Ones that start with an \"O\" are original- Wait, why am I explaining this, again?"
        },
        {
            "id": 12,
            "model": "이상",
            "content": "Original... Identical to the 'decay ampule' injected to Miss Ishmael... So it suggests that its essence was no different from that of the regeneration ampule."
        },
        {
            "id": 13,
            "model": "동랑",
            "teller": "Dongrang",
            "title": "K Corp. Dept. of Food Resource Development",
            "content": "This series of regeneration ampule is, well, how do I say it... It's an undiluted solution. It's not exactly like the commercially available ones."
        },
        {
            "id": 14,
            "model": "이상",
            "content": "……"
        },
        {
            "id": 15,
            "model": "동랑",
            "teller": "Dongrang",
            "title": "K Corp. Dept. of Food Resource Development",
            "content": "What are you thinking right now?"
        },
        {
            "id": 16,
            "model": "이상",
            "content": "Nothing."
        },
        {
            "id": 17,
            "model": "동랑",
            "teller": "Dongrang",
            "title": "K Corp. Dept. of Food Resource Development",
            "content": "When did you first recognize me?"
        },
        {
            "id": 18,
            "model": "이상",
            "content": "Since you showed us the chickens in captivity."
        },
        {
            "id": 19,
            "model": "이상",
            "content": "It would have sufficed to give your visitors a cursory tour, yet you insisted on showing your personal laboratory..."
        },
        {
            "id": 20,
            "model": "동랑",
            "teller": "Dongrang",
            "title": "K Corp. Dept. of Food Resource Development",
            "content": "You're right. I don't know about the others, but I wanted you to see the demonstrable proof of my success."
        },
        {
            "id": 21,
            "model": "동랑",
            "teller": "Dongrang",
            "title": "K Corp. Dept. of Food Resource Development",
            "content": "I'm still sad, though. You probably had plenty of time to express your joy of reuniting with this old friend of yours."
        },
        {
            "id": 22,
            "model": "이상",
            "content": "It is my thought that I no longer have companions by my side."
        },
        {
            "id": 23,
            "model": "동랑",
            "teller": "Dongrang",
            "title": "K Corp. Dept. of Food Resource Development",
            "content": "You haven't changed."
        },
        {
            "id": 24,
            "model": "동랑",
            "teller": "Dongrang",
            "title": "K Corp. Dept. of Food Resource Development",
            "content": "You've always enjoyed keeping precious things in bottles and watching them."
        },
        {
            "id": 25,
            "model": "이상",
            "content": "And you were intent on releasing and showing them."
        },
        {
            "id": 26,
            "model": "돈키호테",
            "content": "Didst thou say \"companions\"? I must say, Yi Sang, many reunions with thy companions do await thee in this journey!"
        },
        {
            "id": 27,
            "model": "돈키호테",
            "content": "In an expedition past, the, err...one wearing a tinted eyewear did confront thee!"
        },
        {
            "id": 28,
            "model": "동랑",
            "teller": "Dongrang",
            "title": "K Corp. Dept. of Food Resource Development",
            "content": "……"
        },
        {
            "id": 29,
            "model": "동랑",
            "teller": "Dongrang",
            "title": "K Corp. Dept. of Food Resource Development",
            "content": "Aha. So you already had a reunion to celebrate. No wonder you're being so detached with me."
        },
        {
            "id": 30,
            "model": "동랑",
            "teller": "Dongrang",
            "title": "K Corp. Dept. of Food Resource Development",
            "content": "How troubling for you, though."
        },
        {
            "id": 31,
            "model": "동랑",
            "teller": "Dongrang",
            "title": "K Corp. Dept. of Food Resource Development",
            "content": "Looks like there'll be another you have to face."
        },
        {
            "id": 32,
            "model": "단테",
            "content": "<What do you mean?>"
        },
        {
            "id": 33,
            "model": "동랑",
            "teller": "Dongrang",
            "title": "K Corp. Dept. of Food Resource Development",
            "content": "I thought everyone had made their escape thanks to Shrenne's snitching..."
        },
        {
            "id": 34,
            "model": "동랑",
            "teller": "Dongrang",
            "title": "K Corp. Dept. of Food Resource Development",
            "content": "But I suppose that wasn't the case."
        },
        {
            "id": 35,
            "content": "Someone walks in, exuding a suffocatingly thick scent of flowers."
        },
        {
            "id": 36,
            "content": "Holding a bright golden branch in her hand, an object now familiar to me."
        },
        {
            "id": 37,
            "content": "She had a worn monochrome photograph in her other hand."
        },
        {
            "id": 38,
            "model": "동백",
            "teller": "???",
            "title": "???",
            "content": "It's a fine photograph. Only one of this shot remains in this world now."
        },
        {
            "id": 39,
            "model": "동랑",
            "teller": "Dongrang",
            "title": "K Corp. Dept. of Food Resource Development",
            "content": "So many old friends, and not one to greet me with delight."
        },
        {
            "id": 40,
            "model": "동랑",
            "teller": "Dongrang",
            "title": "K Corp. Dept. of Food Resource Development",
            "content": "Won't you give that picture back to me? It may not look like it, but it's a cherished treasure of mine."
        },
        {
            "id": 41,
            "model": "삼조",
            "teller": "Samjo",
            "title": "K Corp. Dept. of Food Resource Development",
            "content": "Mr. Dongrang, you shouldn't get close to her! It's dangerous!"
        },
        {
            "id": 42,
            "model": "오티스",
            "content": "All troops, do not carelessly approach her! The Golden Bough may be destroyed..."
        },
        {
            "id": 43,
            "model": "뫼르소",
            "content": "I agree with it."
        },
        {
            "id": 44,
            "model": "파우스트",
            "content": "Faust will come up with a way to retrieve it in no time."
        },
        {
            "id": 45,
            "model": "히스클리프",
            "content": "Tch, why do we keep running into problems that a good pummeling can't solve! This is right infuriating..."
        },
        {
            "id": 46,
            "content": "Everyone yells and shouts with their own goal in mind."
        },
        {
            "id": 47,
            "content": "Regardless of the noise, the person with the Golden Bough steadily walks this way."
        },
        {
            "id": 48,
            "content": "However, instead of going for Dongrang..."
        },
        {
            "id": 49,
            "model": "동백",
            "teller": "???",
            "title": "???",
            "content": "That piquant and fragrant smell made me feel as though the ground was sinking."
        },
        {
            "id": 50,
            "model": "이상",
            "content": "…!"
        },
        {
            "id": 51,
            "content": "She plunged the Golden Bough in her hand into Yi Sang's chest..."
        },
        {
            "id": 52,
            "content": "And Yi Sang collapses on the ground."
        },
        {
            "id": 53,
            "model": "동백",
            "teller": "???",
            "title": "???",
            "content": "I...didn't think you would end up choosing him before my eyes."
        },
        {
            "id": 54,
            "model": "단테",
            "content": "<Yi Sang!>"
        },
        {
            "id": 55,
            "model": "동백",
            "teller": "???",
            "title": "???",
            "content": "You can have this back."
        },
        {
            "id": 56,
            "model": "동백",
            "teller": "Dongbaek",
            "title": "???",
            "content": "A photograph is nothing more than a taxidermied moment."
        },
        {
            "id": 57,
            "content": "Even while drenched in blood, the Golden Bough still glows."
        },
        {
            "id": 58,
            "content": "Contrasting the golden dazzle..."
        },
        {
            "id": 59,
            "content": "The faded monochrome photograph slowly falls to the floor."
        }
    ]
}