{
  "dataList": [
    {
      "id": 0,
      "place": "Backstreets of District 10",
      "model": "히스클리프",
      "content": "Dammit, they just won’t stop coming!"
    },
    {
      "id": 1,
      "model": "히스클리프",
      "content": "We’ll all wear our lives out before we can even take a step inside the casino."
    },
    {
      "id": 2,
      "model": "홍루",
      "content": "Don’t fret, Heathcliff. As long as the manager is with us, we won’t die from fatigue or other things—"
    },
    {
      "id": 3,
      "model": "히스클리프",
      "content": "That’s NOT the point at ALL! #@$@#$!!!"
    },
    {
      "id": 4,
      "model": "뫼르소",
      "content": "The solution is simple: Any organization can be brought down by deposing its leader; with the head gone, the meat supporting it will break apart."
    },
    {
      "id": 5,
      "model": "히스클리프",
      "content": "You. You’re the only one speaking my tongue here."
    },
    {
      "id": 6,
      "model": "히스클리프",
      "content": "I’m proper miffed, so let’s go break some bones, head, whatever."
    },
    {
      "id": 7,
      "model": "돈키호테",
      "content": "Hence, onward we travail!"
    },
    {
      "id": 8,
      "model": "에피",
      "teller": "Effie",
      "title": "LCCB",
      "content": "Wait! Come back here!"
    },
    {
      "id": 9,
      "model": "에피",
      "teller": "Effie",
      "title": "LCCB",
      "content": "…This is the crowd you’re supposed to accompany, Faust?"
    },
    {
      "id": 10,
      "model": "파우스트",
      "content": "Life is full of mysteries."
    },
    {
      "id": 11,
      "model": "이상",
      "content": "That, perhaps, is what makes it an ideal reflection, no?"
    },
    {
      "id": 12,
      "model": "히스클리프",
      "content": "Tell me where your gaffer is! I wanna see ‘im, now!"
    },
    {
      "id": 13,
      "content": "Heathcliff grabbed a mook by the collar and shook it about violently. To me, it looked as if anything still conscious had left already."
    },
    {
      "id": 14,
      "content": "…And maybe even more than that."
    },
    {
      "id": 15,
      "model": "세보이고싶었던콩콩파조직원",
      "teller": "Chest-puffing Tingtanger",
      "title": "Tingtang Gang",
      "content": "The sea heart… is gonna be at the car pagoda…"
    },
    {
      "id": 16,
      "model": "히스클리프",
      "content": "The what? Where the hell is that?! Make sense!"
    },
    {
      "id": 17,
      "model": "에피",
      "teller": "Effie",
      "title": "LCCB",
      "content": "It’s probably the scrapyard nearby."
    },
    {
      "id": 18,
      "model": "에피",
      "teller": "Effie",
      "title": "LCCB",
      "content": "Really though, are you actually planning to take down the gang’s boss?"
    },
    {
      "id": 19,
      "model": "에피",
      "teller": "Effie",
      "title": "LCCB",
      "content": "That won’t be reflected in your employee performance review or anything, you know?"
    },
    {
      "id": 20,
      "model": "이스마엘",
      "content": "He’s not sharp enough to calculate such things into his actions."
    },
    {
      "id": 21,
      "model": "오티스",
      "content": "He’s waste, bearing little relation to schemes or plots. On the other hand, he flirts closely with nonsense."
    },
    {
      "id": 22,
      "model": "소드",
      "teller": "Saude",
      "title": "LCCB",
      "content": "No… I do think that makes sense."
    },
    {
      "id": 23,
      "model": "소드",
      "teller": "Saude",
      "title": "LCCB",
      "content": "Nothing to worry about, Effie. We always keep a Plan B, don’t we?"
    },
    {
      "id": 24,
      "content": "Saude spoke with a serene face."
    },
    {
      "id": 25,
      "content": "However, I could see her consciously trying to maintain calm from time to time, giving me reason to suspect that she’s putting on a veil of kindness."
    },
    {
      "id": 26,
      "model": "소드",
      "teller": "Saude",
      "title": "LCCB",
      "content": "If disguising as your given roles is out of the question…"
    },
    {
      "id": 27,
      "model": "소드",
      "teller": "Saude",
      "title": "LCCB",
      "content": "You can all get up as members of the Tingtang Gang instead."
    },
    {
      "id": 28,
      "model": "소드",
      "teller": "Saude",
      "title": "LCCB",
      "content": "That way, you won’t arouse much suspicion moving in a large group, and you’ll be able to reach the top floor without much trouble."
    },
    {
      "id": 29,
      "model": "소드",
      "teller": "Saude",
      "title": "LCCB",
      "content": "And we could siphon some wishpower from the Tingtang Gang while we’re at it."
    }
  ]
}