{
  "dataList": [
    {
      "id": 0,
      "place": "Aboard Mephistopheles",
      "model": "로쟈",
      "content": "Bweh… Greg, you know those pals?"
    },
    {
      "id": 1,
      "model": "그레고르",
      "content": "Huh? Gimme a break… There’s no way I’d know someone in this corner of the Backstreets―"
    },
    {
      "id": 2,
      "content": "Gregor’s face goes dark the moment he looks out the window."
    },
    {
      "id": 3,
      "model": "단테",
      "content": "<…Bug heads?>"
    },
    {
      "id": 4,
      "content": "Unlike the other miscreants we’ve run into, they were part insectoid."
    },
    {
      "id": 5,
      "model": "로쟈",
      "content": "Gosh… Dante, thank goodness your head’s shaped like a clock. I would’ve gagged if my manager was a huge bug."
    },
    {
      "id": 6,
      "model": "이스마엘",
      "content": "Isn’t that… the same type of augmentation you have, Gregor?"
    },
    {
      "id": 7,
      "model": "히스클리프",
      "content": "They stitch disgusting insect heads to their necks on purpose?"
    },
    {
      "id": 8,
      "model": "그레고르",
      "content": "You’d better stay away. Wouldn’t want to catch the pest, ‘ne?"
    },
    {
      "id": 9,
      "model": "싱클레어",
      "content": "Eek, is that true?!"
    },
    {
      "id": 10,
      "model": "그레고르",
      "content": "Just a joke… Does my sense of humor not fly with kids your age?"
    },
    {
      "id": 11,
      "content": "While Gregor was left scratching his head, the bus made a languishing sound and came to a slow, deflating halt."
    },
    {
      "id": 12,
      "model": "파우스트",
      "content": "In the past, G Corp. had procedures on most employees to give them biomimetic weapons like the one Gregor has."
    },
    {
      "id": 13,
      "model": "이스마엘",
      "content": "You used to work for the old G Corp, Gregor? That company must’ve been…"
    },
    {
      "id": 14,
      "content": "Ishmael frowned as if she remembered something unpleasant, but didn’t speak further."
    },
    {
      "id": 15,
      "content": "Gregor wore a smile on his mouth, but his hardened eyes were resting downcast, just as a moment ago."
    },
    {
      "id": 16,
      "model": "홍루",
      "content": "I wonder, where do people like them sleep at night?"
    },
    {
      "id": 17,
      "model": "베르길리우스",
      "content": "For many, the sky is the roof over their head, and the stars are their firelight."
    },
    {
      "id": 18,
      "model": "홍루",
      "content": "Aha, so they’re the poetic sort!"
    },
    {
      "id": 19,
      "model": "단테",
      "content": "<I don’t think that’s what he meant…>"
    },
    {
      "id": 20,
      "model": "베르길리우스",
      "content": "And, unless my eyes deceive me, they’re intent on obstructing our journey."
    },
    {
      "id": 21,
      "model": "베르길리우스",
      "content": "Aren’t you going to get off, Gregor?"
    },
    {
      "id": 22,
      "model": "그레고르",
      "content": "Care to explain why you’re calling my name specifically?"
    },
    {
      "id": 23,
      "model": "베르길리우스",
      "content": "Who knows. I don’t feel like rambling about someone else’s past with my own tongue."
    },
    {
      "id": 24,
      "model": "베르길리우스",
      "content": "Take the lead, Gregor. You know the reason."
    },
    {
      "id": 25,
      "model": "그레고르",
      "content": "…You’re one nasty fellow."
    },
    {
      "id": 26,
      "place": "Some Backstreets of District 4",
      "content": "A group of soldiers with the heads of insects gathered near the bus."
    },
    {
      "id": 27,
      "model": "그레고르",
      "content": "Bah… I’m not too fond of being in the vanguard."
    },
    {
      "id": 28,
      "model": "화난패잔병",
      "teller": "Fiery Veteran",
      "title": "???",
      "content": "What are you? Why does your arm look like ours?"
    },
    {
      "id": 29,
      "model": "의아한패잔병",
      "teller": "Puzzled Veteran",
      "title": "???",
      "content": "Hold on… I’ve seen that face before."
    },
    {
      "id": 30,
      "model": "그레고르",
      "content": "…Mostly on flyers and magazine covers, I’d bet."
    },
    {
      "id": 31,
      "model": "단테",
      "content": "<Gregor? Do you know them from somewhere?>"
    },
    {
      "id": 32,
      "model": "이스마엘",
      "content": "…Not really important right now, Manager. Don’t think we have the time for reminiscing."
    },
    {
      "id": 33,
      "model": "화난패잔병",
      "teller": "Fiery Veteran",
      "title": "???",
      "content": "That arm bothers me… But, whatever. Point is, I can’t let you through."
    },
    {
      "id": 34,
      "model": "단테",
      "content": "<Is that so. I suppose we can’t talk this out…>"
    },
    {
      "id": 35,
      "model": "로쟈",
      "content": "Why are they showing their buggy sides out in the open, anyway?"
    },
    {
      "id": 36,
      "model": "로쟈",
      "content": "They’d make kids cry. Really ought to take some concealing lessons from our Greg over here, right?"
    },
    {
      "id": 37,
      "model": "그레고르",
      "content": "I’m a special case. The procedure makes those “buggy” parts grow on the head most of the time."
    },
    {
      "id": 38,
      "model": "그레고르",
      "content": "Although… I’m not sure if I’d consider myself lucky."
    },
    {
      "id": 39,
      "model": "유리",
      "teller": "Yuri",
      "title": "Grade 8 Fixer",
      "content": "It feels like they’re trying to stop us from getting to the branch facility for some reason."
    },
    {
      "id": 40,
      "model": "로쟈",
      "content": "Are they after the Golden Bough too?"
    },
    {
      "id": 41,
      "model": "베르길리우스2",
      "teller": "Vergilius",
      "content": "Maybe so."
    },
    {
      "id": 42,
      "model": "베르길리우스2",
      "teller": "Vergilius",
      "content": "There ought to be many that are after the essence."
    },
    {
      "id": 43,
      "model": "베르길리우스2",
      "teller": "Vergilius",
      "content": "…And I’m sure each has their own wishes. Isn’t that true?"
    },
    {
      "id": 44,
      "model": "그레고르",
      "content": "What’s that look for? I haven’t got a clue, either."
    }
  ]
}