{
  "dataList": [
    {
      "id": 0,
      "place": "Casino Entrance",
      "model": "돈키호테",
      "content": "Ohh…? Come hither, fellows, and lend me your gazes!"
    },
    {
      "id": 1,
      "model": "싱클레어",
      "content": "…What is all this?"
    },
    {
      "id": 2,
      "model": "이상",
      "content": "Cars are heaped upon each other as if to form a tower."
    },
    {
      "id": 3,
      "model": "뫼르소",
      "content": "Sombre."
    },
    {
      "id": 4,
      "content": "The structures that seemed towerlike at a distance were actually cars stacked upon each other."
    },
    {
      "id": 5,
      "model": "싱클레어",
      "content": "Why are so many piled up like this…?"
    },
    {
      "id": 6,
      "model": "돈키호테",
      "content": "Oho, some have scripts upon their wind-shields! It must have been their families’ writing!"
    },
    {
      "id": 7,
      "model": "싱클레어",
      "content": "This one says… “I miss you.” The owners… are coming back soon for them, right…?"
    },
    {
      "id": 8,
      "model": "로쟈",
      "content": "Not a chance."
    },
    {
      "id": 9,
      "model": "로쟈",
      "content": "Even if they did return from the casino, they wouldn’t be in the right state to happily reunite with their loving families~"
    },
    {
      "id": 10,
      "model": "오티스",
      "content": "……"
    },
    {
      "id": 11,
      "model": "소드",
      "teller": "Saude",
      "title": "LCCB",
      "content": "Well… To play the auxiliary role of your tour guide, this here is the hidden landmark of the street."
    },
    {
      "id": 12,
      "model": "에피",
      "teller": "Effie",
      "title": "LCCB",
      "content": "The bitter end of gamblers."
    },
    {
      "id": 13,
      "model": "소드",
      "teller": "Saude",
      "title": "LCCB",
      "content": "And this served as a stepping stone for the Tingtang Gang to amass wealth and power by dealing used cars."
    },
    {
      "id": 14,
      "model": "그레고르",
      "content": "So Rodya, you’ve been to places like this pretty often, right? Got anything to add? Bet you could tell us some pretty interesting trivia."
    },
    {
      "id": 15,
      "model": "로쟈",
      "content": "Gah~ Dunno, dunno. Don’t ‘member a thing. I decided to forget all about the past and focus on what’s in front."
    },
    {
      "id": 16,
      "model": "로쟈",
      "content": "…And I would be able to keep to that self-promise if not for irritants like them. Heh."
    },
    {
      "id": 17,
      "model": "콩을싫어하는콩콩파조직원",
      "teller": "Bean-hating Tingtanger",
      "title": "Tingtang Gang",
      "content": "Oi, bohnen! Who do ya think you are to goof around our turf?"
    },
    {
      "id": 18,
      "model": "콩을싫어하는콩콩파조직원",
      "teller": "Bean-hating Tingtanger",
      "title": "Tingtang Gang",
      "content": "Or what, ya here to sell ya car?"
    },
    {
      "id": 19,
      "model": "돈키호테",
      "content": "Nay! We mount an omnibus!"
    },
    {
      "id": 20,
      "model": "콩을싫어하는콩콩파조직원",
      "teller": "Bean-hating Tingtanger",
      "title": "Tingtang Gang",
      "content": "We don’t deal in organs, though? Hmm, well, I guess a pair of eyes with pupils as specially-colored as yours might sell…"
    },
    {
      "id": 21,
      "model": "돈키호테",
      "content": "So we have come to the right place! We are here for your leader!"
    },
    {
      "id": 22,
      "model": "콩을싫어하는콩콩파조직원",
      "teller": "Bean-hating Tingtanger",
      "title": "Tingtang Gang",
      "content": "Ya pretty bold in facing a gang. Who do ya work for?"
    },
    {
      "id": 23,
      "model": "돈키호테",
      "content": "We serve under Limb—!"
    },
    {
      "id": 24,
      "model": "돈키호테",
      "content": "Kehm…"
    },
    {
      "id": 25,
      "content": "An awkward silence passed."
    },
    {
      "id": 26,
      "model": "콩을싫어하는콩콩파조직원",
      "teller": "Bean-hating Tingtanger",
      "title": "Tingtang Gang",
      "content": "I asked you a question! Don’t stop midway!"
    }
  ]
}