{
  "dataList": [
    {
      "id": 0,
      "place": "Aboard Mephistopheles",
      "model": "이스마엘",
      "content": "Give me a second."
    },
    {
      "id": 1,
      "model": "파우스트",
      "content": "What is it?"
    },
    {
      "id": 2,
      "model": "이스마엘",
      "content": "I joined this company because I was told that I’ll be able to advance my career without slowing down."
    },
    {
      "id": 3,
      "model": "이스마엘",
      "content": "But right now… it’s nothing but meaningless violence, like we’re Rats or something."
    },
    {
      "id": 4,
      "model": "돈키호테",
      "content": "I object to its meaninglessness! Those were evildoers who attacked us!"
    },
    {
      "id": 5,
      "model": "이스마엘",
      "content": "Please, just—be quiet for a moment."
    },
    {
      "id": 6,
      "model": "이스마엘",
      "content": "…Anyway, if all we’re gonna do is beat up people under orders like hired thugs, I’ll have to consider changing jobs sooner or later."
    },
    {
      "id": 7,
      "model": "파우스트",
      "content": "Haven’t you read your contract?"
    },
    {
      "id": 8,
      "model": "파우스트",
      "content": "…Resignation is not permitted."
    },
    {
      "id": 9,
      "model": "이스마엘",
      "content": "…Do you think the contract has any sway if it’s based on lies?"
    },
    {
      "id": 10,
      "model": "파우스트",
      "content": "Of course it does."
    },
    {
      "id": 11,
      "model": "파우스트",
      "content": "There were no lies on it."
    },
    {
      "id": 12,
      "model": "이스마엘",
      "content": "…Huh?"
    },
    {
      "id": 13,
      "model": "파우스트",
      "content": "You didn’t think Mephistopheles was built to be a mere means of transportation, did you?"
    },
    {
      "id": 14,
      "model": "카론",
      "content": "Mephi is always hungry. It keeps crying."
    },
    {
      "id": 15,
      "model": "단테",
      "content": "<The bus gets hungry?>"
    },
    {
      "id": 16,
      "model": "파우스트",
      "content": "When the engine “ingests” fuel, it yields a byproduct…"
    },
    {
      "id": 17,
      "model": "파우스트",
      "content": "Using that, you can grow more powerful."
    },
    {
      "id": 18,
      "model": "파우스트",
      "content": "I’m sure Yi Sang knows this well. When all possibilities are drawn from the mirror…"
    },
    {
      "id": 19,
      "model": "이상",
      "content": "There is no limit to one’s growth."
    },
    {
      "id": 20,
      "model": "이상",
      "content": "Is the self in the mirror my reflection, or another being entirely?"
    },
    {
      "id": 21,
      "model": "단테",
      "content": "<Possibilities…? You draw what, exactly?>"
    }
  ]
}