{
    "dataList": [
        {
            "id": 0,
            "place": "Ruined K Corp. Laboratory Hallway",
            "model": "뫼르소",
            "content": "I've returned."
        },
        {
            "id": 1,
            "model": "뫼르소",
            "content": "There was one message in Shrenne's mailbox that was deemed worth reading."
        },
        {
            "id": 2,
            "model": "뫼르소",
            "content": "The environment did not permit me to print it out, so I memorized the mail's content."
        },
        {
            "id": 3,
            "model": "뫼르소",
            "content": "'I hope you're doing well, Miss Ran. Open parenthesis, star, tear, tear, swung dash, caret, caret... closed parenthesis.'"
        },
        {
            "id": 4,
            "model": "단테",
            "content": "<Y-You can skip those parts...>"
        },
        {
            "id": 5,
            "model": "뫼르소",
            "content": "Understood. I will then dispense with punctuation marks that do not appear important."
        },
        {
            "id": 6,
            "model": "뫼르소",
            "content": "'I've been trying to figure out if what you said was really true, but that sucker is making it hard.'"
        },
        {
            "id": 7,
            "model": "슈렌느",
            "teller": "Shrenne",
            "title": "K Corp. Laboratory",
            "content": "'I've been promoted to team manager too, but I wasn't let in... just because I didn't win that silly \"best\" award.'"
        },
        {
            "id": 8,
            "model": "슈렌느",
            "teller": "Shrenne",
            "title": "K Corp. Laboratory",
            "content": "'And he's now recruited collaborators from the outside, probably to help with whatever he's plotting.'"
        },
        {
            "id": 9,
            "model": "슈렌느",
            "teller": "Shrenne",
            "title": "K Corp. Laboratory",
            "content": "'I heard they're from a newly-found company, and I haven't checked what kind of people they are yet. I bet they're all haughty and arrogant just like their client.'"
        },
        {
            "id": 10,
            "model": "슈렌느",
            "teller": "Shrenne",
            "title": "K Corp. Laboratory",
            "content": "'Still... Still, the plan will proceed as intended.'"
        },
        {
            "id": 11,
            "model": "슈렌느",
            "teller": "Shrenne",
            "title": "K Corp. Laboratory",
            "content": "'We'll succeed... and return to a glorious past.'"
        },
        {
            "id": 12,
            "model": "슈렌느",
            "teller": "Shrenne",
            "title": "K Corp. Laboratory",
            "content": "'To tell you the truth, my most dazzling memory was when I first met you after joining the company.'"
        },
        {
            "id": 13,
            "model": "슈렌느",
            "teller": "Shrenne",
            "title": "K Corp. Laboratory",
            "content": "'But our goal is more ambitious than that.'"
        },
        {
            "id": 14,
            "model": "슈렌느",
            "teller": "Shrenne",
            "title": "K Corp. Laboratory",
            "content": "'So, let's promise to meet again there.'"
        },
        {
            "id": 15,
            "model": "슈렌느",
            "teller": "Shrenne",
            "title": "K Corp. Laboratory",
            "content": "'In a past where no technologies existed, allowing everything that existed to shine brighter.'"
        },
        {
            "id": 16,
            "model": "슈렌느",
            "teller": "Shrenne",
            "title": "K Corp. Laboratory",
            "content": "'There, chickens will freely fly over the meadows, their wings uncut.'"
        },
        {
            "id": 17,
            "model": "슈렌느",
            "teller": "Shrenne",
            "title": "K Corp. Laboratory",
            "content": "'When a person loses their arm, we'll comfort them...'"
        },
        {
            "id": 18,
            "model": "슈렌느",
            "teller": "Shrenne",
            "title": "K Corp. Laboratory",
            "content": "'And learn how to live together even if an arm is missing.'"
        },
        {
            "id": 19,
            "model": "슈렌느",
            "teller": "Shrenne",
            "title": "K Corp. Laboratory",
            "content": "'We may not be able to enjoy sumptuous feasts or conveniences of modern civilization, and we won't have nearly as many resources at our disposal...'"
        },
        {
            "id": 20,
            "model": "슈렌느",
            "teller": "Shrenne",
            "title": "K Corp. Laboratory",
            "content": "'In that vastness... We'll be free to walk all day.'"
        },
        {
            "id": 21,
            "model": "슈렌느",
            "teller": "Shrenne",
            "title": "K Corp. Laboratory",
            "content": "'Oh, I'm planning to bring Fixers from the outside for the plan. My juniors have gotten too used to the ampules.'"
        },
        {
            "id": 22,
            "model": "슈렌느",
            "teller": "Shrenne",
            "title": "K Corp. Laboratory",
            "content": "'If rapid development can only be achieved by means that cause pain and suffering to people...'"
        },
        {
            "id": 23,
            "model": "뫼르소",
            "content": "'Then I'm willing to give up on all the prosperity it brings'."
        },
        {
            "id": 24,
            "model": "뫼르소",
            "content": "'That's all I have to say for now. Yours in haste...'"
        },
        {
            "id": 25,
            "model": "뫼르소",
            "content": "Star, star, heart heart heart."
        },
        {
            "id": 26,
            "model": "히스클리프",
            "content": "You don't have to read all that!"
        },
        {
            "id": 27,
            "model": "뫼르소",
            "content": "There's a possibility that it may have been a sequence or cipher, so I deemed it reasonable to read it out and let the manager determine its significance rather than mull over whether I should dispense with it and discount the possibility that it may be necessary information."
        },
        {
            "id": 28,
            "model": "단테",
            "content": "<Good work...>"
        },
        {
            "id": 29,
            "model": "이스마엘",
            "content": "How ironic."
        },
        {
            "id": 30,
            "model": "이스마엘",
            "content": "I guess it's fortunate for her that she didn't get to see liberation alliance members murdering researchers without mercy..."
        },
        {
            "id": 31,
            "model": "로쟈",
            "content": "She probably believed she was working for a noble cause to end violence until the end of her life..."
        },
        {
            "id": 32,
            "model": "로쟈",
            "content": "But I agree, it was probably best for her that she died holding onto that belief."
        }
    ]
}