{
    "dataList": [
        {
            "id": 0,
            "place": "K Corp. Laboratory - Modification Lab",
            "model": "동랑",
            "teller": "Dongrang",
            "title": "K Corp. Dept. of Food Resource Development",
            "content": "This is where regenerative ampules are made."
        },
        {
            "id": 1,
            "model": "동랑",
            "teller": "Dongrang",
            "title": "K Corp. Dept. of Food Resource Development",
            "content": "They’re publicly called “HP bullets”… but the underlying principle is a nanobot-based medical treatment."
        },
        {
            "id": 2,
            "model": "동랑",
            "teller": "Dongrang",
            "title": "K Corp. Dept. of Food Resource Development",
            "content": "There have been struggles here and there, but at the moment, the ampule I sliiightly modified recently is the most commonly used version."
        },
        {
            "id": 3,
            "model": "히스클리프",
            "content": "So let me get this straight… You’re the one who supplied that? Dammit, do you have any idea how much that made us suffer—"
        },
        {
            "id": 4,
            "model": "이스마엘",
            "content": "We barely managed to crawl over that adversary…"
        },
        {
            "id": 5,
            "model": "동랑",
            "teller": "Dongrang",
            "title": "K Corp. Dept. of Food Resource Development",
            "content": "I’m relieved that none of you seem to have passed away or suffered severe wounds, at the very least."
        },
        {
            "id": 6,
            "model": "동랑",
            "teller": "Dongrang",
            "title": "K Corp. Dept. of Food Resource Development",
            "content": "Ah! That reminds me, I was told companies have different definitions of “death on the job” and the processes of dealing with them. I’m sure Mr. Samjo gave me an explanation on it…"
        },
        {
            "id": 7,
            "model": "그레고르",
            "content": "So, Dongrang, are you… continuing your research on improving those cure-all nanobots?"
        },
        {
            "id": 8,
            "model": "동랑",
            "teller": "Dongrang",
            "title": "K Corp. Dept. of Food Resource Development",
            "content": "Haha, of course not. HP bullets have long been commercialized. My project right now is the improvement of livestock using them."
        },
        {
            "id": 9,
            "model": "이스마엘",
            "content": "Improving… livestock?"
        },
        {
            "id": 10,
            "model": "동랑",
            "teller": "Dongrang",
            "title": "K Corp. Dept. of Food Resource Development",
            "content": "If “cutting” as a concept is reduced to irrelevance… if it becomes limited to a fleeting moment…"
        },
        {
            "id": 11,
            "model": "동랑",
            "teller": "Dongrang",
            "title": "K Corp. Dept. of Food Resource Development",
            "content": "Think about it. We can get an endless supply of high-quality meat."
        },
        {
            "id": 12,
            "model": "동랑",
            "teller": "Dongrang",
            "title": "K Corp. Dept. of Food Resource Development",
            "content": "And it’s not just any meat; the flesh will come from livestock researched and improved with the combined efforts of countless minds… That’s the quality and rarity we’re talking about."
        },
        {
            "id": 13,
            "model": "홍루",
            "content": "It seems…"
        },
        {
            "id": 14,
            "model": "홍루",
            "content": "Dongrang has a love for meat as deep as Rodya’s!"
        },
        {
            "id": 15,
            "model": "동랑",
            "teller": "Dongrang",
            "title": "K Corp. Dept. of Food Resource Development",
            "content": "Hmm… Love, you say? You might be right, if endlessly devoting time and care could be called love."
        },
        {
            "id": 16,
            "model": "히스클리프",
            "content": "Hah. I guess snobby bunches get along well, eh?"
        },
        {
            "id": 17,
            "model": "단테",
            "content": "<Don’t beat up our client, okay, Heathcliff?>"
        },
        {
            "id": 18,
            "model": "히스클리프",
            "content": "Depends on how they behave."
        },
        {
            "id": 19,
            "content": "We see live chickens whose wings and legs are being sliced endlessly. They don’t even struggle, as if they feel no pain."
        },
        {
            "id": 20,
            "model": "그레고르",
            "content": "Hmmm… Is this how nanobots look? All I see is liquid…"
        },
        {
            "id": 21,
            "model": "동랑",
            "teller": "Dongrang",
            "title": "K Corp. Dept. of Food Resource Development",
            "content": "When infinitesimal particles have fluidity, they will look pretty much the same as fluid."
        },
        {
            "id": 22,
            "model": "싱클레어",
            "content": "Ugh… Is it really necessary to go this far for food?"
        },
        {
            "id": 23,
            "model": "히스클리프",
            "content": "This sight is too disgusting to handle for a rich boy who grew up on juicy meat, eh?"
        },
        {
            "id": 24,
            "model": "로쟈",
            "content": "…Kiddo, there are lots of people in the world who’d go any length for a meal."
        },
        {
            "id": 25,
            "model": "싱클레어",
            "content": "No, I mean… This isn’t the same. And my family wouldn’t eat any meat… I, I was an exception, though…"
        },
        {
            "id": 26,
            "model": "싱클레어",
            "content": "Why does it have to be like this? What I’m trying to say is…"
        },
        {
            "id": 27,
            "model": "이스마엘",
            "content": "Ah, I think I know what you’re getting at."
        },
        {
            "id": 28,
            "model": "이스마엘",
            "content": "It does feel rather unnatural, doesn't it? If it was simply for the sake of improving food... there could've been more efficient ways to do it."
        },
        {
            "id": 29,
            "model": "로쟈",
            "content": "Ahh~ There's one thing I can say for sure. If this technology had been made available in the Backstreets..."
        },
        {
            "id": 30,
            "model": "로쟈",
            "content": "My friends and I wouldn't have had to rummage through trash cans."
        },
        {
            "id": 31,
            "model": "이상",
            "content": "...Technology."
        },
        {
            "id": 32,
            "model": "이상",
            "content": "No, this is no more than breeding."
        },
        {
            "id": 33,
            "model": "이상",
            "content": "They will never realize they have the ability to fly for their entire lives."
        },
        {
            "id": 34,
            "content": "Yi Sang spoke, staring directly into Dongrang. It was unusual of him to take this much interest in matters."
        },
        {
            "id": 35,
            "model": "삼조",
            "teller": "Samjo",
            "title": "K Corp. Dept. of Food Resource Development",
            "content": "I must object. Chickens cannot fly in the first place, and this technology is providing quality welfare to many..."
        },
        {
            "id": 36,
            "model": "동랑",
            "teller": "Dongrang",
            "title": "K Corp. Dept. of Food Resource Development",
            "content": "It's okay, Samjo."
        },
        {
            "id": 37,
            "model": "동랑",
            "teller": "Dongrang",
            "title": "K Corp. Dept. of Food Resource Development",
            "content": "For someone who usually wouldn't look others in the eye to glare directly at a person..."
        },
        {
            "id": 38,
            "model": "동랑",
            "teller": "Dongrang",
            "title": "K Corp. Dept. of Food Resource Development",
            "content": "That's a sign of desperation, isn't it?"
        },
        {
            "id": 39,
            "model": "이상",
            "content": "……"
        },
        {
            "id": 40,
            "model": "동랑",
            "teller": "Dongrang",
            "title": "K Corp. Dept. of Food Resource Development",
            "content": "The husbandry..."
        },
        {
            "id": 41,
            "model": "삼조",
            "teller": "Samjo",
            "title": "K Corp. Dept. of Food Resource Development",
            "content": "...Something seems to have happened to the lab."
        },
        {
            "id": 42,
            "model": "삼조",
            "teller": "Samjo",
            "title": "K Corp. Dept. of Food Resource Development",
            "content": "Will it be a good choice to head there now?"
        },
        {
            "id": 43,
            "model": "동랑",
            "teller": "Dongrang",
            "title": "K Corp. Dept. of Food Resource Development",
            "content": "It'll be fine, Samjo. They're skilled enough that they got out of a scuffle with K Corp. security staff armed with our regenerative ampules without a scratch."
        }
    ]
}