{
  "dataList": [
    {
      "id": 0,
      "place": "Casino 3F",
      "model": "위협적인철공회조직원",
      "teller": "Threatening Crewman",
      "title": "Tieqiu Crew",
      "content": "What d’we have ‘ere?"
    },
    {
      "id": 1,
      "model": "몸푸는철공회조직원",
      "teller": "Flexing Crewman",
      "title": "Tieqiu Crew",
      "content": "D’you fellers have any idea what you’ve just walked into?"
    },
    {
      "id": 2,
      "model": "위협적인철공회조직원",
      "teller": "Threatening Crewman",
      "title": "Tieqiu Crew",
      "content": "Try mucking about and we’ll make the most acrobatic poses known to man outta you."
    },
    {
      "id": 3,
      "model": "몸푸는철공회조직원",
      "teller": "Flexing Crewman",
      "title": "Tieqiu Crew",
      "content": "Then we’ll lop off your digits joint by joint and make purdy mahjong tiles with ‘em."
    },
    {
      "id": 4,
      "model": "이스마엘",
      "content": "Sheesh… Some warm welcome that was."
    },
    {
      "id": 5,
      "model": "히스클리프",
      "content": "Feh, I’m not one to let introductions like that go unanswered. Oi! Dust up!"
    }
  ]
}