{
  "dataList": [
    {
      "id": 0,
      "place": "Aboard Mephistopheles",
      "model": "카론",
      "content": "Cock-a-hoop Charon’s cock-a-hoop parking."
    },
    {
      "id": 1,
      "model": "베르길리우스",
      "content": "Alright, off the bus. Time to get inspected."
    },
    {
      "id": 2,
      "model": "베르길리우스",
      "content": "Ah, and let me add this just in case you’re feeling inclined to your usual antics."
    },
    {
      "id": 3,
      "model": "베르길리우스",
      "content": "Don’t go around making a scene expecting things to go your way…"
    },
    {
      "id": 4,
      "model": "베르길리우스",
      "content": "Because that will not be how it works in this particular place."
    },
    {
      "id": 5,
      "content": "I thought his words were pretty intimidating, but despite the worries…"
    },
    {
      "id": 6,
      "place": "K Corp. Checkpoint",
      "model": "더미2",
      "teller": "Announcement",
      "title": "K Corp. Checkpoint",
      "content": "We welcome all visitors to K Corp’s Nest openheartedly."
    },
    {
      "id": 7,
      "model": "더미2",
      "teller": "Announcement",
      "title": "K Corp. Checkpoint",
      "content": "Please form an orderly line as you enter, and stand where the instructions indicate."
    },
    {
      "id": 8,
      "content": "The menacing and interrogative atmosphere could subdue the temper of any first-time visitors—and the Sinners were no exception."
    },
    {
      "id": 9,
      "content": "I could occasionally hear Sinclair sniffling, followed by Rodya and Gregor calming him."
    },
    {
      "id": 10,
      "content": "Any of my questions why were met with heads shaken sideways."
    },
    {
      "id": 11,
      "model": "베르길리우스",
      "content": "Look here, how nice it is to see you all stay in line and behave. Like a brood of chicks on an outing."
    },
    {
      "id": 12,
      "model": "이스마엘",
      "content": "Wait, why’re you out here…"
    },
    {
      "id": 13,
      "model": "단테",
      "content": "<What made you follow us outside the bus this time…?>"
    },
    {
      "id": 14,
      "content": "Noticing my flustered reaction at the unexpected company, Vergilius opened his mouth."
    },
    {
      "id": 15,
      "model": "베르길리우스",
      "content": "Because this is a Nest, Dante."
    },
    {
      "id": 16,
      "model": "베르길리우스",
      "content": "If one of you were to get into unexpected trouble here…"
    },
    {
      "id": 17,
      "model": "베르길리우스",
      "content": "Well, Dante, the responsibility will be a bit too heavy for you to bear alone."
    },
    {
      "id": 18,
      "content": "When Vergilius put it like that…"
    },
    {
      "id": 19,
      "content": "It sounded as if he were saying “You’re not reliable enough to be sent without supervision.”"
    },
    {
      "id": 20,
      "content": "…But I knew it’d be wise to keep this to myself."
    }
  ]
}