{
    "dataList": [
        {
            "id": 0,
            "place": "Invaded K Corp. Laboratory",
            "model": "K사안내방송",
            "teller": "Announcement",
            "title": "K Corp. Laboratory",
            "content": "An explosion has been detected. Please protect yourselves from danger by swiftly moving under your desks."
        },
        {
            "id": 1,
            "model": "기술해방연합기계2",
            "teller": "Intimidating Machine",
            "title": "???",
            "content": "……"
        },
        {
            "id": 2,
            "model": "마리르",
            "teller": "???",
            "title": "???",
            "content": "Whoops... That was a misfire."
        },
        {
            "id": 3,
            "model": "K사안내방송",
            "teller": "Announcement",
            "title": "K Corp. Laboratory",
            "content": "A second explosion has been detected. Please activate the regeneration ampule in your possession, and..."
        },
        {
            "id": 4,
            "model": "K사안내방송",
            "teller": "Announcement",
            "title": "K Corp. Laboratory",
            "content": "Please wait for K Corp's security staff that will arrive within 18 seconds of, of, of..."
        },
        {
            "id": 5,
            "model": "란",
            "teller": "???",
            "title": "???",
            "content": "Same old announcement. I wonder, why are broadcasts like that told in such calm voices?"
        },
        {
            "id": 6,
            "model": "란",
            "teller": "???",
            "title": "???",
            "content": "Won't a little gasping and panicking be more effective in getting people to evacuate?"
        },
        {
            "id": 7,
            "model": "란",
            "teller": "???",
            "title": "???",
            "content": "See, getting so preoccupied with all that technology and science nonsense dulls your empathy with feelings."
        },
        {
            "id": 8,
            "model": "마리르",
            "teller": "???",
            "title": "???",
            "content": "...You talk too much. Be quiet."
        },
        {
            "id": 9,
            "model": "삼조",
            "teller": "Samjo",
            "title": "K Corp. Dept. of Food Resource Development",
            "content": "Is everyone alright? If you aren't, take a regeneration sample. A cross-compatibility test is normally needed, but we're in an emergency..."
        },
        {
            "id": 10,
            "model": "그레고르",
            "content": "...You look unfazed. Doesn't a terrorist attack usually throw everyone into chaos?"
        },
        {
            "id": 11,
            "model": "동랑",
            "teller": "Dongrang",
            "title": "K Corp. Dept. of Food Resource Development",
            "content": "The first attack did have everyone panicking. The explosive detection broadcasts didn't exist, either. Mister Samjo hid under his desk for quite some time..."
        },
        {
            "id": 12,
            "model": "삼조",
            "teller": "Samjo",
            "title": "K Corp. Dept. of Food Resource Development",
            "content": "As I keep saying, the attack occurred in the lobby, and I was merely attempting to pick up a notebook that fell under the desk."
        },
        {
            "id": 13,
            "model": "삼조",
            "teller": "Samjo",
            "title": "K Corp. Dept. of Food Resource Development",
            "content": "You must take this situation seriously, Mr. Dongrang. An attack on a K Corp. laboratory in the middle of the Nest is not a matter of course."
        },
        {
            "id": 14,
            "model": "동랑",
            "teller": "Dongrang",
            "title": "K Corp. Dept. of Food Resource Development",
            "content": "For sure, they managed to arrive at the floor where the researchers are. Oh, I think I sprained my left ankle, Samjo."
        },
        {
            "id": 15,
            "content": "I watched as Samjo injected a regeneration ampule into Dongrang's body."
        },
        {
            "id": 16,
            "model": "오티스",
            "content": "Are they the terrorists that are occupying the Lobotomy Corp. branch?"
        },
        {
            "id": 17,
            "model": "동랑",
            "teller": "Dongrang",
            "title": "K Corp. Dept. of Food Resource Development",
            "content": "Indeed. Speak of the devil."
        },
        {
            "id": 18,
            "model": "싱클레어",
            "content": "They're part of the terrorist organization? They don't really look like well-trained combatants..."
        },
        {
            "id": 19,
            "model": "히스클리프",
            "content": "Would you look at that, you got an eye for that now, kid?"
        },
        {
            "id": 20,
            "model": "삼조",
            "teller": "Samjo",
            "title": "K Corp. Dept. of Food Resource Development",
            "content": "It's natural. They aren't the ones directly engaging in combat."
        },
        {
            "id": 21,
            "model": "삼조",
            "teller": "Samjo",
            "title": "K Corp. Dept. of Food Resource Development",
            "content": "It should take a single glance to notice that they appear lean and frail just like Mr. Dongrang."
        },
        {
            "id": 22,
            "model": "히스클리프",
            "content": "I've seen rich sods that don't get into fights still get body-enhancing augments just in case. You sure they aren't just acting weak?"
        },
        {
            "id": 23,
            "model": "파우스트",
            "content": "It's not necessarily the case. As varied as ways to augment the body are, some may be repulsed by it, physically or mentally."
        },
        {
            "id": 24,
            "model": "파우스트",
            "content": "Some Nests even forbid their residents from getting procedures above a certain level of power if they aren't qualified."
        },
        {
            "id": 25,
            "model": "로쟈",
            "content": "They don't want the lowly to rise up and topple the ruling class over, huh?"
        },
        {
            "id": 26,
            "model": "파우스트",
            "content": "I couldn't deny those possibilities. Each Nest must have its own reasons."
        },
        {
            "id": 27,
            "model": "파우스트",
            "content": "But, fundamentally speaking, augmenting procedures are like high-performing vehicles. If an unqualified driver were to try and handle a vehicle with a power output above what they can handle..."
        },
        {
            "id": 28,
            "model": "파우스트",
            "content": "Layers of order in the Nest would fall apart in no time, so they'd like to prevent that from happening."
        },
        {
            "id": 29,
            "model": "동랑",
            "teller": "Dongrang",
            "title": "K Corp. Dept. of Food Resource Development",
            "content": "Sorry to interrupt your passionate exposition, the pain was genuine for me, just so you know."
        },
        {
            "id": 30,
            "content": "Soon enough, people wearing familiar outfits appeared, along with the unforgettable beats of footsteps."
        },
        {
            "id": 31,
            "model": "돈키호테",
            "content": "Eek!"
        },
        {
            "id": 32,
            "model": "싱클레어",
            "content": "T-The ones from the checkpoint..."
        },
        {
            "id": 33,
            "model": "이스마엘",
            "content": "And now they're our reliable allies."
        },
        {
            "id": 34,
            "model": "단테",
            "content": "<Those robots... They look seriously hostile...>"
        },
        {
            "id": 35,
            "model": "마리르",
            "teller": "???",
            "title": "Terrorist Organization?",
            "content": "Hemorrhage within five seconds. Spinal damage of at least 12 centimeters in length. Direct impact on coronary artery. Destruction of the cranium."
        },
        {
            "id": 36,
            "model": "마리르",
            "teller": "???",
            "title": "Terrorist Organization?",
            "content": "These steps will ensure that the enemy meets immediate death without unnecessary suffering."
        },
        {
            "id": 37,
            "model": "란",
            "teller": "???",
            "title": "Terrorist Organization?",
            "content": "It can do that, but wasn't it mainly to fully destroy the brain so that they can't regenerate themselves?"
        },
        {
            "id": 38,
            "model": "란",
            "teller": "???",
            "title": "Terrorist Organization?",
            "content": "Hey, if you don't mind, could you pretend to be dead if this doesn't kill you right away? My buddy stayed up all night upgrading the instakill function."
        },
        {
            "id": 39,
            "model": "마리르",
            "teller": "???",
            "title": "Terrorist Organization?",
            "content": "Quiet."
        },
        {
            "id": 40,
            "model": "란",
            "teller": "???",
            "title": "Terrorist Organization?",
            "content": "See~ I told you. With that recoil distance, it only reaches as deep as the occipital lobe. Did you really have to learn it through trial?"
        },
        {
            "id": 41,
            "model": "마리르",
            "teller": "???",
            "title": "Terrorist Organization?",
            "content": "Damn it... It should have gone all the way through the temporal lobe."
        },
        {
            "id": 42,
            "model": "동랑",
            "teller": "Dongrang",
            "title": "K Corp. Dept. of Food Resource Development",
            "content": "We can't lose to them, we have robots of our own. They should be here any minute now..."
        },
        {
            "id": 43,
            "model": "동랑",
            "teller": "Dongrang",
            "title": "K Corp. Dept. of Food Resource Development",
            "content": "Aha, there it is! The regeneration ampule administration drone."
        },
        {
            "id": 44,
            "model": "이스마엘",
            "content": "It must be pretty handy to have them. Do they inject the ampules right as the staff is injured?"
        },
        {
            "id": 45,
            "model": "삼조",
            "teller": "Samjo",
            "title": "K Corp. Dept. of Food Resource Development",
            "content": "Yes, as long as their heads aren't lost... and the ampule is injected before the golden time passes and their brain stops functioning... They're practically undying."
        },
        {
            "id": 46,
            "teller": "K Corp. Security",
            "title": "K Corp.",
            "content": "...Kgh."
        },
        {
            "id": 47,
            "model": "삼조",
            "teller": "Samjo",
            "title": "K Corp. Dept. of Food Resource Development",
            "content": "Injuries like holes in internal organs..."
        },
        {
            "id": 48,
            "teller": "K Corp. Security",
            "title": "K Corp.",
            "content": "...Kurgh!"
        },
        {
            "id": 49,
            "model": "삼조",
            "teller": "Samjo",
            "title": "K Corp. Dept. of Food Resource Development",
            "content": "Or broken bones can be healed in seconds."
        },
        {
            "id": 50,
            "model": "이스마엘",
            "content": "Even still... They wouldn't be immune to pain. How can they be so calm about it..."
        },
        {
            "id": 51,
            "model": "이스마엘",
            "content": "They won't even bat an eye at a colleague right next to them being cut down."
        },
        {
            "id": 52,
            "model": "뫼르소",
            "content": "Natural behavior."
        },
        {
            "id": 53,
            "model": "뫼르소",
            "content": "If all wounds can be healed up in seconds, all judgement regarding it will be secondary."
        },
        {
            "id": 54,
            "model": "홍루",
            "content": "If that's the case... Will we become like that eventually?"
        },
        {
            "id": 55,
            "model": "뫼르소",
            "content": "I don't see a reason to think about such things."
        },
        {
            "id": 56,
            "model": "홍루",
            "content": "I was just curious."
        },
        {
            "id": 57,
            "model": "란",
            "teller": "???",
            "title": "Terrorist Organization?",
            "content": "By the way... Who are these new faces with unfamiliar outfits? Anyone wanna introduce yourself?"
        },
        {
            "id": 58,
            "model": "마리르",
            "teller": "???",
            "title": "Terrorist Organization?",
            "content": "None of our business."
        },
        {
            "id": 59,
            "model": "란",
            "teller": "???",
            "title": "Terrorist Organization?",
            "content": "True. But it's kinda awkward to be just facing them. Someone's gotta talk, no?"
        },
        {
            "id": 60,
            "model": "이스마엘",
            "content": "...Why should we introduce ourselves to a terrorist organization?"
        },
        {
            "id": 61,
            "model": "마리르",
            "teller": "???",
            "title": "Terrorist Organization?",
            "content": "We're no mere terrorist organization. Watch your words."
        },
        {
            "id": 62,
            "model": "란",
            "teller": "???",
            "title": "Terrorist Organization?",
            "content": "I don't hate the sound of it. It lines up with my beliefs when I was four. I had to answer the call of a grad school because the paper I wrote on atoms won a prize at the age of eleven..."
        },
        {
            "id": 63,
            "model": "마리르",
            "teller": "???",
            "title": "Technology Liberation Alliance",
            "content": "Shut it. We are the technology liberation alliance."
        },
        {
            "id": 64,
            "model": "홍루",
            "content": "Liberate what technologies exactly? Does technology yearn for freedom?"
        },
        {
            "id": 65,
            "model": "싱클레어",
            "content": "Maybe... they're talking about the animals in the lab... I think?"
        },
        {
            "id": 66,
            "model": "란",
            "teller": "???",
            "title": "Technology Liberation Alliance",
            "content": "You hear that? He thinks we're animal protectors or something?"
        },
        {
            "id": 67,
            "model": "란",
            "teller": "???",
            "title": "Technology Liberation Alliance",
            "content": "Sorry, but that went out of fashion long ago. You think we're working day and night assembling machines just to fight for happily raised chickens fried in healthy oil?"
        },
        {
            "id": 68,
            "model": "란",
            "teller": "???",
            "title": "Technology Liberation Alliance",
            "content": "Type X-32 bolts are so hard to get these days, we have to order them from other Nests. Do you have any idea how much tax is added?"
        },
        {
            "id": 69,
            "model": "파우스트",
            "content": "You can substitute type X-32 bolts by casting a c-9 bolt and tempering it at an interval of two hours."
        },
        {
            "id": 70,
            "model": "마리르",
            "teller": "???",
            "title": "Technology Liberation Alliance",
            "content": "You aren't gonna win over us by acting all smart..."
        },
        {
            "id": 71,
            "model": "란",
            "teller": "???",
            "title": "Technology Liberation Alliance",
            "content": "Oh... Huh... No, she might be right... It could work."
        },
        {
            "id": 72,
            "model": "그레고르",
            "content": "Could you tell us why you're offering advice to enemies, Ms. Faust?"
        },
        {
            "id": 73,
            "model": "파우스트",
            "content": "You wouldn't understand. Researchers have a creed more valuable than life."
        }
    ]
}