{
  "dataList": [
    {
      "id": 0,
      "place": "A Dark Forest",
      "model": "늑대",
      "teller": "Wolf",
      "title": "???",
      "content": "Do you see now? You can’t run from us."
    },
    {
      "id": 1,
      "model": "프롤로그단테",
      "teller": "Me",
      "title": "■■■",
      "content": "<You dare… interrupt me just as I was engraving the ■■■■■■… You must be out of your…>"
    },
    {
      "id": 2,
      "model": "사자",
      "teller": "Lion",
      "title": "???",
      "content": "Ah~ If we’re being technical, what our master has planned apparently isn’t one of the City’s taboos."
    },
    {
      "id": 3,
      "model": "사자",
      "teller": "Lion",
      "title": "???",
      "content": "It’s just the kind of thing that… no one has ever dared to consider, you catch my drift?"
    },
    {
      "id": 4,
      "model": "사자",
      "teller": "Lion",
      "title": "???",
      "content": "Huh, would you look at that…"
    },
    {
      "id": 5,
      "model": "표범",
      "teller": "Panther",
      "title": "???",
      "content": "You managed to get a different head in so fast. Do people like you always come prepared?"
    },
    {
      "id": 6,
      "model": "프롤로그단테",
      "teller": "Me",
      "title": "■■■",
      "content": "<Kngh… Just wait ‘til I get the ■■■■■■… You’ll be no match for my…>"
    },
    {
      "id": 7,
      "model": "사자",
      "teller": "Lion",
      "title": "???",
      "content": "Haha, I guess that new noggin doesn’t come with a mouth, huh?"
    },
    {
      "id": 8,
      "model": "늑대",
      "teller": "Wolf",
      "title": "???",
      "content": "Yep, ticking is all I can hear. You think they’re screaming on the inside?"
    },
    {
      "id": 9,
      "model": "프롤로그단테",
      "teller": "Me",
      "title": "■■■",
      "content": "<Ghaagh…!>"
    },
    {
      "id": 10,
      "model": "늑대",
      "teller": "Wolf",
      "title": "???",
      "content": "Hmm. It’s ticking faster, so I guess they can still feel pain."
    },
    {
      "id": 11,
      "content": "Dammit… Why… am I…!"
    },
    {
      "id": 12,
      "content": "…Why am I being attacked?"
    },
    {
      "id": 13,
      "content": "Not good… Memories are dissolving already… The ■■■ was done too quick…"
    },
    {
      "id": 14,
      "model": "늑대",
      "teller": "Wolf",
      "title": "???",
      "content": "What, they’ve gone quiet already. Let’s get this over with."
    },
    {
      "id": 15,
      "model": "사자",
      "teller": "Lion",
      "title": "???",
      "content": "Wolf, this is a place no one visits and somewhere none can see. What’s the hurry?"
    },
    {
      "id": 16,
      "model": "늑대",
      "teller": "Wolf",
      "title": "???",
      "content": "We must follow her teachings. We can’t drag on any longer."
    },
    {
      "id": 17,
      "model": "사자",
      "teller": "Lion",
      "title": "???",
      "content": "Yeah, but… Haa, this is the moment of a lifetime. We’re not gonna get a second chance to kill someone of this caliber…"
    },
    {
      "id": 18,
      "model": "표범",
      "teller": "Panther",
      "title": "???",
      "content": "Lion, you have a tendency to grow too emotional during your jobs. I hope you show some discretion."
    },
    {
      "id": 19,
      "model": "사자",
      "teller": "Lion",
      "title": "???",
      "content": "Pshaw…"
    },
    {
      "id": 20,
      "model": "표범",
      "teller": "Panther",
      "title": "???",
      "content": "It’s a shame—I wanted to have a look at your face. I reckon you won’t tell us where your star is, right?"
    },
    {
      "id": 21,
      "model": "프롤로그단테",
      "teller": "Me",
      "title": "■■■",
      "content": "<Like hell I am. I’m taking ■■■’s location to the grave with…>"
    },
    {
      "id": 22,
      "model": "프롤로그단테",
      "teller": "Me",
      "title": "■■■",
      "content": "<……>"
    },
    {
      "id": 23,
      "content": "Dammit, where was ■■■ supposed to be again? My memories are escaping me too quickly…"
    },
    {
      "id": 24,
      "model": "표범",
      "teller": "Panther",
      "title": "???",
      "content": "…Right. No mouth."
    },
    {
      "id": 25,
      "model": "표범",
      "teller": "Panther",
      "title": "???",
      "content": "Which in turn means… we won’t learn how to acquire it from this person."
    },
    {
      "id": 26,
      "model": "늑대",
      "teller": "Wolf",
      "title": "???",
      "content": "Can I end them now?"
    },
    {
      "id": 27,
      "model": "표범",
      "teller": "Panther",
      "title": "???",
      "content": "Sure… Huh?"
    },
    {
      "id": 28,
      "model": "사자",
      "teller": "Lion",
      "title": "???",
      "content": "Hey, what’s that noise? Don’t tell me, Panther… did you allow yourself to be tracked?"
    },
    {
      "id": 29,
      "model": "표범",
      "teller": "Panther",
      "title": "???",
      "content": "No, there was no one that could’ve pursued me. Perhaps a wild animal?"
    },
    {
      "id": 30,
      "model": "늑대",
      "teller": "Wolf",
      "title": "???",
      "content": "This is not the sound a beast would make. It’s…"
    },
    {
      "id": 31,
      "model": "늑대",
      "teller": "Wolf",
      "title": "???",
      "content": "A bus…?"
    },
    {
      "id": 32,
      "model": "표범",
      "teller": "Panther",
      "title": "???",
      "content": "How did it even end up here?"
    },
    {
      "id": 33,
      "model": "사자",
      "teller": "Lion",
      "title": "???",
      "content": "Must’ve taken a wrong turn?"
    },
    {
      "id": 34,
      "model": "사자",
      "teller": "Lion",
      "title": "???",
      "content": "Hoo, the price they’ll pay for taking the wrong road will be heavier than they expect…"
    },
    {
      "id": 35,
      "model": "사자",
      "teller": "Lion",
      "title": "???",
      "content": "…!"
    },
    {
      "id": 36,
      "model": "늑대",
      "teller": "Wolf",
      "title": "???",
      "content": "…It bested Lion’s strength?"
    },
    {
      "id": 37,
      "model": "표범",
      "teller": "Panther",
      "title": "???",
      "content": "…!"
    },
    {
      "id": 38,
      "model": "???",
      "teller": "???",
      "title": "???",
      "content": "……"
    },
    {
      "id": 39,
      "teller": "???",
      "title": "???",
      "content": "If my eyes are still right, then you will reach the harbor of glory."
    },
    {
      "id": 40,
      "model": "프롤로그단테",
      "teller": "Me",
      "title": "■■■",
      "content": "<Who… are you? That nameplate… says… Faust?>"
    },
    {
      "id": 41,
      "model": "프롤로그파우스트",
      "teller": "Faust",
      "title": "???",
      "content": "You’ve lost your way in a dark forest."
    },
    {
      "id": 42,
      "model": "프롤로그단테",
      "teller": "Me",
      "title": "■■■",
      "content": "<I’m… sorry, what?>"
    },
    {
      "id": 43,
      "model": "프롤로그파우스트",
      "teller": "Faust",
      "title": "???",
      "content": "Yet you were not overcome with fear. Why was that?"
    },
    {
      "id": 44,
      "model": "프롤로그단테",
      "teller": "Me",
      "title": "■■■",
      "content": "<That’s…>"
    },
    {
      "id": 45,
      "model": "프롤로그단테",
      "teller": "Me",
      "title": "■■■",
      "content": "<I could simply… lift my head to find the star.>"
    },
    {
      "id": 46,
      "model": "프롤로그파우스트",
      "teller": "Faust",
      "title": "???",
      "content": "That’s right."
    },
    {
      "id": 47,
      "model": "프롤로그파우스트",
      "teller": "Faust",
      "title": "???",
      "content": "Now, repeat with the heart what I tell you aloud as you remind yourself of that image."
    },
    {
      "id": 48,
      "model": "프롤로그파우스트",
      "teller": "Faust",
      "title": "???",
      "content": "Follow your star."
    },
    {
      "id": 49,
      "model": "프롤로그단테",
      "teller": "Me",
      "title": "■■■",
      "content": "<Follow… your star.>"
    },
    {
      "id": 50,
      "content": "At that moment…"
    },
    {
      "id": 51,
      "content": "I felt a sudden thump in my head."
    },
    {
      "id": 52,
      "content": "Followed by the sting of several chains penetrating my chest."
    },
    {
      "id": 53,
      "model": "프롤로그단테",
      "teller": "Me",
      "title": "■■■",
      "content": "<Hyag… Ah— Aaagh!!!>"
    },
    {
      "id": 54,
      "model": "프롤로그파우스트",
      "teller": "Faust",
      "title": "???",
      "content": "Relax. Though it may feel otherwise, your heart is still functional."
    },
    {
      "id": 55,
      "model": "파우스트",
      "content": "With this, the pact has been sealed."
    },
    {
      "id": 56,
      "model": "파우스트",
      "content": "Dante, from this day forth, we are bound to your time."
    },
    {
      "id": 57,
      "model": "프롤로그단테2",
      "teller": "Dante",
      "title": "Me",
      "content": "<What do you…?>"
    },
    {
      "id": 58,
      "model": "파우스트",
      "content": "The beating of our hearts now depends on where your hands fall."
    },
    {
      "id": 59,
      "model": "파우스트",
      "content": "I hope you’ll make a fine leader."
    },
    {
      "id": 60,
      "model": "프롤로그단테2",
      "teller": "Dante",
      "title": "Me",
      "content": "<“Our”…?>"
    },
    {
      "id": 61,
      "model": "이스마엘",
      "content": "Is that really everything?"
    },
    {
      "id": 62,
      "model": "이상",
      "content": "A single apple has fallen."
    },
    {
      "id": 63,
      "model": "이스마엘",
      "content": "…This guy’s still not making any sense."
    },
    {
      "id": 64,
      "model": "로쟈",
      "content": "Geeeez~ The wait was killing me! Finally some action now?"
    },
    {
      "id": 65,
      "model": "그레고르",
      "content": "Well, I guess we could use a little warm-up."
    },
    {
      "id": 66,
      "model": "오티스",
      "content": "What is that wretch miserably writhing on the ground? Are they to be the newest addition to the team?"
    },
    {
      "id": 67,
      "model": "그레고르",
      "content": "Uh… You might wanna watch your words… I heard that’s our soon-to-be boss…"
    },
    {
      "id": 68,
      "model": "파우스트",
      "content": "The attack must’ve happened in an instant—I’m impressed you managed to hide your head."
    },
    {
      "id": 69,
      "model": "프롤로그단테2",
      "teller": "Dante",
      "title": "Me",
      "content": "<Who are you people? And what’s up with this bus?>"
    },
    {
      "id": 70,
      "model": "파우스트",
      "content": "We are bearers of justice who have come to aid you, and this is the magical bus that takes us wherever we wish to go."
    },
    {
      "id": 71,
      "model": "프롤로그단테2",
      "teller": "Dante",
      "title": "Me",
      "content": "<Justice? Bus? I don’t…>"
    },
    {
      "id": 72,
      "model": "파우스트",
      "content": "Wasn’t that what you expected to hear? Either way, you’re better off believing us to be your saviors."
    },
    {
      "id": 73,
      "model": "파우스트",
      "content": "We’re racing against time and the situation isn’t in our favor, so let me explain this once."
    },
    {
      "id": 74,
      "content": "After some time passed…"
    },
    {
      "id": 75,
      "model": "프롤로그단테2",
      "teller": "Dante",
      "title": "Me",
      "content": "<So… If I’m not mistaken here and I do as you’ve said, those total strangers will fight for me?>"
    },
    {
      "id": 76,
      "model": "파우스트",
      "content": "Correct. So long as you give them the right orders."
    },
    {
      "id": 77,
      "model": "프롤로그단테2",
      "teller": "Dante",
      "title": "Me",
      "content": "<Alright, so we’ll kill these arrogant vandals dead…>"
    },
    {
      "id": 78,
      "model": "프롤로그단테2",
      "teller": "Dante",
      "title": "Me",
      "content": "<Then I’ll go back to where I was…>"
    },
    {
      "id": 79,
      "model": "프롤로그단테2",
      "teller": "Dante",
      "title": "Me",
      "content": "<Where I was, and…>"
    },
    {
      "id": 80,
      "model": "프롤로그단테2",
      "teller": "Dante",
      "title": "Me",
      "content": "<……>"
    },
    {
      "id": 81,
      "model": "프롤로그단테2",
      "teller": "Dante",
      "title": "Me",
      "content": "<What was I doing? Where was I when I did that?>"
    },
    {
      "id": 82,
      "model": "프롤로그단테2",
      "teller": "Dante",
      "title": "Me",
      "content": "<Something extremely important was upon me. Something I shouldn’t forget…>"
    },
    {
      "id": 83,
      "model": "파우스트",
      "content": "Calm down. It’s only natural to happen with your current head."
    },
    {
      "id": 84,
      "model": "파우스트",
      "content": "You should focus on the struggle at hand, Dante."
    },
    {
      "id": 85,
      "model": "오티스",
      "content": "Clo… Pardon, I’m not sure how I should address you."
    },
    {
      "id": 86,
      "model": "오티스",
      "content": "Would Commander Clock suffice…? In any case, we await your orders!"
    },
    {
      "id": 87,
      "model": "그레고르",
      "content": "Eh, do we really need orders? Seems like going one-on-one is the only way."
    },
    {
      "id": 88,
      "model": "이스마엘",
      "content": "Huh?! H-Hey!"
    },
    {
      "id": 89,
      "model": "히스클리프",
      "content": "Quit running off your mouths! We just need to crush them all!"
    },
    {
      "id": 90,
      "model": "파우스트",
      "content": "…Please do your best, Dante."
    },
    {
      "id": 91,
      "model": "프롤로그단테2",
      "teller": "Dante",
      "title": "Me",
      "content": "<…There’s no two ways about it, I suppose.>"
    }
  ]
}