{
  "dataList": [
    {
      "id": 0,
      "place": "High Rollers Floor",
      "model": "단테",
      "content": "<This isn’t good. We’ve reached the top floor, but we don’t have nearly enough wishpower…>"
    },
    {
      "id": 1,
      "model": "로쟈",
      "content": "Aah~ No worries. I’ve been itching to tell you this, and it’s finally time."
    },
    {
      "id": 2,
      "model": "로쟈",
      "content": "I actually pinched a little wishpower back at the pawnshop. It’s not a lot, but it should be just enough, right?"
    },
    {
      "id": 3,
      "content": "Rodya showed us a wish sticker sheet with a few labels left on it."
    },
    {
      "id": 4,
      "model": "소드",
      "teller": "Saude",
      "title": "LCCB",
      "content": "Why didn’t you tell us earlier?"
    },
    {
      "id": 5,
      "model": "로쟈",
      "content": "Like you said, gambling is all about keeping a poker face. Wouldn’t want to see one of us slip and complicate things."
    },
    {
      "id": 6,
      "model": "로쟈",
      "content": "As for the boss role~ Mind if I borrow it for a sec, Dante?"
    },
    {
      "id": 7,
      "content": "I nodded, seeing as I wasn’t really doing much in this guise anyways."
    },
    {
      "id": 8,
      "content": "Even if I were committed to the act, it would only be right for me to forfeit it with my knees bent, since things played out the way they did."
    },
    {
      "id": 9,
      "model": "소드",
      "teller": "Saude",
      "title": "LCCB",
      "content": "…I would’ve been vehemently against this only hours ago. But now…"
    },
    {
      "id": 10,
      "model": "로쟈",
      "content": "Good thinking. I’ve never lost once in anything where money was involved."
    },
    {
      "id": 11,
      "model": "로쟈",
      "content": "Alright…"
    },
    {
      "id": 12,
      "place": "Private Room",
      "model": "로쟈",
      "content": "The contestant enters~"
    },
    {
      "id": 13,
      "model": "로쟈",
      "content": "Wait, I’m not the last? Aw, there goes my cool entry."
    },
    {
      "id": 14,
      "teller": "???",
      "title": "???",
      "content": "You are…?"
    },
    {
      "id": 15,
      "model": "로쟈",
      "content": "My name’s Rodion. I’m here to gamble for the right to access the basement."
    },
    {
      "id": 16,
      "model": "아이드",
      "teller": "???",
      "title": "???",
      "content": "Pwfhah!"
    },
    {
      "id": 17,
      "model": "아이드",
      "teller": "???",
      "title": "???",
      "content": "I was looking forward to finally meeting the infamous “wishpower whisker” in person, and look who we get instead. Aren’t you a little too confident for some unidentified stranger?"
    },
    {
      "id": 18,
      "model": "로쟈",
      "content": "What a dull take~ It’s not who you are that matters in this world, right? It’s about who wins."
    },
    {
      "id": 19,
      "model": "아이드",
      "teller": "???",
      "title": "???",
      "content": "Well, you aren’t wrong there. The fact that you were able to get here is proof enough that you’re qualified."
    },
    {
      "id": 20,
      "model": "아이드",
      "teller": "Aida",
      "title": "Los Mariachis",
      "content": "A pleasure. I’m Aida."
    },
    {
      "id": 21,
      "model": "아이드",
      "teller": "Aida",
      "title": "Los Mariachis",
      "content": "And this is…"
    },
    {
      "id": 22,
      "model": "철공회보스",
      "teller": "Crew Boss",
      "title": "Tieqiu Crew",
      "content": "Golly, my back’s hurtin’."
    },
    {
      "id": 23,
      "model": "로쟈",
      "content": "…A robot? No, a prosthetic…?"
    },
    {
      "id": 24,
      "model": "철공회보스",
      "teller": "Crew Boss",
      "title": "Tieqiu Crew",
      "content": "What’s that stare? Never seen a full-body prosthetic before?"
    },
    {
      "id": 25,
      "model": "로쟈",
      "content": "Isn’t that model… a bit too antiquated? It kinda looks like it belongs in a museum."
    },
    {
      "id": 26,
      "model": "철공회보스",
      "teller": "Crew Boss",
      "title": "Tieqiu Crew",
      "content": "Old is gold, as they say. Patched it up a few times, and now it’s sturdier than most new ones."
    },
    {
      "id": 27,
      "model": "철공회보스",
      "teller": "Crew Boss",
      "title": "Tieqiu Crew",
      "content": "Why’s that boy bein’ so sluggish about comin’ here anyway? Arrogant brat thinks he can show up late to serious business, eh?"
    },
    {
      "id": 28,
      "teller": "???",
      "title": "???",
      "content": "Pardon me. I had an urgent matter."
    },
    {
      "id": 29,
      "model": "로쟈",
      "content": "?!"
    },
    {
      "id": 30,
      "model": "아이드",
      "teller": "Aida",
      "title": "Los Mariachis",
      "content": "You think the world revolves around you, Sonya? Do you crave attention so much that you have to arrive late and be showered in glares?"
    },
    {
      "id": 31,
      "model": "소냐",
      "teller": "Sonya",
      "title": "Yurodivy",
      "content": "Haha, I didn’t mean to. If anything, you’d fit better as the protagonist of life, Aida."
    },
    {
      "id": 32,
      "model": "로쟈",
      "content": "……"
    },
    {
      "id": 33,
      "model": "소냐",
      "teller": "Sonya",
      "title": "Yurodivy",
      "content": "It’s been a while, Rodya."
    },
    {
      "id": 34,
      "model": "아이드",
      "teller": "Aida",
      "title": "Los Mariachis",
      "content": "What’s up? You two know each other?"
    },
    {
      "id": 35,
      "model": "소냐",
      "teller": "Sonya",
      "title": "Yurodivy",
      "content": "Let’s say that we… share a hometown. Isn’t that right, Rodya?"
    },
    {
      "id": 36,
      "model": "로쟈",
      "content": "So, are you… still leading the Yurodiviye, then?"
    },
    {
      "id": 37,
      "model": "소냐",
      "teller": "Sonya",
      "title": "Yurodivy",
      "content": "Dunno, it might be too early to say “still”… You were the one who left on your own just like that."
    },
    {
      "id": 38,
      "model": "아이드",
      "teller": "Aida",
      "title": "Los Mariachis",
      "content": "Now now, that’s enough chatting. Since we have all the players, let’s go over the rules again."
    },
    {
      "id": 39,
      "model": "아이드",
      "teller": "Aida",
      "title": "Los Mariachis",
      "content": "The four bidders for the casino are all here: Sonya, Aida, the Tieqiu, and… representing the Tingtang Gang’s boss… a suspicious yet shameless stand-in…"
    },
    {
      "id": 40,
      "model": "아이드",
      "teller": "Aida",
      "title": "Los Mariachis",
      "content": "No cheats or sleights of hand are allowed during the game. The moment you’re spotted in the act, you’re out."
    },
    {
      "id": 41,
      "model": "아이드",
      "teller": "Aida",
      "title": "Los Mariachis",
      "content": "It should go without saying that anything involving wishpower is forbidden as well."
    },
    {
      "id": 42,
      "model": "철공회보스",
      "teller": "Crew Boss",
      "title": "Tieqiu Crew",
      "content": "Soon as you’re caught, you’re on the choppin’ block! You’ll sorely regret it!"
    },
    {
      "id": 43,
      "model": "로쟈",
      "content": "……"
    },
    {
      "id": 44,
      "model": "아이드",
      "teller": "Aida",
      "title": "Los Mariachis",
      "content": "We’ll play three games in total, and the one with the most chips wins. Simple enough?"
    },
    {
      "id": 45,
      "model": "아이드",
      "teller": "Aida",
      "title": "Los Mariachis",
      "content": "The winner will get to take the elevator to the underground portion where the Golden Bough is."
    },
    {
      "id": 46,
      "model": "아이드",
      "teller": "Aida",
      "title": "Los Mariachis",
      "content": "It’s the treasure the former owner of this casino was so desperate to claim, digging a whole tunnel to unearth it."
    },
    {
      "id": 47,
      "model": "아이드",
      "teller": "Aida",
      "title": "Los Mariachis",
      "content": "But then they suddenly croaked for reasons unknown, making us the “lucky” bidders…"
    },
    {
      "id": 48,
      "model": "로쟈",
      "content": "…What an elegant way to put that they died under shady circumstances."
    },
    {
      "id": 49,
      "model": "소냐",
      "teller": "Sonya",
      "title": "Yurodivy",
      "content": "Haha, oh Rodya. You’re still as cynical as ever, huh?"
    },
    {
      "id": 50,
      "model": "로쟈",
      "content": "…Shut it. How do you guys all know about the Golden Bough, though? Didn’t think it would be so widely known to the public."
    },
    {
      "id": 51,
      "model": "아이드",
      "teller": "Aida",
      "title": "Los Mariachis",
      "content": "Any Syndicate worth its name has caught wind of the stories. Those about the Golden Bough buried down here… and the riches and fame it’ll bring to the owner."
    },
    {
      "id": 52,
      "model": "로쟈",
      "content": "If that’s the case, seems someone has gained an interest for worldly luxuries, huh? I thought you warned me to stay away from those things, Sonya."
    },
    {
      "id": 53,
      "model": "소냐",
      "teller": "Sonya",
      "title": "Yurodivy",
      "content": "The Golden Bough can be used to achieve far greater things, Rodya. My purpose has stayed the same. To destroy the system of oppression and exploitation, preventing the concentration of wealth…"
    },
    {
      "id": 54,
      "model": "철공회보스",
      "teller": "Crew Boss",
      "title": "Tieqiu Crew",
      "content": "Yeesh, there he goes again with the grand words. Someone stop ‘im."
    },
    {
      "id": 55,
      "model": "소냐",
      "teller": "Sonya",
      "title": "Yurodivy",
      "content": "My apologies. It reminded me of the old times."
    },
    {
      "id": 56,
      "model": "소냐",
      "teller": "Sonya",
      "title": "Yurodivy",
      "content": "It’s funny. I used to keep you from your obsession with gambling and money."
    },
    {
      "id": 57,
      "model": "소냐",
      "teller": "Sonya",
      "title": "Yurodivy",
      "content": "Yet here we are at the same table, keeping our hands of cards from each other in a gamble with our goals on the line."
    },
    {
      "id": 58,
      "model": "소냐",
      "teller": "Sonya",
      "title": "Yurodivy",
      "content": "What is your goal?"
    },
    {
      "id": 59,
      "model": "로쟈",
      "content": "…To win."
    },
    {
      "id": 60,
      "model": "소냐",
      "teller": "Sonya",
      "title": "Yurodivy",
      "content": "…Of course."
    }
  ]
}