{
    "dataList": [
        {
            "id": 0,
            "place": "Nest K - LC Branch Interior",
            "model": "니코",
            "teller": "Niko",
            "title": "Rosespanner Workshop",
            "content": "Ah... Give me a second. I think we need to call a timeout."
        },
        {
            "id": 1,
            "model": "니코",
            "teller": "Niko",
            "title": "Rosespanner Workshop",
            "content": "Might be the sardine I ate this morning... My stomach is aching."
        },
        {
            "id": 2,
            "model": "장미스패너2",
            "teller": "Assistant Fixer",
            "title": "Rosespanner Workshop",
            "content": "Boss!"
        },
        {
            "id": 3,
            "model": "료슈",
            "content": "No such thing. SYNC is up next."
        },
        {
            "id": 4,
            "model": "장미스패너2",
            "teller": "Assistant Fixer",
            "title": "Rosespanner Workshop",
            "content": "Shrenne...!"
        },
        {
            "id": 5,
            "model": "료슈",
            "content": "She what?"
        },
        {
            "id": 6,
            "model": "장미스패너2",
            "teller": "Assistant Fixer",
            "title": "Rosespanner Workshop",
            "content": "Shrenne told us something. While we're in here... don't ever use regeneration ampules no matter what..."
        },
        {
            "id": 7,
            "model": "슈렌느",
            "teller": "Shrenne",
            "title": "K Corp. Laboratory",
            "content": "……"
        },
        {
            "id": 8,
            "model": "니코",
            "teller": "Niko",
            "title": "Rosespanner Workshop",
            "content": "Haah... Saying that out loud... is breaching the contract, you dolt..."
        },
        {
            "id": 9,
            "model": "로쟈",
            "content": "That so... Shrenne told you that? Why?"
        },
        {
            "id": 10,
            "model": "장미스패너2",
            "teller": "Assistant Fixer",
            "title": "Rosespanner Workshop",
            "content": "I don't know... She said we'll see in due time..."
        },
        {
            "id": 11,
            "model": "동랑",
            "teller": "Dongrang",
            "title": "K Corp. Dept. of Food Resource Development",
            "content": "Well, we have the simplest way to find out, don't we?"
        },
        {
            "id": 12,
            "content": "After fiddling with a regeneration ampule in his hand, Dongrang made a sudden move..."
        },
        {
            "id": 13,
            "content": "He quickly jabbed the ampule into the unguarded Fixer's body like a dagger."
        },
        {
            "id": 14,
            "model": "장미스패너2",
            "teller": "Assistant Fixer",
            "title": "Rosespanner Workshop",
            "content": "Ah..."
        },
        {
            "id": 15,
            "content": "The Fixer tried to remove the ampule, but its content had already entered the system..."
        },
        {
            "id": 16,
            "model": "니코",
            "teller": "Niko",
            "title": "Rosespanner Workshop",
            "content": "…!"
        },
        {
            "id": 17,
            "model": "장미스패너2",
            "teller": "Assistant Fixer",
            "title": "Rosespanner Workshop",
            "content": "...Why do you look so surprised, boss? What happens if the ampule is injected...?"
        },
        {
            "id": 18,
            "model": "장미스패너2",
            "teller": "Assistant Fixer",
            "title": "Rosespanner Workshop",
            "content": "...Huh, this is weird..."
        },
        {
            "id": 19,
            "content": "The Fixer's limbs began to twist in strange angles..."
        },
        {
            "id": 20,
            "model": "장미스패너2",
            "teller": "Assistant Fixer",
            "title": "Rosespanner Workshop",
            "content": "Uwaah. Uagh."
        },
        {
            "id": 21,
            "content": "Then some things started protruding through the flesh."
        },
        {
            "id": 22,
            "content": "Collapsed on the floor, the Fixer tried to yell something, but failed to make any sound."
        },
        {
            "id": 23,
            "model": "그레고르",
            "content": "...Is it just me, or is this awfully familiar?"
        },
        {
            "id": 24,
            "model": "로쟈",
            "content": "Please. You don't really think you're the only one who remembers that bug den, do you, Greg babe?"
        },
        {
            "id": 25,
            "content": "Resembling larvas or snails..."
        },
        {
            "id": 26,
            "model": "니코",
            "teller": "Niko",
            "title": "Rosespanner Workshop",
            "content": "...Oh dear."
        },
        {
            "id": 27,
            "model": "슈렌느",
            "teller": "Shrenne",
            "title": "K Corp. Laboratory",
            "content": "Let's stop here. I dragged too many people into this."
        },
        {
            "id": 28,
            "model": "니코",
            "teller": "Niko",
            "title": "Rosespanner Workshop",
            "content": "Well... It was my decision to take the deal for the money."
        },
        {
            "id": 29,
            "model": "니코",
            "teller": "Niko",
            "title": "Rosespanner Workshop",
            "content": "Dearie me... Should've gone on a bigger spree yesterday if I knew it would come to this."
        }
    ]
}