{
    "dataList": [
        {
            "id": 0,
            "content": "The location, as marked by the pirate's blood, led us to..."
        },
        {
            "id": 1,
            "place": "Marlin Port Club Entrance",
            "content": "... The entrance of a club. Faint music could be heard echoing out from behind the doors."
        },
        {
            "id": 2,
            "model": "단테2",
            "content": "<So... this is the place?>"
        },
        {
            "id": 3,
            "model": "로쟈",
            "content": "... Any of us been to a loud, flamboyant, deluxe dance club like this before?"
        },
        {
            "id": 4,
            "model": "그레고르",
            "content": "Well, if I had to guess... My bet would be on you."
        },
        {
            "id": 5,
            "model": "로쟈",
            "content": "Oh, come on~ A flashy bar like this? At my Backstreets?"
        },
        {
            "id": 6,
            "model": "로쟈",
            "content": "I doubt it would've had much business back there, hmm?"
        },
        {
            "id": 7,
            "model": "로쟈",
            "content": "People would sometimes host secret Backstreets parties, but Sonya somehow always caught on~"
        },
        {
            "id": 8,
            "model": "단테2",
            "content": "<So, why are we talking about this?>"
        },
        {
            "id": 9,
            "model": "로쟈",
            "content": "Don't you see, Dante? Bouncers, at the gate."
        },
        {
            "id": 10,
            "model": "쌍갈고리파조직원3",
            "teller": "Bouncer",
            "title": "???",
            "content": "Welcome; how many do you have with you today?"
        },
        {
            "id": 11,
            "model": "클럽손님",
            "teller": "Guest",
            "title": "U Corp.",
            "content": "Two. Come on, man. Don'tcha remember me? I'm on the list."
        },
        {
            "id": 12,
            "model": "쌍갈고리파조직원3",
            "teller": "Bouncer",
            "title": "???",
            "content": "Ah... my apologies. Please, enter. "
        },
        {
            "id": 13,
            "model": "로쟈",
            "content": "Look, look! They're checking something with the guests before letting them in. We gotta squeeze in there all smooth somehow..."
        },
        {
            "id": 14,
            "model": "그레고르",
            "content": "Welp, since Rodya's out... Next in the line is..."
        },
        {
            "id": 15,
            "model": "히스클리프",
            "content": "Huh? What, me?"
        },
        {
            "id": 16,
            "model": "히스클리프",
            "content": "The hell are you blathering about? I'll smash your skull in!"
        },
        {
            "id": 17,
            "model": "로쟈",
            "content": "Mm~ I'd take that as a compliment if I were you, Heath~"
        },
        {
            "id": 18,
            "model": "히스클리프",
            "content": "Ahem... S-should I?"
        },
        {
            "id": 19,
            "model": "히스클리프",
            "content": "Khm. Sorry to disappoint, but my Syndicate was less about music and dance and more about... blood, loyalty, things like that."
        },
        {
            "id": 20,
            "model": "히스클리프",
            "content": "I'm more of a small watering hole or an old pub bloke than a fancy clubber. Gettin' sloshed, drinkin' from old rickety tables... Yeah, that's more like it."
        },
        {
            "id": 21,
            "model": "료슈",
            "content": "Me."
        },
        {
            "id": 22,
            "model": "료슈",
            "content": "Music: Screams of fear and pain. Deluxe: Walls painted red with blood. Dance: People with crushed joints, forced to dance..."
        },
        {
            "id": 23,
            "model": "그레고르",
            "content": "Yeah, that's... not a club."
        },
        {
            "id": 24,
            "model": "그레고르",
            "content": "Well, I can't think of anyone else, then..."
        },
        {
            "id": 25,
            "model": "뫼르소",
            "content": "I have been to such a club."
        },
        {
            "id": 26,
            "model": "뫼르소",
            "content": "Quite often."
        },
        {
            "id": 27,
            "model": "단테2",
            "content": "<......>"
        },
        {
            "id": 28,
            "model": "그레고르",
            "content": "... Y-you're joking."
        },
        {
            "id": 29,
            "model": "뫼르소",
            "content": "I am not. I fail to see why that is difficult for you to accept."
        },
        {
            "id": 30,
            "model": "뫼르소",
            "content": "It was merely one of the places I visited when I used to wander in search of life's joys."
        },
        {
            "id": 31,
            "model": "뫼르소",
            "content": "A cursory observation of their procedures reveals that it is, in fact, a private club. As a general rule, visitors must receive the bouncers' permission prior to entry."
        },
        {
            "id": 32,
            "model": "뫼르소",
            "content": "Most bouncers are of above-average mass and are likely to be armed."
        },
        {
            "id": 33,
            "model": "뫼르소",
            "content": "Key elements to getting past the bouncers are..."
        },
        {
            "id": 34,
            "model": "이스마엘",
            "content": "You'd be right... if this was just any other club."
        },
        {
            "id": 35,
            "model": "로쟈",
            "content": "Ishy...?"
        },
        {
            "id": 36,
            "content": "Ishmael walked past us and up to the club entrance."
        },
        {
            "id": 37,
            "model": "이스마엘",
            "content": "This is a home to a leader of a Syndicate. The question you should be asking is... what are the *other* ways of entering this establishment?"
        },
        {
            "id": 38,
            "model": "이스마엘",
            "content": "And I'm sure the answer lies with a Syndicate member."
        },
        {
            "id": 39,
            "model": "이스마엘",
            "content": "Easy enough, right?"
        },
        {
            "id": 40,
            "model": "쌍갈고리파조직원3",
            "teller": "Bouncer",
            "title": "???",
            "content": "What brings you here, if I may ask?"
        },
        {
            "id": 41,
            "model": "이스마엘",
            "content": "I..."
        },
        {
            "id": 42,
            "model": "쌍갈고리파조직원3",
            "teller": "Bouncer",
            "title": "???",
            "content": "...?"
        },
        {
            "id": 43,
            "model": "이스마엘",
            "content": "I'm... Queequeg's... friend."
        },
        {
            "id": 44,
            "model": "쌍갈고리파조직원3",
            "teller": "Bouncer",
            "title": "???",
            "content": "You're... whose friend?"
        },
        {
            "id": 45,
            "model": "이스마엘",
            "content": "Queequeg."
        },
        {
            "id": 46,
            "model": "이스마엘",
            "content": "You recognized that name, didn't you?"
        },
        {
            "id": 47,
            "content": "At the mere mention of that name, the bouncer's expression changed from that of indifference to disbelief."
        },
        {
            "id": 48,
            "model": "쌍갈고리파조직원3",
            "teller": "Bouncer",
            "title": "???",
            "content": "Wait..."
        },
        {
            "id": 49,
            "model": "쌍갈고리파조직원3",
            "teller": "Bouncer",
            "title": "???",
            "content": "$@$#@$@#…."
        },
        {
            "id": 50,
            "content": "The bouncer whispers something into the radio."
        },
        {
            "id": 51,
            "model": "단테2",
            "content": "<Is he really going to let us in?>"
        },
        {
            "id": 52,
            "model": "쌍갈고리파조직원3",
            "teller": "Bouncer",
            "title": "???",
            "content": "Are you truly a friend of this Queequeg?"
        },
        {
            "id": 53,
            "model": "이스마엘",
            "content": "... What if I am?"
        },
        {
            "id": 54,
            "model": "쌍갈고리파조직원3",
            "teller": "Bouncer",
            "title": "???",
            "content": "Where is Queequeg?"
        },
        {
            "id": 55,
            "model": "이스마엘",
            "content": "……."
        },
        {
            "id": 56,
            "model": "쌍갈고리파조직원3",
            "teller": "Bouncer",
            "title": "???",
            "content": "It's the Boss askin'."
        },
        {
            "id": 57,
            "model": "이스마엘",
            "content": "Right... so your Boss is in the club, huh."
        },
        {
            "id": 58,
            "model": "쌍갈고리파조직원3",
            "teller": "Bouncer",
            "title": "???",
            "content": "I ask again. Where is Queeq..."
        },
        {
            "id": 59,
            "teller": "The Twinhooks?",
            "title": "???",
            "content": "The Twinhooks are on our way. I repeat. We are..."
        },
        {
            "id": 60,
            "model": "단테2",
            "content": "<I thought we were trying to sneak in?!>"
        },
        {
            "id": 61,
            "model": "이스마엘",
            "content": "No."
        },
        {
            "id": 62,
            "model": "이스마엘",
            "content": "I just wanted to know if their Boss was home. We should be able to get all the intel we want from them."
        }
    ]
}