{
    "dataList": [
        {
            "id": 0,
            "model": "료슈",
            "content": "E. Y."
        },
        {
            "id": 1,
            "model": "이상",
            "content": "...Did you call?"
        },
        {
            "id": 2,
            "model": "료슈",
            "content": "That man who keeps clinging to us claiming to be your friend. What's the relationship?"
        },
        {
            "id": 3,
            "model": "이상",
            "content": "As can be seen, the tie has long been severed."
        },
        {
            "id": 4,
            "model": "료슈",
            "content": "I don't like butting in, and I hate speaking for long even more..."
        },
        {
            "id": 5,
            "model": "료슈",
            "content": "But I'm telling you this since the smile of that ignorance-feigning scoundrel Dongrang is detestable."
        },
        {
            "id": 6,
            "model": "료슈",
            "content": "That one desk, one that was even more disgusting than the others because it was clean and empty."
        },
        {
            "id": 7,
            "model": "료슈",
            "content": "The nametag below it had your name."
        },
        {
            "id": 8,
            "model": "이상",
            "content": "……"
        },
        {
            "id": 9,
            "model": "단테",
            "content": "<He was planning to give Yi Sang that position all along?>"
        },
        {
            "id": 10,
            "model": "이스마엘",
            "content": "Do you think he's trying to headhunt him? That's supposedly a violation of moral principles between firms or something like that, isn't it?"
        },
        {
            "id": 11,
            "model": "료슈",
            "content": "BAFFLED."
        },
        {
            "id": 12,
            "model": "이스마엘",
            "content": "...What's that supposed to be an acronym for?"
        },
        {
            "id": 13,
            "model": "료슈",
            "content": "It's not. I'm just baffled."
        },
        {
            "id": 14,
            "model": "료슈",
            "content": "Orange hair, you say you used to work on a ship for a long while? As a Fixer?"
        },
        {
            "id": 15,
            "model": "료슈",
            "content": "You have serious delusions about Wings and firms. Did you dump your common sense into the great lake as chum?"
        },
        {
            "id": 16,
            "model": "료슈",
            "content": "Bringing up morality in the world we live in... Pretty amusing for a joke."
        },
        {
            "id": 17,
            "model": "뫼르소",
            "content": "Headhunting and changing jobs between firms are done based on interests and efficiency."
        },
        {
            "id": 18,
            "model": "히스클리프",
            "content": "Heh, so you're a hillbilly in your own language, eh. Or should I say boatbilly?"
        },
        {
            "id": 19,
            "model": "이스마엘",
            "content": "Erggh..."
        },
        {
            "id": 20,
            "model": "단테",
            "content": "<Even if that was the case... This really is strange.>"
        },
        {
            "id": 21,
            "model": "단테",
            "content": "<He's not taking Yi Sang's thoughts into account at all...>"
        },
        {
            "id": 22,
            "model": "이상",
            "content": "Pay it no heed. Thoughts are rather meager things."
        },
        {
            "id": 23,
            "model": "이상",
            "content": "I am quite used to the life of being taxidermied."
        },
        {
            "id": 24,
            "model": "싱클레어",
            "content": "Are you sure you don't mind? Yi Sang, when you joined the company..."
        },
        {
            "id": 25,
            "model": "싱클레어",
            "content": "No, actually... Didn't all of us receive the same offer?"
        },
        {
            "id": 26,
            "content": "The job offer."
        },
        {
            "id": 27,
            "content": "In my case, I was promised I'd get my aspect carved."
        },
        {
            "id": 28,
            "content": "I could barely remember a thing, but as soon as I heard that word, I nodded as if I was possessed."
        },
        {
            "id": 29,
            "content": "They acted like they knew my only choice would be to accept it..."
        },
        {
            "id": 30,
            "model": "싱클레어",
            "content": "If I joined this company..."
        },
        {
            "id": 31,
            "model": "이상",
            "content": "When I do..."
        },
        {
            "id": 32,
            "model": "이상",
            "content": "The thing I wished for dearly..."
        },
        {
            "id": 33,
            "model": "이스마엘",
            "content": "The thing I recited to myself every night..."
        },
        {
            "id": 34,
            "model": "오티스",
            "content": "Yes, the thing I thought would be impossible..."
        },
        {
            "id": 35,
            "model": "파우스트",
            "content": "They promised to make it a possibility. Most certainly."
        },
        {
            "id": 36,
            "model": "돈키호테",
            "content": "……"
        },
        {
            "id": 37,
            "model": "그레고르",
            "content": "How thoroughly did they look into our backgrounds?"
        },
        {
            "id": 38,
            "model": "히스클리프",
            "content": "Hah... Guess we had our version of wish-granting tales just like that storybook we read earlier."
        },
        {
            "id": 39,
            "model": "이상",
            "content": "In truth, even that wish was no more than a futile dream."
        },
        {
            "id": 40,
            "model": "히스클리프",
            "content": "What, you weren't that desperate for it? Why did you join, then?"
        },
        {
            "id": 41,
            "model": "이상",
            "content": "Simply..."
        },
        {
            "id": 42,
            "model": "이상",
            "content": "I walked for so long that my feet hurt. A shower of rain was pouring down as well."
        },
        {
            "id": 43,
            "model": "이상",
            "content": "The bus I saw then appeared rather inviting."
        },
        {
            "id": 44,
            "model": "료슈",
            "content": "Hah. That can't be it, can it?"
        },
        {
            "id": 45,
            "model": "료슈",
            "content": "We all..."
        },
        {
            "id": 46,
            "model": "파우스트",
            "content": "That's enough of it."
        },
        {
            "id": 47,
            "model": "파우스트",
            "content": "Our company rules forbid disclosing the contents of the job contract in detail."
        },
        {
            "id": 48,
            "model": "료슈",
            "content": "Acting all high and mighty when you're in the same boat with the rest. Foul."
        },
        {
            "id": 49,
            "model": "파우스트",
            "content": "……"
        },
        {
            "id": 50,
            "model": "파우스트",
            "content": "Let's proceed."
        },
        {
            "id": 51,
            "content": "That's when a thought struck me."
        },
        {
            "id": 52,
            "content": "Unlike most other Sinners, Yi Sang wouldn't vocalize his pain."
        },
        {
            "id": 53,
            "content": "Because of that, I would often discover his injuries late."
        },
        {
            "id": 54,
            "content": "Where has he been holding all that pain?"
        },
        {
            "id": 55,
            "content": "I was reminded of the void in his chest I caught a glimpse of."
        },
        {
            "id": 56,
            "content": "Was he keeping it in... or was it spilling out?"
        }
    ]
}