{
    "dataList": [
        {
            "id": 0,
            "place": "Ruined K Corp. Laboratory Hallway",
            "content": "I did my best to ignore the fierce glare at my clock from below."
        },
        {
            "id": 1,
            "content": "I noticed a group of staff walking this way, carrying an imposing aura, unlike any other K Corp. employee we've met."
        },
        {
            "id": 2,
            "model": "그레고르",
            "content": "Ah, you must be K Corp. staff. Hey! I saw some researchers that haven't evacuated over there..."
        },
        {
            "id": 3,
            "model": "K사3등급전투원",
            "teller": "Class 3 Excision Staff",
            "title": "K Corp.",
            "content": "……"
        },
        {
            "id": 4,
            "content": "They ignored our–or Gregor's, rather–words and proceeded upstairs."
        },
        {
            "id": 5,
            "model": "동랑",
            "teller": "Dongrang",
            "title": "K Corp. Dept. of Food Resource Development",
            "content": "They aren't here to rescue anyone. Their role is eliminating intruders and keeping classified technologies secure."
        },
        {
            "id": 6,
            "content": "Dongrang interjected like he's always been here. I suppose he's got done with the call."
        },
        {
            "id": 7,
            "model": "동랑",
            "teller": "Dongrang",
            "title": "K Corp. Dept. of Food Resource Development",
            "content": "Rescuing is left to Class 1 staff."
        },
        {
            "id": 8,
            "model": "돈키호테",
            "content": "Gasp! Is Class 1 not the highest level an employee can reach, precisely like Grade 1 is for Fixers?! Verily, 'tis no wonder that they are the noblest...!"
        },
        {
            "id": 9,
            "model": "삼조",
            "teller": "Samjo",
            "title": "K Corp. Dept. of Food Resource Development",
            "content": "Sorry? In this Nest, Class 1 is the lowest level, and higher numbers indicate better ranks..."
        },
        {
            "id": 10,
            "model": "돈키호테",
            "content": "Wha, wuh, wah, wha, wai... Whaat?!!!"
        },
        {
            "id": 11,
            "model": "돈키호테",
            "content": "...Even still, none can be too lordly or lowly to save lives, so how can the roles be divided?"
        },
        {
            "id": 12,
            "model": "동랑",
            "teller": "Dongrang",
            "title": "K Corp. Dept. of Food Resource Development",
            "content": "Haha, bigger is better for numbers and riches alike, isn't that right?"
        },
        {
            "id": 13,
            "model": "동랑",
            "teller": "Dongrang",
            "title": "K Corp. Dept. of Food Resource Development",
            "content": "Ah, the conversation dragged on for a bit... But there's nothing to worry about, I've acquired the permission."
        },
        {
            "id": 14,
            "model": "단테",
            "content": "<…?>"
        },
        {
            "id": 15,
            "model": "히스클리프",
            "content": "What? Permission? For what?"
        },
        {
            "id": 16,
            "model": "동랑",
            "teller": "Dongrang",
            "title": "K Corp. Dept. of Food Resource Development",
            "content": "Normally, it seems to require a bunch of paperwork as well, but since we're in an emergency, let's skip the procedures that we can. Should be fine, right, Samjo?"
        },
        {
            "id": 17,
            "model": "삼조",
            "teller": "Samjo",
            "title": "K Corp. Dept. of Food Resource Development",
            "content": "Well... I believe it could be managed with three days and a half of working on the report overtime."
        },
        {
            "id": 18,
            "model": "삼조",
            "teller": "Samjo",
            "title": "K Corp. Dept. of Food Resource Development",
            "content": "And strictly speaking, the problem already began when you brought them to your lab without any report."
        },
        {
            "id": 19,
            "model": "히스클리프",
            "content": "Just tell us what that permission is about first!"
        },
        {
            "id": 20,
            "model": "동랑",
            "teller": "Dongrang",
            "title": "K Corp. Dept. of Food Resource Development",
            "content": "It would seem that Dongbaek has headed that way."
        },
        {
            "id": 21,
            "model": "동랑",
            "teller": "Dongrang",
            "title": "K Corp. Dept. of Food Resource Development",
            "content": "The screening room."
        },
        {
            "id": 22,
            "model": "동랑",
            "teller": "Dongrang",
            "title": "K Corp. Dept. of Food Resource Development",
            "content": "The security procedures for entering that place can be... extremely convoluted."
        },
        {
            "id": 23,
            "model": "로쟈",
            "content": "Screening room? The name doesn't give a very clear idea of what it's about~"
        },
        {
            "id": 24,
            "model": "홍루",
            "content": "Wonder why the security is so tight about it~"
        },
        {
            "id": 25,
            "model": "동랑",
            "teller": "Dongrang",
            "title": "K Corp. Dept. of Food Resource Development",
            "content": "It's at the very top of the building."
        },
        {
            "id": 26,
            "model": "동랑",
            "teller": "Dongrang",
            "title": "K Corp. Dept. of Food Resource Development",
            "content": "There are two ways to make something inaccessible: put it underground, or at the highest point."
        }
    ]
}