{
  "dataList": [
    {
      "id": 0,
      "place": "K Corp. Checkpoint",
      "model": "단테",
      "content": "<Really just gonna watch from there?>"
    },
    {
      "id": 1,
      "model": "베르길리우스",
      "content": "You won’t sway me with that look, Manager."
    },
    {
      "id": 2,
      "model": "베르길리우스",
      "content": "I’m nothing more than a guide that none pay heed to; it would be impertinent of me to brandish my weapon."
    },
    {
      "id": 3,
      "model": "베르길리우스",
      "content": "Well, to meddle one final time: K Corp’s Singularity takes the form of healing bullets that restore most wounds in the blink of an eye."
    },
    {
      "id": 4,
      "model": "베르길리우스",
      "content": "I suppose it could be compared to that ability of yours."
    },
    {
      "id": 5,
      "model": "단테",
      "content": "<Hey, wait…!>"
    },
    {
      "id": 6,
      "content": "Completely ignoring my feeble plea—not that they could hear it—K Corp’s security guards closed in on us."
    }
  ]
}