{
  "dataList": [
    {
      "id": 0,
      "place": "Private Room",
      "model": "아이드",
      "teller": "Aida",
      "title": "Los Mariachis",
      "content": "We’re at the final round. You all keeping a good eye on your chips?"
    },
    {
      "id": 1,
      "model": "로쟈",
      "content": "Hm, I’m all in."
    },
    {
      "id": 2,
      "model": "아이드",
      "teller": "Aida",
      "title": "Los Mariachis",
      "content": "…All in?"
    },
    {
      "id": 3,
      "model": "소냐",
      "teller": "Sonya",
      "title": "Yurodivy",
      "content": "Ooh~ Dealt a nice hand, huh, Rodya?"
    },
    {
      "id": 4,
      "model": "철공회보스",
      "teller": "Crew Boss",
      "title": "Tieqiu Crew",
      "content": "Hah~ That swagger of yours’s been rubbin’ me the wrong way, y’know that? You’re pushin’ yourself to the edge, so what’re you counting on?"
    },
    {
      "id": 5,
      "model": "로쟈",
      "content": "I’m the kind of gal who bets everything she has at the end."
    },
    {
      "id": 6,
      "model": "로쟈",
      "content": "……"
    },
    {
      "id": 7,
      "model": "철공회보스",
      "teller": "Crew Boss",
      "title": "Tieqiu Crew",
      "content": "Stop right there. Pull your sleeve up. Don’t think I didn’t see you bein’ sneaky."
    },
    {
      "id": 8,
      "model": "로쟈",
      "content": "Huh?!"
    },
    {
      "id": 9,
      "model": "철공회보스",
      "teller": "Crew Boss",
      "title": "Tieqiu Crew",
      "content": "You just put one of them wish stickers you got from the Tingtang bossman on your arm."
    },
    {
      "id": 10,
      "model": "철공회보스",
      "teller": "Crew Boss",
      "title": "Tieqiu Crew",
      "content": "You were tryin’ to rake in all the chips this round so you can have the Golden Bough all to yourself."
    },
    {
      "id": 11,
      "model": "철공회보스",
      "teller": "Crew Boss",
      "title": "Tieqiu Crew",
      "content": "Look, everyone! Right ‘ere ‘neath her hand, this thing. ‘S got to be the sticker, ey?"
    },
    {
      "id": 12,
      "model": "로쟈",
      "content": "…Got proof?"
    },
    {
      "id": 13,
      "model": "소냐",
      "teller": "Sonya",
      "title": "Yurodivy",
      "content": "Sorry, Rodya, but can I take a look at your wrist for a second?"
    },
    {
      "id": 14,
      "model": "로쟈",
      "content": "……"
    },
    {
      "id": 15,
      "model": "철공회보스",
      "teller": "Crew Boss",
      "title": "Tieqiu Crew",
      "content": "Nah, you aren’t! Don’t you touch ‘er. Far as I know, you two might be in cahoots."
    },
    {
      "id": 16,
      "model": "철공회보스",
      "teller": "Crew Boss",
      "title": "Tieqiu Crew",
      "content": "Nooow, I’ll lay ‘er arm bare, so keep your eyes peeled, aight? I knew this sly little fox would play dirty."
    },
    {
      "id": 17,
      "model": "아이드",
      "teller": "Aida",
      "title": "Los Mariachis",
      "content": "Hold on now… This situation… and dialogue… all feel awfully familiar. Have I seen this before somewhere?"
    },
    {
      "id": 18,
      "model": "로쟈",
      "content": "Small-minded for someone so big. Do you really have to be petty about this?"
    },
    {
      "id": 19,
      "model": "철공회보스",
      "teller": "Crew Boss",
      "title": "Tieqiu Crew",
      "content": "And didn’t they teach you that with stolen wishpower comes strict responsibility?"
    },
    {
      "id": 20,
      "model": "로쟈",
      "content": "…You’ve watched too many movies man. What’s stolen?"
    },
    {
      "id": 21,
      "model": "로쟈",
      "content": "If you find nothing, will you fold and walk out?"
    },
    {
      "id": 22,
      "model": "철공회보스",
      "teller": "Crew Boss",
      "title": "Tieqiu Crew",
      "content": "Hah, you’ve got guts. Fine, I’ll bet all my stakes that there’s a piece o’ the wishpower on your wrist. What do you say?"
    },
    {
      "id": 23,
      "model": "로쟈",
      "content": "Same as yours. So, one of us is about to go bust then? Scared, are you?"
    },
    {
      "id": 24,
      "model": "철공회보스",
      "teller": "Crew Boss",
      "title": "Tieqiu Crew",
      "content": "Pahahahah! Oh that’s cute, you get that somewhere? Anyway, that means your words’re final, ey?"
    },
    {
      "id": 25,
      "model": "아이드",
      "teller": "Aida",
      "title": "Los Mariachis",
      "content": "Oh my… This is going exactly how I remember… I’m pretty sure the conclusion was…"
    },
    {
      "id": 26,
      "model": "철공회보스",
      "teller": "Crew Boss",
      "title": "Tieqiu Crew",
      "content": "Here goes, let us confirm then~"
    },
    {
      "id": 27,
      "model": "철공회보스",
      "teller": "Crew Boss",
      "title": "Tieqiu Crew",
      "content": "……"
    },
    {
      "id": 28,
      "model": "철공회보스",
      "teller": "Crew Boss",
      "title": "Tieqiu Crew",
      "content": "Wuhuh? What’s going on ‘ere?"
    },
    {
      "id": 29,
      "model": "철공회보스",
      "teller": "Crew Boss",
      "title": "Tieqiu Crew",
      "content": "I saw it. I saw the little fox rub ‘er wrist! There’s—there’s no way…"
    },
    {
      "id": 30,
      "model": "소냐",
      "teller": "Sonya",
      "title": "Yurodivy",
      "content": "That means you’re out. What a pity."
    },
    {
      "id": 31,
      "model": "로쟈",
      "content": "What happens to the loser, then? Lop off a hand or something?"
    },
    {
      "id": 32,
      "model": "소냐",
      "teller": "Sonya",
      "title": "Yurodivy",
      "content": "You’re joking, right, Rodya? There’s no point in removing a prosthetic hand."
    },
    {
      "id": 33,
      "model": "철공회보스",
      "teller": "Crew Boss",
      "title": "Tieqiu Crew",
      "content": "No, this is… This can’t be right…"
    },
    {
      "id": 34,
      "model": "소냐",
      "teller": "Sonya",
      "title": "Yurodivy",
      "content": "The defeated will be shown generosity, but false accusations need to be taken care of with more caution."
    },
    {
      "id": 35,
      "model": "아이드",
      "teller": "Aida",
      "title": "Los Mariachis",
      "content": "Hang on, are you…?"
    },
    {
      "id": -1,
      "content": "[DEVELOPER COMMENT NOT TO DISPLAY]"
    },
    {
      "id": 36,
      "model": "로쟈",
      "content": "……"
    },
    {
      "id": 37,
      "model": "로쟈",
      "content": "Gweh… What in the…!"
    },
    {
      "id": 38,
      "model": "아이드",
      "teller": "Aida",
      "title": "Los Mariachis",
      "content": "For Wings’ sake, can you PLEASE give me a warning—just a little one!"
    },
    {
      "id": 39,
      "model": "아이드",
      "teller": "Aida",
      "title": "Los Mariachis",
      "content": "Ugh… Look at all the grease and spinal fluid… Bwegh."
    },
    {
      "id": 40,
      "model": "소냐",
      "teller": "Sonya",
      "title": "Yurodivy",
      "content": "Remember, Rodya? It’s a trash compactor we saw at the waste disposal in our Backstreets."
    },
    {
      "id": 41,
      "model": "로쟈",
      "content": "……"
    },
    {
      "id": 42,
      "model": "소냐",
      "teller": "Sonya",
      "title": "Yurodivy",
      "content": "I told you back then."
    },
    {
      "id": 43,
      "model": "소냐",
      "teller": "Sonya",
      "title": "Yurodivy",
      "content": "That we proletarians should unite to take down the ruling class and build a new society."
    },
    {
      "id": 44,
      "model": "소냐",
      "teller": "Sonya",
      "title": "Yurodivy",
      "content": "So then you replied:"
    },
    {
      "id": 45,
      "model": "소냐",
      "teller": "Sonya",
      "title": "Yurodivy",
      "content": "“If you mean we should round up the rich and flatten ‘em under one of those compactors, then I’m all for it.”"
    },
    {
      "id": 46,
      "model": "로쟈",
      "content": "…Small correction: I said “crush and pop ‘em”."
    },
    {
      "id": 47,
      "model": "소냐",
      "teller": "Sonya",
      "title": "Yurodivy",
      "content": "…Is that so."
    },
    {
      "id": 48,
      "model": "소냐",
      "teller": "Sonya",
      "title": "Yurodivy",
      "content": "Rodya, are you still unwilling to return to the Yurodiviye?"
    },
    {
      "id": 49,
      "model": "로쟈",
      "content": "I…"
    },
    {
      "id": 50,
      "model": "그레고르",
      "content": "Didn’t you all… hear a loud slam just now?"
    },
    {
      "id": 51,
      "model": "소드",
      "teller": "Saude",
      "title": "LCCB",
      "content": "Undoubtedly. After a quarrel about… wishpower and the like."
    },
    {
      "id": 52,
      "model": "히스클리프",
      "content": "What? Did they find out? Oi, quit gawking and turn that clock."
    },
    {
      "id": 53,
      "model": "이스마엘",
      "content": "Gosh, please stop pushing. …Aaah!"
    },
    {
      "id": 54,
      "model": "싱클레어",
      "content": "Huh, woah—?!"
    },
    {
      "id": 55,
      "content": "Unfortunately, the door we were leaning against was a flimsy wooden frame covered with rice paper."
    },
    {
      "id": 56,
      "content": "We all tumbled into the room as the door fell."
    }
  ]
}