{
    "dataList": [
        {
            "id": 0,
            "place": "Dark Corners of U Corp.",
            "model": "쌍갈고리파조직원2",
            "teller": "Kidnapper 2",
            "title": "???",
            "content": "Ye bastards... When our boss hears of this, yer all finished...!"
        },
        {
            "id": 1,
            "model": "쌍갈고리파조직원2",
            "teller": "Kidnapper 2",
            "title": "???",
            "content": "So if ye... uh, bow down and... beg fer..."
        },
        {
            "id": 2,
            "model": "쌍갈고리파조직원2",
            "teller": "Kidnapper 2",
            "title": "???",
            "content": "W-wait! I'm not finished! Get away! Git!"
        },
        {
            "id": 3,
            "model": "이스마엘",
            "content": "Oh, that's convenient."
        },
        {
            "id": 4,
            "model": "단테2",
            "content": "<......>"
        },
        {
            "id": 5,
            "model": "이스마엘",
            "content": "Nice. Now we know we can go up the chain and talk to their 'boss' in charge. Let's stop wasting our time here."
        },
        {
            "id": 6,
            "model": "이스마엘",
            "content": "I don't want to have to crack open these shipping containers one by one and go through mountains of rotting corpses."
        },
        {
            "id": 7,
            "model": "이스마엘",
            "content": "You can still point, right?"
        },
        {
            "id": 8,
            "model": "쌍갈고리파조직원2",
            "teller": "Kidnapper 2",
            "title": "???",
            "content": "......"
        },
        {
            "id": 9,
            "model": "쌍갈고리파조직원2",
            "teller": "Kidnapper 2",
            "title": "???",
            "content": "P... please..."
        },
        {
            "id": 10,
            "model": "이스마엘",
            "content": "The location of your boss. Mark it on this map with your finger."
        },
        {
            "id": 11,
            "content": "I wasn't sure when she picked it up, but Ishmael was carrying a travel brochure of Marlin Port. She shoved it in the pirate's face, who struggled for a moment before pointing to a location on the map."
        },
        {
            "id": 12,
            "content": "As soon as her trembling finger reached the paper..."
        },
        {
            "id": 13,
            "model": "단테2",
            "content": "<Ishmael, Wait—>"
        },
        {
            "id": 14,
            "model": "이스마엘",
            "content": "Well, we have our next stop. What are we waiting for?"
        },
        {
            "id": 15,
            "content": "Ishmael walked out, leaving nothing but shipping containers full of both old and fresh bodies behind."
        },
        {
            "id": 16,
            "model": "그레고르",
            "content": "What are the odds that the LCCB Agent we were supposed to meet is still alive...?"
        },
        {
            "id": 17,
            "model": "이스마엘",
            "content": "Depends on how rich they think we are."
        },
        {
            "id": 18,
            "model": "그레고르",
            "content": "... He could already be dead, then."
        },
        {
            "id": 19,
            "model": "이스마엘",
            "content": "Even if the worst comes to pass, we should still find his body. That'll at least give us something."
        },
        {
            "id": 20,
            "model": "싱클레어",
            "content": "... If that's all we find at the end of this, his corpse... Ishmael..."
        },
        {
            "id": 21,
            "model": "싱클레어",
            "content": "I... don't think I could forgive..."
        },
        {
            "id": 22,
            "model": "이스마엘",
            "content": "Ha... who, me?"
        },
        {
            "id": 23,
            "model": "싱클레어",
            "content": "No. Us. We who... didn't even try to save them."
        },
        {
            "id": 24,
            "model": "단테2",
            "content": "<Faust.>"
        },
        {
            "id": 25,
            "model": "파우스트",
            "content": "I am listening."
        },
        {
            "id": 26,
            "model": "단테2",
            "content": "<Should we do something? Is she going to be okay? I mean, Ishmael...>"
        },
        {
            "id": 27,
            "model": "파우스트",
            "content": "I can give you answers regarding her insubordination and her emotional state."
        },
        {
            "id": 28,
            "model": "파우스트",
            "content": "But this is not a matter in which Faust's answers can be of much assistance."
        },
        {
            "id": 29,
            "model": "오티스",
            "content": "Executive Manager, such insubordination and nigh rogue behavior would have resulted in an on-the-spot execution in any other organization."
        },
        {
            "id": 30,
            "model": "오티스",
            "content": "I am aware that punishing the Sinners is not a part of the authority given to you, but there must be penalties befitting her actions for proper management."
        },
        {
            "id": 31,
            "model": "단테2",
            "content": "<Outis, you're always on my side.>"
        },
        {
            "id": 32,
            "model": "단테2",
            "content": "<Pretty much always, now that I think about it...>"
        },
        {
            "id": 33,
            "model": "오티스",
            "content": "I have been... a leader of men once, as you are now. I can sympathize with your troubles."
        },
        {
            "id": 34,
            "model": "단테2",
            "content": "<I don't know if I can manage Ishmael anymore... I just don't.>"
        },
        {
            "id": 35,
            "model": "단테2",
            "content": "<Though it looked like she was acting rash, maybe it was... maybe she knew the right thing to do in this scenario.>"
        },
        {
            "id": 36,
            "model": "단테2",
            "content": "<If Ishmael suddenly decides to quit, or something...>"
        },
        {
            "id": 37,
            "content": "Faust will doubtless proceed to educate me on the various clauses that prevent Ishmael from quitting..."
        },
        {
            "id": 38,
            "content": "But it's not like I could force her to come along should this hostility escalate. Besides, she'd already acted without my orders earlier."
        },
        {
            "id": 39,
            "content": "She did say that she'd follow my orders. But I wasn't sure how long that would last."
        },
        {
            "id": 40,
            "model": "오티스",
            "content": "Executive Manager. That doesn't matter."
        },
        {
            "id": 41,
            "model": "오티스",
            "content": "We don't need there to be 12 Sinners."
        },
        {
            "id": 42,
            "model": "단테2",
            "content": "<... Are you saying that we leave Ishmael?>"
        },
        {
            "id": 43,
            "model": "오티스",
            "content": "Executive Manager. I have wandered for many years in far, far lands before making my journey here. And I have done so with steadfast determination—for a single clause on my contract with the company."
        },
        {
            "id": 44,
            "model": "오티스",
            "content": "I came ready to face all the hardships that the journey entails. Adversity, conflict, and loss of comrades are simply facts of this quest that I must weather. Truth be told, I expect all of them to happen at some point in our journey."
        },
        {
            "id": 45,
            "model": "오티스",
            "content": "Oh, I will always remain by your side, of course."
        },
        {
            "id": 46,
            "content": "She smoothly added the last part, but..."
        },
        {
            "id": 47,
            "content": "But there was a growing suspicion at the back of my mind that, maybe, not everyone felt a sense of belonging from this group."
        },
        {
            "id": 48,
            "content": "Maybe I was the only one who sought a sense of belonging from them. That we'd fight as one no matter what ordeal this journey threw in our way."
        }
    ]
}