{
    "dataList": [
        {
            "id": 0,
            "place": "Invaded K Corp. Laboratory",
            "model": "그레고르",
            "content": "That... certainly looks convenient. Broken bones heal up in a matter of moments."
        },
        {
            "id": 1,
            "model": "동랑",
            "teller": "Dongrang",
            "title": "K Corp. Dept. of Food Resource Development",
            "content": "K Corp. provided us with an astronomical sum of research grants to support our research on improving this ampule. Do keep this a secret from Shrenne, please; she might get mad at me about it for three months."
        },
        {
            "id": 2,
            "model": "료슈",
            "content": "Hmph... Clock would only wind the thing after we've died, scared of a little hurting."
        },
        {
            "id": 3,
            "model": "단테",
            "content": "<……>"
        },
        {
            "id": 4,
            "model": "로쟈",
            "content": "I think I cracked a bone in my right hand~ Can I get an ampule? It's kinda harder to grip my axe."
        },
        {
            "id": 5,
            "content": "Rodya stood in front of a K Corp. drone and extended her right arm."
        },
        {
            "id": 6,
            "model": "K사앰플기계",
            "teller": "Ampule Helper",
            "title": "K Corp.",
            "content": "Welcome. K Corp. drones are always there for your health. Administering regeneration ampule..."
        },
        {
            "id": 7,
            "model": "K사앰플기계",
            "teller": "Ampule Helper",
            "title": "K Corp.",
            "content": "...Cannot administer."
        },
        {
            "id": 8,
            "model": "K사앰플기계",
            "teller": "Ampule Helper",
            "title": "K Corp.",
            "content": "Friendly entities of type 3j-54 are eligible for serum injection, but regeneration ampules may only be administered to patients hemorrhaging 1Lr or more of blood. Also, since you have not taken a cross-compatibility test for the ampules, we do not take any responsibility for possible side effects. Thank you."
        },
        {
            "id": 9,
            "model": "로쟈",
            "content": "Wha~? What are you talking about, you want me to cut off an arm or a leg or something?"
        },
        {
            "id": 10,
            "model": "싱클레어",
            "content": "They're..."
        },
        {
            "id": 11,
            "model": "싱클레어",
            "content": "They're already doing that. Look at the K Corp. staff..."
        },
        {
            "id": 12,
            "model": "싱클레어",
            "content": "They're cutting up their own limbs... to get the ampule..."
        },
        {
            "id": 13,
            "model": "삼조",
            "teller": "Samjo",
            "title": "K Corp. Dept. of Food Resource Development",
            "content": "It's a necessary requirement. It would be a tremendous financial waste to use regeneration ampules for every little scratch."
        },
        {
            "id": 14,
            "model": "삼조",
            "teller": "Samjo",
            "title": "K Corp. Dept. of Food Resource Development",
            "content": "I hate to make comparisons, but its value is far above the caliber of small firms like yours."
        },
        {
            "id": 15,
            "model": "싱클레어",
            "content": "……"
        },
        {
            "id": 16,
            "model": "단테",
            "content": "<Yeesh...>"
        },
        {
            "id": 17,
            "model": "단테",
            "content": "<It looks a bit dangerous here. Those machines are too rough... They might get me killed if I'm not careful.>"
        },
        {
            "id": 18,
            "model": "단테",
            "content": "<I might wanna stay away from the fray a bit just to be safe...>"
        },
        {
            "id": 19,
            "content": "Just then, something grazed past my head... I mean, my head with a threatening shrill."
        },
        {
            "id": 20,
            "model": "단테",
            "content": "<Ah...>"
        },
        {
            "id": 21,
            "model": "이스마엘",
            "content": "Grrr…"
        },
        {
            "id": 22,
            "content": "Right as another projectile flew at me, Ishmael swiftly stretched her arm to take the hit."
        },
        {
            "id": 23,
            "content": "Turning to the direction the projectiles came from, I didn't find enemy robots."
        },
        {
            "id": 24,
            "content": "Instead, there was a K Corp. drone glaring with red."
        },
        {
            "id": 25,
            "model": "오티스",
            "content": "Executive Manager! Are you alright?"
        },
        {
            "id": 26,
            "model": "이스마엘",
            "content": "I'm the one who got hit, Outis..."
        },
        {
            "id": 27,
            "model": "오티스",
            "content": "I should have taken the projectile for you. Curses!"
        },
        {
            "id": 28,
            "model": "이스마엘",
            "content": "Excuse me..."
        },
        {
            "id": 29,
            "model": "오티스",
            "content": "Hah, see what your robots that cost a bomb to make are doing. It fired at an ally!"
        },
        {
            "id": 30,
            "model": "삼조",
            "teller": "Samjo",
            "title": "K Corp. Dept. of Food Resource Development",
            "content": "I must object. That was not friendly fire."
        },
        {
            "id": 31,
            "content": "Samjo yelled from behind, raising his hand high."
        },
        {
            "id": 32,
            "model": "삼조",
            "teller": "Samjo",
            "title": "K Corp. Dept. of Food Resource Development",
            "content": "However... It does appear that exceptions couldn't be fully configured. I apologize for that particular shortcoming."
        },
        {
            "id": 33,
            "model": "오티스",
            "content": "What rubbish are you..."
        },
        {
            "id": 34,
            "model": "삼조",
            "teller": "Samjo",
            "title": "K Corp. Dept. of Food Resource Development",
            "content": "As you are aware, you could come into this place purely thanks to Mr. Dongrang's whim."
        },
        {
            "id": 35,
            "model": "삼조",
            "teller": "Samjo",
            "title": "K Corp. Dept. of Food Resource Development",
            "content": "Having visitors in this place is an extremely rare occurrence, and as such, a factor that wasn't put into consideration."
        },
        {
            "id": 36,
            "model": "이스마엘",
            "content": "What, ngh... are you talking about?"
        },
        {
            "id": 37,
            "model": "삼조",
            "teller": "Samjo",
            "title": "K Corp. Dept. of Food Resource Development",
            "content": "That K Corp's regenerator drones do more than just heal people."
        },
        {
            "id": 38,
            "model": "이스마엘",
            "content": "Why... does it look like my body is melting? Can anyone make it... make sense..."
        },
        {
            "id": 39,
            "model": "단테",
            "content": "<Ishmael!>"
        },
        {
            "id": 40,
            "model": "삼조",
            "teller": "Samjo",
            "title": "K Corp. Dept. of Food Resource Development",
            "content": "Normally, K Corp's drones administer regeneration ampules to injured personnel..."
        },
        {
            "id": 41,
            "model": "삼조",
            "teller": "Samjo",
            "title": "K Corp. Dept. of Food Resource Development",
            "content": "However, it injects a decay ampule to deserters."
        },
        {
            "id": 42,
            "model": "단테",
            "content": "<...It shot the decay ampule at me because I was trying to escape the combat zone?>"
        },
        {
            "id": 43,
            "model": "그레고르",
            "content": "Ain't that just revolting... Think you can pull off summary executions when there isn't even a war going on?"
        },
        {
            "id": 44,
            "model": "그레고르",
            "content": "Yeah, why not just make the drones fight instead?"
        },
        {
            "id": 45,
            "model": "삼조",
            "teller": "Samjo",
            "title": "K Corp. Dept. of Food Resource Development",
            "content": "The Nest you're from must have valued human life, am I right?"
        },
        {
            "id": 46,
            "model": "삼조",
            "teller": "Samjo",
            "title": "K Corp. Dept. of Food Resource Development",
            "content": "The value of each drone we have far surpasses that of ten class 2 staff members combined. Do you understand?"
        },
        {
            "id": 47,
            "model": "그레고르",
            "content": "...\"You should understand,\" \"you accept it\"..."
        },
        {
            "id": 48,
            "model": "그레고르",
            "content": "I've had crappy coercion shoved in my face too many times, I don't feel like complying anymore."
        },
        {
            "id": 49,
            "model": "파우스트",
            "content": "I do understand where it's coming from. There was research that revealed deploying K Corp's drones in simulated battles increased the odds of victory by 23.5 percent."
        },
        {
            "id": 50,
            "model": "파우스트",
            "content": "It was a pretty famous paper among scholars."
        },
        {
            "id": 51,
            "model": "오티스",
            "content": "Since the old times, deserters who try to flee from battle have been pointed out as greater detractors of morale than the threat of overwhelming oppression or weakness of the leader."
        },
        {
            "id": 52,
            "model": "오티스",
            "content": "Public punishments of deserters are a historically proven tactic supported by many examples."
        },
        {
            "id": 53,
            "model": "그레고르",
            "content": "Tch. Understand it all you like, then."
        },
        {
            "id": 54,
            "model": "단테",
            "content": "<Wait, what are you all talking about?>"
        },
        {
            "id": 55,
            "model": "단테",
            "content": "<Look at Ishmael, she's... melting down...!>"
        },
        {
            "id": 56,
            "model": "오티스",
            "content": "Ah, apologies for my negligence, Executive Manager."
        },
        {
            "id": 57,
            "model": "오티스",
            "content": "I failed to consider the suffering you must endure when you turn the clock."
        },
        {
            "id": 58,
            "model": "단테",
            "content": "<Wha, that's not what I'm...>"
        },
        {
            "id": 59,
            "model": "파우스트",
            "content": "You might want to hurry if that's your concern. Her heart should still be intact in her current state."
        },
        {
            "id": 60,
            "model": "이스마엘",
            "content": "Manager... What'll... happen to me..."
        },
        {
            "id": 61,
            "content": "……"
        },
        {
            "id": 62,
            "content": "The clock's hands turn with agony."
        },
        {
            "id": 63,
            "content": "Meanwhile, Yi Sang was staring at empty ampules rolling on the floor."
        },
        {
            "id": 64,
            "model": "이상",
            "content": "……"
        }
    ]
}