{
  "dataList": [
    {
      "id": 0,
      "place": "Backstreets of District 10",
      "model": "료슈",
      "content": "They made for pathetic foes. That was absolutely nothing."
    },
    {
      "id": 1,
      "model": "에피",
      "teller": "Effie",
      "title": "LCCB",
      "content": "The Tingtang Gang had tight control over this area. This is not going to be the end of―"
    },
    {
      "id": 2,
      "content": "Just then, more Tingtangers began showing up from the street corners."
    },
    {
      "id": 3,
      "model": "세보이고싶었던콩콩파조직원",
      "teller": "Chest-puffing Tingtanger",
      "title": "Tingtang Gang",
      "content": "Who sent ya haricots to mess with us?!"
    },
    {
      "id": 4,
      "model": "돈키호테",
      "content": "We are the proud soldiers of Limbu― Hmgh…"
    },
    {
      "id": 5,
      "content": "Effie quickly covered Don Quixote’s mouth."
    },
    {
      "id": 6,
      "model": "에피",
      "teller": "Effie",
      "title": "LCCB",
      "content": "Have you lost it? Do you want the entire District after us?"
    },
    {
      "id": 7,
      "model": "오티스",
      "content": "More are coming! Give us your command, Manager!"
    }
  ]
}