{
    "dataList": [
        {
            "id": 0,
            "place": "Nest K - LC Branch Interior",
            "model": "싱클레어",
            "content": "Will this... blow up once it stops working like the last one?"
        },
        {
            "id": 1,
            "content": "As we suspected, the halted machine began to play an ominous noise."
        },
        {
            "id": 2,
            "model": "기술해방연합기계",
            "teller": "Melted Machine",
            "title": "Technology Liberation Alliance",
            "content": "Alright, so, this is the second time you killed my machines, right?"
        },
        {
            "id": 3,
            "model": "기술해방연합기계",
            "teller": "Melted Machine",
            "title": "Technology Liberation Alliance",
            "content": "Let's see..."
        },
        {
            "id": 4,
            "model": "기술해방연합기계",
            "teller": "Melted Machine",
            "title": "Technology Liberation Alliance",
            "content": "You're a bunch of roaches that do nothing other than just crawl on the floor."
        },
        {
            "id": 5,
            "model": "로쟈",
            "content": "It's okay, it's okay. Don't let it let you down, Greg..."
        },
        {
            "id": 6,
            "model": "그레고르",
            "content": "...I wasn't feeling anything."
        },
        {
            "id": 7,
            "model": "기술해방연합기계",
            "teller": "Melted Machine",
            "title": "Technology Liberation Alliance",
            "content": "So... go on and keep crawling like the bugs you are."
        },
        {
            "id": 8,
            "model": "기술해방연합기계",
            "teller": "Melted Machine",
            "title": "Technology Liberation Alliance",
            "content": "Why bother looking up when you'll be spending all your lives on that flat dimension of the surface, am I right?"
        },
        {
            "id": 9,
            "model": "뫼르소",
            "content": "I understand now. Once the machines stop functioning, they play a prerecorded voice clip, then explode seconds after."
        },
        {
            "id": 10,
            "model": "뫼르소",
            "content": "It is unclear what purpose they are meant to serve, but all the machines are equipped with the same mechanisms."
        },
        {
            "id": 11,
            "model": "그레고르",
            "content": "Pre...recorded? I didn't see that one coming..."
        },
        {
            "id": 12,
            "model": "히스클리프",
            "content": "Hah, everyone's making fun of you, eh, buggy bloke."
        },
        {
            "id": 13,
            "model": "그레고르",
            "content": "...It sure is baffling how the whole world is bending over backward to mock me..."
        },
        {
            "id": 14,
            "model": "히스클리프",
            "content": "Pah, that's a tame reaction... Hm? O-Oi, what's wrong with you now?"
        },
        {
            "id": 15,
            "model": "이스마엘",
            "content": "Hrk..."
        },
        {
            "id": 16,
            "model": "단테",
            "content": "<What's the matter, Ishmael? Are you alright?>"
        },
        {
            "id": 17,
            "model": "이스마엘",
            "content": "Yes... I'm just feeling a little queasy..."
        },
        {
            "id": 18,
            "model": "이스마엘",
            "content": "You don't have to mind me. I'm fine now."
        },
        {
            "id": 19,
            "model": "홍루",
            "content": "There's something I've been meaning to ask, what kind of organization is this... technology liberation alliance?"
        },
        {
            "id": 20,
            "model": "오티스",
            "content": "Why do you bother asking such questions? All we need to know about them is that it's a terrorist organization with a hollow name; their values are irrelevant to us."
        },
        {
            "id": 21,
            "model": "홍루",
            "content": "Haha, you never know what use the information might have, Outis."
        },
        {
            "id": 22,
            "model": "삼조",
            "teller": "Samjo",
            "title": "K Corp. Dept. of Food Resource Development",
            "content": "I know little about them myself. I did hear that someone who used to work in a K Corp. laboratory is now one of the organization's core members. Though, I don't have the details as this took place before I joined the firm."
        },
        {
            "id": 23,
            "model": "삼조",
            "teller": "Samjo",
            "title": "K Corp. Dept. of Food Resource Development",
            "content": "She was an outstanding researcher who was once awarded the best employee award, much like Mr. Dongrang is now."
        },
        {
            "id": 24,
            "model": "슈렌느",
            "teller": "Shrenne",
            "title": "K Corp. Laboratory",
            "content": "What? How do you know that?"
        },
        {
            "id": 25,
            "model": "삼조",
            "teller": "Samjo",
            "title": "K Corp. Dept. of Food Resource Development",
            "content": "I saw her name on one of the plaques in the trophy room. Wouldn't you say it's mandatory for someone of my occupation to remember all the names there?"
        },
        {
            "id": 26,
            "model": "슈렌느",
            "teller": "Shrenne",
            "title": "K Corp. Laboratory",
            "content": "Why do you keep peeking in there, anyway...?"
        },
        {
            "id": 27,
            "model": "이스마엘",
            "content": "...What could be the reason a highly praised employee decided to join terrorists..."
        },
        {
            "id": 28,
            "model": "슈렌느",
            "teller": "Shrenne",
            "title": "K Corp. Laboratory",
            "content": "……"
        },
        {
            "id": 29,
            "model": "동랑",
            "teller": "Dongrang",
            "title": "K Corp. Dept. of Food Resource Development",
            "content": "I believe you saw her once earlier. She was enthusiastically destroying my lab."
        },
        {
            "id": 30,
            "model": "동랑",
            "teller": "Dongrang",
            "title": "K Corp. Dept. of Food Resource Development",
            "content": "Right around when Shrenne and I joined the company, she was... well, rather famous within the firm."
        },
        {
            "id": 31,
            "model": "동랑",
            "teller": "Dongrang",
            "title": "K Corp. Dept. of Food Resource Development",
            "content": "I heard rumors that she had wanted to test the limits of K Corp's technologies."
        },
        {
            "id": 32,
            "model": "동랑",
            "teller": "Dongrang",
            "title": "K Corp. Dept. of Food Resource Development",
            "content": "Then one day... rumors about her leaving the laboratory spread."
        },
        {
            "id": 33,
            "model": "동랑",
            "teller": "Dongrang",
            "title": "K Corp. Dept. of Food Resource Development",
            "content": "Saying that this is where she ended up."
        }
    ]
}