{
    "dataList": [
        {
            "id": 0,
            "model": "삼조",
            "teller": "Samjo",
            "title": "K Corp. Dept. of Food Resource Development",
            "content": "As you might have seen earlier... that's Marile. In fact, I met him once at a job interview for B Corp. once."
        },
        {
            "id": 1,
            "model": "동랑",
            "teller": "Dongrang",
            "title": "K Corp. Dept. of Food Resource Development",
            "content": "Really? Samjo... You applied for B Corp, too?"
        },
        {
            "id": 2,
            "model": "삼조",
            "teller": "Samjo",
            "title": "K Corp. Dept. of Food Resource Development",
            "content": "...Of course, K Corp. was my primary choice... A man of mediocrity like me has to send an application to every Wing in hopes that one will accept it."
        },
        {
            "id": 3,
            "content": "There were corpses around Marile... \"Appalling\" couldn't begin to describe their state."
        },
        {
            "id": 4,
            "model": "삼조",
            "teller": "Samjo",
            "title": "K Corp. Dept. of Food Resource Development",
            "content": "……"
        },
        {
            "id": 5,
            "model": "삼조",
            "teller": "Samjo",
            "title": "K Corp. Dept. of Food Resource Development",
            "content": "Oh dear, pardon me, I need to use the restroom..."
        },
        {
            "id": 6,
            "content": "Samjo turned pale and ran, covering his mouth with a hand."
        },
        {
            "id": 7,
            "model": "동랑",
            "teller": "Dongrang",
            "title": "K Corp. Dept. of Food Resource Development",
            "content": "Our researchers... couldn't have been able to fight back at all."
        },
        {
            "id": 8,
            "model": "마리르",
            "teller": "Marile",
            "title": "Technology Liberation Alliance",
            "content": "K Corp's employees didn't seem to have a problem with bludgeoning my colleagues who didn't so much as swing a fist, either."
        },
        {
            "id": 9,
            "model": "오티스",
            "content": "We're looking for your boss. Where is she?"
        },
        {
            "id": 10,
            "model": "마리르",
            "teller": "Marile",
            "title": "Technology Liberation Alliance",
            "content": "What I want to know is how you're still alive."
        },
        {
            "id": 11,
            "model": "히스클리프",
            "content": "Oh, you mean those galling murder machines? They weren't anything we couldn't deal with. The bomb... did hurt a bit, though."
        },
        {
            "id": 12,
            "model": "마리르",
            "teller": "Marile",
            "title": "Technology Liberation Alliance",
            "content": "No. That bomb wasn't meant for annihilation. It was a means."
        },
        {
            "id": 13,
            "model": "마리르",
            "teller": "Marile",
            "title": "Technology Liberation Alliance",
            "content": "There's been an unexpected variable to Ran and Shrenne's plan. What are you?"
        },
        {
            "id": 14,
            "content": "Faust broke her silence."
        },
        {
            "id": 15,
            "model": "파우스트",
            "content": "Even if you were to return to an age without technology, you won't find the peace you seek."
        },
        {
            "id": 16,
            "model": "파우스트",
            "content": "Once accustomed to the luxury brought by technology, people won't be able to withstand life in the past. Think of the time when trips to the Backstreets were trending among the rich."
        },
        {
            "id": 17,
            "model": "파우스트",
            "content": "They only use the experience to take another look at their own lives and be thankful for everything they have. Hardly any would live in a less opulent era given the opportunity."
        },
        {
            "id": 18,
            "model": "마리르",
            "teller": "Marile",
            "title": "Technology Liberation Alliance",
            "content": "...And? I don't like talkative people. Not fond of explaining things to you, either."
        },
        {
            "id": 19,
            "model": "파우스트",
            "content": "I'm not the talkative sort. And I don't require explanations in any field. I was simply curious to know the difference in perspectives."
        },
        {
            "id": 20,
            "model": "마리르",
            "teller": "Marile",
            "title": "Technology Liberation Alliance",
            "content": "...None of us take WARP trains."
        },
        {
            "id": 21,
            "model": "마리르",
            "teller": "Marile",
            "title": "Technology Liberation Alliance",
            "content": "We don't eat the meat the City has to offer, either."
        },
        {
            "id": 22,
            "model": "마리르",
            "teller": "Marile",
            "title": "Technology Liberation Alliance",
            "content": "When you know the truth, you wouldn't even consider something as shallow as Backstreets trips."
        },
        {
            "id": 23,
            "model": "홍루",
            "content": "Hm... The elders in my family, who must know even greater things than I do, didn't have any problem using them though?"
        },
        {
            "id": 24,
            "model": "마리르",
            "teller": "Marile",
            "title": "Technology Liberation Alliance",
            "content": "The masses are ignorant. They won't believe it even if you show it before their eyes."
        },
        {
            "id": 25,
            "model": "히스클리프",
            "content": "And this is your conclusion?"
        },
        {
            "id": 26,
            "model": "히스클리프",
            "content": "Get rid of everything and make 'em live in that empty world?"
        },
        {
            "id": 27,
            "model": "마리르",
            "teller": "Marile",
            "title": "Technology Liberation Alliance",
            "content": "You wouldn't get—"
        },
        {
            "id": 28,
            "model": "히스클리프",
            "content": "No, I think I get it just fine."
        },
        {
            "id": 29,
            "model": "히스클리프",
            "content": "There are plenty of blighters out there who just don't get it if you talk nicely."
        },
        {
            "id": 30,
            "model": "히스클리프",
            "content": "They'd only start empathizing with the likes of me after they get a couple bruises and scars on their faces."
        },
        {
            "id": 31,
            "model": "히스클리프",
            "content": "It gives me the urge to just wreck it all."
        },
        {
            "id": 32,
            "model": "마리르",
            "teller": "Marile",
            "title": "Technology Liberation Alliance",
            "content": "……"
        },
        {
            "id": 33,
            "model": "마리르",
            "teller": "Marile",
            "title": "Technology Liberation Alliance",
            "content": "If we ever recruit new members..."
        },
        {
            "id": 34,
            "model": "마리르",
            "teller": "Marile",
            "title": "Technology Liberation Alliance",
            "content": "I'll try excluding the educational background from the requisites."
        },
        {
            "id": 35,
            "model": "이스마엘",
            "content": "Although Heathcliff has never told us about what schools he went to... I can see where it's coming from."
        },
        {
            "id": 36,
            "model": "이스마엘",
            "content": "Still, you're going way over the line."
        }
    ]
}