{
  "dataList": [
    {
      "id": 0,
      "place": "Aboard Mephistopheles",
      "model": "유리",
      "teller": "Yuri",
      "title": "Grade 8 Fixer",
      "content": "Umm, sorry to ask…"
    },
    {
      "id": 1,
      "model": "유리",
      "teller": "Yuri",
      "title": "Grade 8 Fixer",
      "content": "But if I have the map, how do you know what roads to take?"
    },
    {
      "id": 2,
      "content": "Answerless, the bus keeps speeding anyway."
    },
    {
      "id": 3,
      "model": "카론",
      "content": "We do have something to lead us…"
    },
    {
      "id": 4,
      "model": "카론",
      "content": "Intuition. Charon’s intuition."
    },
    {
      "id": 5,
      "model": "유리",
      "teller": "Yuri",
      "title": "Grade 8 Fixer",
      "content": "Whaaat?!"
    },
    {
      "id": 6,
      "model": "카론",
      "content": "Pinky-hair, explain why you keep rubbing that odd paper in Charon’s face."
    },
    {
      "id": 7,
      "model": "유리",
      "teller": "Yuri",
      "title": "Grade 8 Fixer",
      "content": "Because you keep going in weird directions! Take a look at this map. Our destination is to the southeast of here…"
    },
    {
      "id": 8,
      "content": "Charon reluctantly gives the map a cursory glance, as she couldn’t ignore the thing right in front of her eyes."
    },
    {
      "id": 9,
      "model": "카론",
      "content": "Follow the heart. That’s where the true path lies."
    },
    {
      "id": 10,
      "model": "돈키호테",
      "content": "Hear, hear! We all must follow as our hearts lead!"
    },
    {
      "id": 11,
      "model": "유리",
      "teller": "Yuri",
      "title": "Grade 8 Fixer",
      "content": "…You’re just admitting that you can’t read a map."
    },
    {
      "id": 12,
      "model": "이스마엘",
      "content": "You took the words right out of my mouth."
    },
    {
      "id": 13,
      "content": "Yuri and Ishmael put a palm over their respective faces at the same time, almost like they were in sync."
    },
    {
      "id": 14,
      "model": "로쟈",
      "content": "Ooh! Did our driver make a new friend?"
    },
    {
      "id": 15,
      "model": "카론",
      "content": "Pinky keeps on blabbing. I know the way."
    },
    {
      "id": 16,
      "model": "유리",
      "teller": "Yuri",
      "title": "Grade 8 Fixer",
      "content": "No, I mean, you’re going the wrong direction…"
    },
    {
      "id": 17,
      "model": "카론",
      "content": "Look ahead, more obstacles. Do I vroom-vroom?"
    },
    {
      "id": 18,
      "model": "베르길리우스",
      "content": "No, Charon. Wait one second."
    },
    {
      "id": 19,
      "teller": "Famished Hooligan",
      "title": "District 4 Backstreets",
      "content": "Lookie! Nice bus you got there! Why don’tcha gimme a ride!"
    },
    {
      "id": 20,
      "model": "베르길리우스",
      "content": "…I guess Mephistopheles could use a helping of dessert."
    },
    {
      "id": 21,
      "model": "베르길리우스",
      "content": "Get on down… It needs to be fed just a bit more."
    }
  ]
}