{
  "dataList": [
    {
      "id": 0,
      "place": "Aboard Mephistopheles",
      "model": "카론",
      "content": "Road’s clear. But Verg, Mephi could’ve run them over just fine."
    },
    {
      "id": 1,
      "model": "단테",
      "content": "<…Huh?>"
    },
    {
      "id": 2,
      "model": "단테",
      "content": "<What did I fight for, then?>"
    },
    {
      "id": 3,
      "content": "Sensing a rattling agitation in my gestures, Vergilius stepped in."
    },
    {
      "id": 4,
      "model": "베르길리우스",
      "content": "Calm yourself, Dante."
    },
    {
      "id": 5,
      "model": "베르길리우스",
      "content": "It’s not right to ask a toddler to run when it has yet to take its first steps."
    },
    {
      "id": 6,
      "model": "베르길리우스",
      "content": "You’ll need every opportunity to try and walk before you’re made to run."
    },
    {
      "id": 7,
      "model": "베르길리우스",
      "content": "Furthermore… Dante."
    },
    {
      "id": 8,
      "model": "베르길리우스",
      "content": "As the manager… it’s your job to “manage” your staff."
    },
    {
      "id": 9,
      "model": "베르길리우스",
      "content": "And I… am the guide. I decide where we go and how we arrive there."
    },
    {
      "id": 10,
      "model": "베르길리우스",
      "content": "Do you get it?"
    },
    {
      "id": 11,
      "model": "베르길리우스",
      "content": "Don’t argue with me."
    },
    {
      "id": 12,
      "model": "단테",
      "content": "<…How am I supposed to not question a stranger who can’t even hear me?>"
    },
    {
      "id": 13,
      "model": "파우스트",
      "content": "……"
    },
    {
      "id": 14,
      "model": "베르길리우스",
      "content": "I heard ticking, so what did they say, Ms. Faust?"
    },
    {
      "id": 15,
      "model": "파우스트",
      "content": "Nothing much."
    },
    {
      "id": 16,
      "model": "베르길리우스",
      "content": "Some verbose agreement that was. A nod should be enough to let me know that you approve, Dante."
    },
    {
      "id": 17,
      "model": "카론",
      "content": "Now, Mephi, off we go. Woohoo."
    },
    {
      "id": 18,
      "model": "베르길리우스",
      "content": "How’re you feeling, Charon?"
    },
    {
      "id": 19,
      "model": "카론",
      "content": "Extreme. Excitement. About to walk on air, reports Charon."
    },
    {
      "id": 20,
      "model": "베르길리우스",
      "content": "…Good."
    },
    {
      "id": 21,
      "model": "단테",
      "content": "<So, where are we going?>"
    },
    {
      "id": 22,
      "model": "파우스트",
      "content": "Vergilius, they’d like to know the destination."
    },
    {
      "id": 23,
      "model": "베르길리우스",
      "content": "Sigh… I believe I told you that already, Dante."
    },
    {
      "id": 24,
      "model": "단테",
      "content": "<But just *where* are we going?>"
    },
    {
      "id": 25,
      "content": "With his sigh, the bus shuddered and started to rumble forward."
    },
    {
      "id": 26
    }
  ]
}