{
  "dataList": [
    {
      "id": 0,
      "place": "Aboard Mephistopheles",
      "content": "Shortly after the situation with Sinclair was dealt with…"
    },
    {
      "id": 1,
      "model": "그레고르",
      "content": "By the way, you meant the Backstreets of District 11 when you said K Corp’s Nest, yeah?"
    },
    {
      "id": 2,
      "model": "그레고르",
      "content": "I missed pointing it out earlier since everyone got a bit excited there…"
    },
    {
      "id": 3,
      "model": "베르길리우스",
      "content": "I rarely misspeak, if ever."
    },
    {
      "id": 4,
      "model": "베르길리우스",
      "content": "I know what I said, Gregor. K Corp’s Nest is where we’re going."
    },
    {
      "id": 5,
      "model": "그레고르",
      "content": "Huh, alright, but if we’re entering a Nest…"
    },
    {
      "id": 6,
      "model": "베르길리우스",
      "content": "Indeed, there’s the immigration process."
    },
    {
      "id": 7,
      "model": "로쟈",
      "content": "I don’t have a K Corp. visa. Y’ain’t about to tell me everyone else got one, right?"
    },
    {
      "id": 8,
      "model": "히스클리프",
      "content": "What. Why’re you lookin’ at me?"
    },
    {
      "id": 9,
      "model": "료슈",
      "content": "The solution is simple: C. I."
    },
    {
      "id": 10,
      "model": "료슈",
      "content": "And keep on D. E. R. ‘til we’ve breached the defense."
    },
    {
      "id": 11,
      "model": "료슈",
      "content": "In short, CIDER. Huhu…"
    },
    {
      "id": 12,
      "content": "Whatever that eccentric abbreviation means for Ryōshū, the Sinners have learned to stop questioning it."
    },
    {
      "id": 13,
      "model": "이스마엘",
      "content": "A company as big as ours might get a free pass."
    },
    {
      "id": 14,
      "model": "이스마엘",
      "content": "Not to mention, breaking through using the method dear Ryōshū suggested will take ages. How badly must you underestimate a Nest actively governed by a Wing to say that?"
    },
    {
      "id": 15,
      "model": "단테",
      "content": "<Oh, I see, no one’s gonna take into account how much I’ll suffer for that CIDER, huh?>"
    },
    {
      "id": 16,
      "content": "Sadly, none of our Sinners bothered to respond to me in any capacity."
    },
    {
      "id": 17,
      "model": "베르길리우스",
      "content": "As Ishmael said, we’ll pass the immigration without needing a visa."
    },
    {
      "id": 18,
      "model": "베르길리우스",
      "content": "Limbus Company has backing from the shareholders of a wide array of fields."
    },
    {
      "id": 19,
      "model": "홍루",
      "content": "Oh, do you happen to know the shareholder of H Corp, then?"
    },
    {
      "id": 20,
      "model": "홍루",
      "content": "They once personally visited our home because my younger sibling insisted upon having a red passport as a kid."
    },
    {
      "id": 21,
      "model": "베르길리우스",
      "content": "Couldn’t say, I’m merely a humble guide who wouldn’t be in the position to know such a thing."
    },
    {
      "id": 22,
      "model": "베르길리우스",
      "content": "Otherwise, the question doesn’t seem like one that’s really worth answering."
    },
    {
      "id": 23,
      "model": "홍루",
      "content": "How harsh…"
    },
    {
      "id": 24,
      "model": "베르길리우스",
      "content": "That leaves the route to the checkpoint as our concern."
    },
    {
      "id": 25,
      "model": "베르길리우스",
      "content": "Thorough inspection means that there are plenty of people looking for an easy way in, including those who’d take the pass by force."
    },
    {
      "id": 26,
      "model": "뫼르소",
      "content": "…I hear several interlopers surrounding the bus."
    },
    {
      "id": 27,
      "model": "단테",
      "content": "<Welp… Have bus—will battle.>"
    }
  ]
}