{
    "dataList": [
        {
            "id": 0,
            "place": "K Corp. Laboratory",
            "model": "슈렌느",
            "teller": "Shrenne",
            "title": "K Corp. Laboratory",
            "content": "Attention, everyone! Reinforcements have arrived!!"
        },
        {
            "id": 1,
            "model": "로쟈",
            "content": "W-Who are those people?"
        },
        {
            "id": 2,
            "model": "동랑",
            "teller": "Dongrang",
            "title": "K Corp. Dept. of Food Resource Development",
            "content": "For sure, who could these be, Shrenne~? Made new friends other than me?"
        },
        {
            "id": 3,
            "model": "슈렌느",
            "teller": "Shrenne",
            "title": "K Corp. Laboratory",
            "content": "They're Fixers from Rosespanner Workshop, the ones we're working with for the current project. They've visited here several times already, you really should be familiar by now."
        },
        {
            "id": 4,
            "model": "니코",
            "teller": "Niko",
            "title": "Rosespanner Workshop",
            "content": "Pleasure to meet you. I'm Niko, representative of Rosespanner Workshop."
        },
        {
            "id": 5,
            "content": "The enemies' faces clouded over at the unexpected arrival of reinforcements."
        },
        {
            "id": 6,
            "model": "란",
            "teller": "???",
            "title": "Terrorist Organization?",
            "content": "Boring. Let's head back."
        },
        {
            "id": 7,
            "model": "마리르",
            "teller": "???",
            "title": "Terrorist Organization?",
            "content": "What?"
        },
        {
            "id": 8,
            "model": "마리르",
            "teller": "???",
            "title": "Terrorist Organization?",
            "content": "Sure... We'll leave."
        },
        {
            "id": 9,
            "model": "니코",
            "teller": "Niko",
            "title": "Rosespanner Workshop",
            "content": "Would you look at that, our \"aura\" has made them flee out of terror... Huhu..."
        },
        {
            "id": 10,
            "model": "동랑",
            "teller": "Dongrang",
            "title": "K Corp. Dept. of Food Resource Development",
            "content": "Thanks, Shrenne. This made me seriously consider the possibility that your department might be picked as the best next year for the first time."
        },
        {
            "id": 11,
            "model": "슈렌느",
            "teller": "Shrenne",
            "title": "K Corp. Laboratory",
            "content": "Shame about your precious trophies being destroyed, huh?"
        },
        {
            "id": 12,
            "model": "삼조",
            "teller": "Samjo",
            "title": "K Corp. Dept. of Food Resource Development",
            "content": "Ms. Shrenne, pardon me for suspecting, but you did not perchance wait until the trophies were broken before bringing reinforcements, did you?"
        },
        {
            "id": 13,
            "model": "동랑",
            "teller": "Dongrang",
            "title": "K Corp. Dept. of Food Resource Development",
            "content": "I don't mind losing them."
        },
        {
            "id": 14,
            "model": "동랑",
            "teller": "Dongrang",
            "title": "K Corp. Dept. of Food Resource Development",
            "content": "As long as the photo is fine."
        },
        {
            "id": 15,
            "model": "그레고르",
            "content": "The damage they left is pretty severe now that I'm seeing it firsthand..."
        },
        {
            "id": 16,
            "model": "그레고르",
            "content": "It could've gotten all the researchers killed if things went wrong."
        },
        {
            "id": 17,
            "model": "삼조",
            "teller": "Samjo",
            "title": "K Corp. Dept. of Food Resource Development",
            "content": "Indeed, which is why we must eliminate them and reclaim the facility they've occupied as soon as possible."
        },
        {
            "id": 18,
            "model": "이상",
            "content": "Why, then, does K Corp... not provide assistance?"
        },
        {
            "id": 19,
            "model": "동랑",
            "teller": "Dongrang",
            "title": "K Corp. Dept. of Food Resource Development",
            "content": "Mmm... Clearly, it's because they don't want the general public to know that such a thing happened in the Nest, don't you think?"
        },
        {
            "id": 20,
            "model": "이상",
            "content": "While I may concede on that matter as innocent feathers were involved, this concerns researchers and a laboratory directly affiliated with the Wing..."
        },
        {
            "id": 21,
            "model": "동랑",
            "teller": "Dongrang",
            "title": "K Corp. Dept. of Food Resource Development",
            "content": "It's evidence that they want it to remain discrete that much, don't you think?"
        },
        {
            "id": 22,
            "model": "이상",
            "content": "……"
        },
        {
            "id": 23,
            "model": "동랑",
            "teller": "Dongrang",
            "title": "K Corp. Dept. of Food Resource Development",
            "content": "Anyway, I ought to bring a generous supply of regeneration ampules for you all to use. Now should be a good time to depart, right?"
        },
        {
            "id": 24,
            "model": "그레고르",
            "content": "We aren't going on a picnic, Dongrang... You gonna be okay?"
        },
        {
            "id": 25,
            "model": "동랑",
            "teller": "Dongrang",
            "title": "K Corp. Dept. of Food Resource Development",
            "content": "No problem, seeing you in battle made me all the more reassured about accompanying you."
        },
        {
            "id": 26,
            "model": "파우스트",
            "content": "Just so you know... the technology our manager Dante uses is on a different level compared to K Corp's ampules; rather than regenerate, it restores."
        },
        {
            "id": 27,
            "model": "파우스트",
            "content": "Therefore, observing it won't provide much insight that can be applied to K Corp's Singularity or regeneration ampules."
        },
        {
            "id": 28,
            "model": "동랑",
            "teller": "Dongrang",
            "title": "K Corp. Dept. of Food Resource Development",
            "content": "Restoration, not healing, huh..."
        },
        {
            "id": 29,
            "model": "로쟈",
            "content": "No way~ Is he trying to copy Dante's ability like what that shady Bodhisattva Chicken guy tried with his rival?!"
        },
        {
            "id": 30,
            "model": "동랑",
            "teller": "Dongrang",
            "title": "K Corp. Dept. of Food Resource Development",
            "content": "I wouldn't do such a thing. I'm not the kind of person to cram down food that I know I can't digest."
        },
        {
            "id": 31,
            "model": "오티스",
            "content": "It has to be common practice for someone like you to send capable underlings to do the fighting for you, and yet you insist on being on the front. Are you that hungry for a medal?"
        },
        {
            "id": 32,
            "model": "동랑",
            "teller": "Dongrang",
            "title": "K Corp. Dept. of Food Resource Development",
            "content": "No, it's that I left..."
        },
        {
            "id": 33,
            "model": "동랑",
            "teller": "Dongrang",
            "title": "K Corp. Dept. of Food Resource Development",
            "content": "A number of things I couldn't take with me in time."
        },
        {
            "id": 34,
            "model": "동랑",
            "teller": "Dongrang",
            "title": "K Corp. Dept. of Food Resource Development",
            "content": "Like the photo commemorating my third consecutive year of winning the excellence award, the plaque of appreciation from K Corp, the photo taken to celebrate my lab's expansion, and... what else was there, Samjo?"
        },
        {
            "id": 35,
            "model": "삼조",
            "teller": "Samjo",
            "title": "K Corp. Dept. of Food Resource Development",
            "content": "...Classified documents concerning the research, sir..."
        },
        {
            "id": 36,
            "model": "오티스",
            "content": "...So it's more that you wanted to gain back the medals you had."
        },
        {
            "id": 37,
            "model": "동랑",
            "teller": "Dongrang",
            "title": "K Corp. Dept. of Food Resource Development",
            "content": "Oh right, that too."
        },
        {
            "id": 38,
            "model": "그레고르",
            "content": "You really did just barely manage to escape there, huh..."
        },
        {
            "id": 39,
            "model": "슈렌느",
            "teller": "Shrenne",
            "title": "K Corp. Laboratory",
            "content": "I guarantee you, that nerd Dongrang has never swung a fist in his life. He's too carefree. At least bring some Fixers like me."
        },
        {
            "id": 40,
            "model": "삼조",
            "teller": "Samjo",
            "title": "K Corp. Dept. of Food Resource Development",
            "content": "Is your department going as well, Ms. Shrenne?"
        },
        {
            "id": 41,
            "model": "삼조",
            "teller": "Samjo",
            "title": "K Corp. Dept. of Food Resource Development",
            "content": "I don't see how you could benefit from the success of this operation."
        },
        {
            "id": 42,
            "model": "슈렌느",
            "teller": "Shrenne",
            "title": "K Corp. Laboratory",
            "content": "...Three of my coworkers died in their last attack."
        },
        {
            "id": 43,
            "model": "슈렌느",
            "teller": "Shrenne",
            "title": "K Corp. Laboratory",
            "content": "I've lost too much to care about interests and benefits."
        },
        {
            "id": 44,
            "model": "삼조",
            "teller": "Samjo",
            "title": "K Corp. Dept. of Food Resource Development",
            "content": "Ms. Shrenne..."
        },
        {
            "id": 45,
            "model": "삼조",
            "teller": "Samjo",
            "title": "K Corp. Dept. of Food Resource Development",
            "content": "In that case, will I be correct to assume that the payment for the Fixers will be handled by your department--"
        },
        {
            "id": 46,
            "model": "슈렌느",
            "teller": "Shrenne",
            "title": "K Corp. Laboratory",
            "content": "Ugh... You just can't stop being such an irritating bunch..."
        },
        {
            "id": 47,
            "model": "삼조",
            "teller": "Samjo",
            "title": "K Corp. Dept. of Food Resource Development",
            "content": "The Lobotomy Corp. branch we must reclaim isn't too far from here."
        },
        {
            "id": 48,
            "model": "삼조",
            "teller": "Samjo",
            "title": "K Corp. Dept. of Food Resource Development",
            "content": "Let's head there together."
        },
        {
            "id": 49,
            "model": "동랑",
            "teller": "Dongrang",
            "title": "K Corp. Laboratory",
            "content": "I was hoping I could get a ride on your bus... What a shame."
        },
        {
            "id": 50,
            "model": "삼조",
            "teller": "Samjo",
            "title": "K Corp. Dept. of Food Resource Development",
            "content": "I'll secure you an opportunity next time. Let's get moving for now."
        },
        {
            "id": 51,
            "model": "로쟈",
            "content": "Huh? Who do you think you are to decide that...?!"
        },
        {
            "id": 52,
            "place": "Way to Lobotomy Corp. Branch in Nest K",
            "content": "This mission felt particularly tumultuous."
        },
        {
            "id": 53,
            "model": "로쟈",
            "content": "And then, you see~ I bet the chips and declared like this:"
        },
        {
            "id": 54,
            "model": "로쟈",
            "content": "\"All~ in.\""
        },
        {
            "id": 55,
            "model": "그레고르",
            "content": "Haah... I wanna stop hearing it... It's giving me nausea."
        },
        {
            "id": 56,
            "model": "니코",
            "teller": "Niko",
            "title": "Rosespanner Workshop",
            "content": "There's nothing like headshake poker at J Corp's casinos. Those people who sit at the slot machines all day long, they're all morons."
        },
        {
            "id": 57,
            "model": "히스클리프",
            "content": "What, you mean there's something up with the machines?"
        },
        {
            "id": 58,
            "model": "니코",
            "teller": "Niko",
            "title": "Rosespanner Workshop",
            "content": "This is something I haven't told anyone else. You see..."
        },
        {
            "id": 59,
            "model": "히스클리프",
            "content": "Hold on, you gotta explain in more detail..."
        },
        {
            "id": 60,
            "model": "단테",
            "content": "<Things are lively this time around.>"
        },
        {
            "id": 61,
            "model": "료슈",
            "content": "D.L.I."
        },
        {
            "id": 62,
            "content": "\"She says she doesn't like it,\" whispered Sinclair."
        },
        {
            "id": 63,
            "content": "I whispered back to him saying \"I know\"."
        }
    ]
}