{
  "dataList": [
    {
      "id": 0,
      "place": "Calw - Town Square",
      "content": "The smoke that was faintly visible through the bus windows covered the whole town."
    },
    {
      "id": 1,
      "model": "이스마엘",
      "content": "Ugh… What a mess this is, huh."
    },
    {
      "id": 2,
      "model": "이스마엘",
      "content": "By the way… Don’t you hear a familiar song from somewhere?"
    },
    {
      "id": 3,
      "model": "히스클리프",
      "content": "Oh, yeah, I know this one. Used to hear this tune an awful lot on snowy days…"
    },
    {
      "id": 4,
      "model": "그레고르",
      "content": "They played it a bunch during wartime to raise our spirits. Did the exact opposite for me."
    },
    {
      "id": 5,
      "content": "The song evoked various memories in the group."
    },
    {
      "id": 6,
      "content": "For me… I’m not sure. It’s definitely familiar, but it doesn’t bring up any clear images in my head."
    },
    {
      "id": 7,
      "content": "However, I could still feel a faint splash of feeling from deep in my heart."
    },
    {
      "id": 8,
      "content": "Maybe I knew this song before I lost my memory."
    },
    {
      "id": 9,
      "content": "This mist of emotion roused inside me, though… It doesn’t feel precious or warm."
    },
    {
      "id": 10,
      "content": "An ache."
    },
    {
      "id": 11,
      "content": "An inexplicable sting is what I felt."
    },
    {
      "id": 12,
      "model": "싱클레어",
      "content": "Right… That day…"
    },
    {
      "id": 13,
      "model": "싱클레어",
      "content": "It was snowy like this… and that song was playing…"
    },
    {
      "id": 14,
      "content": "The trees before us were decorated with grim ornaments."
    },
    {
      "id": 15,
      "content": "All sorts of internal organs and mechanical parts were hung from the branches, as if someone put people’s innards on full display."
    },
    {
      "id": 16,
      "model": "로쟈",
      "content": "Bleck… Isn’t this going too far?"
    },
    {
      "id": 17,
      "model": "료슈",
      "content": "A classic… but, more kitschy than anything."
    },
    {
      "id": 18,
      "model": "뫼르소",
      "content": "…There are no survivors nearby."
    },
    {
      "id": 19,
      "content": "Then, everything finally fell into place."
    },
    {
      "id": 20,
      "content": "It’s just like…"
    },
    {
      "id": 21,
      "teller": "???",
      "title": "???",
      "content": "Ah~ Ahh~! Mic test, mic test!!"
    },
    {
      "id": 22,
      "content": "A piercing sound caused the group to cover their ears."
    },
    {
      "id": 23,
      "teller": "???",
      "title": "???",
      "content": "Enjoying your Noel, everyone?"
    },
    {
      "id": 24,
      "teller": "???",
      "title": "???",
      "content": "The night isn’t really silent, but it sure is holy."
    },
    {
      "id": 25,
      "model": "단테",
      "content": "<…? Isn’t Christmas still a fair way off?>"
    },
    {
      "id": 26,
      "model": "이스마엘",
      "content": "You’re right, it’s not any time soon."
    },
    {
      "id": 27,
      "model": "크로머목소리",
      "teller": "Kromer",
      "title": "Nagel und Hammer",
      "content": "My name is Kromer. I’m a humanitarian who loves purity, and the one who grips the hammer."
    },
    {
      "id": 28,
      "model": "크로머목소리",
      "teller": "Kromer",
      "title": "Nagel und Hammer",
      "content": "I don’t know how you managed to get here, but you’re trespassing on private property."
    },
    {
      "id": 29,
      "model": "크로머목소리",
      "teller": "Kromer",
      "title": "Nagel und Hammer",
      "content": "As you can see… this hallowed ground is undergoing our nailing judgement. I hope you like the decorations I set up."
    },
    {
      "id": 30,
      "model": "크로머목소리",
      "teller": "Kromer",
      "title": "Nagel und Hammer",
      "content": "Well, let’s just say that you got lost… Turn back now and a fine will be all you have to pay."
    },
    {
      "id": 31,
      "model": "크로머목소리",
      "teller": "Kromer",
      "title": "Nagel und Hammer",
      "content": "I’m feeling generous… Today is the Nativity after all!"
    },
    {
      "id": 32,
      "model": "크로머목소리",
      "teller": "Kromer",
      "title": "Nagel und Hammer",
      "content": "Oh, before that. Is Guido there?"
    },
    {
      "id": 33,
      "model": "귀도",
      "teller": "Guido",
      "title": "Nagel und Hammer",
      "content": "Here I stand."
    },
    {
      "id": 34,
      "model": "크로머목소리",
      "teller": "Kromer",
      "title": "Nagel und Hammer",
      "content": "Good. Just in case, do you see any heretics over there?"
    },
    {
      "id": 35,
      "content": "The massive man named Guido who responded to her turns to us."
    },
    {
      "id": 36,
      "content": "He intently stares into each of us, until his eyes fall upon me."
    },
    {
      "id": 37,
      "content": "He gazes at me for a very long time."
    },
    {
      "id": 38,
      "content": "Although he was wearing a mask, those eyes of his…"
    },
    {
      "id": 39,
      "content": "They froze us completely still, as if his glare nailed us to the ground."
    },
    {
      "id": 40,
      "model": "귀도",
      "teller": "Guido",
      "title": "Nagel und Hammer",
      "content": "I see an impure one and their followers."
    },
    {
      "id": 41,
      "model": "귀도",
      "teller": "Guido",
      "title": "Nagel und Hammer",
      "content": "And with them… the child you spoke of."
    },
    {
      "id": 42,
      "model": "크로머목소리",
      "teller": "Kromer",
      "title": "Nagel und Hammer",
      "content": "Hahahah! Really! My Sinclair is back?"
    },
    {
      "id": 43,
      "model": "크로머목소리",
      "teller": "Kromer",
      "title": "Nagel und Hammer",
      "content": "Come see me, Sinclair. I’ll be waiting at that familiar spot!"
    },
    {
      "id": 44,
      "model": "싱클레어",
      "content": "Gr…hrrrkh… Kro…mer…"
    },
    {
      "id": 45,
      "content": "I can hear Sinclair grinding and gnashing his teeth."
    },
    {
      "id": 46,
      "content": "He made a dreadful noise; I couldn’t be sure if it was from hatred or fear."
    },
    {
      "id": 47,
      "model": "크로머목소리",
      "teller": "Kromer",
      "title": "Nagel und Hammer",
      "content": "Take out the rest, Guido. Or should I myself? I wouldn’t mind."
    },
    {
      "id": 48,
      "model": "귀도",
      "teller": "Guido",
      "title": "Nagel und Hammer",
      "content": "I urge you to focus on hammering the impure, O One Who Grips."
    },
    {
      "id": 49,
      "model": "크로머목소리",
      "teller": "Kromer",
      "title": "Nagel und Hammer",
      "content": "Hahahahaha! Good, good!! Let’s keep up the purification!"
    },
    {
      "id": 50,
      "model": "크로머목소리",
      "teller": "Kromer",
      "title": "Nagel und Hammer",
      "content": "Now then, everyone. Merry Christmas!"
    },
    {
      "id": 51,
      "content": "A number of Inquisitors gathered around Guido."
    },
    {
      "id": 52,
      "content": "He stands firm behind them."
    },
    {
      "id": 53,
      "content": "…He’s not making any movement, but his presence alone is threatening enough."
    },
    {
      "id": 54,
      "content": "An intense aura of hostility was radiating straight from him."
    }
  ]
}