{
  "dataList": [
    {
      "id": 0,
      "place": "Basement Area",
      "content": "We entered the charred mansion, and Sinclair led us to the basement."
    },
    {
      "id": 1,
      "content": "When he opened the door…"
    },
    {
      "id": 2,
      "place": "Underground Passage",
      "content": "A long underpass leading to an unknown destination was revealed to us."
    },
    {
      "id": 3,
      "model": "단테",
      "content": "<To think there’d be a tunnel down here…>"
    },
    {
      "id": 4,
      "model": "싱클레어",
      "content": "So… if my guess is right, then this passage should lead to the branch facility."
    },
    {
      "id": 5,
      "model": "히스클리프",
      "content": "Why’re you keeping this shifty shaft in your basement?"
    },
    {
      "id": 6,
      "model": "싱클레어",
      "content": "It wasn’t here before."
    },
    {
      "id": 7,
      "model": "히스클리프",
      "content": "What? Then how’d you know we oughta go to the basement?"
    },
    {
      "id": 8,
      "model": "싱클레어",
      "content": "It’s like how magnetic fields draw a compass needle northward… I was brought here by intuition."
    },
    {
      "id": 9,
      "model": "파우스트",
      "content": "……"
    },
    {
      "id": 10,
      "model": "싱클레어",
      "content": "…Isn’t that what it is?"
    },
    {
      "id": 11,
      "model": "싱클레어",
      "content": "You’re bringing us along to use as sensors for the Boughs."
    },
    {
      "id": 12,
      "content": "Sinclair quietly looked at Faust."
    },
    {
      "id": 13,
      "content": "Instead of answering him, she strode past him and stood before the door."
    },
    {
      "id": 14,
      "model": "파우스트",
      "content": "Judging from the material, this tunnel seems to have been made relatively recently."
    },
    {
      "id": 15,
      "model": "파우스트",
      "content": "It was likely dug by N Corp’s expeditionary forces when they had occupied the town."
    },
    {
      "id": 16,
      "model": "파우스트",
      "content": "It won’t be a short trip. Given that this passage was excavated for their use, we will assuredly run into foes on the way."
    },
    {
      "id": 17,
      "model": "파우스트",
      "content": "…We should move once we are ready."
    },
    {
      "id": 18,
      "model": "단테",
      "content": "<……>"
    },
    {
      "id": 19,
      "model": "파우스트",
      "content": "Don’t give me that look, Dante."
    },
    {
      "id": 20,
      "model": "파우스트",
      "content": "…I am simply not in the position to comment on it."
    }
  ]
}