{
    "dataList": [
        {
            "id": 0,
            "place": "Nest K’s Ruined Streets",
            "model": "로쟈",
            "content": "That’s the last of ‘em… They aren’t gonna make us pay for the damages, are they?"
        },
        {
            "id": 1,
            "model": "파우스트",
            "content": "I‘ll try to report that it was an act of self-defense."
        },
        {
            "id": 2,
            "model": "로쟈",
            "content": "Fau, darling… Did I ever tell you this? You’re really just so… how do I put it… You rock!"
        },
        {
            "id": 3,
            "model": "파우스트",
            "content": "You were rather late to realize it."
        },
        {
            "id": 4,
            "model": "이스마엘",
            "content": "…Something feels strange about this Abnormality. Doesn’t quite feel like the others we’ve fought."
        },
        {
            "id": 5,
            "model": "그레고르",
            "content": "Hmm, not sure if we even have that much experience in that department, but…"
        },
        {
            "id": 6,
            "model": "그레고르",
            "content": "Well, I guess there’s the crowd around us shouting and yelling…?"
        },
        {
            "id": 7,
            "model": "로쟈",
            "content": "What’s up with these Abnormalities… How’d they show up in the middle of a Nest, and how did they get… more horrifying?"
        },
        {
            "id": 8,
            "model": "단테",
            "content": "<And I’ve seen that one in the Mirror Dungeons a few times, too. Never in a fight, though.>"
        },
        {
            "id": 9,
            "model": "단테",
            "content": "<Come to think of it… What was the deal with those Abnormalities in the Mirror Dungeons that didn’t fight us?>"
        },
        {
            "id": 10,
            "model": "파우스트",
            "content": "Those were glimpses into the Abnormalities’ mental spaces and habitats viewed through cracks in the mirrored world."
        },
        {
            "id": 11,
            "model": "이상",
            "content": "It is a chasm, incredibly narrow and unstable."
        },
        {
            "id": 12,
            "model": "파우스트",
            "content": "Indeed. Which only allowed for limited interaction."
        },
        {
            "id": 13,
            "model": "히스클리프",
            "content": "Forget that, all I wanna know is… why are these so tough? They’re as nasty as what we faced on the railway."
        },
        {
            "id": 14,
            "model": "뫼르소",
            "content": "That is certainly true."
        },
        {
            "id": 15,
            "model": "싱클레어",
            "content": "Besides, what is this… sickening fluid dripping from them?"
        },
        {
            "id": 16,
            "content": "As the Sinners pointed out, the Abnormalities here were clearly different from what we’ve encountered before."
        },
        {
            "id": 17,
            "content": "This is…"
        },
        {
            "id": 18,
            "content": "It oozes a mysterious liquid with a blue glint."
        },
        {
            "id": 19,
            "model": "파우스트",
            "content": "We have no time to analyze its constituents, so we should be careful not to come in contact with it."
        },
        {
            "id": 20,
            "model": "로쟈",
            "content": "Yeesh~ No need to tell me. I’m not about to smudge myself with that."
        },
        {
            "id": 21,
            "model": "히스클리프",
            "content": "Oi! Did these things eat bad food off the floor or what? It’s like they’ve got rabies—"
        },
        {
            "id": 22,
            "model": "싱클레어",
            "content": "Huh? Above you, Mr. Heathcliff!"
        },
        {
            "id": 23,
            "content": "Heathcliff was knocked to the ground, unable to resist."
        },
        {
            "id": 24,
            "model": "이스마엘",
            "content": "Manager… It looks like you have your work cut out for you."
        },
        {
            "id": 25,
            "model": "오티스",
            "content": "…Please remember that I gave you my expostulation, Executive Manager."
        },
        {
            "id": 26,
            "model": "오티스",
            "content": "All men, prepare for battle!"
        },
        {
            "id": 27,
            "model": "단테",
            "content": "<Figured it would come to this…>"
        },
        {
            "id": 28,
            "content": "I’ve come too far to be afraid of pulling dead Sinners back to life."
        },
        {
            "id": 29,
            "model": "단테",
            "content": "<Let’s beat ‘em and head back.>"
        }
    ]
}