{
  "dataList": [
    {
      "id": 0,
      "place": "Casino 1F",
      "model": "소드",
      "teller": "Saude",
      "title": "LCCB",
      "content": "Just to make sure…"
    },
    {
      "id": 1,
      "model": "소드",
      "teller": "Saude",
      "title": "LCCB",
      "content": "You all know that our goal is to win the game being held on the top floor, not reduce the ground floor of the casino to rubble, right?"
    },
    {
      "id": 2,
      "content": "I was certain that some definitely didn’t know or care, but I figured I’d rather not remind her."
    },
    {
      "id": 3,
      "model": "소드",
      "teller": "Saude",
      "title": "LCCB",
      "content": "Not only must we reach the top, we also have to win the game as our objective states…"
    },
    {
      "id": 4,
      "model": "소드",
      "teller": "Saude",
      "title": "LCCB",
      "content": "Thus, we need the wishpower to make it happen."
    },
    {
      "id": 5,
      "model": "소드",
      "teller": "Saude",
      "title": "LCCB",
      "content": "I won’t bother reviewing in detail how the wishpower we had managed to collect went down the drain for preposterous reasons. It’ll only hurt our morale."
    },
    {
      "id": 6,
      "content": "I had to keep my head down, feeling the pricks of conscience poking at my heart."
    },
    {
      "id": 7,
      "model": "오티스",
      "content": "Where can we secure the most wishpower in this place?"
    },
    {
      "id": 8,
      "model": "소드",
      "teller": "Saude",
      "title": "LCCB",
      "content": "That roulette next to the entrance. People who visit the casino try their daily luck using that roulette, and take or yield wishpower depending on the outcome."
    },
    {
      "id": 9,
      "model": "오티스",
      "content": "Is that so? Then I’ll seek out an opportunity to snatch the container attached to it."
    },
    {
      "id": 10,
      "model": "단테",
      "content": "<Think you can pull that off?>"
    },
    {
      "id": 11,
      "model": "오티스",
      "content": "I have carried out countless operations much greater in scale."
    },
    {
      "id": 12,
      "model": "오티스",
      "content": "Your preposterous blunder amounts to nothing in the grander scheme of things, Manager."
    },
    {
      "id": 13,
      "model": "오티스",
      "content": "It has to have been the fault of the drudging dredges who obfuscated your ability to make sensible decisions! Don’t let their words deter you!"
    },
    {
      "id": 14,
      "model": "단테",
      "content": "<Preposterous… I see… Wait!>"
    },
    {
      "id": 15,
      "content": "While we were busy discussing backup plans…"
    },
    {
      "id": 16,
      "content": "Heathcliff was already making a mad dash for the entrance."
    },
    {
      "id": 17,
      "content": "Were we too focused on the conversation, or did we collectively lose our minds?"
    },
    {
      "id": 18,
      "content": "In either case, none of us had a clue what he was up to."
    },
    {
      "id": 19,
      "model": "단테",
      "content": "<Heathcliff?!>"
    },
    {
      "id": 20,
      "model": "히스클리프",
      "content": "Dammit, isn’t it time we stopped chatting and moved up already?"
    },
    {
      "id": 21,
      "content": "Then he shouted at security from the top of his lungs."
    },
    {
      "id": 22,
      "model": "히스클리프",
      "content": "Aren’t you ashamed of yourselves?!"
    },
    {
      "id": 23,
      "model": "히스클리프",
      "content": "That blondie over there is a rookie who’s as unfledged as he gets."
    },
    {
      "id": 24,
      "model": "히스클리프",
      "content": "And that mate there we call our manager has a bad case of lost memories and can’t wield a weapon to save themself."
    },
    {
      "id": 25,
      "model": "히스클리프",
      "content": "This is what you’re struggling against? What a joke…"
    },
    {
      "id": 26,
      "model": "카지노경호원대장",
      "teller": "Security Chief",
      "title": "J Corp. Casino",
      "content": "Ngh… D-Damn, you…"
    },
    {
      "id": 27,
      "model": "싱클레어",
      "content": "H-Heathcliff… That was too harsh…"
    },
    {
      "id": 28,
      "model": "단테",
      "content": "<Hear, hear. Much too mean, Heathcliff.>"
    },
    {
      "id": 29,
      "model": "히스클리프",
      "content": "And last thing, that club you’re holding deserves a better owner."
    },
    {
      "id": 30,
      "model": "카지노경호원대장",
      "teller": "Security Chief",
      "title": "J Corp. Casino",
      "content": "You cocky little…!"
    },
    {
      "id": 31,
      "content": "The infuriated security guard swung the club with a furious whish, exploding towards Heathcliff…"
    },
    {
      "id": 32,
      "content": "…and as Heathcliff swerved out of its way, the roulette behind him bore the force, being smashed to pieces."
    },
    {
      "id": 33,
      "model": "소드",
      "teller": "Saude",
      "title": "LCCB",
      "content": "The, the wish container…!"
    },
    {
      "id": 34,
      "content": "Spouts of what I assume was once wishpower until moments ago poured through the poor remains of the roulette."
    },
    {
      "id": 35,
      "content": "As if in death throes, Saude let out an agonized scream before clapping her hands over her mouth… I couldn’t help but turn away from this tragic sight."
    },
    {
      "id": 36,
      "content": "“When I grow up, I wanna be a wish sticker, giving hope to everybody!”"
    },
    {
      "id": 37,
      "content": "I could almost hear the unfulfilled dreams of those lost wishes in my imagination."
    },
    {
      "id": 38,
      "model": "히스클리프",
      "content": "Oi, listen up, you thickos."
    },
    {
      "id": 39,
      "model": "히스클리프",
      "content": "Do you want to admit to your boss ‘bout breaking this thing while fighting us and get lambasted for it?"
    },
    {
      "id": 40,
      "model": "히스클리프",
      "content": "Or, do you want to make it our fault and let us through?"
    },
    {
      "id": 41,
      "model": "각잡힌카지노경호원",
      "teller": "Rigid Security",
      "title": "J Corp. Casino",
      "content": "T-This was… a month’s worth of luck…"
    },
    {
      "id": 42,
      "model": "카지노경호원대장",
      "teller": "Security Chief",
      "title": "J Corp. Casino",
      "content": "……"
    },
    {
      "id": 43,
      "model": "카지노경호원대장",
      "teller": "Security Chief",
      "title": "J Corp. Casino",
      "content": "It won’t be any safer for you upstairs…"
    },
    {
      "id": 44,
      "model": "히스클리프",
      "content": "Eh, never been too close to safety anyway. ‘Preciate the advice."
    },
    {
      "id": 45,
      "content": "Heathcliff came to me with one of his shoulders dislocated, likely when he was grazed by the club."
    },
    {
      "id": 46,
      "model": "히스클리프",
      "content": "What’s the look? Do your thing and fix me up."
    },
    {
      "id": 47,
      "model": "단테",
      "content": "<……>"
    },
    {
      "id": 48,
      "model": "소드",
      "teller": "Saude",
      "title": "LCCB",
      "content": "I’ve made up my mind. Starting now, I won’t ever try to discuss plans or anything similar with these people."
    },
    {
      "id": 49,
      "model": "파우스트",
      "content": "Took you long enough to realize."
    },
    {
      "id": 50,
      "model": "에피",
      "teller": "Effie",
      "title": "LCCB",
      "content": "Faust… This is one of those times when it’s better to keep your mouth shut."
    },
    {
      "id": 51,
      "content": "With that, we dragged ourselves up to the next floor."
    }
  ]
}