{
  "dataList": [
    {
      "id": 0,
      "place": "Aboard Mephistopheles",
      "content": "A pouty Charon and the cold stare of Vergilius awaited us on the bus…"
    },
    {
      "id": 1,
      "content": "The air was heavy with a sense of oppression, leaving little room for lighthearted jokes."
    },
    {
      "id": 2,
      "model": "카론",
      "content": "You’re late. Charon counted to one hundred and you still didn’t come."
    },
    {
      "id": 3,
      "model": "베르길리우스2",
      "teller": "Vergilius",
      "title": "Guide",
      "content": "Charon."
    },
    {
      "id": 4,
      "content": "She seemed to have a few more words ready to be flung in that icy tone, but Vergilius put a hand on her shoulder and gave her a glance."
    },
    {
      "id": 5,
      "model": "카론",
      "content": "Verg, Charon will remember this."
    },
    {
      "id": 6,
      "model": "베르길리우스2",
      "teller": "Vergilius",
      "title": "Guide",
      "content": "Sorry about that. I’ll buy you something sweet later."
    },
    {
      "id": 7,
      "content": "Charon sat in the driver’s seat without further complaint, and Vergilius slowly turned to us."
    },
    {
      "id": 8,
      "content": "If there was one thing the Sinners and I were all good at, it’d be sensing imminent danger and making way."
    },
    {
      "id": 9,
      "content": "Dispersing from the group, we scuttled away into our seats…"
    },
    {
      "id": 10,
      "content": "Leaving only Don Quixote anxiously standing in the aisle of the bus."
    },
    {
      "id": 11,
      "model": "베르길리우스2",
      "teller": "Vergilius",
      "title": "Guide",
      "content": "Let’s hear your excuse, Don Quixote."
    },
    {
      "id": 12,
      "model": "돈키호테",
      "content": "I… could not turn a blind eye to the weak being persecuted—"
    },
    {
      "id": 13,
      "model": "베르길리우스2",
      "teller": "Vergilius",
      "title": "Guide",
      "content": "No, wrong."
    },
    {
      "id": 14,
      "content": "My vision couldn’t follow what happened in that instant."
    },
    {
      "id": 15,
      "content": "I have nothing to blink, so it shouldn’t have been possible for me to miss a moment, and yet…"
    },
    {
      "id": 16,
      "model": "돈키호테",
      "content": "Gahgk…! Ghk…"
    },
    {
      "id": 17,
      "content": "When I caught up with the situation…"
    },
    {
      "id": 18,
      "content": "The first thing that came into my sight was Don Quixote brought to the ground, shoulder trampled under Vergilius’s shoe."
    },
    {
      "id": 19,
      "model": "베르길리우스2",
      "teller": "Vergilius",
      "title": "Guide",
      "content": "I asked for an excuse, not a justification of your views."
    },
    {
      "id": 20,
      "model": "돈키호테",
      "content": "Gnnngh…!"
    },
    {
      "id": 21,
      "model": "베르길리우스2",
      "teller": "Vergilius",
      "title": "Guide",
      "content": "This isn’t the first time, either, Don Quixote. You’re responsible for three separate incidents already."
    },
    {
      "id": 22,
      "model": "베르길리우스2",
      "teller": "Vergilius",
      "title": "Guide",
      "content": "That’s three separate times you’ve jeopardized our work with your deranged behavior."
    },
    {
      "id": 23,
      "model": "베르길리우스2",
      "teller": "Vergilius",
      "title": "Guide",
      "content": "What do you think? Speak."
    },
    {
      "id": 24,
      "model": "돈키호테",
      "content": "Wh… While mine own actions did inconvenience my colleagues…"
    },
    {
      "id": 25,
      "model": "돈키호테",
      "content": "Hngk… GUAAAH!!!"
    },
    {
      "id": 26,
      "content": "Don Quixote’s pained groan grew louder, but no one stepped in."
    },
    {
      "id": 27,
      "content": "Of course, she was being punished for her own actions…"
    },
    {
      "id": 28,
      "content": "But more than anything, it was evident that disrupting this wasn’t going to make the situation better."
    },
    {
      "id": 29,
      "model": "베르길리우스2",
      "teller": "Vergilius",
      "title": "Guide",
      "content": "I was asking for your thoughts. Why do you not understand this?"
    },
    {
      "id": 30,
      "model": "돈키호테",
      "content": "I—I was speaking only to be interrupted!"
    },
    {
      "id": 31,
      "model": "베르길리우스2",
      "teller": "Vergilius",
      "title": "Guide",
      "content": "What you should’ve said to me at the get-go was an apology, Don Quixote."
    },
    {
      "id": 32,
      "model": "베르길리우스2",
      "teller": "Vergilius",
      "title": "Guide",
      "content": "Anything you’d add should be an elaboration on how you plan to improve your conduct."
    },
    {
      "id": 33,
      "model": "돈키호테",
      "content": "What unjust… Agh! Thou’rt demanding a specific answer out of me…!"
    },
    {
      "id": 34,
      "model": "베르길리우스2",
      "teller": "Vergilius",
      "title": "Guide",
      "content": "Don’t you know? A company already has the “correct” answers for its employees. The questions are only asked to see if you can get it right."
    },
    {
      "id": 35,
      "model": "베르길리우스2",
      "teller": "Vergilius",
      "title": "Guide",
      "content": "You’re sorely mistaken if you believe the company is sincerely curious about your input."
    },
    {
      "id": 36,
      "model": "돈키호테",
      "content": "Kagh… If—If the company insists so, then I—!"
    },
    {
      "id": 37,
      "model": "베르길리우스2",
      "teller": "Vergilius",
      "title": "Guide",
      "content": "…I’m sick of this."
    },
    {
      "id": 38,
      "content": "Vergilius kicked Don Quixote, tossing her to the floor."
    },
    {
      "id": 39,
      "content": "Then, gripping her fall by the collar…"
    },
    {
      "id": 40,
      "model": "베르길리우스2",
      "teller": "Vergilius",
      "title": "Guide",
      "content": "I’m sure you remember what went down when you joined."
    },
    {
      "id": 41,
      "model": "돈키호테",
      "content": "…!"
    },
    {
      "id": 42,
      "model": "베르길리우스",
      "content": "I hope you haven’t forgotten the deal we struck that day. …Miss. Don. Quixote."
    },
    {
      "id": 43,
      "content": "Vergilius’s eyes glistened with a much brighter hue of red than usual…"
    },
    {
      "id": 44,
      "content": "Staring directly into them, Don Quixote soon gave back a nod without another word."
    },
    {
      "id": 45,
      "model": "베르길리우스2",
      "teller": "Vergilius",
      "title": "Guide",
      "content": "…That’s all. Back to your seat."
    },
    {
      "id": 46,
      "content": "Watching someone who usually exuded pride and confidence quickly shift to such a discouraged, crestfallen state didn’t exactly make for a pleasant sight."
    },
    {
      "id": 47,
      "content": "Though, a deal that got Don Quixote to go silent simply by bringing it up…"
    },
    {
      "id": 48,
      "content": "It makes me wonder what it was about."
    },
    {
      "id": 49,
      "model": "베르길리우스2",
      "teller": "Vergilius",
      "title": "Guide",
      "content": "The same goes for the rest of you."
    },
    {
      "id": 50,
      "model": "베르길리우스2",
      "teller": "Vergilius",
      "title": "Guide",
      "content": "A company isn’t a platform for fulfilling egocentric dreams or preaching big ideas."
    },
    {
      "id": 51,
      "model": "베르길리우스2",
      "teller": "Vergilius",
      "title": "Guide",
      "content": "If you would still go against the terms of your employment contract to act unprompted, consider the consequences before you do."
    },
    {
      "id": 52,
      "model": "베르길리우스2",
      "teller": "Vergilius",
      "title": "Guide",
      "content": "You’ll spend a grueling period of being unable to escape; not through death, nor through struggles at severance."
    },
    {
      "id": 53,
      "model": "그레고르",
      "content": "I guess getting help from that guy―who was that again, Mister… Zack Friture, or something―must’ve ruffled his feathers."
    },
    {
      "id": 54,
      "model": "돈키호테",
      "content": "It’s… Lord Siegfried…"
    },
    {
      "id": 55,
      "model": "로쟈",
      "content": "Sheesh, the mission hasn’t even started and we already got a scolding~ Have some tact before you act, ‘kay?"
    },
    {
      "id": 56,
      "model": "이스마엘",
      "content": "Phew… I knew this day would come sooner or later. We should all be careful from now on."
    },
    {
      "id": 57,
      "model": "히스클리프",
      "content": "Why are you two birds gawking at me? Looking to get stoned?"
    },
    {
      "id": 58,
      "model": "베르길리우스2",
      "teller": "Vergilius",
      "title": "Guide",
      "content": "……"
    },
    {
      "id": 59,
      "model": "히스클리프",
      "content": "…Fine, I got it! Tsk."
    }
  ]
}