{
  "dataList": [
    {
      "id": 0,
      "place": "Aboard Mephistopheles",
      "model": "유리",
      "teller": "Yuri",
      "title": "Grade 8 Fixer",
      "content": "Okay, let’s look at the map again."
    },
    {
      "id": 1,
      "model": "카론",
      "content": "……"
    },
    {
      "id": 2,
      "model": "싱클레어",
      "content": "Charon, can you please focus?"
    },
    {
      "id": 3,
      "content": "Looking at the trio arguing over the map once again, a question arose in my mind."
    },
    {
      "id": 4,
      "model": "단테",
      "content": "<By the way, this bus was specifically made for Limbus Company, right?>"
    },
    {
      "id": 5,
      "model": "파우스트",
      "content": "It was made exclusively for us, to be more precise."
    },
    {
      "id": 6,
      "content": "Isn’t that basically what I said?"
    },
    {
      "id": 7,
      "model": "파우스트",
      "content": "You appear to be failing to identify the nuance."
    },
    {
      "id": 8,
      "model": "단테",
      "content": "<…That’s weird, I don’t think I spoke that part out loud.>"
    },
    {
      "id": 9,
      "content": "Is the clock broken or something?"
    },
    {
      "id": 10,
      "model": "파우스트",
      "content": "I can tell that much without hearing it verbalized."
    },
    {
      "id": 11,
      "model": "파우스트",
      "content": "There is nothing that Faust doesn’t know, after all."
    },
    {
      "id": 12,
      "model": "단테",
      "content": "<Anyway, it must’ve taken a long while to get it out of the oven. Especially with that… “mouth” on the side.>"
    },
    {
      "id": 13,
      "model": "파우스트",
      "content": "It only took the expected amount of time."
    },
    {
      "id": 14,
      "model": "단테",
      "content": "<……>"
    },
    {
      "id": 15,
      "model": "파우스트",
      "content": "……"
    },
    {
      "id": 16,
      "content": "She’s downright oppressive to talk to."
    },
    {
      "id": 17,
      "model": "파우스트",
      "content": "Faust is a well-renowned genius. She knows the ins and outs of the City."
    },
    {
      "id": 18,
      "model": "히스클리프",
      "content": "Oi, if you’re so smart, why don’t you help those twits at the driverside figure out the way. Can’t sleep a wink with their constant bickering."
    },
    {
      "id": 19,
      "model": "파우스트",
      "content": "Faust is no meddler. She answers to questions, but doesn’t chime in without being asked first."
    },
    {
      "id": 20,
      "model": "파우스트",
      "content": "Additionally, there is no greater joy for a human being than to ponder on problems in order to grasp an answer. Faust would rather not spoil that delight."
    },
    {
      "id": 21,
      "model": "이스마엘",
      "content": "He wouldn’t get it. I doubt he’s pondered on anything ever."
    },
    {
      "id": 22,
      "content": "I saw Heathcliff’s grip on the bat tighten, however…"
    },
    {
      "id": 23,
      "content": "With Vergilius casting a glare his way, he clicked his tongue as he crossed his arms and forced his eyes shut."
    },
    {
      "id": 24,
      "model": "단테",
      "content": "<I wonder why they’re so vitriolic…>"
    },
    {
      "id": 25,
      "model": "그레고르",
      "content": "Huh. You and me both, Manager Bud. You and me both."
    },
    {
      "id": 26,
      "content": "With Gregor’s snickers, the bus started again."
    }
  ]
}