{
    "dataList": [
        {
            "id": 0,
            "place": "Marlin Port Club Entrance",
            "model": "홍루",
            "content": "Woah, I can't believe they're letting us in like this!"
        },
        {
            "id": 1,
            "model": "단테2",
            "content": "<... Let's go.>"
        },
        {
            "id": 2,
            "content": "I wanted to correct him that the bouncers weren't letting us in, that they were either face-down in some ditch or fleeing, and we were just letting ourselves in..."
        },
        {
            "id": 3,
            "content": "But I guess I wasn't in the mood."
        },
        {
            "id": 4,
            "place": "Marlin Port Club Entrance",
            "model": "클럽손님",
            "teller": "Guest",
            "title": "U Corp.",
            "content": "Heyy... you here with anyone?"
        },
        {
            "id": 5,
            "model": "파우스트",
            "content": "Yes. I have twelve companions with me."
        },
        {
            "id": 6,
            "model": "클럽손님",
            "teller": "Guest",
            "title": "U Corp.",
            "content": "T-twelve...?"
        },
        {
            "id": 7,
            "model": "쌍갈고리파조직원4",
            "teller": "Twinhook Pirates?",
            "title": "???",
            "content": "There! Get 'em!"
        },
        {
            "id": 8,
            "model": "클럽손님",
            "teller": "Guest",
            "title": "U Corp.",
            "content": "Aaah! S-sorry for disturbing you!"
        },
        {
            "id": 9,
            "teller": "Club DJ",
            "title": "U Corp.",
            "content": "Okay everyone~ Let's do the famous 'Marlin Dance' of our beloved Marlin port!"
        },
        {
            "id": 10,
            "teller": "Club DJ",
            "title": "U Corp.",
            "content": "Arms out~ Like this! Swing~ and lock! Swing~ and lock!"
        },
        {
            "id": 11,
            "model": "히스클리프",
            "content": "Ngh... what's with all the booming bass?"
        },
        {
            "id": 12,
            "model": "이상",
            "content": "It feels as though the sound waves are vibrating my entire brain matter..."
        },
        {
            "id": 13,
            "model": "이스마엘",
            "content": "Get out of my way or you'll all be sorry."
        },
        {
            "id": 14,
            "content": "Ishmael swung her mace, shattering a nearby table to pieces..."
        },
        {
            "id": 15,
            "content": "And that was more than enough for the clubbers to realize the seriousness of the situation. They quickly ran to the exit and vacated the club."
        }
    ]
}