{
    "dataList": [
        {
            "id": 0,
            "place": "Screening Room",
            "model": "동백여우각성_먼지",
            "teller": "Dongbaek",
            "title": "Technology Liberation Alliance",
            "content": "Kaff... Koff..."
        },
        {
            "id": 1,
            "model": "오티스",
            "content": "Hemoptysis. An optimistic sign."
        },
        {
            "id": 2,
            "model": "파우스트",
            "content": "Even with the repeated training with Qliphoth deterrence, abuse of E.G.O will still push the user's body to the limit."
        },
        {
            "id": 3,
            "model": "동랑",
            "teller": "Dongrang",
            "title": "K Corp. Dept. of Food Resource Development",
            "content": "Will you return the Golden Bough now, Dongbaek?"
        },
        {
            "id": 4,
            "model": "동랑",
            "teller": "Dongrang",
            "title": "K Corp. Dept. of Food Resource Development",
            "content": "I was supposed to hand it over to my guests over here, signed in some complicated contract with several stamps... So I can't go back on my words here."
        },
        {
            "id": 5,
            "model": "동백여우각성_먼지",
            "teller": "Dongbaek",
            "title": "Technology Liberation Alliance",
            "content": "Proudly... boasting your... ignorance... still..."
        },
        {
            "id": 6,
            "model": "동랑",
            "teller": "Dongrang",
            "title": "K Corp. Dept. of Food Resource Development",
            "content": "And you are weak. Still."
        },
        {
            "id": 7,
            "model": "동랑",
            "teller": "Dongrang",
            "title": "K Corp. Dept. of Food Resource Development",
            "content": "Even with the E.G.O from Lobotomy Corp, this was below my expectations, Dongbaek."
        },
        {
            "id": 8,
            "model": "동랑",
            "teller": "Dongrang",
            "title": "K Corp. Dept. of Food Resource Development",
            "content": "Besides... I haven't even introduced you to the technology I developed. I know, why don't we hold our first conference in a while?"
        },
        {
            "id": 9,
            "model": "K사안내방송",
            "teller": "Announcer",
            "title": "K Corp.",
            "content": "The daily audiovisual feed has been sent."
        },
        {
            "id": 10,
            "model": "동랑",
            "teller": "Dongrang",
            "title": "K Corp. Dept. of Food Resource Development",
            "content": "So, tell me, Dongbaek..."
        },
        {
            "id": 11,
            "model": "동랑",
            "teller": "Dongrang",
            "title": "K Corp. Dept. of Food Resource Development",
            "content": "How much bigger can your despair grow?"
        },
        {
            "id": 12,
            "teller": "Running Civilian",
            "title": "Nest K",
            "content": "Ahhhhh!! Help me!!!"
        },
        {
            "id": 13,
            "model": "이스마엘",
            "content": "What's up with this sound?"
        },
        {
            "id": 14,
            "model": "그레고르",
            "content": "Is that the footage those drones filmed while we were fighting the Abnormality on the street..."
        },
        {
            "id": 15,
            "model": "동랑",
            "teller": "Dongrang",
            "title": "K Corp. Dept. of Food Resource Development",
            "content": "I read the threat you sent, Dongbaek. Said you'll release an Abnormality on the streets if I don't speak about the Singularity."
        },
        {
            "id": 16,
            "model": "동랑",
            "teller": "Dongrang",
            "title": "K Corp. Dept. of Food Resource Development",
            "content": "I know you were always fond of radical events... But I didn't think you'd actually do it."
        },
        {
            "id": 17,
            "model": "동랑",
            "teller": "Dongrang",
            "title": "K Corp. Dept. of Food Resource Development",
            "content": "Of course... It produced a lot more tears. All thanks to you."
        },
        {
            "id": 18,
            "model": "동백여우각성_먼지",
            "teller": "Dongbaek",
            "title": "Technology Liberation Alliance",
            "content": "No... I wasn't planning to release it. It escaped. You ignored my warning..."
        },
        {
            "id": 19,
            "model": "동랑",
            "teller": "Dongrang",
            "title": "K Corp. Dept. of Food Resource Development",
            "content": "If I responded there, that'd mean admitting that our lab had been experimenting on Abnormalities arbitrarily."
        },
        {
            "id": 20,
            "model": "동랑",
            "teller": "Dongrang",
            "title": "K Corp. Dept. of Food Resource Development",
            "content": "Thank goodness our contractors happened to be near the Nest when it happened."
        },
        {
            "id": 21,
            "model": "이스마엘",
            "content": "So it was all part of your plan to have us run into the breached Abnormality?"
        },
        {
            "id": 22,
            "model": "동랑",
            "teller": "Dongrang",
            "title": "K Corp. Dept. of Food Resource Development",
            "content": "It was closer to an experiment than a plan. The possibility of failure was kept in mind, but I had evidence to trust that you'd make it through."
        },
        {
            "id": 23,
            "model": "동랑",
            "teller": "Dongrang",
            "title": "K Corp. Dept. of Food Resource Development",
            "content": "I've been keeping an eye on you for longer than you might think."
        },
        {
            "id": 24,
            "model": "동랑",
            "teller": "Dongrang",
            "title": "K Corp. Dept. of Food Resource Development",
            "content": "I told you, didn't I?"
        },
        {
            "id": 25,
            "model": "동랑",
            "teller": "Dongrang",
            "title": "K Corp. Dept. of Food Resource Development",
            "content": "I'm a fan of yours."
        },
        {
            "id": 26,
            "model": "크로머",
            "teller": "Kromer",
            "title": "Nagel und Hammer",
            "content": "No, Sinclair! It's always been the other way around... I am the one who grips...!"
        },
        {
            "id": 27,
            "model": "싱클레어",
            "content": "How is this... I don't think I want to watch..."
        },
        {
            "id": 28,
            "model": "동랑",
            "teller": "Dongrang",
            "title": "K Corp. Dept. of Food Resource Development",
            "content": "We generated record tears that time as well. It played a significant part in securing the award, I might add."
        },
        {
            "id": 29,
            "model": "동랑",
            "teller": "Dongrang",
            "title": "K Corp. Dept. of Food Resource Development",
            "content": "The employees of a certain department in N Corp. weren't the best people to talk with, but I was able to procure fresh audiovisual feed thanks to them."
        },
        {
            "id": 30,
            "model": "로쟈",
            "content": "That means... the reason N Corp. could get away with such cruelties in a residential area in Nest K was..."
        },
        {
            "id": 31,
            "model": "뫼르소",
            "content": "This is what the deal entailed."
        },
        {
            "id": 32,
            "model": "동랑",
            "teller": "Dongrang",
            "title": "K Corp. Dept. of Food Resource Development",
            "content": "I think I remember a certain fellow saying this: while Brother Young-ji's 'glass window' was innovative, it was simply too vast to freely wield, especially for a coarse man like me."
        },
        {
            "id": 33,
            "model": "동백여우각성_먼지",
            "teller": "Dongbaek",
            "title": "Technology Liberation Alliance",
            "content": "……."
        },
        {
            "id": 34,
            "model": "동랑",
            "teller": "Dongrang",
            "title": "K Corp. Dept. of Food Resource Development",
            "content": "Ah, Dongbaek. Was it you?"
        },
        {
            "id": 35,
            "model": "동백여우각성_먼지",
            "teller": "Dongbaek",
            "title": "Technology Liberation Alliance",
            "content": "What is... Are you..."
        },
        {
            "id": 36,
            "model": "동랑",
            "teller": "Dongrang",
            "title": "K Corp. Dept. of Food Resource Development",
            "content": "There just were never enough tears."
        },
        {
            "id": 37,
            "model": "동랑",
            "teller": "Dongrang",
            "title": "K Corp. Dept. of Food Resource Development",
            "content": "I mean, look around you, and see how many people are suffering here."
        },
        {
            "id": 38,
            "model": "동랑",
            "teller": "Dongrang",
            "title": "K Corp. Dept. of Food Resource Development",
            "content": "So they'll be doing the crying for us."
        },
        {
            "id": 39,
            "model": "동랑",
            "teller": "Dongrang",
            "title": "K Corp. Dept. of Food Resource Development",
            "content": "With no time to shut their eyes."
        },
        {
            "id": 40,
            "model": "이상",
            "teller": "Yi Sang",
            "title": "League of Nine Littérateurs",
            "content": "I only made minor modifications to Brother Young-ji's work."
        },
        {
            "id": 41,
            "model": "이상",
            "teller": "Yi Sang",
            "title": "League of Nine Littérateurs",
            "content": "I wanted to show a reflection of any possibility in its unvarnished image."
        },
        {
            "id": 42,
            "model": "이상",
            "teller": "Yi Sang",
            "title": "League of Nine Littérateurs",
            "content": "That is why I am considering the name for it:"
        },
        {
            "id": 43,
            "model": "이상",
            "teller": "Yi Sang",
            "title": "League of Nine Littérateurs",
            "content": "'Mirror'."
        },
        {
            "id": 44,
            "model": "이상",
            "teller": "Yi Sang",
            "title": "League of Nine Littérateurs",
            "content": "I wish that this will serve as a tool of entertainment... giving us more joy."
        },
        {
            "id": 45,
            "model": "과거동백",
            "teller": "Dongbaek",
            "title": "League of Nine Littérateurs",
            "content": "Is this why I haven't been able to see you lately? To discover this?"
        },
        {
            "id": 46,
            "model": "과거동백",
            "teller": "Dongbaek",
            "title": "League of Nine Littérateurs",
            "content": "Dongrang, why are you laughing like that?"
        },
        {
            "id": 47,
            "model": "과거동랑",
            "teller": "Dongrang",
            "title": "League of Nine Littérateurs",
            "content": "It's just funny that you're talking so ferociously when your eyes are full of curious twinkles."
        },
        {
            "id": 48,
            "model": "과거동백",
            "teller": "Dongbaek",
            "title": "League of Nine Littérateurs",
            "content": "Yi Sang, will you tell him to shut it?"
        },
        {
            "id": 49,
            "model": "과거동랑",
            "teller": "Dongrang",
            "title": "League of Nine Littérateurs",
            "content": "Why don't you hide your astonishment of a child who's tried ice cream for the first time on your face first?"
        },
        {
            "id": 50,
            "content": "Mouths unable to hold laughter."
        },
        {
            "id": 51,
            "content": "Exclamations of amazeness."
        },
        {
            "id": 52,
            "content": "Smiles at each other."
        },
        {
            "id": 53,
            "content": "Eyes glowing brighter than stars."
        },
        {
            "id": 54,
            "content": "Everyone there felt... pure joy."
        },
        {
            "id": 55,
            "content": "I only wished that all this..."
        },
        {
            "id": 56,
            "content": "Would remain a simple recreation."
        },
        {
            "id": 57,
            "model": "상이",
            "teller": "???",
            "title": "???",
            "content": "Be quiet."
        },
        {
            "id": 58,
            "model": "상이",
            "teller": "???",
            "title": "???",
            "content": "You will simply... live on as you are. As if you know nothing."
        },
        {
            "id": 59,
            "model": "동백여우각성_먼지",
            "teller": "Dongbaek",
            "title": "Technology Liberation Alliance",
            "content": "The glass window... wasn't made for this kind of wicked degeneracy..."
        },
        {
            "id": 60,
            "model": "동랑",
            "teller": "Dongrang",
            "title": "K Corp. Dept. of Food Resource Development",
            "content": "We're having an important moment. Please mind your language."
        },
        {
            "id": 61,
            "model": "동랑",
            "teller": "Dongrang",
            "title": "K Corp. Dept. of Food Resource Development",
            "content": "And I know what you're saying. Brother Young-ji would have scolded me for this."
        },
        {
            "id": 62,
            "model": "동랑",
            "teller": "Dongrang",
            "title": "K Corp. Dept. of Food Resource Development",
            "content": "Ah, but did you know, though? We're no longer in the time when we used to cheer over toy-like inventions. The applause won't be as loud with how few of us that remain now."
        },
        {
            "id": 63,
            "model": "동백여우각성_먼지",
            "teller": "Dongbaek",
            "title": "Technology Liberation Alliance",
            "content": "……."
        },
        {
            "id": 64,
            "model": "동랑",
            "teller": "Dongrang",
            "title": "K Corp. Dept. of Food Resource Development",
            "content": "You're just struggling to let go. Isn't that right?"
        },
        {
            "id": 65,
            "model": "동랑",
            "teller": "Dongrang",
            "title": "K Corp. Dept. of Food Resource Development",
            "content": "You give your grand speeches about the evil of technology... But that's no more than a pretext you made up on the way as a means to garner support. To reach your true goal."
        },
        {
            "id": 66,
            "model": "동랑",
            "teller": "Dongrang",
            "title": "K Corp. Dept. of Food Resource Development",
            "content": "You claim to fight the vile technology, but you yourself are being plenty vile."
        },
        {
            "id": 67,
            "model": "동랑",
            "teller": "Dongrang",
            "title": "K Corp. Dept. of Food Resource Development",
            "content": "When your group took over the Lobotomy branch facility where I just happened to be conducting my research..."
        },
        {
            "id": 68,
            "model": "동랑",
            "teller": "Dongrang",
            "title": "K Corp. Dept. of Food Resource Development",
            "content": "You probably told your followers that it was to investigate the Singularity, but in reality, you figured out that you could find pieces of technology you could use as weapons, didn't you? Like E.G.O."
        },
        {
            "id": 69,
            "model": "동랑",
            "teller": "Dongrang",
            "title": "K Corp. Dept. of Food Resource Development",
            "content": "I wonder who gave you all that precious information. Shrenne couldn't have known that. How about a game of twenty questions, will you tell me that way?"
        },
        {
            "id": 70,
            "model": "동백여우각성_먼지",
            "teller": "Dongbaek",
            "title": "Technology Liberation Alliance",
            "content": "Don't talk like you know everything. That attitude of yours...always annoyed me..."
        },
        {
            "id": 71,
            "model": "동랑",
            "teller": "Dongrang",
            "title": "K Corp. Dept. of Food Resource Development",
            "content": "Haha, then let me act like I know about just one more thing."
        },
        {
            "id": 72,
            "model": "동랑",
            "teller": "Dongrang",
            "title": "K Corp. Dept. of Food Resource Development",
            "content": "When we peeked through Brother Young-ji's glass window... and when we got a glimpse of worlds reflected in Yi Sang's mirror..."
        },
        {
            "id": 73,
            "model": "동랑",
            "teller": "Dongrang",
            "title": "K Corp. Dept. of Food Resource Development",
            "content": "We felt the euphoria and schism we would never be able to recover from."
        },
        {
            "id": 74,
            "model": "동백여우각성_먼지",
            "teller": "Dongbaek",
            "title": "Technology Liberation Alliance",
            "content": "……."
        },
        {
            "id": 75,
            "model": "동백여우각성_먼지",
            "teller": "Dongbaek",
            "title": "Technology Liberation Alliance",
            "content": "Since the moment the glass window was made..."
        },
        {
            "id": 76,
            "model": "동백여우각성_먼지",
            "teller": "Dongbaek",
            "title": "Technology Liberation Alliance",
            "content": "All sorts of interest groups came knocking on the door."
        },
        {
            "id": 77,
            "model": "동백여우각성_먼지",
            "teller": "Dongbaek",
            "title": "Technology Liberation Alliance",
            "content": "Right... While we may think... that we left the League of our own volition..."
        },
        {
            "id": 78,
            "model": "동백여우각성_먼지",
            "teller": "Dongbaek",
            "title": "Technology Liberation Alliance",
            "content": "We all know what actually happened... We were actually just torn apart and scattered away..."
        },
        {
            "id": 79,
            "model": "동백여우각성_먼지",
            "teller": "Dongbaek",
            "title": "Technology Liberation Alliance",
            "content": "And that the reason for it came from the inside..."
        },
        {
            "id": 80,
            "model": "동랑",
            "teller": "Dongrang",
            "title": "K Corp. Dept. of Food Resource Development",
            "content": "Dongbaek, even if you put my work in the concept incinerator, we won't be able to go back to those innocent times. You know that, right?"
        },
        {
            "id": 81,
            "model": "동랑",
            "teller": "Dongrang",
            "title": "K Corp. Dept. of Food Resource Development",
            "content": "Hmm... Even though you are aware... you still can't give up your obsession..."
        },
        {
            "id": 82,
            "model": "동백여우각성_먼지",
            "teller": "Dongbaek",
            "title": "Technology Liberation Alliance",
            "content": "……."
        },
        {
            "id": 83,
            "model": "동랑",
            "teller": "Dongrang",
            "title": "K Corp. Dept. of Food Resource Development",
            "content": "Ah, now I get it."
        },
        {
            "id": 84,
            "model": "동랑",
            "teller": "Dongrang",
            "title": "K Corp. Dept. of Food Resource Development",
            "content": "If someone were to discover the incinerated technologies again..."
        },
        {
            "id": 85,
            "model": "동랑",
            "teller": "Dongrang",
            "title": "K Corp. Dept. of Food Resource Development",
            "content": "Other nameless fellows with other dreams... would feel the same euphoria we once felt. That's what you wanted to happen."
        },
        {
            "id": 86,
            "model": "동랑",
            "teller": "Dongrang",
            "title": "K Corp. Dept. of Food Resource Development",
            "content": "Since we can't return to the past ourselves..."
        },
        {
            "id": 87,
            "model": "동랑",
            "teller": "Dongrang",
            "title": "K Corp. Dept. of Food Resource Development",
            "content": "You were going to recreate the past for coming generations."
        },
        {
            "id": 88,
            "model": "동랑",
            "teller": "Dongrang",
            "title": "K Corp. Dept. of Food Resource Development",
            "content": "Wow, what a cute and unique idea, Dongbaek."
        },
        {
            "id": 89,
            "model": "싱클레어",
            "content": "M-Miss Dongbaek... Your body..."
        },
        {
            "id": 90,
            "content": "Dongbaek muttered into emptiness. It was as though she was talking to someone."
        },
        {
            "id": 91,
            "model": "동백에고각성중_먼지",
            "teller": "Dongbaek",
            "title": "Technology Liberation Alliance",
            "content": "Yes... I'll bury it... deep in the sand... hide them..."
        },
        {
            "id": 92,
            "model": "동백에고각성중_먼지",
            "teller": "Dongbaek",
            "title": "Technology Liberation Alliance",
            "content": "For someone to find... some day..."
        },
        {
            "id": 93,
            "model": "동백에고각성중_먼지",
            "teller": "Dongbaek",
            "title": "Technology Liberation Alliance",
            "content": "We... didn't discover the technologies because we were better or had exclusive rights to..."
        },
        {
            "id": 94,
            "model": "동백에고각성중_먼지",
            "teller": "Dongbaek",
            "title": "Technology Liberation Alliance",
            "content": "You may be right, I fooled everyone including myself into working for my own goals... It was... the land we tilled... that was fertile..."
        },
        {
            "id": 95,
            "model": "동랑",
            "teller": "Dongrang",
            "title": "K Corp. Dept. of Food Resource Development",
            "content": "That's disheartening to hear. Are you going to discredit all our efforts that went into plowing the soil, missing out on sights of flowers?"
        },
        {
            "id": 96,
            "model": "동랑",
            "teller": "Dongrang",
            "title": "K Corp. Dept. of Food Resource Development",
            "content": "Back then, we were naive amateurs, and the past you refuse to forget is just a fleeting moment seen through rose-tinted glasses."
        },
        {
            "id": 97,
            "model": "동랑",
            "teller": "Dongrang",
            "title": "K Corp. Dept. of Food Resource Development",
            "content": "Did your colleagues who gave their lives to the cause know this, though?"
        },
        {
            "id": 98,
            "model": "동랑",
            "teller": "Dongrang",
            "title": "K Corp. Dept. of Food Resource Development",
            "content": "That the cause you exclaimed was only a specious banner to lure people with. That it was as vain as a cloud on the sky."
        },
        {
            "id": 99,
            "model": "동백에고각성중_먼지",
            "teller": "Dongbaek",
            "title": "Technology Liberation Alliance",
            "content": "No... And yet... I'm finally seeing myself better now. Which is why I should plant the sprout and cover it with dirt with my own hands, isn't that right?"
        },
        {
            "id": 100,
            "model": "동백에고각성중_먼지",
            "teller": "Dongbaek",
            "title": "Technology Liberation Alliance",
            "content": "The bud has fallen... and our fruit has long since withered..."
        },
        {
            "id": 101,
            "model": "동백에고각성중_먼지",
            "teller": "Dongbaek",
            "title": "Technology Liberation Alliance",
            "content": "It must be covered with dirt again... let other fruits be borne..."
        },
        {
            "id": 102,
            "model": "로쟈",
            "content": "Hey... Is it really okay to let her be?"
        },
        {
            "id": 103,
            "model": "로쟈",
            "content": "You know... Your mind doesn't work right when you're using E.G.O..."
        },
        {
            "id": 104,
            "model": "히스클리프",
            "content": "Now hold on... Are you doing this on purpose...? Taunt her as much as you can..."
        },
        {
            "id": 105,
            "model": "오티스",
            "content": "And wait for her to tire herself out..."
        },
        {
            "id": 106,
            "model": "동백에고각성중_먼지",
            "teller": "Dongbaek",
            "title": "Technology Liberation Alliance",
            "content": "...Back to the innocent times, now without us."
        },
        {
            "id": 107,
            "model": "동랑",
            "teller": "Dongrang",
            "title": "K Corp. Dept. of Food Resource Development",
            "content": "Ah, innocence..."
        },
        {
            "id": 108,
            "model": "동랑",
            "teller": "Dongrang",
            "title": "K Corp. Dept. of Food Resource Development",
            "content": "No words are as embarrassing as that."
        },
        {
            "id": 109,
            "model": "히스클리프",
            "content": "Oi, keep it together!"
        },
        {
            "id": 110,
            "model": "동랑",
            "teller": "Dongrang",
            "title": "K Corp. Dept. of Food Resource Development",
            "content": "No one can shake your mind like I do, then and now. Isn't that right?"
        },
        {
            "id": 111,
            "model": "동백에고각성중_먼지",
            "teller": "Dongbaek",
            "title": "Technology Liberation Alliance",
            "content": "No, I feel like my mind is blooming wider than ever."
        },
        {
            "id": 112,
            "model": "동백에고각성중_먼지",
            "teller": "Dongbaek",
            "title": "Technology Liberation Alliance",
            "content": "I've always wished to be a bud, soon to burst into bloom."
        },
        {
            "id": 113,
            "model": "동백에고각성중_먼지",
            "teller": "Dongbaek",
            "title": "Technology Liberation Alliance",
            "content": "Shrouded in scent all over the body..."
        },
        {
            "id": 114,
            "model": "동백에고각성",
            "teller": "Dongbaek",
            "title": "Technology Liberation Alliance",
            "content": "Even if this is my own heart-wrenching path, understood by no one..."
        },
        {
            "id": 115,
            "model": "동백에고각성",
            "teller": "Dongbaek",
            "title": "Effloresced E.G.O::Spicebush",
            "content": "I'll still leave behind a morrow, strong and fertile like fallen petals."
        }
    ]
}