{
  "dataList": [
    {
      "id": 0,
      "place": "District 4 - LC Branch Exterior",
      "model": "베르길리우스2",
      "teller": "Vergilius",
      "title": "Guide",
      "content": "…Dante. A moment with me, please."
    },
    {
      "id": 1,
      "content": "While the team was busy exchanging greetings, Vergilius called me to a secluded place."
    },
    {
      "id": 2,
      "model": "베르길리우스2",
      "teller": "Vergilius",
      "title": "Guide",
      "content": "Let me tell you in advance that they’re only Grade 8 Fixers."
    },
    {
      "id": 3,
      "model": "단테",
      "content": "<Grade 8?>"
    },
    {
      "id": 4,
      "model": "베르길리우스2",
      "teller": "Vergilius",
      "title": "Guide",
      "content": "…It means they’re low-rank drudges, errands being their main tasks."
    },
    {
      "id": 5,
      "model": "베르길리우스2",
      "teller": "Vergilius",
      "title": "Guide",
      "content": "Use them for your benefit, but don’t rely on them."
    },
    {
      "id": 6,
      "model": "단테",
      "content": "<I can’t count on them to deal with everything for us, in other words.>"
    },
    {
      "id": 7,
      "content": "I nodded to let him know that I understood his point."
    },
    {
      "id": 8,
      "model": "베르길리우스2",
      "teller": "Vergilius",
      "title": "Guide",
      "content": "…You might be the only one on the bus I can actually converse with."
    },
    {
      "id": 9,
      "model": "베르길리우스2",
      "teller": "Vergilius",
      "title": "Guide",
      "content": "…Well, best of luck, Dante."
    },
    {
      "id": 10,
      "content": "Vergilius pat my shoulder with a bitter smile before slowly making his way back to the bus."
    }
  ]
}