{
  "dataList": [
    {
      "id": 0,
      "place": "The Old Sinclair Estate",
      "content": "Sinclair’s home was the largest mansion in the neighborhood, standing at the innermost part of town."
    },
    {
      "id": 1,
      "content": "One could see from a distance that a huge flame was engulfing the estate."
    },
    {
      "id": 2,
      "content": "I took a moment to try and imagine what this town could have looked like during its peaceful times."
    },
    {
      "id": 3,
      "content": "To bring to mind the times when the trees we saw near the town still had lush, verdant leaves."
    },
    {
      "id": 4,
      "content": "How Sinclair would’ve been during those times."
    },
    {
      "id": 5,
      "content": "Or when everyone around him had died."
    },
    {
      "id": 6,
      "content": "I couldn’t paint a clear picture of either happiness or despair."
    },
    {
      "id": 7,
      "content": "Nonetheless, I only hope that Sinclair can brace himself for the misfortune he’ll soon have to face."
    },
    {
      "id": 8,
      "model": "이스마엘",
      "content": "This is… awful, to say the least…"
    },
    {
      "id": 9,
      "content": "A courtyard that could have once been a vast, flourishing garden was now full of nails erected tall."
    },
    {
      "id": 10,
      "content": "A variety of prosthetic bodies were pierced by those towering nails."
    },
    {
      "id": 11,
      "content": "And the house was enveloped in ferocious flame, ready to consume everything around it."
    },
    {
      "id": 12,
      "content": "While everyone’s attention was drawn to the prostheses…"
    },
    {
      "id": 13,
      "content": "Sinclair’s eyes drifted to a corner of the yard."
    },
    {
      "id": 14,
      "model": "싱클레어",
      "content": "The graves, they’re… dug up…?"
    },
    {
      "id": 15,
      "content": "Following his gaze, I could see three graves that were violated."
    },
    {
      "id": 16,
      "content": "Sinclair’s expression alone was enough for me and all the other Sinners to guess who they were for."
    },
    {
      "id": 17,
      "model": "이상",
      "content": "…To execute the dead—this is nothing short of a devil’s work."
    },
    {
      "id": 18,
      "content": "Father, mother, and sister."
    },
    {
      "id": 19,
      "content": "The family he mentioned… That’s where they should be resting."
    },
    {
      "id": 20,
      "model": "오티스",
      "content": "Halt… One Uniform, straight ahead."
    },
    {
      "id": 21,
      "model": "싱클레어",
      "content": "That whistling…"
    },
    {
      "id": 22,
      "teller": "???",
      "title": "???",
      "content": "Kehehe. I mean, it’s just too funny when you think about it."
    },
    {
      "id": 23,
      "content": "Someone walked out of the burning household."
    },
    {
      "id": 24,
      "content": "Her laugh was simply sinister in every way imaginable."
    },
    {
      "id": 25,
      "model": "크로머",
      "teller": "Kromer",
      "title": "Nagel und Hammer",
      "content": "Why put so much effort into burying bodies that can’t even rot… Am I right?"
    },
    {
      "id": 26,
      "model": "싱클레어",
      "content": "Kromer…"
    },
    {
      "id": 27,
      "model": "크로머",
      "teller": "Kromer",
      "title": "Nagel und Hammer",
      "content": "I’m sure you’ll find ‘em around somewhere if you look hard enough. I do remember nailing those three."
    },
    {
      "id": 28,
      "model": "크로머",
      "teller": "Kromer",
      "title": "Nagel und Hammer",
      "content": "Be a good boy, and I might just tell you where they are…"
    },
    {
      "id": 29,
      "model": "크로머",
      "teller": "Kromer",
      "title": "Nagel und Hammer",
      "content": "Well, Sinclair? You’ve grown a spine, coming all the way here."
    },
    {
      "id": 30,
      "model": "크로머",
      "teller": "Kromer",
      "title": "Nagel und Hammer",
      "content": "Enough of one to look at a few dead bodies too, right?"
    },
    {
      "id": 31,
      "model": "싱클레어",
      "content": "Why… Just… Why all this…?"
    },
    {
      "id": 32,
      "content": "Sinclair couldn’t even speak properly."
    },
    {
      "id": 33,
      "model": "오티스",
      "content": "Where did our Before Team get off to? They’ve got to turn up at this point…"
    },
    {
      "id": 34,
      "model": "크로머",
      "teller": "Kromer",
      "title": "Nagel und Hammer",
      "content": "Ah~ Sinclair’s got some buddies!"
    },
    {
      "id": 35,
      "model": "크로머",
      "teller": "Kromer",
      "title": "Nagel und Hammer",
      "content": "Looking for the other filthy ratlets that snuck in here?"
    },
    {
      "id": 36,
      "model": "크로머",
      "teller": "Kromer",
      "title": "Nagel und Hammer",
      "content": "Okay, okay. Watch closely. I’ll turn on the lights, so open your eyes wide!"
    },
    {
      "id": 37,
      "model": "크로머",
      "teller": "Kromer",
      "title": "Nagel und Hammer",
      "content": "Tadaa!"
    },
    {
      "id": 38,
      "model": "제복에피",
      "teller": "Effie",
      "title": "LCCB",
      "content": "Krgh, khaag…"
    },
    {
      "id": 39,
      "model": "그레고르",
      "content": "Effie…?"
    },
    {
      "id": 40,
      "content": "Effie was barely breathing. His limbs had been cut away, and deformed prosthetics were crudely lodged in their place."
    },
    {
      "id": 41,
      "model": "싱클레어",
      "content": "Effie!!!"
    },
    {
      "id": 42,
      "content": "He was too mutilated to even speak a single word."
    },
    {
      "id": 43,
      "model": "파우스트",
      "content": "……"
    },
    {
      "id": 44,
      "model": "파우스트",
      "content": "In his current state, it will take around two days for him to completely die."
    },
    {
      "id": 45,
      "model": "파우스트",
      "content": "And the pole piercing through him will only amplify his suffering."
    },
    {
      "id": 46,
      "model": "단테",
      "content": "<Then…>"
    },
    {
      "id": 47,
      "model": "오티스",
      "content": "Manager, I happen to know of a method to end a life with as little pain as possible."
    },
    {
      "id": 48,
      "model": "오티스",
      "content": "It’s one that saw many uses, in fact…"
    },
    {
      "id": 49,
      "model": "오티스",
      "content": "May I ask you to give me the order?"
    },
    {
      "id": 50,
      "content": "I looked to both Gregor and Ishmael."
    },
    {
      "id": 51,
      "content": "They gazed back at me, and… as if in acknowledgement, dropped their heads low and bit their lips."
    },
    {
      "id": 52,
      "content": "I understood what that meant."
    },
    {
      "id": 53,
      "model": "오티스",
      "content": "…Rest in peace."
    },
    {
      "id": 54,
      "content": "The collar of Outis’s clothes brushed against the wind."
    },
    {
      "id": 55,
      "content": "Then silence."
    },
    {
      "id": 56,
      "content": "And—it’s then broken by Kromer’s roaring laughter."
    },
    {
      "id": 57,
      "model": "크로머",
      "teller": "Kromer",
      "title": "Nagel und Hammer",
      "content": "Pfh… Pwahahahaha!!"
    },
    {
      "id": 58,
      "model": "싱클레어",
      "content": "Ah."
    },
    {
      "id": 59,
      "content": "At the same time, I could hear something else break."
    },
    {
      "id": 60,
      "model": "크로머",
      "teller": "Kromer",
      "title": "Nagel und Hammer",
      "content": "Really, it’s hilarious to watch you all care for each other when you’ll all meet the same fate anyway!"
    },
    {
      "id": 61,
      "model": "크로머",
      "teller": "Kromer",
      "title": "Nagel und Hammer",
      "content": "Brings you back, doesn’t it, Sinclair?"
    },
    {
      "id": 62,
      "model": "크로머",
      "teller": "Kromer",
      "title": "Nagel und Hammer",
      "content": "Your face back then was real priceless."
    },
    {
      "id": 63,
      "model": "싱클레어",
      "content": "Kromer."
    },
    {
      "id": 64,
      "model": "싱클레어",
      "content": "You have to die."
    },
    {
      "id": 65,
      "model": "싱클레어",
      "content": "Yeah, I think that’s the right way."
    },
    {
      "id": 66,
      "model": "싱클레어",
      "content": "You’ll die by my—!"
    },
    {
      "id": 67,
      "content": "He was interrupted by the sound of a nail dragging across the floor."
    },
    {
      "id": 68,
      "model": "오티스",
      "content": "…It’s Guido."
    },
    {
      "id": 69,
      "content": "We thought we had felled him with our best, but not a scratch was on his body now. It was as if all his injuries healed in that short time."
    },
    {
      "id": 70,
      "content": "Seeing him walk towards us in perfect condition fatigued the Sinners…"
    },
    {
      "id": 71,
      "content": "Rendered speechless, all they can muster from their hearts is a deep groan of contempt."
    },
    {
      "id": 72,
      "model": "크로머",
      "teller": "Kromer",
      "title": "Nagel und Hammer",
      "content": "Guido, why couldn’t you take out the others?"
    },
    {
      "id": 73,
      "model": "귀도",
      "teller": "Guido",
      "title": "Nagel und Hammer",
      "content": "Forgive my ineptitude, O One Who Grips. My incompetence allowed them to escape."
    },
    {
      "id": 74,
      "model": "크로머",
      "teller": "Kromer",
      "title": "Nagel und Hammer",
      "content": "You have to stay alert. You never know what’s hidden under those cursed steel craniums."
    },
    {
      "id": 75,
      "model": "귀도",
      "teller": "Guido",
      "title": "Nagel und Hammer",
      "content": "I shall keep your word at heart, O One Who Grips."
    },
    {
      "id": 76,
      "model": "크로머",
      "teller": "Kromer",
      "title": "Nagel und Hammer",
      "content": "Since the reunion is over, I’ll be heading back."
    },
    {
      "id": 77,
      "content": "Kromer turns around to walk into the burning mansion."
    },
    {
      "id": 78,
      "model": "싱클레어",
      "content": "Kromer!!!"
    },
    {
      "id": 79,
      "model": "싱클레어",
      "content": "Get back here! I’ll… I swear, you—! I’ll grab you with my hand and—"
    },
    {
      "id": 80,
      "model": "크로머",
      "teller": "Kromer",
      "title": "Nagel und Hammer",
      "content": "Nope, Sinclair."
    },
    {
      "id": 81,
      "model": "크로머",
      "teller": "Kromer",
      "title": "Nagel und Hammer",
      "content": "It’s always been the other way around…"
    },
    {
      "id": 82,
      "content": "A long smirk dances across Kromer’s entire face; it’s hard to tell if it’s the violent blaze or Kromer’s vice that is consuming the other."
    },
    {
      "id": 83,
      "content": "And then…"
    },
    {
      "id": 84,
      "model": "크로머",
      "teller": "Kromer",
      "title": "Nagel und Hammer",
      "content": "I am the one who grips."
    }
  ]
}