{
  "dataList": [
    {
      "id": 0,
      "place": "The Old Sinclair Estate",
      "model": "싱클레어",
      "content": "Rrraaaaaaah!!!"
    },
    {
      "id": 1,
      "model": "히스클리프",
      "content": "Hey, wait…!"
    },
    {
      "id": 2,
      "content": "Sinclair leapt forth to chase Kromer before anyone could stop him."
    },
    {
      "id": 3,
      "content": "However, he’s blocked by the remaining N Corp. Inquisitors."
    },
    {
      "id": -1,
      "model": "//효과음 – 퍽"
    },
    {
      "id": 4,
      "content": "In response, he swings his weapon with a tremendous force I never thought he could exert, crushing the head of the one who grabbed him."
    },
    {
      "id": 5,
      "content": "The Inquisitor collapses to the ground before even a gasp could escape their mouth."
    },
    {
      "id": 6,
      "content": "Sinclair would normally keep to the back of our group; this was the first time I saw him charge in unprompted like that."
    },
    {
      "id": 7,
      "model": "히스클리프",
      "content": "…What the—? The hell have you been dawdling in the back for if you could do that?"
    },
    {
      "id": 8,
      "model": "귀도",
      "teller": "Guido",
      "title": "Nagel und Hammer",
      "content": "I remember with clarity that I had ended your lives."
    },
    {
      "id": 9,
      "model": "귀도",
      "teller": "Guido",
      "title": "Nagel und Hammer",
      "content": "I undoubtedly witnessed torn brain tissue spill through the cracks in your skulls."
    },
    {
      "id": 10,
      "model": "귀도",
      "teller": "Guido",
      "title": "Nagel und Hammer",
      "content": "And yet, here you heretics are, before me on your feet."
    },
    {
      "id": 11,
      "model": "그레고르",
      "content": "You’re not the one to complain about miraculous recoveries…"
    },
    {
      "id": 12,
      "content": "Guido examines me closely with his piercing glare."
    },
    {
      "id": 13,
      "content": "He then slowly nods as if his observation gave him the knowledge he needed."
    },
    {
      "id": 14,
      "model": "귀도",
      "teller": "Guido",
      "title": "Nagel und Hammer",
      "content": "You there, the one possessing the head of a heretic."
    },
    {
      "id": 15,
      "model": "귀도",
      "teller": "Guido",
      "title": "Nagel und Hammer",
      "content": "You must be the false shepherd enticing this herd into blasphemy."
    },
    {
      "id": 16,
      "content": "He proceeds to nudge his chin at the nailed corpses in the courtyard."
    },
    {
      "id": 17,
      "model": "귀도",
      "teller": "Guido",
      "title": "Nagel und Hammer",
      "content": "They committed the grave sin of entering the site of hallowed rites with their unclean bodies."
    },
    {
      "id": 18,
      "model": "귀도",
      "teller": "Guido",
      "title": "Nagel und Hammer",
      "content": "Thus, they have been punished with the same penalty as heretics receive."
    },
    {
      "id": 19,
      "model": "귀도",
      "teller": "Guido",
      "title": "Nagel und Hammer",
      "content": "They have also been subjected to the humiliation of bodily mechanical intrusions being installed against their will."
    },
    {
      "id": 20,
      "model": "귀도",
      "teller": "Guido",
      "title": "Nagel und Hammer",
      "content": "But you are different."
    },
    {
      "id": 21,
      "model": "귀도",
      "teller": "Guido",
      "title": "Nagel und Hammer",
      "content": "The sin of worshipping a heretic is less severe than indulging in heresy oneself."
    },
    {
      "id": 22,
      "model": "귀도",
      "teller": "Guido",
      "title": "Nagel und Hammer",
      "content": "Therefore, as long as you are willing to repent and cleanse your minds of sin…"
    },
    {
      "id": 23,
      "model": "귀도",
      "teller": "Guido",
      "title": "Nagel und Hammer",
      "content": "We, the Hammer, are willing to demonstrate forgiveness."
    },
    {
      "id": 24,
      "model": "귀도",
      "teller": "Guido",
      "title": "Nagel und Hammer",
      "content": "So I implore you, ye pitiable foolish sinners, led astray by temptation."
    },
    {
      "id": 25,
      "model": "귀도",
      "teller": "Guido",
      "title": "Nagel und Hammer",
      "content": "Shake off the allure of that false miracle, and kneel before me."
    },
    {
      "id": 26,
      "content": "The confrontation came to a standstill. No one seemed willing to speak first."
    },
    {
      "id": 27,
      "model": "단테",
      "content": "<So you’ve all been under my spell or something all along? Who’d’ve thought that.>"
    },
    {
      "id": 28,
      "content": "I tried cracking a joke to lighten the mood a little, but no one laughed."
    },
    {
      "id": 29,
      "model": "이스마엘",
      "content": "Dante… That man… He just insulted you. He doesn’t even see you as a human being."
    },
    {
      "id": 30,
      "model": "단테",
      "content": "<I mean, you guys call me clockface all the time too…>"
    },
    {
      "id": 31,
      "model": "이스마엘",
      "content": "That’s not the same at all! Besides, I’ve never used that nickname…"
    },
    {
      "id": 32,
      "content": "Ishmael grunted."
    },
    {
      "id": 33,
      "model": "히스클리프",
      "content": "So you think throwing some fancy words around will be enough to persuade us, eh…"
    },
    {
      "id": 34,
      "model": "히스클리프",
      "content": "Listen up, Faceplate: You’re the one who needs a little shaking off. Seems to me your human brain’s just as defective."
    },
    {
      "id": 35,
      "model": "귀도",
      "teller": "Guido",
      "title": "Nagel und Hammer",
      "content": "……"
    },
    {
      "id": 36,
      "model": "귀도",
      "teller": "Guido",
      "title": "Nagel und Hammer",
      "content": "You were given ample opportunity."
    },
    {
      "id": 37,
      "model": "귀도",
      "teller": "Guido",
      "title": "Nagel und Hammer",
      "content": "You are no different from those we hung and nailed after all."
    },
    {
      "id": 38,
      "model": "귀도",
      "teller": "Guido",
      "title": "Nagel und Hammer",
      "content": "I am a Hammer."
    },
    {
      "id": 39,
      "model": "귀도",
      "teller": "Guido",
      "title": "Nagel und Hammer",
      "content": "I am a tool for the One Who Grips, tasked with the great mission of piercing the false flesh of heretics."
    },
    {
      "id": 40,
      "model": "귀도",
      "teller": "Guido",
      "title": "Nagel und Hammer",
      "content": "I shall bind thee to a nail, and lay thee down furthest from soil."
    },
    {
      "id": 41,
      "model": "귀도",
      "teller": "Guido",
      "title": "Nagel und Hammer",
      "content": "For he who shan’t repent…"
    },
    {
      "id": 42,
      "model": "히스클리프",
      "content": "Oi, when are you gonna finish your stupidly long taunt?"
    },
    {
      "id": 43,
      "model": "귀도",
      "teller": "Guido",
      "title": "Nagel und Hammer",
      "content": "…is not granted rest beneath the earth."
    }
  ]
}