{
    "dataList": [
        {
            "id": 0,
            "place": "Marlin Port Club VIP Room",
            "model": "다친스미",
            "teller": "Smee",
            "title": "Twinhook Pirates",
            "content": "W-wait! You better stay away! Lay a finger on me, and you'll regret it!"
        },
        {
            "id": 1,
            "model": "다친스미",
            "teller": "Smee",
            "title": "Twinhook Pirates",
            "content": "You have no idea who's looking out for me."
        },
        {
            "id": 2,
            "model": "그레고르",
            "content": "What?"
        },
        {
            "id": 3,
            "model": "다친스미",
            "teller": "Smee",
            "title": "Twinhook Pirates",
            "content": "It's... don't freak out now... a Big Brother. From 'the Middle'."
        },
        {
            "id": 4,
            "model": "료슈",
            "content": "... Oho. a B.B?"
        },
        {
            "id": 5,
            "model": "다친스미",
            "teller": "Smee",
            "title": "Twinhook Pirates",
            "content": "And this Queequeg? The Middle put a pretty hefty bounty on her pretty head, in case you didn't know."
        },
        {
            "id": 6,
            "model": "다친스미",
            "teller": "Smee",
            "title": "Twinhook Pirates",
            "content": "She not only dared to quit the Middle, but also decided to fall off the face off the earth. Now that's what you call prime stupidity."
        },
        {
            "id": 7,
            "model": "다친스미",
            "teller": "Smee",
            "title": "Twinhook Pirates",
            "content": "Given that the Middle... never forgets."
        },
        {
            "id": 8,
            "model": "이스마엘",
            "content": "... Okay. Are you finished?"
        },
        {
            "id": 9,
            "model": "다친스미",
            "teller": "Smee",
            "title": "Twinhook Pirates",
            "content": "Wait, really...? You're still going to kill me?"
        },
        {
            "id": 10,
            "model": "이스마엘",
            "content": "It's our mess. I'm not about to leave any loose threads behind."
        },
        {
            "id": 11,
            "model": "다친스미",
            "teller": "Smee",
            "title": "Twinhook Pirates",
            "content": "It's the Middle we're talking about! The Middle! Don't you know who they are?!"
        },
        {
            "id": 12,
            "model": "이스마엘",
            "content": "......"
        },
        {
            "id": 13,
            "model": "다친스미",
            "teller": "Smee",
            "title": "Twinhook Pirates",
            "content": "Wait! Fine, fine! I'll tell you where your friend is!"
        },
        {
            "id": 14,
            "model": "다친스미",
            "teller": "Smee",
            "title": "Twinhook Pirates",
            "content": "The shipping container you're looking for... We keep our living hostages in shipping containers marked with a green triangle. And since he's a recent catch, you can go find him on the East side, probably..."
        },
        {
            "id": 15,
            "model": "이스마엘",
            "content": "Green triangle, huh? What if there's more than one of those? What if it's in a different shade of green? What if you’re just lying to get out of a pinch?"
        },
        {
            "id": 16,
            "model": "다친스미",
            "teller": "Smee",
            "title": "Twinhook Pirates",
            "content": "You should be able to tell! You should be able to tell right away! I'm serious... Please!"
        },
        {
            "id": 17,
            "model": "이스마엘",
            "content": "... There you have it. I'd say that's more than enough confirmation. Happy now, Sinclair?"
        },
        {
            "id": 18,
            "model": "싱클레어",
            "content": "......"
        },
        {
            "id": 19,
            "content": "Sinclair was frowning, but Ishmael didn't seem to care."
        },
        {
            "id": 20,
            "content": "She stood there, rubbing the wrist of her weapon arm. It almost appeared as though she was measuring the amount of strength needed to turn Smee's head into pulp in one fell swoop."
        },
        {
            "id": 21,
            "model": "단테2",
            "content": "<... Wait. Killing her could cause us a lot of trouble.>"
        },
        {
            "id": 22,
            "model": "단테2",
            "content": "<We know where the hostage is, and I think that's good enough. Let's head back.>"
        },
        {
            "id": 23,
            "model": "이스마엘",
            "content": "... I don't feel the need to convince you, manager. Kindly get out of my way."
        },
        {
            "id": 24,
            "model": "이스마엘",
            "content": "I don't want to waste any more time on this."
        },
        {
            "id": 25,
            "model": "다친스미",
            "teller": "Smee",
            "title": "Twinhook Pirates",
            "content": "Y-you know what else is a waste of time? Killing me. How 'bout we just go on our merry ways, huh?"
        },
        {
            "id": 26,
            "model": "이스마엘",
            "content": "I disagree."
        },
        {
            "id": 27,
            "model": "단테2",
            "content": "<Ishmael!>"
        },
        {
            "id": 28,
            "model": "이스마엘",
            "content": "I can be pretty fast."
        },
        {
            "id": 29,
            "content": "Ishmael's eyes were still lost and wandering. She swung back her harpoon arm, ready to strike, and..."
        },
        {
            "id": 30,
            "content": "Before I even realized what I was doing... I was leaping in the way."
        },
        {
            "id": 31,
            "model": "이스마엘",
            "content": "...!"
        },
        {
            "id": 32,
            "model": "오티스",
            "content": "Executive Manager!"
        },
        {
            "id": 33,
            "model": "이스마엘",
            "content": "Dante... are you insane?"
        },
        {
            "id": 34,
            "model": "오티스",
            "content": "You, you're the one who's insane!!! You dare lay your hands on our Executive Manager? Was insubordination not enough?!"
        },
        {
            "id": 35,
            "model": "다친스미",
            "teller": "Smee",
            "title": "Twinhook Pirates",
            "content": "S... Smart choice."
        },
        {
            "id": 36,
            "model": "다친스미",
            "teller": "Smee",
            "title": "Twinhook Pirates",
            "content": "If you killed me... a Big Brother or even a Big Sister would've gone after you."
        },
        {
            "id": 37,
            "content": "I recalled the time when... the exact opposite happened."
        },
        {
            "id": 38,
            "content": "When Ishmael leaped in front of me, taking the malfunctioning machine's bullets in my place..."
        },
        {
            "id": 39,
            "content": "And called my name as her body liquefied."
        },
        {
            "id": 40,
            "content": "As though she had faith that my name alone could make everything right again."
        },
        {
            "id": 41,
            "model": "이스마엘",
            "content": "Did you just... Did you just take a harpoon for that bitch?"
        },
        {
            "id": 42,
            "model": "이스마엘",
            "content": "If I aimed a bit to the side, I would've hit you in the face! Your stupid clock face!! Do you understand?!"
        },
        {
            "id": 43,
            "model": "단테2",
            "content": "<Yeah, I do... Boy, you really did whet the heck outta that harpoon... This really hurts.>"
        },
        {
            "id": 44,
            "model": "이스마엘",
            "content": "Wha... Can you please stop it! With your stupid goddamn quips!"
        },
        {
            "id": 45,
            "model": "오티스",
            "content": "Executive Manager."
        },
        {
            "id": 46,
            "model": "오티스",
            "content": "Her words and actions just now are more than enough to constitute a full-on mutiny. She made an attempt on the life of her direct superior!"
        },
        {
            "id": 47,
            "model": "오티스",
            "content": "I can no longer sit idly by and watch. Though you may not have the punitive authority..."
        },
        {
            "id": 48,
            "model": "오티스",
            "content": "We must make a detailed report of these incidents and relay it to the higher-ups of the company to discuss our future actions."
        },
        {
            "id": 49,
            "model": "단테2",
            "content": "<It's okay, Outis. I chose to get in her way.>"
        },
        {
            "id": 50,
            "model": "오티스",
            "content": "This is NOT okay!!"
        },
        {
            "id": 51,
            "model": "오티스",
            "content": "That individual has consistently and repeatedly caused serious setbacks to our mission!"
        },
        {
            "id": 52,
            "model": "오티스",
            "content": "And that, Executive Manager, is crossing the line!"
        },
        {
            "id": 53,
            "model": "단테2",
            "content": "<Outis. I said it's okay.>"
        },
        {
            "id": 54,
            "model": "단테2",
            "content": "<I didn't take the harpoon for that woman. I took it for Ishmael.>"
        },
        {
            "id": 55,
            "model": "이스마엘",
            "content": "Haah?"
        },
        {
            "id": 56,
            "model": "이스마엘",
            "content": "What, did you flip a switch and decide to become a humanitarian all of a sudden?"
        },
        {
            "id": 57,
            "model": "이스마엘",
            "content": "You never had to dirty your hands with a drop of blood. Not even once..."
        },
        {
            "id": 58,
            "model": "이스마엘",
            "content": "You just sat back and ordered us to bloody ours in your stead."
        },
        {
            "id": 59,
            "model": "이스마엘",
            "content": "And now you're telling us to, what, 'ease up on the murders'? What are you even trying to say? That you don't want us to get traumatized anymore? Some touchy-feely shit like that?"
        },
        {
            "id": 60,
            "model": "단테2",
            "content": "<No, it's just my intuition.>"
        },
        {
            "id": 61,
            "model": "단테2",
            "content": "<... That probably wasn't very convincing, was it?>"
        },
        {
            "id": 62,
            "model": "이스마엘",
            "content": "No. Of course not... Intuition comes from experience. From memories."
        },
        {
            "id": 63,
            "model": "이스마엘",
            "content": "You remember jack all before the clock, Dante. How can I trust your intuition?"
        },
        {
            "id": 64,
            "model": "단테2",
            "content": "<That woman... I think she's in a pretty important position of power, at least in this District. Killing her before thinking things through could complicate things.>"
        },
        {
            "id": 65,
            "model": "이스마엘",
            "content": "Did it not occur to you that NOT killing her could also complicate things?"
        },
        {
            "id": 66,
            "model": "단테2",
            "content": "<... I just think killing everyone in our way left and right like this...>"
        },
        {
            "id": 67,
            "model": "단테2",
            "content": "<... Won't help us in the future.>"
        },
        {
            "id": 68,
            "model": "이스마엘",
            "content": "... In the future, huh."
        },
        {
            "id": 69,
            "model": "단테2",
            "content": "<Sorry... I can't... I don't have any better explanation for what I just did.>"
        },
        {
            "id": 70,
            "model": "이스마엘",
            "content": "I don't know how far in the future you're talking about, but..."
        },
        {
            "id": 71,
            "model": "이스마엘",
            "content": "... I'm sure we have different things in store for us there, Dante."
        },
        {
            "id": 72,
            "model": "단테2",
            "content": "<Ah...>"
        },
        {
            "id": 73,
            "model": "이상",
            "content": "Dante..."
        },
        {
            "id": 74,
            "model": "이상",
            "content": "Do not ever put yourself at risk in such a manner again."
        },
        {
            "id": 75,
            "model": "단테2",
            "content": "<Come on... That advice coming from one of you guys? Not very convincing.>"
        },
        {
            "id": 76,
            "model": "이상",
            "content": "Responsibility of twelve lives weigh upon your shoulders, Dante. Thus you must watch yourself twelvefold."
        },
        {
            "id": 77,
            "model": "이상",
            "content": "Doubly so, in that... should you perish... we do not possess the means to bring you back."
        },
        {
            "id": 78,
            "model": "이상",
            "content": "And..."
        },
        {
            "id": 79,
            "model": "이상",
            "content": "Ones that cannot be brought back... leave behind an unbearably painful void."
        },
        {
            "id": 80,
            "content": "Yi Sang was right. My shoulder was in an unbearable amount of pain."
        },
        {
            "id": 81,
            "model": "히스클리프",
            "content": "Oi... You uh, all right, clockhead?"
        },
        {
            "id": 82,
            "model": "단테2",
            "content": "<Yeah, I'm good. The clock still works.>"
        },
        {
            "id": 83,
            "model": "히스클리프",
            "content": "What? That's not what I... Hah, Looney bugger. You're not all there either. Or maybe it just took you a while to lose it, eh?"
        },
        {
            "id": 84,
            "model": "히스클리프",
            "content": "And here I thought we at least had one sane person on the bus. But you're no different."
        },
        {
            "id": 85,
            "content": "Heathcliff shook his head and walked away."
        }
    ]
}