{
  "dataList": [
    {
      "id": 0,
      "place": "Casino Entrance",
      "model": "콩콩이파보스",
      "teller": "Tingtang Boss",
      "title": "Tingtang Gang",
      "content": "Hm? What’s up?"
    },
    {
      "id": 1,
      "model": "콩을싫어하는콩콩파조직원",
      "teller": "Bean-hating Tingtanger",
      "title": "Tingtang Gang",
      "content": "Boss! Some fasole who haven’t even told where they’re from rolled into town all of a sudden!"
    },
    {
      "id": 2,
      "model": "콩콩이파보스",
      "teller": "Tingtang Boss",
      "title": "Tingtang Gang",
      "content": "Who sent ya? The way you’re dressed tells me it ain’t Los Habaneros or the Butchers…"
    },
    {
      "id": 3,
      "model": "콩콩이파보스",
      "teller": "Tingtang Boss",
      "title": "Tingtang Gang",
      "content": "I’ll give you a chance to grovel fer forgiveness. Do that and I’ll let ya leave with your limbs in tow."
    },
    {
      "id": 4,
      "model": "이상",
      "content": "…We should gladly part if you were to take off your clothing for us."
    },
    {
      "id": 5,
      "model": "그레고르",
      "content": "That makes it sound kinda weird."
    },
    {
      "id": 6,
      "model": "콩을싫어하는콩콩파조직원",
      "teller": "Bean-hating Tingtanger",
      "title": "Tingtang Gang",
      "content": "Boss… I think they might be the… odd pods people have been talking about… y’know, rumored to fadangle with people’s odors."
    },
    {
      "id": 7,
      "model": "콩콩이파보스",
      "teller": "Tingtang Boss",
      "title": "Tingtang Gang",
      "content": "Greh… Disgusting bunch… Lemme tell ya, that’s no way to live…"
    },
    {
      "id": 8,
      "content": "Now, our assumed big boss of the gang is looking at us with genuine disgust."
    },
    {
      "id": 9,
      "model": "단테",
      "content": "<…I have not wanted to win a fight as desperately as I do now.>"
    }
  ]
}