{
    "dataList": [
        {
            "id": 0,
            "place": "Marlin Port Club VIP Room",
            "model": "스미",
            "teller": "???",
            "title": "???",
            "content": "Whew~ You’ve certainly made a mess out there. Tell me. Who sent ya? A rival Captain? Or are you looking to collect my head for the bounty?"
        },
        {
            "id": 1,
            "model": "그레고르",
            "content": "Haah… So you’re the boss here?"
        },
        {
            "id": 2,
            "model": "스미",
            "teller": "Smee",
            "title": "Twinhook Pirates",
            "content": "Yeah. I’m Smee, first mate of the Twinhook Pirates."
        },
        {
            "id": 3,
            "model": "스미",
            "teller": "Smee",
            "title": "Twinhook Pirates",
            "content": "Heard ya wanted to see me. What, want an autograph?"
        },
        {
            "id": 4,
            "model": "뫼르소",
            "content": "We were last informed that you were the second-in-command."
        },
        {
            "id": 5,
            "model": "뫼르소",
            "content": "We seek your superior. Tell us of their whereabouts."
        },
        {
            "id": 6,
            "model": "스미",
            "teller": "Smee",
            "title": "Twinhook Pirates",
            "content": "Hook? ... That asshat has to be drowning in bottles of Fairy Wine somewhere, three sheets to the wind."
        },
        {
            "id": 7,
            "model": "스미",
            "teller": "Smee",
            "title": "Twinhook Pirates",
            "content": "So I pretty much run this joint. De facto and all, you know?"
        },
        {
            "id": 8,
            "model": "스미",
            "teller": "Smee",
            "title": "Twinhook Pirates",
            "content": "And ya gotta understand our predicament. The perfume business has never been the most lucrative venture at this port, so we're just looking to branch out... A purely business decision, devised by none other than yours truly."
        },
        {
            "id": 9,
            "model": "뫼르소",
            "content": "Understood. So you must have the information we seek."
        },
        {
            "id": 10,
            "model": "뫼르소",
            "content": "We are in search of a certain individual held hostage by this establishment. Hand over the information regarding his whereabouts."
        },
        {
            "id": 11,
            "model": "스미",
            "teller": "Smee",
            "title": "Twinhook Pirates",
            "content": "Hostage? Oh, what a crude choice of words. We prefer to call him our guest."
        },
        {
            "id": 12,
            "model": "싱클레어",
            "content": "... Guest?"
        },
        {
            "id": 13,
            "model": "스미",
            "teller": "Smee",
            "title": "Twinhook Pirates",
            "content": "Yep. Well, then... how about a deal?"
        },
        {
            "id": 14,
            "model": "스미",
            "teller": "Smee",
            "title": "Twinhook Pirates",
            "content": "Tell me everything you know about Queequeg. And I'll see to it that the guest you're looking for is safely returned."
        },
        {
            "id": 15,
            "model": "스미",
            "teller": "Smee",
            "title": "Twinhook Pirates",
            "content": "Besides, that guest of ours... He's a big shot, ain't he? LC... something's Team Leader?"
        },
        {
            "id": 16,
            "model": "스미",
            "teller": "Smee",
            "title": "Twinhook Pirates",
            "content": "Oh, and one of you's a... friend of Queequeg, right?"
        },
        {
            "id": 17,
            "model": "이스마엘",
            "content": "......"
        },
        {
            "id": 18,
            "model": "스미",
            "teller": "Smee",
            "title": "Twinhook Pirates",
            "content": "Tell me everything you know about Queequeg."
        },
        {
            "id": 19,
            "model": "스미",
            "teller": "Smee",
            "title": "Twinhook Pirates",
            "content": "What she's up to, who she's with, the last thing she said to you... I want to hear all of it."
        },
        {
            "id": 20,
            "model": "스미",
            "teller": "Smee",
            "title": "Twinhook Pirates",
            "content": "I'm sure there's no need to remind you who's got the upper hand here."
        },
        {
            "id": 21,
            "model": "이스마엘",
            "content": "Ha... I wish I could tell you. I really do."
        }
    ]
}