{
  "dataList": [
    {
      "id": 0,
      "place": "District 11 - LC Branch Interior",
      "content": "The branch facility we entered was not as well-preserved as the one we had visited in District 4."
    },
    {
      "id": 1,
      "content": "It seems N Corp’s Inquisitors have been using this place as their base for a while; various torture devices and bits of flesh and machinery like those we saw in town came into my sight."
    },
    {
      "id": 2,
      "teller": "Tortured Prosthesis",
      "title": "Calw Townsfolk",
      "content": "Please stop… It hurts… It hurts so much…!"
    },
    {
      "id": 3,
      "model": "N사심문관1",
      "teller": "Scourging Inquisitor",
      "title": "Nagel und Hammer",
      "content": "Hah. This one speaks of suffering."
    },
    {
      "id": 4,
      "model": "N사심문관2",
      "teller": "Interrogative Inquisitor",
      "title": "Nagel und Hammer",
      "content": "It must be a false cry. Pay it no mind."
    },
    {
      "id": 5,
      "teller": "Tortured Prosthesis",
      "title": "Calw Townsfolk",
      "content": "No… The pain… It’s real, I swear…"
    },
    {
      "id": 6,
      "model": "N사심문관1",
      "teller": "Scourging Inquisitor",
      "title": "Nagel und Hammer",
      "content": "Did it not hurt to attach these impurities to your flesh? Did your conscience not scream as you rejected your humanity?"
    },
    {
      "id": 7,
      "model": "N사심문관2",
      "teller": "Interrogative Inquisitor",
      "title": "Nagel und Hammer",
      "content": "Enough. This one is too far gone to repent."
    },
    {
      "id": 8,
      "model": "N사심문관2",
      "teller": "Interrogative Inquisitor",
      "title": "Nagel und Hammer",
      "content": "Does the absence of tears not say enough? This one is only pretending to confess."
    },
    {
      "id": 9,
      "teller": "Tortured Prosthesis",
      "title": "Calw Townsfolk",
      "content": "No, wait! I can… I can shed tears! So I beg you, please…"
    },
    {
      "id": 10,
      "model": "N사심문관1",
      "teller": "Scourging Inquisitor",
      "title": "Nagel und Hammer",
      "content": "We can afford to verify, can we not?"
    },
    {
      "id": 11,
      "model": "N사심문관2",
      "teller": "Interrogative Inquisitor",
      "title": "Nagel und Hammer",
      "content": "…Hm. Indeed, for a genuine effusion of sorrow suggests humanity."
    },
    {
      "id": 12,
      "teller": "Tortured Prosthesis",
      "title": "Calw Townsfolk",
      "content": "Thank you… Thank you so much…"
    },
    {
      "id": 13,
      "model": "N사심문관2",
      "teller": "Interrogative Inquisitor",
      "title": "Nagel und Hammer",
      "content": "Now, we shall lift your eye."
    },
    {
      "id": 14,
      "model": "N사심문관1",
      "teller": "Scourging Inquisitor",
      "title": "Nagel und Hammer",
      "content": "Their heretical depravity knows no bounds; they’ve gone so far as to make vile devices that mimic tear glands. We must see with our own true eyes that this isn’t the case."
    },
    {
      "id": 15,
      "model": "N사심문관1",
      "teller": "Scourging Inquisitor",
      "title": "Nagel und Hammer",
      "content": "We will let you go if we can confirm that your eye socket is indeed of flesh and blood."
    },
    {
      "id": 16,
      "teller": "Tortured Prosthesis",
      "title": "Calw Townsfolk",
      "content": "Wha… No—stop!!!"
    },
    {
      "id": 17,
      "model": "로쟈",
      "content": "…Huzzah!"
    },
    {
      "id": -1,
      "model": "//퍽"
    },
    {
      "id": 18,
      "model": "N사심문관1",
      "teller": "Scourging Inquisitor",
      "title": "Nagel und Hammer",
      "content": "Gah… Ngh…"
    },
    {
      "id": -1,
      "model": "//효과음",
      "content": "털썩"
    },
    {
      "id": 19,
      "model": "N사심문관2",
      "teller": "Interrogative Inquisitor",
      "title": "Nagel und Hammer",
      "content": "…You heretics truly are like pests."
    },
    {
      "id": 20,
      "model": "N사심문관2",
      "teller": "Interrogative Inquisitor",
      "title": "Nagel und Hammer",
      "content": "Never alone, with a habit of constantly obstructing our great task; you are kindred creatures indeed."
    },
    {
      "id": 21,
      "content": "Rodya shrugged when I looked back."
    },
    {
      "id": 22,
      "model": "로쟈",
      "content": "What? I wanted to take charge for once."
    }
  ]
}