{
    "dataList": [
        {
            "id": 0,
            "place": "Ruined K Corp. Laboratory Hallway",
            "model": "동랑",
            "teller": "Dongrang",
            "title": "K Corp. Dept. of Food Resource Development",
            "content": "This is troubling. I don't mind other locations, but if that place were to be attacked, it'll cause a major setback..."
        },
        {
            "id": 1,
            "model": "삼조",
            "teller": "Samjo",
            "title": "K Corp. Dept. of Food Resource Development",
            "content": "Mr. Dongrang, you have an urgent call from Director Alfonso."
        },
        {
            "id": 2,
            "model": "동랑",
            "teller": "Dongrang",
            "title": "K Corp. Dept. of Food Resource Development",
            "content": "Oh boy... She's about to give me a talking-to. Can't you take the call for me, Samjo?"
        },
        {
            "id": 3,
            "model": "삼조",
            "teller": "Samjo",
            "title": "K Corp. Dept. of Food Resource Development",
            "content": "I already have been, but her patience is nearing its limit."
        },
        {
            "id": 4,
            "model": "동랑",
            "teller": "Dongrang",
            "title": "K Corp. Dept. of Food Resource Development",
            "content": "Oh well... I'm not getting away from this. Pardon me for a second."
        },
        {
            "id": 5,
            "content": "While Dongrang was away, we spotted an employee who hadn't evacuated across the hallway, nervously wandering."
        },
        {
            "id": 6,
            "model": "오티스",
            "content": "Watch closely, Executive Manager. If you see a lackey snooping around like that in the middle of danger..."
        },
        {
            "id": 7,
            "model": "오티스",
            "content": "It most likely means you've found someone with useful information. It would be wise to make good use of them."
        },
        {
            "id": 8,
            "model": "오티스",
            "content": "Hey, we're agents from a subcontracting firm here to deal with this commotion. What's going on?"
        },
        {
            "id": 9,
            "model": "K사연구원1",
            "teller": "Nervous Employee",
            "title": "K Corp. Laboratory",
            "content": "I-I've been looking for Ms. Shrenne, but I can't find her anywhere. I need to tell her to evacuate..."
        },
        {
            "id": 10,
            "model": "K사연구원1",
            "teller": "Nervous Employee",
            "title": "K Corp. Laboratory",
            "content": "She's left her computer on... Where could she be..."
        },
        {
            "id": 11,
            "model": "싱클레어",
            "content": "Ah... Actually, she-"
        },
        {
            "id": 12,
            "model": "오티스",
            "content": "Alright, we'll find her. You evacuate first."
        },
        {
            "id": 13,
            "model": "K사연구원1",
            "teller": "Nervous Employee",
            "title": "K Corp. Laboratory",
            "content": "Thank you."
        },
        {
            "id": 14,
            "model": "오티스",
            "content": "Now, while the terrorists' informant has been removed, the staff is still in a muddle, and her computer is left on."
        },
        {
            "id": 15,
            "model": "오티스",
            "content": "We're in a complete tactical advantage. It didn't even cost us any strength."
        },
        {
            "id": 16,
            "content": "Probably thanks to the pride in this achievement, Outis sounded much more excited than usual... But no one else seemed to care."
        },
        {
            "id": 17,
            "model": "이스마엘",
            "content": "The computer Shrenne used... Its password was \"missyouran\", right..."
        },
        {
            "id": 18,
            "model": "단테",
            "content": "<We were told she was in close relations with Ran, exchanging lots of messages...>"
        },
        {
            "id": 19,
            "model": "단테",
            "content": "<If we're lucky, we might find a pending email or some other clue on her computer.>"
        },
        {
            "id": 20,
            "model": "단테",
            "content": "<It should hopefully give us some insight into the technology liberation alliance, too.>"
        },
        {
            "id": 21,
            "model": "오티스",
            "content": "You're quick to understand. That was unexpe- I mean... very much expected of my executive manager."
        },
        {
            "id": 22,
            "model": "그레고르",
            "content": "Alright, good. The problem is how we're gonna sneak into the office... Who on our team is gonna walk in there bold-faced and get it done without rousing suspicion..."
        },
        {
            "id": 23,
            "model": "단테",
            "content": "<If I had to choose a Sinner who can keep a still face and avoid suspicion...>"
        },
        {
            "id": 24,
            "model": "돈키호테",
            "content": "Give this humble knight one more chance, and I shall succeed...!"
        },
        {
            "id": 25,
            "model": "단테",
            "content": "<Meursault! Think you can handle it?>"
        },
        {
            "id": 26,
            "model": "뫼르소",
            "content": "...As long as you command."
        },
        {
            "id": 27,
            "model": "단테",
            "content": "<Yeah, I'm counting on you.>"
        }
    ]
}