{
    "dataList": [
        {
            "id": 0,
            "place": "Nest K - LC Branch Interior",
            "content": "...The group remained consistently noisy until the moment we arrived."
        },
        {
            "id": 1,
            "model": "료슈",
            "content": "Only in tranquility can art bloom in its full grace..."
        },
        {
            "id": 2,
            "model": "슈렌느",
            "teller": "Shrenne",
            "title": "K Corp. Laboratory",
            "content": "There's always gonna be a snobby jerk on any team."
        },
        {
            "id": 3,
            "model": "오티스",
            "content": "I must agree. I can't tell if they're here to handle a request or hang out... They loosen up too easily..."
        },
        {
            "id": 4,
            "model": "동랑",
            "teller": "Dongrang",
            "title": "K Corp. Dept. of Food Resource Development",
            "content": "If there's one fortunate thing, however, it's that we won't encounter any Abnormalities here."
        },
        {
            "id": 6,
            "model": "단테",
            "content": "<Why does this person keep talking to me?>"
        },
        {
            "id": 7,
            "model": "동랑",
            "teller": "Dongrang",
            "title": "K Corp. Dept. of Food Resource Development",
            "content": "To tell you the truth, the first encounter with Abnormalities was a series of shocking revelations."
        },
        {
            "id": 8,
            "model": "동랑",
            "teller": "Dongrang",
            "title": "K Corp. Dept. of Food Resource Development",
            "content": "It was hybrid, so to speak. I wouldn't have been able to conceive such a concept as developing a new source of energy from the human subconscious."
        },
        {
            "id": 9,
            "model": "단테",
            "content": "<Hmm…>"
        },
        {
            "id": 10,
            "model": "동랑",
            "teller": "Dongrang",
            "title": "K Corp. Dept. of Food Resource Development",
            "content": "I believe that the so widespread and standard, hm, what was it again... right, the age of humanity is coming to an end. Now is the age of the superior minds. Not too many have realized this with their hearts yet."
        },
        {
            "id": 11,
            "model": "단테",
            "content": "<What's an \"age of humanity\"?>"
        },
        {
            "id": 12,
            "model": "동랑",
            "teller": "Dongrang",
            "title": "K Corp. Dept. of Food Resource Development",
            "content": "You have no idea how glad I was to have you on board."
        },
        {
            "id": 13,
            "model": "단테",
            "content": "<...Some one-sided conversation that was... Much worse than the ones I have with Vergilius.>"
        },
        {
            "id": 14,
            "content": "Was it even a conversation if one of us never communicated their thoughts to the other?"
        },
        {
            "id": 15,
            "model": "동랑",
            "teller": "Dongrang",
            "title": "K Corp. Dept. of Food Resource Development",
            "content": "Shh. I hear some movement."
        },
        {
            "id": 16,
            "content": "I think you're the only one here who has to keep his mouth shut."
        }
    ]
}