{
  "dataList": [
    {
      "id": 0,
      "place": "4区 脑叶公司支部入口附近",
      "content": "格里高尔点上了烟，比平时更长久地吐出了烟气。"
    },
    {
      "id": 1,
      "model": "이스마엘",
      "content": "哪怕他们在其他安保公司就职，也比现在这样好吧……"
    },
    {
      "id": 2,
      "model": "오티스",
      "content": "他们一生都在军旅中度过。要开始新的职业生涯，需要适应和改变的部分太多了。"
    },
    {
      "id": 3,
      "model": "그레고르",
      "content": "以及，出身于折断之翼可是相当不得了的污点。如果有人接纳了你，那你都得跪下来给他舔靴子……"
    },
    {
      "id": 4,
      "model": "유리",
      "teller": "尤莉",
      "title": "8阶收尾人",
      "content": "……"
    },
    {
      "id": 5,
      "model": "그레고르",
      "content": "啊……对不起。是我考虑不周。"
    },
    {
      "id": 6,
      "model": "유리",
      "teller": "尤莉",
      "title": "8阶收尾人",
      "content": "没关系的。G公司和L公司情况都差不多。"
    },
    {
      "id": 7,
      "model": "유리",
      "teller": "尤莉",
      "title": "8阶收尾人",
      "content": "……毕竟翼被折断就是会引发许多这样的动荡。"
    }
  ]
}