{
  "dataList": [
    {
      "id": 0,
      "place": "4区 脑叶公司支部内某处",
      "model": "유리",
      "teller": "尤莉",
      "title": "8阶收尾人",
      "content": "我从来没见过、这些东西……"
    },
    {
      "id": 1,
      "model": "홉킨스",
      "teller": "霍普金斯",
      "title": "8阶收尾人",
      "content": "你不知道？"
    },
    {
      "id": 2,
      "content": "霍普金斯的脸色瞬间冷了下来。"
    },
    {
      "id": 3,
      "content": "与他在维吉里乌斯面前的时候判若两人，一阵恶寒伴随着战栗传遍我的身躯。"
    },
    {
      "id": 4,
      "model": "유리",
      "teller": "尤莉",
      "title": "8阶收尾人",
      "content": "不、不是……那个……"
    },
    {
      "id": 5,
      "model": "홉킨스",
      "teller": "霍普金斯",
      "title": "8阶收尾人",
      "content": "你清楚我们特地拾起折翼之羽的理由，不是吗？"
    },
    {
      "id": 6,
      "model": "유리",
      "teller": "尤莉",
      "title": "8阶收尾人",
      "content": "为……为了在处理有关L公司支部的委托时会更安全一点……"
    },
    {
      "id": 7,
      "model": "홉킨스",
      "teller": "霍普金斯",
      "title": "8阶收尾人",
      "content": "你挺明白啊。我也没对下层管理出身的人抱有什么期待。"
    },
    {
      "id": 8,
      "model": "홉킨스",
      "teller": "霍普金斯",
      "title": "8阶收尾人",
      "content": "带路。然后告诉我们该怎么对付那些叫异想体还是幻想体的东西。"
    },
    {
      "id": 9,
      "model": "홉킨스",
      "teller": "霍普金斯",
      "title": "8阶收尾人",
      "content": "然而……你却说你没见过那些东西，那叫我们怎么办啊？嗯？"
    },
    {
      "id": 10,
      "model": "아야",
      "teller": "阿雅",
      "title": "8阶收尾人",
      "content": "哎呦，霍普金斯，肚子饿了吗？放轻松一点嘛~"
    },
    {
      "id": 11,
      "model": "유리",
      "teller": "尤莉",
      "title": "8阶收尾人",
      "content": "……"
    },
    {
      "id": 12,
      "model": "파우스트",
      "content": "如果尤莉小姐确实没见过它们，那这些个体可能是源于异想体的其他的……或许也有可能是新的种类。"
    },
    {
      "id": 13,
      "model": "이상",
      "content": "再者，那家公司也未必管理着所有的异想体。"
    },
    {
      "id": 14,
      "model": "이상",
      "content": "若尤莉女士并未疏于学习，便无需自责。"
    },
    {
      "id": 15,
      "model": "홉킨스",
      "teller": "霍普金斯",
      "title": "8阶收尾人",
      "content": "咳……"
    },
    {
      "id": 16,
      "model": "유리",
      "teller": "尤莉",
      "title": "8阶收尾人",
      "content": "……谢谢您。"
    },
    {
      "id": 17,
      "model": "히스클리프",
      "content": "都在这吵什么？直接过去揍一顿不就好了吗？"
    },
    {
      "id": 18,
      "model": "뫼르소",
      "content": "如果下令，我便照做。"
    }
  ]
}