{
  "dataList": [
    {
      "id": 0,
      "place": "4区 脑叶公司支部内某处",
      "model": "파우스트",
      "content": "嘛，这里应该就差不多了。"
    },
    {
      "id": 1,
      "content": "当我推门而入，浮士德突然站到了我面前。"
    },
    {
      "id": 2,
      "model": "파우스트",
      "content": "但丁，请闭上双眼，并寻找藏匿于黑暗中的星星。"
    },
    {
      "id": 3,
      "model": "파우스트",
      "content": "那颗不断闪烁着温柔微光的，晦暗的真理之星。"
    },
    {
      "id": 4,
      "model": "단테",
      "content": "<星星么……这不会疼吧？>"
    },
    {
      "id": 5,
      "model": "파우스트",
      "content": "如果只是寻找那颗星，并不会感到痛苦。"
    },
    {
      "id": 6,
      "content": "虽然浮士德的说法令我感到隐隐不安，但我还是先按她所说遮蔽了视野。"
    },
    {
      "id": 7,
      "model": "파우스트",
      "content": "当你重新睁眼时，那遥不可及的群星……"
    },
    {
      "id": 8,
      "model": "파우스트",
      "content": "都将与您对视。"
    },
    {
      "id": 9,
      "model": "단테",
      "content": "<这……太美了。>"
    },
    {
      "id": 10,
      "model": "단테",
      "content": "<那道光……只有我才能看到吗？>"
    },
    {
      "id": 11,
      "model": "파우스트",
      "content": "并不是。通过您，现在我们都能看得到。"
    },
    {
      "id": 12,
      "model": "파우스트",
      "content": "即使深陷迷宫之中，我们也能得以藉由星辰受到您的恩惠。"
    },
    {
      "id": 13,
      "model": "이스마엘",
      "content": "那么，还请您赶紧转动时钟。我的肩膀好像不久前就脱臼了。"
    },
    {
      "id": 14,
      "model": "유리",
      "teller": "尤莉",
      "title": "8阶收尾人",
      "content": "您说转动？那个时钟，居然真的是可以转动的吗？"
    },
    {
      "id": 15,
      "model": "그레고르",
      "content": "何止会转？它还有相当神奇的能力。尤莉小姐也见识一下。"
    },
    {
      "id": 16,
      "model": "단테",
      "content": "<……就没人关心我受到的痛苦吗？>"
    }
  ]
}