{
  "dataList": [
    {
      "id": 0,
      "place": "4区 脑叶公司支部内某处",
      "content": "我们又往下走了一层。"
    },
    {
      "id": 1,
      "model": "유리",
      "teller": "尤莉",
      "title": "8阶收尾人",
      "content": "没想到还会再次回到这个地方。"
    },
    {
      "id": 2,
      "model": "파우스트",
      "content": "通常，脑叶公司的支部都由数层构成。"
    },
    {
      "id": 3,
      "model": "파우스트",
      "content": "而每一层都应该存在着拥有主导地位的异想体。"
    },
    {
      "id": 4,
      "model": "로쟈",
      "content": "嗯？！像刚才那样的东西还会再冒出来吗？"
    },
    {
      "id": 5,
      "model": "그레고르",
      "content": "那种……战斗情报？你到底是怎么知道的？"
    },
    {
      "id": 6,
      "model": "파우스트",
      "content": "浮士德无所不知。"
    },
    {
      "id": 7,
      "model": "유리",
      "teller": "尤莉",
      "title": "8阶收尾人",
      "content": "指南上说先遣部队会进行事先调查。"
    },
    {
      "id": 8,
      "model": "그레고르",
      "content": "……那不就只因你是相关人员才知道这个的嘛。"
    },
    {
      "id": 9,
      "model": "파우스트",
      "content": "但我的表述并没有任何问题。"
    },
    {
      "id": 10,
      "model": "오티스",
      "content": "总而言之，看来每层都存在一个主要敌方单位。"
    },
    {
      "id": 11,
      "model": "오티스",
      "content": "将敌人留在背后前进无疑是愚蠢的行为，看来还是得把这一层的异想体全都收拾掉……"
    },
    {
      "id": 12,
      "model": "파우스트",
      "content": "看来你抢走了浮士德的台词。"
    },
    {
      "id": 13,
      "model": "이상",
      "content": "无需言语便能传达想法，还有比这更为理想的吗？"
    },
    {
      "id": 14,
      "model": "파우스트",
      "content": "……但丁，该看星星了。"
    },
    {
      "id": 15,
      "model": "단테",
      "content": "<你们是不是有点太爱使唤人了……>"
    }
  ]
}