{
  "dataList": [
    {
      "id": 0,
      "place": "4区 脑叶公司支部内某处",
      "model": "단테",
      "content": "<就是刚刚那个异想体杀死了所有员工吗？>"
    },
    {
      "id": 1,
      "model": "유리",
      "teller": "尤莉",
      "title": "8阶收尾人",
      "content": "不对。如果我没猜错的话……"
    },
    {
      "id": 2,
      "model": "오티스",
      "content": "请注意前方，经理。那里还有个和刚才一样的家伙。"
    },
    {
      "id": 3,
      "content": "走廊尽头有个戴着石像头套的东西，正虚弱地靠在墙边。"
    },
    {
      "id": 4,
      "model": "석상머리",
      "teller": "石像头",
      "title": "幸存者？",
      "content": "嗨……？你们也……是来抽签……的吗……"
    },
    {
      "id": 5,
      "model": "석상머리",
      "teller": "石像头",
      "title": "幸存者？",
      "content": "把员工证……都收集起来……交给我……然后我们就知道是谁被选中了。"
    },
    {
      "id": 6,
      "content": "它的手中正艰难地握着一根员工证的挂绳，上面写着一个名字：“艾莉克斯”。"
    },
    {
      "id": 7,
      "model": "유리",
      "teller": "尤莉",
      "title": "8阶收尾人",
      "content": "……艾莉克斯。"
    },
    {
      "id": 8,
      "model": "히스클리프",
      "content": "她疯了吧？说什么选不选中的？"
    },
    {
      "id": 9,
      "model": "유리",
      "teller": "尤莉",
      "title": "8阶收尾人",
      "content": "管理须知要求我们……定期向一些异想体提供牺牲者。"
    },
    {
      "id": 10,
      "model": "석상머리",
      "teller": "石像头",
      "title": "幸存者？",
      "content": "不能走那边……它们马上就会找到你……"
    },
    {
      "id": 11,
      "model": "유리",
      "teller": "尤莉",
      "title": "8阶收尾人",
      "content": "……最终还是献祭了人类，对吧？"
    },
    {
      "id": 12,
      "model": "석상머리",
      "teller": "石像头",
      "title": "幸存者？",
      "content": "该轮到你……抽签了……"
    },
    {
      "id": 13,
      "model": "단테",
      "content": "<献祭人类……？>"
    },
    {
      "id": 14,
      "model": "이스마엘",
      "content": "如果没有人被献祭，会发生什么？"
    },
    {
      "id": 15,
      "model": "유리",
      "teller": "尤莉",
      "title": "8阶收尾人",
      "content": "我不知道……我们一直遵守着管理须知，从未有过任何偏差。"
    },
    {
      "id": 16,
      "model": "이스마엘",
      "content": "我猜它会出逃，然后开始到处杀人。"
    },
    {
      "id": 17,
      "model": "히스클리프",
      "content": "哈！那个叫异想体的玩意儿可真是够卑鄙的啊。它见到人后会重击受害人的后脑勺吗？"
    },
    {
      "id": 18,
      "model": "유리",
      "teller": "尤莉",
      "title": "8阶收尾人",
      "content": "这话……是什么意思？"
    },
    {
      "id": 19,
      "model": "히스클리프",
      "content": "你们的眼睛都是摆设吗？这些伤口显然是人类留下的，他们都拼命地想再给对方来一下。"
    },
    {
      "id": 20,
      "model": "히스클리프",
      "content": "这群蠢货全都死在了自己人手上。"
    },
    {
      "id": 21,
      "model": "유리",
      "teller": "尤莉",
      "title": "8阶收尾人",
      "content": "为、为什么要这样？"
    },
    {
      "id": 22,
      "model": "히스클리프",
      "content": "很明显。"
    },
    {
      "id": 23,
      "model": "히스클리프",
      "content": "他们大概是以为在支部下沉后，自己还剩些许机会能活下去吧。"
    },
    {
      "id": 24,
      "model": "히스클리프",
      "content": "于是就继续定期献祭同伴，指望着哪天能获救。"
    },
    {
      "id": 25,
      "model": "히스클리프",
      "content": "我猜他们用这法子撑了几个月。毕竟只要多献上一个人，其他人就能多活上几天。"
    },
    {
      "id": 26,
      "model": "히스클리프",
      "content": "但是，你觉得被选中的人会乖乖接受吗？"
    },
    {
      "id": 27,
      "model": "히스클리프",
      "content": "如果我要死了，肯定会先打爆面前那家伙的脑袋。"
    },
    {
      "id": 28,
      "model": "히스클리프",
      "content": "那样，至少我现在不会被献祭掉，对吧？"
    },
    {
      "id": 29,
      "model": "히스클리프",
      "content": "……嘛，大概就是这么回事。"
    },
    {
      "id": 30,
      "model": "이스마엘",
      "content": "然后最后存活的人……带上了和那东西一样的石像头套……"
    },
    {
      "id": 31,
      "model": "이스마엘",
      "content": "认为这样自己就不用被献祭了。"
    },
    {
      "id": 32,
      "model": "유리",
      "teller": "尤莉",
      "title": "8阶收尾人",
      "content": "不会是这样的。艾莉克斯绝对不是会为了自己活命而杀害他人的员工……"
    },
    {
      "id": 33,
      "model": "히스클리프",
      "content": "你怎么知道呢？你都不确定这家伙是不是艾莉克斯。"
    },
    {
      "id": 34,
      "model": "석상머리",
      "teller": "石像头",
      "title": "幸存者？",
      "content": "让我……给你个建议吧……"
    },
    {
      "id": 35,
      "model": "석상머리",
      "teller": "石像头",
      "title": "幸存者？",
      "content": "比起被强制带过去……你自己主动一点……可能会更好哦……咳……咳……"
    },
    {
      "id": 36,
      "model": "오티스",
      "content": "我们走。此人活不了多久了。"
    },
    {
      "id": 37,
      "content": "当所有人都沿着道路前进时，只有尤莉停下了脚步，俯视着那个带着石像头套的人。"
    },
    {
      "id": 38,
      "model": "유리",
      "teller": "尤莉",
      "title": "8阶收尾人",
      "content": "这不是你的错……你知道吧？"
    },
    {
      "id": 39,
      "model": "석상머리",
      "teller": "石像头",
      "title": "幸存者？",
      "content": "别管我了，尤莉……求求你别管我了……"
    },
    {
      "id": 40,
      "model": "유리",
      "teller": "尤莉",
      "title": "8阶收尾人",
      "content": "……"
    },
    {
      "id": 41,
      "model": "단테",
      "content": "<……走吧。>"
    }
  ]
}