{
  "dataList": [
    {
      "id": 0,
      "model": "그레고르",
      "content": "战争结束了。"
    },
    {
      "id": 1,
      "model": "그레고르",
      "content": "可我依然一脸自信地保持着滑稽的姿势。"
    },
    {
      "id": 2,
      "model": "그레고르",
      "content": "呵，我可没摆过那副表情。"
    },
    {
      "id": 3,
      "model": "그레고르",
      "content": "不过……我节肢上的毛倒是画得栩栩如生到让人恶心的地步。这是谁画的呢？"
    },
    {
      "id": 4,
      "model": "그레고르",
      "content": "看来我变幽默了呢。"
    },
    {
      "id": 5,
      "model": "그레고르",
      "content": "想来是被这梦魇困扰太久了，太渴望能好好活着了吧。"
    },
    {
      "id": 6,
      "teller": "不满的市民",
      "title": "回忆中的某人",
      "content": "那些G公司的渣滓们真该通通被斩首。"
    },
    {
      "id": 7,
      "model": "그레고르",
      "content": "我听到有谁一边嘟囔着，一边往地上啐了口痰的声音。"
    },
    {
      "id": 8,
      "model": "그레고르",
      "content": "不用看也知道他们说的是谁。"
    },
    {
      "id": 9,
      "model": "그레고르",
      "content": "或许是因为如此吧。"
    },
    {
      "id": 10,
      "model": "그레고르",
      "content": "呕……"
    },
    {
      "id": 11,
      "model": "그레고르",
      "content": "我感到恶心。"
    },
    {
      "id": 12,
      "teller": "善良的市民",
      "title": "回忆中的某人",
      "content": "先生，您还好吗？"
    },
    {
      "id": 13,
      "place": "烟霾战争 中部战线",
      "model": "로쟈",
      "content": "欸，你还好吗？你看起来脸色很差哦？"
    },
    {
      "id": 14,
      "model": "그레고르",
      "content": "我刚刚是在……地铁上啊？"
    },
    {
      "id": 15,
      "model": "히스클리프",
      "content": "你在胡扯什么呢？"
    },
    {
      "id": 16,
      "model": "로쟈",
      "content": "格雷格，这里仍然是战场。"
    },
    {
      "id": 17,
      "content": "格里高尔颤抖着手习惯性地像是为了找香烟似的摸索着口袋，但很快就停下了。"
    },
    {
      "id": 18,
      "content": "不管是他，还是我。"
    },
    {
      "id": 19,
      "content": "看起来所有罪人也都意识到了。"
    },
    {
      "id": 20,
      "model": "단테",
      "content": " <接下来应该是轮到托玛以急切的语调劝告我们……>  "
    },
    {
      "id": 21,
      "teller": "托玛",
      "title": "记忆中的士兵",
      "content": "你们是……"
    },
    {
      "id": 22,
      "model": "로쟈",
      "content": "托玛先生，我已经开始厌倦这些台词了，但是我们既没有疯，也不打算挨到老化炸弹。"
    },
    {
      "id": 23,
      "teller": "托玛",
      "title": "记忆中的士兵",
      "content": "……不。"
    },
    {
      "id": 24,
      "content": "他默默地将手指举起指向上方。"
    },
    {
      "id": 25,
      "teller": "托玛",
      "title": "记忆中的士兵",
      "content": "救救我。"
    },
    {
      "id": 26,
      "teller": "托玛",
      "title": "记忆中的士兵",
      "content": "我不想死。"
    },
    {
      "id": 27,
      "content": "在我们眼前被压爆的托玛没有留下丝毫的痕迹。"
    },
    {
      "id": 28,
      "content": "这种时候，能说的只有一句话。"
    },
    {
      "id": 29,
      "model": "단테",
      "content": "<跑，快跑！>"
    },
    {
      "id": 30,
      "model": "오티스",
      "content": "全员！后退！"
    },
    {
      "id": 31,
      "content": "我们拼了命地奔跑，但从天而降的那只大手却紧追不舍，丝毫没有放弃的意思。"
    },
    {
      "id": 32,
      "model": "히스클리프",
      "content": "我们会被压成肉饼的！快想点办法，天才小姐？"
    },
    {
      "id": 33,
      "model": "파우스트",
      "content": "……我在听。但是心象中的变数太多，所以很难快速做出决定……"
    },
    {
      "id": 34,
      "model": "돈키호테",
      "content": "没什么可犹豫的！真正的英雄不会向任何苦难屈服！"
    },
    {
      "id": 35,
      "model": "로쟈",
      "content": "呃……我可不想搬运被压成薄片的尸体。"
    },
    {
      "id": 36,
      "model": "로쟈",
      "content": "啊！抱歉，但丁~我没有那个意思！"
    },
    {
      "id": 37,
      "content": "本来还想把罗佳的话怼回去的……"
    },
    {
      "id": 38,
      "content": "但我觉得闭上嘴，让大家集中精力奔跑才是上策。"
    },
    {
      "id": 39,
      "content": "\n　"
    },
    {
      "id": 40,
      "model": "히스클리프",
      "content": "还没想好吗？啊？！“无所不知”的那位？"
    },
    {
      "id": 41,
      "model": "파우스트",
      "content": "如果只是眼下的解决办法的话，是的。我确实想到了一个对策。"
    },
    {
      "id": 42,
      "model": "파우스트",
      "content": "可以确定的是这附近并没有金枝。因为如果有的话但丁经理应该会有更强烈一点的反应。"
    },
    {
      "id": 43,
      "model": "단테",
      "content": "<我嘛？> "
    },
    {
      "id": 44,
      "model": "히스클리프",
      "content": "你在开玩笑吗？现在为止你就分析出了这点东西吗？"
    },
    {
      "id": 45,
      "content": "希斯克利夫皱着眉，似乎还想说些什么……"
    },
    {
      "id": 46,
      "content": "但看到以毫厘之差掠过的巨大手掌，他只好加快速度，把话憋了回去。"
    },
    {
      "id": 47
    },
    {
      "id": 48,
      "model": "유리",
      "teller": "尤莉",
      "title": "8阶收尾人",
      "content": "……格里高尔先生？"
    },
    {
      "id": 49,
      "model": "히스클리프",
      "content": "搞什么？为什么突然停下来了？"
    },
    {
      "id": 50,
      "model": "그레고르",
      "content": "……我好像明白了。"
    },
    {
      "id": 51,
      "model": "그레고르",
      "content": "如果这里是我的世界的话……"
    },
    {
      "id": 52,
      "content": "喘了一会儿气的格里高尔望向了天空。"
    },
    {
      "id": 53,
      "model": "그레고르",
      "content": "那我们就不应该逃避那只手。"
    },
    {
      "id": 54,
      "model": "히스클리프",
      "content": "……你终于还是疯了吗？"
    },
    {
      "id": 55,
      "model": "파우스트",
      "content": "格里高尔，你确定吗？"
    },
    {
      "id": 56,
      "model": "그레고르",
      "content": "我从来没有依我自己的意志活过……"
    },
    {
      "id": 57,
      "model": "그레고르",
      "content": "所以这里，应该也是个反抗本身就毫无意义的空间。"
    },
    {
      "id": 58,
      "model": "그레고르",
      "content": "那么……停止抵抗或许才是答案。"
    },
    {
      "id": 59,
      "model": "히스클리프",
      "content": "……你们，都认真的？"
    },
    {
      "id": 60,
      "model": "이스마엘",
      "content": "不是没有别的方法了吗。我们已经精疲力竭了。"
    },
    {
      "id": 61,
      "model": "그레고르",
      "content": "另外……瞧瞧那……手指甲。"
    },
    {
      "id": 62,
      "model": "그레고르",
      "content": "那种花纹的指甲油可并不常见。"
    },
    {
      "id": 63,
      "model": "그레고르",
      "content": "如果这只手是属于我想的“那个人”的话，她应该不会再追我们了。"
    },
    {
      "id": 64,
      "model": "그레고르",
      "content": "浮士德小姐……你说这就是我的心路，对吗？"
    },
    {
      "id": 65,
      "model": "그레고르",
      "content": " 那样就不会有错。"
    },
    {
      "id": 66,
      "model": "그레고르",
      "content": "我的心路，从这里开始就快到死胡同了。"
    },
    {
      "id": 67,
      "model": "그레고르",
      "content": " 无论是噩梦还是这条路……我从未逃离那个人的掌控。"
    },
    {
      "id": 68,
      "content": "那个人是谁，噩梦又是在说什么？"
    },
    {
      "id": 69,
      "content": "虽然想问问格里高尔……"
    },
    {
      "id": 70,
      "model": "히스클리프",
      "content": "唉，那就这样吧。"
    },
    {
      "id": 71,
      "content": "没过多久，地面上就出现了巨大的影子，"
    },
    {
      "id": 72,
      "content": "就在快要砸下来之前，就将我们抓了起来。"
    },
    {
      "id": 73,
      "content": "眼前陷入一片漆黑，"
    },
    {
      "id": 74,
      "content": "感觉被举到了空中，我头晕目眩。"
    },
    {
      "id": 75,
      "model": "싱클레어",
      "content": "唔呃呃……"
    },
    {
      "id": 76,
      "content": "大家都在晕头转向的时候，只有我和浮士德直直地站在地上。"
    },
    {
      "id": 77,
      "content": "我能感受到眼前的战场变成了熟悉的地方。"
    }
  ]
}