{
  "dataList": [
    {
      "id": 0,
      "place": "4区 脑叶公司支部内某处",
      "model": "파우스트",
      "content": "但丁，这个收容单元，你不觉得和之前遇见的那些有点不同吗？"
    },
    {
      "id": 1,
      "model": "단테",
      "content": "<确实是那样……啊，这是？>"
    },
    {
      "id": 2,
      "model": "파우스트",
      "content": "没错。被金枝扎根的异想体应该就在这里。"
    },
    {
      "id": 3,
      "model": "그레고르",
      "content": "呼……看来我们终于走到这一步了。"
    },
    {
      "id": 4,
      "model": "유리",
      "teller": "尤莉",
      "title": "8阶收尾人",
      "content": "格里高尔先生……"
    },
    {
      "id": 5,
      "model": "유리",
      "teller": "尤莉",
      "title": "8阶收尾人",
      "content": "……等回到巴士上后，我能教教卡戎怎么看地图吗？"
    },
    {
      "id": 6,
      "model": "그레고르",
      "content": "……当然，当然。卡戎会很高兴的。"
    },
    {
      "id": 7,
      "model": "싱클레어",
      "content": "我倒觉得不会……"
    },
    {
      "id": 8,
      "content": "辛克莱摇着头回应道，随后做了个干呕的表情。"
    },
    {
      "id": 9,
      "model": "유리",
      "teller": "尤莉",
      "title": "8阶收尾人",
      "content": "呼呼，有个能回去的地方感觉真好。"
    }
  ]
}