{
  "dataList": [
    {
      "id": 0,
      "place": "4区 脑叶公司支部内某处",
      "content": "尤莉的面容一动不动地注视着格里高尔，就这么保持着笔直的姿势。"
    },
    {
      "id": 1,
      "content": "但是，我们所认识的那个尤莉，总是弯着腰。"
    },
    {
      "id": 2,
      "content": "她背负着已故同事们沉重的遗愿，仿佛是作为唯一幸存者的职责一般。"
    },
    {
      "id": 3,
      "content": "因此，我才能有把握地告诉他。"
    },
    {
      "id": 4,
      "model": "단테",
      "content": "<那不是尤莉，格里高尔。>"
    },
    {
      "id": 5,
      "model": "그레고르",
      "content": "……没错。我也那么想。"
    },
    {
      "id": 6,
      "content": "格里高尔淡然地肯定道。"
    },
    {
      "id": 7,
      "content": "然后格里高尔伸长了自己的手臂，并快速向“尤莉”突进。"
    },
    {
      "id": 8,
      "content": "不过，它很快就停了下来。"
    },
    {
      "id": 9,
      "model": "유리",
      "teller": "尤莉",
      "title": "8阶收尾人",
      "content": "我不想死。"
    },
    {
      "id": 10,
      "model": "그레고르",
      "content": "……"
    },
    {
      "id": 11,
      "model": "단테",
      "content": "<斩下去，格里高尔。>"
    },
    {
      "id": 12,
      "content": "我不知道这是否是作为一个经理的正确做法。"
    },
    {
      "id": 13,
      "model": "유리",
      "teller": "尤莉",
      "title": "8阶收尾人",
      "content": "我们没有人想死。"
    },
    {
      "id": 14,
      "content": "但如今我必须冲着格里高尔大喊，以免他的身心就此毁坏。"
    },
    {
      "id": 15,
      "model": "단테",
      "content": "<斩下去！>"
    },
    {
      "id": 16,
      "model": "그레고르",
      "content": "呃、呃啊啊！！！"
    },
    {
      "id": 17,
      "teller": "友好的市民",
      "title": "回忆中的某人",
      "content": "我、我不想死啊！"
    },
    {
      "id": 18,
      "model": "그레고르",
      "content": "这、这是……"
    },
    {
      "id": 19,
      "content": "虫一般的手臂在刺穿那个平民的喉咙之前停了下来。"
    },
    {
      "id": 20,
      "content": "我竭尽全力想要拉住它，但它纹丝不动。"
    },
    {
      "id": 21,
      "model": "여자시민",
      "teller": "友好的市民",
      "title": "回忆中的某人",
      "content": "请、请放过我吧……我把我所有的钱都给你。"
    },
    {
      "id": 22,
      "teller": "安保人员",
      "title": "回忆中的某人",
      "content": "放那位女士离开！否则我将进行应对攻击！"
    },
    {
      "id": 23,
      "model": "그레고르",
      "content": "我的手臂……帮我把手臂砍下来！马上！"
    },
    {
      "id": 24,
      "teller": "安保人员",
      "title": "回忆中的某人",
      "content": "我再说一遍。如果不释放……"
    },
    {
      "id": 25,
      "model": "그레고르",
      "content": "快砍啊！"
    },
    {
      "id": 26,
      "content": "被砍掉的手臂落到地上之后，那位女士喘息着，倚墙滑坐下来。"
    },
    {
      "id": 27,
      "content": "但伴随着痉挛，手臂从被切下的部位开始了再生。"
    },
    {
      "id": 28,
      "teller": "安保人员",
      "title": "回忆中的某人",
      "content": "您没事吧？"
    },
    {
      "id": 29,
      "model": "그레고르",
      "content": "别、别靠近！不要靠近我！"
    },
    {
      "id": 30,
      "content": "仿佛仍记得刚刚所受的痛苦一般，再生出的手臂再次快速向前冲去。"
    },
    {
      "id": 31,
      "teller": "尤莉",
      "title": "8阶收尾人",
      "content": "……"
    },
    {
      "id": 32,
      "teller": "？？？",
      "title": "？？？",
      "content": "格里高尔科长，向您致以最高的敬意！"
    },
    {
      "id": 33,
      "model": "그레고르",
      "content": "不要尊敬我……我不是自愿参战的……"
    },
    {
      "id": 34,
      "teller": "尤莉",
      "title": "8阶收尾人",
      "content": "……"
    },
    {
      "id": 35,
      "teller": "尤莉",
      "title": "8阶收尾人",
      "content": "那到底叫我怎么办？难道幸存下来是一种罪孽吗？"
    },
    {
      "id": 36,
      "model": "그레고르",
      "content": "活下去，求你了……我们明明都不是自愿落入这场悲剧的吧。"
    },
    {
      "id": 37,
      "teller": "尤莉",
      "title": "8阶收尾人",
      "content": "……"
    },
    {
      "id": 38,
      "teller": "？？？",
      "title": "？？？",
      "content": "最后的最后，你却在结出的果实面前停下来了。多么遗憾啊。"
    },
    {
      "id": 39,
      "teller": "？？？",
      "title": "？？？",
      "content": "嘛，我们会接手的。你们没有抓住的机会，只会白白溜走。"
    },
    {
      "id": 40,
      "content": "尤莉的头颅滚落在地。"
    },
    {
      "id": 41,
      "content": "这并非格里高尔所为。"
    },
    {
      "id": 42,
      "teller": "尤莉",
      "title": "8阶收尾人",
      "content": "呃……啊……"
    },
    {
      "id": 43,
      "content": "尤莉张开嘴，痛苦地吐出了什么。"
    },
    {
      "id": 44,
      "content": "那是一根散发出明亮金色光芒的树枝。"
    },
    {
      "id": 45,
      "teller": "？？？",
      "title": "？？？",
      "content": "你们在找这个枝条吧？"
    },
    {
      "id": 46,
      "model": "그레고르",
      "content": "你……"
    },
    {
      "id": 47,
      "teller": "？？？",
      "title": "？？？",
      "content": "比你们想的要小。对吧？"
    },
    {
      "id": 48,
      "model": "헤르만",
      "teller": "赫尔曼",
      "title": "？？？",
      "content": "我是赫尔曼。此后我们会常见面的。因为……"
    },
    {
      "id": 49,
      "model": "헤르만",
      "teller": "赫尔曼",
      "title": "？？？",
      "content": "我们……需要那些枝条，而你们……可以找到那些枝条。"
    },
    {
      "id": 50,
      "model": "헤르만",
      "teller": "赫尔曼",
      "title": "？？？",
      "content": "你们……虽然不会死去，但我们……会杀死你们。"
    },
    {
      "id": 51,
      "content": "赫尔曼用脚轻轻踢开了尤莉的头颅。"
    },
    {
      "id": 52,
      "model": "그레고르",
      "content": "……"
    },
    {
      "id": 53,
      "model": "헤르만",
      "teller": "赫尔曼",
      "title": "？？？",
      "content": "不过，不是现在。"
    },
    {
      "id": 54,
      "model": "헤르만",
      "teller": "赫尔曼",
      "title": "？？？",
      "content": "我们会妥善保管你们找到的金枝。"
    },
    {
      "id": 55,
      "model": "이상",
      "content": "仇甫……我亲爱的友人啊。这就是你选择的道路吗？"
    },
    {
      "id": 56,
      "model": "구보",
      "teller": "仇甫",
      "title": "？？？",
      "content": "没错。已经所剩无几了。"
    },
    {
      "id": 57,
      "model": "홍루",
      "content": "……好久不见，哥哥。"
    },
    {
      "id": 58,
      "model": "가환",
      "teller": "贾环",
      "title": "？？？",
      "content": "你知道你的衣服闻起来有多恶心吗？家里人真该看看你现在的样子。"
    },
    {
      "id": 59,
      "model": "오티스",
      "content": "变成某种重聚环节了啊。"
    },
    {
      "id": 60,
      "model": "헤르만",
      "teller": "赫尔曼",
      "title": "？？？",
      "content": "和我送你的礼物相处得如何，儿子？"
    },
    {
      "id": 61,
      "model": "헤르만",
      "teller": "赫尔曼",
      "title": "？？？",
      "content": "我可不是为了看你落入这种处境才在你身上投入的。"
    },
    {
      "id": 62,
      "model": "그레고르",
      "content": "我可从来没有想要过……一次也没……"
    },
    {
      "id": 63,
      "model": "헤르만",
      "teller": "赫尔曼",
      "title": "？？？",
      "content": "你至少应该把包装纸全部拆开呀。"
    },
    {
      "id": 64,
      "model": "헤르만",
      "teller": "赫尔曼",
      "title": "？？？",
      "content": "那种程度的能力，可不是我给你的全部。"
    },
    {
      "id": 65,
      "model": "가환",
      "teller": "贾环",
      "title": "？？？",
      "content": "好了，见面的寒暄就到此为止吧。"
    },
    {
      "id": 66,
      "content": "自称为贾环的男人拍了两次手。"
    },
    {
      "id": 67,
      "content": "然后，一切都陷入黑暗。"
    },
    {
      "id": 68,
      "content": "就如同从长夜的噩梦之中惊醒……"
    },
    {
      "id": 69,
      "content": "黎明正向你致意。"
    },
    {
      "id": 70,
      "content": "一段时间后……"
    },
    {
      "id": 71,
      "place": "梅菲斯托费勒斯 内部",
      "model": "베르길리우스",
      "content": "我还以为这是个易如反掌的任务呢。"
    },
    {
      "id": 72,
      "model": "베르길리우스",
      "content": "在眼睁睁地看着金枝被抢走之后，你们居然还有脸就这么抬着头回来。"
    },
    {
      "id": 73,
      "model": "베르길리우스",
      "content": "是我太高估你们了吗？"
    },
    {
      "id": 74,
      "model": "단테",
      "content": "<……>"
    },
    {
      "id": 75,
      "model": "베르길리우스",
      "content": "浮士德女士，不妨找个借口吧。"
    },
    {
      "id": 76,
      "model": "파우스트",
      "content": "不会死去并不能解决所有问题。"
    },
    {
      "id": 77,
      "model": "베르길리우스",
      "content": "……哼。"
    },
    {
      "id": 78,
      "model": "베르길리우스",
      "content": "你有什么要为自己辩解的吗，但丁？"
    },
    {
      "id": 79,
      "model": "단테",
      "content": "<还有一个势力在收集金枝。>"
    },
    {
      "id": 80,
      "model": "단테",
      "content": "<你肯定知道这件事，为什么没有提前警告？>"
    },
    {
      "id": 81,
      "model": "파우스트",
      "content": "其在询问另一个收集金枝的势力信息。"
    },
    {
      "id": 82,
      "content": "浮士德平静地把我的话向维吉里乌斯转述了一遍。"
    },
    {
      "id": 83,
      "model": "베르길리우스",
      "content": "……难不成，你这是在追究我的责任？"
    },
    {
      "id": 84,
      "model": "베르길리우스",
      "content": "那么告诉我，但丁。我们为什么会把十二名战斗人员派到一个没有任何威胁的地方？"
    },
    {
      "id": 85,
      "model": "베르길리우스",
      "content": "甚至还雇佣了收尾人来引导他们。"
    },
    {
      "id": 86,
      "model": "단테",
      "content": "<那是因为……>"
    },
    {
      "id": 87,
      "model": "그레고르",
      "content": "算了。经理兄。"
    },
    {
      "id": 88,
      "model": "그레고르",
      "content": "是我的错。责任就由我来……"
    },
    {
      "id": 89,
      "model": "베르길리우스",
      "content": "真有趣。"
    },
    {
      "id": 90,
      "model": "베르길리우스",
      "content": "认识还没有多久，你们之间就建立起了这样的战友情谊。"
    },
    {
      "id": 91,
      "model": "베르길리우스",
      "content": "好吧，既然你们都在同一辆巴士上，彼此开脱也不是什么坏事……"
    },
    {
      "id": 92,
      "model": "베르길리우스",
      "content": "但我希望你们不要有这种错觉，以为互相开脱就能掩盖你们的无能。"
    },
    {
      "id": 93,
      "model": "파우스트",
      "content": "……我们接到了联络。收尾部队的第四特别作战部已经进入地下执行作战计划。"
    },
    {
      "id": 94,
      "model": "베르길리우스",
      "content": "没错，就该这样。总得有人回收那些遗留的E.G.O和异想体。"
    },
    {
      "id": 95,
      "model": "베르길리우스",
      "content": "……可真正的精髓已经遗失了。"
    },
    {
      "id": 96,
      "model": "오티스",
      "content": "说得有些太多了吧。"
    },
    {
      "id": 97,
      "model": "오티스",
      "content": "胜败乃兵家常事。如果没能达成目标，那就再次制定作战方案并再次部署。"
    },
    {
      "id": 98,
      "model": "오티스",
      "content": "难道不是你对我们的初次作战抱有过高的期望吗？你难道没看见经理的初次指挥就取得了出人意料的成果吗？"
    },
    {
      "id": 99,
      "model": "베르길리우스",
      "content": "……"
    },
    {
      "id": 100,
      "model": "베르길리우스",
      "content": "我想就到此为止吧。嘛，你说的倒也不是完全没道理。"
    },
    {
      "id": 101,
      "model": "파우스트",
      "content": "当然。"
    },
    {
      "id": 102,
      "content": "有一种微妙的紧张气氛弥漫在维吉里乌斯与浮士德之间……"
    },
    {
      "id": 103,
      "content": "但现在，我既没有力气也没有精神对此追根究底。"
    },
    {
      "id": 104,
      "content": "巴士上满是凝固的血肉腥气，还混合着铁锈味，但没有任何一个人想去打开车窗。"
    },
    {
      "id": 105,
      "content": "也没有人有换下被血浸透的衣服的想法。"
    },
    {
      "id": 106,
      "content": "我们全都只是坐在位置上，默不作声。"
    },
    {
      "id": 107,
      "content": "在他们之中，格里高尔更是一脸沉重地凝视着窗外……"
    },
    {
      "id": 108,
      "content": "然后，他突然把什么东西从口袋里取出，挂在了巴士的挡风玻璃边上。"
    },
    {
      "id": 109,
      "model": "카론",
      "content": "虫男。你在梅菲的头上放了什么？"
    },
    {
      "id": 110,
      "model": "그레고르",
      "content": "……遗物。"
    },
    {
      "id": 111,
      "model": "그레고르",
      "content": "两个人的遗物。"
    },
    {
      "id": 112,
      "model": "그레고르",
      "content": "正好，我曾有个和尤莉小姐差不多大的妹妹。"
    },
    {
      "id": 113,
      "model": "그레고르",
      "content": "就是……有这么一回事。"
    },
    {
      "id": 114,
      "content": "我考虑过说些什么来鼓舞他一下，但这种想法很快就消失了。"
    },
    {
      "id": 115,
      "content": "无论是满脸悲伤的以实玛利，还是低声啜泣的辛克莱，亦或是苦恼叹息着的罗佳，都不愿意再说一句话。"
    },
    {
      "id": 116,
      "model": "베르길리우스",
      "content": "卡戎，这不会对你的视野造成妨碍吗？"
    },
    {
      "id": 117,
      "model": "카론",
      "content": "嗯，卡戎没关系。"
    },
    {
      "id": 118,
      "model": "베르길리우스",
      "content": "……好，出发吧。"
    },
    {
      "id": 119,
      "model": "카론",
      "content": "布隆布隆。"
    },
    {
      "id": 120,
      "content": "巴士缓缓地震动着向前行驶。"
    },
    {
      "id": 121,
      "content": "挂在挡风玻璃边的防毒面具仿佛某种饰品一样静静地摇摆着。"
    },
    {
      "id": 122
    }
  ]
}