{
  "dataList": [
    {
      "id": 0,
      "place": "赌场地下矿山 1层",
      "model": "그레고르",
      "content": "啧……先是警卫后是罪种……有点棘手啊……"
    },
    {
      "id": 1,
      "model": "로쟈",
      "content": "就没什么好主意吗，格雷格？你曾经战争时期上过前线吧。你去试试看。"
    },
    {
      "id": 2,
      "model": "그레고르",
      "content": "现在说这个干什……喂，别推我！"
    },
    {
      "id": 3,
      "content": "格里高尔被罗佳推了出去，孤零零地向前踉跄了几步……"
    },
    {
      "id": 4,
      "content": "随后，撞上了一名正在我们视野之外挥舞着鹤嘴锄的奴隶。"
    },
    {
      "id": 5,
      "model": "노예",
      "teller": "负债累累的人质",
      "title": "J公司 赌场",
      "content": "……？"
    },
    {
      "id": 6,
      "model": "그레고르",
      "content": "……"
    },
    {
      "id": 7,
      "content": "两人顿时陷入到一阵尴尬的沉默当中。"
    },
    {
      "id": 8,
      "model": "그레고르",
      "content": "嘿……嘿，现在的状况似乎对我们两个来说都不怎么样啊。咱们要不各退一步，当做什么都没发生？"
    },
    {
      "id": 9,
      "model": "노예",
      "teller": "负债累累的人质",
      "title": "J公司 赌场",
      "content": "……"
    },
    {
      "id": 10,
      "model": "그레고르",
      "content": "我们不是冲着金库里的钱来的。"
    },
    {
      "id": 11,
      "model": "그레고르",
      "content": "当然要是有钱拿肯定更好了……不过我们只是想往下一层走而已。"
    },
    {
      "id": 12,
      "model": "그레고르",
      "content": "我们也不想惹麻烦。你能装作没看见吗？"
    },
    {
      "id": 13,
      "model": "노예",
      "teller": "负债累累的人质",
      "title": "J公司 赌场",
      "content": "四……四……"
    },
    {
      "id": 14,
      "model": "노예",
      "teller": "负债累累的人质",
      "title": "J公司 赌场",
      "content": "四千七百九十二万……"
    },
    {
      "id": 15,
      "model": "노예",
      "teller": "负债累累的人质",
      "title": "J公司 赌场",
      "content": "四千七百九十一万……四千七百九十……"
    },
    {
      "id": 16,
      "model": "료슈",
      "content": "再不说人话，我就把你余·指·尽·折。"
    },
    {
      "id": 17,
      "content": "也许是觉得自己说的话也让人听不明白吧，良秀看上去有些不耐烦地握住刀鞘。"
    },
    {
      "id": 18,
      "model": "싱클레어",
      "content": "我想，她说的应该是要把那个人“余下的手指尽数折断”……"
    },
    {
      "id": 19,
      "model": "단테",
      "content": "<……缩略到那种程度还能听懂，我觉得还是你更恐怖一点。>"
    },
    {
      "id": 20,
      "model": "노예",
      "teller": "负债累累的人质",
      "title": "J公司 赌场",
      "content": "必须要还……"
    },
    {
      "id": 21,
      "model": "노예",
      "teller": "负债累累的人质",
      "title": "J公司 赌场",
      "content": "只有还清债……才能回到家人身边……"
    },
    {
      "id": 22,
      "model": "노예",
      "teller": "负债累累的人质",
      "title": "J公司 赌场",
      "content": "挥一下锄就能还1眼……四千七百……多少了……来着……啊啊！别和我说话！我必须好好数数……"
    },
    {
      "id": 23,
      "model": "각잡힌카지노경호원",
      "teller": "穿戴整齐的警卫",
      "title": "J公司 赌场",
      "content": "喂那边，吵吵嚷嚷干什么呢？"
    },
    {
      "id": 24,
      "model": "그레고르",
      "content": "哎呀……"
    },
    {
      "id": 25,
      "content": "走投无路的格里高尔突然用十分不自然的声音大叫了起来。"
    },
    {
      "id": 26,
      "model": "그레고르",
      "content": "我们……我们不能再这么下去了！"
    },
    {
      "id": 27,
      "model": "그레고르",
      "content": "这……实在是……丧尽天良！不仅把人囚禁起来还逼迫我们挖矿！"
    },
    {
      "id": 28,
      "model": "그레고르",
      "content": "诸位……站起来……一起反抗吧……！来，冲啊！！"
    },
    {
      "id": 29,
      "model": "단테",
      "content": "<……>"
    },
    {
      "id": 30,
      "model": "노예",
      "teller": "负债累累的人质",
      "content": "……"
    },
    {
      "id": 31,
      "model": "각잡힌카지노경호원",
      "teller": "穿戴整齐的警卫",
      "title": "J公司 赌场",
      "content": "……"
    },
    {
      "id": 32,
      "model": "히스클리프",
      "content": "这是搞啥呢？"
    },
    {
      "id": 33,
      "model": "뫼르소",
      "content": "政治宣传。可惜没什么效果。"
    },
    {
      "id": 34,
      "model": "로쟈",
      "content": "格雷格……那些人啊……就和虫子一样，一生里不是蚕食他人，就是被他人当成食物。"
    },
    {
      "id": 35,
      "model": "로쟈",
      "content": "你不会是觉得只用这种半吊子的演讲就能唤醒他们吧？"
    },
    {
      "id": 36,
      "model": "오티스",
      "content": "……下次进行煽动作战之前，记得事先磨炼自己的演技。"
    },
    {
      "id": 37,
      "model": "로쟈",
      "content": "格雷格……你是这辈子都没演过戏吗？"
    },
    {
      "id": 38,
      "model": "그레고르",
      "content": "别说了……我自己也知道丢脸……"
    },
    {
      "id": 39,
      "content": "看样子连警卫都受不了格里高尔一团糟的演技。"
    },
    {
      "id": 40,
      "content": "要不然，他也不会“啪”地一下把紧闭着的铁笼给打开了。"
    }
  ]
}