{
  "dataList": [
    {
      "id": 0,
      "place": "赌场地下矿山 1层",
      "model": "각잡힌카지노경호원",
      "teller": "穿戴整齐的警卫",
      "title": "J公司 赌场",
      "content": "等、等等……那些家伙为什么往这里来了？停下！快停下！"
    },
    {
      "id": 1,
      "model": "각잡힌카지노경호원",
      "teller": "穿戴整齐的警卫",
      "title": "J公司 赌场",
      "content": "把、把这些家伙赶走！快！"
    },
    {
      "id": 2,
      "model": "노예",
      "teller": "负债累累的人质",
      "title": "J公司 赌场",
      "content": "……四千七百九十……"
    },
    {
      "id": 3,
      "content": "人质们只是默默挥舞着还剩四千七百九十万次的鹤嘴锄。"
    },
    {
      "id": 4,
      "content": "我们则趁机向下跑去。"
    },
    {
      "id": 5,
      "model": "그레고르",
      "content": "从结果来说，那些人质还是帮了我们。"
    },
    {
      "id": 6,
      "model": "로쟈",
      "content": "偶然罢了。"
    },
    {
      "id": 7,
      "content": "罗佳只是冷脸回答道。"
    }
  ]
}