{
  "dataList": [
    {
      "id": 0,
      "place": "赌场地下矿山 2层",
      "model": "뫼르소",
      "content": "那个集装箱由色彩斑斓、形态各异且光滑的塑料制成……"
    },
    {
      "id": 1,
      "model": "뫼르소",
      "content": "因为其使用了许多怪异的材料，所以推断为并非是单纯的工厂设施。"
    },
    {
      "id": 2,
      "content": "默尔索话音刚落，色彩斑斓到不详的集装箱设施就一边演奏起欢乐的歌曲，一边运转起来。"
    },
    {
      "id": 3,
      "model": "싱클레어",
      "content": "我有种不祥的预感……"
    },
    {
      "id": 4,
      "model": "싱클레어",
      "content": "为什么我们在这层连一个警卫都没有见过？"
    },
    {
      "id": 5,
      "content": "在“嗯……”出声之前，我们就已经知道了答案。"
    },
    {
      "id": 6,
      "content": "停止运作的集装箱打开了门，而在那之中的是……"
    },
    {
      "id": 7,
      "model": "너맞아볼래매우",
      "teller": "你想挨打吗？很想？",
      "title": "你变强了吗",
      "content": "啊。啊。"
    },
    {
      "id": 8,
      "model": "너맞아볼래매우",
      "teller": "你想挨打吗？很想？",
      "title": "你变强了吗",
      "content": "好开心！！！"
    },
    {
      "id": 9,
      "model": "너맞아볼래매우",
      "teller": "你想挨打吗？很想？",
      "title": "你变强了吗",
      "content": "啊~"
    },
    {
      "id": 10,
      "model": "너맞아볼래매우",
      "teller": "你想挨打吗？很想？",
      "title": "你变强了吗",
      "content": "好高兴！！！"
    },
    {
      "id": 11,
      "model": "너맞아볼래매우",
      "teller": "你想挨打吗？很想？",
      "title": "你变强了吗",
      "content": "死·亡·游·戏！"
    },
    {
      "id": 12,
      "model": "파우스트",
      "content": "……"
    },
    {
      "id": 13,
      "model": "너맞아볼래매우",
      "teller": "你想挨打吗？很想？",
      "title": "你变强了吗",
      "content": "嘶。"
    },
    {
      "id": 14,
      "model": "너맞아볼래매우",
      "teller": "你想挨打吗？很想？",
      "title": "你变强了吗",
      "content": "嘶！！"
    },
    {
      "id": 15,
      "model": "너맞아볼래매우",
      "teller": "你想挨打吗？很想？",
      "title": "你变强了吗",
      "content": "嘶！！！！嘶！！！！嘶！！！！"
    },
    {
      "id": 16,
      "model": "파우스트",
      "content": "嗯……看来从这个区域起，挖掘工作就开始正式推进了。"
    },
    {
      "id": 17,
      "model": "파우스트",
      "content": "除此之外，也没有其他需要大量生产改造人的理由了……"
    },
    {
      "id": 18,
      "model": "단테",
      "content": "<知道了，赶紧躲开吧！那群家伙开始朝着我们唱歌了！>"
    }
  ]
}