{
  "dataList": [
    {
      "id": 0,
      "place": "赌场地下矿山 3层",
      "model": "싱클레어",
      "content": "感觉越来越冷了。"
    },
    {
      "id": 1,
      "model": "싱클레어",
      "content": "怎么冰块越来越多了……？"
    },
    {
      "id": 2,
      "model": "파우스트",
      "content": "异常现象的频繁发生是一种理想的信号。"
    },
    {
      "id": 3,
      "model": "이상",
      "content": "在喊我吗？"
    },
    {
      "id": 4,
      "model": "이스마엘",
      "content": "……哈啊。真希望刚刚你不是在开玩笑，托你的福，我更冷了。"
    },
    {
      "id": 5,
      "content": "我暂且撇开以实玛利的叹息，开始思考起浮士德话语的含义。"
    },
    {
      "id": 6,
      "model": "단테",
      "content": "<……因为我们在接近金枝……是吗？>"
    },
    {
      "id": 7,
      "content": "虽然我觉得这算得上是标准答案了。"
    },
    {
      "id": 8,
      "model": "파우스트",
      "content": "嗯，算是。"
    },
    {
      "id": 9,
      "content": "可浮士德却用苦涩的声音（或许只有我是这样觉得）回答道。"
    }
  ]
}