{
  "dataList": [
    {
      "id": 0,
      "place": "沉眠着邻里的冰霜城堡",
      "content": "呈现在我们眼前的是一座巨大的冰之城堡，与看上去似乎坚不可摧的冰块。"
    },
    {
      "id": 1,
      "content": "而就在那里，"
    },
    {
      "id": 2,
      "content": "一个有着冰一样透明头发的人在等着我们。"
    },
    {
      "id": 3,
      "model": "소냐",
      "teller": "索尼亚",
      "title": "圣愚",
      "content": "我有时会在思绪混乱的时候来这里。哪怕没有你喜欢的安乐椅和威士忌……"
    },
    {
      "id": 4,
      "model": "소냐",
      "teller": "索尼亚",
      "title": "圣愚",
      "content": "在这里，哪怕外套裹得再严实，寒冷也会渗入其中。因此思维会更为明晰。"
    },
    {
      "id": 5,
      "content": "我们像是被寒气冻住了一般凝视着他，而罗佳则慢慢走到了他的面前。"
    },
    {
      "id": 6,
      "model": "로쟈",
      "content": "没想到你先到了。"
    },
    {
      "id": 7,
      "model": "소냐",
      "teller": "索尼亚",
      "title": "圣愚",
      "content": "我和队员们早就知道有捷径通往这里。"
    },
    {
      "id": 8,
      "model": "소냐",
      "teller": "索尼亚",
      "title": "圣愚",
      "content": "这是从这个地区的非常渠道得到的资料。关于那埋藏着可以实现我们伟大理想的强大力量的空间。"
    },
    {
      "id": 9,
      "model": "소냐",
      "teller": "索尼亚",
      "title": "圣愚",
      "content": "但我们也只是……接近了这埋藏着金枝的空间，之后就不知道该怎么做了。"
    },
    {
      "id": 10,
      "model": "로쟈",
      "content": "我还以为你会一直窝在25区呢，不过比起干着这和犯罪团伙一样的勾当，你还不如一直窝着呢。"
    },
    {
      "id": 11,
      "model": "로쟈",
      "content": "索尼亚。拜你所赐，那些无辜商人们的钱也被抢走了。"
    },
    {
      "id": 12,
      "model": "소냐",
      "teller": "索尼亚",
      "title": "圣愚",
      "content": "……你知道吗，罗佳？这里本不过是个结了许多冰霜，有些奇特的地方而已。"
    },
    {
      "id": 13,
      "model": "소냐",
      "teller": "索尼亚",
      "title": "圣愚",
      "content": "但你看看这个。现在这里却被巨大的城堡和坚硬的冰霜所覆盖。"
    },
    {
      "id": 14,
      "model": "소냐",
      "teller": "索尼亚",
      "title": "圣愚",
      "content": "从你踏入这里那一刻开始。"
    },
    {
      "id": 15,
      "model": "로쟈",
      "content": "……你这口气，简直就像知道我来了就会变化一样。你怎么知晓的？"
    },
    {
      "id": 16,
      "model": "소냐",
      "teller": "索尼亚",
      "title": "圣愚",
      "content": "信息的来源有很多……但你没必要知道，罗佳。"
    },
    {
      "id": 17,
      "model": "로쟈",
      "content": "可你为何能断言那是因为我呢？我可不是什么在后巷里到处闲逛的魔术师。"
    },
    {
      "id": 18,
      "model": "소냐",
      "teller": "索尼亚",
      "title": "圣愚",
      "content": "这并不难。只要看看他们在冰中沉眠的面容就能明白。"
    },
    {
      "id": 19,
      "model": "소냐",
      "teller": "索尼亚",
      "title": "圣愚",
      "content": "看看吧。他们不正是你所爱着，但同时又在心中瞧不起的面容吗？"
    },
    {
      "id": 20,
      "teller": "缺德的税费掠夺者",
      "title": "25区",
      "content": "25万眼。"
    },
    {
      "id": 21,
      "teller": "居民",
      "title": "25区",
      "content": "这个就只值那一点点吗？不可能啊……"
    },
    {
      "id": 22,
      "teller": "缺德的税费掠夺者",
      "title": "25区",
      "content": "怎么不可能？又旧，划痕又多，还没有光泽。"
    },
    {
      "id": 23,
      "teller": "缺德的税费掠夺者",
      "title": "25区",
      "content": "说实话，别的地方连20万眼都不会出。"
    },
    {
      "id": 24,
      "teller": "缺德的税费掠夺者",
      "title": "25区",
      "content": "剩下的……全是些没用的垃圾。"
    },
    {
      "id": 25,
      "teller": "缺德的税费掠夺者",
      "title": "25区",
      "content": "这样一来，该交的税金还剩40万眼。"
    },
    {
      "id": 26,
      "model": "로쟈",
      "content": "为什么穷人们越是工作就越贫困呢？"
    },
    {
      "id": 27,
      "model": "로쟈",
      "content": "真是太可笑了。当铺老板的保险柜里的钱越积越多，"
    },
    {
      "id": 28,
      "model": "로쟈",
      "content": "而我的邻居们就连回忆都被放在天平上，被当作零钱一样对待。"
    },
    {
      "id": 29,
      "model": "로쟈",
      "content": "索尼亚总是用深奥的言语将人们聚集在一起。"
    },
    {
      "id": 30,
      "model": "로쟈",
      "content": "他们建立了名为“圣愚”的帮派。"
    },
    {
      "id": 31,
      "model": "로쟈",
      "content": "最开始并无问题。就连脑子空空的家伙也会被索尼亚的话启发，去帮助后巷里的穷人。"
    },
    {
      "id": 32,
      "model": "로쟈",
      "content": "但是，索尼亚还是一副有何不足的表情。"
    },
    {
      "id": 33,
      "model": "로쟈",
      "content": "结果，比起在外面帮助他人，圣愚变成了热衷于在桌上烦恼该如何改变后巷和巢的团体。"
    },
    {
      "id": 34,
      "model": "로쟈",
      "content": "所以我决定离开他们。"
    },
    {
      "id": 35,
      "model": "로쟈",
      "content": "因为纸上谈兵无法喂饱饿肚子的邻居们！"
    },
    {
      "id": 36,
      "model": "소냐",
      "teller": "索尼亚",
      "title": "圣愚",
      "content": "但我已经说过很多次了吧，罗佳。我们应该等待时机。"
    },
    {
      "id": 37,
      "model": "로쟈",
      "content": "索尼亚，不好意思，但那个“时机”……"
    },
    {
      "id": 38,
      "model": "로쟈",
      "content": "在圣愚里最小的孩子……小伊凡因为捡食物垃圾吃，"
    },
    {
      "id": 39,
      "model": "로쟈",
      "content": "气管堵塞而死之后，也没有到来。"
    },
    {
      "id": 40,
      "model": "소냐",
      "teller": "索尼亚",
      "title": "圣愚",
      "content": "要想做成大事，就需要更强的力量和更详细的政策。这些都是为了财富的再分配。"
    },
    {
      "id": 41,
      "model": "소냐",
      "teller": "索尼亚",
      "title": "圣愚",
      "content": "此外，在朝那个方向前进之时，个人层面的杂音也会出现。"
    },
    {
      "id": 42,
      "model": "로쟈",
      "content": "个人层面？我们本来就是为了帮助每一个人才开始的吧。"
    },
    {
      "id": 43,
      "model": "로쟈",
      "content": "你所做的、圣愚所做的，和我期望的方向不符。"
    },
    {
      "id": 44,
      "model": "소냐",
      "teller": "索尼亚",
      "title": "圣愚",
      "content": "所以你才决定自己动手吗？"
    },
    {
      "id": 45,
      "model": "로쟈",
      "content": "当然。我们的镇子所需要的……"
    },
    {
      "id": 46,
      "model": "로쟈",
      "content": "不是去放手等待那个不知道何时才能到来的时机，"
    },
    {
      "id": 47,
      "model": "로쟈",
      "content": "而是能毫不犹豫地抓起眼前的斧头的人。"
    },
    {
      "id": 48,
      "model": "로쟈",
      "content": "那天，大多数邻居都应该饿了四天多了。"
    },
    {
      "id": 49,
      "model": "로쟈",
      "content": "即便如此，风还是毫不留情地呼啸着，毫不留情地抓挠着饥饿的人们那开裂的皮肤。"
    },
    {
      "id": 50,
      "model": "로쟈",
      "content": "而我知道一个存了一大笔钱的保险箱，就算请邻居们吃上三天三夜，也不会看出里面的钱少了多少。"
    },
    {
      "id": 51,
      "model": "소냐",
      "teller": "索尼亚",
      "title": "圣愚",
      "content": "那，你做了什么？"
    },
    {
      "id": 52,
      "model": "로쟈",
      "content": "……等等。我不能到此打住吗？"
    },
    {
      "id": 53,
      "model": "소냐",
      "teller": "索尼亚",
      "title": "圣愚",
      "content": "这里是在金枝的共鸣之下，为你而生的某种告解室。"
    },
    {
      "id": 54,
      "model": "소냐",
      "teller": "索尼亚",
      "title": "圣愚",
      "content": "而告解室主要是为了罪人的忏悔而存在。"
    },
    {
      "id": 55,
      "teller": "缺德的税费掠夺者",
      "title": "25区",
      "content": "……………………"
    },
    {
      "id": 56,
      "model": "로쟈",
      "content": "要是那个老太婆最后能洗心革面的话……"
    },
    {
      "id": 57,
      "model": "소냐",
      "teller": "索尼亚",
      "title": "圣愚",
      "content": "但是罗佳……"
    },
    {
      "id": 58,
      "model": "소냐",
      "teller": "索尼亚",
      "title": "圣愚",
      "content": "一个一辈子都在想着掠夺邻居的老太婆，"
    },
    {
      "id": 59,
      "model": "소냐",
      "teller": "索尼亚",
      "title": "圣愚",
      "content": "并不会突然成为包容一切，拿出自己的钱的好人，这点你应该知道吧。"
    },
    {
      "id": 60,
      "model": "소냐",
      "teller": "索尼亚",
      "title": "圣愚",
      "content": "要是你知道的话，也不会一开始就拿起斧头上前去吧。"
    },
    {
      "id": 61,
      "teller": "缺德的税费掠夺者",
      "title": "25区",
      "content": "可怜的罗季昂，你或许误以为自己能够成为伟大的救世主……"
    },
    {
      "id": 62,
      "teller": "缺德的税费掠夺者",
      "title": "25区",
      "content": "但就算你理直气壮地来要我的钱，也不会改变什么的。"
    },
    {
      "id": 63,
      "teller": "缺德的税费掠夺者",
      "title": "25区",
      "content": "你也和那些后巷里的乞丐没什么两样，不过是些虫子而已。"
    },
    {
      "id": 64,
      "model": "로쟈",
      "content": "对。"
    },
    {
      "id": 65,
      "model": "로쟈",
      "content": "劈开她脑袋的是我。"
    },
    {
      "id": 66,
      "model": "로쟈",
      "content": "就像剖开金鹅的肚子一样，我把老太婆的头盖骨漂亮地劈开了。"
    },
    {
      "id": 67,
      "model": "로쟈",
      "content": "毕竟总得有人去做。不是吗？"
    },
    {
      "id": 68,
      "model": "로쟈",
      "content": "金鹅不过是一个愚者因为欲望而断送机会的寓言故事，"
    },
    {
      "id": 69,
      "model": "로쟈",
      "content": "而我们这群不幸之人，饿到连吃光她的大脑都无法解恨。"
    },
    {
      "id": 70,
      "model": "로쟈",
      "content": "何况在那肚子里，确实塞满了金蛋。"
    },
    {
      "id": 71,
      "model": "소냐",
      "teller": "索尼亚",
      "title": "圣愚",
      "content": "对，那老太婆是在25区拥有很大权力的收税人。"
    },
    {
      "id": 72,
      "model": "소냐",
      "teller": "索尼亚",
      "title": "圣愚",
      "content": "但她之所以能那么大摇大摆地走下去……是因为她的弟弟是“中指”的成员。"
    },
    {
      "id": 73,
      "model": "로쟈",
      "content": "我……为了即将饿死的邻居们而挥下了斧头。这有错吗？"
    },
    {
      "id": 74,
      "model": "소냐",
      "teller": "索尼亚",
      "title": "圣愚",
      "content": "不，你是为了自己而挥下的。"
    },
    {
      "id": 75,
      "model": "소냐",
      "teller": "索尼亚",
      "title": "圣愚",
      "content": "你只是无法忍受自己不过是个平凡之人的事实。"
    },
    {
      "id": 76,
      "model": "소냐",
      "teller": "索尼亚",
      "title": "圣愚",
      "content": "你知道吗？中指……绝不会忘记对自己的家人出手的家伙们。"
    },
    {
      "id": 77,
      "model": "소냐",
      "teller": "索尼亚",
      "title": "圣愚",
      "content": "他们觉得“谁”做的不重要，反而对自己人动手的话“会怎样”更为重要。"
    },
    {
      "id": 78,
      "model": "소냐",
      "teller": "索尼亚",
      "title": "圣愚",
      "content": "第一次咀嚼着高级肉排的、喜悦的后巷居民，就这样变成了尸体，像塔一样堆积起来。"
    },
    {
      "id": 79,
      "model": "소냐",
      "teller": "索尼亚",
      "title": "圣愚",
      "content": "就像赌场外面堆起的那座车塔一样。"
    },
    {
      "id": 80,
      "model": "소냐",
      "teller": "索尼亚",
      "title": "圣愚",
      "content": "我知道你自那天起，度过了多么痛苦，而又被罪恶感折磨的日子。"
    },
    {
      "id": 81,
      "model": "소냐",
      "teller": "索尼亚",
      "title": "圣愚",
      "content": "意识到自己其实和那个剖开金鹅的愚蠢农夫没什么区别，呢。"
    },
    {
      "id": 82,
      "model": "로쟈",
      "content": "自那天起……无论是什么东西，我都感觉不到它完全属于自己了。"
    },
    {
      "id": 83,
      "model": "로쟈",
      "content": "全都是我的错……"
    },
    {
      "id": 84,
      "model": "소냐",
      "teller": "索尼亚",
      "title": "圣愚",
      "content": "都没关系的，罗佳。"
    },
    {
      "id": 85,
      "model": "소냐",
      "teller": "索尼亚",
      "title": "圣愚",
      "content": "我啊，罗佳。"
    },
    {
      "id": 86,
      "model": "소냐",
      "teller": "索尼亚",
      "title": "圣愚",
      "content": "为了改变世界，寻找了数千本书，以及数万份文件……"
    },
    {
      "id": 87,
      "model": "소냐",
      "teller": "索尼亚",
      "title": "圣愚",
      "content": "也在都市各处遇见了各种各样的人。"
    },
    {
      "id": 88,
      "model": "소냐",
      "teller": "索尼亚",
      "title": "圣愚",
      "content": "描绘着一个摆脱了统治阶级的剥削者，被压迫者们终于能得到真正解放的世界。"
    },
    {
      "id": 89,
      "model": "소냐",
      "teller": "索尼亚",
      "title": "圣愚",
      "content": "为了创造那个世界。"
    },
    {
      "id": 90,
      "model": "소냐",
      "teller": "索尼亚",
      "title": "圣愚",
      "content": "但是，答案并不是“改变”。已经写错的那一页永远无法回头。"
    },
    {
      "id": 91,
      "model": "소냐",
      "teller": "索尼亚",
      "title": "圣愚",
      "content": "好好看看吧。这就是你和我所能抵达的世界。"
    },
    {
      "id": 92,
      "model": "소냐",
      "teller": "索尼亚",
      "title": "圣愚",
      "content": "通过与你共鸣的金枝而创造的……那样的世界。"
    },
    {
      "id": 93,
      "model": "소냐",
      "teller": "索尼亚",
      "title": "圣愚",
      "content": "地面上没有一个人会饿肚子。"
    },
    {
      "id": 94,
      "model": "소냐",
      "teller": "索尼亚",
      "title": "圣愚",
      "content": "任何人都有权利追求精神和知识上的快乐。"
    },
    {
      "id": 95,
      "model": "소냐",
      "teller": "索尼亚",
      "title": "圣愚",
      "content": "……如果和我同行的话，我会把那个世界送给你。"
    },
    {
      "id": 96,
      "model": "소냐",
      "teller": "索尼亚",
      "title": "圣愚",
      "content": "就好像从一开始就什么都没有发生一样。"
    },
    {
      "id": 97,
      "model": "로쟈",
      "content": "啊。"
    },
    {
      "id": 98,
      "model": "로쟈",
      "content": "谁又能理解呢。"
    },
    {
      "id": 99,
      "model": "로쟈",
      "content": "虽然只有短短一瞬，体会到的那个世界也如梦境一般。"
    },
    {
      "id": 100,
      "model": "로쟈",
      "content": "虽然只是昙花一现，我也丝毫不想忘记那个瞬间。"
    },
    {
      "id": 101,
      "model": "로쟈",
      "content": "若这是梦，我宁愿自己成为梦中之人，再不苏醒。"
    },
    {
      "id": 102,
      "model": "로쟈",
      "content": "尽管如此……"
    },
    {
      "id": 103,
      "model": "로쟈",
      "content": "抱歉，尽管如此我还是拒绝。"
    },
    {
      "id": 104,
      "model": "로쟈",
      "content": "怎么说呢……"
    },
    {
      "id": 105,
      "model": "로쟈",
      "content": "我还不想暖和起来。要在这寒风中再多打颤一会儿才行啊。"
    },
    {
      "id": 106,
      "model": "로쟈",
      "content": "什么时候才会让自己暖和起来呢，我想，在找到那个答案前，自己还会待在这里。"
    },
    {
      "id": 107,
      "model": "로쟈",
      "content": "还有，索尼亚……"
    },
    {
      "id": 108,
      "model": "로쟈",
      "content": "那个时候，你从一开始就知道我忍不下去，会想去解决她吧？"
    },
    {
      "id": 109,
      "model": "소냐",
      "teller": "索尼亚",
      "title": "圣愚",
      "content": "……"
    },
    {
      "id": 110,
      "model": "소냐",
      "teller": "索尼亚",
      "title": "圣愚",
      "content": "罗佳，虽然你可能还很难理解，但你没有印记。"
    },
    {
      "id": 111,
      "model": "소냐",
      "teller": "索尼亚",
      "title": "圣愚",
      "content": "虽然我来这里，就是希望看到你能拥有它，但我反而在你其他朋友身上看到了。"
    },
    {
      "id": 112,
      "model": "로쟈",
      "content": "印记？什么意……"
    },
    {
      "id": 113,
      "model": "소냐",
      "teller": "索尼亚",
      "title": "圣愚",
      "content": "而且你连印记都看不到。也就是说……你没有领导他人的能力。"
    },
    {
      "id": 114,
      "model": "소냐",
      "teller": "索尼亚",
      "title": "圣愚",
      "content": "但我不同。所以为了更好的世界……"
    },
    {
      "id": 115,
      "model": "로쟈",
      "content": "嗯。你在堆满书的桌子前也说过类似的话。"
    },
    {
      "id": 116,
      "model": "로쟈",
      "content": "……所以我和你不是一路人。"
    },
    {
      "id": 117,
      "model": "로쟈",
      "content": "毕竟书桌前所说的空话，是无法填饱邻居们的肚子。"
    },
    {
      "id": 118,
      "model": "로쟈",
      "content": "何况你也明白的吧……"
    },
    {
      "id": 119,
      "model": "로쟈",
      "content": "像我这样的混蛋又怎么会向别人低头呢？啊哈哈！"
    },
    {
      "id": 120,
      "model": "소냐",
      "teller": "索尼亚",
      "title": "圣愚",
      "content": "……"
    },
    {
      "id": 121,
      "model": "소냐",
      "teller": "索尼亚",
      "title": "圣愚",
      "content": "金枝就在那座城堡里，罗佳。"
    },
    {
      "id": 122,
      "model": "소냐",
      "teller": "索尼亚",
      "title": "圣愚",
      "content": "愿你平安找到你想要的东西。"
    },
    {
      "id": 123,
      "content": "就这样，我们从索尼亚身边经过，走进了他所指的冰之城堡。"
    }
  ]
}