{
  "dataList": [
    {
      "id": 0,
      "place": "沉眠着邻里的冰霜城堡",
      "model": "이스마엘",
      "content": "出口在那边！"
    },
    {
      "id": 1,
      "model": "히스클리프",
      "content": "呼，真难缠。"
    },
    {
      "id": 2,
      "model": "단테",
      "content": "<要想脱身，就必须将其注意力转移到别的地方……>"
    },
    {
      "id": 3,
      "model": "료슈",
      "content": "扔一个人过去如何？反正之后复活就好。"
    },
    {
      "id": 4,
      "model": "싱클레어",
      "content": "为什么要看着我说？！"
    },
    {
      "id": 5,
      "model": "단테",
      "content": "<……等等，看那儿……>"
    },
    {
      "id": 6,
      "model": "소냐",
      "teller": "索尼亚",
      "title": "圣愚",
      "content": "这里交给我吧。"
    },
    {
      "id": 7,
      "model": "로쟈",
      "content": "索尼亚？！你到底想干什么？"
    },
    {
      "id": 8,
      "model": "단테",
      "content": "<罗佳！这是什么话？我们现在已经没有选择手段的余地了！>"
    },
    {
      "id": 9,
      "model": "로쟈",
      "content": "无偿帮助别人的家伙们一般别有用心。"
    },
    {
      "id": 10,
      "model": "소냐",
      "teller": "索尼亚",
      "title": "圣愚",
      "content": "……"
    },
    {
      "id": 11,
      "model": "소냐",
      "teller": "索尼亚",
      "title": "圣愚",
      "content": "就像那天你不由自主地挥下了斧头一般。"
    },
    {
      "id": 12,
      "model": "소냐",
      "teller": "索尼亚",
      "title": "圣愚",
      "content": "我似乎也有种无法解释的……突发性渴求。"
    },
    {
      "id": 13,
      "model": "소냐",
      "teller": "索尼亚",
      "title": "圣愚",
      "content": "但丁，你们的组织也是为了创造一个更加美好的世界吧？"
    },
    {
      "id": 14,
      "model": "단테",
      "content": "<嗯……嗯？>"
    },
    {
      "id": 15,
      "content": "更美好的世界到底是什么样的呢？"
    },
    {
      "id": 16,
      "content": "我第一次意识到，自己好像从来都没有对边狱公司的目的抱有疑问过。"
    },
    {
      "id": 17,
      "content": "所幸，索尼亚并没有察觉到我因为疑惑而作出的搪塞，而是将之当作了某种肯定。"
    },
    {
      "id": 18,
      "model": "소냐",
      "teller": "索尼亚",
      "title": "圣愚",
      "content": "沉默有时暗示着肯定。那我就这么认为吧。"
    },
    {
      "id": 19,
      "model": "소냐",
      "teller": "索尼亚",
      "title": "圣愚",
      "content": "还有……很快那孩子也会来找你的。"
    },
    {
      "id": 20,
      "model": "단테",
      "content": "<孩子？>"
    },
    {
      "id": 21,
      "model": "싱클레어",
      "content": "啊？"
    },
    {
      "id": 22,
      "model": "싱클레어",
      "content": "啊……抱歉。我肯定是看错了。有一瞬间那人的额头上……"
    },
    {
      "id": 23,
      "model": "소냐",
      "teller": "索尼亚",
      "title": "圣愚",
      "content": "没错，就是那个给你也留下痕迹的孩子。会是场令人怀念的再会吧。"
    },
    {
      "id": 24,
      "content": "索尼亚回过头去，用下巴指了指身后的什么东西。"
    },
    {
      "id": 25,
      "content": "在落下的冰块之间有着一束光。虽然微弱，但确实在闪烁着，那是……"
    },
    {
      "id": 26,
      "model": "단테",
      "content": "<金枝……>"
    },
    {
      "id": 27
    },
    {
      "id": 28,
      "model": "소냐",
      "teller": "索尼亚",
      "title": "圣愚",
      "content": "不过，别指望着我在下次见面时还会有这种善意的冲动。"
    },
    {
      "id": 29,
      "model": "소냐",
      "teller": "索尼亚",
      "title": "圣愚",
      "content": "若是有一条能让大多数人富裕起来的明确道路展现在眼前，我会毫不犹豫地选择它。"
    },
    {
      "id": 30,
      "content": "在他留下了意义不明的话语后，不一会儿，索尼亚的圣愚成员们便开始陆陆续续地现身。"
    },
    {
      "id": 31,
      "content": "好吧……说不定这是个需要“我不会忘记你的！”之类的感人台词的时机……"
    },
    {
      "id": 32,
      "content": "然后我便看到罗佳快步向着入口跑去。"
    },
    {
      "id": 33,
      "model": "이상",
      "content": "罗季昂。你不担心吗？"
    },
    {
      "id": 34,
      "model": "로쟈",
      "content": "什么？"
    },
    {
      "id": 35,
      "model": "이상",
      "content": "不论结果如何，他仍是你的朋友。"
    },
    {
      "id": 36,
      "model": "로쟈",
      "content": "啊~那家伙啊，脑子转很快的，所以肯定能轻松找到活下去的办法。"
    },
    {
      "id": 37,
      "model": "이상",
      "content": "……真是，理想的友谊啊。"
    },
    {
      "id": 38,
      "content": "不久之后……"
    },
    {
      "id": 39,
      "content": "尽管我十分疲惫，维吉里乌斯还是用那凶狠的目光盯着我，让我作一个关于今天旅程的简短报告。"
    },
    {
      "id": 40,
      "place": "梅菲斯托费勒斯 内部",
      "model": "베르길리우스",
      "content": "……原来如此。不过，有一件事我很在意。"
    },
    {
      "id": 41,
      "model": "베르길리우스",
      "content": "那个人……是叫索尼亚吧。他所追求的思想和他自己最后的行为相反。"
    },
    {
      "id": 42,
      "model": "베르길리우스",
      "content": "所以我们有必要仔细审视他的意图……"
    },
    {
      "id": 43,
      "model": "로쟈",
      "content": "嘿，等等，等等！！！"
    },
    {
      "id": 44,
      "model": "로쟈",
      "content": "李箱也好，你也好，为什么每个人都比我还关心索尼亚？不管怎么说，我们都已经成功回收金枝了。"
    },
    {
      "id": 45,
      "model": "로쟈",
      "content": "另外……大家，看看这个~"
    },
    {
      "id": 46,
      "content": "罗佳从口袋里拿出一把叮啷当啷、五颜六色的赌博筹码。"
    },
    {
      "id": 47,
      "model": "로쟈",
      "content": "这些东西在哪家赌场都能用，所以我们立刻找一家附近的去换钱吧。"
    },
    {
      "id": 48,
      "model": "로쟈",
      "content": "我是趁我们经理手忙脚乱的时候顺手拿来的。"
    },
    {
      "id": 49,
      "model": "단테",
      "content": "<在那样的混乱中你还能想着拿走那些东西，这本身就很厉害了。>"
    },
    {
      "id": 50,
      "model": "로쟈",
      "content": "怎样，维吉？任务都已经成功了，这次不应该来点优质多汁的里脊牛排吗？"
    },
    {
      "id": 51,
      "model": "베르길리우스",
      "content": "……怎么样，卡戎？"
    },
    {
      "id": 52,
      "model": "카론",
      "content": "……呣。"
    },
    {
      "id": 53,
      "model": "카론",
      "content": "梅菲似乎也想要吃。新鲜多汁的肉。"
    },
    {
      "id": 54,
      "model": "그레고르",
      "content": "呃，就算你是在打比方也太……"
    },
    {
      "id": 55,
      "model": "베르길리우스",
      "content": "好。在10区的后巷中选一家餐馆的任务就交给罗季昂吧。"
    },
    {
      "id": 56,
      "model": "카론",
      "content": "明白。布隆布隆。"
    },
    {
      "id": 57,
      "model": "로쟈",
      "content": "也稍微近点人情了嘛，维吉。"
    },
    {
      "id": 58,
      "model": "로쟈",
      "content": "毕竟……"
    },
    {
      "id": 59,
      "content": "在她的微笑之下，罗佳的眼睛因为深深的不安而颤抖，但她很快就用玩笑掩盖住了。不留一丝痕迹。"
    },
    {
      "id": 60,
      "model": "로쟈",
      "content": "我也变厉害了点吧？"
    },
    {
      "id": 61
    },
    {
      "id": 62,
      "place": "后巷某处",
      "model": "헤르만",
      "teller": "赫尔曼",
      "title": "N公司",
      "content": "很出色啊，圣愚。"
    },
    {
      "id": 63,
      "model": "헤르만",
      "teller": "赫尔曼",
      "title": "N公司",
      "content": "不仅消灭了那么多的敌人……"
    },
    {
      "id": 64,
      "model": "헤르만",
      "teller": "赫尔曼",
      "title": "N公司",
      "content": "还烧光了那么多的钱。"
    },
    {
      "id": 65,
      "model": "소냐",
      "teller": "索尼亚",
      "title": "圣愚",
      "content": "你知道的，赫尔曼。从以前开始，金钱就并非是我的朋友。"
    },
    {
      "id": 66,
      "model": "헤르만",
      "teller": "赫尔曼",
      "title": "N公司",
      "content": "我得承认，一般的梦想家都只会嘴上功夫，而你似乎不一样。"
    },
    {
      "id": 67,
      "model": "헤르만",
      "teller": "赫尔曼",
      "title": "N公司",
      "content": "要是你能把金枝完整带过来的话，我还是会称赞你几句的。"
    },
    {
      "id": 68,
      "model": "소냐",
      "teller": "索尼亚",
      "title": "圣愚",
      "content": "……我向罗佳展示了那个世界。"
    },
    {
      "id": 69,
      "model": "소냐",
      "teller": "索尼亚",
      "title": "圣愚",
      "content": "那个令我着迷的理想世界。"
    },
    {
      "id": 70,
      "model": "소냐",
      "teller": "索尼亚",
      "title": "圣愚",
      "content": "但是……"
    },
    {
      "id": 71,
      "model": "헤르만",
      "teller": "赫尔曼",
      "title": "N公司",
      "content": "她似乎没有上钩呢。"
    },
    {
      "id": 72,
      "model": "소냐",
      "teller": "索尼亚",
      "title": "圣愚",
      "content": "看来你说的方法还是错了啊，赫尔曼。"
    },
    {
      "id": 73,
      "model": "소냐",
      "teller": "索尼亚",
      "title": "圣愚",
      "content": "她不是那种能被几句话所怂恿的人。"
    },
    {
      "id": 74,
      "model": "헤르만",
      "teller": "赫尔曼",
      "title": "N公司",
      "content": "所以你觉得……可惜吗？"
    },
    {
      "id": 75,
      "model": "소냐",
      "teller": "索尼亚",
      "title": "圣愚",
      "content": "这个啊……"
    },
    {
      "id": 76,
      "model": "소냐",
      "teller": "索尼亚",
      "title": "圣愚",
      "content": "虽然也许我希望她能像过去那样追随我。"
    },
    {
      "id": 77,
      "model": "소냐",
      "teller": "索尼亚",
      "title": "圣愚",
      "content": "但是算了吧，看到她还是和以前一模一样，我反倒安心了。"
    },
    {
      "id": 78,
      "model": "소냐",
      "teller": "索尼亚",
      "title": "圣愚",
      "content": "罗佳想要的并非是一切全都完美的理想世界。"
    },
    {
      "id": 79,
      "model": "소냐",
      "teller": "索尼亚",
      "title": "圣愚",
      "content": "相反，她可能会觉得……"
    },
    {
      "id": 80,
      "model": "소냐",
      "teller": "索尼亚",
      "title": "圣愚",
      "content": "那样的世界会很无聊，因为这样就没法确认她是特别的了。"
    },
    {
      "id": 81,
      "model": "소냐",
      "teller": "索尼亚",
      "title": "圣愚",
      "content": "我是那么觉得的。"
    },
    {
      "id": 82,
      "model": "헤르만",
      "teller": "赫尔曼",
      "title": "N公司",
      "content": "我原以为她是个不因外界因素而动摇的圣人君子……"
    },
    {
      "id": 83,
      "model": "헤르만",
      "teller": "赫尔曼",
      "title": "N公司",
      "content": "但她其实是个和你一样的梦想家吧？"
    },
    {
      "id": 84,
      "model": "소냐",
      "teller": "索尼亚",
      "title": "圣愚",
      "content": "那孩子还有很长的路要走。"
    },
    {
      "id": 85,
      "model": "소냐",
      "teller": "索尼亚",
      "title": "圣愚",
      "content": "……不过，罗佳不会想承认这一点的。"
    },
    {
      "id": 86,
      "model": "헤르만",
      "teller": "赫尔曼",
      "title": "N公司",
      "content": "我懂你的意思。我会将其作为今后决定行动方针时的参考的。"
    },
    {
      "id": 87,
      "model": "소냐",
      "teller": "索尼亚",
      "title": "圣愚",
      "content": "你不训我几句吗？我可是没能完成你的任务呢。"
    },
    {
      "id": 88,
      "model": "헤르만",
      "teller": "赫尔曼",
      "title": "N公司",
      "content": "训斥你也不会让金枝从地上长出来吧？"
    },
    {
      "id": 89,
      "model": "헤르만",
      "teller": "赫尔曼",
      "title": "N公司",
      "content": "没关系。比起金枝现在在哪里……"
    },
    {
      "id": 90,
      "model": "헤르만",
      "teller": "赫尔曼",
      "title": "N公司",
      "content": "更重要的是到最后谁能拿到整束金枝。"
    }
  ]
}