{
  "dataList": [
    {
      "id": 0,
      "place": "11区 脑叶公司支部内某处",
      "content": "钉子在不远处嘎吱嘎吱地划过地面，熟悉而又不祥的声音响起。"
    },
    {
      "id": 1,
      "model": "오티스",
      "content": "……执行经理。我建议您今后将确认目标存活作为基础作战计划的一部分。"
    },
    {
      "id": 2,
      "content": " 一想到他又一次死而复生，我便觉得毛骨悚然。"
    },
    {
      "id": 3,
      "model": "피묻은귀도",
      "teller": "圭多",
      "title": "钉与锤",
      "content": " 异端……必须抹杀。"
    },
    {
      "id": 4,
      "model": "단테",
      "content": "<你什么时候到这里……>"
    },
    {
      "id": 5,
      "content": "圭多朝我们逼近，速度比起之前要慢一些，但仍死死地盯着我。"
    },
    {
      "id": 6,
      "model": "피묻은귀도",
      "teller": "圭多",
      "title": "钉与锤",
      "content": "而……其余的人……应被净化。"
    },
    {
      "id": 7,
      "content": "我必须转动时钟。"
    },
    {
      "id": 8,
      "content": "大多数罪人都非死即伤。"
    },
    {
      "id": 9,
      "content": "只凭毫无战斗力的我，还有连喘气都费劲的索德，根本不是他的对手。"
    },
    {
      "id": 10,
      "model": "제복소드",
      "teller": "索德",
      "title": "LCCB",
      "content": "请止步……"
    },
    {
      "id": 11,
      "content": "就在这时，索德从怀中掏出枪。"
    },
    {
      "id": 12,
      "content": "然后将枪口对准了我的头。"
    },
    {
      "id": 13,
      "model": "제복소드",
      "teller": "索德",
      "title": "LCCB",
      "content": "请别……乱动……"
    },
    {
      "id": 14,
      "model": "제복소드",
      "teller": "索德",
      "title": "LCCB",
      "content": "你一转动那个时钟，我就会用枪……打穿你的头……"
    },
    {
      "id": 15,
      "model": "단테",
      "content": "<索德……？>"
    },
    {
      "id": 16,
      "model": "제복소드",
      "teller": "索德",
      "title": "LCCB",
      "content": "就算你那样看着我……我也听不到……你在说什么。但我可以告诉你。"
    },
    {
      "id": 17,
      "model": "제복소드",
      "teller": "索德",
      "title": "LCCB",
      "content": "他们答应……只要我跟他们一起除掉你……就让埃菲活着回来……"
    },
    {
      "id": 18,
      "model": "피묻은귀도",
      "teller": "圭多",
      "title": "钉与锤",
      "content": "吾浪费了太多时间。"
    },
    {
      "id": 19,
      "content": "逼近的圭多用一只手掐住了我的喉咙，把我抓了起来。"
    },
    {
      "id": 20,
      "model": "단테",
      "content": "<嘎啊，咕……>"
    },
    {
      "id": 21,
      "content": "接着，他用另一只手抓着我的头，并且用足够把它捏碎的力气紧紧握住。"
    },
    {
      "id": 22,
      "model": "단테",
      "content": "<呃嗯……>"
    },
    {
      "id": 23,
      "content": "嘎吱嘎吱和咔嚓咔嚓的声音不断传来，吵得我头晕目眩。"
    },
    {
      "id": 24,
      "content": "一想到还差一点，他的手指就会捏爆我的头，我就不由自主地感到恐惧。"
    },
    {
      "id": 25,
      "content": "就这样结束了吗？我就要这样死掉吗。"
    },
    {
      "id": 26,
      "content": "如果我是个更称职的经理的话……结局会有所不同吗。"
    },
    {
      "id": 27,
      "content": "我脑海里浮现出之前希斯克利夫吓唬我，问有没有办法能搞清楚我的时钟里装的究竟是什么的时候的那张脸。"
    },
    {
      "id": 28,
      "content": "真遗憾啊，希斯克利夫。"
    },
    {
      "id": 29,
      "content": "你就要错过这精彩的瞬间了……"
    },
    {
      "id": -1,
      "model": "//효과음",
      "content": "퍽"
    },
    {
      "id": 30,
      "content": "我听到，一个声音。"
    },
    {
      "id": 31,
      "content": "什么东西破碎的声音。"
    },
    {
      "id": 32,
      "content": "但值得庆幸的是。"
    },
    {
      "id": 33,
      "model": "피묻은귀도",
      "teller": "圭多",
      "title": "钉与锤",
      "content": "呜呃……"
    },
    {
      "id": 34,
      "content": "那不是我的头破碎的声音。"
    },
    {
      "id": 35,
      "model": "싱클레어",
      "content": "哈，哈啊……哈。"
    },
    {
      "id": 36,
      "content": "圭多踉跄了一下。"
    },
    {
      "id": 37,
      "content": "他的后背被一根尖钉贯穿，在他身后是大口喘着气的辛克莱。"
    },
    {
      "id": 38,
      "content": "直到刚才，他还意识不清地倒在地上，却不知道从哪里迸出了如此大的力量。"
    },
    {
      "id": 39,
      "content": "多亏如此，我得以从圭多的手中挣脱……"
    },
    {
      "id": 40,
      "content": "可纵使有辛克莱的伏击，圭多仍然调整好了呼吸，缓缓转过身去。"
    },
    {
      "id": 41,
      "model": "피묻은귀도",
      "teller": "圭多",
      "title": "钉与锤",
      "content": "……是吗。"
    },
    {
      "id": 42,
      "model": "피묻은귀도",
      "teller": "圭多",
      "title": "钉与锤",
      "content": "就连汝，也属于异端吗……"
    },
    {
      "id": 43,
      "model": "싱클레어",
      "content": "你们……脑子都有问题……都是疯子……"
    },
    {
      "id": 44,
      "model": "피묻은귀도",
      "teller": "圭多",
      "title": "钉与锤",
      "content": "执柄者曾言……"
    },
    {
      "id": 45,
      "model": "피묻은귀도",
      "teller": "圭多",
      "title": "钉与锤",
      "content": "汝亦有成为执柄者之资。"
    },
    {
      "id": 46,
      "model": "피묻은귀도",
      "teller": "圭多",
      "title": "钉与锤",
      "content": "只可惜……"
    },
    {
      "id": 47,
      "model": "피묻은귀도",
      "teller": "圭多",
      "title": "钉与锤",
      "content": "汝执握的方向错了。"
    },
    {
      "id": 48,
      "model": "단테",
      "content": "<辛克莱……快逃……我帮……不了你……>"
    },
    {
      "id": 49,
      "model": "싱클레어",
      "content": "不……我不会再逃了。"
    },
    {
      "id": 50,
      "model": "제복소드",
      "teller": "索德",
      "title": "LCCB",
      "content": "……答得好啊。辛克莱先生。"
    },
    {
      "id": -1,
      "model": "탕!"
    },
    {
      "id": 51,
      "content": "枪声掠过。"
    },
    {
      "id": 52,
      "content": "但子弹贯穿的，是圭多的头。"
    },
    {
      "id": 53,
      "model": "피묻은귀도",
      "teller": "圭多",
      "title": "钉与锤",
      "content": "……"
    },
    {
      "id": 54,
      "model": "피묻은귀도",
      "teller": "圭多",
      "title": "钉与锤",
      "content": "汝等自取灭亡之人……"
    },
    {
      "id": 55,
      "model": "피묻은귀도",
      "teller": "圭多",
      "title": "钉与锤",
      "content": "锤将不断追赶汝等……"
    },
    {
      "id": 56,
      "content": "说完这些话后。"
    },
    {
      "id": 57,
      "content": "圭多轰然倒地，彻底失去了气息。"
    },
    {
      "id": 58,
      "content": "突然间。"
    },
    {
      "id": 59,
      "content": "手枪落地的声音响起。"
    },
    {
      "id": 60,
      "model": "단테",
      "content": "<……索德。>"
    },
    {
      "id": 61,
      "model": "제복소드",
      "teller": "索德",
      "title": "LCCB",
      "content": "埃菲他果然……已经死了吧？"
    },
    {
      "id": 62,
      "model": "제복소드",
      "teller": "索德",
      "title": "LCCB",
      "content": "你们真是太粗心了。就算要骗我，至少也装得可信一点啊。"
    },
    {
      "id": 63,
      "model": "그레고르",
      "content": "……索德，我们快点离开这里。只要稍微止一下血……然后……你就没事了。"
    },
    {
      "id": 64,
      "model": "이스마엘",
      "content": "对。我去拿止血带……"
    },
    {
      "id": 65,
      "model": "제복소드",
      "teller": "索德",
      "title": "LCCB",
      "content": "你们说什么呢。我连动一下都十分费劲了。"
    },
    {
      "id": 66,
      "model": "제복소드",
      "teller": "索德",
      "title": "LCCB",
      "content": "再说，那帮审判官肯定还会一直追过来吧？你们不是还得一直朝下走吗。"
    },
    {
      "id": 67,
      "model": "제복소드",
      "teller": "索德",
      "title": "LCCB",
      "content": "这里交给我，你们先走。"
    },
    {
      "id": 68,
      "model": "싱클레어",
      "content": "为什么，为什么要这么做……"
    },
    {
      "id": 69,
      "model": "이스마엘",
      "content": "你自己也说连动一下都很费劲了。那怎么还能让你来给我们殿后呢……不是吗？"
    },
    {
      "id": 70,
      "model": "제복소드",
      "teller": "索德",
      "title": "LCCB",
      "content": "啊……像这种时候……你们只要点点头然后大步朝前走就好了。"
    },
    {
      "id": 71,
      "model": "제복소드",
      "teller": "索德",
      "title": "LCCB",
      "content": "怎么还要俗套地去担心我这个留下的人呢？"
    },
    {
      "id": 72,
      "model": "싱클레어",
      "content": "但是……但是。"
    },
    {
      "id": 73,
      "model": "제복소드",
      "teller": "索德",
      "title": "LCCB",
      "content": " 啊……再让我说下去就太啰嗦了哦？我可是好不容易才说了句帅气的台词。"
    },
    {
      "id": 74,
      "model": "제복소드",
      "teller": "索德",
      "title": "LCCB",
      "content": "浮士德，赶紧把这些笨蛋们带走吧。"
    },
    {
      "id": 75,
      "model": "파우스트",
      "content": "我会代你向维吉里乌斯先生问好。"
    },
    {
      "id": 76,
      "model": "제복소드",
      "teller": "索德",
      "title": "LCCB",
      "content": "问哪门子好啊。"
    },
    {
      "id": 77,
      "model": "제복소드",
      "teller": "索德",
      "title": "LCCB",
      "content": "……告诉他哪天来打个招呼就好了。你明白我的意思吧？"
    },
    {
      "id": 78,
      "model": "파우스트",
      "content": "……"
    },
    {
      "id": 79,
      "model": "파우스트",
      "content": "当然。"
    },
    {
      "id": 80,
      "content": "我们把奄奄一息的索德留在原地，朝着下一层前进。"
    },
    {
      "id": 81,
      "content": "沉默在我们中间久久盘旋。"
    }
  ]
}