{
  "dataList": [
    {
      "id": 0,
      "place": "11区 脑叶公司支部内某处",
      "teller": "？？？",
      "title": "？？？",
      "content": "真没想到……不知不觉间……你们的作战方式都已经这么出色了……？"
    },
    {
      "id": 1,
      "content": "一旁的角落里传来了微弱的声音。"
    },
    {
      "id": 2,
      "model": "그레고르",
      "content": "索德……？"
    },
    {
      "id": 3,
      "content": "索德无力地倚在墙上。"
    },
    {
      "id": 4,
      "content": "浑身上下都遍布着被罪种撕咬出的伤痕。"
    },
    {
      "id": 5,
      "model": "이스마엘",
      "content": "没事吧？你还站得起来吗？"
    },
    {
      "id": 6,
      "content": "别说是站起，好像就连开口也都伴随着剧痛似的，索德断断续续地组织着语言。"
    },
    {
      "id": 7,
      "model": "제복소드",
      "teller": "索德",
      "title": "LCCB",
      "content": "埃菲……怎么样了……"
    },
    {
      "id": 8,
      "model": "제복소드",
      "teller": "索德",
      "title": "LCCB",
      "content": "还活着，对吧？你们……肯定在外面见到他了……？"
    },
    {
      "id": 9,
      "content": "对于索德迫切提出的问题，谁也不忍心开口。"
    },
    {
      "id": 10,
      "content": "我们谁都没法站出来告诉她，遇到埃菲时他的悲惨处境以及我们别无选择，只能帮他解脱的事实。"
    },
    {
      "id": 11,
      "model": "홍루",
      "content": "……是啊，他还活得好好的。"
    },
    {
      "id": 12,
      "content": "鸿璐轻声答道。"
    },
    {
      "id": 13,
      "content": "没有罪人试图去纠正他的回答。"
    },
    {
      "id": 14,
      "model": "오티스",
      "content": "闲聊到此为止。"
    },
    {
      "id": 15,
      "model": "오티스",
      "content": "那些奇怪的东西又朝我们爬过来了。"
    },
    {
      "id": 16,
      "content": "罪种朝我们涌来。"
    },
    {
      "id": 17,
      "content": "就好像我们欺骗索德的负罪感化为了实体一般。"
    }
  ]
}