{
  "dataList": [
    {
      "id": 0,
      "place": "某条小巷的中央",
      "model": "싱클레어",
      "content": "回过神来我才发现，自己正处于正午的小巷中央。"
    },
    {
      "id": 1,
      "model": "싱클레어",
      "content": "我就那么呆呆地躺在那里。"
    },
    {
      "id": 2,
      "model": "싱클레어",
      "content": "巷子里到处都是升腾的热气。"
    },
    {
      "id": 3,
      "model": "학생데미안",
      "teller": "德米安",
      "title": "不可思议的转校生",
      "content": "辛克莱，你的世界中产生了裂隙呢。"
    },
    {
      "id": 4,
      "model": "싱클레어",
      "content": "我可能明白了每次看到德米安时所感到的违和感的真正原因。"
    },
    {
      "id": 5,
      "model": "싱클레어",
      "content": "为什么那孩子总是没有脚步声呢。"
    },
    {
      "id": 6,
      "model": "싱클레어",
      "content": "为什么一切都像是不属于任何地方般，如此孤独而又寂静地悄然靠近呢。"
    },
    {
      "id": 7,
      "model": "싱클레어",
      "content": "家人的死也是、恶之世界也是、绝望也是……"
    },
    {
      "id": 8,
      "model": "싱클레어",
      "content": "连你也是。"
    },
    {
      "id": 9,
      "model": "학생데미안",
      "teller": "德米安",
      "title": "不可思议的转校生",
      "content": "你害怕吗，辛克莱？"
    },
    {
      "id": 10,
      "model": "싱클레어",
      "content": "他对我说道。"
    },
    {
      "id": 11,
      "model": "싱클레어",
      "content": "就像是看穿了一切一样，就像这一切都不过是既定的过程一样。"
    },
    {
      "id": 12,
      "model": "싱클레어",
      "content": "他的样子仿佛早就知晓了一般，不等我回答就开口道。"
    },
    {
      "id": 13,
      "model": "학생데미안",
      "teller": "德米安",
      "title": "不可思议的转校生",
      "content": "总有一天，你会彻底打碎一切，展翅高飞。"
    },
    {
      "id": 14,
      "model": "학생데미안",
      "teller": "德米安",
      "title": "不可思议的转校生",
      "content": "我……希望看见完全被揭露的你。"
    },
    {
      "id": 15,
      "model": "싱클레어",
      "content": "他就好像已经知道我没能说出口的心声是什么了一样。"
    },
    {
      "id": 16,
      "model": "싱클레어",
      "content": "虽然他的话语似乎十分温暖……"
    },
    {
      "id": 17,
      "model": "싱클레어",
      "content": "但我有种咬到了没有熟透的火鸡肉的冰冷感……"
    },
    {
      "id": 18,
      "model": "싱클레어",
      "content": "我只能再度失去了意识。"
    }
  ]
}