{
  "dataList": [
    {
      "id": 0,
      "model": "싱클레어",
      "content": "我家有条每天早上一起吃饭的规矩。"
    },
    {
      "id": 1,
      "model": "싱클레어",
      "content": "那是一段全家人一起围坐在餐桌旁，谈论着各种各样的话题，互相鼓励、相互打趣的温暖时光。"
    },
    {
      "id": 2,
      "model": "싱클레어",
      "content": "我喜欢那段时光。而那条规则于我而言，是无比地温柔与平和。"
    },
    {
      "id": 3,
      "model": "싱클레어",
      "content": "对我来说，那是一个理所当然、不会改变的，属于我的世界。"
    },
    {
      "id": 4,
      "model": "싱클레어",
      "content": "我对那个世界产生了些许违和感，"
    },
    {
      "id": 5,
      "model": "싱클레어",
      "content": "是自看见连姐姐都接受了义体改造手术后，坐在餐桌旁的那一天开始的。"
    },
    {
      "id": 6,
      "model": "싱클레어",
      "content": "而自父亲的头变成一个由钢铁和各种电线组成的陌生物体开始，我的世界便开始逐渐改变。"
    },
    {
      "id": 7,
      "model": "싱클레어",
      "content": "和家人们一起吃饭不再是那个温暖而明媚的世界。反倒成为了一种不便开口，且存在隔阂的体验。"
    },
    {
      "id": 8,
      "model": "싱클레어",
      "content": "啊……我开始对义体产生了生理上的不洁感。"
    },
    {
      "id": 9,
      "model": "싱클레어",
      "content": "“真肮脏……”"
    },
    {
      "id": 10,
      "model": "싱클레어",
      "content": "我自心底里完全无法接受身体被除了骨与肉以外的其他东西所替代。"
    },
    {
      "id": 11,
      "model": "싱클레어",
      "content": "为什么我们要使用义体？"
    },
    {
      "id": 12,
      "model": "싱클레어",
      "content": "我谨慎地询问原因，得到的答案却很简洁。"
    },
    {
      "id": 13,
      "model": "싱클레어",
      "content": "人类之躯过于落后了。"
    },
    {
      "id": 14,
      "model": "싱클레어",
      "content": "不进食就会饥饿，不睡觉就会疲惫，受伤了就得等待痊愈。"
    },
    {
      "id": 15,
      "model": "싱클레어",
      "content": "这一切都太过低效了。"
    },
    {
      "id": 16,
      "model": "싱클레어",
      "content": "因此，随着时间的推移，使用义体的人的比例也会增加，最终，义体必定会融入日常生活之中。"
    },
    {
      "id": 17,
      "model": "싱클레어",
      "content": "而我在心中想道，"
    },
    {
      "id": 18,
      "model": "싱클레어",
      "content": "“既然如此，干脆让我被淘汰了不是更好吗？”"
    },
    {
      "id": 19,
      "model": "싱클레어",
      "content": "……然而我没能条理清晰地反驳那句话。"
    },
    {
      "id": 20,
      "place": "教室",
      "model": "학생크로머",
      "teller": "克罗默",
      "title": "学生",
      "content": "辛克莱，你其实不想……接受义体手术，对吧？"
    },
    {
      "id": 21,
      "model": "싱클레어",
      "content": "我静静地点了点头。"
    },
    {
      "id": 22,
      "model": "학생크로머",
      "teller": "克罗默",
      "title": "学生",
      "content": "但你要是对父母实话实说的话，他们会很伤心的吧。"
    },
    {
      "id": 23,
      "model": "학생크로머",
      "teller": "克罗默",
      "title": "学生",
      "content": "你是不是在懊恼自己的无能为力？"
    },
    {
      "id": 24,
      "model": "싱클레어",
      "content": "我又点了点头。"
    },
    {
      "id": 25,
      "model": "학생크로머",
      "teller": "克罗默",
      "title": "学生",
      "content": "要我来帮忙吗？我可以让你不接受那些手术，自由自在地活下去。"
    },
    {
      "id": 26,
      "model": "싱클레어",
      "content": "怎、怎么做？"
    },
    {
      "id": 27,
      "model": "학생크로머",
      "teller": "克罗默",
      "title": "学生",
      "content": "这个嘛，之后再告诉你。"
    },
    {
      "id": 28,
      "model": "학생크로머",
      "teller": "克罗默",
      "title": "学生",
      "content": "作为回报……"
    },
    {
      "id": 29,
      "model": "학생크로머",
      "teller": "克罗默",
      "title": "学生",
      "content": "就像我会解决你的烦恼一样，你也要实现我的一个愿望。"
    }
  ]
}