{
  "dataList": [
    {
      "id": 0,
      "place": "教室",
      "model": "싱클레어",
      "content": "某一天，隔壁班上转来了一个名叫“德米安”的学生。"
    },
    {
      "id": 1,
      "model": "싱클레어",
      "content": "这位转校生总是被人群簇拥着，"
    },
    {
      "id": 2,
      "model": "싱클레어",
      "content": "但实际上，我觉得他似乎不喜欢任何人。"
    },
    {
      "id": 3,
      "model": "싱클레어",
      "content": "在我看来，德米安就像飘浮在空中一样。"
    },
    {
      "id": 4,
      "model": "싱클레어",
      "content": "同样，他似乎也对我没什么兴趣。"
    },
    {
      "id": 5,
      "model": "싱클레어",
      "content": "一开始，是这样的。"
    },
    {
      "id": 6,
      "model": "싱클레어",
      "content": "那一天是无聊透顶的工学课。"
    },
    {
      "id": 7,
      "model": "싱클레어",
      "content": "我的视线从黑板上移开，最终不知不觉间望向了窗外。"
    },
    {
      "id": 8,
      "model": "싱클레어",
      "content": "透过窗户，我看见他正在享受着散步。"
    },
    {
      "id": 9,
      "model": "싱클레어",
      "content": "他一如既往地被朋友们簇拥着，脸上挂着一抹淡淡的微笑。"
    },
    {
      "id": 10,
      "model": "싱클레어",
      "content": "就连那笑容也与同龄人不同。那是一张成熟却又寂寞的陌生笑脸。"
    },
    {
      "id": 11,
      "model": "싱클레어",
      "content": "接着，他沐浴在阳光下，静静地向上捋了捋头发。"
    },
    {
      "id": 12,
      "model": "싱클레어",
      "content": "哎？"
    },
    {
      "id": 13,
      "model": "싱클레어",
      "content": "一瞬间，他的额头上似乎闪现出一道不可思议的红光。"
    },
    {
      "id": 14,
      "model": "싱클레어",
      "content": "是我看错了吗？也许只是那一刻的阳光太过刺眼了而已。"
    },
    {
      "id": 15,
      "model": "싱클레어",
      "content": "就在这时。"
    },
    {
      "id": 16,
      "model": "싱클레어",
      "content": "我好像对上了他的目光。"
    },
    {
      "id": 17,
      "model": "학생데미안",
      "teller": "德米安",
      "title": "不可思议的转校生",
      "content": "……"
    },
    {
      "id": 18,
      "model": "싱클레어",
      "content": "窗外依旧传来孩子们的交谈声，"
    },
    {
      "id": 19,
      "model": "싱클레어",
      "content": "我一感受到他的视线，便慌忙地将目光垂到了桌子底下。"
    },
    {
      "id": 20,
      "model": "싱클레어",
      "content": "自这次奇妙的事件之后，德米安就会经常亲密地向我搭话了。"
    },
    {
      "id": 21,
      "model": "싱클레어",
      "content": "奇怪的是，在德米安找我的日子里，克罗默就不会对我摆出亲切的样子。"
    },
    {
      "id": 22,
      "model": "싱클레어",
      "content": "但只要有机会，她就会靠近我，反复确认我有没有忘掉约定。"
    },
    {
      "id": 23,
      "place": "教室",
      "model": "학생데미안",
      "teller": "德米安",
      "title": "不可思议的转校生",
      "content": "我时常会做梦，辛克莱。"
    },
    {
      "id": 24,
      "model": "학생데미안",
      "teller": "德米安",
      "title": "不可思议的转校生",
      "content": "在梦中，我登上了一架很高很高的梯子。在上面，整片大地都一览无余。从巢到后巷，再到郊区，全都能看见。"
    },
    {
      "id": 25,
      "model": "학생데미안",
      "teller": "德米安",
      "title": "不可思议的转校生",
      "content": "接着我低头俯瞰，这次都市中的所有灯火全都熄灭了。仿佛即将迎来一切的终焉。"
    },
    {
      "id": 26,
      "model": "학생데미안",
      "teller": "德米安",
      "title": "不可思议的转校生",
      "content": "没有任何动作，只有寂静的死亡。"
    },
    {
      "id": 27,
      "model": "학생데미안",
      "teller": "德米安",
      "title": "不可思议的转校生",
      "content": "没错，那便是死亡本身。"
    },
    {
      "id": 28,
      "model": "싱클레어",
      "content": "德米安，你去过郊区吗？"
    },
    {
      "id": 29,
      "model": "싱클레어",
      "content": "我在恐惧中低声询问道。"
    },
    {
      "id": 30,
      "model": "싱클레어",
      "content": "因为郊区是个谁也不能前去，也无法前去的地方。"
    },
    {
      "id": 31,
      "model": "학생데미안",
      "teller": "德米安",
      "title": "不可思议的转校生",
      "content": "辛克莱，世界并不像人们所决定的那样，划分为该去和不该去的地方。"
    },
    {
      "id": 32,
      "model": "학생데미안",
      "teller": "德米安",
      "title": "不可思议的转校生",
      "content": "你觉得这座巢中存在着自由与爱吗？郊区反而比这里要更加丰富。"
    },
    {
      "id": 33,
      "model": "학생데미안",
      "teller": "德米安",
      "title": "不可思议的转校生",
      "content": "我有件从很久之前就一直在思考的事情，说不定我能在郊区找到答案。"
    },
    {
      "id": 34,
      "model": "싱클레어",
      "content": "在与德米安交流的时候，我感觉自己的灵魂都变得成熟了一些。"
    },
    {
      "id": 35,
      "model": "싱클레어",
      "content": "然而，无论是我对于义体改造手术的恐惧，还是我与克罗默的奇妙关系，我都从未与他提起过。"
    },
    {
      "id": 36,
      "model": "싱클레어",
      "content": "尽管他似乎在意着我身上的许多事情，但我不敢与他分享。"
    },
    {
      "id": 37,
      "model": "싱클레어",
      "content": "我实在羞于暴露出自己心中潜藏的那份恐惧。"
    },
    {
      "id": 38,
      "model": "싱클레어",
      "content": "就这样，终于……"
    },
    {
      "id": 39,
      "model": "싱클레어",
      "content": "与克罗默约定的那天到了。"
    },
    {
      "id": 40,
      "model": "학생크로머",
      "teller": "克罗默",
      "title": "学生",
      "content": "辛克莱，能带我去你家的地下室吗？"
    },
    {
      "id": 41,
      "model": "싱클레어",
      "content": "她的话语是那般突然，听起来却又像飘落的羽毛一般轻描淡写。"
    },
    {
      "id": 42,
      "model": "싱클레어",
      "content": "她的请求就像在拜托我捡起掉在地上的橡皮擦那般理所当然，我必须得设法阻止自己就这么不假思索地答应她。"
    },
    {
      "id": 43,
      "model": "싱클레어",
      "content": "为、为什么要去我家的地下室？"
    },
    {
      "id": 44,
      "model": "학생크로머",
      "teller": "克罗默",
      "title": "学生",
      "content": "如果我偶然听到的传闻没错，那里肯定连接着一个很厉害的地方。我有些必须要去确认的东西。"
    },
    {
      "id": 45,
      "model": "싱클레어",
      "content": "但是我的父母……"
    },
    {
      "id": 46,
      "model": "싱클레어",
      "content": "应该会不太高兴……这种话连说出来我都觉得羞耻不已，因此无论如何都说不出口。"
    },
    {
      "id": 47,
      "model": "학생크로머",
      "teller": "克罗默",
      "title": "学生",
      "content": "只要我能够确认清楚，辛克莱。"
    },
    {
      "id": 48,
      "model": "학생크로머",
      "teller": "克罗默",
      "title": "学生",
      "content": "我向你保证，一定会遵守我们之前的约定。"
    },
    {
      "id": 49,
      "model": "학생크로머",
      "teller": "克罗默",
      "title": "学生",
      "content": "只要你偷偷拿来地下室的钥匙，我就可以带路……"
    },
    {
      "id": 50,
      "model": "싱클레어",
      "content": "我没能注意到她的话中暗含着某种既视感，便缓缓点了点头……"
    },
    {
      "id": 51,
      "model": "싱클레어",
      "content": "于是，邪恶的世界，自我家的正中心诞生了。"
    }
  ]
}