{
  "dataList": [
    {
      "id": 0,
      "place": "无边无际的尸山",
      "model": "싱클레어",
      "content": "德……德米安……"
    },
    {
      "id": 1,
      "model": "데미안",
      "teller": "德米安",
      "title": "？？？",
      "content": "你改变了自己的命运呢，辛克莱。"
    },
    {
      "id": 2,
      "model": "데미안",
      "teller": "德米安",
      "title": "？？？",
      "content": "你虽然不是胆小鬼了，却也并非英雄。似乎也未能完全抛下恐惧。"
    },
    {
      "id": 3,
      "model": "데미안",
      "teller": "德米安",
      "title": "？？？",
      "content": "那时我说过了吧？畏惧某人，也就是……"
    },
    {
      "id": 4,
      "model": "싱클레어",
      "content": "将足以支配自己的力量……向那人拱手相让……"
    },
    {
      "id": 5,
      "model": "데미안",
      "teller": "德米安",
      "title": "？？？",
      "content": "没错。还有，我……讨厌你被别人驯化。"
    },
    {
      "id": 6,
      "model": "데미안",
      "teller": "德米安",
      "title": "？？？",
      "content": "所以我让那个克罗默消失了。"
    },
    {
      "id": 7,
      "content": "名为德米安之人很快开始向前走去。就如同轻松地踏上旅途一般。"
    },
    {
      "id": 8,
      "model": "데미안",
      "teller": "德米安",
      "title": "？？？",
      "content": "世界很快将迎来新生，而只有极少数人才能前往那里。"
    },
    {
      "id": 9,
      "model": "데미안",
      "teller": "德米安",
      "title": "？？？",
      "content": "辛克莱，你也是其中之一。"
    },
    {
      "id": 10,
      "content": "辛克莱没能回答就失去了意识……"
    },
    {
      "id": 11,
      "content": "自称为德米安之人缓缓向我走来。"
    },
    {
      "id": 12,
      "model": "데미안",
      "teller": "德米安",
      "title": "？？？",
      "content": "克罗默……曾试图成为人们于很久以前所信仰的神明。辛克莱差点成了她的养分。"
    },
    {
      "id": 13,
      "model": "데미안",
      "teller": "德米安",
      "title": "？？？",
      "content": "但他必须独自破壳而出。"
    },
    {
      "id": 14,
      "model": "데미안",
      "teller": "德米安",
      "title": "？？？",
      "content": "克罗默可是相当努力了。她千方百计创造出了和辛克莱第一次失去硬币时相同的情况。"
    },
    {
      "id": 15,
      "model": "데미안",
      "teller": "德米安",
      "title": "？？？",
      "content": "虽然离圣诞节还有很久……"
    },
    {
      "id": 16,
      "model": "데미안",
      "teller": "德米安",
      "title": "？？？",
      "content": "但她最后却做出了自己极其厌恶的“假货”，真是讽刺啊。对吧？"
    },
    {
      "id": 17,
      "model": "단테",
      "content": "<你在说些什么？你是谁？>"
    },
    {
      "id": 18,
      "model": "데미안",
      "teller": "德米安",
      "title": "？？？",
      "content": "很高兴见到你，但丁。"
    },
    {
      "id": 19,
      "model": "데미안",
      "teller": "德米安",
      "title": "？？？",
      "content": "你是位能暂时驯服辛克莱的大人呢。"
    },
    {
      "id": 20,
      "model": "데미안",
      "teller": "德米安",
      "title": "？？？",
      "content": "至于我是谁……以及。"
    },
    {
      "id": 21,
      "model": "데미안",
      "teller": "德米安",
      "title": "？？？",
      "content": "我在说些什么，时机成熟后你自然就会知晓。"
    },
    {
      "id": 22,
      "model": "단테",
      "content": "<……？！>"
    },
    {
      "id": 23,
      "model": "데미안",
      "teller": "德米安",
      "title": "？？？",
      "content": "当辛克莱坚信内心的力量振翅而起之时……"
    },
    {
      "id": 24,
      "model": "데미안",
      "teller": "德米安",
      "title": "？？？",
      "content": "嗯。即是他成为耀眼繁星合二为一之日。"
    },
    {
      "id": 25,
      "model": "데미안",
      "teller": "德米安",
      "title": "？？？",
      "content": "……到那时我还会再回来的。"
    },
    {
      "id": 26,
      "model": "데미안",
      "teller": "德米安",
      "title": "？？？",
      "content": "在那之前辛克莱就拜托你了，但丁。"
    },
    {
      "id": 27,
      "model": "단테",
      "content": "<你……能听懂我的话吗？>"
    },
    {
      "id": 28,
      "model": "데미안",
      "teller": "德米安",
      "title": "？？？",
      "content": "我能听见所有窸窣的响动，但丁。当然也包括你的声音。"
    },
    {
      "id": 29,
      "model": "데미안",
      "teller": "德米安",
      "title": "？？？",
      "content": "一如既往……"
    },
    {
      "id": 30,
      "model": "데미안",
      "teller": "德米安",
      "title": "？？？",
      "content": "最为重要的东西，是用眼睛看不见，也用耳朵听不到的。"
    },
    {
      "id": 31,
      "content": "围着蓝色围巾的少年不知何时已经消失不见……"
    },
    {
      "id": 32,
      "content": "尸山逐渐融解崩坏。"
    },
    {
      "id": 33,
      "content": "泥与肉混杂着崩落。"
    },
    {
      "id": 34,
      "content": "在那前方，出现了一根闪耀着温暖光芒的金枝。"
    },
    {
      "id": 35,
      "content": "辛克莱的世界也渐渐融解了。"
    },
    {
      "id": 36,
      "content": "我艰难地拖着只剩上半身的身体爬向辛克莱。"
    },
    {
      "id": 37,
      "model": "싱클레어",
      "content": "……"
    },
    {
      "id": 38,
      "content": "他还有呼吸。"
    },
    {
      "id": 39,
      "content": "我也一样。多亏如此，我才似乎能转动时钟的指针。"
    },
    {
      "id": 40,
      "content": "既然如此，要我放弃经理的职位还为时过早。"
    },
    {
      "id": 41,
      "content": "临死之际我明白了……"
    },
    {
      "id": 42,
      "content": "我必须努力成为一个明智的经理才行。"
    },
    {
      "id": 43,
      "content": "因此，我该说的是……"
    },
    {
      "id": 44,
      "model": "단테",
      "content": "<这也许是你的错，辛克莱。>"
    },
    {
      "id": 45,
      "model": "단테",
      "content": "<但那又如何……不过是个谁都会犯的，小错而已。>"
    },
    {
      "id": 46,
      "model": "단테",
      "content": "<不要因此作茧自缚。>"
    },
    {
      "id": 47,
      "content": "我用半融化的右臂咚咚地拍了拍他的背。"
    },
    {
      "id": 48,
      "content": "辛克莱没有回应。"
    },
    {
      "id": 49,
      "content": "如果要追究所有的失误的话，那可就没完没了了。"
    },
    {
      "id": 50,
      "content": "我们每个人都背负着各自的罪孽，带着决心登上了这辆巴士。"
    },
    {
      "id": 51,
      "content": "我失去了头和记忆，却仍然担任着经理的这件事也一样。"
    },
    {
      "id": 52,
      "content": "……归根结底，原因也有可能在于我自己。"
    },
    {
      "id": 53,
      "content": "但如果被那事实埋没的话，就再也无法迈出下一步。"
    },
    {
      "id": 54,
      "teller": "？？？",
      "title": "？？？",
      "content": "……我们找到了！"
    },
    {
      "id": 55,
      "content": "在大家凄惨地分散一地时，我听到了几个人的脚步声。"
    },
    {
      "id": 56,
      "content": "……应该是维吉里乌斯了解到情况，呼叫了收尾部队吧。"
    },
    {
      "id": 57,
      "teller": "？？？",
      "title": "LCCA",
      "content": "好像是这个人。要现在注射吗？"
    },
    {
      "id": 58,
      "teller": "？？？",
      "title": "LCCA",
      "content": "只要这个人活着，其他人貌似就都能复活。全都用来修复他的身体。"
    },
    {
      "id": 59,
      "model": "단테",
      "content": "<呜……？！>"
    },
    {
      "id": 60,
      "content": "我感到肩膀似乎被什么东西扎了一下，不久后，从我融化的身体部位传来奇怪的感觉。"
    },
    {
      "id": 61,
      "teller": "？？？",
      "title": "LCCA",
      "content": "那边提供的HP安瓿有三个。要全部注射吗？"
    },
    {
      "id": 62,
      "teller": "？？？",
      "title": "LCCA",
      "content": "先观察再生结果，有必要时再使用。"
    },
    {
      "id": 63,
      "teller": "？？？",
      "title": "LCCA",
      "content": "巴士上的混蛋们……能见到特色真是三生有幸啊。那位和K公司也有关系……"
    },
    {
      "id": 64,
      "teller": "？？？",
      "title": "LCCA",
      "content": "……行……确认。追……"
    },
    {
      "id": 65,
      "content": "围在我周围的人声渐渐远去。"
    },
    {
      "id": 66,
      "content": "辛克莱混杂着惨叫的哭声低沉而又安静地回响着。"
    },
    {
      "id": 67,
      "content": "于是，我们的第三次作战在阴郁的氛围中落下了帷幕。"
    },
    {
      "id": 68
    },
    {
      "id": 69,
      "place": "梅菲斯托费勒斯 内部",
      "content": "虽然夺回了金枝，但我们输了。"
    },
    {
      "id": 70,
      "content": "可大家都像故意忽视了一样，巴士里反而比以往更有活力。"
    },
    {
      "id": 71,
      "model": "베르길리우스",
      "content": "鸡肉串是按着人数买的。数量要是对不上的话就自己去找犯人是谁吧。"
    },
    {
      "id": 72,
      "model": "홍루",
      "content": "哇，真是奇特的形状呢。为什么要把鸡肉串起来呢？"
    },
    {
      "id": 73,
      "model": "이상",
      "content": "我忆起在曾经的住处……似乎也见过这种食物。"
    },
    {
      "id": 74,
      "model": "카론",
      "content": "甜甜的味道。梅菲喜欢的味道。"
    },
    {
      "id": 75,
      "content": "卡戎似乎相当高兴，提高了车速。"
    },
    {
      "id": 76,
      "content": "卡戎又唱起了熟悉的歌。我这次好像能明白是什么曲子了。"
    },
    {
      "id": 77,
      "model": "그레고르",
      "content": "卡戎，离圣诞节还有很久吧？"
    },
    {
      "id": 78,
      "model": "카론",
      "content": "别扫卡戎的兴，虫男。"
    },
    {
      "id": 79,
      "model": "카론",
      "content": "卡戎觉得现在像是圣诞节，那就是。"
    },
    {
      "id": 80,
      "model": "그레고르",
      "content": "但……不是，我一直都喊你卡戎的吧！"
    },
    {
      "id": 81,
      "model": "로쟈",
      "content": "那，既然如此，格雷格也可以喊她司机小妹吧~怎么你老是被欺负呢？"
    },
    {
      "id": 82,
      "model": "그레고르",
      "content": "呃……"
    },
    {
      "id": 83,
      "model": "베르길리우스",
      "content": "……"
    },
    {
      "id": 84,
      "content": "维吉里乌斯没吃难得买来的鸡肉串，而是就这样守望着这幅场景。"
    },
    {
      "id": 85,
      "content": "大概是卡戎的歌又让他平静下来了吧。"
    },
    {
      "id": 86,
      "content": "我突然想起了他的话，“卡戎正在穿过隧道”。"
    },
    {
      "id": 87,
      "content": "于是我，"
    },
    {
      "id": 88,
      "content": "注视着和其他罪人们呆在一起，勉强地笑着的辛克莱。"
    },
    {
      "id": 89,
      "model": "단테",
      "content": "<既然要穿过很长的隧道……>"
    },
    {
      "id": 90,
      "model": "단테",
      "content": "<那等早上再出发不也行吗？>"
    },
    {
      "id": 91,
      "model": "베르길리우스",
      "content": "……"
    },
    {
      "id": 92,
      "model": "로쟈",
      "content": "啊哈哈哈！你在说什么呢，但丁？尽说些奇怪的话。来！但丁也尝尝鸡肉串~啊~"
    },
    {
      "id": 93,
      "model": "뫼르소",
      "content": "经理没有嘴部。"
    },
    {
      "id": 94,
      "model": "오티스",
      "content": "经理是即使一言不发也能控制住局面的奇才，因此无须用嘴。请牢记这点。"
    },
    {
      "id": 95,
      "model": "이스마엘",
      "content": "不是……你这么滔滔不绝地拍马屁难道不累吗，奥提斯？"
    },
    {
      "id": 96,
      "model": "히스클리프",
      "content": "喂！……这玩意儿还有吗？怪好吃的。"
    },
    {
      "id": 97,
      "model": "료슈",
      "content": "喂，虫·男。给我打火机。"
    },
    {
      "id": 98,
      "model": "그레고르",
      "content": "……你以为省略了我就不知道了吗？"
    },
    {
      "id": 99,
      "content": "关于这次既成功也失败的作战，我也有想过和罪人们诉说这份微妙的心情……"
    },
    {
      "id": 100,
      "content": "但很快便放弃了。"
    },
    {
      "id": 101,
      "content": "我想起自己对辛克莱说过的话，不要因现在的失败作茧自缚。"
    },
    {
      "id": 102,
      "content": "我只是下定了决心，要在下次作战中挽回。"
    },
    {
      "id": 103,
      "model": "돈키호테",
      "content": "那个……猩红，不对。维吉里乌斯先生。"
    },
    {
      "id": 104,
      "model": "베르길리우스",
      "content": "怎么。"
    },
    {
      "id": 105,
      "model": "돈키호테",
      "content": "吾觉得自己严格遵守规章行动了……"
    },
    {
      "id": 106,
      "model": "돈키호테",
      "content": "所以……呃，吾也可以吃一串鸡肉吧？"
    },
    {
      "id": 107,
      "model": "베르길리우스",
      "content": "……随便你。"
    },
    {
      "id": 108,
      "content": "热闹的巴士随着堂吉诃德的欢呼声更为迅速地奔驰着……"
    },
    {
      "id": 109,
      "content": "虽然话语未能传达，但它们又肯定以某种方式传达到了，而在我们之中传播着。"
    },
    {
      "id": 110,
      "content": "……于是朝阳升起。"
    },
    {
      "id": 111
    }
  ]
}