{
  "dataList": [
    {
      "id": 0,
      "model": "싱클레어",
      "content": "那天是圣诞节，镇上充斥着钟声与喜悦。"
    },
    {
      "id": 1,
      "model": "싱클레어",
      "content": "在圣夜的祝福下，我本打算回去向家人们坦白自己的行为。"
    },
    {
      "id": 2,
      "model": "싱클레어",
      "content": "尽管我犯下了偷取地下室的钥匙这种愚蠢的错误，但我还是想重新做回他们的模范儿子。"
    },
    {
      "id": 3,
      "model": "싱클레어",
      "content": "在那期间，我备受煎熬，并恐惧不已。我切实领悟到了自己所在的世界究竟是多么地和平，多么地令人满足。"
    },
    {
      "id": 4,
      "model": "싱클레어",
      "content": "这样一来，虽然家人们应该最开始会有些吃惊，但肯定很快就会欢迎我回到那个乐园的吧。"
    },
    {
      "id": 5,
      "model": "싱클레어",
      "content": "肯定，是这样的吧。"
    },
    {
      "id": 6,
      "model": "싱클레어",
      "content": "但是。"
    },
    {
      "id": 7,
      "model": "싱클레어",
      "content": "嗯……？"
    },
    {
      "id": 8,
      "model": "싱클레어",
      "content": "平日里，我一站到正门前就能听见迎接我的机器狗的叫声，但如今，家只是被寂静的夜色包裹着。"
    },
    {
      "id": 9,
      "model": "싱클레어",
      "content": "而后我所面对的，是一个已然灭亡的乐园。"
    },
    {
      "id": 10,
      "teller": "姐姐",
      "title": "我的家人",
      "content": "辛克莱……快……逃……"
    },
    {
      "id": 11,
      "teller": "父亲",
      "title": "我的家人",
      "content": "辛……辛克……辛、辛、辛辛辛……"
    },
    {
      "id": 12,
      "model": "싱클레어",
      "content": "有人砸碎了父亲的头。"
    },
    {
      "id": 13,
      "model": "싱클레어",
      "content": "是个身着生锈的银色盔甲的怪异人物。"
    },
    {
      "id": 14,
      "teller": "？？？",
      "title": "记忆中的那人",
      "content": "非人之物居然会因为仰慕人性而滥发虚假的感情。"
    },
    {
      "id": 15,
      "model": "학생크로머",
      "teller": "克罗默",
      "title": "学生？",
      "content": "别管了，圭多。那是不纯之物特有的生存本能在作祟。"
    },
    {
      "id": 16,
      "model": "학생크로머",
      "teller": "克罗默",
      "title": "学生？",
      "content": "不……应该说只是害怕被关机吧。哈哈！"
    },
    {
      "id": 17,
      "model": "싱클레어",
      "content": "机械的碎片、血和肉，飞溅到空中，而后散落到地上。"
    },
    {
      "id": 18,
      "model": "학생크로머",
      "teller": "克罗默",
      "title": "学生？",
      "content": "辛克莱！你来了呀！！！"
    },
    {
      "id": 19,
      "model": "싱클레어",
      "content": "啊……啊……"
    },
    {
      "id": 20,
      "model": "싱클레어",
      "content": "克罗默拿着一把沾满血肉的锤子靠了过来。"
    },
    {
      "id": 21,
      "model": "학생크로머",
      "teller": "克罗默",
      "title": "学生？",
      "content": "啊，这个啊？"
    },
    {
      "id": 22,
      "model": "학생크로머",
      "teller": "克罗默",
      "title": "学生？",
      "content": "我啊，从以前开始，就无法忍受和那些肮脏的家伙有任何的牵连。"
    },
    {
      "id": 23,
      "model": "학생크로머",
      "teller": "克罗默",
      "title": "学生？",
      "content": "毕竟我是爱着人类的博爱主义者啊！"
    },
    {
      "id": 24,
      "model": "학생크로머",
      "teller": "克罗默",
      "title": "学生？",
      "content": "但如果连那些不净的家伙们的孩子也是这样的话……"
    },
    {
      "id": 25,
      "model": "학생크로머",
      "teller": "克罗默",
      "title": "学生？",
      "content": "我该怎么处置你呢，辛克莱？嗯？"
    },
    {
      "id": 26,
      "model": "싱클레어",
      "content": "我的腿已经脱力了。"
    },
    {
      "id": 27,
      "model": "싱클레어",
      "content": "嘴也是。感觉全身上下都不听使唤。"
    },
    {
      "id": 28,
      "model": "싱클레어",
      "content": "克罗默的脚就在我的眼前。但我却无论如何也抬不起头。直到她离我如此之近，我才终于害怕起来，紧紧地闭上了双眼。"
    },
    {
      "id": 29,
      "model": "싱클레어",
      "content": "一想到那个沾有父母和姐姐的肉片的铁锤即将向我砸来，我就无法抑制住内心的恐惧。"
    },
    {
      "id": 30,
      "model": "싱클레어",
      "content": "……"
    },
    {
      "id": 31,
      "model": "싱클레어",
      "content": "然而，完全没有要发生什么的迹象。"
    },
    {
      "id": 32,
      "model": "싱클레어",
      "content": "感到不可思议的我，战战兢兢地睁开眼、抬起头来。"
    },
    {
      "id": 33,
      "model": "싱클레어",
      "content": "克罗默正盯着我。"
    },
    {
      "id": 34,
      "model": "싱클레어",
      "content": "她露出了一个完美的笑容，就像曾几何时，我坐在课桌前，她告诉我她的名字并搭话的时候一样。"
    },
    {
      "id": 35,
      "model": "학생크로머",
      "teller": "克罗默",
      "title": "学生？",
      "content": "但你是我的英雄呢，辛克莱。"
    },
    {
      "id": 36,
      "model": "싱클레어",
      "content": "接着，她伸手从我的校服衬衫口袋中取出了一枚硬币。"
    },
    {
      "id": 37,
      "model": "싱클레어",
      "content": "是我拿着的两枚硬币中的一枚。"
    },
    {
      "id": 38,
      "model": "학생크로머",
      "teller": "克罗默",
      "title": "学生？",
      "content": "从今往后……你将怀疑一切，担忧一切……一边不断地想起我，一边怀揣着恐惧就这么活下去吧。"
    },
    {
      "id": 39,
      "model": "싱클레어",
      "content": "呜……呜呜……"
    },
    {
      "id": 40,
      "model": "학생크로머",
      "teller": "克罗默",
      "title": "学生？",
      "content": "然后，等时机到了……我就会呼唤你的。"
    },
    {
      "id": 41,
      "model": "학생크로머",
      "teller": "克罗默",
      "title": "学生？",
      "content": "喂！把这孩子带到安全的地方去！要是谁对他出手，我绝不饶恕。"
    },
    {
      "id": 42,
      "model": "싱클레어",
      "content": "在不断袭来的耳鸣声，靴子声，以及眩晕感中……"
    },
    {
      "id": 43,
      "model": "싱클레어",
      "content": "我就这样失去了意识。"
    }
  ]
}