{
  "dataList": [
    {
      "id": 0,
      "model": "학생데미안",
      "teller": "德米安",
      "title": "不可思议的转校生",
      "content": "你最后还是把钥匙交给克罗默了。"
    },
    {
      "id": 1,
      "model": "싱클레어",
      "content": "你为什么会知道？"
    },
    {
      "id": 2,
      "model": "싱클레어",
      "content": "德米安好像有着知晓一切的能力，哪怕那些是没能说出口的事情。"
    },
    {
      "id": 3,
      "model": "싱클레어",
      "content": "有一天，当我问起他有关这项能力的事情时，他只是说“如果你仔细观察人类的话就能明白”，没有再多说什么。"
    },
    {
      "id": 4,
      "model": "학생데미안",
      "teller": "德米安",
      "title": "不可思议的转校生",
      "content": "辛克莱，今后你可能会接连遇到比如今更为艰难与痛苦的事情。"
    },
    {
      "id": 5,
      "model": "학생데미안",
      "teller": "德米安",
      "title": "不可思议的转校生",
      "content": "但你绝不可以放弃。"
    },
    {
      "id": 6,
      "model": "학생데미안",
      "teller": "德米安",
      "title": "不可思议的转校生",
      "content": "因为那份苦痛会让你成长得更加美丽。"
    },
    {
      "id": 7,
      "model": "싱클레어",
      "content": "无论是多么晦涩的话语，只要从德米安的口中说出来，都会变得令人信服，他就是有着如此不可思议的能力。"
    },
    {
      "id": 8,
      "model": "싱클레어",
      "content": "听到他的话，我便觉得自己一定会有所成长。觉得自己能够成为一个有价值的人。"
    },
    {
      "id": 9,
      "model": "싱클레어",
      "content": "唔……但我还是不太明白啊，德米安。"
    },
    {
      "id": 10,
      "model": "학생데미안",
      "teller": "德米安",
      "title": "不可思议的转校生",
      "content": "这就需要你自己去领悟了。做到之后，就来告诉我答案吧。"
    },
    {
      "id": 11,
      "model": "싱클레어",
      "content": "他的语气明明如此温柔，眼神中也带着笑意，但不知为何，我却觉得自己必须这样做。"
    },
    {
      "id": 12,
      "model": "싱클레어",
      "content": "那双眼睛一定有着特殊的力量。"
    },
    {
      "id": 13,
      "model": "싱클레어",
      "content": "只要对上视线，就会失去精神力的特殊之力。"
    },
    {
      "id": 15,
      "model": "싱클레어",
      "content": "但是……"
    },
    {
      "id": 16,
      "model": "싱클레어",
      "content": "既然如此，为什么他完全没有提到过这件事呢。"
    },
    {
      "id": 17,
      "model": "싱클레어",
      "content": "我至今仍十分在意。"
    }
  ]
}