{
  "dataList": [
    {
      "id": 0,
      "model": "싱클레어",
      "content": "我在背着父母悄悄偷走了地下室的钥匙之后，就像约好的那样，我与克罗默汇合，将她带到了地下室。"
    },
    {
      "id": 1,
      "model": "싱클레어",
      "content": "克罗默领着我走向地下室的一条狭窄通风管道。"
    },
    {
      "id": 2,
      "model": "싱클레어",
      "content": "我们顺着通风管道向前爬行，阴湿发霉的气味愈发强烈，耳边传来了老鼠窜来窜去的声音。"
    },
    {
      "id": 3,
      "model": "싱클레어",
      "content": "衣服变得越来越脏，喉咙变得越来越渴，我想要回家的欲望也变得越来越强烈。"
    },
    {
      "id": 4,
      "model": "싱클레어",
      "content": "就在那时，我才注意到周围充斥着一股与之前不同的气味。"
    },
    {
      "id": 5,
      "model": "학생크로머",
      "teller": "克罗默",
      "title": "学生",
      "content": "你也感觉到了吧？"
    },
    {
      "id": 6,
      "model": "싱클레어",
      "content": "我听见克罗默低语道。"
    },
    {
      "id": 7,
      "model": "학생크로머",
      "teller": "克罗默",
      "title": "学生",
      "content": "前面肯定有什么东西……！"
    },
    {
      "id": 8,
      "model": "싱클레어",
      "content": "如果说还有反悔的最终时机的话，恐怕就是在那一刻了。"
    },
    {
      "id": 9,
      "model": "싱클레어",
      "content": "也许我当时就该劝住她，用尽各种甜言蜜语来说服她，约定下次见面为好。"
    },
    {
      "id": 10,
      "model": "싱클레어",
      "content": "哪怕我知道那些甜言蜜语对她不起作用。"
    },
    {
      "id": 11,
      "model": "싱클레어",
      "content": "但我突然涌起了一股邪恶的好奇。"
    },
    {
      "id": 12,
      "model": "싱클레어",
      "content": "我感觉自己好像第一次与恶人们行走于同一个世界。"
    },
    {
      "id": 13,
      "model": "싱클레어",
      "content": "为什么呢。"
    },
    {
      "id": 14,
      "model": "싱클레어",
      "content": "我会打消折返的念头。"
    },
    {
      "id": 15,
      "model": "싱클레어",
      "content": "尽管我模糊而又确切地知道那是我最后的机会。"
    },
    {
      "id": 16,
      "model": "싱클레어",
      "content": "啊，那副光景恐怖到我绝对无法再看第二次。"
    },
    {
      "id": 17,
      "model": "싱클레어",
      "content": "我能仅仅用怪物来描述它们吗？"
    },
    {
      "id": 18,
      "model": "싱클레어",
      "content": "它们看起来似乎有着智慧，但若将其称为人类，却好像也大错特错。"
    },
    {
      "id": 19,
      "model": "싱클레어",
      "content": "呜……呜啊……"
    },
    {
      "id": 20,
      "model": "싱클레어",
      "content": "在恐惧中挣扎的同时，我开始为踏入这个世界而后悔不已。"
    },
    {
      "id": 21,
      "model": "싱클레어",
      "content": "为什么我会做出一脚踢开机会后，又希望机会再度来临的矛盾事情呢。"
    },
    {
      "id": 22,
      "model": "싱클레어",
      "content": "伴随着这种悔恨，我确信自己至死都不会忘记这样的场面。"
    },
    {
      "id": 23,
      "model": "싱클레어",
      "content": "克……罗默……我……必须得回去……"
    },
    {
      "id": 24,
      "model": "싱클레어",
      "content": "但克罗默与我不同。"
    },
    {
      "id": 25,
      "model": "싱클레어",
      "content": "她显得十分恍惚，就像在面对人生中最为美妙的事物一样，沉迷于凝视那风景。"
    },
    {
      "id": 26,
      "model": "학생크로머",
      "teller": "克罗默",
      "title": "学生",
      "content": "……"
    },
    {
      "id": 27,
      "model": "싱클레어",
      "content": "我抛下仿佛什么都听不到的克罗默，向后方爬去。"
    },
    {
      "id": 28,
      "model": "싱클레어",
      "content": "为什么我家的地下室，会连接着那么恐怖的地方呢。"
    },
    {
      "id": 29,
      "model": "싱클레어",
      "content": "为什么克罗默会知道这些事情呢。"
    },
    {
      "id": 30,
      "model": "싱클레어",
      "content": "为什么克罗默并不害怕呢。"
    },
    {
      "id": 31,
      "model": "싱클레어",
      "content": "我听到了后方随风而来的，克罗默那恐怖的口哨声。"
    },
    {
      "id": 32,
      "model": "싱클레어",
      "content": "第二天，克罗默若无其事地来到了学校。"
    },
    {
      "id": 33,
      "model": "학생크로머",
      "teller": "克罗默",
      "title": "学生",
      "content": "辛克莱，非常感谢你让我见到了如此珍贵的东西。"
    },
    {
      "id": 34,
      "model": "학생크로머",
      "teller": "克罗默",
      "title": "学生",
      "content": "这是我的谢礼。"
    },
    {
      "id": 35,
      "model": "싱클레어",
      "content": "她便往我的手中塞了两枚来历不明的硬币。"
    },
    {
      "id": 36,
      "model": "학생크로머",
      "teller": "克罗默",
      "title": "学生",
      "content": "务必要一直带着它们。知道了吗？"
    },
    {
      "id": 37,
      "model": "싱클레어",
      "content": "而我只能点点头。"
    },
    {
      "id": 38,
      "model": "싱클레어",
      "content": "那之后的每一晚，通风管道那头的光景就像噩梦一般萦绕在我的心头。"
    },
    {
      "id": 39,
      "model": "싱클레어",
      "content": "我自然开始避开克罗默。"
    },
    {
      "id": 40,
      "model": "싱클레어",
      "content": "仅仅是看着她，我就能想象到自己被恐惧与既视感所吞没而瑟瑟发抖的样子。"
    },
    {
      "id": 41,
      "model": "싱클레어",
      "content": "但是，我还有要从克罗默那里拿回来的东西。"
    },
    {
      "id": 42,
      "model": "싱클레어",
      "content": "地下室的钥匙。"
    },
    {
      "id": 43,
      "model": "싱클레어",
      "content": "如果父母突然要整理钥匙，这件事马上就会败露。"
    },
    {
      "id": 44,
      "model": "싱클레어",
      "content": "我第一次背叛了身处于温暖世界的双亲……"
    },
    {
      "id": 45,
      "model": "싱클레어",
      "content": "清楚地知晓自己与他们已经不在同一个世界令人厌恶，一想到这个，我就害怕得发抖。"
    },
    {
      "id": 46,
      "model": "싱클레어",
      "content": "克罗默……是不是该还给我了？"
    },
    {
      "id": 47,
      "model": "학생크로머",
      "teller": "克罗默",
      "title": "学生",
      "content": "还什么？"
    },
    {
      "id": 48,
      "model": "싱클레어",
      "content": "地下室的……钥匙……"
    },
    {
      "id": 49,
      "model": "학생크로머",
      "teller": "克罗默",
      "title": "学生",
      "content": "……噗。"
    },
    {
      "id": 50,
      "model": "싱클레어",
      "content": "我鼓起勇气的那一天。"
    },
    {
      "id": 51,
      "model": "싱클레어",
      "content": "克罗默像是听到了意料之外的事情般大笑了起来。我惊恐地慢慢向后退去。"
    },
    {
      "id": 52,
      "model": "학생크로머",
      "teller": "克罗默",
      "title": "学生",
      "content": "啊哈哈哈！！！那么战战兢兢地，我还以为你要说什么呢……"
    },
    {
      "id": 53,
      "model": "학생크로머",
      "teller": "克罗默",
      "title": "学生",
      "content": "好吧，还给你。辛克莱，因为我们已经不需要这个钥匙了。"
    },
    {
      "id": 54,
      "model": "학생크로머",
      "teller": "克罗默",
      "title": "学生",
      "content": "还有……"
    },
    {
      "id": 55,
      "model": "학생크로머",
      "teller": "克罗默",
      "title": "学生",
      "content": "你的愿望一定会实现的，辛克莱，你不想接受义体手术吧。"
    },
    {
      "id": 56,
      "model": "학생크로머",
      "teller": "克罗默",
      "title": "学生",
      "content": "还记得约定吗？你满足了我的愿望。这就是谢礼。"
    },
    {
      "id": 57,
      "model": "싱클레어",
      "content": "我沉浸于取回钥匙的安心感之中，便没能正确地理解克罗默在说些什么。"
    },
    {
      "id": 58,
      "model": "싱클레어",
      "content": "即克罗默所说的“我们”究竟是她与何人。"
    },
    {
      "id": 59,
      "model": "싱클레어",
      "content": "即为什么她说已经不需要钥匙了，我的愿望又会以何种方式实现……我诅咒自己对这一切的无知。"
    },
    {
      "id": 60,
      "model": "싱클레어",
      "content": "我对什么也没有追问的，那愚蠢的自己……"
    },
    {
      "id": 61,
      "model": "싱클레어",
      "content": "寄以悔恨与诅咒。"
    }
  ]
}