{
  "dataList": [
    {
      "id": 0,
      "place": "无边无际的尸山",
      "content": "罪人们精疲力竭、遍体鳞伤，有几人甚至已经没有了气息。"
    },
    {
      "id": 1,
      "content": "但是克罗默依旧得意洋洋，伸出手在辛克莱的外套口袋中摸索着，仿佛在宣布死刑一般。"
    },
    {
      "id": 2,
      "model": "피묻은크로머",
      "teller": "克罗默",
      "title": "钉与锤",
      "content": "来吧，时机已到。辛克莱。"
    },
    {
      "id": 3,
      "model": "피묻은크로머",
      "teller": "克罗默",
      "title": "钉与锤",
      "content": "第二枚硬币……这最后的机会我就收回了。"
    },
    {
      "id": 4,
      "model": "싱클레어",
      "content": "为什么……你要对我做这种事……"
    },
    {
      "id": 5,
      "model": "싱클레어",
      "content": "为什么……偏偏是我……"
    },
    {
      "id": 6,
      "model": "피묻은크로머",
      "teller": "克罗默",
      "title": "钉与锤",
      "content": "辛克莱，知道为什么我老实地将地下室的钥匙还给你了吗？"
    },
    {
      "id": 7,
      "model": "피묻은크로머",
      "teller": "克罗默",
      "title": "钉与锤",
      "content": "那个啊。既不是因为我已经找到了这里，也不是因为我复制了钥匙。"
    },
    {
      "id": 8,
      "model": "피묻은크로머",
      "teller": "克罗默",
      "title": "钉与锤",
      "content": "而因为你就是我的钥匙啊。"
    },
    {
      "id": 9,
      "model": "피묻은크로머",
      "teller": "克罗默",
      "title": "钉与锤",
      "content": "我啊，可是知道某种能够窥视无穷可能的未来的方法。"
    },
    {
      "id": 10,
      "model": "피묻은크로머",
      "teller": "克罗默",
      "title": "钉与锤",
      "content": "在这之中，我看到了你与我一同穿行于各个巢中，将分散各处的异端全部一扫而空的未来。"
    },
    {
      "id": 11,
      "model": "피묻은크로머",
      "teller": "克罗默",
      "title": "钉与锤",
      "content": "尽管你成长在令人作呕的异端之躯的膝下……"
    },
    {
      "id": 12,
      "model": "피묻은크로머",
      "teller": "克罗默",
      "title": "钉与锤",
      "content": "但是你依然觉得他们恶心。不是很有意思吗？"
    },
    {
      "id": 13,
      "model": "피묻은크로머",
      "teller": "克罗默",
      "title": "钉与锤",
      "content": "你用那斧枪贯穿了异端的头颅！"
    },
    {
      "id": 14,
      "model": "싱클레어",
      "content": "别、别说谎了……"
    },
    {
      "id": 15,
      "model": "피묻은크로머",
      "teller": "克罗默",
      "title": "钉与锤",
      "content": "而我则愉悦地用锤子砸碎他们的脑袋！"
    },
    {
      "id": 16,
      "model": "싱클레어",
      "content": "闭嘴……！"
    },
    {
      "id": 17,
      "model": "피묻은크로머",
      "teller": "克罗默",
      "title": "钉与锤",
      "content": "啊哈哈……我所见的那个世界里的你，真的是世上最为自由而超然之人。"
    },
    {
      "id": 18,
      "model": "싱클레어",
      "content": "不对……"
    },
    {
      "id": 19,
      "model": "싱클레어",
      "content": "你说谎！！！"
    },
    {
      "id": 20,
      "model": "피묻은크로머",
      "teller": "克罗默",
      "title": "钉与锤",
      "content": "无论是不是谎言……"
    },
    {
      "id": 21,
      "model": "피묻은크로머",
      "teller": "克罗默",
      "title": "钉与锤",
      "content": "唔呼。"
    },
    {
      "id": 22,
      "content": "就在那时，克罗默发出了怪异的笑声，同时停止了动作。"
    },
    {
      "id": 23,
      "model": "단테",
      "content": "<金枝……！>"
    },
    {
      "id": 24,
      "content": "放置在祭坛上的金枝似乎与她的笑声共鸣了一般，光芒开始逐渐变强。"
    },
    {
      "id": 25,
      "content": "随后……"
    },
    {
      "id": 26,
      "model": "피묻은크로머",
      "teller": "克罗默",
      "title": "钉与锤",
      "content": "啊啊……！开始了……！终于，我最后的愿望得以实现的时刻到来了！"
    },
    {
      "id": 27,
      "content": "肉块将她的下半身包裹了起来。"
    },
    {
      "id": 28,
      "content": "无数恐怖而恶心的肉块，以及难以分辨是胳膊还是腿部的肢体不断增生出来。"
    },
    {
      "id": 29,
      "content": "宛如欲望与疯狂的集合体一般……"
    },
    {
      "id": 30,
      "model": "변신크로머",
      "teller": "克罗默",
      "title": "钉与锤",
      "content": "来吧……辛克莱。"
    },
    {
      "id": 31,
      "model": "변신크로머",
      "teller": "克罗默",
      "title": "钉与锤",
      "content": "试着来杀了我吧。"
    },
    {
      "id": 32,
      "model": "변신크로머",
      "teller": "克罗默",
      "title": "钉与锤",
      "content": "如果你能做到的话……呵呵。"
    }
  ]
}