{
  "dataList": [
    {
      "id": 0,
      "place": "无边无际的尸山",
      "content": "血肉之山喷涌着强酸，轻而易举地融化了辛克莱的双脚。而其他罪人已经像这样融化了。"
    },
    {
      "id": 1,
      "content": "他凄惨地倒下了。不，更应该说是坠落而下。"
    },
    {
      "id": 2,
      "content": "但是，尽管如此。他还是继续向着克罗默爬行着。"
    },
    {
      "id": 3,
      "model": "변신크로머",
      "teller": "克罗默",
      "title": "钉与锤",
      "content": "没错！就是这样！痛苦吗？憎恨吗？将这一切！全部接纳吧！"
    },
    {
      "id": 4,
      "model": "변신크로머",
      "teller": "克罗默",
      "title": "钉与锤",
      "content": "看着我！这接近最为纯粹的人类的身姿！这具肉体，这些肉块！这你们所无法企及的强大纯粹！"
    },
    {
      "id": 5,
      "model": "변신크로머",
      "teller": "克罗默",
      "title": "钉与锤",
      "content": "啊啊，辛克莱啊……你现在是如此地人类！你也可以变得和我一样！"
    },
    {
      "id": 6,
      "model": "싱클레어",
      "content": "我要……将你……"
    },
    {
      "id": 7,
      "model": "변신크로머",
      "teller": "克罗默",
      "title": "钉与锤",
      "content": "辛克莱，你其实很害怕吧？失去了家人之后，与陌生人们一起乘着巴士到处奔波，被强迫着做自己不愿去做的事情。"
    },
    {
      "id": 8,
      "model": "변신크로머",
      "teller": "克罗默",
      "title": "钉与锤",
      "content": "你该呆着的地方不是这里，你其实是这么想的吧？"
    },
    {
      "id": 9,
      "model": "변신크로머",
      "teller": "克罗默",
      "title": "钉与锤",
      "content": "很想逃走吧？很想放弃一切吧？对吧？"
    },
    {
      "id": 10,
      "model": "싱클레어",
      "content": "我绝对……"
    },
    {
      "id": 11,
      "model": "변신크로머",
      "teller": "克罗默",
      "title": "钉与锤",
      "content": "一同出发吧，辛克莱！不要逃避，接纳吧！成就我的夙愿！"
    },
    {
      "id": 12,
      "content": "辛克莱那紧握武器的手臂逐渐失去了力气。"
    },
    {
      "id": 13,
      "content": "但是，他爬向克罗默的脚步并没有停下。"
    },
    {
      "id": 14,
      "model": "변신크로머",
      "teller": "克罗默",
      "title": "钉与锤",
      "content": "接纳痛苦吧！我们会在超越痛苦的瞬间重获新生！"
    },
    {
      "id": 15,
      "model": "변신크로머",
      "teller": "克罗默",
      "title": "钉与锤",
      "content": "剥离肉体，流淌鲜血！每一刻都向着最为人类之物趋近！"
    },
    {
      "id": 16,
      "model": "변신크로머",
      "teller": "克罗默",
      "title": "钉与锤",
      "content": "向着那滤净了有着数万不纯之物的都市的最为纯粹的世界！"
    },
    {
      "id": 17,
      "model": "싱클레어",
      "content": "母亲……父亲……姐姐……"
    },
    {
      "id": 18,
      "content": "辛克莱看向已经失去气息的罪人们的脸，失神般喃喃着。"
    },
    {
      "id": 19,
      "content": "我不能就这样放任不管。"
    },
    {
      "id": 20,
      "model": "단테",
      "content": "<辛克莱！听好了！>"
    },
    {
      "id": 21,
      "content": "事已至此才有所反应令我惭愧，但事到如今，我还是想做点什么。"
    },
    {
      "id": 22,
      "content": "做些执行经理该做的。"
    },
    {
      "id": 23,
      "model": "단테",
      "content": "<我是知道的！你总是考虑得比说出口的要多得多！>"
    },
    {
      "id": 24,
      "content": "辛克莱就是这样。"
    },
    {
      "id": 25,
      "content": "担心自己成为累赘，总是想的比说的要多，将大部分的话语都咽了回去。"
    },
    {
      "id": 26,
      "content": "以负罪感的形式将自己的思考消化。"
    },
    {
      "id": 27,
      "model": "싱클레어",
      "content": "我的家人都因我而死去了……"
    },
    {
      "id": 28,
      "model": "싱클레어",
      "content": "就因为我说了不该说的话……"
    },
    {
      "id": 29,
      "model": "변신크로머",
      "teller": "克罗默",
      "title": "钉与锤",
      "content": "没错！都是你的错。所以接纳它吧！这样你就能获得完全的新生！"
    },
    {
      "id": 30,
      "model": "변신크로머",
      "teller": "克罗默",
      "title": "钉与锤",
      "content": "跟我来吧……让我亲手将你执握！"
    },
    {
      "id": 31,
      "model": "단테",
      "content": "<不能听她的话！>"
    },
    {
      "id": 32,
      "model": "단테",
      "content": "<好好看看！仔细、仔细地看着那家伙！>"
    },
    {
      "id": 33,
      "content": "但是，辛克莱仿佛没有听到一般。"
    },
    {
      "id": 34,
      "model": "싱클레어",
      "content": "啊……"
    },
    {
      "id": 35,
      "content": "辛克莱手中握着的武器，还是落到了地面上。"
    },
    {
      "id": 36,
      "content": "他再也无法朝着克罗默前进了。"
    },
    {
      "id": 37,
      "content": "啊啊，这下全都完了。"
    },
    {
      "id": 38,
      "content": "我感觉到自己的身体正在融入肉山之中。"
    },
    {
      "id": 39,
      "content": "我也想过自己总有一天会死于这种得过且过的扮经理游戏。"
    },
    {
      "id": 40,
      "content": "但是……"
    },
    {
      "id": 41,
      "model": "단테",
      "content": "<辛克莱……>"
    },
    {
      "id": 42,
      "content": "我必须再说些什么。"
    },
    {
      "id": 43,
      "content": "我必须要告诉他，克罗默的话语中充满了谎言、威胁、伪善和夸张。"
    },
    {
      "id": 44,
      "content": "我全身的神经都被激起，大叫着不能就这样放弃辛克莱。"
    },
    {
      "id": 45,
      "content": "我能感觉到，这具身体的形状已经渐渐融化……"
    },
    {
      "id": 46,
      "model": "단테",
      "content": "<仔细、仔细地看着！辛克莱！>"
    },
    {
      "id": 47,
      "model": "단테",
      "content": "<不是用眼睛，而是用心去看！>"
    },
    {
      "id": 48,
      "content": "我向着辛克莱挤出了声音。"
    },
    {
      "id": 49,
      "model": "단테",
      "content": "<只有这样……你才能看到最为重要的东西。>"
    },
    {
      "id": 50,
      "teller": "？？？",
      "title": "？？？",
      "content": "只有这样……你才能看到最为重要的东西。"
    },
    {
      "id": 51,
      "content": "就在那时。"
    },
    {
      "id": 52,
      "content": "有什么人悄无声息地接近了。"
    },
    {
      "id": 53,
      "model": "데미안",
      "teller": "？？？",
      "title": "？？？",
      "content": "而当你能看到最为重要的东西时……"
    },
    {
      "id": 54,
      "model": "데미안",
      "teller": "？？？",
      "title": "？？？",
      "content": "就凭这种肤浅的威胁和谎言，是不会将你杀死的。"
    },
    {
      "id": 55,
      "model": "데미안",
      "teller": "？？？",
      "title": "？？？",
      "content": "……对吧，辛克莱？"
    },
    {
      "id": 56,
      "content": "//효과연출1"
    },
    {
      "id": 57,
      "content": "他显得十分轻盈，宛如在空中飘浮一般慢慢移动着。"
    },
    {
      "id": 58,
      "content": "好似世间任何东西都无法束缚住他一样，任何人都不及他那般轻盈。"
    },
    {
      "id": 59,
      "content": "他看上去宛如领悟了这世间一般，但与此相反，随着他的靠近，似乎涌现出一股压制万人的气场。"
    },
    {
      "id": 60,
      "content": "然后，他挥了挥右臂。"
    },
    {
      "id": 61,
      "content": "//효과연출2"
    },
    {
      "id": 62,
      "content": "克罗默的上半身完全消失了。"
    }
  ]
}