{
  "dataList": [
    {
      "id": 0,
      "place": "绽放的九人会",
      "model": "홍루",
      "content": "这次把大家叫来，是因为……"
    },
    {
      "id": 1,
      "model": "홍루",
      "content": "我想展示我所制作的一些有趣东西。"
    },
    {
      "id": 2,
      "model": "과거동백",
      "teller": "冬柏",
      "title": "九人会",
      "content": "咳咳……"
    },
    {
      "id": 3,
      "model": "과거동백",
      "teller": "冬柏",
      "title": "九人会",
      "content": "灵之……这是什么？"
    },
    {
      "id": 4,
      "model": "홍루",
      "content": "……"
    },
    {
      "id": 5,
      "model": "홍루",
      "content": "世上有太多转瞬即逝而顷刻谢幕的事物，不是吗？"
    },
    {
      "id": 6,
      "model": "홍루",
      "content": "蝴蝶只是想轻轻飞翔，却因这样的罪过而永远告别人生……实在非常遗憾。"
    },
    {
      "id": 7,
      "model": "과거동백",
      "teller": "冬柏",
      "title": "九人会",
      "content": "难道说……你是把死去的东西……给复活了吗？这种技术是被首脑明令禁止的……"
    },
    {
      "id": 8,
      "model": "이상",
      "content": "不。尸体并没有改变，但有别的东西覆盖上去了。"
    },
    {
      "id": 9,
      "model": "홍루",
      "content": "没错，更准确地说……是玻璃窗。"
    },
    {
      "id": 10,
      "model": "홍루",
      "content": "在窗内，蝴蝶终于获得了自由。"
    },
    {
      "id": 11,
      "model": "홍루",
      "content": "即使因想要飞过池塘而沾湿了翅膀，即使被人捉住碾成粉末，即使找不到花朵而陷入干渴……"
    },
    {
      "id": 12,
      "model": "홍루",
      "content": "蝴蝶也不会停息。终于……在遥远的未来……"
    },
    {
      "id": 13,
      "model": "파우스트",
      "content": "它将跨越大海。"
    },
    {
      "id": 14,
      "model": "파우스트",
      "content": "那样的话，蝴蝶是不是就不会再害怕大海了？"
    },
    {
      "id": 15,
      "model": "동랑",
      "teller": "东朗",
      "title": "K公司 粮食资源改良部门",
      "content": "太棒了，灵之。这种等级的技术拥有无穷无尽的用途。"
    },
    {
      "id": 16,
      "model": "과거동백",
      "teller": "冬柏",
      "title": "九人会",
      "content": "灵之……这项技术……你真的只是为了朗术会才研发的吗？"
    },
    {
      "id": 17,
      "model": "홍루",
      "content": "你是什么意思？"
    },
    {
      "id": 18,
      "model": "과거동백",
      "teller": "冬柏",
      "title": "九人会",
      "content": "一个我们结束一天工作后，在空余时间互相展示因爱好而发明的技术，并分享各自想法的集会……"
    },
    {
      "id": 19,
      "model": "과거동백",
      "teller": "冬柏",
      "title": "九人会",
      "content": "这不就是我们九人会开展朗术会的意义和浪漫所在吗？"
    },
    {
      "id": 20,
      "model": "과거동백",
      "teller": "冬柏",
      "title": "九人会",
      "content": "但这项技术……似乎不仅是出于兴趣爱好才做出来的？"
    },
    {
      "id": 21,
      "model": "과거동백",
      "teller": "冬柏",
      "title": "九人会",
      "content": "你不会还……因为当时那件事……"
    },
    {
      "id": 22,
      "model": "홍루",
      "content": "……冬柏……你原来是这样想的啊……"
    },
    {
      "id": 23,
      "model": "홍루",
      "content": "我也很好奇你的见解，李箱。"
    },
    {
      "id": 24,
      "model": "이상",
      "content": "……"
    },
    {
      "id": 25,
      "model": "이상",
      "content": "正如东朗所言，这无疑是一个伟大的新发现。"
    },
    {
      "id": 26,
      "model": "이상",
      "content": "但是……"
    },
    {
      "id": 27,
      "model": "이상",
      "content": "如果窗户上结了霜……"
    },
    {
      "id": 28,
      "model": "이상",
      "content": "反映的物体也同样会变得模糊。"
    },
    {
      "id": 29,
      "model": "이상",
      "content": "因此，这扇玻璃窗的窗棂……需要造得更结实、更端正。"
    },
    {
      "id": 30,
      "model": "홍루",
      "content": "……"
    },
    {
      "id": 31,
      "model": "홍루",
      "content": "李箱，你一眼就洞穿了它的本质。"
    },
    {
      "id": 32,
      "model": "홍루",
      "content": "但就我个人而言……没法做到。所以，不如这样呢？"
    },
    {
      "id": 33,
      "model": "홍루",
      "content": "李箱，就用你的方法重新创造它。"
    },
    {
      "id": 34,
      "model": "이상",
      "content": "我的方法……"
    },
    {
      "id": 35,
      "model": "홍루",
      "content": "没错。在下次朗术会上。"
    },
    {
      "id": 36,
      "model": "이상",
      "content": "让我……负责像玻璃窗这样的珍贵技术……真的可以吗？"
    },
    {
      "id": 37,
      "model": "홍루",
      "content": "你理解错了。我提出这个方案就是因为它十分珍贵。"
    }
  ]
}