{
  "dataList": [
    {
      "id": 0,
      "place": "T公司街道 某处",
      "model": "싱클레어",
      "content": "空间发生了变化。这里……是哪？"
    },
    {
      "id": 1,
      "model": "동랑",
      "teller": "东朗",
      "title": "K公司 粮食资源改良部门",
      "content": "你在说什么啊，雅能。我们天天都会经过这条路啊。"
    },
    {
      "id": 2,
      "model": "싱클레어",
      "content": "哦……呃……对。"
    },
    {
      "id": 3,
      "model": "이상",
      "content": "这个地方是……我的工作场所……那里的附近。"
    },
    {
      "id": 4,
      "model": "로쟈",
      "content": "嗯，你在晚上搞研究……那白天你干什么呢？"
    },
    {
      "id": 5,
      "model": "이상",
      "content": "我是名建筑师。"
    },
    {
      "id": 6,
      "model": "그레고르",
      "content": "喔~建筑师啊……不错的职位啊，李箱先生。"
    },
    {
      "id": 7,
      "model": "이상",
      "content": "不错吗……"
    },
    {
      "id": 8,
      "model": "이상",
      "content": "原来，这条街上到处都是乱跑的小孩子们。"
    },
    {
      "id": 9,
      "model": "이상",
      "content": "即便人数不多……我有时候还是能见到他们。"
    },
    {
      "id": 10,
      "model": "이상",
      "content": "就算只能玩一个被丢掉的球，他们也没有失去笑容。"
    },
    {
      "id": 11,
      "model": "돈키호테",
      "content": "吾也十分喜爱孩童们！他们难道不是最纯粹的生命嘛？"
    },
    {
      "id": 12,
      "model": "동랑",
      "teller": "东朗",
      "title": "K公司 粮食资源改良部门",
      "content": "但现在他们都不见了。都去了哪里呢？"
    },
    {
      "id": 13,
      "model": "이상",
      "content": "当那些孩子到了该识字的年纪，便会被带去工厂。"
    },
    {
      "id": 14,
      "model": "이상",
      "content": "其中有一些我造的……我亲手设计的工厂。"
    },
    {
      "id": 15,
      "model": "홍루",
      "content": "李箱……"
    },
    {
      "id": 16,
      "model": "이상",
      "content": "它们的结构被优化以高效监控人员。压迫工人从未如此便捷。"
    },
    {
      "id": 17,
      "model": "이상",
      "content": "也许我工资颇高的原因便是，那些工厂的老板们也赚得很多。"
    },
    {
      "id": 18,
      "model": "히스클리프",
      "content": "……"
    },
    {
      "id": 19,
      "model": "히스클리프",
      "content": "那，即便如此……你也没有为了炫耀而去花那些钱。"
    },
    {
      "id": 20,
      "model": "히스클리프",
      "content": "你把它全部都给了九人会。"
    },
    {
      "id": 21,
      "model": "이스마엘",
      "content": "……你还记得吗？当我在T公司入职之后……发明的第一件东西。"
    },
    {
      "id": 22,
      "model": "홍루",
      "content": "那些身份标签，对吧？"
    },
    {
      "id": 23,
      "model": "이스마엘",
      "content": "对，我是为了帮助走失的孩子们才发明它的。"
    },
    {
      "id": 24,
      "model": "이스마엘",
      "content": "真好笑呢。我本期望它可以帮助更多孩子与家人团圆的。"
    },
    {
      "id": 25,
      "model": "이스마엘",
      "content": "但现在……每座工厂都用它来监视工人们的工时。"
    },
    {
      "id": 26,
      "model": "이스마엘",
      "content": "即便那东西是我发明的，我工作时也必须要戴上身份标签。"
    },
    {
      "id": 27,
      "model": "이상",
      "content": "那些便是我们在T公司所做出的业绩。"
    },
    {
      "id": 28,
      "model": "이상",
      "content": "这也就是为什么……我越来越沉迷于镜子技术。"
    },
    {
      "id": 29,
      "model": "이상",
      "content": "纯粹，纯粹地……埋头于自己的研究。"
    },
    {
      "id": 30,
      "model": "이상",
      "content": "为了不去……夺走任何东西。"
    },
    {
      "id": 31,
      "model": "상이",
      "teller": "箱李",
      "title": "研心",
      "content": "自你移民T公司以避免掠夺和剥削的那一刻起……你就猜到会面对那种困境了吧，李箱？"
    },
    {
      "id": 32,
      "model": "상이",
      "teller": "箱李",
      "title": "研心",
      "content": "如果你不想被剥削，那就必须找到其他人来代替你。"
    },
    {
      "id": 33,
      "model": "상이",
      "teller": "箱李",
      "title": "研心",
      "content": "所以不要再内疚了。"
    }
  ]
}