{
  "dataList": [
    {
      "id": 0,
      "model": "이상",
      "content": "在那个春日，我制作了一枚小镜子。我将之命名为“研心”。"
    },
    {
      "id": 1,
      "model": "이상",
      "content": "以及，在减少无数的杂音与损坏时，我偶然捕捉到一则信号。"
    },
    {
      "id": 2,
      "model": "이상",
      "content": "在研心之中，我终于见到了你。"
    },
    {
      "id": 3,
      "model": "이상",
      "content": "美丽而淡然的……左撇的我。"
    },
    {
      "id": 4,
      "model": "이상",
      "content": "很高兴见到你。我是……"
    },
    {
      "id": 5,
      "model": "상이",
      "teller": "箱李",
      "title": "研心",
      "content": "李箱，不是吗。这真是异常的经历。"
    },
    {
      "id": 6,
      "model": "상이",
      "teller": "箱李",
      "title": "研心",
      "content": "还有你手持的那枚镜子……"
    },
    {
      "id": 7,
      "model": "이상",
      "content": "我称其为研心。"
    },
    {
      "id": 8,
      "model": "상이",
      "teller": "箱李",
      "title": "研心",
      "content": "研心（研寻）吗……"
    },
    {
      "id": 9,
      "model": "이상",
      "content": "这是研磨而成的产物……甚至于心灵也被打磨，使其绽放光芒。"
    },
    {
      "id": 10,
      "model": "상이",
      "teller": "箱李",
      "title": "研心",
      "content": "我明白了。我想所有的李箱在最终都投身于研究。"
    },
    {
      "id": 11,
      "model": "이상",
      "content": "你，背后生有羽翼。"
    },
    {
      "id": 12,
      "model": "상이",
      "teller": "箱李",
      "title": "研心",
      "content": "……在你看来，我的这对羽翼如何？"
    },
    {
      "id": 13,
      "model": "이상",
      "content": "……堪称辉煌。"
    },
    {
      "id": 14,
      "model": "이상",
      "content": "看上去温暖……而自由。"
    },
    {
      "id": 15,
      "model": "이상",
      "content": "我们互相看了看彼此。"
    },
    {
      "id": 16,
      "place": "绽放的九人会",
      "model": "이상",
      "content": "我只是对灵之哥的技术稍加改造而已。"
    },
    {
      "id": 17,
      "model": "이상",
      "content": "我只是想毫无模糊地，如实地映照出所有可能性。"
    },
    {
      "id": 18,
      "model": "홍루",
      "content": "当我躺在地上时，所见的繁星是如此之远……"
    },
    {
      "id": 19,
      "model": "홍루",
      "content": "然而它们还能被这样近地观看。"
    },
    {
      "id": 20,
      "model": "과거동백",
      "teller": "冬柏",
      "title": "九人会",
      "content": "你是为了发现这个，才一直闭门不出直到今天的吗？我还以为你比起面包更喜欢米饭，就又跑回S公司了呢……"
    },
    {
      "id": 21,
      "model": "과거동백",
      "teller": "冬柏",
      "title": "九人会",
      "content": "但这个……还不错。"
    },
    {
      "id": 22,
      "model": "과거동백",
      "teller": "冬柏",
      "title": "九人会",
      "content": "东朗，你怎么笑成这样？"
    },
    {
      "id": 23,
      "model": "동랑",
      "teller": "东朗",
      "title": "K公司 粮食资源改良部门",
      "content": "你明明两眼放光，言辞却如此毒辣，这很有趣吧。"
    },
    {
      "id": 24,
      "model": "과거동백",
      "teller": "冬柏",
      "title": "九人会",
      "content": "李箱，你能叫这家伙闭嘴吗？"
    },
    {
      "id": 25,
      "model": "동랑",
      "teller": "东朗",
      "title": "K公司 粮食资源改良部门",
      "content": "那你能收敛下你那像第一次吃到冰淇凌的孩子一样的表情吗？"
    },
    {
      "id": 26,
      "model": "동랑",
      "teller": "东朗",
      "title": "K公司 粮食资源改良部门",
      "content": "仇甫，你也说点什么吧？加入九人会已经很久了，所以你别像个客人一样在那呆站着了。"
    },
    {
      "id": 27,
      "model": "돈키호테",
      "content": "……大家都想到一块去了，我还有什么好多嘴的呢。"
    },
    {
      "id": 28,
      "model": "과거동백",
      "teller": "冬柏",
      "title": "九人会",
      "content": "……既然你都想当个局外人了，那就脸皮更厚点呗，怎么还冷冰冰的。"
    },
    {
      "id": 29,
      "model": "홍루",
      "content": "我懂了……这就是……你看待世界的方式。"
    },
    {
      "id": 30,
      "model": "이상",
      "content": "……我所见的世界啊。"
    },
    {
      "id": 31,
      "model": "홍루",
      "content": "你知道吗？所有技术里都蕴含着创作者的梦想与愿景。"
    },
    {
      "id": 32,
      "model": "홍루",
      "content": "将这些东西找出也是观赏者的乐趣所在。你知道就好了。"
    },
    {
      "id": 33,
      "model": "동랑",
      "teller": "东朗",
      "title": "K公司 粮食资源改良部门",
      "content": "李箱，所以你准备用这个新技术做什么？"
    },
    {
      "id": 34,
      "model": "이상",
      "content": "准备做什么……是为何意？"
    },
    {
      "id": 35,
      "model": "동랑",
      "teller": "东朗",
      "title": "K公司 粮食资源改良部门",
      "content": "灵之哥的玻璃窗技术已经广为世人所知。其他巢的研究员也表示很感兴趣。"
    },
    {
      "id": 36,
      "model": "동랑",
      "teller": "东朗",
      "title": "K公司 粮食资源改良部门",
      "content": "真是的……以前来这里参观的客人并不多，但估计之后我们得检票让他们排队了。"
    },
    {
      "id": 37,
      "model": "동랑",
      "teller": "东朗",
      "title": "K公司 粮食资源改良部门",
      "content": "所以如果你在这里发表你的技术成果……"
    },
    {
      "id": 38,
      "model": "이상",
      "content": "东朗，我绝对无意发表这项技术。"
    },
    {
      "id": 39,
      "model": "동랑",
      "teller": "东朗",
      "title": "K公司 粮食资源改良部门",
      "content": "……绝对？无意？"
    },
    {
      "id": 40,
      "model": "이상",
      "content": "我只是……"
    },
    {
      "id": 41,
      "model": "이상",
      "content": "想将我们这互相欢笑的一瞬，收藏于脑海。"
    },
    {
      "id": 42,
      "model": "동랑",
      "teller": "东朗",
      "title": "K公司 粮食资源改良部门",
      "content": "……"
    },
    {
      "id": 43,
      "model": "동랑",
      "teller": "东朗",
      "title": "K公司 粮食资源改良部门",
      "content": "喂，你到底在想什么……"
    },
    {
      "id": 44,
      "model": "과거동백",
      "teller": "冬柏",
      "title": "九人会",
      "content": "噗……李箱。这是我见过你干过第二好笑的事了。"
    },
    {
      "id": 45,
      "model": "과거동백",
      "teller": "冬柏",
      "title": "九人会",
      "content": "最开始的……就是那，那头小黄牛在喝奶的时候，突然舔了一下他的头发……噗……"
    },
    {
      "id": 46,
      "model": "동랑",
      "teller": "东朗",
      "title": "K公司 粮食资源改良部门",
      "content": "确实，我从来没听过冬柏那样捧腹大笑。"
    },
    {
      "id": 47,
      "model": "이상",
      "content": "那……那个……最好还是忘了吧……"
    },
    {
      "id": 48,
      "model": "이상",
      "content": "人类的眼睛闪耀而炙热。为了不被其灼伤，我倾向于仅侧目视之。"
    },
    {
      "id": 49,
      "model": "이상",
      "content": "但不与对方直接对视，并不代表我轻视他们。"
    },
    {
      "id": 50,
      "model": "이상",
      "content": "即便不看，也能逐渐渗入其中。"
    },
    {
      "id": 51,
      "model": "로쟈",
      "content": "话说那个……和我们正在使用的镜子是一样的嘛？"
    },
    {
      "id": 52,
      "model": "파우스트",
      "content": "严格来说只是相似而已。边狱公司使用的是经过特殊改装的镜子。"
    },
    {
      "id": 53,
      "model": "로쟈",
      "content": "你发明了一个了不得的东西，李箱先生……"
    },
    {
      "id": 54,
      "model": "이상",
      "content": "我和灵之哥所做的……并不是发明，而是发现。"
    },
    {
      "id": 55,
      "model": "뫼르소",
      "content": "T公司……一定不乐于见到一项无需批准就可以窥视其他世界的技术的发明。"
    },
    {
      "id": 56,
      "model": "뫼르소",
      "content": "能够窥视其他世界的技术并不是关键，问题出在其没有被批准上。"
    },
    {
      "id": 57,
      "model": "이상",
      "content": "即便我们早就猜到了……"
    },
    {
      "id": 58,
      "model": "이상",
      "content": "我们觉得这只不过是一种消遣，所以以为没有关系。"
    },
    {
      "id": 59,
      "model": "이상",
      "content": "不得不说，这是一个相当草率的决定。"
    }
  ]
}