{
  "dataList": [
    {
      "id": 0,
      "place": "绽放的九人会",
      "model": "이상",
      "content": "不知你是否一切安好。"
    },
    {
      "id": 2,
      "model": "이상",
      "content": "外面花朵盛开，时不时能听到鸟儿的鸣叫。"
    },
    {
      "id": 3,
      "model": "이상",
      "content": "尽管花香飘逸自如，但当它们混合在一起的时候，便变成了一种尤其甜美的香味。"
    },
    {
      "id": 4,
      "model": "이상",
      "content": "不知道你是否闻过。"
    },
    {
      "id": 5,
      "model": "홍루",
      "content": "我常常为冬柏脸上的忧郁而感到担忧……"
    },
    {
      "id": 6,
      "model": "홍루",
      "content": "但她在朗术会上展示出的东西令人松了一口气，其中承载着喜悦之情。"
    },
    {
      "id": 7,
      "model": "홍루",
      "content": "可以认为她是将未能对我们露出的笑容以技术的形式加以展现了吗？"
    },
    {
      "id": 8,
      "model": "과거동백",
      "teller": "冬柏",
      "title": "九人会",
      "content": "……好吧，随你怎么想。"
    },
    {
      "id": 9,
      "model": "홍루",
      "content": "李箱。"
    },
    {
      "id": 10,
      "model": "홍루",
      "content": "你在想什么？"
    },
    {
      "id": 11,
      "model": "홍루",
      "content": "你的表情总是让我捉摸不透。这让我总是在好奇你在想什么。"
    },
    {
      "id": 12,
      "model": "이상",
      "content": "迄今为止，那些与我擦肩而过的人也曾问过同样的问题。"
    },
    {
      "id": 13,
      "model": "이상",
      "content": "然而，由于我的口才不足以简明地回答这个问题，而那问题本身又是如此地沉重，令人晕眩……"
    },
    {
      "id": 14,
      "model": "이상",
      "content": "我给出的答卷是一张白纸。"
    },
    {
      "id": 15,
      "model": "이상",
      "content": "……如你所知。"
    },
    {
      "id": 16,
      "model": "이상",
      "content": "没什么。"
    },
    {
      "id": 17,
      "model": "이상",
      "content": "其实，并非没什么。"
    },
    {
      "id": 18,
      "model": "이상",
      "content": "我感到一种想消散在那葱葱郁郁的碧蓝之风中，感受着种子摇曳着嵌入躁动着的心灵的欲望。"
    },
    {
      "id": 19,
      "model": "홍루",
      "content": "怎么样，我的表演值得一看吗？"
    },
    {
      "id": 20,
      "model": "이상",
      "content": "……"
    },
    {
      "id": 21,
      "model": "이상",
      "content": "灵之哥是一位善良的人。他不会轻易怨恨或责怪任何人。"
    },
    {
      "id": 22,
      "model": "이상",
      "content": "在这一点上，你跟他很像。"
    }
  ]
}