{
  "dataList": [
    {
      "id": 0,
      "place": "绽放的九人会",
      "model": "이스마엘",
      "content": "气氛很和谐呢。"
    },
    {
      "id": 1,
      "model": "동랑",
      "teller": "东朗",
      "title": "K公司 粮食资源改良部门",
      "content": "有段时间还算不错。感觉我们就像是在旅行一般。我们曾以为在离开家乡而寻找新的去处后，一切都会好起来的，但是……"
    },
    {
      "id": 2,
      "model": "동랑",
      "teller": "东朗",
      "title": "K公司 粮食资源改良部门",
      "content": "归根结底，人类生活的社会间没什么不同。"
    },
    {
      "id": 3,
      "model": "오티스",
      "content": "今天……我在集市上看到了可疑的东西。"
    },
    {
      "id": 4,
      "model": "동랑",
      "teller": "东朗",
      "title": "K公司 粮食资源改良部门",
      "content": "我开始好奇了。那是什么呢，尚虚？"
    },
    {
      "id": 5,
      "model": "오티스",
      "content": "这件发明。甲龙，这不是你在九人会里面做的吗？"
    },
    {
      "id": 6,
      "model": "히스클리프",
      "content": "这……确实。但……没必要去探查集市的吧？是……是信任与信念将我们九人会联系起来的，不是吗？"
    },
    {
      "id": 7,
      "model": "오티스",
      "content": "看来你已经把九人会的九戒律忘了。"
    },
    {
      "id": 8,
      "model": "료슈",
      "content": "（九·九·律。噗。还挺酷。）"
    },
    {
      "id": 9,
      "model": "싱클레어",
      "content": "（良秀小姐！不按照剧本说话会有麻烦的！）"
    },
    {
      "id": 10,
      "model": "히스클리프",
      "content": "啧……我知道。他们逼着我把这玩意背得滚瓜烂熟，难道你觉得我会忘？"
    },
    {
      "id": 11,
      "model": "히스클리프",
      "content": "任何在九人会内部所产生的技术都不该流通到外界。特别是不该沾染上铜臭味。"
    },
    {
      "id": 12,
      "model": "히스클리프",
      "content": "但……我们被告知，如果接下来六天内没能付上实验室的租金，一切财产都会被没收。那我们该怎么办？"
    },
    {
      "id": 13,
      "model": "히스클리프",
      "content": "我们总得做点什么吧。在工厂赚的钱才刚够我们糊口。"
    },
    {
      "id": 14,
      "model": "히스클리프",
      "content": "我们从S公司过来的时候，除了对研究的热情以外一无所有！告诉我，我们到底拿什么交房租。"
    },
    {
      "id": 15,
      "model": "뫼르소",
      "content": "这个观点没错。介于我们从S公司移民而来，税收于我们而言更重。"
    },
    {
      "id": 16,
      "model": "뫼르소",
      "content": "实际上，我们无法承担他们规定的定期支付税额。"
    },
    {
      "id": 17,
      "model": "이상",
      "content": "……我可以支付这笔费用。所以我建议，让事情就此翻篇。"
    },
    {
      "id": 18,
      "model": "과거동백",
      "teller": "冬柏",
      "title": "九人会",
      "content": "等等，为什么以前没人告诉过我？被查封？你从一开始就知道吗，灵之？我想听你亲口说出来。"
    },
    {
      "id": 19,
      "model": "오티스",
      "content": "我明白你很焦虑，但请注意对灵之哥的说话方式，冬柏。"
    },
    {
      "id": 20,
      "model": "홍루",
      "content": "我没事，尚虚。"
    },
    {
      "id": 21,
      "model": "홍루",
      "content": "冬柏，我本想等事情解决后再告诉你。在面对九人会相关的事情时，我认为你会是最先感到义愤填膺的。"
    },
    {
      "id": 22,
      "model": "홍루",
      "content": "还有李箱，我非常感激你的提议，但我不能那么做。"
    },
    {
      "id": 23,
      "model": "이상",
      "content": "并无关系，积累财富于我毫无意义。用于九人会上是我的心愿。"
    },
    {
      "id": 24,
      "model": "이스마엘",
      "content": "诶？等下，李箱先生！你原来这么有钱吗？"
    },
    {
      "id": 25,
      "model": "동랑",
      "teller": "东朗",
      "title": "K公司 粮食资源改良部门",
      "content": "哈哈，你该好好背下自己的台词了吧？"
    },
    {
      "id": 26,
      "model": "동랑",
      "teller": "东朗",
      "title": "K公司 粮食资源改良部门",
      "content": "敌人又要发起进攻了。"
    },
    {
      "id": 27,
      "model": "히스클리프",
      "content": "这里有个蠢蛋连写在纸上的词都没读懂。"
    },
    {
      "id": 28,
      "model": "이스마엘",
      "content": "哈……"
    }
  ]
}