{
  "dataList": [
    {
      "id": 0,
      "place": "郊区之外",
      "teller": "没有名字的男孩",
      "title": "？？？",
      "content": "真安静啊。"
    },
    {
      "id": 1,
      "teller": "没有名字的男孩",
      "title": "？？？",
      "content": "跟郊区差太多了……"
    },
    {
      "id": 2,
      "teller": "斯蒂芬妮",
      "title": "？？？",
      "content": "你说得对。郊区之外是遍布着美好与宁静生物的世界吗？"
    },
    {
      "id": 3,
      "teller": "没有名字的男孩",
      "title": "？？？",
      "content": "是的，可能是因为这个。大概这就是大家对其都闭口不谈的原因吧。"
    },
    {
      "id": 4,
      "teller": "斯蒂芬妮",
      "title": "？？？",
      "content": "对了，你……知道一个有关住在郊区之外的东西的故事吗？据说，那里住着一个……可以为诚心之人实现愿望的东西。想听听看吗？"
    },
    {
      "id": 5,
      "teller": "没有名字的男孩",
      "title": "？？？",
      "content": "好啊，我一直很期待你讲的故事。"
    },
    {
      "id": 6,
      "teller": "斯蒂芬妮",
      "title": "？？？",
      "content": "可以等一下下嘛？我之前在那边看到了一些很厉害的东西。"
    },
    {
      "id": 7,
      "teller": "没有名字的男孩",
      "title": "？？？",
      "content": "……"
    },
    {
      "id": 8,
      "teller": "没有名字的男孩",
      "title": "？？？",
      "content": "抬头仰望我们的天空……所见的只是一撮昏暗的光。"
    },
    {
      "id": 9,
      "teller": "没有名字的男孩",
      "title": "？？？",
      "content": "但在这里的天空中……"
    },
    {
      "id": 10,
      "teller": "没有名字的男孩",
      "title": "？？？",
      "content": "我看到星星们孤独地俯视着我们。"
    },
    {
      "id": 11,
      "teller": "没有名字的男孩",
      "title": "？？？",
      "content": "从这里看到的都市充斥着痛苦和绝望的悲泣声……"
    },
    {
      "id": 12,
      "teller": "没有名字的男孩",
      "title": "？？？",
      "content": "我宁可……在天空中孤独地俯视着人们，并与他们一同流泪……"
    },
    {
      "id": 13
    },
    {
      "id": 14,
      "teller": "斯蒂芬妮",
      "title": "？？？",
      "content": "抱歉，我来晚了一点。那边有些我从未见过的花，我们也许可以一边闻着花香，一边听我讲这个故事……"
    },
    {
      "id": 15,
      "teller": "斯蒂芬妮",
      "title": "？？？",
      "content": "……"
    },
    {
      "id": 16,
      "teller": "斯蒂芬妮",
      "title": "？？？",
      "content": "我明白了，你的愿望……终于实现了？"
    },
    {
      "id": 17,
      "teller": "斯蒂芬妮",
      "title": "？？？",
      "content": "从今天开始，哪怕那一捧星辰不再从夜空一隅升起……"
    },
    {
      "id": 18,
      "teller": "斯蒂芬妮",
      "title": "？？？",
      "content": "那些星星也同样会代为照亮大地的黑暗……"
    },
    {
      "id": 19,
      "teller": "斯蒂芬妮",
      "title": "？？？",
      "content": "所以一切都没关系。"
    },
    {
      "id": 20,
      "content": " "
    },
    {
      "id": 21,
      "place": "绽放的九人会",
      "model": "싱클레어",
      "content": "刚刚的那个画面是什么？似乎是个很久以前的故事。"
    },
    {
      "id": 22,
      "model": "파우스트",
      "content": "当金枝在失控状态下产生自我心道时……便会混入一些杂质。"
    },
    {
      "id": 23,
      "model": "파우스트",
      "content": "K公司的奇点。那个称为“落泪之物”的眼泪。"
    },
    {
      "id": 24,
      "model": "그레고르",
      "content": "啊……受那个东西影响，死人也来攻击我们了。"
    },
    {
      "id": 25,
      "model": "파우스트",
      "content": "是的，它们似乎跟……融解崩溃的记忆有关。"
    },
    {
      "id": 26,
      "model": "홍루",
      "content": "所以那个落泪之物的心灵也融入共鸣了吗？"
    },
    {
      "id": 27,
      "model": "싱클레어",
      "content": "也就是说……那个落泪之物……跟人类没什么区别……"
    },
    {
      "id": 28,
      "model": "파우스트",
      "content": "但丁，在这个世界里……有许多想要探求星星的人。"
    }
  ]
}