{
  "dataList": [
    {
      "id": 0,
      "place": "逐渐枯萎的九人会",
      "model": "이상",
      "content": "似乎我们各自想要守护的时间都不同。"
    },
    {
      "id": 1,
      "model": "이상",
      "content": "有些人想让时间就此停滞，"
    },
    {
      "id": 2,
      "model": "이상",
      "content": "有些人则想让时间继续流逝。"
    },
    {
      "id": 3,
      "model": "이상",
      "content": "我啊……"
    },
    {
      "id": 4,
      "content": "咚！咚！咚！"
    },
    {
      "id": 5,
      "teller": "2级征收人员",
      "title": "T公司",
      "content": "我们收到举报称你们持有未经许可的技术。"
    },
    {
      "id": 6,
      "model": "과거동백",
      "teller": "冬柏",
      "title": "九人会",
      "content": "我已经提前寄信给灵之，让他去避难了。"
    },
    {
      "id": 7,
      "model": "과거동백",
      "teller": "冬柏",
      "title": "九人会",
      "content": "在被他们拿走前，我们必须将玻璃和镜子藏进地下室。"
    },
    {
      "id": 8,
      "model": "과거동백",
      "teller": "冬柏",
      "title": "九人会",
      "content": "我和东朗去转移东西……剩下的人抵住门。"
    }
  ]
}