{
  "dataList": [
    {
      "id": 0,
      "place": "变得嘈杂的九人会",
      "model": "이상",
      "content": "繁花落尽，万物开始忙碌。"
    },
    {
      "id": 1,
      "model": "이상",
      "content": "来往于此处的人日渐增多，噪音比起往日已然翻倍。"
    },
    {
      "id": 2,
      "model": "과거동백",
      "teller": "冬柏",
      "title": "九人会",
      "content": "这里可不该是个市中心的集市。太吵了。"
    },
    {
      "id": 3,
      "model": "과거동백",
      "teller": "冬柏",
      "title": "九人会",
      "content": "……九人，这个数量正好。"
    },
    {
      "id": 4,
      "model": "돈키호테",
      "content": "呜哇……这里神奇的东西好多！吾可否摸一摸这里的发明？"
    },
    {
      "id": 5,
      "model": "과거동백",
      "teller": "冬柏",
      "title": "九人会",
      "content": "……你能不能闭嘴？"
    },
    {
      "id": 6,
      "model": "돈키호테",
      "content": "哈……"
    },
    {
      "id": 7,
      "model": "단테",
      "content": "<好可怕……>"
    },
    {
      "id": 8,
      "model": "동랑",
      "teller": "东朗",
      "title": "K公司 粮食资源改良部门",
      "content": "冬柏，别说这种话。有活力可是件好事。"
    },
    {
      "id": 9,
      "model": "이상",
      "content": "有人觉得这种喧闹是噪音……//有人并不欢迎这种喧哗……"
    },
    {
      "id": 10,
      "model": "이상",
      "content": "有些人觉得这不过是正在增长的混乱。//而有些人觉得这是踏入崭新未来的一步。"
    },
    {
      "id": 11,
      "model": "이상",
      "content": "而对我而言……我只是予以侧目，一如既往。"
    },
    {
      "id": 12,
      "model": "이상",
      "content": "正如同在晴日之后亦可有持续数日的暴雨……"
    },
    {
      "id": 13,
      "model": "이상",
      "content": "试图了解变化莫测的天气，在我看来是毫无意义的。"
    },
    {
      "id": 14,
      "model": "이상",
      "content": "我只会等待事态的平复，等待那一天的到来。"
    }
  ]
}