{
  "dataList": [
    {
      "id": 0,
      "place": "逐渐枯萎的九人会",
      "model": "이상",
      "content": "九人之中，一片凋零。"
    },
    {
      "id": 1,
      "model": "이상",
      "content": "过去满脸纯粹和惊叹而进行研究的他们，已然收拢了花蕾。"
    },
    {
      "id": 2,
      "model": "이상",
      "content": "取而代之的是，陌生的声音。"
    },
    {
      "id": 3,
      "model": "이상",
      "content": "整齐的脚步声，象征着他们身份的发条声，沉重而低沉的话语声。"
    },
    {
      "id": 4,
      "model": "오티스",
      "content": "为什么……九人会的位置被发现了，雅能？"
    },
    {
      "id": 5,
      "model": "싱클레어",
      "content": "……任何人都会做出同样的选择。"
    },
    {
      "id": 6,
      "model": "싱클레어",
      "content": "他们说如果我不说出技术的来源……就会被遣返回S公司。"
    },
    {
      "id": 7,
      "model": "과거동백",
      "teller": "冬柏",
      "title": "九人会",
      "content": "那你就该滚回家乡，独自咬舌自尽吧！"
    },
    {
      "id": 8,
      "model": "이스마엘",
      "content": "这、这些人为何要将我带走？"
    },
    {
      "id": 9,
      "model": "이스마엘",
      "content": "为何不让出自己的技术成了罪过？"
    },
    {
      "id": 10,
      "model": "이스마엘",
      "content": "我的技术没有价值！这不是你说的吗，灵之！救救我！我不想被带走！"
    },
    {
      "id": 11,
      "model": "홍루",
      "content": "……"
    },
    {
      "id": 12,
      "model": "홍루",
      "content": "无论我们怎么想……办法都仅有一种。"
    },
    {
      "id": 13,
      "model": "홍루",
      "content": "我回去的话，一切就都结束了。但如果我交出玻璃……"
    },
    {
      "id": 14,
      "model": "과거동백",
      "teller": "冬柏",
      "title": "九人会",
      "content": "如果你被捕，我们九人会就全完了。如果玻璃技术落入他们手中，天知道他们会拿它来干什么？"
    },
    {
      "id": 15,
      "model": "이상",
      "content": "环绕在空气中的绝望之声，什么也改变不了。"
    },
    {
      "id": 16,
      "model": "이상",
      "content": "然后，便是那些拒绝交出技术的人……"
    },
    {
      "id": 17,
      "model": "뫼르소",
      "content": "我知道轮到我了。"
    },
    {
      "id": 18,
      "model": "뫼르소",
      "content": "还有……我不认为我们会再会了。"
    },
    {
      "id": 19,
      "model": "이상",
      "content": "那些被平静带走的人……"
    },
    {
      "id": 20,
      "model": "그레고르",
      "content": "我已经厌倦这种躲躲藏藏的生活了。"
    },
    {
      "id": 21,
      "model": "그레고르",
      "content": "我要走自己的路。希望我们再也不会。"
    },
    {
      "id": 22,
      "model": "이상",
      "content": "那些按自己意愿离开的人……"
    },
    {
      "id": 23,
      "model": "파우스트",
      "content": "我遇到了一个海一般的孩子。"
    },
    {
      "id": 24,
      "model": "파우스트",
      "content": "它与玻璃……或是镜子都不一样，但我喜欢那些在海洋的潮汐和波浪中反射出来的东西。"
    },
    {
      "id": 25,
      "model": "파우스트",
      "content": "我不知道水有多深，于是我便决定追随它。"
    },
    {
      "id": 26,
      "model": "이상",
      "content": "还有那些仅留些许意义不明之语，永远消失的人。"
    },
    {
      "id": 27,
      "model": "이상",
      "content": "就像这样……严冬已至。"
    },
    {
      "id": 28,
      "model": "이스마엘",
      "content": "……"
    },
    {
      "id": 29,
      "model": "이스마엘",
      "content": "真是痛苦的经历。就好像我真的是九人会的一员一样……"
    },
    {
      "id": 30,
      "model": "파우스트",
      "content": "我们在与他们的记忆同步，当然会被他们的痕迹影响。"
    }
  ]
}