{
  "dataList": [
    {
      "id": 0,
      "model": "스테파네트",
      "teller": "斯蒂芬妮",
      "title": "？？？",
      "content": "真是个凄美的故事吧？"
    },
    {
      "id": 1,
      "model": "스테파네트",
      "teller": "斯蒂芬妮",
      "title": "？？？",
      "content": "如果世界上所有的故事都是幸福的，天空便也许不再需要星星了。"
    },
    {
      "id": 2,
      "model": "스테파네트",
      "teller": "斯蒂芬妮",
      "title": "？？？",
      "content": "因为星星自孤独和黑暗中诞生。"
    },
    {
      "id": 3,
      "model": "스테파네트",
      "teller": "斯蒂芬妮",
      "title": "？？？",
      "content": "这就是为什么你会喜欢我的故事。"
    },
    {
      "id": 4,
      "model": "스테파네트",
      "teller": "斯蒂芬妮",
      "title": "？？？",
      "content": "……"
    },
    {
      "id": 5,
      "model": "스테파네트",
      "teller": "斯蒂芬妮",
      "title": "？？？",
      "content": "我会告诉你更多其他有关世界的故事。"
    },
    {
      "id": 6,
      "model": "스테파네트",
      "teller": "斯蒂芬妮",
      "title": "？？？",
      "content": "所以代我哭泣吧。为了我，和剩下的所有人。"
    }
  ]
}