{
  "dataList": [
    {
      "id": 0,
      "place": "一无所有的九人会",
      "model": "이상",
      "content": "九人会的崩裂粉碎了一切，我周围的一切也随之戛然而止。"
    },
    {
      "id": 1,
      "model": "이상",
      "content": "停止，也就意味着停止关心……与冷漠。"
    },
    {
      "id": 2,
      "model": "이상",
      "content": "即意味着……"
    },
    {
      "id": 3,
      "model": "이상",
      "content": "哪怕我就这样风化消逝、任人践踏，也无所谓了。"
    },
    {
      "id": 4,
      "model": "이상",
      "content": "但在那时，有人抓住了我的手臂。"
    },
    {
      "id": 5,
      "model": "과거구보",
      "teller": "仇甫",
      "title": "？？？",
      "content": "像你这样的人居然逆来顺受地任由T公司的技术局员工将你带走？你终于疯了吗，李箱？"
    },
    {
      "id": 6,
      "model": "과거구보",
      "teller": "仇甫",
      "title": "？？？",
      "content": "你必须跟我一起走。"
    },
    {
      "id": 7,
      "model": "이상",
      "content": "除点头外，我还能做些什么呢。"
    },
    {
      "id": 8,
      "model": "이상",
      "content": "如果他说我应被技术局的员工带走，我也会点头的。"
    },
    {
      "id": 9,
      "model": "이상",
      "content": "如果他说我应将镜子技术丢进概念焚化炉，我也会照做的。"
    },
    {
      "id": 10,
      "model": "이상",
      "content": "如果他说我应当场装作自己一无所知，我也会照做的。"
    },
    {
      "id": 11,
      "model": "이상",
      "content": "九人之中有多少人幸免于难……"
    },
    {
      "id": 12,
      "model": "이상",
      "content": "我不知晓。"
    }
  ]
}