{
  "dataList": [
    {
      "id": 0,
      "place": "逐渐枯萎的九人会",
      "model": "T사기술청2",
      "teller": "4级征收人员",
      "title": "T公司",
      "content": "九人会的领袖灵之，和他的玻璃技术在哪里？"
    },
    {
      "id": 1,
      "model": "과거동백",
      "teller": "冬柏",
      "title": "九人会",
      "content": "……"
    },
    {
      "id": 2,
      "model": "T사기술청2",
      "teller": "4级征收人员",
      "title": "T公司",
      "content": "这是你们为错用时间所付出的代价。"
    },
    {
      "id": 3,
      "model": "T사기술청2",
      "teller": "4级征收人员",
      "title": "T公司",
      "content": "打开地下室的门。"
    },
    {
      "id": 4,
      "model": "과거동백",
      "teller": "冬柏",
      "title": "九人会",
      "content": "他们怎么知道有地下室的……"
    },
    {
      "id": 5,
      "model": "과거동백",
      "teller": "冬柏",
      "title": "九人会",
      "content": "我们之中有人背叛了。"
    },
    {
      "id": 6,
      "model": "과거동백",
      "teller": "冬柏",
      "title": "九人会",
      "content": "甲龙昨天就消失了……一定是他。"
    },
    {
      "id": 7,
      "model": "오티스",
      "content": "这都不重要了，冬柏。我们得赶紧逃跑。"
    },
    {
      "id": 8,
      "model": "과거동백",
      "teller": "冬柏",
      "title": "九人会",
      "content": "……伙计们，为什么不最后再开一次壮丽的烟花盛典呢？从远处看，烟花可是一朵相当美丽的花朵。"
    },
    {
      "id": 9,
      "model": "오티스",
      "content": "冬柏。难道你要在这里……"
    },
    {
      "id": 10,
      "model": "과거동백",
      "teller": "冬柏",
      "title": "九人会",
      "content": "让我最后再问一次。你们之中没有叛徒，对吧？"
    },
    {
      "id": 11,
      "model": "이상",
      "content": "没有任何疑问。"
    },
    {
      "id": 12,
      "model": "오티스",
      "content": "相当荒谬的问题。"
    },
    {
      "id": 13,
      "model": "동랑",
      "teller": "东朗",
      "title": "K公司 粮食资源改良部门",
      "content": "……"
    },
    {
      "id": 14,
      "model": "동랑",
      "teller": "东朗",
      "title": "K公司 粮食资源改良部门",
      "content": "……是我，冬柏。是我出卖九人会的。"
    },
    {
      "id": 15,
      "model": "과거동백",
      "teller": "冬柏",
      "title": "九人会",
      "content": "……"
    },
    {
      "id": 16,
      "content": "随着爆炸声响起，我看到最后的景象便是冬柏烧焦了一半的脸……"
    },
    {
      "id": 17,
      "content": "以及……"
    },
    {
      "id": 18,
      "content": "我们的九人会……在无色的火焰中燃烧殆尽。"
    },
    {
      "id": 19,
      "place": "一无所有的九人会",
      "model": "이상",
      "content": "……"
    },
    {
      "id": 20,
      "model": "이상",
      "content": "不对，东朗。你从来都没跟冬柏坦白过。"
    },
    {
      "id": 21,
      "model": "이상",
      "content": "冬柏……一直都不知道。她知道一定是我们当中的一人，这就是为何她一直在怀疑我们。"
    },
    {
      "id": 22,
      "place": "放映室",
      "model": "동랑",
      "teller": "东朗",
      "title": "K公司 粮食资源改良部门",
      "content": "其实是我，冬柏。那天告密的人是我。"
    },
    {
      "id": 23,
      "model": "동백에고각성중_찔림",
      "teller": "冬柏",
      "title": "九人会",
      "content": "果然是……果然是……！！！你……你……个该死的叛徒！！！！"
    },
    {
      "id": 24,
      "place": "一无所有的九人会",
      "model": "이상",
      "content": "于是，奄奄一息的冬柏眼中染上了怒火……"
    },
    {
      "id": 25,
      "model": "이상",
      "content": "而那脆弱的自我（E.G.O）也随之破损开裂，散落成花瓣。"
    },
    {
      "id": 26,
      "model": "동랑",
      "teller": "东朗",
      "title": "K公司 粮食资源改良部门",
      "content": "……你知道吗，李箱？"
    },
    {
      "id": 27,
      "model": "동랑",
      "teller": "东朗",
      "title": "K公司 粮食资源改良部门",
      "content": "如果你的前门传来响亮的滴答声，那就说明T公司的技术局员工已经来到你家了。"
    },
    {
      "id": 28,
      "model": "동랑",
      "teller": "东朗",
      "title": "K公司 粮食资源改良部门",
      "content": "我们几乎都有被他们拜访过的经历。那是一次难忘的体验。不过，你应该不知道吧。因为作为一名高级建筑师，你一定被T公司的恩典所护佑。"
    },
    {
      "id": 29,
      "model": "동랑",
      "teller": "东朗",
      "title": "K公司 粮食资源改良部门",
      "content": "大多数情况下，初次拜访往往安静而突然。大多数人都会被这些不速之客搅得心烦意乱……但是他们心中还留着对九人会的自豪与信念。"
    },
    {
      "id": 30,
      "model": "동랑",
      "teller": "东朗",
      "title": "K公司 粮食资源改良部门",
      "content": "他们也知道这一点。但他们也知道，这次拜访烙下了他们随时会回来的恐惧。"
    },
    {
      "id": 31,
      "model": "동랑",
      "teller": "东朗",
      "title": "K公司 粮食资源改良部门",
      "content": "第二次拜访，情况就变了。他们知道我的时间从何处流淌而来，又前往何方。"
    },
    {
      "id": 32,
      "model": "동랑",
      "teller": "东朗",
      "title": "K公司 粮食资源改良部门",
      "content": "他们了解了我的过去，现在，与未来。我的弱点和欲望全都掌握在了他们手中。"
    },
    {
      "id": 33,
      "model": "동랑",
      "teller": "东朗",
      "title": "K公司 粮食资源改良部门",
      "content": "若是你该会怎么办？会做出与我不同的选择吗？"
    },
    {
      "id": 34,
      "model": "동랑",
      "teller": "东朗",
      "title": "K公司 粮食资源改良部门",
      "content": "而且……你敢断言真的会那么做吗？"
    },
    {
      "id": 35,
      "model": "T사기술청1",
      "teller": "2级征收人员",
      "title": "T公司",
      "content": "有机体。"
    },
    {
      "id": 36,
      "model": "동랑",
      "teller": "东朗",
      "title": "K公司 粮食资源改良部门",
      "content": "……"
    },
    {
      "id": 37,
      "place": "T公司街道 某处",
      "model": "T사기술청1",
      "teller": "2级征收人员",
      "title": "T公司",
      "content": "听说您对其中的动物恢复治疗特别感兴趣。"
    },
    {
      "id": 38,
      "model": "T사기술청1",
      "teller": "2级征收人员",
      "title": "T公司",
      "content": "你知道最近与我们合作的K公司吗？它是正在崛起的翼之一，有着翠光流溢的都市区域。"
    },
    {
      "id": 39,
      "model": "T사기술청1",
      "teller": "2级征收人员",
      "title": "T公司",
      "content": "他们似乎对你的技术很感兴趣。"
    },
    {
      "id": 40,
      "model": "동랑",
      "teller": "东朗",
      "title": "K公司 粮食资源改良部门",
      "content": "……"
    },
    {
      "id": 41,
      "model": "T사기술청1",
      "teller": "2级征收人员",
      "title": "T公司",
      "content": "……众所周知，这种机会是不会降临到每个人身上的。"
    },
    {
      "id": 42,
      "place": "一无所有的九人会",
      "model": "이상",
      "content": "所以，东朗，你在那里达成愿望了吗？"
    },
    {
      "id": 43,
      "model": "동랑",
      "teller": "东朗",
      "title": "K公司 粮食资源改良部门",
      "content": "……"
    }
  ]
}