{
  "dataList": [
    {
      "id": 0,
      "place": "逐渐枯萎的九人会",
      "model": "이스마엘",
      "content": "这不是个概念焚化炉吗？"
    },
    {
      "id": 1,
      "model": "이스마엘",
      "content": "焚化炉怎么会在这里……"
    },
    {
      "id": 2,
      "model": "오티스",
      "content": "我们收到了官方通知，任何没有进行商业注册的五人及以上的私人技术研发小组，必须得到T公司的正式批准。"
    },
    {
      "id": 3,
      "model": "오티스",
      "content": "技术也是如此。任何未经T公司技术局批准的技术将被没收。"
    },
    {
      "id": 4,
      "model": "오티스",
      "content": "无论它们是在技术局登记还是被夺走……最终都会以我们谁都不希望的方式使用。"
    },
    {
      "id": 5,
      "model": "오티스",
      "content": "所以在那之前，我们要亲手毁掉它们。"
    },
    {
      "id": 6,
      "model": "이스마엘",
      "content": "但，为什么是现在？难道，是因为九人会的集会……不对，是和玻璃窗有关……？"
    },
    {
      "id": 7,
      "model": "동랑",
      "teller": "东朗",
      "title": "K公司 粮食资源改良部门",
      "content": "等等，等等。以后我们必须暗地里研发技术的想法说不定是个陷阱？说不定T公司就会给我们批准了？"
    },
    {
      "id": 8,
      "model": "오티스",
      "content": "愚蠢的问题。你忘记九人会是为何成立的吗？我们为了追求纯粹的知识齐聚一堂。而不是为了像无用的骡子一样被翼所奴役。"
    },
    {
      "id": 9,
      "model": "오티스",
      "content": "背井离乡而来的我们，难道要因为T公司就让出我们的知识？事到如今诶？"
    },
    {
      "id": 10,
      "model": "동랑",
      "teller": "东朗",
      "title": "K公司 粮食资源改良部门",
      "content": "让我们从更宏大的视角看看吧。你不觉得我们并非是让给了T公司，而是整座都市吗？"
    },
    {
      "id": 11,
      "model": "동랑",
      "teller": "东朗",
      "title": "K公司 粮食资源改良部门",
      "content": "技术只有为他人所用时才有价值。在那之前，只不过是玩具而已。"
    },
    {
      "id": 12,
      "model": "동랑",
      "teller": "东朗",
      "title": "K公司 粮食资源改良部门",
      "content": "只要有我研发的这项治疗技术，至少能拯救都市内数百人的生命。"
    },
    {
      "id": 13,
      "model": "동랑",
      "teller": "东朗",
      "title": "K公司 粮食资源改良部门",
      "content": "但这个连实体也没有……只剩虚像的九人会，我们真的有必要去保护而浪费这个机会吗？"
    },
    {
      "id": 14,
      "model": "과거동백",
      "teller": "冬柏",
      "title": "九人会",
      "content": "东朗，如果你不打算拯救都市里的所有人，就别再做半吊子的尝试了。"
    },
    {
      "id": 15,
      "model": "과거동백",
      "teller": "冬柏",
      "title": "九人会",
      "content": "如果我认为仅用这样的技术就能拯救所有人，那我早就为它献上一切了。"
    },
    {
      "id": 16,
      "model": "과거동백",
      "teller": "冬柏",
      "title": "九人会",
      "content": "但……你觉得那又能改变什么吗？这个世界依旧污浊不堪。"
    },
    {
      "id": 17,
      "model": "동랑",
      "teller": "东朗",
      "title": "K公司 粮食资源改良部门",
      "content": "……"
    },
    {
      "id": 18,
      "model": "동랑",
      "teller": "东朗",
      "title": "K公司 粮食资源改良部门",
      "content": "是啊，我想错了。这一切都没有意义。"
    },
    {
      "id": 19,
      "model": "동랑",
      "teller": "东朗",
      "title": "K公司 粮食资源改良部门",
      "content": "哇……这个焚化炉……烧得真快。创造它的人，也是像我们一样追求纯粹的探索的研究员吗？"
    },
    {
      "id": 20
    },
    {
      "id": 21,
      "model": "이상",
      "content": "东朗……你确定你还好吗？"
    },
    {
      "id": 22,
      "model": "동랑",
      "teller": "东朗",
      "title": "K公司 粮食资源改良部门",
      "content": "啊，来看看这个，李箱。"
    },
    {
      "id": 23,
      "model": "동랑",
      "teller": "东朗",
      "title": "K公司 粮食资源改良部门",
      "content": "这是我无意在后巷里发现的一个神奇物品。"
    },
    {
      "id": 24,
      "model": "동랑",
      "teller": "东朗",
      "title": "K公司 粮食资源改良部门",
      "content": "似乎它是一个名叫K公司的翼近期生产的物品。好像由一群看上去是液体的小型纳米机器人组成，如果注射它进体内……"
    },
    {
      "id": 25,
      "model": "동랑",
      "teller": "东朗",
      "title": "K公司 粮食资源改良部门",
      "content": "不管你被碾压、伤害、骨折、贯穿、撕裂还是肢解得多严重……"
    },
    {
      "id": 26,
      "model": "동랑",
      "teller": "东朗",
      "title": "K公司 粮食资源改良部门",
      "content": "很快都能恢复。很神奇吧？只需一小会，痛苦就消失了。哈哈哈。"
    },
    {
      "id": 27,
      "model": "동랑",
      "teller": "东朗",
      "title": "K公司 粮食资源改良部门",
      "content": "所以受伤也没关系。没必要为了治愈过去而把自己搞得身心俱疲。那挺蠢的，对吧？"
    },
    {
      "id": 28,
      "model": "이상",
      "content": "……东朗。"
    }
  ]
}