{
  "dataList": [
    {
      "id": 0,
      "place": "变得嘈杂起来的九人会",
      "model": "과거동백",
      "teller": "冬柏",
      "title": "九人会",
      "content": "……"
    },
    {
      "id": 1,
      "model": "과거동백",
      "teller": "冬柏",
      "title": "九人会",
      "content": "这次朗术会，灵之也没来。"
    },
    {
      "id": 2,
      "model": "동랑",
      "teller": "东朗",
      "title": "K公司 粮食资源改良部门",
      "content": "我听说他被翼正式聘请了。这大概是第二次了。"
    },
    {
      "id": 3,
      "model": "파우스트",
      "content": "我们不知道是哪片翼吗？"
    },
    {
      "id": 4,
      "model": "그레고르",
      "content": "没有人知道。"
    },
    {
      "id": 5,
      "model": "동랑",
      "teller": "东朗",
      "title": "K公司 粮食资源改良部门",
      "content": "你为何这么不高兴？坚决拒绝和灵之哥一起去的提议的人不是你吗，冬柏。"
    },
    {
      "id": 6,
      "model": "과거동백",
      "teller": "冬柏",
      "title": "九人会",
      "content": "……"
    },
    {
      "id": 7,
      "model": "동랑",
      "teller": "东朗",
      "title": "K公司 粮食资源改良部门",
      "content": "没必要这么执着于九这个数字。就算只有八个人，或是五个人，又怎么样？"
    },
    {
      "id": 8,
      "model": "로쟈",
      "content": "说起来，东朗先生……你准备在那个动物医院玩多久？"
    },
    {
      "id": 9,
      "model": "로쟈",
      "content": "我之前在百忙之中特地抽出时间去看了看灵之哥的团队是什么样的……可那里只有儿童玩具一样的东西。"
    },
    {
      "id": 10,
      "model": "동랑",
      "teller": "东朗",
      "title": "K公司 粮食资源改良部门",
      "content": "哦，讷人，好久不见。很高兴在这里都能遇见同乡。"
    },
    {
      "id": 11,
      "model": "동랑",
      "teller": "东朗",
      "title": "K公司 粮食资源改良部门",
      "content": "你来T公司的时间比我们晚，但适应起来似乎比我们都快。"
    },
    {
      "id": 12,
      "model": "동랑",
      "teller": "东朗",
      "title": "K公司 粮食资源改良部门",
      "content": "不过……被说成像小孩子的玩具，让人有点伤心啊。"
    },
    {
      "id": 13,
      "model": "동랑",
      "teller": "东朗",
      "title": "K公司 粮食资源改良部门",
      "content": "你要是知道动物和人一样有痛觉的话，就不会随便说这种话了。"
    },
    {
      "id": 14,
      "model": "로쟈",
      "content": "好吧，如果那些动物能用钱报答东朗先生的恩情~我就收回我说的话。"
    },
    {
      "id": 15,
      "model": "과거동백",
      "teller": "冬柏",
      "title": "九人会",
      "content": "讷人，你以为这里是个庸俗的技术拍卖行嘛？"
    },
    {
      "id": 16,
      "model": "과거동백",
      "teller": "冬柏",
      "title": "九人会",
      "content": "就在几个月前你都不屑于看我们一眼，说朗术会已经落伍了……怎么，你现在是又想分一杯羹嘛？"
    },
    {
      "id": 17,
      "model": "동랑",
      "teller": "东朗",
      "title": "K公司 粮食资源改良部门",
      "content": "冬柏……"
    },
    {
      "id": 18,
      "model": "과거동백",
      "teller": "冬柏",
      "title": "九人会",
      "content": "别以为我是在袒护你。我只是不想见到她的脸罢了。"
    },
    {
      "id": 19,
      "model": "과거동백",
      "teller": "冬柏",
      "title": "九人会",
      "content": "但是……你为什么如此热衷于治疗动物？他们又不是人。你打算怎样维生？"
    },
    {
      "id": 20,
      "model": "동랑",
      "teller": "东朗",
      "title": "K公司 粮食资源改良部门",
      "content": "你真喜欢唠叨。也许，我可以开一家鸡肉餐厅？"
    },
    {
      "id": 21,
      "model": "과거동백",
      "teller": "冬柏",
      "title": "九人会",
      "content": "什么？"
    },
    {
      "id": 22,
      "model": "동랑",
      "teller": "东朗",
      "title": "K公司 粮食资源改良部门",
      "content": "来，听我说。我可以让鸡长出很多翅膀……然后再无痛地把它们切下来。"
    },
    {
      "id": 23,
      "model": "동랑",
      "teller": "东朗",
      "title": "K公司 粮食资源改良部门",
      "content": "它们只需要一双翅膀便可以飞翔。这样一来，人们就有更多肉可以吃了，而那些鸡也没什么损失。"
    },
    {
      "id": 24,
      "model": "과거동백",
      "teller": "冬柏",
      "title": "九人会",
      "content": "什么……"
    },
    {
      "id": 25,
      "model": "이상",
      "content": "你准备给这些鸡取什么名字？"
    },
    {
      "id": 26,
      "model": "동랑",
      "teller": "东朗",
      "title": "K公司 粮食资源改良部门",
      "content": "让我想想，东东鸡怎么样？"
    },
    {
      "id": 27,
      "model": "과거동백",
      "teller": "冬柏",
      "title": "九人会",
      "content": "东朗，绝对不要再给任何东西取名了。知道了吗？"
    },
    {
      "id": 28,
      "model": "이상",
      "content": "在那时，我仿佛听到了一个微弱的声音。"
    },
    {
      "id": 29,
      "model": "이상",
      "content": "碎裂的声音。"
    },
    {
      "id": 30,
      "model": "이상",
      "content": "即便我清楚一点点的裂痕会带来怎样的后果，但最终我还是选择了刻意去忽视它……"
    },
    {
      "id": 31,
      "model": "이상",
      "content": "也许我仅仅是想假装从未听到过……"
    },
    {
      "id": 32,
      "model": "이상",
      "content": "我天真地认为，只要斜着观察一切就足矣、就足够深刻、就能够感到自满……"
    },
    {
      "id": 33,
      "model": "이상",
      "content": "我意识到得太晚了。"
    },
    {
      "id": 34,
      "model": "동랑",
      "teller": "东朗",
      "title": "K公司 粮食资源改良部门",
      "content": "你知道吗，冬柏？"
    },
    {
      "id": 35,
      "model": "동랑",
      "teller": "东朗",
      "title": "K公司 粮食资源改良部门",
      "content": "你的话对我也没什么安慰。"
    },
    {
      "id": 36,
      "model": "동랑",
      "teller": "东朗",
      "title": "K公司 粮食资源改良部门",
      "content": "事实上讷人的话却让我领悟了许多。"
    },
    {
      "id": 37,
      "model": "동랑",
      "teller": "东朗",
      "title": "K公司 粮食资源改良部门",
      "content": "不管你怎么努力，只要技术不能立刻投入使用……就没有人会多看它一眼。"
    }
  ]
}