{
  "dataList": [
    {
      "id": 0,
      "teller": "斯蒂芬妮",
      "title": "？？？",
      "content": "别那么伤心……"
    },
    {
      "id": 1,
      "teller": "斯蒂芬妮",
      "title": "？？？",
      "content": "我不想用你的眼泪来逃避岁月的流逝……"
    },
    {
      "id": 2,
      "teller": "斯蒂芬妮",
      "title": "？？？",
      "content": "那些眼泪应为更需要它的人们而用。"
    },
    {
      "id": 3,
      "teller": "斯蒂芬妮",
      "title": "？？？",
      "content": "不要忘记了，你是一颗……为所有痛苦的人们而存在的无名之星……"
    },
    {
      "id": 4,
      "place": "K公司某处的实验室",
      "model": "K사임원진1",
      "teller": "自以为是的K公司高管",
      "title": "K公司",
      "content": "对于斯蒂芬妮女士的离世……我们K公司谨在尊重她崇高遗愿的同时，表达我们的遗憾……"
    },
    {
      "id": 5,
      "model": "알폰소",
      "teller": "阿方索",
      "title": "K公司",
      "content": "为什么要说得如此拐弯抹角？"
    },
    {
      "id": 6,
      "model": "알폰소",
      "teller": "阿方索",
      "title": "K公司",
      "content": "你最想说的还有别的吧。那就是我们当中谁将成为下一任代表……"
    },
    {
      "id": 7,
      "model": "K사임원진1",
      "teller": "自以为是的K公司高管",
      "title": "K公司",
      "content": "……嗯。"
    },
    {
      "id": 8,
      "model": "K사임원진2",
      "teller": "冲动的K公司高管",
      "title": "K公司",
      "content": "咳……"
    },
    {
      "id": 9,
      "model": "알폰소",
      "teller": "阿方索",
      "title": "K公司",
      "content": "不过……决定谁成为代表应该很简单，对吧？我们每人为了翼与巢的复兴作出了多少贡献……"
    },
    {
      "id": 10,
      "model": "K사임원진2",
      "teller": "冲动的K公司高管",
      "title": "K公司",
      "content": "当斯蒂芬妮女士因为年事已高，口齿不清之时……是我代她提取的眼泪。"
    },
    {
      "id": 11,
      "model": "K사임원진1",
      "teller": "自以为是的K公司高管",
      "title": "K公司",
      "content": "你不会……就只是买来那什么“刺痛而又温暖人心的童话故事”，然后让你的下属大声读出来吧？眼泪的产量可在不断下降啊。"
    },
    {
      "id": 12,
      "model": "K사임원진2",
      "teller": "冲动的K公司高管",
      "title": "K公司",
      "content": "……你说完了吗？"
    },
    {
      "id": 13,
      "model": "K사임원진1",
      "teller": "自以为是的K公司高管",
      "title": "K公司",
      "content": "咕……等、等下。"
    },
    {
      "id": 14,
      "model": "K사임원진2",
      "teller": "冲动的K公司高管",
      "title": "K公司",
      "content": "这就是你乱说话的代价。你知道我的脾气，还敢这样胡说八道？"
    },
    {
      "id": 15,
      "model": "K사임원진1",
      "teller": "自以为是的K公司高管",
      "title": "K公司",
      "content": "呜……董事会要是知道了，肯定不会放过你……的吧……"
    },
    {
      "id": 16,
      "model": "K사임원진2",
      "teller": "冲动的K公司高管",
      "title": "K公司",
      "content": "在那之前你就会先完蛋的。"
    },
    {
      "id": 17,
      "model": "알폰소",
      "teller": "阿方索",
      "title": "K公司",
      "content": "……"
    },
    {
      "id": 18,
      "model": "알폰소",
      "teller": "阿方索",
      "title": "K公司",
      "content": "啊，我们的斯蒂芬妮大人……您到最后都是那么温柔。"
    },
    {
      "id": 19,
      "model": "알폰소",
      "teller": "阿方索",
      "title": "K公司",
      "content": "没人说眼泪必须以高尚的方式流下。"
    },
    {
      "id": 20,
      "model": "알폰소",
      "teller": "阿方索",
      "title": "K公司",
      "content": "各位，我似乎已经找到答案了。"
    },
    {
      "id": 21,
      "model": "알폰소",
      "teller": "阿方索",
      "title": "K公司",
      "content": "坐上代表位置的方法其实很简单。那就是K公司的复兴。"
    },
    {
      "id": 22,
      "model": "알폰소",
      "teller": "阿方索",
      "title": "K公司",
      "content": "现在只剩下董事会的投票了。"
    },
    {
      "id": 23,
      "model": "돈키호테",
      "content": "住手……！为了众人而迫使某人目视绝望并身陷囹圄，岂有此理……"
    },
    {
      "id": 24,
      "model": "파우스트",
      "content": "他们听不到的。这段记忆并不是来自李箱先生……而是一段有关眼泪的场景碎片。"
    },
    {
      "id": 25,
      "model": "동랑",
      "teller": "东朗",
      "title": "K公司 粮食资源改良部门",
      "content": "啊，你难道不知道吗，仅那一个奇点便拯救了数不清的生命。"
    },
    {
      "id": 26,
      "model": "동랑",
      "teller": "东朗",
      "title": "K公司 粮食资源改良部门",
      "content": "仿佛过去我那没能实现的梦想，由谁替我实现了一般。"
    },
    {
      "id": 27,
      "model": "로쟈",
      "content": "……"
    },
    {
      "id": 28,
      "model": "동랑",
      "teller": "东朗",
      "title": "K公司 粮食资源改良部门",
      "content": "如果装在那个容器里的是我的话……那我一定会满怀感激地奉献出自己的一切。毫无保留地，献出一切。"
    },
    {
      "id": 29,
      "model": "동랑",
      "teller": "东朗",
      "title": "K公司 粮食资源改良部门",
      "content": "因此我们能做到的只有……看着它并表示感谢与尊重。"
    },
    {
      "id": 30,
      "model": "동랑",
      "teller": "东朗",
      "title": "K公司 粮食资源改良部门",
      "content": "就像是看着故乡的星星一般。"
    }
  ]
}