{
  "dataList": [
    {
      "id": 0,
      "place": "K公司某处的实验室",
      "model": "이상",
      "content": "即便我认为自己确已离开。"
    },
    {
      "id": 1,
      "model": "이상",
      "content": "……但仍感觉自己实际上仍停留在那纯白的四方形中。"
    },
    {
      "id": 2,
      "model": "이상",
      "content": "万事万物，如今都排列成一连串的点，带不来一点刺激或灵感。"
    },
    {
      "id": 3,
      "model": "이상",
      "content": "我是否应该继续跟从这毫无意义的漫步，以耗尽我的人生？"
    },
    {
      "id": 4,
      "model": "이상",
      "content": "我们都不过是不断被剪去羽翼的肉鸡……"
    },
    {
      "id": 5,
      "model": "싱클레어",
      "content": "李箱先生，您站的地方……"
    },
    {
      "id": 6,
      "model": "홍루",
      "content": "但丁阁下。"
    },
    {
      "id": 7,
      "model": "홍루",
      "content": "即便我仅仅是口头转述了灵之的字句……但我是这么理解的。"
    },
    {
      "id": 8,
      "model": "홍루",
      "content": "也许，李箱先生所著的这些书信……并不单是为了那镜中的李箱先生一人。"
    },
    {
      "id": 9,
      "model": "홍루",
      "content": "那些是致他过去、现在和未来，所有与他相连之人的书信。"
    },
    {
      "id": 10,
      "model": "단테",
      "content": "<你是说，也包括我们……>"
    },
    {
      "id": 11,
      "model": "홍루",
      "content": "我想，这一路以来，李箱先生其实都在寻求帮助。"
    },
    {
      "id": 12,
      "model": "단테",
      "content": "<李箱……>"
    },
    {
      "id": 13,
      "model": "단테",
      "content": "<离开N公司之前，你在想些什么？>"
    },
    {
      "id": 14,
      "model": "이상",
      "content": "当我离开仇甫时……"
    },
    {
      "id": 15,
      "model": "이상",
      "content": "星星暗淡无光，漆黑笼罩天际，我觉得自己仿若残废。"
    },
    {
      "id": 16,
      "model": "이상",
      "content": "但是……"
    },
    {
      "id": 17,
      "model": "이상",
      "content": "我突然觉得也许有某个地方，能让失去翅膀、一瘸一拐的我继续活下去。"
    },
    {
      "id": 18,
      "model": "이상",
      "content": "希望的丝线脆弱到不能再脆弱，但我依然紧紧握住了这一微小的可能性。"
    },
    {
      "id": 19,
      "model": "동백",
      "teller": "冬柏",
      "title": "？？？",
      "content": "我们在……至少我在看到你的镜子的时候，发现了我们身上没有的东西。"
    },
    {
      "id": 20,
      "model": "동백",
      "teller": "冬柏",
      "title": "？？？",
      "content": "所以看上去是如此遥远，所以我只能眺望。"
    },
    {
      "id": 21,
      "model": "동백",
      "teller": "冬柏",
      "title": "？？？",
      "content": "所以我不得不安于现实。"
    },
    {
      "id": 22,
      "model": "동백",
      "teller": "冬柏",
      "title": "？？？",
      "content": "就像我一边看着烟火一边幻想着星星一般。"
    },
    {
      "id": 23,
      "model": "동백",
      "teller": "冬柏",
      "title": "？？？",
      "content": "但是镜是……"
    },
    {
      "id": 24,
      "model": "동백",
      "teller": "冬柏",
      "title": "？？？",
      "content": "展现可能性的技术。所以……明白吗？没有去羡慕镜中景象的必要。"
    },
    {
      "id": 25,
      "model": "동백",
      "teller": "冬柏",
      "title": "？？？",
      "content": "你曾注视着的……是你自身拥有的可能性。"
    },
    {
      "id": 26,
      "model": "동백",
      "teller": "冬柏",
      "title": "？？？",
      "content": "你从最开始便拥有着。"
    },
    {
      "id": 27,
      "model": "동백",
      "teller": "冬柏",
      "title": "？？？",
      "content": "这双将可能性变为现实的翅膀。"
    },
    {
      "id": 28,
      "model": "동백",
      "teller": "冬柏",
      "title": "？？？",
      "content": "……这是我一直想告诉你的。"
    },
    {
      "id": 29,
      "model": "이상",
      "content": "……"
    },
    {
      "id": 30,
      "model": "파우스트",
      "teller": "？？？",
      "title": "？？？",
      "content": "最初的罪人，李箱。我已待你多时。"
    },
    {
      "id": 31,
      "model": "파우스트",
      "teller": "？？？",
      "title": "？？？",
      "content": "如果你加入边狱公司……"
    },
    {
      "id": 32,
      "model": "파우스트",
      "teller": "？？？",
      "title": "？？？",
      "content": "我会帮你取回那被撕裂而破碎的双翼。"
    },
    {
      "id": 33,
      "model": "파우스트",
      "teller": "？？？",
      "title": "？？？"
    },
    {
      "id": 34,
      "model": "이상",
      "content": "……"
    },
    {
      "id": 35,
      "model": "상이",
      "teller": "箱李",
      "title": "研心",
      "content": "怎么样？"
    },
    {
      "id": 36,
      "model": "이상",
      "content": "我……"
    },
    {
      "id": 37,
      "model": "이상",
      "content": "我没有将那些破裂的碎片再度拾起的才能。"
    },
    {
      "id": 38,
      "model": "이상",
      "content": "但是，那些闪耀的目光……并非虚假。"
    },
    {
      "id": 39,
      "model": "상이",
      "teller": "箱李",
      "title": "研心",
      "content": "我们曲折的道路大概会徘徊于不幸之中吧。"
    },
    {
      "id": 40,
      "model": "상이",
      "teller": "箱李",
      "title": "研心",
      "content": "被当作缘分的东西总有一天会散尽，越是重要的事物越是会变得粉碎，刺穿你本就柔软的心。"
    },
    {
      "id": 41,
      "model": "이상",
      "content": "……我已经明白了。"
    },
    {
      "id": 42,
      "model": "이상",
      "content": "正因如此，万物都如同虚无般不过存在于刹那间。"
    },
    {
      "id": 43,
      "model": "단테",
      "content": "<李箱，你为什么做出了镜子？>"
    },
    {
      "id": 44,
      "model": "이상",
      "content": "……"
    },
    {
      "id": 45,
      "model": "이상",
      "content": "我……"
    },
    {
      "id": 46,
      "model": "이상",
      "content": "从未为了赋予价值而去创造技术。"
    },
    {
      "id": 47,
      "model": "이상",
      "content": "我也知道自己没有回到过去的才能。"
    },
    {
      "id": 48,
      "model": "이상",
      "content": "只是……"
    },
    {
      "id": 49,
      "model": "상이",
      "teller": "箱李",
      "title": "研心",
      "content": "你手持的那枚镜子……"
    },
    {
      "id": 50,
      "model": "이상",
      "content": "我称其为研心。"
    },
    {
      "id": 51,
      "model": "상이",
      "teller": "箱李",
      "title": "研心",
      "content": "研心（研寻）吗……"
    },
    {
      "id": 52,
      "model": "이상",
      "content": "这是研磨而成的产物……甚至于心灵也被打磨，使其绽放光芒。"
    },
    {
      "id": 53,
      "model": "상이",
      "teller": "箱李",
      "title": "研心",
      "content": "这样啊。看来所有的李箱对于研究都十分投入啊。"
    },
    {
      "id": 54,
      "model": "이상",
      "content": "我以为我已经失去了翅膀，不再拥有它们。"
    },
    {
      "id": 55,
      "model": "이상",
      "content": "我以为我一直所执着于研究，只是可怜地抚摸着曾有翅膀的关节……"
    },
    {
      "id": 56,
      "model": "이상",
      "content": "但我相信现在我已经知晓了镜真实的名字。"
    },
    {
      "id": 57,
      "model": "이상",
      "content": "研心（连心）。"
    },
    {
      "id": 58,
      "model": "이상",
      "content": "这是连接心与心的桥梁。"
    },
    {
      "id": 59,
      "model": "이상",
      "content": "为了不懈地扇动翅膀活下去，而做出了镜。"
    },
    {
      "id": 60,
      "model": "이상",
      "content": "就算坠落也无妨，仍期望着能再一次向天空飞翔。"
    },
    {
      "id": 61,
      "model": "이상",
      "content": "总有一天会迎来注定的绝望……但正因如此……无论在何处……也一定要活下去。"
    },
    {
      "id": 62,
      "model": "이상",
      "content": "是否拥有翅膀……并不是什么重要的事。"
    },
    {
      "id": 63,
      "model": "상이",
      "teller": "箱李",
      "title": "研心",
      "content": "……"
    },
    {
      "id": 64,
      "model": "상이",
      "teller": "箱李",
      "title": "研心",
      "content": "所有的李箱都拥有着出类拔萃的才能。同时所有的李箱都是无知的。"
    },
    {
      "id": 65,
      "model": "상이",
      "teller": "箱李",
      "title": "研心",
      "content": "在所有的李箱身上都能看见翅膀，但只有一个李箱能够飞翔。"
    },
    {
      "id": 66,
      "model": "이상",
      "content": "那样的话……"
    },
    {
      "id": 67,
      "model": "상이",
      "teller": "箱李",
      "title": "研心",
      "content": "虽然镜中的李箱和镜外的李箱是相反的……但他们也有相似之处。"
    },
    {
      "id": 68,
      "model": "상이",
      "teller": "箱李",
      "title": "研心",
      "content": "那正是你所看到的……那绚烂辉煌的翅膀。"
    },
    {
      "id": 69,
      "model": "상이",
      "teller": "箱李",
      "title": "研心",
      "content": "那是我的翅膀，也是映于镜中的你的翅膀。"
    },
    {
      "id": 70,
      "model": "상이",
      "teller": "箱李",
      "title": "研心",
      "content": "我为什么这么想？……这不是理所当然吗。镜子会映出自己的模样。"
    },
    {
      "id": 71,
      "model": "상이",
      "teller": "箱李",
      "title": "研寻",
      "content": "如果你在我身上看到了翅膀，那么翅膀也长在你身上……它们当然属于你。"
    },
    {
      "id": 72,
      "model": "상이",
      "teller": "箱李",
      "title": "研寻",
      "content": "那么，现在试着蹬离地面，展翅高飞吧。"
    },
    {
      "id": 73,
      "model": "이상",
      "content": "我所希望的只有……"
    },
    {
      "id": 74,
      "model": "이상",
      "content": "再一次……"
    },
    {
      "id": 75,
      "model": "이상",
      "content": "展翅飞翔。"
    }
  ]
}