{
  "dataList": [
    {
      "id": 0,
      "content": "不久之后……"
    },
    {
      "id": 1,
      "place": "K公司研究所",
      "content": "由于东朗死亡，所有合同都失效了。"
    },
    {
      "id": 2,
      "content": "于是让给我们金枝的唯一条件变为……"
    },
    {
      "id": 3,
      "model": "알폰소",
      "teller": "阿方索",
      "title": "K公司",
      "content": "不过从结果来说……也不算差。但也不能说是好就是了。"
    },
    {
      "id": 4,
      "model": "알폰소",
      "teller": "阿方索",
      "title": "K公司",
      "content": "介于恐怖组织的首领——是叫冬柏对吧？已经死掉了，组织的瓦解也是迟早的事。那么关于剩下的问题……"
    },
    {
      "id": 5,
      "model": "알폰소",
      "teller": "阿方索",
      "title": "K公司",
      "content": "这样处理如何？"
    },
    {
      "id": 6,
      "model": "알폰소",
      "teller": "阿方索",
      "title": "K公司",
      "content": "今天，在K公司发生的所有事件全部都是由东朗这名抱有反社会倾向的精神异常员工……"
    },
    {
      "id": 7,
      "model": "알폰소",
      "teller": "阿方索",
      "title": "K公司",
      "content": "为了不正当地攫取个人利益以及权力而独自引发的。对吧？"
    },
    {
      "id": 8,
      "model": "이스마엘",
      "content": "……这样就好吗？虽然他对我们来说是敌人……但对你来说是职员吧？"
    },
    {
      "id": 9,
      "model": "알폰소",
      "teller": "阿方索",
      "title": "K公司",
      "content": "嗯……此前已经在电话里和他道过别了。他还挺可爱的。"
    },
    {
      "id": 10,
      "model": "알폰소",
      "teller": "阿方索",
      "title": "K公司",
      "content": "你是边狱公司的执行经理……但丁对吧？作为经理而言你有点过于任人摆布了。"
    },
    {
      "id": 11,
      "model": "알폰소",
      "teller": "阿方索",
      "title": "K公司",
      "content": "将来还想当领导者的话最好记住，发生问题的时候应该尽快将其扼杀在摇篮中。"
    },
    {
      "id": 12,
      "model": "알폰소",
      "teller": "阿方索",
      "title": "K公司",
      "content": "越快越好。"
    },
    {
      "id": 13,
      "model": "단테",
      "content": "<去你妈的。>"
    },
    {
      "id": 14,
      "model": "단테",
      "content": "<委托し协会将施伦妮灭口的就是你吧？>"
    },
    {
      "id": 15,
      "model": "파우스트",
      "content": "……其说知道了。"
    },
    {
      "id": 16,
      "model": "알폰소",
      "teller": "阿方索",
      "title": "K公司",
      "content": "……呼，本来还想着你完全就是个半吊子，但果然经理还是经理啊。"
    },
    {
      "id": 17,
      "model": "알폰소",
      "teller": "阿方索",
      "title": "K公司",
      "content": "啊，还有一件事。"
    },
    {
      "id": 18,
      "model": "알폰소",
      "teller": "阿方索",
      "title": "K公司",
      "content": "我不是很懂为什么事情会复杂到我们K公司的奇点会被外人接触到的程度……"
    },
    {
      "id": 19,
      "model": "알폰소",
      "teller": "阿方索",
      "title": "K公司",
      "content": "落泪之物……"
    },
    {
      "id": 20,
      "model": "알폰소",
      "teller": "阿方索",
      "title": "K公司",
      "content": "是绝对不能对外公开的我们K公司的奇点，也是机密情报。"
    },
    {
      "id": 21,
      "model": "파우스트",
      "content": "边狱公司不会向外部泄露在探索中获得的机密情报。如果您希望的话我们可以签订相关合同……"
    },
    {
      "id": 22,
      "model": "알폰소",
      "teller": "阿方索",
      "title": "K公司",
      "content": "哈、哈。明明刚才你们签过的合同才变成废纸，现在却还在说这种话。"
    },
    {
      "id": 23,
      "model": "알폰소",
      "teller": "阿方索",
      "title": "K公司",
      "content": "那种破纸可当不了凭据。"
    },
    {
      "id": 24,
      "model": "알폰소",
      "teller": "阿方索",
      "title": "K公司",
      "content": "你们去办记忆清除手续吧。"
    },
    {
      "id": 25,
      "model": "료슈",
      "content": "折·脖。要是对我的记忆动手，就不留余地地砍了你。"
    },
    {
      "id": 26,
      "model": "베르길리우스",
      "content": "……就这么办吧。"
    },
    {
      "id": 27,
      "model": "료슈",
      "content": "你这混……"
    },
    {
      "id": 28,
      "model": "알폰소",
      "teller": "阿方索",
      "title": "K公司",
      "content": "算了，反正你们也会忘掉，我就在这里稍微订正一下吧……"
    },
    {
      "id": 29,
      "model": "알폰소",
      "teller": "阿方索",
      "title": "K公司",
      "content": "你们看到的落泪之物并不是本体，而是子个体。"
    },
    {
      "id": 30,
      "model": "알폰소",
      "teller": "阿方索",
      "title": "K公司",
      "content": "那个重要的本体……肯定不能交给来路不明的研究者吧？"
    },
    {
      "id": 31,
      "model": "알폰소",
      "teller": "阿方索",
      "title": "K公司",
      "content": "如果你们把那种寒酸的东西误认成我们翼的骄傲的话，我会伤心的。"
    },
    {
      "id": 32,
      "model": "알폰소",
      "teller": "阿方索",
      "title": "K公司",
      "content": "……啊，反正你们也没机会思考这个问题了。"
    },
    {
      "id": 33,
      "content": "良秀带有杀气的威吓看来也渐渐褪去了……"
    },
    {
      "id": 34,
      "content": "在K公司的高级员工和看上去像是收尾人的人们的粗暴引导下，我们执行了记忆消除手续，罪人们关于落泪之物的记忆被全部抹除了。"
    },
    {
      "id": 35,
      "content": "伴随着，叫我们敬请期待在此之后眼泪会被如何使用的，阿方索最后的话一起……"
    },
    {
      "id": 36,
      "content": "虽然罪人们还记得在实验室中看到了某种东西，但那到底是什么，眼泪是以怎样的方法收集起来的，以及HP弹是被怎样生产出来的，已经没有人记得了。"
    },
    {
      "id": 37
    },
    {
      "id": 38,
      "place": "梅菲斯托费勒斯 内部",
      "model": "단테",
      "content": "<话说李箱……>"
    },
    {
      "id": 39,
      "model": "단테",
      "content": "<你之前想要飞往何处？>"
    },
    {
      "id": 40,
      "model": "이상",
      "content": "只是让我感到舒适的地方就好。"
    },
    {
      "id": 41,
      "model": "단테",
      "content": "<那现在呢？>"
    },
    {
      "id": 42,
      "model": "이상",
      "content": "……嗯。我不作评价。"
    },
    {
      "id": 43,
      "content": "但是他们也有不知道的事情……"
    },
    {
      "id": 44,
      "content": "虽然不知道理由，但记忆消除对我并不起作用。"
    },
    {
      "id": 45,
      "content": "这是否意味着，就像我回溯时钟就能恢复伤口一般，我也有办法恢复罪人们的记忆？"
    },
    {
      "id": 46,
      "content": "虽有这般思绪掠过脑海……"
    },
    {
      "id": 47,
      "content": "但还不知道方法，而且究竟能否奏效也未可知。"
    },
    {
      "id": 48,
      "content": "但是。"
    },
    {
      "id": 49,
      "content": "我还保留着本应被消去的记忆这件事情本身，一定是十分重要的……我决定对此保持沉默。"
    },
    {
      "id": 50,
      "model": "이상",
      "content": "不过经理，只有这点我要说出来。"
    },
    {
      "id": 51,
      "model": "이상",
      "content": "从现在起……我决定直面我的残余。"
    },
    {
      "id": 52,
      "model": "이상",
      "content": "所谓的残余，便是九人会所残余的过错，也是我所残余的罪。"
    },
    {
      "id": 53,
      "model": "이상",
      "content": "因此如有必要，我会尽我所能地抵抗。"
    },
    {
      "id": 54,
      "model": "이상",
      "content": "纵使狂风呼啸……我也不会动摇倾倒。"
    },
    {
      "id": 55,
      "model": "이상",
      "content": "比起侧目和渗入……"
    },
    {
      "id": 56,
      "model": "이상",
      "content": "我会去往我想去的地方。"
    },
    {
      "id": 57,
      "model": "이상",
      "content": "你会帮我吗，但丁？"
    },
    {
      "id": 58,
      "model": "단테",
      "content": "<……>"
    },
    {
      "id": 59,
      "model": "단테",
      "content": "<当然。>"
    },
    {
      "id": 60,
      "content": "没错。就算记忆被剜去，牢牢扎根在他们内心深处的意志也不会被切断。"
    },
    {
      "id": 61,
      "content": "那么，我又留有怎样的意志呢？"
    },
    {
      "id": 62,
      "content": "我应记忆多少内容，又应观望到何种程度？"
    },
    {
      "id": 63,
      "content": "抱着这样的想法，我望向对面的维吉里乌斯。"
    },
    {
      "id": 64,
      "model": "베르길리우스",
      "content": "……或许记忆一切，守望一切也是执行经理的工作之一。"
    },
    {
      "id": 65,
      "model": "단테",
      "content": "<你听到我说的话了吗？>"
    },
    {
      "id": 66,
      "model": "파우스트",
      "content": "但丁经理在问，你是否听到了其的话。"
    },
    {
      "id": 67,
      "model": "베르길리우스",
      "content": "……我连滴答声都没听见，你刚刚说了什么吗。"
    },
    {
      "id": 68,
      "model": "베르길리우스",
      "content": "我当然没听见，但丁经理。只是随口一说。因为你的表情看上去就是那样。"
    },
    {
      "id": 69,
      "content": "我有表情吗……？"
    },
    {
      "id": 70
    },
    {
      "id": 71,
      "place": "K公司某处的实验室",
      "model": "알폰소",
      "teller": "阿方索",
      "title": "K公司",
      "content": "愿那永不停歇的泪水最初的意义是感动。"
    },
    {
      "id": 72,
      "model": "알폰소",
      "teller": "阿方索",
      "title": "K公司",
      "content": "你的愿望，以及我们的愿望……"
    },
    {
      "id": 73,
      "model": "알폰소",
      "teller": "阿方索",
      "title": "K公司",
      "content": "我们正一如既往地在尽全力实现……"
    },
    {
      "id": 74
    },
    {
      "id": 75,
      "place": " ",
      "model": "이상",
      "content": "<color=#d4e1e8>近来是否安好？</color>"
    },
    {
      "id": 76,
      "model": "이상",
      "content": "<color=#d4e1e8>每次看向镜面，我都会不自觉问候。</color>"
    },
    {
      "id": 77,
      "model": "이상",
      "content": "<color=#d4e1e8>虽然所谓问候，应当是彼此交换才最为自然……</color>"
    },
    {
      "id": 78,
      "model": "이상",
      "content": "<color=#d4e1e8>但仅是在某时某日得以传达，便已足够。</color>"
    },
    {
      "id": 79,
      "model": "이상",
      "content": "<color=#d4e1e8>我已决定，此后不再停滞不前。</color>"
    },
    {
      "id": 80,
      "model": "이상",
      "content": "<color=#d4e1e8>即便最后，一切未曾改变……</color>"
    },
    {
      "id": 81,
      "model": "이상",
      "content": "<color=#d4e1e8>我亦将是，无改变者。</color>"
    },
    {
      "id": 82,
      "model": "이상",
      "content": "<color=#d4e1e8>不必太过担心。我身边有了新的友人。</color>"
    },
    {
      "id": 83,
      "model": "이상",
      "content": "<color=#d4e1e8>不论他们想法如何……我早已将他们认定为友人。</color>"
    },
    {
      "id": 84,
      "model": "이상",
      "content": "<color=#d4e1e8>就此作别……</color>"
    },
    {
      "id": 85,
      "model": "이상",
      "content": "<color=#d4e1e8>再启。</color>"
    },
    {
      "id": 86,
      "model": "이상",
      "content": "<color=#d4e1e8>愿你们一生平安。</color>"
    },
    {
      "id": 87,
      "model": "이상",
      "content": "<color=#d4e1e8>以上，李箱。</color>"
    },
    {
      "id": 88
    },
    {
      "id": 89
    },
    {
      "id": 90,
      "place": "K巢的小巷",
      "model": "단테",
      "content": "<大家在吃的方面真的很认真。>"
    },
    {
      "id": 91,
      "model": "단테",
      "content": "<为什么每次聚餐他们的心情都这么好呢？>"
    },
    {
      "id": 92,
      "content": "我走出餐馆想要呼吸一会新鲜空气。"
    },
    {
      "id": 93,
      "model": "데미안",
      "teller": "德米安",
      "title": "？？？",
      "content": "……"
    },
    {
      "id": 94,
      "model": "단테",
      "content": "<你……我都没注意到你来了……你在这待了多久了？>"
    },
    {
      "id": 95,
      "model": "데미안",
      "teller": "德米安",
      "title": "？？？",
      "content": "我说过，我会再来见你的。"
    },
    {
      "id": 96,
      "model": "데미안",
      "teller": "德米安",
      "title": "？？？",
      "content": "为何人类不满足于观望？"
    },
    {
      "id": 97,
      "model": "데미안",
      "teller": "德米安",
      "title": "？？？",
      "content": "仅是远眺欣赏，嗅其芬芳，享受那一刻便已足够，但他们将其留存在视野中并滋生了贪婪与痴迷，吞噬了自己。"
    },
    {
      "id": 98,
      "model": "데미안",
      "teller": "德米安",
      "title": "？？？",
      "content": "一开始制作镜子的目的只是单纯的娱乐。"
    },
    {
      "id": 99,
      "model": "데미안",
      "teller": "德米安",
      "title": "？？？",
      "content": "举例来说，假设有一个饼干袋里装有成千上百种味道的饼干。"
    },
    {
      "id": 100,
      "model": "데미안",
      "teller": "德米安",
      "title": "？？？",
      "content": "但有人想到了这一点。"
    },
    {
      "id": 101,
      "model": "데미안",
      "teller": "德米安",
      "title": "？？？",
      "content": "如果，有办法把手伸进那个或许有无限饼干的饼干袋，从而拿到不是自己的自己所拥有的东西的话……如果所有人都可以很公平地分享所有口味的话……"
    },
    {
      "id": 102,
      "model": "데미안",
      "teller": "德米安",
      "title": "？？？",
      "content": "如果按照大人们所制定的规则来看，这不会被认为是盗窃。"
    },
    {
      "id": 103,
      "model": "데미안",
      "teller": "德米安",
      "title": "？？？",
      "content": "因为，那实际上是在掠夺自己的东西。"
    },
    {
      "id": 104,
      "model": "단테",
      "content": "<……>"
    },
    {
      "id": 105,
      "model": "데미안",
      "teller": "德米安",
      "title": "？？？",
      "content": "天空中有无数的星星，但并不是所有的星星都一模一样。若从别人的视角来看，可能那些星星只不过是微弱的光团而已。"
    },
    {
      "id": 106,
      "model": "데미안",
      "teller": "德米安",
      "title": "？？？",
      "content": "但有人看到了那璀璨闪耀之美，将星星搬来……"
    },
    {
      "id": 107,
      "model": "데미안",
      "teller": "德米安",
      "title": "？？？",
      "content": "将它高高挂在所有人都能看见的位置，驱散了黑暗。"
    },
    {
      "id": 108,
      "model": "데미안",
      "teller": "德米安",
      "title": "？？？",
      "content": "所有人都为此而高兴。"
    },
    {
      "id": 109,
      "model": "데미안",
      "teller": "德米安",
      "title": "？？？",
      "content": "现在，问题就出在这里。"
    },
    {
      "id": 110,
      "model": "데미안",
      "teller": "德米安",
      "title": "？？？",
      "content": "被自己掠夺后的自己，和那颗必须永远照亮黑暗的星星将会变得如何？"
    },
    {
      "id": 111,
      "model": "단테",
      "content": "<我……>"
    },
    {
      "id": 112,
      "model": "데미안",
      "teller": "德米安",
      "title": "？？？",
      "content": "你朋友所使用的镜子与这没什么不同。那也是一项残酷的技术。"
    },
    {
      "id": 113,
      "model": "데미안",
      "teller": "德米安",
      "title": "？？？",
      "content": "我不急于听到你的回答。之后为我画一只羊就好了。"
    },
    {
      "id": 114,
      "model": "데미안",
      "teller": "德米安",
      "title": "？？？",
      "content": "或许现在你还想不起来……但这是你承诺过的。"
    },
    {
      "id": 115,
      "content": "我正想说些什么，他却消失了，独留下了一丝寂寞。"
    },
    {
      "id": 116,
      "content": "像是回到了自己本应回到的地方一般，哪里都找不到他的身影。我甚至都忘记了我想要回答什么。"
    },
    {
      "id": 117
    },
    {
      "id": 118
    }
  ]
}