{
  "dataList": [
    {
      "id": 0,
      "model": "다친에고동랑",
      "teller": "东朗",
      "title": "绽放E.G.O::司田",
      "content": "李……箱……"
    },
    {
      "id": 1,
      "model": "이상",
      "content": "……"
    },
    {
      "id": 2,
      "model": "이상",
      "content": "<color=#d4e1e8>我忆起那个春日。</color>"
    },
    {
      "id": 3,
      "model": "이상",
      "content": "<color=#d4e1e8>星，自我们眼中升起。</color>"
    },
    {
      "id": 4,
      "model": "이상",
      "content": "……"
    },
    {
      "id": 5,
      "model": "다친에고동랑",
      "teller": "东朗",
      "title": "绽放E.G.O::司田",
      "content": "……"
    },
    {
      "id": 6,
      "model": "다친에고동랑",
      "teller": "东朗",
      "title": "绽放E.G.O::司田",
      "content": "熠熠生辉。"
    },
    {
      "id": 7,
      "model": "다친에고동랑",
      "teller": "东朗",
      "title": "绽放E.G.O::司田",
      "content": "就像你的翅膀一样……闪耀着光芒。"
    },
    {
      "id": 8,
      "model": "다친에고동랑",
      "teller": "东朗",
      "title": "绽放E.G.O::司田",
      "content": "我……被九人会的阴影所笼罩……"
    },
    {
      "id": 9,
      "model": "다친에고동랑",
      "teller": "东朗",
      "title": "绽放E.G.O::司田",
      "content": "虽然一直想逃离……"
    },
    {
      "id": 10,
      "model": "다친에고동랑",
      "teller": "东朗",
      "title": "绽放E.G.O::司田",
      "content": "但终究……在最后的最后拥抱我的……还是这片阴影。"
    }
  ]
}