{
  "dataList": [
    {
      "id": 0,
      "model": "동랑",
      "teller": "东朗",
      "title": "K公司 粮食资源改良部门",
      "content": "这样啊。我大概不久于人世了吧。"
    },
    {
      "id": 1,
      "model": "동랑",
      "teller": "东朗",
      "title": "K公司 粮食资源改良部门",
      "content": "在如此和平的地方……"
    },
    {
      "id": 2
    },
    {
      "id": 3,
      "model": "동랑",
      "teller": "东朗",
      "title": "K公司 粮食资源改良部门",
      "content": "……什么。"
    },
    {
      "id": 4,
      "model": "동랑",
      "teller": "东朗",
      "title": "K公司 粮食资源改良部门",
      "content": "哈、哈哈……"
    },
    {
      "id": 5,
      "model": "동랑",
      "teller": "东朗",
      "title": "K公司 粮食资源改良部门",
      "content": "真的。果然不会认得我。"
    },
    {
      "id": 6,
      "model": "동랑",
      "teller": "东朗",
      "title": "K公司 粮食资源改良部门",
      "content": "即便我的内心满是空空的谷壳，我也知道……"
    },
    {
      "id": 7,
      "model": "동랑",
      "teller": "东朗",
      "title": "K公司 粮食资源改良部门",
      "content": "很快了。很快……我制造的技术会将我填满。"
    },
    {
      "id": 8,
      "model": "동랑",
      "teller": "东朗",
      "title": "K公司 粮食资源改良部门",
      "content": "再次召集成员……挑选秘书……要做的事情还堆积如山。"
    },
    {
      "id": 9,
      "model": "동랑",
      "teller": "东朗",
      "title": "K公司 粮食资源改良部门",
      "content": "所以……我应该再也不需要你了。"
    },
    {
      "id": 10,
      "place": "K公司某处的实验室",
      "model": "알폰소",
      "teller": "阿方索",
      "title": "K公司",
      "content": "……东朗？你想让我等到什么时候。"
    },
    {
      "id": 11,
      "model": "동랑",
      "teller": "东朗",
      "title": "K公司 粮食资源改良部门",
      "content": "啊，非常抱歉。我只是想起了些留于故乡的东西……"
    },
    {
      "id": 12,
      "model": "동랑",
      "teller": "东朗",
      "title": "K公司 粮食资源改良部门",
      "content": "我才注意到，现在不该去想那些已成过往之物，而是应去思考往后所得之物。"
    },
    {
      "id": 13,
      "model": "알폰소",
      "teller": "阿方索",
      "title": "K公司",
      "content": "谁都有一时犯傻的时候。"
    },
    {
      "id": 14,
      "model": "알폰소",
      "teller": "阿方索",
      "title": "K公司",
      "content": "所以……你知道能让眼泪不断流下的方法了吗？"
    },
    {
      "id": 15,
      "model": "동랑",
      "teller": "东朗",
      "title": "K公司 粮食资源改良部门",
      "content": "为了达到定量产出，就先拷问别人……再用眼泪治疗……然后继续拷问……"
    },
    {
      "id": 16,
      "model": "동랑",
      "teller": "东朗",
      "title": "K公司 粮食资源改良部门",
      "content": "那样就是在浪费眼泪。"
    },
    {
      "id": 17,
      "model": "알폰소",
      "teller": "阿方索",
      "title": "K公司",
      "content": "所以我们才从各种翼和后巷帮派那里进口影像。"
    },
    {
      "id": 18,
      "model": "동랑",
      "teller": "东朗",
      "title": "K公司 粮食资源改良部门",
      "content": "这种视听材料的价格不也越来越高了吗？"
    },
    {
      "id": 19,
      "model": "동랑",
      "teller": "东朗",
      "title": "K公司 粮食资源改良部门",
      "content": "其他势力应该也隐隐约约有所察觉。就算他们肯定不知道我们K公司是怎么使用这些影像的。"
    },
    {
      "id": 20,
      "teller": "疯掉的部下",
      "title": "K公司",
      "content": "呼……呵呵……呼呼……"
    },
    {
      "id": 21,
      "teller": "疯掉的部下",
      "title": "K公司",
      "content": "这次可以……折断手指吗？"
    },
    {
      "id": 22,
      "model": "동랑",
      "teller": "东朗",
      "title": "K公司 粮食资源改良部门",
      "content": "看吧。被你绑在这里的部下也已经疯了。"
    },
    {
      "id": 23,
      "model": "동랑",
      "teller": "东朗",
      "title": "K公司 粮食资源改良部门",
      "content": "……"
    },
    {
      "id": 24,
      "model": "뒤틀린다친동랑",
      "teller": "否定一切的东朗",
      "title": "K公司 粮食资源改良部门",
      "content": "不能闭上眼。"
    },
    {
      "id": 25,
      "model": "뒤틀린다친동랑",
      "teller": "否定一切的东朗",
      "title": "K公司 粮食资源改良部门",
      "content": "卡门小姐……我还是觉得不对。那条路我并没有走到尽头，现在我终于能看清自己要走的路了。"
    },
    {
      "id": 26,
      "model": "이상",
      "content": "东朗……徘徊再三……你还是决定回到这条路吗？"
    },
    {
      "id": 27,
      "model": "뒤틀린다친동랑",
      "teller": "否定一切的东朗",
      "title": "K公司 粮食资源改良部门",
      "content": "当我注视着那眼睛时……完全感受不到往日的恻隐之心了。"
    },
    {
      "id": 28,
      "model": "뒤틀린다친동랑",
      "teller": "否定一切的东朗",
      "title": "K公司 粮食资源改良部门",
      "content": "取而代之的是……看到了吗？这于九人会玻璃的阴影之下，我如水蛭般附于其上而制作出的技术……现已成为一面让K公司奇点之名不断上升的旗帜。"
    },
    {
      "id": 29,
      "model": "이상",
      "content": "……是，清晰可见。"
    },
    {
      "id": 30,
      "model": "뒤틀린다친동랑",
      "teller": "否定一切的东朗",
      "title": "K公司 粮食资源改良部门",
      "content": "灵之哥离开了，冬柏也已然回到花的簇拥中永眠……"
    },
    {
      "id": 31,
      "model": "뒤틀린다친동랑",
      "teller": "否定一切的东朗",
      "title": "K公司 粮食资源改良部门",
      "content": "剩下的唯有寄生在灵之的玻璃之上，犹如突变一样出现的……"
    },
    {
      "id": 32,
      "model": "뒤틀린다친동랑",
      "teller": "否定一切的东朗",
      "title": "K公司 粮食资源改良部门",
      "content": "我仿制出的，那不伦不类的玻璃。"
    },
    {
      "id": 33,
      "model": "뒤틀린다친동랑",
      "teller": "否定一切的东朗",
      "title": "K公司 粮食资源改良部门",
      "content": "不能改变世界的技术又有什么意义。"
    },
    {
      "id": 34,
      "model": "뒤틀린다친동랑",
      "teller": "否定一切的东朗",
      "title": "绽放E.G.O::司田",
      "content": "所以你也让自己的心停下吧。替我们的悲伤与痛苦流泪，是它的职责。"
    }
  ]
}