{
  "dataList": [
    {
      "id": 0,
      "model": "이상",
      "content": "长久的沉默将岁月掩盖。"
    },
    {
      "id": 1,
      "model": "이상",
      "content": "迄今为止，我的时间不过仅是附属。"
    },
    {
      "id": 2,
      "model": "이상",
      "content": "在这四面被漆成纯白的四方形中，唯有两位访客。"
    },
    {
      "id": 3,
      "place": "N公司的四方形房间",
      "model": "이상",
      "content": "顺便一提……一位是四方形内的四方形的访客，而另一位是四方形内的四方形内的四方形的访客。"
    },
    {
      "id": 4,
      "model": "구보",
      "teller": "仇甫",
      "title": "N公司",
      "content": "你就在这尽情研究吧。"
    },
    {
      "id": 5,
      "model": "구보",
      "teller": "仇甫",
      "title": "N公司",
      "content": "你如此钟爱的镜子技术。"
    },
    {
      "id": 6,
      "model": "구보",
      "teller": "仇甫",
      "title": "N公司",
      "content": "别忘了每天摄取食物和营养剂。"
    },
    {
      "id": 7,
      "model": "이상",
      "content": "再也没有面对镜子而感欣喜之人了，这也不再是消遣了……"
    },
    {
      "id": 8,
      "model": "이상",
      "content": "即便如此，我仍放不下镜子的理由是……"
    },
    {
      "id": 9,
      "model": "상이",
      "teller": "箱李",
      "title": "研心",
      "content": "你最近就算是和仇甫也不说话了。一整天都抓着镜子不放。"
    },
    {
      "id": 10,
      "model": "상이",
      "teller": "箱李",
      "title": "研心",
      "content": "他也只是默默看着你的背影便离开了。表情不怎么高兴。"
    },
    {
      "id": 11,
      "model": "이상",
      "content": "无所谓。我更愿与你面对面交谈。"
    },
    {
      "id": 12,
      "model": "이상",
      "content": "即使我背向你，你也不会背过身去。"
    },
    {
      "id": 13,
      "model": "상이",
      "teller": "箱李",
      "title": "研心",
      "content": "李箱，仇甫是从心底重视着你的。你明白吗？"
    },
    {
      "id": 14,
      "model": "상이",
      "teller": "箱李",
      "title": "研心",
      "content": "仇甫虽然是最后加入九人会的，我却觉得他受你影响最大。"
    },
    {
      "id": 15,
      "model": "이상",
      "content": "并非如此。仇甫最珍惜的人……是他自己。"
    },
    {
      "id": 16,
      "model": "이상",
      "content": "只是他在寻找能让自己出人头地的事物时，我恰好映入了他的眼帘。"
    },
    {
      "id": 17,
      "model": "상이",
      "teller": "箱李",
      "title": "研心",
      "content": "那……就让他如此去做吧。只要站在他身侧，你也能闪闪发光。"
    },
    {
      "id": 18,
      "model": "상이",
      "teller": "箱李",
      "title": "研心",
      "content": "听说N公司的董事正要带领你、仇甫和亚细亚组建新的九人会。"
    },
    {
      "id": 19,
      "model": "이상",
      "content": "这种从根源上改变了的集体，我无法称之为九人会。只是借了名字，总有一日要归还吧。"
    },
    {
      "id": 20,
      "model": "이상",
      "content": "……外面的世界如何？你生有翅膀，想去哪里都可以吧。"
    },
    {
      "id": 21,
      "model": "상이",
      "teller": "箱李",
      "title": "研心",
      "content": "外界……哈。每次都是一样，令人疲倦。世界总是向着同一个流向流动。"
    },
    {
      "id": 22,
      "model": "상이",
      "teller": "箱李",
      "title": "研心",
      "content": "难道不是这样吗？有着如此深厚关系的九人也会分崩离析……"
    },
    {
      "id": 23,
      "model": "상이",
      "teller": "箱李",
      "title": "研心",
      "content": "每时每刻都欢欣鼓舞或万念俱灰没有意义。"
    },
    {
      "id": 24,
      "model": "상이",
      "teller": "箱李",
      "title": "研心",
      "content": "所以我想让你与我一同留在这里。做我的交谈对象。"
    }
  ]
}