{
  "dataList": [
    {
      "id": 0,
      "place": "N公司的四方形房间",
      "model": "이상",
      "content": "不知何时回来的你……对我说出了让人无法理解的话。"
    },
    {
      "id": 1,
      "model": "상이",
      "teller": "箱李",
      "title": "研心",
      "content": "李箱。当仇甫带着蓝色营养剂回来的时候……不要马上吞下去。把它们一粒一粒攒起来。"
    },
    {
      "id": 2,
      "model": "상이",
      "teller": "箱李",
      "title": "研心",
      "content": "这么做大概三天之后……许多你之前看不见的东西，就会开始显现出来。"
    },
    {
      "id": 3,
      "model": "상이",
      "teller": "箱李",
      "title": "研心",
      "content": "当那天到来的时候，你将会有两个选择。"
    },
    {
      "id": 4,
      "model": "상이",
      "teller": "箱李",
      "title": "研心",
      "content": "第一个选项，是一次性把攒下来的所有的营养剂都嚼碎吞下去。"
    },
    {
      "id": 5,
      "model": "상이",
      "teller": "箱李",
      "title": "研心",
      "content": "然后你会陷入沉睡。但是当你醒来时，一切都会恢复正常。你将一辈子致力于研究镜子技术，有时还会陪我聊聊天，维持现状。"
    },
    {
      "id": 6,
      "model": "상이",
      "teller": "箱李",
      "title": "研心",
      "content": "第二个选项是……离开这个地方。"
    },
    {
      "id": 7,
      "model": "이상",
      "content": "我没有翅膀。我要如何离开？"
    },
    {
      "id": 8,
      "model": "상이",
      "teller": "箱李",
      "title": "研心",
      "content": "一只鸡也许没法飞翔，但这并不会使它停止振翅。"
    },
    {
      "id": 9,
      "model": "상이",
      "teller": "箱李",
      "title": "研心",
      "content": "它会……挣扎不休。"
    },
    {
      "id": 10,
      "model": "이상",
      "content": "你让我困惑。此时此刻……我到底应该去往何方？我既没有家乡，也没有人在等我归来了。"
    },
    {
      "id": 11,
      "model": "상이",
      "teller": "箱李",
      "title": "研心",
      "content": "想简单一点。如果不再有家乡，那就不停地走下去，并把脚步停止的地方当作新的家乡。"
    },
    {
      "id": 12,
      "model": "이상",
      "content": "遵照你的话，我没有服用蓝色营养剂。"
    },
    {
      "id": 13,
      "place": "N公司的一条走廊",
      "model": "이상",
      "content": "停止服用营养剂一段时间后，一直模糊不清的东西第一次清晰地印刻在了我的视网膜上。"
    },
    {
      "id": 14,
      "model": "이상",
      "content": "我的房间并不是封闭的。它一直都是开放的，而且我能自由进出。"
    },
    {
      "id": 15,
      "model": "이상",
      "content": "漫步在狭长的走廊上，我看到了我的镜子是如何被使用的。"
    },
    {
      "id": 16,
      "model": "이상",
      "content": "这时，一股强烈的疲倦感向我袭来。"
    },
    {
      "id": 17,
      "model": "이상",
      "content": "如果我就这样吞下那些营养剂睡着了的话，一切都会好起来的。"
    },
    {
      "id": 18,
      "model": "이상",
      "content": "我一直试图相信，仇甫和我之间只是有什么误会。"
    },
    {
      "id": 19,
      "model": "이상",
      "content": "但……"
    },
    {
      "id": 20,
      "model": "이상",
      "content": "我走出了白色的四方形。"
    }
  ]
}