{
  "dataList": [
    {
      "id": 0,
      "place": "N公司的一条走廊",
      "model": "구보",
      "teller": "仇甫",
      "title": "N公司",
      "content": "我愚昧的朋友啊，还是决定离开这里吗？"
    },
    {
      "id": 1,
      "model": "이상",
      "content": "那些并不是挽留的话语，而只是讥讽罢了……"
    },
    {
      "id": 2,
      "model": "이상",
      "content": "那些话语并没有带来什么痛感，但它们的确留下了痕迹。"
    },
    {
      "id": 3,
      "model": "구보",
      "teller": "仇甫",
      "title": "N公司",
      "content": "明明已经了无归处，却还要拖着你那步履蹒跚的身体吗？"
    },
    {
      "id": 4,
      "model": "구보",
      "teller": "仇甫",
      "title": "N公司",
      "content": "你真的认为无论到达何处，都可称之为家吗？"
    },
    {
      "id": 5,
      "model": "구보",
      "teller": "仇甫",
      "title": "N公司",
      "content": "随你玩个尽兴。"
    },
    {
      "id": 6,
      "model": "구보",
      "teller": "仇甫",
      "title": "N公司",
      "content": "时至黄昏再回来吧。"
    },
    {
      "id": 7,
      "model": "이상",
      "content": "于是，我失去了作为最后一个友人的仇甫。"
    },
    {
      "id": 8,
      "model": "이상",
      "content": "我彻底孤身一人。"
    },
    {
      "id": 9,
      "model": "동랑",
      "teller": "东朗",
      "title": "K公司 粮食资源改良部门",
      "content": "没错。我们都是如此变得孤身一人。"
    },
    {
      "id": 10,
      "model": "동랑",
      "teller": "东朗",
      "title": "K公司 粮食资源改良部门",
      "content": "然后终于……"
    },
    {
      "id": 11,
      "model": "동랑",
      "teller": "东朗",
      "title": "K公司 粮食资源改良部门",
      "content": "终于。"
    },
    {
      "id": 12,
      "place": "K公司某处的实验室",
      "model": "동랑",
      "teller": "东朗",
      "title": "K公司 粮食资源改良部门",
      "content": "轮到我了。"
    },
    {
      "id": 13,
      "model": "싱클레어",
      "content": "……接下来就是东朗先生把玻璃技术交给K公司的部分了呢。"
    },
    {
      "id": 14,
      "model": "싱클레어",
      "content": "虽然很短暂，但扮演过九人会的我们也是明白的。"
    },
    {
      "id": 15,
      "place": "变得嘈杂起来的九人会",
      "model": "동랑",
      "teller": "东朗",
      "title": "K公司 粮食资源改良部门",
      "content": "……不过被说成像小孩子的玩具，让人有点伤心啊。"
    },
    {
      "id": 16,
      "model": "동랑",
      "teller": "东朗",
      "title": "K公司 粮食资源改良部门",
      "content": "你要是知道动物和人一样有痛觉的话，就不会随便说这种话了。"
    },
    {
      "id": 17,
      "place": "逐渐枯萎的九人会",
      "model": "과거동백",
      "teller": "冬柏",
      "title": "九人会",
      "content": "东朗，如果你不打算拯救都市里的所有人，就别再做半吊子的尝试了。"
    },
    {
      "id": 18,
      "model": "과거동백",
      "teller": "冬柏",
      "title": "九人会",
      "content": "如果我认为仅用这样的技术就能拯救所有人，那我早就为它献上一切了。"
    },
    {
      "id": 19,
      "model": "과거동백",
      "teller": "冬柏",
      "title": "九人会",
      "content": "但……你觉得那又能改变什么吗？这个世界依旧污浊不堪。"
    },
    {
      "id": 20,
      "model": "동랑",
      "teller": "东朗",
      "title": "K公司 粮食资源改良部门",
      "content": "所以受伤也没关系。没必要为了治愈过去而把自己搞得身心俱疲。那挺蠢的，对吧？"
    },
    {
      "id": 21,
      "model": "과거동백",
      "teller": "冬柏",
      "title": "九人会",
      "content": "那你就该滚回家乡，独自咬舌自尽吧！"
    },
    {
      "id": 22,
      "place": "K公司某处的实验室",
      "model": "그레고르",
      "content": "啊，看起来东朗先生……"
    },
    {
      "id": 23
    },
    {
      "id": 24,
      "model": "알폰소",
      "teller": "阿方索",
      "title": "K公司",
      "content": "为什么这么惊讶？你一定听过有关我们翼的奇点的传闻吧？"
    },
    {
      "id": 25,
      "model": "동랑",
      "teller": "东朗",
      "title": "K公司 粮食资源改良部门",
      "content": "……亲眼见到更令人深感震撼。我从没想过我能走到这一步……"
    },
    {
      "id": 26,
      "model": "알폰소",
      "teller": "阿方索",
      "title": "K公司",
      "content": "嗯，大多数人的反应都差不多。所以……你能做些什么？"
    },
    {
      "id": 27,
      "model": "동랑",
      "teller": "东朗",
      "title": "K公司 粮食资源改良部门",
      "content": "啊，请让我先说明一下我所发明的技术……"
    },
    {
      "id": 28,
      "model": "알폰소",
      "teller": "阿方索",
      "title": "K公司",
      "content": "我听说你是九人会的一员，所以我对你的期望很高。那个……叫灵之的人还是下落不明？"
    },
    {
      "id": 29,
      "model": "동랑",
      "teller": "东朗",
      "title": "K公司 粮食资源改良部门",
      "content": "……嗯，是的。"
    },
    {
      "id": 30,
      "model": "알폰소",
      "teller": "阿方索",
      "title": "K公司",
      "content": "嗯，九人会解散了还是有点遗憾……但我很高兴我们至少招募了其中一人。"
    },
    {
      "id": 31,
      "model": "동랑",
      "teller": "东朗",
      "title": "K公司 粮食资源改良部门",
      "content": "九人会……那时也好，现在也罢。一直都是庇护我的树荫。"
    },
    {
      "id": 32,
      "model": "동랑",
      "teller": "东朗",
      "title": "K公司 粮食资源改良部门",
      "content": "现在想想，以前也有一个会这样看着我哭泣的东西……"
    },
    {
      "id": 33,
      "model": "알폰소",
      "teller": "阿方索",
      "title": "K公司",
      "content": "东朗？"
    },
    {
      "id": 34,
      "model": "동랑",
      "teller": "东朗",
      "title": "K公司 粮食资源改良部门",
      "content": "啊……所以，我来这里的理由是……"
    },
    {
      "id": 35
    },
    {
      "id": 36,
      "model": "이스마엘",
      "content": "那个曾经看着东朗先生哭泣的东西……"
    },
    {
      "id": 37,
      "model": "이스마엘",
      "content": "是那头小黄牛吧……"
    },
    {
      "id": 38,
      "model": "동랑",
      "teller": "东朗",
      "title": "K公司 粮食资源改良部门",
      "content": "哈哈。你在干什么？"
    },
    {
      "id": 39,
      "model": "동랑",
      "teller": "东朗",
      "title": "K公司 粮食资源改良部门",
      "content": "九人会已经解散了，演出结束了。你不再是“流郎”了。"
    },
    {
      "id": 40,
      "model": "이스마엘",
      "content": "你说的对，我太入戏了，就好像我真的曾是你的“同伴”一样。"
    },
    {
      "id": 41,
      "model": "이스마엘",
      "content": "你说你达成了你的愿望，但我不管怎么看都不敢苟同。"
    },
    {
      "id": 42,
      "model": "이스마엘",
      "content": "你救助那头小黄牛的时候也有同样的感觉吗？"
    },
    {
      "id": 43,
      "model": "동랑",
      "teller": "东朗",
      "title": "K公司 粮食资源改良部门",
      "content": "请注意你的言辞？我不是希望为了得到什么才救下那头小牛的。"
    },
    {
      "id": 44,
      "model": "히스클리프",
      "content": "你以为我们不知道？你只是看见那头快被踩死的可怜虫的泪水，才心血来潮把它救了下来。我们还轮流给它喂过奶不是吗。"
    },
    {
      "id": 45,
      "model": "동랑",
      "teller": "东朗",
      "title": "K公司 粮食资源改良部门",
      "content": "那时我相信，拯救生命是不需要付出任何代价的。"
    },
    {
      "id": 46,
      "model": "동랑",
      "teller": "东朗",
      "title": "K公司 粮食资源改良部门",
      "content": "看来，那天在焚化炉里烧掉的东西……不仅仅是我的技术。"
    },
    {
      "id": 47,
      "model": "동랑",
      "teller": "东朗",
      "title": "K公司 粮食资源改良部门",
      "content": "我在心中培育的菜园，也在同一天被烧掉了。"
    },
    {
      "id": 48,
      "model": "이상",
      "content": "回首过去的行迹……我们都曾失去了很多东西。"
    },
    {
      "id": 49,
      "model": "이상",
      "content": "对那些应该正视的事物……视而不见。"
    },
    {
      "id": 50,
      "model": "이상",
      "content": "我很抱歉，一直以来只是侧目。"
    },
    {
      "id": 51,
      "model": "이상",
      "content": "我们当时都被击垮了，你也不例外……我当时并没有意识到。"
    },
    {
      "id": 52,
      "model": "동랑",
      "teller": "东朗",
      "title": "K公司 粮食资源改良部门",
      "content": "……"
    },
    {
      "id": 53,
      "model": "동랑",
      "teller": "东朗",
      "title": "K公司 粮食资源改良部门",
      "content": "……你觉得小黄牛正在某处平静地吃草吗？"
    },
    {
      "id": 54,
      "model": "오티스",
      "content": "嗯。它正等待着迟迟不归的你吧。"
    },
    {
      "id": 55,
      "model": "동랑",
      "teller": "东朗",
      "title": "K公司 粮食资源改良部门",
      "content": "我不觉得……它还认得出我……"
    },
    {
      "id": 56,
      "model": "동랑",
      "teller": "东朗",
      "title": "K公司 粮食资源改良部门",
      "content": "我跟过去相比变化太大了。"
    },
    {
      "id": 57,
      "model": "동랑",
      "teller": "东朗",
      "title": "K公司 粮食资源改良部门",
      "content": "嗯，你说得对。我桌上那些奖杯和勋章只不过是空壳罢了。"
    },
    {
      "id": 58,
      "model": "동랑",
      "teller": "否定一切的东朗",
      "title": "K公司 粮食资源改良部门",
      "content": "尽管它们熠熠生辉……其内在仍是空洞。如果我不是九人会的成员之一，就永远都无法得到的，空壳。"
    },
    {
      "id": 59,
      "model": "동랑",
      "teller": "否定一切的东朗",
      "title": "K公司 粮食资源改良部门",
      "content": "这就是为什么我喜欢照片。照片中……记录着我真实的形象。"
    },
    {
      "id": 60,
      "model": "동랑",
      "teller": "否定一切的东朗",
      "title": "K公司 粮食资源改良部门",
      "content": "从某一天开始，当我抬头望向天空时……我的眼前空无一物。就仿佛置身于一片巨大的阴影之下。"
    },
    {
      "id": 61,
      "model": "싱클레어",
      "content": "东朗先生……现在在和谁说话？"
    },
    {
      "id": 62,
      "model": "단테",
      "content": "<这回……应该不是对我说的。>"
    },
    {
      "id": 63,
      "model": "돈키호테",
      "content": "吾……也许知道接下来会发生什么。"
    },
    {
      "id": 64,
      "model": "돈키호테",
      "content": "那个人现在正迈向扭曲……"
    },
    {
      "id": 65,
      "model": "파우스트",
      "content": "是的。扭曲……或许并非最终阶段，而是过程。"
    },
    {
      "id": 66,
      "model": "싱클레어",
      "content": "那……我、我们怎样才能帮到他……"
    },
    {
      "id": 67,
      "model": "파우스트",
      "content": "在这个心象以物理形式呈现的空间内，阻止他误入歧途。"
    },
    {
      "id": 68,
      "model": "파우스트",
      "content": "那样一来，他将会自然地接受自己面前的道路。"
    },
    {
      "id": 69,
      "model": "파우스트",
      "content": "那便是我们能够帮助他的方法。"
    }
  ]
}