{
  "dataList": [
    {
      "id": 0,
      "place": "N公司的四方形房间",
      "model": "홍루",
      "content": "那位叫仇甫的朋友想用镜子做什么？"
    },
    {
      "id": 1,
      "model": "이상",
      "content": "N公司具体想要做什么……我也不知道。我没有问。"
    },
    {
      "id": 2,
      "model": "이상",
      "content": "但是……"
    },
    {
      "id": 3,
      "model": "헤르만",
      "teller": "赫尔曼",
      "title": "N公司",
      "content": "这里怎么样？住得舒服吗？有好好吃饭吗？"
    },
    {
      "id": 4,
      "model": "이상",
      "content": "……"
    },
    {
      "id": 5,
      "model": "구보",
      "teller": "仇甫",
      "title": "N公司",
      "content": "我说过的吧，他是个沉默寡言的人。"
    },
    {
      "id": 6,
      "model": "헤르만",
      "teller": "赫尔曼",
      "title": "N公司",
      "content": "你知道破坏镜子与玻璃中的世界……破坏所有可能性的世界的方法吗？"
    },
    {
      "id": 7,
      "model": "이상",
      "content": "我……"
    },
    {
      "id": 8,
      "model": "헤르만",
      "teller": "赫尔曼",
      "title": "N公司",
      "content": "你当然会说你不知道。那就是我命你研究这个课题的原因。"
    },
    {
      "id": 9,
      "model": "헤르만",
      "teller": "赫尔曼",
      "title": "N公司",
      "content": "即便你说你不想这么做，我也有很多其他手段。"
    },
    {
      "id": 10,
      "model": "헤르만",
      "teller": "赫尔曼",
      "title": "N公司",
      "content": "我只是觉得看在你朋友的份上，至少应该先礼貌地询问一下你。"
    },
    {
      "id": 11,
      "model": "헤르만",
      "teller": "赫尔曼",
      "title": "N公司",
      "content": "啊，就当是我们三人间的小秘密吧。"
    },
    {
      "id": 12,
      "model": "헤르만",
      "teller": "赫尔曼",
      "title": "N公司",
      "content": "……他们两个人还是不愿意重新加入九人会吗？虽然亚细亚似乎怎样都无所谓，但这两个人有些棘手。"
    },
    {
      "id": 13,
      "model": "구보",
      "teller": "仇甫",
      "title": "N公司",
      "content": "无需担心。他们很快就会下定决心的。"
    },
    {
      "id": 14,
      "model": "구보",
      "teller": "仇甫",
      "title": "N公司",
      "content": "在此创立的新九人会，会比之前的更加强大吧。因为这不是由别人，而是由赫尔曼大人所支持的。"
    },
    {
      "id": 15,
      "model": "구보",
      "teller": "仇甫",
      "title": "N公司",
      "content": "为什么？是因为不愿抛下东朗和冬柏独自加入我们而在犹豫吗？"
    },
    {
      "id": 16,
      "model": "구보",
      "teller": "仇甫",
      "title": "N公司",
      "content": "……你难道看不出来，只有你表明心意之后我才能安心吗？"
    },
    {
      "id": 17,
      "model": "이상",
      "content": "我的心意未曾改变。"
    },
    {
      "id": 18,
      "model": "구보",
      "teller": "仇甫",
      "title": "N公司",
      "content": "……"
    },
    {
      "id": 19,
      "model": "상이",
      "teller": "箱李",
      "title": "研心",
      "content": "……破坏镜像世界吗？仇甫和赫尔曼看起来是认真的。"
    },
    {
      "id": 20,
      "model": "이상",
      "content": "你说得对。只要他们下定决心去做，这件事就一定会实现。"
    },
    {
      "id": 21,
      "model": "이상",
      "content": "而我……便会奉上他想要的东西……"
    },
    {
      "id": 22,
      "model": "이상",
      "content": "但是……"
    },
    {
      "id": 23,
      "model": "이상",
      "content": "我并不想你因此就此消逝。"
    },
    {
      "id": 24,
      "model": "이상",
      "content": "你必须在仇甫也毁掉你之前飞离这里。"
    },
    {
      "id": 25,
      "model": "상이",
      "teller": "箱李",
      "title": "研心",
      "content": "……那你呢？"
    },
    {
      "id": 26,
      "model": "이상",
      "content": "你还不明白吗？我已经束手无策了。我没有你那样的翅膀，自然也无法飞行。"
    },
    {
      "id": 27,
      "model": "이상",
      "content": "我没有什么怨言。如果我闭嘴照他们所说的去做，他们至少会放过我。"
    },
    {
      "id": 28,
      "model": "이상",
      "content": "就像我说的那样，我只剩下……镜子外的你了。"
    },
    {
      "id": 29,
      "model": "상이",
      "teller": "箱李",
      "title": "研心",
      "content": "……当你失去了某些东西，为什么不试着找些新东西来填补那个空缺呢？"
    },
    {
      "id": 30,
      "model": "이상",
      "content": "真是个奇怪的说法。我的世界已然全部都在此处，我又怎么能够重新去填满它呢？"
    },
    {
      "id": 31,
      "model": "이상",
      "content": "在那之后，有一段时间，你都拒绝在我面前现身。"
    },
    {
      "id": 32,
      "model": "이상",
      "content": "我有时会想知道。"
    },
    {
      "id": 33,
      "model": "이상",
      "content": "明明我才是那个说出了这就是我的一切的人，为什么你反倒摆出一副失去一切的表情？"
    },
    {
      "id": 34,
      "model": "이스마엘",
      "content": "镜子里的李箱先生似乎……"
    },
    {
      "id": 35,
      "model": "이스마엘",
      "content": "想要把他留在这个地方。告诉他外面不安全，他应该留在这里……"
    },
    {
      "id": 36,
      "model": "싱클레어",
      "content": "但，为什么他会做出这种……"
    },
    {
      "id": 37,
      "model": "T사기술청1",
      "teller": "3级征收人员",
      "title": "T公司",
      "content": "我们是来收缴不稳定组织九人会未经许可创造的技术的。"
    },
    {
      "id": 38,
      "model": "T사기술청1",
      "teller": "3级征收人员",
      "title": "T公司",
      "content": "取出你们的时钟然后表明你们的身份。"
    },
    {
      "id": 39,
      "model": "단테",
      "content": "<那些T公司技术局的员工一直追到了这里？>"
    },
    {
      "id": 40,
      "model": "뫼르소",
      "content": "T公司技术局的员工不可能追到N公司。"
    },
    {
      "id": 41,
      "model": "뫼르소",
      "content": "这意味着，他们是尝试侵入自我心道的异物。"
    }
  ]
}