{
  "dataList": [
    {
      "id": 0,
      "place": "白鲸体内",
      "model": "오티스",
      "content": "所有人！睁大双眼，专心寻找船只。"
    },
    {
      "id": 1,
      "model": "뫼르소",
      "content": "不，不睁大双眼也没问题。"
    },
    {
      "id": 2,
      "model": "뫼르소",
      "content": "右方，400m左右。那就是我们曾乘坐的小船……"
    },
    {
      "id": 3,
      "model": "오티스",
      "content": "观察力还不错嘛。我们马上动身吧。"
    },
    {
      "id": 4,
      "model": "뫼르소",
      "content": "有必要听完陈述。船体的受损率在75%以上，其残骸散落在周围的地面上。"
    },
    {
      "id": 5,
      "model": "단테",
      "content": "<……>"
    },
    {
      "id": 6,
      "model": "홍루",
      "content": "哇，那么这些就是从船上掉下来的碎片吧。"
    },
    {
      "id": 7,
      "model": "파우스트",
      "content": "……那本是艘被设计成可以多次使用的船。"
    },
    {
      "id": 8,
      "content": "鸿璐所指的方向有七零八碎到令人不禁心生怜悯的螺旋桨……"
    },
    {
      "id": 9,
      "content": "准确来说，是曾为船只引擎之类的部件嗡鸣着停止了运转。"
    },
    {
      "id": 10,
      "model": "이상",
      "content": "终究还是安息了么……"
    },
    {
      "id": 11,
      "model": "이상",
      "content": "如果美香和雷恩目睹了这个场面，想必会伤心至极吧。"
    },
    {
      "id": 12,
      "model": "파우스트",
      "content": "……"
    },
    {
      "id": 13,
      "model": "단테",
      "content": "<虽然最伤心的是我们……>"
    },
    {
      "id": 14,
      "model": "싱클레어",
      "content": "我们，现在该怎么办……"
    },
    {
      "id": 15,
      "model": "이스마엘",
      "content": "经理，您依旧可以感受到金枝的位置吗？"
    },
    {
      "id": 16,
      "model": "단테",
      "content": "<嗯，但跟之前我们去过的支部不一样。明明就在“这里面”某处。但是离正确的方向还是有些远……>"
    },
    {
      "id": 17,
      "model": "이스마엘",
      "content": "……您准备好回溯时钟了吗？"
    },
    {
      "id": 18,
      "model": "단테",
      "content": "<为什么要突然讨论时钟……>"
    },
    {
      "id": 19,
      "model": "단테",
      "content": "<啊……>"
    },
    {
      "id": 20,
      "content": "那些受到这鲸的影响导致身心都变得苍白又浑浊的东西。"
    },
    {
      "id": 21,
      "content": "这个地方也理所当然地……充满了人鱼。"
    }
  ]
}