{
  "dataList": [
    {
      "id": 0,
      "place": "亚哈的办公室",
      "model": "로쟈",
      "content": "嗯……话说，那个告示牌上写的都是些什么啊？"
    },
    {
      "id": 1,
      "model": "스타벅",
      "content": "分配给每个船员的金币数量。"
    },
    {
      "id": 2,
      "model": "스타벅",
      "content": "只要捞到可用之材或成功狩猎人鱼，就可以领到金币。"
    },
    {
      "id": 3,
      "model": "그레고르",
      "content": "嗯……那这些金币是由谁来发的呢？"
    },
    {
      "id": 4,
      "model": "스타벅",
      "content": "那个嘛，当然是船长咯？"
    },
    {
      "id": 5,
      "model": "오티스",
      "content": "难道说，在鲸腹中也有经济活动吗？"
    },
    {
      "id": 6,
      "model": "오티스",
      "content": "但这里应该既没有获得金币的手段，又没有拥有它们的必要啊。"
    },
    {
      "id": 7,
      "model": "스타벅",
      "content": "我说过的。我们马上就要到外面去了。"
    },
    {
      "id": 8,
      "model": "스타벅",
      "content": "而我已经攒够63枚金币了。"
    },
    {
      "id": 9,
      "model": "스타벅",
      "content": "这样的话，等我回到都市，说不定能买到一艘体面的船。只要这期间物价没发生什么变化就行。"
    },
    {
      "id": 10,
      "model": "스타벅",
      "content": "啊，我说啊，如果你们曾经去过马林鱼港船的话。能不能告诉我，那里的鳐鱼铁板海鲜烧烤店还在吗？"
    },
    {
      "id": 11,
      "model": "로쟈",
      "content": "噢……听起来还挺美味？位置在哪里？"
    },
    {
      "id": 12,
      "content": "亚哈好像把对船员们按劳分配金币视为了原则。"
    },
    {
      "id": 13,
      "content": "如果遵从命令就能收到相应的回报，那确实会对增进士气有所帮助。"
    },
    {
      "id": 14,
      "model": "스타벅",
      "content": "啊，以实玛利。刚刚可真是吓到我了。"
    },
    {
      "id": 15,
      "model": "스타벅",
      "content": "我从没想到，能在这里遇到你。"
    },
    {
      "id": 16,
      "model": "스타벅",
      "content": "去到外面的话要不要干杯桶装酒？就和以前一样！"
    },
    {
      "id": 17,
      "model": "스타벅",
      "content": "那么，你去和其他船员打过招呼了吗？"
    },
    {
      "id": 18,
      "model": "스타벅",
      "content": "而且为什么，又把头发弄得那么长了？不是说会碍手碍脚的吗！"
    },
    {
      "id": 19,
      "model": "이스마엘",
      "content": "……问题可真不少。"
    },
    {
      "id": 20,
      "model": "이스마엘",
      "content": "大家好像都不想和我交谈。他们的表情都充满了敌意。"
    },
    {
      "id": 21,
      "model": "스타벅",
      "content": "这里……虽然偶尔也会有来自别的船的居民……"
    },
    {
      "id": 22,
      "model": "스타벅",
      "content": "但那些人连一天都熬不过去。除了我们，没有人一直撑到现在。"
    },
    {
      "id": 23,
      "model": "스타벅",
      "content": "这是因为船长告诉了我们对策。"
    },
    {
      "id": 24,
      "model": "오티스",
      "content": "……对策？"
    },
    {
      "id": 25,
      "model": "스타벅",
      "content": "让身体和思想都不苍白化的，唯一的方法。"
    },
    {
      "id": 26,
      "model": "단테",
      "content": "<还有那种东西？>"
    },
    {
      "id": 27,
      "model": "스타벅",
      "content": "如你所见。如果不是船长的话，我们早就在这里变成人鱼了。镇子里也不会有任何人活下来。"
    },
    {
      "id": 28,
      "model": "스타벅",
      "content": "所以，和船长敌对的人……会变成我们的公敌。"
    },
    {
      "id": 29,
      "model": "스타벅",
      "content": "因为与船长意见相异，无异于置我们于死地。"
    },
    {
      "id": 30,
      "model": "이스마엘",
      "content": "你以前是这样的人吗，斯达巴克。"
    },
    {
      "id": 31,
      "model": "이스마엘",
      "content": "在我的印象里，你和船长还颇为不和来着。"
    },
    {
      "id": 32,
      "model": "스타벅",
      "content": "……是那样吗？"
    },
    {
      "id": 33,
      "model": "이스마엘",
      "content": "……别忘了，当初把船员们引向死亡的命运的是谁。"
    },
    {
      "id": 34,
      "content": "以实玛利冷冷地与斯达巴克擦肩而过，走进了办公室。"
    },
    {
      "id": 35,
      "model": "단테",
      "content": "<他不是你的老伙计吗？>"
    },
    {
      "id": 36,
      "model": "이스마엘",
      "content": "斯达巴克……裴廓德号的大副。"
    },
    {
      "id": 37,
      "model": "이스마엘",
      "content": "他想成为那种八面玲珑的人。同时，他也是和船长走得最近的船员。"
    },
    {
      "id": 38,
      "model": "이스마엘",
      "content": "虽然走得近也意味着会有不少分歧与争执……不过，那种事情已经无所谓了。"
    },
    {
      "id": 39,
      "model": "이스마엘",
      "content": "亚哈则对所有人都一视同仁。一视同仁的毫不关心。"
    },
    {
      "id": 40,
      "model": "에이해브",
      "content": "只能以这陋室迎接各位，还请谅解。"
    },
    {
      "id": 41,
      "model": "에이해브",
      "content": "要是现在能有一瓶朗姆酒，那就是锦上添花了。可惜啊，无论我怎么等，都等不到漂进来的酒瓶。"
    },
    {
      "id": 42,
      "model": "오티스",
      "content": "协商就由我来主导吧，经理。"
    },
    {
      "id": 43,
      "model": "오티스",
      "content": "以实玛利……她应该难以做出理性的判断。而经理您当前也无法与她交谈，因为她只能听到您的滴答声。"
    },
    {
      "id": 44,
      "model": "단테",
      "content": "<好吧……>"
    },
    {
      "id": 45,
      "model": "오티스",
      "content": "你就是亚哈船长，是么？我们是……"
    },
    {
      "id": 46,
      "model": "에이해브",
      "content": "让我猜猜？你们是为了找到被这白鲸所吞下的某物而主动进来的。"
    },
    {
      "id": 47,
      "model": "에이해브",
      "content": "也就是说，你们也找到了其他不会变成人鱼的方法。"
    },
    {
      "id": 48,
      "model": "오티스",
      "content": "……嘛，既然到了这个地步，那也没有必要继续隐瞒了。"
    },
    {
      "id": 49,
      "model": "돈키호테",
      "content": "吾等在寻找……某个物品。至于它长什么样子……"
    },
    {
      "id": 50,
      "content": "堂吉诃德四下环顾着，开始解释，仿佛她觉得船长随时都会从口袋里掏出一根金枝递过来似的。"
    },
    {
      "id": 51,
      "model": "그레고르",
      "content": "等下，可以这么草率的告诉她吗？我们应该先讨论一下，之后再……"
    },
    {
      "id": 52,
      "model": "에이해브",
      "content": "我知道。你们在找的是周身散发着金光的，像棍子一样的东西对吧。"
    },
    {
      "id": 53,
      "model": "에이해브",
      "content": "我说错了吗？"
    },
    {
      "id": 54,
      "model": "그레고르",
      "content": "什……什么？"
    },
    {
      "id": 55,
      "content": "由于格里高尔那副目瞪口呆的表情，我们就连糊弄一下都做不到了。"
    },
    {
      "id": 56,
      "model": "에이해브",
      "content": "我知道那东西在哪里。"
    },
    {
      "id": 57,
      "model": "에이해브",
      "content": "甚至可以把你们带到那里去。"
    },
    {
      "id": 58,
      "model": "오티스",
      "content": "哼，说不定你只不过是在虚张声势呢。"
    },
    {
      "id": 59,
      "model": "싱클레어",
      "content": "没错。也……也有可能是偷听了我们之间的对话……"
    },
    {
      "id": 60,
      "model": "에이해브",
      "content": "我来说说我见过的证据。那根枝条从远处就散发出了金光。那是一种既耀眼又不至于眩目的，温和的感觉。"
    },
    {
      "id": 61,
      "model": "파우스트",
      "content": "……看来她确实对金枝有所了解。"
    },
    {
      "id": 62,
      "model": "파우스트",
      "content": "这已超过了无关人士所能得知的情报的范畴。"
    },
    {
      "id": 63,
      "model": "오티스",
      "content": "哼……就算如此，她也不会把位置告诉我们吧……"
    },
    {
      "id": 64,
      "model": "에이해브",
      "content": "你为什么认为我要把它的位置隐藏起来？我根本没有把它藏起来的理由吧！"
    },
    {
      "id": 65,
      "content": "名为亚哈的人用力拍案，气势汹汹的向前探身。"
    },
    {
      "id": 66,
      "content": "她会心一笑，仿佛完全洞悉了我们接下来将要讨论的事情及其意图。"
    },
    {
      "id": 67,
      "model": "에이해브",
      "content": "明人不说暗话。需要遮遮掩掩的反而是你们，不是么？"
    },
    {
      "id": 68,
      "model": "에이해브",
      "content": "那棍子的名字，是叫做“金枝”来着？那样的话，那个叫“金枝”的东西就在这条该死的鲸的正中心。"
    },
    {
      "id": 69,
      "model": "홍루",
      "content": "正中心是指……"
    },
    {
      "id": 70,
      "model": "에이해브",
      "content": "能够听到擂鼓之声的地方。这头猛兽生命的源泉。"
    },
    {
      "id": 71,
      "model": "에이해브",
      "content": "心脏。喷涌邪恶的，恶毒的心脏。"
    },
    {
      "id": 72,
      "model": "단테",
      "content": "<……！>"
    },
    {
      "id": 73,
      "model": "에이해브",
      "content": "但是……你们应当庆幸。"
    },
    {
      "id": 74,
      "model": "에이해브",
      "content": "刚好，我的裴廓德号的目的地与你们相同……并且，距离这趟捕鲸的出航也不剩多少时间了。"
    },
    {
      "id": 75,
      "model": "에이해브",
      "content": "因为打爆这头鲸的心脏，是从这里离开的唯一方法。"
    },
    {
      "id": 76,
      "model": "홍루",
      "content": "好神奇。这会是偶然发生的巧合吗？"
    },
    {
      "id": 77,
      "model": "싱클레어",
      "content": "神奇在哪里了？"
    },
    {
      "id": 78,
      "model": "홍루",
      "content": "你们为了前往心脏，应该做了很长时间的准备，但我们恰好就在这时候来到了这里。"
    },
    {
      "id": 79,
      "model": "에이해브",
      "content": "所谓命运，有时候不就是这样的么。而我的命运则注定着我将成为那个贯穿白鲸心脏的人。"
    },
    {
      "id": 80,
      "model": "에이해브",
      "content": "我在这里扬帆起航的次数，比你们所有人嘴里的牙齿加起来都多。我到过这里的每一处角落，并把每一丝细节都铭记于心，毫无遗漏。"
    },
    {
      "id": 81,
      "model": "에이해브",
      "content": "而且，我还在大湖的时候，曾为了穿透这畜生的皮而无所不用其极。"
    },
    {
      "id": 82,
      "model": "에이해브",
      "content": "劝你们不要白费力气了，就算把世上的所有武器全都刺进去，这畜生的皮仍会像R公司的要塞一样坚不可摧，比世上的任何东西都要牢固且坚韧。"
    },
    {
      "id": 83,
      "model": "퀴케그",
      "content": "随时都在，尝试捅它。用我的捕鲸枪。"
    },
    {
      "id": 84,
      "model": "퀴케그",
      "content": "造成伤痕，可以。但是穿不透。"
    },
    {
      "id": 85,
      "model": "에이해브",
      "content": "嘛，信不过的话用你们手上的武器试试也无妨。"
    },
    {
      "id": 86,
      "model": "돈키호테",
      "content": "连一点划痕都没有……"
    },
    {
      "id": 87,
      "model": "로쟈",
      "content": "如果这人的话属实，那不就意味着靛蓝老人或LCA小组的尝试都毫无作用了吗……"
    },
    {
      "id": 88,
      "model": "로쟈",
      "content": "就算超时也无法前来救援……"
    },
    {
      "id": 89,
      "model": "에이해브",
      "content": "我，还有我们，比任何人都清楚。"
    },
    {
      "id": 90,
      "model": "에이해브",
      "content": "在这个不可能有人前来救援的地方，保持理智是多么困难的一件事。"
    },
    {
      "id": 91,
      "model": "에이해브",
      "content": "看看我可怜的船员们！看看他们那即使快被白色黏膜覆盖全身，却还要拼命坚持的模样！"
    },
    {
      "id": 92,
      "model": "퀴케그",
      "content": "这里，没有。什么都。没有。"
    },
    {
      "id": 93,
      "model": "에이해브",
      "content": "我们能做的，就只有打捞着从胃部漂过来的船只碎片，咀嚼着魁魁格狩猎到的人鱼尸体，然后挺下去。"
    },
    {
      "id": 94,
      "model": "퀴케그",
      "content": "鳍。柔软的。"
    },
    {
      "id": 95,
      "model": "로쟈",
      "content": "……这到底是怎么挺住的啊……"
    },
    {
      "id": 96,
      "model": "스타벅",
      "content": "只有一点。服从船长的命令，怀揣着总有一天能从这里离开的信念。"
    },
    {
      "id": 97,
      "model": "스타벅",
      "content": "我们就靠那个挺着。"
    },
    {
      "id": 98,
      "model": "이스마엘",
      "content": "……"
    },
    {
      "id": 99,
      "model": "에이해브",
      "content": "所以，听听我的提案。"
    },
    {
      "id": 100,
      "model": "에이해브",
      "content": "身负救出所有这些船员们的义务的……我，裴廓德号的船长兼裴廓德镇的镇长亚哈，对你们发出的提案。"
    },
    {
      "id": 101,
      "model": "에이해브",
      "content": "我会摧毁这畜生的心脏。我已谋划许久，现在只差执行了。"
    },
    {
      "id": 102,
      "model": "에이해브",
      "content": "我们的目的虽然相同，但追求的战利品却不一样。"
    },
    {
      "id": 103,
      "model": "에이해브",
      "content": "如果协助我的计划，你们就可以得到金枝，我们则可以猎杀这头鲸，逃出生天。"
    },
    {
      "id": 104,
      "model": "오티스",
      "content": "……我们还要再讨论片刻。"
    },
    {
      "id": 105,
      "model": "에이해브",
      "content": "请便。"
    },
    {
      "id": 106,
      "content": "亚哈大方地微笑着点了点头，我们则在办公室的另一端聚起来交头接耳。"
    },
    {
      "id": 107,
      "model": "뫼르소",
      "content": "我们到这里时乘坐的船只已经没有修复的可能。"
    },
    {
      "id": 108,
      "model": "뫼르소",
      "content": "因此，为了离开此处，我们需要再次准备船只。"
    },
    {
      "id": 109,
      "model": "뫼르소",
      "content": "此外，进行体内的调查需要在那胃液上方移动。船只在那时也是必要的。"
    },
    {
      "id": 110,
      "model": "오티스",
      "content": "哼，那不如把他们的船抢过来……"
    },
    {
      "id": 111,
      "model": "싱클레어",
      "content": "说那么大声大家都听见了可怎么办啊……！"
    },
    {
      "id": 112,
      "model": "퀴케그",
      "content": "我们的船。操作方法复杂。"
    },
    {
      "id": 113,
      "model": "퀴케그",
      "content": "驾驶只有。这里的船员可以。"
    },
    {
      "id": 114,
      "model": "싱클레어",
      "content": "终究还是被听到了啊……"
    },
    {
      "id": 115,
      "model": "오티스",
      "content": "……我们从木筏开始造一艘船的话大概需要多少时间？"
    },
    {
      "id": 116,
      "model": "파우스트",
      "content": "从没有任何材料的状态开始，采用耐酸的材质进行制造的话，预估耗时大概……"
    },
    {
      "id": 117,
      "model": "단테",
      "content": "<别，干脆别算了……>"
    },
    {
      "id": 118,
      "model": "파우스트",
      "content": "好的。"
    },
    {
      "id": 119,
      "model": "이스마엘",
      "content": "哈，这提案……还真是不出所料的扯淡啊。"
    },
    {
      "id": 120,
      "model": "이스마엘",
      "content": "那个人一直都这样。用听起来还挺靠谱的鬼话把人引向死亡。"
    },
    {
      "id": 121,
      "model": "이스마엘",
      "content": "这次也如出一辙。"
    },
    {
      "id": 122,
      "model": "싱클레어",
      "content": "我也……觉得这人哪里不对劲。有没有能靠我们自己就搞定的方法……"
    },
    {
      "id": 123,
      "model": "히스클리프",
      "content": "人越婆婆妈妈，就越是要小心提防。"
    },
    {
      "id": 124,
      "model": "홍루",
      "content": "那些人好像为了摧毁心脏并离开这里投入了大量的时间……只靠我们自己的话，能做到立即解决这件事吗？"
    },
    {
      "id": 125,
      "model": "홍루",
      "content": "我们也……不知道能在这里坚持多久。"
    },
    {
      "id": 126,
      "model": "로쟈",
      "content": "没错……而且，也没有第二个像那船长一样，对这地方的每个角落都了如指掌的人了……"
    },
    {
      "id": 127,
      "model": "그레고르",
      "content": "那么……我们要么变成人鱼互相残杀，要么永远被困在这里……二选一是吗？"
    },
    {
      "id": 128,
      "model": "돈키호테",
      "content": "猩红凝视是不会丢下吾等的……！呜呜呜……"
    },
    {
      "id": 129,
      "model": "료슈",
      "content": "这种时候，下定结论的方法很简单。胜者为王。"
    },
    {
      "id": 130,
      "content": "显然，罪人们之间的意见正在分歧，并且毫无趋于一致的迹象。"
    },
    {
      "id": 131,
      "content": "而我……"
    },
    {
      "id": 132,
      "content": "对于亚哈过度洞悉了我们这一点，耿耿于怀。"
    }
  ]
}