{
  "dataList": [
    {
      "id": 0,
      "place": "裴廓德镇",
      "model": "퀴케그가면",
      "teller": "？？？",
      "title": "裴廓德镇",
      "content": "你们。很强。"
    },
    {
      "id": 1,
      "model": "퀴케그가면",
      "teller": "？？？",
      "title": "裴廓德镇",
      "content": "但是，没有。水手。"
    },
    {
      "id": 2,
      "model": "료슈",
      "content": "为何，说话，断断续续？恼人。"
    },
    {
      "id": 3,
      "model": "료슈",
      "content": "如果你不是在说缩略语，那只不过是把无聊的时间延长了而已。"
    },
    {
      "id": 4,
      "content": "以实玛利的硬头锤有惊无险地掠过了那个人的面具。"
    },
    {
      "id": 5,
      "model": "이스마엘",
      "content": "明明在我给你机会的时候乖乖让开就好了……现在我要打飞你的脑袋。"
    },
    {
      "id": 6,
      "model": "퀴케그",
      "teller": "？？？",
      "title": "裴廓德镇",
      "content": "但……你是。水手。"
    },
    {
      "id": 7,
      "model": "이스마엘",
      "content": "……没错。"
    },
    {
      "id": 8,
      "model": "이스마엘",
      "content": "我们都是水手。"
    },
    {
      "id": 9,
      "model": "이스마엘",
      "content": "魁魁格！！！"
    },
    {
      "id": 10,
      "content": "突然，以实玛利就像是炮弹发射一般飞扑了出去，紧紧抱住了那个叫魁魁格的人。"
    },
    {
      "id": 11,
      "model": "로쟈",
      "content": "哇……她刚刚不是还说要打飞那个人的脑袋吗？"
    },
    {
      "id": 12,
      "model": "이상",
      "content": "与旧友相会，不总是如此吗。"
    },
    {
      "id": 13,
      "model": "이상",
      "content": "如果不那般紧紧相拥，就总会担忧他们飞往别处。"
    },
    {
      "id": 14,
      "model": "퀴케그",
      "teller": "魁魁格",
      "title": "裴廓德镇",
      "content": "你的发色。忘不了。"
    },
    {
      "id": 15,
      "model": "퀴케그",
      "teller": "魁魁格",
      "title": "裴廓德镇",
      "content": "你的名字，我知道。"
    },
    {
      "id": 16,
      "model": "퀴케그",
      "teller": "魁魁格",
      "title": "裴廓德镇",
      "content": "但是，你不该，攻击，船长。"
    },
    {
      "id": 17,
      "model": "이스마엘",
      "content": "为什么……？我……"
    },
    {
      "id": 18,
      "model": "퀴케그",
      "teller": "魁魁格",
      "title": "裴廓德镇",
      "content": "如果再次，攻击船长。我也会，攻击你。"
    },
    {
      "id": 19,
      "model": "퀴케그",
      "teller": "魁魁格",
      "title": "裴廓德镇",
      "content": "那个时候，不是你死，就是我亡。"
    },
    {
      "id": 20,
      "model": "이스마엘",
      "content": "……"
    },
    {
      "id": 21,
      "model": "에이해브",
      "content": "现在，你们打算做什么？这里的斯达巴克慷慨地救了你们……甚至还邀请你们来我的镇子上做客。"
    },
    {
      "id": 22,
      "model": "에이해브",
      "content": "但你们还是忘恩负义，选择了攻击我。"
    },
    {
      "id": 23,
      "model": "에이해브",
      "content": "这要是在一般的航行里，我早就会把你们全都用绳子捆起来，扔进大湖里拖龙骨。"
    },
    {
      "id": 24,
      "content": "裴廓德镇的居民少说也有40人。"
    },
    {
      "id": 25,
      "content": "从他们充满敌意的眼神之中，我可以看出这里的每个居民都是亚哈的忠实船员。"
    },
    {
      "id": 26,
      "content": "我们深陷在这缺少情报，也不知道该去往何方的陌生环境之中。"
    },
    {
      "id": 27,
      "model": "단테",
      "content": "<的确，情况看上去不是很好……>"
    },
    {
      "id": 28,
      "content": "只要亚哈一声令下，他们就会全都对我们刀剑相向吧。"
    },
    {
      "id": 29,
      "content": "如果我们撤退的话，身后只有会溶解身躯的胃酸河，而前方则是完全未知的领域。"
    },
    {
      "id": 30,
      "model": "에이해브",
      "content": "哈哈！！别老用那么害怕的表情看着我啊。"
    },
    {
      "id": 31,
      "model": "에이해브",
      "content": "你们真幸运，因为我是……"
    },
    {
      "id": 32,
      "model": "에이해브",
      "content": "心胸宽广的船长啊！就让刚刚的无礼行为随风而去吧。"
    },
    {
      "id": 33,
      "model": "에이해브",
      "content": "我有几个问题要问你们，你们肯定也是一样吧。"
    },
    {
      "id": 34,
      "model": "에이해브",
      "content": "如果你们愿意和我聊聊的话，就来我的船长室吧。"
    },
    {
      "id": 35,
      "model": "에이해브",
      "content": "记得要心平气和地来。"
    },
    {
      "id": 36,
      "content": "亚哈若无其事地转过身，大步走进了另一栋建筑。"
    },
    {
      "id": 37,
      "content": "她的步伐如此自信，就好像她知道我们会跟上她一样，就好像她知道我们别无选择，只能跟上她一样。"
    },
    {
      "id": 38,
      "model": "히스클리프",
      "content": "……喂，后面那些家伙……刚刚还在瞪着我们……现在却若无其事地消失了？"
    },
    {
      "id": 39,
      "model": "퀴케그",
      "content": "船长，原谅了。大家，也原谅了。我也一样。"
    },
    {
      "id": 40,
      "model": "히스클리프",
      "content": "哈啊……刚才还想跟我们决一死战，现在却这样背对着我们……"
    },
    {
      "id": 41,
      "model": "오티스",
      "content": "确实，她很自信。"
    },
    {
      "id": 42,
      "model": "오티스",
      "content": "她明白就算发动突袭，也有会阻拦我们的船员在。攻击她将得不偿失。"
    },
    {
      "id": 43,
      "model": "오티스",
      "content": "仅仅通过刚才发生的情况……她就已经清晰地传达出她能掌控全局这一事实。"
    },
    {
      "id": 44,
      "model": "단테",
      "content": "<……>"
    },
    {
      "id": 45,
      "model": "이스마엘",
      "content": "和她平和地对话……怎么可能……"
    },
    {
      "id": 46,
      "model": "단테",
      "content": "<就算这样，我们也没有其他出路了……>"
    },
    {
      "id": 47,
      "content": "以实玛利的目光追随着默默跟在船长身后的魁魁格。"
    },
    {
      "id": 48,
      "model": "이스마엘",
      "content": "哈啊。"
    },
    {
      "id": 49,
      "model": "이스마엘",
      "content": "……进去吧。"
    },
    {
      "id": 50,
      "model": "이스마엘",
      "content": "让我们听听那个混蛋要说些什么。"
    },
    {
      "id": 51,
      "model": "이스마엘",
      "content": "毕竟这里无处可逃。"
    },
    {
      "id": 52,
      "model": "이스마엘",
      "content": "对于她，也对于我们。"
    },
    {
      "id": 53,
      "model": "퀴케그",
      "content": "……"
    }
  ]
}