{
  "dataList": [
    {
      "id": 0,
      "place": "？？？",
      "content": "当我慢慢睁开眼睛时，首先感受到的是潮湿、阴冷的不适感，但又感到一些地方传来了暖意。"
    },
    {
      "id": 1,
      "model": "단테",
      "content": "<这是……哪里？>"
    },
    {
      "id": 2,
      "model": "홍루",
      "content": "唔，这条河流一样的东西蔓延到了远处呢。如果我们逆流而上的话……"
    },
    {
      "id": 3,
      "model": "홍루",
      "content": "说不定能发现些什么呢？"
    },
    {
      "id": 4,
      "model": "싱클레어",
      "content": "鸿璐先生……您怎么每次都这么镇定？"
    },
    {
      "id": 5,
      "model": "그레고르",
      "content": "有吗……？嘛，那个伙计倒是一直都给人这种感觉呢。"
    },
    {
      "id": 6,
      "model": "싱클레어",
      "content": "不……我不是那个意思。"
    },
    {
      "id": 7,
      "model": "싱클레어",
      "content": "各位……你们觉得我们在什么地方？"
    },
    {
      "id": 8,
      "model": "싱클레어",
      "content": "我们……应该是……"
    },
    {
      "id": 9,
      "model": "오티스",
      "content": "我清楚。"
    },
    {
      "id": 10,
      "model": "오티스",
      "content": "我们自愿地划进了那巨兽的肚子里。"
    },
    {
      "id": 12,
      "content": "就在不久之前……"
    },
    {
      "id": 13,
      "place": "梅菲斯托费勒斯 船舱",
      "model": "이스마엘",
      "content": "我们要进入那头……吞掉金枝的鲸的腹中。"
    },
    {
      "id": 14,
      "model": "히스클리프",
      "content": "……你真是疯了。刚刚就你被揍得最狠，不会是脑子被打出毛病了吧。"
    },
    {
      "id": 15,
      "model": "이스마엘",
      "content": "因为这仅是我的目的而已。金枝只是路上顺便的。"
    },
    {
      "id": 16,
      "model": "이스마엘",
      "content": "你们自己决定吧。啊，当然经理的决策才是最重要的。"
    },
    {
      "id": 17,
      "model": "이스마엘",
      "content": "总之，不论是这家公司还是我，都只是在摸索达成目标的方法罢了。"
    },
    {
      "id": 18,
      "model": "쪽빛노인",
      "teller": "靛蓝老人",
      "title": "？？？",
      "content": "……"
    },
    {
      "id": 19,
      "model": "이스마엘",
      "content": "况且，除此以外也没有别的办法了。不是吗？"
    },
    {
      "id": 20,
      "model": "이스마엘",
      "content": "那家伙吞下了金枝……如果金枝可以中和那头该死的白鲸的白化现象的话……"
    },
    {
      "id": 21,
      "model": "이스마엘",
      "content": "那么，即使我们进去了，也说不定不会被侵蚀。"
    },
    {
      "id": 22,
      "model": "로쟈",
      "content": "这就是场赌博，以实。恐怕……"
    },
    {
      "id": 23,
      "model": "이스마엘",
      "content": "没错。而那不正是你最喜欢做的事情之一吗。"
    },
    {
      "id": 24,
      "model": "이스마엘",
      "content": "执行经理，您觉得如何呢？"
    },
    {
      "id": 25,
      "content": "以实玛利的眼神仿佛在告诉我，我除了同意这个计划外别无选择。"
    },
    {
      "id": 26,
      "content": "她的眼神好像在说：“都走到这一步了，你除了最终找到金枝以外也别无他法了，不是吗？”"
    },
    {
      "id": 27,
      "model": "베르길리우스",
      "content": "……"
    },
    {
      "id": 28,
      "model": "베르길리우스",
      "content": "6小时。"
    },
    {
      "id": 29,
      "model": "베르길리우스",
      "content": "6小时后你们若是仍没有任何动静的话，LCA小组将会接手任务。"
    },
    {
      "id": 30,
      "model": "그레고르",
      "content": "LCA小组接手的话……会怎么样？"
    },
    {
      "id": 31,
      "model": "베르길리우스",
      "content": "啊，如果收到了你们被困在鲸腹里出不来的不幸消息的话……"
    },
    {
      "id": 32,
      "model": "베르길리우스",
      "content": "他们大概会讨论如何把那头巨大的白鲸整个炸掉吧。"
    },
    {
      "id": 33,
      "model": "베르길리우스",
      "content": "那之后，恐怕会是一场漫长的战斗了吧。"
    },
    {
      "id": 34,
      "model": "단테",
      "content": "<简而言之，如果在接下来的6小时内，我们不把插在鲸肚子里的金枝给拔出来的话，就会和白鲸手牵手一起被炸成碎片。对吧？>"
    },
    {
      "id": 35,
      "model": "파우스트",
      "content": "这番话不会被转述。"
    },
    {
      "id": 36,
      "model": "베르길리우스",
      "content": "……"
    },
    {
      "id": 37,
      "model": "단테",
      "content": "<……浮士德，你认为这次作战的成功率有多高？>"
    },
    {
      "id": 38,
      "model": "파우스트",
      "content": "虽然不为0……但也趋近于0。"
    },
    {
      "id": 39,
      "model": "파우스트",
      "content": "至少就我们现在掌握的变量而言是这样。"
    },
    {
      "id": 40,
      "model": "이스마엘",
      "content": "所以说是有可能的。"
    },
    {
      "id": 41,
      "model": "단테",
      "content": "<还有其他提案吗？>"
    },
    {
      "id": 42,
      "model": "파우스트",
      "content": "不，就目前来说没有了。"
    },
    {
      "id": 43,
      "model": "파우스트",
      "content": "然而，我想申明的是，虽然我们确实曾以低成功率的方法在作战中取得了戏剧性的成功。"
    },
    {
      "id": 44,
      "model": "단테",
      "content": "<……好，那就让我们开始行动吧。>"
    },
    {
      "id": 45,
      "place": "白鲸体内",
      "model": "파우스트",
      "content": "……果然，没有计划这件事反而成为了计划本身。"
    },
    {
      "id": 46,
      "model": "파우스트",
      "content": "这进一步巩固了我崭新的原创理论。"
    },
    {
      "id": 47,
      "content": "幸运的是，没有一名罪人行踪不明，十二名罪人都按照作战计划下来了。"
    },
    {
      "id": 48,
      "content": "可是……"
    },
    {
      "id": 49,
      "model": "단테",
      "content": "<船……船去哪了？>"
    },
    {
      "id": 50,
      "content": "我们乘坐的船却完全不见踪影了。"
    }
  ]
}