{
  "dataList": [
    {
      "id": 0,
      "place": "裴廓德镇",
      "model": "이스마엘",
      "content": "看来，你只剩下一些弱小无力的船员了啊？"
    },
    {
      "id": 1,
      "model": "이스마엘",
      "content": "……！"
    },
    {
      "id": 2,
      "content": "以实玛利迅速挪动身体避开，她原先所站的位置刺进了一支捕鲸枪。"
    },
    {
      "id": 3,
      "model": "이스마엘",
      "content": "又是谁……"
    },
    {
      "id": 4,
      "model": "에이해브",
      "content": "我的船员们比任何人都忠心耿耿。"
    },
    {
      "id": 5,
      "model": "에이해브",
      "content": "在其中，这名船员更是这世上最为优秀的鱼叉手。"
    },
    {
      "id": 6,
      "model": "에이해브",
      "content": "所以……在这里对我发动攻击，不就是单纯的自杀行为吗？"
    },
    {
      "id": 7,
      "model": "퀴케그가면",
      "content": "……"
    },
    {
      "id": 8,
      "content": "一个脸上戴着奇异的面具的船员介入了战斗。"
    },
    {
      "id": 9,
      "model": "히스클리프",
      "content": "妈的……瞧瞧那捕鲸枪的大小。"
    },
    {
      "id": 10,
      "model": "료슈",
      "content": "如果被正中靶心的话，大抵连骨头渣都剩不下来了。这人，是个战士。呼呼……"
    },
    {
      "id": 11,
      "model": "히스클리프",
      "content": "不是！说那种话的时候就别笑了！真让人毛骨悚然……"
    }
  ]
}