{
  "dataList": [
    {
      "id": 0,
      "place": "裴廓德镇",
      "model": "에이해브",
      "content": "为了抵达心脏，有一些必须完成的事情。"
    },
    {
      "id": 1,
      "model": "에이해브",
      "content": "必须有两艘船同时分别前往两条路线。"
    },
    {
      "id": 2,
      "model": "에이해브",
      "content": "我们的裴廓德号会经过胰腺。"
    },
    {
      "id": 3,
      "model": "료슈",
      "content": "提问。"
    },
    {
      "id": 4,
      "model": "에이해브",
      "content": "问吧。"
    },
    {
      "id": 5,
      "model": "료슈",
      "content": "为什么是你们经过胰腺？"
    },
    {
      "id": 6,
      "model": "에이해브",
      "content": "胰腺区域十分宽广，且充满强力的酸液。需要比任何人都清楚那些酸液会在何时何处喷涌才能胜任。"
    },
    {
      "id": 7,
      "model": "에이해브",
      "content": "所以比起对这里一无所知且糊里糊涂的你们，在这里一路摸爬滚打过来的家伙们更合适。"
    },
    {
      "id": 8,
      "content": "名为斯达巴克的人在旁边耸了耸肩。"
    },
    {
      "id": 9,
      "model": "에이해브",
      "content": "而且胰腺是人鱼栖息密度最高的区域。这趟航行对我们一生都在致力于猎捕人鱼与鲸的船员们更为有利。"
    },
    {
      "id": 10,
      "model": "에이해브",
      "content": "虽说没什么特别强大的人鱼……但我们仍然会利用人数优势。"
    },
    {
      "id": 11,
      "model": "에이해브",
      "content": "我们会在胰腺的末端斩下那里最为粗大的静脉。"
    },
    {
      "id": 12,
      "model": "에이해브",
      "content": "然后其心脏便会为了恢复供血而打开左心房。"
    },
    {
      "id": 13,
      "model": "그레고르",
      "content": "那我们要去的地方是……"
    },
    {
      "id": 14,
      "model": "에이해브",
      "content": "这边。连接着肺部的右心房。这里的道路比较狭窄，用小艇就足够了。"
    },
    {
      "id": 15,
      "model": "에이해브",
      "content": "比起这些，派你们前往的路上流入了一些既不像鲸也不像人鱼的其他东西。虽然数量看起来比较少，但说不定战斗起来并不会容易。"
    },
    {
      "id": 16,
      "model": "파우스트",
      "content": "……"
    },
    {
      "id": 17,
      "model": "에이해브",
      "content": "你们这样的少数人员看起来比起大规模战斗更擅长对付那些棘手的家伙。"
    },
    {
      "id": 18,
      "model": "에이해브",
      "content": "如果没有你们，就该派遣包括斯达巴克和魁魁格的10名精锐人员了。把精锐船员偏向一侧的航行会提高失败率。这使我十分头疼……"
    },
    {
      "id": 19,
      "model": "에이해브",
      "content": "但你们如命运般现身，如此一来这一切严丝合缝。命运就是如此的我行我素。"
    },
    {
      "id": 20,
      "model": "파우스트",
      "content": "亚哈所说的其他东西……是吞噬脑叶公司支部时一并被吞噬的异想体的可能性很高。"
    },
    {
      "id": 21,
      "model": "에이해브",
      "content": "看来你们心里有数啊。果然遇到你们就是命运啊。猎捕此鲸的命运！"
    },
    {
      "id": 22,
      "model": "에이해브",
      "content": "你们杀掉那里的怪物，并如法炮制斩下动脉，右心房就会打开。"
    },
    {
      "id": 23,
      "model": "에이해브",
      "content": "那么我们就会在这颗心脏的心室交界处会合。"
    },
    {
      "id": 24,
      "model": "에이해브",
      "content": "接下来就由我进去，把里面的心脏的核心……即心脏的心脏毁掉。"
    },
    {
      "id": 25,
      "model": "돈키호테",
      "content": "心脏里还有心脏么？！"
    },
    {
      "id": 26,
      "model": "에이해브",
      "content": "看来你没有和这样的庞然巨物战斗过。"
    },
    {
      "id": 27,
      "model": "에이해브",
      "content": "这种程度的大块头有一颗驱动心脏的心脏是理所当然的。"
    },
    {
      "id": 28,
      "model": "단테",
      "content": "<那是理所当然的吗……？>"
    },
    {
      "id": 29,
      "model": "에이해브",
      "content": "只有摧毁脉动着邪恶的那颗心脏！我们才能得以沐浴外界照进来的慈爱的阳光！！！"
    },
    {
      "id": 30,
      "model": "에이해브",
      "content": "之后刺向我吧。让我绝息的最后的捕鲸枪！"
    },
    {
      "id": 31,
      "model": "이스마엘",
      "content": "……呵。"
    },
    {
      "id": 32,
      "model": "오티스",
      "content": "虽然尚未掌握此处的地理情况，但考虑到作战体系时我认为这比较合理。执行经理。"
    },
    {
      "id": 33,
      "model": "단테",
      "content": "<嗯……我也这么想。>"
    },
    {
      "id": 34,
      "content": "看来亚哈到处游览过的话并不假。"
    },
    {
      "id": 35,
      "content": "只怀着一颗要把这巨大的鲸所消灭掉的心，在这段漫长的岁月里……"
    },
    {
      "id": 36,
      "model": "히스클리프",
      "content": "我还是不放心……居然要把计划托付给一个来历不明的船长还要服从她的命令。我们不是只听钟表头的话吗？"
    },
    {
      "id": 37,
      "model": "히스클리프",
      "content": "吃嗟来之食也不让人满意。就算我们中的几个人疯掉变成人鱼崽子也应该用我们的双手做个了断不是吗？"
    },
    {
      "id": 38,
      "model": "오티스",
      "content": "那可真是缺乏对策的发言。"
    },
    {
      "id": 39,
      "model": "오티스",
      "content": "如果我判断可以通过那种程度的损失解决事情的话，我早就会那么提议了。"
    },
    {
      "id": 40,
      "model": "히스클리프",
      "content": "那你怎么不提一嘴？"
    },
    {
      "id": 41,
      "model": "오티스",
      "content": "……这里是绝对缺乏情报的战场及未知空间。不论以何种方式，都不能让经理陷入危险。"
    },
    {
      "id": 42,
      "model": "오티스",
      "content": "本就是低胜率的赌博，仅仅是处于自尊心就要执行这种连经理的安全都是未知数的作战，这是连新进的蠢货都不会说出口的话。"
    },
    {
      "id": 43,
      "model": "히스클리프",
      "content": "……嘁。"
    },
    {
      "id": 44,
      "model": "이스마엘",
      "content": "只要摧毁了心脏……就可以做个了断。"
    },
    {
      "id": 45,
      "model": "이스마엘",
      "content": "只要摧毁心脏……"
    },
    {
      "id": 46,
      "content": "以实玛利仿佛事不关己，只是咬牙切齿地重复道。"
    },
    {
      "id": 47,
      "content": "仿佛是一刻也不想忘记这件事一般。"
    },
    {
      "id": 48,
      "model": "에이해브",
      "content": "好，我们集合点见。"
    },
    {
      "id": 49,
      "model": "에이해브",
      "content": "祝所有人，一路顺风。"
    },
    {
      "id": 50,
      "model": "퀴케그",
      "content": "……"
    },
    {
      "id": 51,
      "model": "에이해브",
      "content": "我的船员们，离见到我们翘首以待的太阳的日子不远了。"
    },
    {
      "id": 52,
      "model": "에이해브",
      "content": "我们也同样很快就能呼吸那腥臭卑劣的都市空气了。"
    },
    {
      "id": 53,
      "content": "亚哈为我们提供了可以航向心脏的船只。"
    },
    {
      "id": 54,
      "model": "퀴케그",
      "content": "只有裴廓德的船员们可以。这艘船的驾驶。"
    },
    {
      "id": 55,
      "model": "퀴케그",
      "content": "所以，我来做。"
    },
    {
      "id": 56,
      "content": "魁魁格作为这艘船的驾驶员与我们会合。"
    },
    {
      "id": 57,
      "content": "就如魁魁格所说，这艘船与我们目前为止所坐过的船不同，由骨头与肉块……以及可以通过缝隙看到的几块铁板组成了怪异的形态。"
    },
    {
      "id": 58,
      "content": "……我能理解那句只有船员才可以驾驶的话了。"
    }
  ]
}