{
  "dataList": [
    {
      "id": 0,
      "place": "裴廓德镇",
      "model": "피쿼드호주민1",
      "teller": "？？？",
      "title": "？？？",
      "content": "来，欢迎来到裴廓德镇。"
    },
    {
      "id": 1,
      "model": "피쿼드호주민2",
      "teller": "？？？",
      "title": "？？？",
      "content": "船长！我们回来了！看看我们捞到了什么！"
    },
    {
      "id": 2,
      "model": "단테",
      "content": "<船长？>"
    },
    {
      "id": 3,
      "model": "에이해브",
      "teller": "船长？",
      "title": "？？？",
      "content": "果然！你的搜索能力无可挑剔，斯达巴克！"
    },
    {
      "id": 4,
      "content": "与沙哑的嗓音一同向我们走来的是一位老人。"
    },
    {
      "id": 5,
      "model": "에이해브",
      "teller": "船长？",
      "title": "？？？",
      "content": "这两枚金币是你的了。还有一枚金币就让给这对双胞胎船员吧。"
    },
    {
      "id": 6,
      "model": "피쿼드호주민1",
      "teller": "？？？",
      "title": "？？？",
      "content": "谢谢您，船长。"
    },
    {
      "id": 7,
      "model": "에이해브",
      "teller": "船长？",
      "title": "？？？",
      "content": "这裴廓德镇里有新的居民可是好久之前的事了。"
    },
    {
      "id": 8,
      "model": "그레고르",
      "content": "居民……？不该是访客吗？"
    },
    {
      "id": 9,
      "model": "오티스",
      "content": "这是认为他人一旦踏足于此就从属于自身之人的发言。"
    },
    {
      "id": 10,
      "model": "이스마엘",
      "content": "果然……"
    },
    {
      "id": 11,
      "model": "에이해브",
      "teller": "船长？",
      "title": "？？？",
      "content": "我是照顾着这些可怜的船员，建立了这个镇子，并即将要带领这些人投身于最后的航海的船长。"
    },
    {
      "id": 12,
      "model": "에이해브",
      "content": "亚哈。"
    },
    {
      "id": 13,
      "model": "단테",
      "content": "<……啊，以实玛利……！>"
    },
    {
      "id": 14,
      "model": "이스마엘",
      "content": "你……不知道我有多期待……这个瞬间，往后你也永远不会知道。"
    },
    {
      "id": 15,
      "model": "이스마엘",
      "content": "因为你会在明白之前就丧命。"
    },
    {
      "id": 16,
      "content": "以实玛利如此低语着冲向了亚哈。"
    },
    {
      "id": 17,
      "model": "에이해브",
      "content": "真是热烈的欢迎。以实玛利。"
    },
    {
      "id": 18,
      "content": "她丝毫没有因以实玛利的突然攻击而陷入慌张。"
    },
    {
      "id": 19,
      "model": "스타벅",
      "teller": "？？？",
      "title": "裴廓德镇",
      "content": "啊……以实玛利么……？这么一看确实……？"
    },
    {
      "id": 20,
      "model": "피쿼드호주민1",
      "teller": "被蒙住双眼的裴廓德镇居民",
      "title": "裴廓德镇",
      "content": "忘恩负义的东西。竟然攻击船长！"
    },
    {
      "id": 21,
      "model": "피쿼드호주민2",
      "teller": "被堵上嘴的裴廓德镇居民",
      "title": "裴廓德镇",
      "content": "给你点颜色瞧瞧！"
    },
    {
      "id": 22,
      "model": "피쿼드호주민1",
      "teller": "被蒙住双眼的裴廓德镇居民",
      "title": "裴廓德镇",
      "content": "把他们扔进胃酸！"
    }
  ]
}