{
  "dataList": [
    {
      "id": 0,
      "place": "白鲸体内",
      "model": "그레고르",
      "content": "哈啊……在更多人鱼聚集过来之前得先离开这里。"
    },
    {
      "id": 1,
      "model": "싱클레어",
      "content": "我们都已经被困在鲸的腹中了，还能去哪里呢……"
    },
    {
      "id": 2,
      "model": "로쟈",
      "content": "我们是不是……也马上就要变成那副样子了？毕竟……我们，被吃掉了啊。"
    },
    {
      "id": 3,
      "model": "파우스트",
      "content": "得益于位于但丁经理头部的金枝，目前应该仍可以阻止各位罪人的白化现象。"
    },
    {
      "id": 4,
      "model": "파우스트",
      "content": "但是这种效果究竟能维持到什么时候，依然尚不明确。"
    },
    {
      "id": 5,
      "model": "파우스트",
      "content": "因为我们所处的环境发生了改变。"
    },
    {
      "id": 6,
      "content": "也就是说，如果我们继续这样拖延时间的话，可能会变得和这些人鱼一样吧。"
    },
    {
      "id": 7,
      "content": "我的时钟能否将变成人鱼的罪人复原，仍是个未知数。"
    },
    {
      "id": 8,
      "model": "단테",
      "content": "<但是……要往哪里走呢？>"
    },
    {
      "id": 9,
      "model": "단테",
      "content": "<我甚至不知道这是什么地方……>"
    },
    {
      "id": 10,
      "model": "홍루",
      "content": "好奇怪哦……鲸腹里原来还会下雨吗？"
    },
    {
      "id": 11,
      "content": "正当我毫无头绪的时候，鸿璐突然说了句莫名其妙的话。"
    },
    {
      "id": 12,
      "model": "단테",
      "content": "<……这话什么意思？>"
    },
    {
      "id": 13,
      "model": "홍루",
      "content": "啊，刚刚有几滴水落到了我的肩上。"
    },
    {
      "id": 14,
      "model": "히스클리프",
      "content": "……喂，等一下。"
    },
    {
      "id": 15,
      "model": "히스클리프",
      "content": "我们被这家伙吃掉之后，就马上栽到了这个地方，对吧。"
    },
    {
      "id": 16,
      "model": "단테",
      "content": "<没错……>"
    },
    {
      "id": 17,
      "model": "히스클리프",
      "content": "我偶尔会对理所当然的事情感到糊涂，所以才会问这话。"
    },
    {
      "id": 18,
      "model": "히스클리프",
      "content": "一般来说，在吃东西的时候……食物会最先落到哪里来着？"
    },
    {
      "id": 19,
      "model": "로쟈",
      "content": "当然是胃部了。我那可怜的胃从刚刚开始就饿得咕咕叫了……"
    },
    {
      "id": 20,
      "model": "파우스트",
      "content": "……我了解希斯克利夫先生提问的意图了。"
    },
    {
      "id": 21,
      "model": "파우스트",
      "content": "胃部出于高效消化食物的目的，会不断分泌胃酸。"
    },
    {
      "id": 22,
      "model": "싱클레어",
      "content": "我好像在学校里学过。那应该是某种强酸……"
    },
    {
      "id": 23,
      "model": "싱클레어",
      "content": "能够把接触到的物质……分解掉……"
    },
    {
      "id": 24,
      "model": "홍루",
      "content": "啊哈~"
    },
    {
      "id": 25,
      "model": "홍루",
      "content": "所以……被水滴到的衣服部分才会溶解啊。我还觉得有点痛呢。"
    },
    {
      "id": 26,
      "content": "我一望向鸿璐的肩膀，就看到了一个正嘶嘶作响，将周围的皮肤一并腐蚀的小洞。"
    },
    {
      "id": 27,
      "model": "돈키호테",
      "content": "吾等……才刚到达这里……就要变成浆糊了么？"
    },
    {
      "id": 28,
      "model": "파우스트",
      "content": "若要报告一个积极的发现的话，那就是鲸的生理器官似乎与一般的生物有着一定的相似之处。"
    },
    {
      "id": 29,
      "model": "단테",
      "content": "<大家……都先尽全力逃跑吧……>"
    },
    {
      "id": 30,
      "model": "단테",
      "content": "<无论你们最后变成什么样，只要有碎片残留下来就行……>"
    }
  ]
}