{
  "dataList": [
    {
      "id": 0,
      "place": "亚哈的办公室",
      "model": "에이해브",
      "content": "你们好像也无法轻易做出决定。"
    },
    {
      "id": 1,
      "model": "에이해브",
      "content": "当然，只是稍微想一想，也能知道我提出的条件全都是你们迫切需要的，而且过于切合你们的现状了。"
    },
    {
      "id": 2,
      "model": "에이해브",
      "content": "但是，正因为那些令人吃惊的机遇如此偶然，才会被称为命运！"
    },
    {
      "id": 3,
      "model": "에이해브",
      "content": "命运来临的时候要先学会把握住。这里的水手们都知道这个道理。"
    },
    {
      "id": 4,
      "model": "싱클레어",
      "content": "唔……"
    },
    {
      "id": 5,
      "content": "辛克莱微微颤抖。"
    },
    {
      "id": 6,
      "content": "那些近在眼前的偶然，比如夹在其他船之间差点变成残渣。"
    },
    {
      "id": 7,
      "content": "或是在偶然发现的船上遇到的悬挂着的人鱼，抑或是偶然遇到的浪潮中出现的鲸和它的副产物……"
    },
    {
      "id": 8,
      "content": "所有这些偶然的瞬间，都与罪人们擦肩而过。"
    },
    {
      "id": 9,
      "model": "이스마엘",
      "content": "你的说话方式全部都如预料一般，完全看不到有一点变化的痕迹。"
    },
    {
      "id": 10,
      "model": "이스마엘",
      "content": "不要随便误会。我可完全没有想跟你一起行动的想法。我现在就只想生吃了你。"
    },
    {
      "id": 11,
      "model": "에이해브",
      "content": "哈哈哈！真不错啊，你变得能够以出色的表情说出像水手一样的话了，以实玛利！"
    },
    {
      "id": 12,
      "model": "이스마엘",
      "content": "没想到你还会记得我的名字。"
    },
    {
      "id": 13,
      "model": "에이해브",
      "content": "我怎么会忘记呢？"
    },
    {
      "id": 14,
      "model": "에이해브",
      "content": "就在我被这只鲸吞噬之前……你在沉船的碎片之间撕心裂肺地呼喊我的名字。哈。就像发生在昨天一样，那声音仍然清晰地萦绕在耳边。"
    },
    {
      "id": 15,
      "model": "이스마엘",
      "content": "……"
    },
    {
      "id": 16,
      "model": "에이해브",
      "content": "那时，我看到了你的眼神，只是刹那间，我就理解了你心中的一切。"
    },
    {
      "id": 17,
      "model": "에이해브",
      "content": "你真正渴望的是什么。"
    },
    {
      "id": 18,
      "content": "亚哈缓缓地靠近以实玛利。"
    },
    {
      "id": 19,
      "content": "以实玛利似乎连躲都没想躲，只是用充血的眼睛盯着那个人。"
    },
    {
      "id": 20,
      "model": "에이해브",
      "content": "所以，我会给你你想要的。"
    },
    {
      "id": 21,
      "content": "声音虽然暗淡……但却真诚。"
    },
    {
      "id": 22,
      "model": "이스마엘",
      "content": "呵，又说什么胡言乱语呢？"
    },
    {
      "id": 23,
      "model": "이스마엘",
      "content": "我想要的是……"
    },
    {
      "id": 24,
      "model": "에이해브",
      "content": "是我的心脏。"
    },
    {
      "id": 25,
      "model": "이스마엘",
      "content": "……！"
    },
    {
      "id": 26,
      "model": "에이해브",
      "content": "我说啊，以实玛利。我是……第一个，也是唯一一个目击你人生最大愿望诞生时的样子的人。"
    },
    {
      "id": 27,
      "model": "에이해브",
      "content": "那时在你内心中诞生的唯一的执念，以狂怒的视线与吼叫毫不留情地刺向了我。"
    },
    {
      "id": 28,
      "model": "에이해브",
      "content": "你大概是只抱着那个想法才一直坚持到这里的吧？"
    },
    {
      "id": 29,
      "model": "에이해브",
      "content": "他们在找的金枝？你根本不在乎那种东西。你当然不在乎。"
    },
    {
      "id": 30,
      "model": "에이해브",
      "content": "对你来说，我的心脏才是金枝。它既是宝箱，又是金币。"
    },
    {
      "id": 31,
      "model": "에이해브",
      "content": "我知道的。你现在仍然是优秀的水手和鱼叉手。"
    },
    {
      "id": 32,
      "model": "에이해브",
      "content": "从第一次和我眼神接触开始，你就一直在用充满强烈怨恨的视线刺向我，不是吗？你的视线甚至从未有过一刹那的偏移。"
    },
    {
      "id": 33,
      "model": "에이해브",
      "content": "果然你最适合当鱼叉手！如果我是鲸，肯定会毫不犹豫地为你献出心脏。"
    },
    {
      "id": 34,
      "model": "이스마엘",
      "content": "你说你会……交出心脏。"
    },
    {
      "id": 35,
      "model": "에이해브",
      "content": "那句话没有半点虚假，你不是最清楚的吗，以实玛利！你一定知道束缚我的这份渴求，会将我导向何方吧！"
    },
    {
      "id": 36,
      "model": "에이해브",
      "content": "只要我能粉碎这只鲸的心脏……！"
    },
    {
      "id": 37,
      "model": "에이해브",
      "content": "那我就会十分乐意地，将我的生命献给你。"
    },
    {
      "id": 38,
      "model": "에이해브",
      "content": "我不在乎你以什么方式杀掉我。我全部都会接受。"
    },
    {
      "id": 39,
      "model": "이스마엘",
      "content": "哈……"
    },
    {
      "id": 40,
      "content": "亚哈握住以实玛利的捕鲸枪，将其对准了自己的脖子。"
    },
    {
      "id": 41,
      "model": "이스마엘",
      "content": "……！"
    },
    {
      "id": 42,
      "model": "에이해브",
      "content": "来呀！难道你不想马上割断我的动脉吗？"
    },
    {
      "id": 43,
      "model": "에이해브",
      "content": "只要我能达成我的目标，你随便这么做！为了能让动脉被看得更清楚，我会亲切地露出脖子给你看的。"
    },
    {
      "id": 44,
      "model": "에이해브",
      "content": "看看这被打磨锋利的鱼叉！你必定是一边想着无论如何都要将我痛苦地杀死一边将其磨利的吧！你一定是感受到了——命运的召唤，你的使命！就像我一样！！！"
    },
    {
      "id": 45,
      "model": "에이해브",
      "content": "我比任何人都能理解你！那盈满悲切的内心，那充满憎恨的日子！"
    },
    {
      "id": 46,
      "model": "이스마엘",
      "content": "是的……即使是现在，我也只能勉强忍住把你撕碎的冲动。"
    },
    {
      "id": 47,
      "model": "에이해브",
      "content": "但是你没这么做。"
    },
    {
      "id": 48,
      "model": "이스마엘",
      "content": "……"
    },
    {
      "id": 49,
      "model": "에이해브",
      "content": "因为你太清楚了，即使是在捕鲸枪正划过我脖子上的汗毛的这一瞬间也一样！"
    },
    {
      "id": 50,
      "model": "에이해브",
      "content": "想要杀我，你还太弱了。"
    },
    {
      "id": 51,
      "model": "에이해브",
      "content": "虽然很可怜，但也挺聪明嘛……你这不是很清楚自己的斤两么。"
    },
    {
      "id": 52,
      "model": "에이해브",
      "content": "真是太好了，你不是那种把握不住突然到来的机会的笨船员。"
    },
    {
      "id": 53,
      "model": "에이해브",
      "content": "只要我能杀死白鲸，用我的双手终结它的生命……之后我怎么样都无所谓。"
    },
    {
      "id": 54,
      "model": "에이해브",
      "content": "贯穿那唾手可得的心脏，以实玛利。"
    },
    {
      "id": 55,
      "model": "에이해브",
      "content": "我的人生会在那个时候圆满。之后再发生什么我都不会在意。"
    },
    {
      "id": 56,
      "model": "이스마엘",
      "content": "哈……哈哈……哈……"
    },
    {
      "id": 57,
      "content": "以实玛利笑个不停。"
    },
    {
      "id": 58,
      "content": "没有像对待我们那样吐出辛辣的讽刺，也没有用冷静和理性的批判来面对。"
    },
    {
      "id": 59,
      "content": "她用目光紧盯着亚哈的眼睛，只是张大嘴巴笑个不停。"
    },
    {
      "id": 60,
      "model": "에이해브",
      "content": "好啊，不错的眼神啊……"
    },
    {
      "id": 61,
      "model": "에이해브",
      "content": "我看到你这样子，就已经清楚你的回答了。我几乎都能在脑海中清晰地听到了。"
    },
    {
      "id": 62,
      "model": "이스마엘",
      "content": "是啊……希望你享受你最后的航行，亚哈。"
    },
    {
      "id": 63,
      "model": "이스마엘",
      "content": "然后，你一定要不惜一切代价的活下去，直到那颗心脏被击碎为止。"
    },
    {
      "id": 64,
      "model": "이스마엘",
      "content": "我会欢欣雀跃地杀死那个人生已圆满的你。"
    },
    {
      "id": 65,
      "model": "에이해브",
      "content": "啊哈，啊哈哈哈！！"
    },
    {
      "id": 66,
      "model": "에이해브",
      "content": "没错，有着目标的水手，就该有那样的眼神！"
    },
    {
      "id": 67,
      "model": "에이해브",
      "content": "我不会让你失望，以实玛利。我的心脏将比那熔岩鲸搏动得更加剧烈，其中流淌出的热血也会更加鲜红炽热，更有被你的鱼叉贯穿的价值。"
    },
    {
      "id": 68,
      "model": "이스마엘",
      "content": "哈、哈哈哈！！"
    },
    {
      "id": 69,
      "content": "这两个人面对面大笑的样子，流露出一种恐怖的氛围，让我觉得无论是自己还是罪人们，都难以介入其中。"
    },
    {
      "id": 70,
      "content": "这两人的笑声太过相似。"
    },
    {
      "id": 71,
      "content": "以至于，我甚至开始分不清哪个才是以实玛利的笑声，哪个又是亚哈的笑声。"
    },
    {
      "id": 72,
      "content": "我当时的想法到底是怎样的……我无法确定。"
    },
    {
      "id": 73,
      "content": "虽然除此以外也没有其他合适的办法，但我也许……"
    },
    {
      "id": 74,
      "model": "단테",
      "content": "<……>"
    },
    {
      "id": 75,
      "content": "并不希望以实玛利接受那个提案。"
    },
    {
      "id": 76,
      "place": "裴廓德镇",
      "model": "스타벅",
      "content": "听说你决定加入，去心脏的航行？"
    },
    {
      "id": 77,
      "model": "스타벅",
      "content": "和身上看不到一点白色的，精神饱满的人们一起踏上航程，真让人觉得踏实不少啊。"
    },
    {
      "id": 78,
      "model": "스타벅",
      "content": "啊……说起来，你们是怎么一点事都没有的？"
    },
    {
      "id": 79,
      "model": "스타벅",
      "content": "你们是怎么做到，丝毫不受这白鲸的影响的呢？"
    },
    {
      "id": 80,
      "content": "斯达巴克饶有兴致地问道。"
    },
    {
      "id": 81,
      "model": "돈키호테",
      "content": "那是因为！唔……？！"
    },
    {
      "id": 82,
      "model": "그레고르",
      "content": "……就是会有这样的情况啊。大概是我们运气好吧。"
    },
    {
      "id": 83,
      "content": "格里高尔适当地岔开了话题。顺便堵上了堂吉诃德的嘴。"
    }
  ]
}