{
  "dataList": [
    {
      "id": 0,
      "place": "白鲸的胃",
      "content": "我们一边避开倾盆而下的胃酸，一边奋力奔驰着。"
    },
    {
      "id": 1,
      "content": "却连要跑向哪里都不清楚。"
    },
    {
      "id": 2,
      "teller": "？？？",
      "title": "？？？",
      "content": "诶呀，这……这场面可真稀奇。"
    },
    {
      "id": 3,
      "teller": "？？？",
      "title": "？？？",
      "content": "与其说是稀奇，倒不如说是可疑。"
    },
    {
      "id": 4,
      "teller": "？？？",
      "title": "？？？",
      "content": "你的感叹太大声了，这下他们全都注意到我们了。"
    },
    {
      "id": 5,
      "model": "단테",
      "content": "<……？是谁？>"
    },
    {
      "id": 6,
      "teller": "？？？",
      "title": "？？？",
      "content": "你们，会说话对吧。"
    },
    {
      "id": 7,
      "model": "이상",
      "content": "人鱼……在说话……"
    },
    {
      "id": 8,
      "teller": "？？？",
      "title": "？？？",
      "content": "我们不是人鱼。能把话说得这么好的人鱼，你有见过吗？"
    },
    {
      "id": 9,
      "model": "뫼르소",
      "content": "他们的白化现象只进行了一部分。"
    },
    {
      "id": 10,
      "model": "로쟈",
      "content": "那算什么？半人半鱼？"
    },
    {
      "id": 11,
      "teller": "？？？",
      "title": "？？？",
      "content": "因为没有时间，长话短说。"
    },
    {
      "id": 12,
      "teller": "？？？",
      "title": "？？？",
      "content": "这里每十分钟一次，会冒出大量酸液。"
    },
    {
      "id": 13,
      "teller": "？？？",
      "title": "？？？",
      "content": "如果你们说你们的身子是钢铁造的，就算了……"
    },
    {
      "id": 14,
      "teller": "？？？",
      "title": "？？？",
      "content": "但你们最好做出选择。要么抓住我们放下来的绳子逃出这里，"
    },
    {
      "id": 15,
      "teller": "？？？",
      "title": "？？？",
      "content": "要么在这里变成黏糊糊的养分和这家伙合为一体。"
    },
    {
      "id": 16,
      "teller": "？？？",
      "title": "？？？",
      "content": "嘛，我们也可以等你们化掉了再把你们的武器捡走。"
    },
    {
      "id": 17,
      "teller": "？？？",
      "title": "？？？",
      "content": "有几个人已经化掉了一点。"
    },
    {
      "id": 18,
      "model": "단테",
      "content": "<我们还有得选吗？>"
    },
    {
      "id": 19,
      "model": "히스클리프",
      "content": "把绳子放下来！马上！"
    },
    {
      "id": 20,
      "content": "他们轻声交谈了几句，仿佛在说着什么好笑的事情，然后把一根长相怪异的绳子嗖地扔了下来。"
    },
    {
      "id": 21,
      "model": "그레고르",
      "content": "这绳子感觉有点怪啊。"
    },
    {
      "id": 22,
      "teller": "？？？",
      "title": "？？？",
      "content": "这是从肺里拔出来的毛细血管束。泡在酸里也能撑，一小时以上。"
    },
    {
      "id": 23,
      "model": "로쟈",
      "content": "格雷格……你干嘛要问这个……噫，好恶心啊……"
    },
    {
      "id": 24,
      "content": "伴着罗佳的抱怨声，我们紧握着那束毛细血管，努力地匍匐向上。"
    },
    {
      "id": 25,
      "model": "단테",
      "content": "<……唉。虽然不知道你们是谁……谢谢你们。>"
    },
    {
      "id": 26,
      "model": "피쿼드호주민1",
      "teller": "？？？",
      "title": "？？？",
      "content": "哎呀，这次捕鱼大丰收啊。回去可以拿到三个金币当奖励了。"
    },
    {
      "id": 27,
      "model": "피쿼드호주민2",
      "teller": "？？？",
      "title": "？？？",
      "content": "这个讲话滴答滴答的家伙说不定还能更值钱一点。"
    },
    {
      "id": 28,
      "model": "료슈",
      "content": "捕鱼？你们觉得是把我们钓上来了？"
    },
    {
      "id": 29,
      "model": "스타벅",
      "teller": "？？？",
      "title": "？？？",
      "content": "我们会定期来这里。"
    },
    {
      "id": 30,
      "model": "스타벅",
      "teller": "？？？",
      "title": "？？？",
      "content": "但我们发现的一半都是快变成人鱼的可怜的漂流者。过几分钟就冲上来要杀了我们。而另一半就只是普通的人鱼。"
    },
    {
      "id": 31,
      "model": "홍루",
      "content": "哈哈，看来我们是特例啊。"
    },
    {
      "id": 32,
      "model": "스타벅",
      "teller": "？？？",
      "title": "？？？",
      "content": "遇到既会说话，又没人鱼化的船员，应该是头一回。"
    },
    {
      "id": 33,
      "model": "단테",
      "content": "<但是你们为什么要定期来这里？>"
    },
    {
      "id": 34,
      "model": "스타벅",
      "teller": "？？？",
      "title": "？？？",
      "content": "这个钟表头的船员一直都在滴答滴答的。是在说些什么吗？这应该不是机械吧。"
    },
    {
      "id": 35,
      "model": "스타벅",
      "teller": "？？？",
      "title": "？？？",
      "content": "看来我们呆在这的这段时间，外界流行的东西也变了很多啊。一般就算把头换成义体，也会保留说话的能力吧？"
    },
    {
      "id": 36,
      "model": "그레고르",
      "content": "呃，所以说那个人……有些事导致没办法正常沟通。"
    },
    {
      "id": 37,
      "model": "스타벅",
      "teller": "？？？",
      "title": "？？？",
      "content": "哼，这样啊。家家有本难念的经嘛。"
    },
    {
      "id": 38,
      "model": "스타벅",
      "teller": "？？？",
      "title": "？？？",
      "content": "我们船员也一样。说话总是，很，艰难。"
    },
    {
      "id": 39,
      "model": "피쿼드호주민1",
      "teller": "？？？",
      "title": "？？？",
      "content": "遇到我们可是好运当头啊，小伙计们！"
    },
    {
      "id": 40,
      "model": "피쿼드호주민2",
      "teller": "？？？",
      "title": "？？？",
      "content": "因为我们马上就要从这里出去了！"
    },
    {
      "id": 41,
      "content": "他们自信满满地给我们带路，我们虽然跟上了，却只能用充满怀疑的眼神看着他们。"
    },
    {
      "id": 42,
      "model": "단테",
      "content": "<他是要把我们带到哪？>"
    },
    {
      "id": 43,
      "model": "단테",
      "content": "<如果这是为了把我们一网打尽……>"
    },
    {
      "id": 44,
      "model": "이스마엘",
      "content": "如果他们想要攻击，肯定会趁我们正从悬崖爬上来的时候。那时候我们最难应对突袭。"
    },
    {
      "id": 45,
      "model": "이스마엘",
      "content": "而且……"
    },
    {
      "id": 46,
      "content": "以实玛利看起来想继续说些什么，又像有什么苦恼似的转过头小声嘟囔着。"
    },
    {
      "id": 47,
      "model": "이스마엘",
      "content": "那把捕鲸叉……我以前肯定见过……"
    },
    {
      "id": 48,
      "model": "스타벅",
      "teller": "？？？",
      "title": "？？？",
      "content": "话说回来，你们是哪艘船来的？"
    },
    {
      "id": 49,
      "model": "그레고르",
      "content": "嗯……有艘叫边狱……号的……你应该不知道。嗯……"
    },
    {
      "id": 50,
      "model": "피쿼드호주민1",
      "teller": "？？？",
      "title": "？？？",
      "content": "又不是人鱼，怎么说话这么不清不楚的？报上船长的名字。如果是U公司出身的，我说不定还能认识。"
    },
    {
      "id": 51,
      "model": "그레고르",
      "content": "嗯……我们的船长……是谁来着？"
    },
    {
      "id": 52,
      "model": "단테",
      "content": "<我都没碰过舵，能说我是船长吗？>"
    },
    {
      "id": 53,
      "model": "돈키호테",
      "content": "舵啊……嗯……抓方向盘的人的话……"
    },
    {
      "id": 54,
      "model": "돈키호테",
      "content": "吾知道！！！卡戎就是船长大人！"
    },
    {
      "id": 55,
      "model": "스타벅",
      "teller": "？？？",
      "title": "？？？",
      "content": "啊……果然没听说过。看来时代过了很多啊。"
    },
    {
      "id": 56,
      "content": "把突然当上船长的卡戎抛在脑后，那人挠了挠头。"
    },
    {
      "id": 57,
      "model": "이스마엘",
      "content": "你们……自从被关在这里过了多久？"
    },
    {
      "id": 58,
      "model": "피쿼드호주민1",
      "teller": "？？？",
      "title": "？？？",
      "content": "八个月。"
    },
    {
      "id": 59,
      "model": "피쿼드호주민2",
      "teller": "？？？",
      "title": "？？？",
      "content": "不对，蠢货，是三年！因为我们最后数到了第644天……"
    },
    {
      "id": 60,
      "model": "스타벅",
      "teller": "？？？",
      "title": "？？？",
      "content": "不知道。我已经放弃计算日子了。这里也没有阳光照进来，搞得我对时间也没个概念了。"
    },
    {
      "id": 61,
      "model": "이스마엘",
      "content": "……是吗。"
    },
    {
      "id": 62,
      "model": "이스마엘",
      "content": "在我的记忆里会这么在捕鲸叉上打结的人只有一个……"
    },
    {
      "id": 63,
      "model": "스타벅",
      "teller": "？？？",
      "title": "？？？",
      "content": "这个？叫绝望结。在我们镇里也只有几个熟练的人会打。"
    },
    {
      "id": 64,
      "model": "이스마엘",
      "content": "那样的话……就在这里吗……"
    },
    {
      "id": 65,
      "model": "이스마엘",
      "content": "我，好像知道……你的名字。"
    },
    {
      "id": 66,
      "content": "以实玛利突然停下了脚步。同时这些人也停了下来。"
    },
    {
      "id": 67,
      "content": "……但并不是因为她说的那句话。"
    }
  ]
}