{
  "dataList": [
    {
      "id": 0,
      "place": "白鲸的右心房",
      "model": "퀴케그",
      "content": "那个。既非人鱼，也非鲸。是郊区的怪物吗？"
    },
    {
      "id": 1,
      "model": "파우스트",
      "content": "它们被称作异想体。它们曾收容于脑叶公司支部，但被这只鲸吞下去了。"
    },
    {
      "id": 2,
      "model": "퀴케그",
      "content": "我见过，相似的东西。但不是，异想体。"
    },
    {
      "id": 3,
      "model": "파우스트",
      "content": "确实，在郊区遇到什么都不奇怪。所以你完全有可能遇到类似异想体的实体。"
    },
    {
      "id": 4,
      "model": "퀴케그",
      "content": "异想体。是如何，诞生的？"
    },
    {
      "id": 5,
      "model": "파우스트",
      "content": "它们都曾是人类。它们被人为制造出来，用于生产新型能源。"
    },
    {
      "id": 6,
      "model": "퀴케그",
      "content": "他们似乎。有愿望。"
    },
    {
      "id": 7,
      "model": "파우스트",
      "content": "你是在问异想体……是否有特定的欲望和需求吗。"
    },
    {
      "id": 8,
      "model": "퀴케그",
      "content": "它们知道，自我吗？自己想要的。和所希望的。"
    },
    {
      "id": 9,
      "model": "그레고르",
      "content": "嘛，看上去它们也只剩下那些欲望和需求了。"
    },
    {
      "id": 10,
      "model": "퀴케그",
      "content": "……"
    },
    {
      "id": 11,
      "model": "퀴케그",
      "content": "真令人羡慕。"
    },
    {
      "id": 12,
      "model": "퀴케그",
      "content": "完全知晓。自己想要什么……"
    },
    {
      "id": 13,
      "content": "魁魁格一边望着异想体，一边不停地抓挠着自己的胳膊。"
    },
    {
      "id": 14,
      "content": "她抓得实在太用力了，以至于血液混合着苍白的黏液从伤口处滴落而下。"
    },
    {
      "id": 15,
      "model": "이스마엘",
      "content": "……！"
    },
    {
      "id": 16,
      "model": "이스마엘",
      "content": "魁魁格，停下。你身上的伤口……"
    },
    {
      "id": 17,
      "model": "이스마엘",
      "content": "这个习惯……你还没改掉吗？"
    },
    {
      "id": 18,
      "model": "퀴케그",
      "content": "……蜕皮。"
    },
    {
      "id": 19,
      "model": "퀴케그",
      "content": "蛹。成为不了。"
    }
  ]
}