{
  "dataList": [
    {
      "id": 0,
      "place": "白鲸右心房 入口",
      "content": "以实玛利静静地看着魁魁格。"
    },
    {
      "id": 1,
      "model": "이스마엘",
      "content": "我以为……你……还有所有船员都死了。"
    },
    {
      "id": 2,
      "model": "퀴케그",
      "content": "你。我也。以为死了。"
    },
    {
      "id": 3,
      "model": "퀴케그",
      "content": "在我曾在的地方。死人。不烧掉而是埋掉。"
    },
    {
      "id": 4,
      "model": "퀴케그",
      "content": "地底。还有心底。很深很深。再也挖不出来。"
    },
    {
      "id": 5,
      "model": "퀴케그",
      "content": "因为不忘掉，不行。"
    },
    {
      "id": 6,
      "model": "이스마엘",
      "content": "对你来说……我……是个被埋葬的人吗？"
    },
    {
      "id": 7,
      "model": "퀴케그",
      "content": "我……"
    },
    {
      "id": 8,
      "model": "퀴케그",
      "content": "想看。夕阳。"
    },
    {
      "id": 9,
      "model": "퀴케그",
      "content": "靠这个想法，忍耐下来。呼吸。投掷鱼叉。"
    },
    {
      "id": 10,
      "model": "이스마엘",
      "content": "……你不是讨厌外面的世界吗？"
    },
    {
      "id": 11,
      "model": "퀴케그",
      "content": "夕阳很温暖。无论何时。无论何处。"
    },
    {
      "id": 12,
      "model": "이스마엘",
      "content": "……"
    },
    {
      "id": 13,
      "model": "단테",
      "content": "<从远处……有悲鸣声传来……>"
    },
    {
      "id": 14,
      "model": "이스마엘",
      "content": "人鱼的哭声……"
    },
    {
      "id": 15,
      "model": "퀴케그",
      "content": "如果出不去。会变成那样。"
    },
    {
      "id": 16,
      "model": "퀴케그",
      "content": "只会哭叫。想要把碰到的所有东西全部杀掉。"
    },
    {
      "id": 17,
      "model": "퀴케그",
      "content": "融化。慢慢地。然后……那之后……"
    },
    {
      "id": 18,
      "model": "퀴케그",
      "content": "像一开始就不存在一样。漂流而去。"
    },
    {
      "id": 19,
      "model": "퀴케그",
      "content": "不想成为。人鱼。"
    },
    {
      "id": 20,
      "model": "퀴케그",
      "content": "白鲸。不杀掉的话。没法出去。"
    },
    {
      "id": 21,
      "model": "단테",
      "content": "<……！>"
    },
    {
      "id": 22,
      "content": "再一次，以实玛利的某个过去流淌而来。"
    },
    {
      "id": 23,
      "content": "可能是因为金枝的影响……能看见这些画面的频率逐渐增加了。"
    },
    {
      "id": 24,
      "model": "이스마엘",
      "content": "悲鸣声。"
    },
    {
      "id": 25,
      "model": "이스마엘",
      "content": "每天都会有骇人的悲鸣声从船舱里传来。"
    },
    {
      "id": 26,
      "place": "裴廓德号",
      "model": "스타벅과거",
      "content": "比普，这次轮到你进船舱了。"
    },
    {
      "id": 27,
      "model": "이스마엘과거",
      "content": "人鱼每晚都会悲鸣，因此我们不得不把那些东西关在船舱里。"
    },
    {
      "id": 28,
      "model": "핍과거",
      "content": "比普不想下去……那里好可怕。"
    },
    {
      "id": 29,
      "model": "스타벅과거",
      "content": "这是抽签的结果。虽然很可惜……但你不得不接受了。"
    },
    {
      "id": 30,
      "model": "이스마엘과거",
      "content": "魁魁格……不觉得很奇怪吗？"
    },
    {
      "id": 31,
      "model": "이스마엘과거",
      "content": "为什么我们……得做这种事不可？"
    },
    {
      "id": 32,
      "model": "퀴케그과거",
      "content": "……"
    },
    {
      "id": 33,
      "model": "퀴케그과거",
      "content": "要忍耐。以实玛利。"
    },
    {
      "id": 34,
      "model": "퀴케그과거",
      "content": "我们能遇到那头白鲸。很快就。"
    },
    {
      "id": 35,
      "model": "퀴케그과거",
      "content": "也就是说一切都会结束。"
    },
    {
      "id": 36,
      "model": "이스마엘과거",
      "content": "对。很快……就要结束了……"
    },
    {
      "id": 37,
      "model": "이스마엘과거",
      "content": "所以等这场航海结束……"
    },
    {
      "id": 38,
      "model": "에이해브과거",
      "content": "明明没有遵守自己的岗位，还在我的船上吵什么？"
    },
    {
      "id": 39,
      "model": "핍과거",
      "content": "船长！比普不想到船舱里。怕得要死了。好害怕。"
    },
    {
      "id": 40,
      "model": "핍과거",
      "content": "比普每天晚上都能听到声音。有东西在抓挠舱壁门的声音。"
    },
    {
      "id": 41,
      "model": "에이해브과거",
      "content": "清醒点，比普。那只是人鱼而已。"
    },
    {
      "id": 42,
      "model": "핍과거",
      "content": "比普知道。比普看到了，那是……"
    },
    {
      "id": 43,
      "model": "핍과거",
      "content": "那是斯塔布船员，船长……因为斯塔布坐的船被白鲸吃掉了……"
    },
    {
      "id": 44,
      "model": "에이해브과거",
      "content": "比普，不要去听船舱里的声音。看看大湖的远方。"
    },
    {
      "id": 45,
      "model": "에이해브과거",
      "content": "我们离遇见白鲸的日子已经不远了。"
    },
    {
      "id": 46,
      "model": "에이해브과거",
      "content": "它的悲鸣声越响，我们的目标离我们就越近。"
    },
    {
      "id": 47,
      "model": "에이해브과거",
      "content": "它将会带领我们前往白鲸的所在之处。"
    },
    {
      "id": 48,
      "model": "이스마엘과거",
      "content": "……"
    },
    {
      "id": 49,
      "model": "이스마엘과거",
      "content": "那天半夜，我偷偷潜入了亚哈的船长室。"
    },
    {
      "id": 50,
      "model": "이스마엘과거",
      "content": "不经允许就进入船长室几乎是一项禁忌。只要是个水手都知道。"
    },
    {
      "id": 51,
      "model": "이스마엘과거",
      "content": "如果被抓到了，以船上叛乱的嫌疑立刻遭到怎样的处分也不奇怪，"
    },
    {
      "id": 52,
      "model": "이스마엘과거",
      "content": "但我也不明白自己那时候在想些什么。"
    },
    {
      "id": 53,
      "model": "이스마엘과거",
      "content": "……！"
    },
    {
      "id": 54,
      "model": "이스마엘과거",
      "content": "亚……亚哈……船长……我……"
    },
    {
      "id": 55,
      "model": "에이해브",
      "content": "……"
    },
    {
      "id": 56,
      "model": "이스마엘과거",
      "content": "船、船长？"
    },
    {
      "id": 57,
      "model": "이스마엘과거",
      "content": "船长的双眼直直地盯着贴在卧室天花板的大湖地图。"
    },
    {
      "id": 58,
      "model": "이스마엘과거",
      "content": "丝毫未动。"
    },
    {
      "id": 59,
      "model": "이스마엘과거",
      "content": "我盯着那副样子看了一会，跌跌撞撞地走出了船长室。"
    },
    {
      "id": 60,
      "model": "이스마엘과거",
      "content": "我只得那么做。"
    },
    {
      "id": 61,
      "model": "스타벅과거",
      "content": "你进了船长室？"
    },
    {
      "id": 62,
      "model": "이스마엘과거",
      "content": "斯……斯达巴克先生……"
    },
    {
      "id": 63,
      "model": "스타벅과거",
      "content": "船长在睡觉时也总是睁着眼睛。"
    },
    {
      "id": 64,
      "model": "스타벅과거",
      "content": "她在看着大湖某处的那头白鲸。"
    },
    {
      "id": 65,
      "model": "스타벅과거",
      "content": "船长并没有在睡觉。她一直都醒着。"
    },
    {
      "id": 66,
      "model": "이스마엘",
      "content": "对……这里是船长的掌心。"
    },
    {
      "id": 67,
      "model": "이스마엘",
      "content": "我们全身都被握在掌心，只被允许进行呼吸。"
    },
    {
      "id": 68,
      "model": "스타벅과거",
      "content": "快回去睡吧。正如船长所说，那头鲸离我们不远了。"
    },
    {
      "id": 69,
      "model": "스타벅과거",
      "content": "虽然船长的发言有时候难以理解，也希望她能偶尔换一种想法……"
    },
    {
      "id": 70,
      "model": "스타벅과거",
      "content": "但这种日子也不长了。"
    },
    {
      "id": 71,
      "model": "스타벅과거",
      "content": "我们马上就能变得自由。"
    },
    {
      "id": 72,
      "model": "스타벅과거",
      "content": "只要猎到白鲸……下了船……我们就……"
    }
  ]
}