{
  "dataList": [
    {
      "id": 0,
      "place": "白鲸的右心室",
      "model": "오티스",
      "content": "这就是船长提到过的第二个心房……"
    },
    {
      "id": 1,
      "model": "단테",
      "content": "<一旦我们通过这里，就能抵达心脏中央了……>"
    },
    {
      "id": 2,
      "content": "魁魁格向我走来。"
    },
    {
      "id": 3,
      "model": "퀴케그",
      "content": "你的名字，我知道。你叫但丁。"
    },
    {
      "id": 4,
      "model": "단테",
      "content": "<没错，我是叫但丁……>"
    },
    {
      "id": 5,
      "model": "퀴케그",
      "content": "你说的话。我听不见。像鲸或人鱼的声音。"
    },
    {
      "id": 6,
      "model": "퀴케그",
      "content": "你让死去的船员们，复活。"
    },
    {
      "id": 7,
      "model": "단테",
      "content": "<嗯，虽说我也只能做到这种事……>"
    },
    {
      "id": 8,
      "model": "퀴케그",
      "content": "但不仅是肉体。"
    },
    {
      "id": 9,
      "model": "퀴케그",
      "content": "你还可以复活，心灵。"
    },
    {
      "id": 10,
      "model": "단테",
      "content": "<……心？>"
    },
    {
      "id": 11,
      "content": "魁魁格的一番话不禁让我感到有些困惑。"
    },
    {
      "id": 12,
      "content": "我不知道自己拥有那种高级技术，连听说也不曾有过。"
    },
    {
      "id": 13,
      "model": "퀴케그",
      "content": "你不会让他们忘记。"
    },
    {
      "id": 14,
      "model": "퀴케그",
      "content": "他们的方向。他们真正想去的地方。"
    },
    {
      "id": 15,
      "model": "퀴케그",
      "content": "通过你的钟表声音。你告诉他们。"
    },
    {
      "id": 16,
      "model": "단테",
      "content": "<……>"
    },
    {
      "id": 17,
      "model": "퀴케그",
      "content": "我，祈盼着。但丁。"
    },
    {
      "id": 18,
      "model": "퀴케그",
      "content": "我希望以实玛利……不要再。"
    },
    {
      "id": 19,
      "model": "퀴케그",
      "content": "不要再漂泊的话，我会很高兴。"
    }
  ]
}