{
  "dataList": [
    {
      "id": 0,
      "place": "白鲸的右心室",
      "model": "단테",
      "content": "<现在我们只需要处理掉这个异想体，然后就能去切断动脉了……>"
    },
    {
      "id": 1,
      "model": "그레고르",
      "content": "看起来，我们只要跨过那边那条像肌腱一样的桥就行了。"
    },
    {
      "id": 2,
      "content": "突然间，魁魁格挡在了我们的面前。"
    },
    {
      "id": 3,
      "model": "료슈",
      "content": "喂·你。你在干什么？"
    },
    {
      "id": 4,
      "model": "퀴케그",
      "content": "桥面。细小的血管组成。"
    },
    {
      "id": 5,
      "model": "료슈",
      "content": "这条路。原本的计划。"
    },
    {
      "id": 6,
      "model": "퀴케그",
      "content": "看上去是路，但是不是。不是路。一个人过去，下一个人脚下崩塌。"
    },
    {
      "id": 7,
      "model": "단테",
      "content": "<……什么？>"
    },
    {
      "id": 8,
      "content": "奥提斯是最先反应过来的。"
    },
    {
      "id": 9,
      "model": "오티스",
      "content": "我明白了。你早就知道这条路会崩塌，但你还是把我们引导到了这里。这就意味着……"
    },
    {
      "id": 10,
      "model": "오티스",
      "content": "你打算独自跨过这座桥，然后把我们抛在身后。"
    },
    {
      "id": 11,
      "model": "히스클리프",
      "content": "……果然。我说什么来着？我一直都觉得这个计划不对劲！喂，这也是那个疯船长给你的命令吗？"
    },
    {
      "id": 12,
      "model": "퀴케그",
      "content": "……牺牲。她说是必要的。"
    },
    {
      "id": 13,
      "model": "퀴케그",
      "content": "必须有人牺牲，才能继续前进。"
    },
    {
      "id": 14,
      "model": "퀴케그",
      "content": "我想要逃出去。和裴廓德号的船员们一起。"
    },
    {
      "id": 15,
      "model": "히스클리프",
      "content": "然后呢？你就打算盲从那个命令，把所有人的性命都当做可接受的牺牲品？"
    },
    {
      "id": 16,
      "model": "퀴케그",
      "content": "是的。"
    },
    {
      "id": 17,
      "model": "이스마엘",
      "content": "那你又为什么……改变主意了？"
    },
    {
      "id": 18,
      "model": "퀴케그",
      "content": "因为想要知道。我也是。"
    },
    {
      "id": 19,
      "model": "이스마엘",
      "content": "想要知道……什么？"
    },
    {
      "id": 20,
      "model": "퀴케그",
      "content": "我真正想去的地方。我的方向。"
    }
  ]
}