{
  "dataList": [
    {
      "id": 0,
      "place": "白鲸的右心房",
      "model": "히스클리프",
      "content": "喂，你的发带……！"
    },
    {
      "id": 1,
      "model": "히스클리프",
      "content": "上面到处沾的都是血，真是一团糟。这样子看着还有点恐怖……"
    },
    {
      "id": 2,
      "model": "이스마엘",
      "content": "用水稍微清洗一下就能洗掉了。"
    },
    {
      "id": 3,
      "model": "퀴케그",
      "content": "你的发带。熟悉。"
    },
    {
      "id": 4,
      "model": "퀴케그",
      "content": "熟悉的结。绝望结。"
    },
    {
      "id": 5,
      "model": "이스마엘",
      "content": "魁魁格，我……我是靠着抓住你棺材上挂着的绳子才活下来的。"
    },
    {
      "id": 6,
      "model": "이스마엘",
      "content": "本该由你抓住的那根绳子……我却拼命地抓着……"
    },
    {
      "id": 7,
      "model": "퀴케그",
      "content": "绳子，那条……"
    },
    {
      "id": 8,
      "model": "퀴케그",
      "content": "也是为了你，编织的。"
    },
    {
      "id": 9,
      "place": "裴廓德号",
      "model": "이스마엘과거",
      "content": "你是说，要我进到那里面……去取鲸油吗？"
    },
    {
      "id": 10,
      "model": "스타벅과거",
      "content": "是啊，而且实际上没有你想象的那么难。"
    },
    {
      "id": 11,
      "model": "이스마엘과거",
      "content": "散发着可怕的气味的一具鲸的尸体，正挂在钩子上微微摇晃着。"
    },
    {
      "id": 12,
      "model": "스타벅과거",
      "content": "体格越小、越敏捷，做这事就越容易。"
    },
    {
      "id": 13,
      "model": "이스마엘과거",
      "content": "但我其实也没有那么小……"
    },
    {
      "id": 14,
      "model": "스텁",
      "content": "反正这种工作一般都是新手来干！别说废话，赶快进去干活了。"
    },
    {
      "id": 15,
      "model": "이스마엘과거",
      "content": "对捕鲸人来说，成功捕到鲸还不是结束。"
    },
    {
      "id": 16,
      "model": "이스마엘과거",
      "content": "因为从鲸身上汲取大量的鲸油，也是捕鲸人的工作之一。"
    },
    {
      "id": 17,
      "model": "이스마엘과거",
      "content": "我是说……谁知道那里面会有些什么……？"
    },
    {
      "id": 18,
      "model": "스텁",
      "content": "说什么呢，里面当然是鲸油了！既能温暖身体，也能填饱肚子！"
    },
    {
      "id": 19,
      "model": "이스마엘과거",
      "content": "斯塔布是船员中的二副，但他是个性情暴躁的人。"
    },
    {
      "id": 20,
      "model": "이스마엘과거",
      "content": "我……"
    },
    {
      "id": 21,
      "model": "이스마엘과거",
      "content": "我不敢进去，不敢在全身上下只拴着一根细到几乎能被风吹断的绳子的情况下，进到那个深渊一般的无底洞里……"
    },
    {
      "id": 22,
      "model": "이스마엘과거",
      "content": "在那句话即将脱口而出的瞬间。"
    },
    {
      "id": 23,
      "model": "퀴케그과거",
      "content": "……"
    },
    {
      "id": 24,
      "model": "이스마엘과거",
      "content": "你在……干什么？"
    },
    {
      "id": 25,
      "model": "퀴케그과거",
      "content": "打结。把你的绳子系在我腰上。"
    },
    {
      "id": 26,
      "model": "이스마엘과거",
      "content": "为……为什么？"
    },
    {
      "id": 27,
      "model": "퀴케그과거",
      "content": "这样系上。如果你坠落。我也会坠落。"
    },
    {
      "id": 28,
      "model": "퀴케그과거",
      "content": "你和我，一体的。"
    },
    {
      "id": 29,
      "model": "이스마엘과거",
      "content": "我却对她那并不正确而省略许多的话语感到莫名的安心。"
    },
    {
      "id": 30,
      "model": "이스마엘과거",
      "content": "一体的吗……"
    },
    {
      "id": 31,
      "model": "이스마엘과거",
      "content": "即使我坠落，也会有人抓住我，同时……"
    },
    {
      "id": 32,
      "model": "이스마엘과거",
      "content": "也会有人在我坠落时保护我。"
    },
    {
      "id": 33,
      "model": "이스마엘과거",
      "content": "于是我将绳子一端系在魁魁格的腰上，另一端则绑在我身上。"
    },
    {
      "id": 34,
      "model": "이스마엘과거",
      "content": "呵……呵……？"
    },
    {
      "id": 35,
      "model": "이스마엘과거",
      "content": "但我这样想还没过多久，就觉得自己太傻了。"
    },
    {
      "id": 36,
      "model": "이스마엘과거",
      "content": "绳子太短了，这样一扯就会立刻断开……"
    },
    {
      "id": 37,
      "model": "이스마엘과거",
      "content": "于是我便向着鲸那满是油脂的肚子中坠去。"
    },
    {
      "id": 38,
      "model": "이스마엘과거",
      "content": "咕啊，呜……"
    },
    {
      "id": 39,
      "model": "이스마엘과거",
      "content": "比内脏，器官，油脂和残渣更难以令我忍受的是，那伸手不见五指的黑暗。"
    },
    {
      "id": 40,
      "model": "이스마엘과거",
      "content": "唔呃，唔！"
    },
    {
      "id": 41,
      "model": "이스마엘과거",
      "content": "鲸油摇晃着发出声音。"
    },
    {
      "id": 42,
      "model": "이스마엘과거",
      "content": "颤动着的鲸油，似乎想与它碰到的一切事物合为一体。"
    },
    {
      "id": 43,
      "model": "이스마엘과거",
      "content": "超振动融合、振动频率、以及利用其制造的共鸣音叉、还有它们的波长和燃料……也常有人用难于理解的都市术语说着这些东西。"
    },
    {
      "id": 44,
      "model": "이스마엘과거",
      "content": "无论如何，鲸油会吞噬一切它接触到的东西，并将其覆盖。"
    },
    {
      "id": 45,
      "model": "이스마엘과거",
      "content": "然后，若你被活鲸的油脂所吞噬，就会变成鲸的人鱼。"
    },
    {
      "id": 46,
      "model": "이스마엘과거",
      "content": "若是被比自己的体积还大的死鲸的油脂吞没，就会感到自我逐渐变得稀薄，慢慢融解而消散。"
    },
    {
      "id": 47,
      "model": "이스마엘과거",
      "content": "……哈、哈……哈啊……"
    },
    {
      "id": 48,
      "model": "이스마엘과거",
      "content": "那时的我……"
    },
    {
      "id": 49,
      "model": "이스마엘과거",
      "content": "认识到了自己是多么的弱小脆弱，而无足轻重的存在。"
    },
    {
      "id": 50,
      "model": "이스마엘과거",
      "content": "实际上，鲸类应该都很孤独吧。"
    },
    {
      "id": 51,
      "model": "이스마엘과거",
      "content": "所以，它们才有着能把其他事物变成和自己相同存在的油脂吧。"
    },
    {
      "id": 52,
      "model": "이스마엘과거",
      "content": "说不定，人们也是一样……"
    },
    {
      "id": 53,
      "model": "이스마엘과거",
      "content": "是否是因为寂寞，才会想把某个东西，或者某个人，去涂抹成自己的模样呢……"
    },
    {
      "id": 54,
      "model": "이스마엘과거",
      "content": "我甚至都不知道自己因何为自己，这样的我，要如何去将另一个人涂抹成自己的样子呢……"
    },
    {
      "id": 55,
      "model": "이스마엘과거",
      "content": "也许我是个比鲸还要单薄的人类。"
    },
    {
      "id": 56,
      "model": "이스마엘과거",
      "content": "只是因为想过上与别人不一样的人生，对普通的人生感到了厌倦，才登上了这艘船的我……"
    },
    {
      "id": 57,
      "model": "이스마엘과거",
      "content": "我。"
    },
    {
      "id": 58,
      "model": "이스마엘과거",
      "content": "到底想要些什么呢。"
    },
    {
      "id": 59,
      "model": "이스마엘과거",
      "content": "在一切都模糊不清的黑暗之中……"
    },
    {
      "id": 60,
      "model": "이스마엘과거",
      "content": "那时，我看见了光明。"
    },
    {
      "id": 61,
      "model": "이스마엘과거",
      "content": "从那束光射入的孔隙之中，我仿佛看见了从天而降的绳子。"
    },
    {
      "id": 62,
      "model": "이스마엘과거",
      "content": "只有这根绳子，我只想用自己的手，抓住眼前这根绳子活下去。"
    },
    {
      "id": 63,
      "model": "이스마엘과거",
      "content": "因为它，就在我的眼前。"
    },
    {
      "id": 64,
      "model": "퀴케그과거",
      "content": "以实玛利。"
    },
    {
      "id": 65,
      "model": "퀴케그과거",
      "content": "抓紧绳子。"
    },
    {
      "id": 66,
      "model": "이스마엘과거",
      "content": "啊……"
    },
    {
      "id": 67,
      "model": "스타벅과거",
      "content": "哇啊……如果在油脂里面死去的话……那我们纪念你的时候，连尸体和遗物都没有了。"
    },
    {
      "id": 68,
      "model": "이스마엘과거",
      "content": "我差点以都市里最没有意义的死法之一死去了……"
    },
    {
      "id": 69,
      "model": "이스마엘과거",
      "content": "也许我在那一天，重生了。"
    },
    {
      "id": 70,
      "model": "이스마엘과거",
      "content": "没错，那天我所抓住的绳子……是绝对不会断的。"
    },
    {
      "id": 71,
      "place": "白鲸的右心房",
      "model": "퀴케그",
      "content": "绳子。断了。"
    },
    {
      "id": 72,
      "model": "이스마엘",
      "content": "不，让我们……再系一次。再重新编织一次。只要我们能去往心脏……"
    },
    {
      "id": 73,
      "model": "이스마엘",
      "content": "你就自由了。"
    },
    {
      "id": 74,
      "model": "퀴케그",
      "content": "我们，困在这里。"
    },
    {
      "id": 75,
      "model": "퀴케그",
      "content": "只能思考一件事。一件事而已。尽可能不变成人鱼。"
    },
    {
      "id": 76,
      "model": "퀴케그",
      "content": "怀疑的话。犹豫的话。身躯会逐渐苍白。"
    },
    {
      "id": 77,
      "model": "퀴케그",
      "content": "知道了吗？就像鲸油。"
    },
    {
      "id": 78,
      "model": "퀴케그",
      "content": "我若是还想见到你，去开始新冒险的话。我必须离开这里。不杀掉这家伙，不行。"
    },
    {
      "id": 79,
      "model": "퀴케그",
      "content": "但为了那件事，就必须切断。绳子。"
    },
    {
      "id": 80,
      "model": "퀴케그",
      "content": "为了不变成人鱼，我一直想着那唯一的念头，然后不断想着。但我不知从何时起……"
    },
    {
      "id": 81,
      "model": "퀴케그",
      "content": "把你。深埋。"
    },
    {
      "id": 82,
      "model": "퀴케그",
      "content": "鲸之心。为了杀掉它……"
    },
    {
      "id": 83,
      "model": "퀴케그",
      "content": "我让自己的心，深眠了。"
    }
  ]
}