{
  "dataList": [
    {
      "id": 0,
      "place": "裴廓德号",
      "model": "이스마엘과거",
      "content": "魁魁格？"
    },
    {
      "id": 1,
      "model": "이스마엘과거",
      "content": "你在干什么？"
    },
    {
      "id": 2,
      "model": "이스마엘과거",
      "content": "魁魁格偶尔会……"
    },
    {
      "id": 3,
      "model": "이스마엘과거",
      "content": "度过比任何人都要孤独且痛苦的夜晚。"
    },
    {
      "id": 4,
      "model": "이스마엘과거",
      "content": "在漆黑一片的房间角落，魁魁格注视着自己的双臂……"
    },
    {
      "id": 5,
      "model": "이스마엘과거",
      "content": "用那把本用于切断捕鲸枪绳索的小型匕首。"
    },
    {
      "id": 6,
      "model": "이스마엘과거",
      "content": "仿佛是把那双手臂当成了空白的画纸一般……无情地划烂着手臂。"
    },
    {
      "id": 7,
      "model": "퀴케그과거",
      "content": "这是代价。"
    },
    {
      "id": 8,
      "model": "이스마엘과거",
      "content": "仔细一看，魁魁格的身上有来历不明的纹身，而且她为了试图强行除去纹身而导致遍体鳞伤。"
    },
    {
      "id": 9,
      "model": "이스마엘과거",
      "content": "这是……你自己弄的吗？"
    },
    {
      "id": 10,
      "model": "퀴케그과거",
      "content": "对。"
    },
    {
      "id": 11,
      "model": "이스마엘과거",
      "content": "到底……为什么？"
    },
    {
      "id": 12,
      "model": "퀴케그과거",
      "content": "惭愧。因为刻进去了。在我的皮肤里。由我自己。"
    },
    {
      "id": 13,
      "model": "이스마엘과거",
      "content": "魁魁格……别这样了。"
    },
    {
      "id": 14,
      "model": "이스마엘과거",
      "content": "辗转数个巢的话……会找到可以干净地消除纹身的办法的。所以用这种方式弄出伤疤并不好。"
    },
    {
      "id": 15,
      "model": "퀴케그과거",
      "content": "刻进去了。以特殊的方法。所以消除不掉。用普通的方法。"
    },
    {
      "id": 16,
      "model": "퀴케그과거",
      "content": "而且就算找到了方法……"
    },
    {
      "id": 17,
      "model": "퀴케그과거",
      "content": "也不会用那种方法去处理掉。"
    },
    {
      "id": 18,
      "model": "이스마엘과거",
      "content": "……为什么？"
    },
    {
      "id": 19,
      "model": "퀴케그과거",
      "content": "能够干净地消除过去的方法。不存在。"
    },
    {
      "id": 20,
      "model": "이스마엘과거",
      "content": "在捕鲸船的船员之间，每个人的“过去”都是默认的禁忌。"
    },
    {
      "id": 21,
      "model": "이스마엘과거",
      "content": "大部分人或是被过去追逐着，"
    },
    {
      "id": 22,
      "model": "이스마엘과거",
      "content": "或是想用浪潮洗刷过去，"
    },
    {
      "id": 23,
      "model": "이스마엘",
      "content": "大多数人都是由于不论如何都需要钱，从而投身于悬崖前的浪潮的人。"
    },
    {
      "id": 24,
      "model": "퀴케그과거",
      "content": "以实玛利。你知道吧？"
    },
    {
      "id": 25,
      "model": "퀴케그과거",
      "content": "我是从中指过来的。"
    },
    {
      "id": 26,
      "model": "이스마엘과거",
      "content": "……从第一次看到那大片的纹身的时候大概就猜到了。"
    },
    {
      "id": 27,
      "model": "이스마엘과거",
      "content": "中指绝对不会放弃。"
    },
    {
      "id": 28,
      "model": "이스마엘과거",
      "content": "有一个流传于后巷的，人尽皆知但人人都不能一笑而过的故事。"
    },
    {
      "id": 29,
      "model": "이스마엘과거",
      "content": "一个孩子和某个路人撞上了，并把手上的冰淇淋沾在了路人的衣服上。"
    },
    {
      "id": 30,
      "model": "이스마엘과거",
      "content": "那个衣服被弄脏的人，哄了哄因为失去了冰淇淋而在原地哭泣的小孩，并将其送回了家。"
    },
    {
      "id": 31,
      "model": "이스마엘과거",
      "content": "但是那个被撞到的人是中指的干部，而且由于那天他穿在身上的衣服恰好又是此人最中意的服饰……"
    },
    {
      "id": 32,
      "model": "이스마엘과거",
      "content": "从今往后再没有人见过除了那个孩子以外那个家庭的任何其他成员。"
    },
    {
      "id": 33,
      "model": "이스마엘과거",
      "content": "虽然可能是玩笑话或者怪谈，但没人会把这事当成那种程度的故事。"
    },
    {
      "id": 34,
      "model": "이스마엘과거",
      "content": "据说中指就是那种存在。"
    },
    {
      "id": 35,
      "model": "이스마엘과거",
      "content": "但是，我听说过的中指是……"
    },
    {
      "id": 36,
      "model": "퀴케그과거",
      "content": "……"
    },
    {
      "id": 37,
      "model": "이스마엘과거",
      "content": "听说中指虽然接纳任何人……但同时也不会让任何人轻易离开……"
    },
    {
      "id": 38,
      "model": "퀴케그과거",
      "content": "没错。中指会铭记。永不遗忘。绝对。"
    },
    {
      "id": 39,
      "model": "퀴케그과거",
      "content": "所以不能逃跑。但是被抓住了。"
    },
    {
      "id": 40,
      "model": "퀴케그과거",
      "content": "有人说话了。对被抓住的我。如果要逃跑。中指的一切。都要消除。不消除。终究会被抓到。"
    },
    {
      "id": 41,
      "model": "퀴케그과거",
      "content": "我的纹身。是中指的烙印。所以烙印也要划烂。"
    },
    {
      "id": 42,
      "model": "퀴케그과거",
      "content": "我的话里也有中指。所以划烂了。喉舌与大脑。我亲自。去某个医生那里。"
    },
    {
      "id": 43,
      "model": "이스마엘과거",
      "content": "……"
    },
    {
      "id": 44,
      "model": "퀴케그과거",
      "content": "然后再次逃跑。"
    },
    {
      "id": 45,
      "model": "이스마엘과거",
      "content": "失去言语……为了除去纹身而遍体鳞伤……甚至还在被追缉……作为代价这也太……"
    },
    {
      "id": 46,
      "model": "퀴케그과거",
      "content": "不是这样。"
    },
    {
      "id": 47,
      "model": "퀴케그과거",
      "content": "那时候的我如果要说的话……就是那个。"
    },
    {
      "id": 48,
      "model": "퀴케그과거",
      "content": "蛆虫。"
    },
    {
      "id": 49,
      "model": "이스마엘과거",
      "content": "搞什么啊，作为比喻这也太极端了……"
    },
    {
      "id": 50,
      "model": "퀴케그과거",
      "content": "在垃圾桶里爬行。以为那就是全部。"
    },
    {
      "id": 51,
      "model": "퀴케그과거",
      "content": "我相信在那里就会了解。世界。"
    },
    {
      "id": 52,
      "model": "퀴케그과거",
      "content": "他们想把我变成“幼姊”。"
    },
    {
      "id": 53,
      "model": "퀴케그과거",
      "content": "所以我杀了很多。不是命令杀死的。是我的手。是想成为幼姊而受到尊敬的我。"
    },
    {
      "id": 54,
      "model": "이스마엘과거",
      "content": "……不对。"
    },
    {
      "id": 55,
      "model": "이스마엘과거",
      "content": "现在……我们都是蛹。蜕变还没有开始……"
    },
    {
      "id": 56,
      "model": "퀴케그과거",
      "content": "蜕变。"
    },
    {
      "id": 57,
      "model": "이스마엘과거",
      "content": "嗯。等到这次的航行结束……"
    },
    {
      "id": 58,
      "model": "이스마엘과거",
      "content": "我们来一起找一找吧。"
    },
    {
      "id": 59,
      "model": "이스마엘과거",
      "content": "能够从蛹中脱离的方法……"
    },
    {
      "id": 60,
      "model": "퀴케그과거",
      "content": "怎么找？"
    },
    {
      "id": 61,
      "model": "이스마엘과거",
      "content": "我也不知道。所以才要一起找找不是么？"
    },
    {
      "id": 62,
      "model": "퀴케그과거",
      "content": "第一次见。"
    },
    {
      "id": 63,
      "model": "퀴케그과거",
      "content": "以实玛利。说不知道。"
    },
    {
      "id": 64,
      "model": "이스마엘과거",
      "content": "……"
    },
    {
      "id": 65,
      "model": "이스마엘과거",
      "content": "就这样，我们想象着下船后的未来。"
    },
    {
      "id": 66,
      "model": "스타벅과거",
      "content": "克拉肯港口。我要在那前面开一家铁板海鲜烧烤店。上次航行的时候我都打点好位置了。"
    },
    {
      "id": 67,
      "model": "이스마엘과거",
      "content": "难道不是单纯抄袭马林鱼港口有名的店铺吗？"
    },
    {
      "id": 68,
      "model": "스타벅과거",
      "content": "不是哦？！"
    },
    {
      "id": 69,
      "model": "핍과거",
      "content": "比普想挣很多钱。"
    },
    {
      "id": 70,
      "model": "핍과거",
      "content": "比普，想做房东。据说那个最赚钱。"
    },
    {
      "id": 71,
      "model": "스타벅과거",
      "content": "哈，我早就把这小子打点成我的洗碗工了。上次看他还蛮擅长清除油渍的。"
    },
    {
      "id": 72,
      "model": "핍과거",
      "content": "不要。斯达巴克，应该到比普的建筑物里面。给比普交钱。"
    },
    {
      "id": 73,
      "model": "스타벅과거",
      "content": "……我大副的头衔对你们来说就是个笑话是吧？"
    },
    {
      "id": 74,
      "model": "이스마엘과거",
      "content": "噗。"
    },
    {
      "id": 75,
      "model": "이스마엘과거",
      "content": "掩埋过去，没有梦想与未来，只能和我一样抓紧当下勉强度日的这些人们。"
    },
    {
      "id": 76,
      "model": "이스마엘과거",
      "content": "在船上的生死之间相互依靠，渐渐描绘出模糊的未来的轮廓。"
    },
    {
      "id": 77,
      "model": "이스마엘과거",
      "content": "我也描绘了某物。"
    },
    {
      "id": 78,
      "model": "이스마엘과거",
      "content": "在某个起雾的散发着鱼腥味的小小港口，我和魁魁格并行着。"
    },
    {
      "id": 79,
      "model": "이스마엘과거",
      "content": "手上或许还拿着厚重的书籍，"
    },
    {
      "id": 80,
      "model": "이스마엘과거",
      "content": "或者……是持有保养得很好的可疑刀具，"
    },
    {
      "id": 81,
      "model": "이스마엘과거",
      "content": "说不定也只是拿着当天的美味食材。"
    },
    {
      "id": 82,
      "model": "이스마엘과거",
      "content": "并且……继续烦恼着。"
    },
    {
      "id": 83,
      "model": "이스마엘과거",
      "content": "究竟该怎么做才能坚持不懈地，淡然地活下去。"
    },
    {
      "id": 84,
      "place": "白鲸的右心房",
      "content": "以实玛利无言地看向船底下荡漾着的，如酸液一般浑浊的浪中的倒影。"
    },
    {
      "id": 85,
      "content": "就像在梅菲斯托费勒斯上望向水面时那样……默默地呆着。"
    },
    {
      "id": 86,
      "content": "那时她的神色过于寂静且沉沦……我根本搭不上话。"
    },
    {
      "id": 87,
      "content": "以实玛利是在逐渐模糊的浪中凝视着……"
    },
    {
      "id": 88,
      "content": "自己的模样，"
    },
    {
      "id": 89,
      "content": "沉到湖底的自身的未来，"
    },
    {
      "id": 90,
      "content": "以及消失的朋友们。"
    },
    {
      "id": 91,
      "content": "失去梦想究竟会是什么心情呢？"
    },
    {
      "id": 92,
      "content": "我投入于那种想象之中，终于还是如梦一般自然地搭上了话。"
    },
    {
      "id": 93,
      "model": "단테",
      "content": "<以实玛利，这次作战结束回去之后……>"
    },
    {
      "id": 94,
      "content": "以实玛利转身望向我。"
    },
    {
      "id": 95,
      "model": "단테",
      "content": "<……>"
    },
    {
      "id": 96,
      "model": "단테",
      "content": "<一起去吃冰淇淋吧。>"
    },
    {
      "id": 97,
      "model": "단테",
      "content": "<就吃那款堂吉诃德一直想吃的。>"
    },
    {
      "id": 98,
      "content": "不论如何讲述今后的未来，如今的以实玛利应该都不会有任何感触。"
    },
    {
      "id": 99,
      "content": "所以……我所能传递的，只有即兴式的明日。"
    },
    {
      "id": 100,
      "content": "比起以实玛利想要拼命抓住的未来……稍微靠前一点的日子。"
    },
    {
      "id": 101,
      "model": "이스마엘",
      "content": "回去……么。"
    },
    {
      "id": 102,
      "model": "이스마엘",
      "content": "经理。如果我……"
    },
    {
      "id": 103,
      "model": "이스마엘",
      "content": "如果我说我不要回去的话，您打算怎么办？"
    },
    {
      "id": 104,
      "model": "단테",
      "content": "<……这是什么意思？>"
    },
    {
      "id": 105,
      "model": "이스마엘",
      "content": "摧毁心脏后……一旦用这双手杀死了亚哈那家伙……"
    },
    {
      "id": 106,
      "model": "퀴케그",
      "content": "……"
    },
    {
      "id": 107,
      "model": "이스마엘",
      "content": "此后的我……难道还会有……再次回去的理由……活下去的理由吗？"
    },
    {
      "id": 108,
      "model": "오티스",
      "content": "这是在宣布正式的辞呈吗？"
    },
    {
      "id": 109,
      "model": "이스마엘",
      "content": "……没有。忘了这件事吧。"
    },
    {
      "id": 110,
      "model": "단테",
      "content": "<……>"
    },
    {
      "id": 111,
      "content": "以实玛利终究如愿以偿的话。"
    },
    {
      "id": 112,
      "content": "从那以后，还会有“接下来”吗？"
    },
    {
      "id": 113,
      "content": "我向她要求……“接下来”是正确的吗？"
    }
  ]
}