{
  "dataList": [
    {
      "id": 0,
      "place": "裴廓德号",
      "model": "핍과거",
      "content": "他是为了救比普才被鲸咬到的。他是为了救比普才被鲸……"
    },
    {
      "id": 1,
      "model": "스타벅과거",
      "content": "妈的，桨手为什么突然会被那该死的油灌成落汤鸡……"
    },
    {
      "id": 2,
      "model": "스타벅과거",
      "content": "从把那小家伙当做替补开始就不像话了。"
    },
    {
      "id": 3,
      "model": "핍과거",
      "content": "船长，请告诉比普，斯塔布接下来是要死了吗？"
    },
    {
      "id": 4,
      "model": "에이해브과거",
      "content": "……"
    },
    {
      "id": 5,
      "model": "에이해브과거",
      "content": "我说过。"
    },
    {
      "id": 6,
      "model": "에이해브과거",
      "content": "在我的船上！没有我的允许！没人可以合眼。"
    },
    {
      "id": 7,
      "model": "에이해브과거",
      "content": "我从未允许你们死去。"
    },
    {
      "id": 8,
      "model": "스텁",
      "content": "那、那么……我该……怎么办……"
    },
    {
      "id": 9,
      "model": "에이해브과거",
      "content": "裴廓德号就快抵达那令人憎恶的白鲸了！现在我们只需要准确的罗盘即可。"
    },
    {
      "id": 10,
      "model": "에이해브과거",
      "content": "我们眼前的人鱼会成为优秀的指南针。"
    },
    {
      "id": 11,
      "model": "스텁",
      "content": "那、那是什么……意思……我不是人鱼，船长……"
    },
    {
      "id": 12,
      "model": "스타벅과거",
      "content": "……！"
    },
    {
      "id": 13,
      "model": "에이해브과거",
      "content": "你应该知道被那鲸吃掉的东西马上就会变成白色的人鱼才对。"
    },
    {
      "id": 14,
      "model": "에이해브과거",
      "content": "把人鱼关到船舱里的大水槽中。它会本能地游向那憎恶且丑陋之鲸所处的方向。"
    },
    {
      "id": 15,
      "model": "이스마엘과거",
      "content": "……"
    },
    {
      "id": 16,
      "model": "스텁",
      "content": "船长……船长……我求求你……"
    },
    {
      "id": 17,
      "model": "에이해브과거",
      "content": "斯达巴克，放下一艘小船。"
    },
    {
      "id": 18,
      "model": "이스마엘과거",
      "content": "……这么突然？"
    },
    {
      "id": 19,
      "model": "스타벅과거",
      "content": "……好的。"
    },
    {
      "id": 20,
      "model": "이스마엘과거",
      "content": "不久之后，我便听见一个水花飞溅的声音。在此期间，船上的所有船员都跑到了甲板上，聚集在亚哈周围。"
    },
    {
      "id": 21,
      "model": "이스마엘과거",
      "content": "随后亚哈……大声说道。"
    },
    {
      "id": 22,
      "model": "에이해브과거",
      "content": "哦哦！我听见他了！是斯塔布，斯塔布的声音！"
    },
    {
      "id": 23,
      "model": "핍과거",
      "content": "……？"
    },
    {
      "id": 24,
      "model": "이스마엘과거",
      "content": "她在说什……"
    },
    {
      "id": 25,
      "model": "에이해브과거",
      "content": "所有人！好好听着！为了杀掉那头鲸而甘愿奉献生命的伟大船员，斯塔布，他的声音正在这片湖的某处回响！"
    },
    {
      "id": 26,
      "model": "스텁그림자",
      "content": "……我……是伟大的……"
    },
    {
      "id": 27,
      "model": "에이해브과거",
      "content": "因为我们现在十万火急，所以没有时间再带他上船！"
    },
    {
      "id": 28,
      "model": "에이해브과거",
      "content": "但是，他不会死的！即使在这场命运决战的末尾，他没法回到船上，而只能在这附近彷徨的时候，也一定能找到我放下的小船，去往安全的地方！"
    },
    {
      "id": 29,
      "model": "에이해브과거",
      "content": "他在大喊！为了我们的胜利而高呼！那个声音喊着我们必须向前航行！"
    },
    {
      "id": 30,
      "model": "이스마엘과거",
      "content": "这到底是怎样的疯言疯语……"
    },
    {
      "id": 31,
      "model": "퀴케그과거",
      "content": "……我们，前进吧。"
    },
    {
      "id": 32,
      "model": "이스마엘과거",
      "content": "……魁魁格？"
    },
    {
      "id": 33,
      "model": "에이해브과거",
      "content": "我会引领此次航海驶向胜利，然后航向最近的港口！"
    },
    {
      "id": 34,
      "model": "에이해브과거",
      "content": "在那里！斯塔布！会用十分高兴的表情迎接我们的吧。"
    },
    {
      "id": 35,
      "model": "에이해브과거",
      "content": "我会给他相称的报酬的！然后我们会在以后的许多无眠长夜中，分享这漫长的航海故事吧！"
    },
    {
      "id": 36,
      "model": "스텁그림자",
      "content": "我会用……十分高兴的……"
    },
    {
      "id": 37,
      "model": "에이해브과거",
      "content": "你们会在那里！你们所有人都会在那里！我们会以斯塔布的名义，在那个晚上请酒馆里的所有人喝个尽兴！"
    },
    {
      "id": 38,
      "model": "에이해브과거",
      "content": "一旦此次航海结束！所有的！都会实现！"
    },
    {
      "id": 39,
      "model": "스타벅과거",
      "content": "……一旦此次航海结束。"
    },
    {
      "id": 40,
      "model": "퀴케그과거",
      "content": "一旦此次航海。结束。"
    },
    {
      "id": 41,
      "model": "스텁그림자",
      "content": "一旦此次……结束……"
    },
    {
      "id": 42,
      "model": "스텁그림자",
      "content": "令人憎恶之鲸……终于……进入我们的视线了……"
    },
    {
      "id": 43,
      "model": "스텁그림자",
      "content": "你会杀掉它吧，船长……？"
    },
    {
      "id": 44,
      "model": "에이해브과거",
      "content": "让我们回应他的喊声！杀掉那令人憎恶的……白鲸！"
    },
    {
      "id": 45,
      "model": "에이해브과거",
      "content": "所有人一起！让我们杀掉这有着世界上和都市中所有恶的……"
    },
    {
      "id": 46,
      "model": "에이해브과거",
      "content": "这条将所有人都逼至死地的，令人憎恨的邪恶！"
    },
    {
      "id": 47,
      "model": "에이해브과거",
      "content": "你们所有的苦难、所有的不公、所有的离别，都是由这头鲸产生的邪恶所致……"
    },
    {
      "id": 48,
      "model": "에이해브과거",
      "content": "所以我们要杀了它，让这世上的一切都恢复原状！"
    },
    {
      "id": 49,
      "model": "퀴케그과거",
      "content": "……哈！"
    },
    {
      "id": 50,
      "model": "에이해브과거",
      "content": "喊出来！大叫吧！"
    },
    {
      "id": 51,
      "model": "스타벅과거",
      "content": "哈！船长……！"
    },
    {
      "id": 52,
      "model": "핍과거",
      "content": "噫嘻嘻，再见了！斯塔布！！让我们再会吧！再次，再一次！"
    },
    {
      "id": 53,
      "model": "스텁그림자",
      "content": "……哈！！！"
    },
    {
      "id": 54,
      "model": "이스마엘과거",
      "content": "是的，只要杀了白鲸，一切都会结束的。"
    },
    {
      "id": 55,
      "model": "이스마엘과거",
      "content": "只要杀掉那头带着一切邪恶的鲸……"
    },
    {
      "id": 56
    },
    {
      "id": 57,
      "place": "白鲸的右心室",
      "model": "단테",
      "content": "<我们现在……>"
    },
    {
      "id": 58,
      "model": "단테",
      "content": "<虽然被困在鲸的体内，但好像被带到了更深处的地方……>"
    }
  ]
}