{
  "dataList": [
    {
      "id": 0,
      "place": "白鲸的右心室",
      "content": "在亚哈的指挥下，我们专心于相同的目标——前往心脏。"
    },
    {
      "id": 1,
      "model": "단테",
      "content": "<我们一开始就已经在船长的手掌心里了……>"
    },
    {
      "id": 2,
      "content": "成为裴廓德号的船员……"
    },
    {
      "id": 3,
      "content": "只为了亚哈而航行。"
    },
    {
      "id": 4,
      "model": "히스클리프",
      "content": "时钟。你也发现了？"
    },
    {
      "id": 5,
      "content": "亚哈船长能比任何人都更快了解藏在对方内心最深处的东西。"
    },
    {
      "id": 6,
      "content": "那隐秘却又渴求不止的愿望。"
    },
    {
      "id": 7,
      "content": "所有人都咬着那闪耀着的香气四溢的诱饵坠向深渊。"
    },
    {
      "id": 8,
      "model": "히스클리프",
      "content": "沉溺着死去。不知道自己被甜言蜜语和希望窒息着死去的事实。慢慢地。"
    },
    {
      "id": 9,
      "model": "히스클리프",
      "content": "钟表头。把那沉溺的家伙捞上来是你的工作。"
    },
    {
      "id": 10,
      "model": "퀴케그",
      "teller": "魁魁格",
      "title": "裴廓德镇",
      "content": "违反了。船长的命令。"
    },
    {
      "id": 11,
      "model": "퀴케그",
      "teller": "魁魁格",
      "title": "裴廓德镇",
      "content": "晚霞。看不到。如果违反命令。"
    },
    {
      "id": 12,
      "model": "이스마엘",
      "content": "不对，你能看到。只要能向着你所向往的方向走去……"
    },
    {
      "id": 13,
      "model": "이스마엘",
      "content": "不论发生什么事，我们都会抵达心脏。"
    },
    {
      "id": 14,
      "model": "이스마엘",
      "content": "啊……！"
    },
    {
      "id": 15,
      "model": "이스마엘",
      "content": "听到了吗？不远处正传来心跳声。"
    },
    {
      "id": 16,
      "model": "퀴케그",
      "teller": "魁魁格",
      "title": "裴廓德镇",
      "content": "心脏的声音……"
    },
    {
      "id": 17,
      "model": "단테",
      "content": "<虽然得消耗更多时间……但我们得边听着心跳边找路了。>"
    }
  ]
}