{
  "dataList": [
    {
      "id": 0,
      "place": "白鲸的心脏",
      "model": "에이해브",
      "content": "看到了吗？这就是……心脏。"
    },
    {
      "id": 1,
      "model": "에이해브",
      "content": "白鲸吞噬的一切聚合而成的，独一无二之物。"
    },
    {
      "id": 2,
      "model": "에이해브",
      "content": "是它让白鲸呼吸、心跳、喷吐邪恶。看啊！它又要喷出邪恶来了！又一次！又一次！又一次！哈哈哈！！"
    },
    {
      "id": 3,
      "model": "이스마엘",
      "content": "别笑得那么开心。你这一路上害死了多少船员。"
    },
    {
      "id": 4,
      "model": "이스마엘",
      "content": "我这一生满是痛苦。我的梦想随同伴们一起在眼前沉没。是你……是你害的……是你……"
    },
    {
      "id": 5,
      "model": "에이해브",
      "content": "对！正是我带领船员们奔向死亡。"
    },
    {
      "id": 6,
      "model": "에이해브",
      "content": "所以，那又如何？"
    },
    {
      "id": 7,
      "model": "에이해브",
      "content": "如果不是我带领他们进入这鲸之腹中，他们早就变成人鱼在这里彷徨至死了！"
    },
    {
      "id": 8,
      "model": "에이해브",
      "content": "我只是让他们以性命偿还延长生命的恩情！"
    },
    {
      "id": 9,
      "model": "에이해브",
      "content": "是我照顾他们、引导他们、将他们领到这里……我只是讨还了那份感恩之情。"
    },
    {
      "id": 10,
      "model": "에이해브",
      "content": "为他们漫无目的、枯燥无趣的人生点燃名为生的火种的，一直都是我！"
    },
    {
      "id": 11,
      "model": "에이해브",
      "content": "当你们带着一副毫无光彩的死鱼般的眼神乘上我的船时，看上去比漂流的木筏更加惨不忍睹！"
    },
    {
      "id": 12,
      "model": "에이해브",
      "content": "是我将你们这群废物集合起来，让你们乘上裴廓德号，为你们创造了生存下去的理由！"
    },
    {
      "id": 13,
      "model": "이스마엘",
      "content": "不……船员们是被吞食了。是你篡改的。你就和那些鲸一样，不！就和这条白鲸一样，将一切视为己物……随心所欲塑造一切。"
    },
    {
      "id": 14,
      "model": "이스마엘",
      "content": "你肯定心知肚明，我们乘船的理由从来不是为了捕杀一条见鬼的鲸。"
    },
    {
      "id": 15,
      "model": "에이해브",
      "content": "我可不知道。不对，是不感兴趣。从乘上我的船的那一刻起，他们就只需要抱着捕猎白鲸这一个目的！"
    },
    {
      "id": 16,
      "model": "에이해브",
      "content": "对了……你心里没数吗？他们内心有多脆弱！正是因为浅薄才会被吞食，正是因为软弱才会被欺骗。"
    },
    {
      "id": 17,
      "model": "에이해브",
      "content": "最终，这世上最为重要的还是我，是我自己！重要的是我将其宣言为恶，那是我的法则，我的观念，我的宗教，我的信条。"
    },
    {
      "id": 18,
      "model": "에이해브",
      "content": "我的死即是世界的终结，那我的生活与生存方式即是世界本身！我如此决定！没有人需要为他人的人生负责，他人更不需要替我而活！！！"
    },
    {
      "id": 19,
      "model": "에이해브",
      "content": "你们之中，有人拥有坚如磐石的信念吗？"
    },
    {
      "id": 20,
      "model": "에이해브",
      "content": "善与恶于我如此分明！与何人相较我都更为明了！因而能摒弃踌躇。因为我这样决定了。"
    },
    {
      "id": 21,
      "model": "에이해브",
      "content": "所以我绝不会屈服。我会毫不动摇地将我的信念传达出去。"
    },
    {
      "id": 22,
      "model": "에이해브",
      "content": "我将决定这世间不容置疑的善与恶，镌刻在你们身上！为了让你们能坚定不移地活下去！！！"
    },
    {
      "id": 23,
      "model": "스타벅",
      "content": "……"
    },
    {
      "id": 24,
      "content": "斯达巴克嘴角挂着一抹清爽的微笑，站在亚哈身边。"
    },
    {
      "id": 25,
      "model": "퀴케그가면",
      "teller": "魁魁格",
      "title": "裴廓德镇",
      "content": "……"
    },
    {
      "id": 26,
      "content": "魁魁格也缓缓地走向亚哈，在她身旁站定。虽然面具掩盖了她的表情，但她的肩膀似乎很沉重。"
    },
    {
      "id": 27,
      "model": "이스마엘",
      "content": "……"
    },
    {
      "id": 28,
      "model": "이스마엘",
      "content": "那么对我而言你即是恶。"
    },
    {
      "id": 29,
      "model": "이스마엘",
      "content": "我全部的憎恶，我全部的目的，我全部的失败，我全部的过去，以及全部的……丧失！"
    },
    {
      "id": 30,
      "model": "이스마엘",
      "content": "那所有都是你一手造成的。亚哈！"
    },
    {
      "id": 31,
      "model": "에이해브",
      "content": "很好！来吧！让你与我的世界相互冲击吧！"
    },
    {
      "id": 32,
      "model": "에이해브",
      "content": "谁才是恶，谁更强大！来对决吧！！！"
    }
  ]
}