{
  "dataList": [
    {
      "id": 0,
      "model": "이스마엘",
      "content": "魁魁格，我……不想连你也失去……"
    },
    {
      "id": 1,
      "model": "에이해브",
      "teller": "亚哈",
      "title": "绽放E.G.O::燃气捕鲸叉",
      "content": "都是你的错，以实玛利！"
    },
    {
      "id": 2,
      "model": "에이해브",
      "teller": "亚哈",
      "title": "绽放E.G.O::燃气捕鲸叉",
      "content": "就是因为你强行要挖出深埋在她体内的真心，事情才会变成这样的！"
    },
    {
      "id": 3,
      "model": "에이해브",
      "teller": "亚哈",
      "title": "绽放E.G.O::燃气捕鲸叉",
      "content": "又是你的错，以实玛利！"
    },
    {
      "id": 4,
      "model": "에이해브",
      "teller": "亚哈",
      "title": "绽放E.G.O::燃气捕鲸叉",
      "content": "好好看着吧，她为了不变成人鱼而一直忍耐着的决心崩溃，苍白死去的姿态！"
    }
  ]
}