{
  "dataList": [
    {
      "id": 0,
      "place": "心脏前的集合点",
      "model": "에이해브",
      "content": "那个脑袋……确实有不可思议的能力啊。简直和鲸一样。"
    },
    {
      "id": 1,
      "model": "퀴케그",
      "content": "……裴廓德号的船员们。沉没了。在心脏前面。"
    },
    {
      "id": 2,
      "model": "퀴케그",
      "content": "因为你。"
    },
    {
      "id": 3,
      "content": "她害船员们丧命的事情暴露后……"
    },
    {
      "id": 4,
      "content": "本以为她会感到一丝慌张或羞愧，看来只是我的错觉。"
    },
    {
      "id": 5,
      "model": "에이해브",
      "content": "哈哈哈哈！"
    },
    {
      "id": 6,
      "model": "에이해브",
      "content": "是，你可以说是我让船员们牺牲了。"
    },
    {
      "id": 7,
      "model": "에이해브",
      "content": "恐怕，是在哪里变成了人鱼，运气好的话是被胃液溶解了吧。"
    },
    {
      "id": 8,
      "model": "그레고르",
      "content": "为什么……"
    },
    {
      "id": 9,
      "model": "에이해브",
      "content": "我对这颗心脏的了解甚于自己的身体。我们通过的胰腺是一座无尽蜿蜒的迷宫！并且，我们手脚溶解后无法像你们一样恢复。"
    },
    {
      "id": 10,
      "model": "에이해브",
      "content": "我必须计算出到达心脏的最优路线！这有问题吗？"
    },
    {
      "id": 11,
      "model": "에이해브",
      "content": "在他们死前，我还在提醒他们铭记自己的荣耀与伟大。"
    },
    {
      "id": 12,
      "model": "에이해브",
      "content": "如果做不到，我会在他们感到恐惧前给他们一个痛快。"
    },
    {
      "id": 13,
      "model": "에이해브",
      "content": "他们对我立下过誓言。直到捕到白鲸之前，对一切都有所觉悟！"
    },
    {
      "id": 14,
      "model": "에이해브",
      "content": "以实玛利！我说的没错吧？我们现在……"
    },
    {
      "id": 15,
      "model": "이스마엘",
      "content": "……必须去……心脏？"
    },
    {
      "id": 16,
      "model": "에이해브",
      "content": "没错！为此，我们还要做最后一件事。"
    },
    {
      "id": 17,
      "content": "亚哈闪闪发光的眼睛再度看向我。"
    },
    {
      "id": 18,
      "model": "에이해브",
      "content": "那块碎片。"
    },
    {
      "id": 19,
      "model": "단테",
      "content": "<你说什么……>"
    },
    {
      "id": 20,
      "model": "에이해브",
      "content": "没人能骗过我亚哈的眼睛！你脑袋里装着的，是能够中和白化现象的金色碎片之一。我有猜错吗？所以你们才没有变成人鱼！"
    },
    {
      "id": 21,
      "model": "에이해브",
      "content": "我们之后，要将一切投入最终决战。"
    },
    {
      "id": 22,
      "model": "에이해브",
      "content": "在那头身为这世间与都市中万恶根源的，充满憎恶的白鲸的心脏里，不知道会遭遇什么。"
    },
    {
      "id": 23,
      "model": "에이해브",
      "content": "并且很明显，在我们之中最缺乏战斗经验的就是你。"
    },
    {
      "id": 24,
      "model": "에이해브",
      "content": "那么，万一你在途中死去……剩下的船员们会怎么样？"
    },
    {
      "id": 25,
      "model": "에이해브",
      "content": "如果还没能破坏心脏，你就卑微地断气了，之后会怎样！"
    },
    {
      "id": 26,
      "model": "단테",
      "content": "<那是……>"
    },
    {
      "id": 27,
      "model": "에이해브",
      "content": "你的船员不必多说，我的船员们也会在数小时内变成人鱼吧。"
    },
    {
      "id": 28,
      "model": "단테",
      "content": "<所以……你想让我怎么做？>"
    },
    {
      "id": 29,
      "model": "에이해브",
      "content": "将你脑袋里的金色碎片献给我。"
    },
    {
      "id": 30,
      "model": "에이해브",
      "content": "那样一来，我会担起全部责任，负责让幸存的所有人出去。"
    },
    {
      "id": 31,
      "model": "스타벅",
      "content": "说的……很对，船长。"
    },
    {
      "id": 32,
      "model": "단테",
      "content": "<哈。我差点也认同了，在那么一瞬间。>"
    },
    {
      "id": 33,
      "model": "에이해브",
      "content": "只需要一人牺牲……其他人就能平安脱身。直到不剩下任何一名被留下的可怜船员。"
    },
    {
      "id": 34,
      "model": "돈키호테",
      "content": "吾不赞同，吾不想把经理老爷的头交出去……"
    },
    {
      "id": 35,
      "model": "에이해브",
      "content": "这么说你是想选择无法破坏心脏，大家一起变成人鱼的结局？"
    },
    {
      "id": 36,
      "model": "돈키호테",
      "content": "那……"
    },
    {
      "id": 37,
      "model": "에이해브",
      "content": "你们所有人，都有活着离开这里的理由吧？"
    },
    {
      "id": 38,
      "model": "에이해브",
      "content": "为那个钟表头卖命就是你们的人生目的吗？"
    },
    {
      "id": 39,
      "model": "에이해브",
      "content": "每个人都该有从这里出去后想要实现的东西吧！！！"
    },
    {
      "id": 40,
      "content": "亚哈船长在人们心中制造出缝隙，随后将其缓缓扩大。"
    },
    {
      "id": 41,
      "content": "或许罪人们，也在一瞬间心生动摇。"
    },
    {
      "id": 42,
      "content": "一旦出现的缺口使得想法被侵染，便会趁心灵脆弱时不断扩散。"
    },
    {
      "id": 43,
      "content": "这就是她一直以来的做法吧。"
    },
    {
      "id": 44,
      "content": "随后，在关键时刻将其引爆。"
    },
    {
      "id": 45,
      "content": "不管是以实玛利，还是其他船员。都是这样……"
    },
    {
      "id": 46,
      "model": "단테",
      "content": "<帮我传话，浮士德。>"
    },
    {
      "id": 47,
      "model": "파우스트",
      "content": "我明白了。"
    },
    {
      "id": 48,
      "model": "단테",
      "content": "<你绝不可能对罪人们负责。>"
    },
    {
      "id": 49,
      "model": "단테",
      "content": "<并且破坏我的头后，没人知道罪人们会如何。>"
    },
    {
      "id": 50,
      "model": "단테",
      "content": "<我无法将所有人的未来托付在这种不确定的方式上。>"
    },
    {
      "id": 51,
      "model": "단테",
      "content": "<因为我是执行经理。>"
    },
    {
      "id": 52,
      "model": "히스클리프",
      "content": "嚯……"
    },
    {
      "id": 53,
      "model": "에이해브",
      "content": "哼，意料之中。你是在惜命吗？"
    },
    {
      "id": 54,
      "model": "단테",
      "content": "<而且……我不想死。>"
    },
    {
      "id": 55,
      "model": "파우스트",
      "content": "……"
    },
    {
      "id": 56,
      "content": "牺牲这种词只是虚浮的装裱，好让死亡不再毫无意义。"
    },
    {
      "id": 57,
      "content": "无数次旁观罪人们的死，无数次让他们复活，与他们共享痛觉的我对此一清二楚。"
    },
    {
      "id": 58,
      "content": "我对他们每一次的死亡之重感同身受……因此我无法将他们的死亡包装在贴上“牺牲”的标签的漂亮盒子里。"
    },
    {
      "id": 59,
      "content": "相反，我会永远承受。"
    },
    {
      "id": 60,
      "content": "为了真正地为他们的苦难赋予意义，只有一同承受重担，并为他们所有的战斗赋予意义一途。"
    },
    {
      "id": 61,
      "content": "正因如此……每个人才都能如愿以偿。"
    },
    {
      "id": 62,
      "content": "这就是这场斗争并不等于牺牲的原因。"
    },
    {
      "id": 63,
      "content": "我并不会主动地寻求死亡。"
    },
    {
      "id": 64,
      "model": "이스마엘",
      "content": "亚哈……你还是老样子……不，你甚至变得更加令人厌恶……"
    },
    {
      "id": 65,
      "model": "이스마엘",
      "content": "我挣扎过，我抗争过，但是……又一次，你将我们玩弄于股掌之间。"
    },
    {
      "id": 66,
      "model": "이스마엘",
      "content": "又一次擅自作为船的主人，在不知不觉中把我们当成你那艘船的船员……"
    },
    {
      "id": 67,
      "model": "에이해브",
      "content": "肃静！！！闭嘴。现在……是最为重要的时刻……"
    },
    {
      "id": 68,
      "content": "话音落地，通往心脏的道路洞开了。"
    }
  ]
}