{
  "dataList": [
    {
      "id": 0,
      "place": "白鲸的心脏",
      "model": "이스마엘",
      "content": "是的。曾几何时，我也想成为像你一样的人。"
    },
    {
      "id": 1,
      "model": "이스마엘",
      "content": "我曾是……你的人鱼，全身覆盖和涂抹着你的思想，只为你这头巨大而疯狂的鲸而游动。"
    },
    {
      "id": 2,
      "model": "이스마엘",
      "content": "否则……我不确定自己还能否在这现实中活下去。"
    },
    {
      "id": 3,
      "model": "이스마엘",
      "content": "我只是没有目的地到处流浪。失去了所有对我而言无比珍贵的人。只有我一个人幸存下来。连好不容易找回的人的生命都被我亲手断送……"
    },
    {
      "id": 4,
      "model": "이스마엘",
      "content": "只有将这一切都归咎于你，事实才会变得可以忍受。"
    },
    {
      "id": 5,
      "model": "이스마엘",
      "content": "在我看到招聘启事之前，在我登上裴廓德之后……甚至到我加入边狱公司之后……我从未有机会亲自掌舵航行。"
    },
    {
      "id": 6,
      "model": "이스마엘",
      "content": "但……我想我终于找到了我的罗盘。"
    },
    {
      "id": 7,
      "model": "에이해브다침",
      "teller": "亚哈",
      "title": "绽放E.G.O::燃气捕鲸叉",
      "content": "不是船长的你，居然敢说出你的罗盘这种话？"
    },
    {
      "id": 8,
      "model": "이스마엘",
      "content": "虽然一直挡在我的前面惹人厌烦……但那罗盘却总能摇摆着指引我去想去的地方……"
    },
    {
      "id": 9,
      "model": "이스마엘",
      "content": "所以我想带着那块罗盘一同踏上冒险。去探索和了解这个世界的，真正的冒险。"
    },
    {
      "id": 10,
      "model": "이스마엘",
      "content": "但我曾划桨而过的那血腥过往，也是我所选择的航路……"
    },
    {
      "id": 11,
      "model": "이스마엘",
      "content": "我连那些都……会全数接受的。"
    },
    {
      "id": 12,
      "model": "이스마엘",
      "content": "这就是我……要让你活下去的理由，也是我发现的，只属于我的航海方式。"
    },
    {
      "id": 13,
      "model": "에이해브다침",
      "teller": "亚哈",
      "title": "绽放E.G.O::燃气捕鲸叉",
      "content": "什么……？"
    }
  ]
}