{
  "dataList": [
    {
      "id": 0,
      "place": "能听到心跳声的地方",
      "model": "에이해브",
      "content": "你们的战斗力比我预期的更好。"
    },
    {
      "id": 1,
      "model": "그레고르",
      "content": "喂……难道，你一直跟在我们身后，看着我们战斗吗？"
    },
    {
      "id": 2,
      "model": "에이해브",
      "content": "如果我插手，反而会妨碍到你们吧。"
    },
    {
      "id": 3,
      "content": "跟在亚哈身后的船员们明显少了很多。"
    },
    {
      "id": 4,
      "model": "퀴케그",
      "content": "……"
    },
    {
      "id": 5,
      "model": "퀴케그",
      "content": "我看不到。幸存的船员。只有五个。为什么？"
    },
    {
      "id": 6,
      "model": "에이해브",
      "content": "这么快就敢开始问我问题了？看来这些人对你造成的影响不小啊。"
    },
    {
      "id": 7,
      "model": "에이해브",
      "content": "我很清楚我需要的人手是多少。为了抵达这里，其他所有人都是……可抛弃的。你会问出这样的问题，肯定是因为受了这些人的影响。"
    },
    {
      "id": 8,
      "model": "퀴케그",
      "content": "回答。理由。"
    },
    {
      "id": 9,
      "model": "에이해브",
      "content": "相比之下……难道你不打算……和你的船长与还活着的船员同伴们好好打个招呼吗，魁魁格？"
    },
    {
      "id": 10,
      "model": "에이해브",
      "content": "看啊……能杀死白鲸的那颗心脏！它就在我们眼前！"
    },
    {
      "id": 11,
      "model": "핍",
      "content": "比普讨厌人鱼！！！快，快点，快点！！现在就想出去！！！"
    },
    {
      "id": 12,
      "model": "핍",
      "content": "但是比普在一点点变白。这东西，呃，呃，去不掉。"
    },
    {
      "id": 13,
      "model": "에이해브",
      "content": "白化现象……随着我们逐渐靠近心脏……变得越来越严重了。它开始变得有些……麻烦了。"
    },
    {
      "id": 14,
      "content": "他们身上的白化现象确实加重了许多。"
    },
    {
      "id": 15,
      "model": "에이해브",
      "content": "但是你们这群人，身上却没有一丁点变化。"
    },
    {
      "id": 16,
      "model": "에이해브",
      "content": "还有……这持续不断的刺耳滴答声真的很恼人！"
    },
    {
      "id": 17,
      "content": "亚哈大步走到我的面前。"
    },
    {
      "id": 18,
      "model": "에이해브",
      "content": "告诉我，你这颗时钟脑袋里面装的是什么？"
    },
    {
      "id": 19,
      "model": "단테",
      "content": "<……！>"
    },
    {
      "id": 20,
      "content": "亚哈死死盯着我的头部。"
    },
    {
      "id": 21,
      "content": "而我也抬起头看向亚哈。"
    },
    {
      "id": 22,
      "model": "단테",
      "content": "<这是……>"
    },
    {
      "id": 23,
      "content": "那一刻，亚哈在胰腺中走过的旅程展现在了众人眼前。"
    },
    {
      "id": 24,
      "model": "피쿼드호주민2",
      "teller": "吊着的镇民",
      "title": "裴廓德镇",
      "content": "船长……你曾说过，你不会让我变成人鱼的……"
    },
    {
      "id": 25,
      "model": "에이해브",
      "content": "果然……这个方法也失败了。"
    },
    {
      "id": 26,
      "model": "피쿼드호주민2",
      "teller": "绝望的镇民",
      "title": "裴廓德镇",
      "content": "诶……？不行……！把那切断的话，后面的船员全部都会……！"
    },
    {
      "id": 27,
      "model": "핍",
      "content": "船长！我是比普！比普把血管切断了！"
    },
    {
      "id": 28,
      "model": "에이해브",
      "content": "很好！斯塔布知道了一定会无比喜悦吧！"
    },
    {
      "id": 29,
      "model": "핍",
      "content": "他正看着比普吗？我们能杀掉这头可憎的鲸吗？！呵呵，哈哈哈！"
    },
    {
      "id": 30,
      "model": "피쿼드호주민2",
      "teller": "坠落的镇民",
      "title": "裴廓德镇",
      "content": "诶……诶？呜哇啊啊啊！"
    },
    {
      "id": 31,
      "model": "피쿼드호주민2",
      "teller": "震惊的镇民",
      "title": "裴廓德镇",
      "content": "船、船长……你刚才做了什……"
    },
    {
      "id": 32,
      "model": "에이해브",
      "content": "我踢了那个船员一脚。看来右边不是正确的道路。"
    },
    {
      "id": 33,
      "model": "에이해브",
      "content": "你想就这样乞求饶命吗？"
    },
    {
      "id": 34,
      "model": "피쿼드호주민2",
      "teller": "犹豫的镇民",
      "title": "裴廓德镇",
      "content": "船……船长……不是那样的……"
    },
    {
      "id": 35,
      "model": "에이해브",
      "content": "明明只要那头邪恶的白鲸还活着，现在的这个瞬间也会让世界向终结迈进！"
    },
    {
      "id": 36,
      "model": "에이해브",
      "content": "明明可以经由我等之手将其击溃，你还要弃之不顾苟且偷生吗！"
    },
    {
      "id": 37,
      "model": "에이해브",
      "content": "你要让至今为止船员们的牺牲白费吗，匪夷所思！"
    },
    {
      "id": 38,
      "model": "피쿼드호주민2",
      "teller": "犹豫的镇民",
      "title": "裴廓德镇",
      "content": "不、不是……"
    },
    {
      "id": 39,
      "model": "피쿼드호주민2",
      "teller": "犹豫的镇民",
      "title": "裴廓德镇",
      "content": "我会死的……！"
    },
    {
      "id": 40,
      "model": "에이해브",
      "content": "这不是死！我没有下让船员们去死的命令。"
    },
    {
      "id": 41,
      "model": "에이해브",
      "content": "我让他们迈向伟大，而不是死亡。"
    }
  ]
}