{
  "dataList": [
    {
      "id": 0,
      "content": "以实玛利缓慢地接近了亚哈。她的面庞隐入一片严峻的阴影之中。"
    },
    {
      "id": 1,
      "model": "에이해브",
      "teller": "亚哈",
      "title": "绽放E.G.O::燃气捕鲸叉",
      "content": "所以你终于把最后剩下的船员都杀了，一个也没剩？"
    },
    {
      "id": 2,
      "model": "이스마엘",
      "content": "是的。现在只剩下你了。"
    },
    {
      "id": 3,
      "model": "에이해브",
      "teller": "亚哈",
      "title": "绽放E.G.O::燃气捕鲸叉",
      "content": "哈……"
    },
    {
      "id": 4,
      "model": "에이해브",
      "teller": "亚哈",
      "title": "绽放E.G.O::燃气捕鲸叉",
      "content": "哈！哈！哈哈哈哈哈！！！！"
    },
    {
      "id": 5,
      "model": "에이해브",
      "teller": "亚哈",
      "title": "绽放E.G.O::燃气捕鲸叉",
      "content": "好！现在我们没有区别了，以实玛利。"
    },
    {
      "id": 6,
      "model": "에이해브",
      "teller": "亚哈",
      "title": "绽放E.G.O::燃气捕鲸叉",
      "content": "你我二人无论谁被杀掉，只要能抵达这条道路之终点，这些行为都会变得理所应当！"
    },
    {
      "id": 7,
      "model": "에이해브",
      "teller": "亚哈",
      "title": "绽放E.G.O::燃气捕鲸叉",
      "content": "只要能杀死那东西，我们就别无所求了！"
    }
  ]
}