{
  "dataList": [
    {
      "id": 0,
      "model": "이스마엘",
      "content": "斯达巴克，你是……船上唯一能够挑战亚哈的人。"
    },
    {
      "id": 1,
      "model": "이스마엘",
      "content": "所以你怎么能……"
    },
    {
      "id": 2,
      "model": "에이해브",
      "teller": "亚哈",
      "title": "绽放E.G.O::燃气捕鲸叉",
      "content": "愚不可及，愚不可及……以实玛利！"
    },
    {
      "id": 3,
      "model": "에이해브",
      "teller": "亚哈",
      "title": "绽放E.G.O::燃气捕鲸叉",
      "content": "斯达巴克第一个跪了下来。毕竟，大副的地位在船长之下……"
    },
    {
      "id": 4,
      "model": "에이해브",
      "teller": "亚哈",
      "title": "绽放E.G.O::燃气捕鲸叉",
      "content": "不管怎么说，船长一定会把我们带到目的地的。这样安逸的想法蒙蔽了他的眼睛！"
    },
    {
      "id": 5,
      "model": "에이해브",
      "teller": "亚哈",
      "title": "绽放E.G.O::燃气捕鲸叉",
      "content": "如果你知道他正追寻着正确的道路，为什么你不在他将要屈服的那个时候，助他一臂之力呢！"
    },
    {
      "id": 6,
      "model": "에이해브",
      "teller": "亚哈",
      "title": "绽放E.G.O::燃气捕鲸叉",
      "content": "还是你的错，以实玛利！"
    }
  ]
}