{
  "dataList": [
    {
      "id": 0,
      "model": "이스마엘",
      "content": "白鲸，和……亚哈……"
    },
    {
      "id": 1,
      "model": "이스마엘",
      "content": "他们强行进入了我们内心的缝隙。"
    },
    {
      "id": 2,
      "model": "이스마엘",
      "content": "作为人类就必然拥有的，那令人犹豫、使人动摇的小小缝隙。"
    },
    {
      "id": 3,
      "model": "이스마엘",
      "content": "混乱。孤独。对未知的焦虑。得知那些人们……那些你所珍视的东西……总有一日会离开你身边的恐惧。"
    },
    {
      "id": 4,
      "model": "이스마엘",
      "content": "这些无数脆弱的缝隙被紧实地填满。"
    },
    {
      "id": 5,
      "model": "이스마엘",
      "content": "在我意识到之前，我心中的那些缝隙……被一种奇特的执念填满了。它太过于拥挤，以至于令我感到窒息。"
    },
    {
      "id": 6,
      "model": "이스마엘",
      "content": "造成这种状况的……导致所有这一切的罪魁祸首，亚哈，我要杀了她。"
    },
    {
      "id": 7,
      "model": "이스마엘",
      "content": "无尽的执念不断堆叠，一层又一层地将我填满……"
    },
    {
      "id": 8,
      "model": "이스마엘",
      "content": "那些和大家一起度过的时光……以及那时我所做过的选择……也被执念埋葬，变得模糊不清……"
    },
    {
      "id": 9,
      "model": "이스마엘",
      "content": "不知从何时起……"
    },
    {
      "id": 10,
      "model": "이스마엘",
      "content": "我甚至忘却了自己本来的模样，开始沉沦。"
    },
    {
      "id": 11,
      "model": "이스마엘",
      "content": "我迷失于此。不再知道该去往何方。"
    },
    {
      "id": 12,
      "model": "히스클리프",
      "content": "……"
    },
    {
      "id": 13,
      "model": "히스클리프",
      "content": "你在这儿搞什么？"
    },
    {
      "id": 14,
      "model": "히스클리프",
      "content": "出来。"
    },
    {
      "id": 15,
      "model": "이스마엘",
      "content": "希斯……克利夫？"
    },
    {
      "id": 16,
      "model": "이스마엘",
      "content": "我……什么时候……被它覆盖了？我没注意到……"
    },
    {
      "id": 17,
      "place": "白鲸的心脏",
      "model": "히스클리프",
      "content": "不是，我头一次见你的脸的时候它就是这幅德性了。"
    },
    {
      "id": 18,
      "model": "히스클리프",
      "content": "我想你什么时候憋死了也不奇怪。"
    },
    {
      "id": 19,
      "model": "다친이스마엘",
      "content": "……"
    },
    {
      "id": 20,
      "content": "魁魁格在以实玛利眼前被白色的薄膜吞噬了。"
    },
    {
      "id": 21,
      "model": "다친이스마엘",
      "content": "对不起，魁魁格……我救不了你……"
    },
    {
      "id": 22,
      "model": "퀴케그녹음",
      "content": "不。已经。太晚了。"
    },
    {
      "id": 23,
      "model": "퀴케그녹음",
      "content": "去思考什么是正确。什么是错误。思考我自己。太晚了。"
    },
    {
      "id": 24,
      "model": "다친이스마엘",
      "content": "我、我应该更……"
    },
    {
      "id": 25,
      "model": "퀴케그녹음",
      "content": "我说啊。"
    },
    {
      "id": 26,
      "model": "퀴케그녹음",
      "content": "你的名字。告诉我。再一次。"
    },
    {
      "id": 27,
      "place": "裴廓德号",
      "model": "이스마엘과거",
      "content": "大湖也许是都市里最烂的地方了……但它的日落确实很美。"
    },
    {
      "id": 28,
      "model": "퀴케그과거",
      "content": "……"
    },
    {
      "id": 29,
      "model": "퀴케그과거",
      "content": "你的。名字。什么？"
    },
    {
      "id": 30,
      "model": "이스마엘과거",
      "content": "我的名字？为……为什么这么问？"
    },
    {
      "id": 31,
      "model": "퀴케그과거",
      "content": "因为，头发颜色。我喜欢。"
    },
    {
      "id": 32,
      "model": "퀴케그과거",
      "content": "鲸。死的时候。头转向太阳。"
    },
    {
      "id": 33,
      "model": "퀴케그과거",
      "content": "你的发色。落日的颜色。"
    },
    {
      "id": 34,
      "model": "퀴케그과거",
      "content": "所以。我掷出鱼叉。鲸转向你。"
    },
    {
      "id": 35,
      "model": "퀴케그과거",
      "content": "我们可以成为。好朋友。"
    },
    {
      "id": 36,
      "model": "이스마엘과거",
      "content": "……请叫我以实玛利吧。"
    },
    {
      "id": 37,
      "place": "白鲸的心脏",
      "model": "다친이스마엘",
      "content": "……叫我……以实玛利……"
    },
    {
      "id": 38,
      "model": "퀴케그녹음",
      "content": "……"
    },
    {
      "id": 39,
      "content": "魁魁格慢慢融化，变得不复存在。"
    },
    {
      "id": 40,
      "model": "다친이스마엘",
      "content": "……"
    },
    {
      "id": 41,
      "content": "以实玛利一瘸一拐地，走向躺在地上的亚哈。"
    },
    {
      "id": 42,
      "content": "她手中的鱼叉，正是为了此刻而磨得如此锋利。"
    },
    {
      "id": 43,
      "model": "단테",
      "content": "<……>"
    },
    {
      "id": 44,
      "model": "다친이스마엘",
      "content": "这一次，你也挡在我面前呢，但丁。"
    },
    {
      "id": 45,
      "model": "다친이스마엘",
      "content": "你为什么要做这种事？为什么一次又一次地阻止我？为什么要一次又一次地为我转动时钟？你到底能从这里面得到什么？"
    },
    {
      "id": 46,
      "model": "다친이스마엘",
      "content": "像这样，敷衍了事地装好人会让你感觉很好吗？"
    },
    {
      "id": 47,
      "model": "단테",
      "content": "<我想更多地了解你。>"
    },
    {
      "id": 48,
      "model": "단테",
      "content": "<这样就可以……在重蹈覆辙之外，为你找到新的道路。>"
    },
    {
      "id": 49,
      "model": "다친이스마엘",
      "content": "你……你知道吗？"
    },
    {
      "id": 50,
      "model": "다친이스마엘",
      "content": "你知道你在前往何方吗？"
    },
    {
      "id": 51,
      "model": "단테",
      "content": "<我还在……努力寻找。>"
    },
    {
      "id": 52,
      "content": "也许我之所以召唤时间的流逝以回溯我钟表的指针……"
    },
    {
      "id": 53,
      "content": "……是为了给罪人们的无数次彷徨提供锚点。"
    },
    {
      "id": 54,
      "content": "为了所有迷失方向的人。"
    },
    {
      "id": 55,
      "content": "为了不失去我自己的方向。"
    },
    {
      "id": 56,
      "model": "단테",
      "content": "<以实玛利，我们都是自己内心之船的船长。>"
    },
    {
      "id": 57,
      "model": "단테",
      "content": "<我们只是碰巧在同一条航路上航行，偶尔也会让对方接过船舵……>"
    },
    {
      "id": 58,
      "model": "단테",
      "content": "<但在这一切的一切之后，在自身之船上掌舵的船长，肯定还是你自己……>"
    },
    {
      "id": 59,
      "model": "단테",
      "content": "<因此，在航行结束之前，无论是我……还是你，以实玛利……都不要放开手中的船舵。>"
    }
  ]
}