{
  "dataList": [
    {
      "id": 0,
      "model": "핍",
      "content": "咦嘻嘻嘻，嘻嘻嘻。嘻嘻！"
    },
    {
      "id": 1,
      "model": "이스마엘",
      "content": "是因为斯塔布死了，你才变成这样的吗……？"
    },
    {
      "id": 2,
      "model": "에이해브",
      "teller": "亚哈",
      "title": "绽放E.G.O::燃气捕鲸叉",
      "content": "斯塔布没有死！以实玛利小姐！"
    },
    {
      "id": 3,
      "model": "에이해브",
      "teller": "亚哈",
      "title": "绽放E.G.O::燃气捕鲸叉",
      "content": "比普也会这么说的！他为了能从罪恶感中解脱，便粉碎了自己的内心，将之献给了我！"
    },
    {
      "id": 4,
      "model": "에이해브",
      "teller": "亚哈",
      "title": "绽放E.G.O::燃气捕鲸叉",
      "content": "别为难孩子，以实玛利！看着我！"
    },
    {
      "id": 5,
      "model": "에이해브",
      "teller": "亚哈",
      "title": "绽放E.G.O::燃气捕鲸叉",
      "content": "他破碎的心将他指引向我，而我已经尽我所能地将他从罪恶感中解脱出来！"
    },
    {
      "id": 6,
      "model": "에이해브",
      "teller": "亚哈",
      "title": "绽放E.G.O::燃气捕鲸叉",
      "content": "但你什么都没有做！你最起码可以自愿代替比普去划桨的！"
    },
    {
      "id": 7,
      "model": "에이해브",
      "teller": "亚哈",
      "title": "绽放E.G.O::燃气捕鲸叉",
      "content": "这是你的错！以实玛利！"
    },
    {
      "id": 8,
      "model": "에이해브",
      "teller": "亚哈",
      "title": "绽放E.G.O::燃气捕鲸叉",
      "content": "就算这样，我依然是邪恶吗？"
    }
  ]
}