{
  "dataList": [
    {
      "id": 0,
      "place": "白鲸的心脏",
      "model": "다친이스마엘",
      "content": "你曾可以给他们机会！给你的船员们！"
    },
    {
      "id": 1,
      "model": "다친이스마엘",
      "content": "能让他们稍微明白自己立于何处的机会……"
    },
    {
      "id": 2,
      "model": "에이해브",
      "content": "我航行的道路，时常留下白色而浑浊的痕迹。"
    },
    {
      "id": 3,
      "model": "에이해브",
      "content": "我夺走了船员们的机会？错。他们只是看着我留下的痕迹，将自己的方向与我重合了而已。"
    },
    {
      "id": 4,
      "model": "에이해브",
      "content": "因为他们不这样做就无法忍受这个世界。因为他们无比弱小！在他们虚无缥缈的人生中，是我为他们创造了切实的前路！"
    },
    {
      "id": 5,
      "model": "에이해브그림자",
      "content": "我最后的船员们！你们在哪？听从我的命令！追击！"
    }
  ]
}