{
  "dataList": [
    {
      "id": 0,
      "place": "心脏前的集合点",
      "model": "싱클레어",
      "content": "终于……能出来了。"
    },
    {
      "id": 1,
      "model": "단테",
      "content": "<亚哈好像还没有到的样子……>"
    },
    {
      "id": 2,
      "model": "이스마엘",
      "content": "啧……是异想体吗？"
    },
    {
      "id": 3,
      "content": "正如以实玛利所言，面前身体各处刺入了荧光色棒状物的某物，正在蠢蠢欲动。"
    },
    {
      "id": 4,
      "model": "이스마엘",
      "content": "……滚开。"
    },
    {
      "id": 5,
      "model": "단테",
      "content": "<来了！>"
    },
    {
      "id": 6,
      "content": "或许是被以实玛利再次握紧捕鲸枪的姿态所刺激了，那东西像要飞出湖面一般，袭向了我们。"
    }
  ]
}