{
  "dataList": [
    {
      "id": 0,
      "model": "이스마엘과거2",
      "content": "某一天，我冒出了这样的想法。"
    },
    {
      "id": 1,
      "model": "이스마엘과거2",
      "content": "我已经厌倦了这样的生活。"
    },
    {
      "id": 2,
      "place": "U公司 马林鱼港船 某处",
      "model": "이스마엘과거2",
      "title": "21区居民",
      "content": "嗯……"
    },
    {
      "id": 3,
      "model": "이스마엘과거2",
      "content": "漫无目的地取得资格证书，如此去巢里找一份体面的工作。"
    },
    {
      "id": 4,
      "model": "이스마엘과거2",
      "content": "为了成为翼中一羽，每天都争分夺秒，生怕被驱逐，只能端坐在办公桌前赚钱……"
    },
    {
      "id": 5,
      "model": "이스마엘과거2",
      "title": "21区居民",
      "content": "是的，我不干了。"
    },
    {
      "id": 6,
      "model": "이스마엘과거2",
      "title": "21区居民",
      "content": "……现在要干什么？我还没决定好，也不在乎。"
    },
    {
      "id": 7,
      "model": "이스마엘과거2",
      "content": "我想把一切都抛在身后。抛开每个试图挽留我的人，为这乏味的日常生活画上句号。"
    },
    {
      "id": 8,
      "model": "이스마엘과거2",
      "content": "我不知道这是意味着我想死，还是只是想尝试点新的东西。"
    },
    {
      "id": 9,
      "model": "이스마엘과거2",
      "content": "但我知道我总对水心怀热爱。"
    },
    {
      "id": 10,
      "model": "이스마엘과거2",
      "content": "所以如果我死了……我希望能够死在水边。"
    },
    {
      "id": 11,
      "model": "이스마엘과거2",
      "title": "21区居民",
      "content": "为捕鲸船……募集船员。"
    },
    {
      "id": 12,
      "model": "이스마엘과거2",
      "content": "在迄今为止的整个人生中，我的心脏头一次如此强劲地跳动。"
    },
    {
      "id": 13,
      "model": "이스마엘과거2",
      "title": "21区居民",
      "content": "必要的东西……不会晕船的强壮身体。"
    },
    {
      "id": 14,
      "model": "이스마엘과거2",
      "title": "21区居民",
      "content": "……就这么一条？"
    },
    {
      "id": 15,
      "model": "에이해브과거",
      "content": "再告诉你一条吧，如果有人扔给你一块抹布叫你擦洗船头的时候，不抱怨的抱负也是有必要的。"
    },
    {
      "id": 16,
      "model": "이스마엘과거2",
      "title": "21区居民",
      "content": "……是谁？"
    },
    {
      "id": 17,
      "model": "에이해브과거",
      "content": "只是个不喜欢用那条好腿在这坚硬的陆地上行走的，孤僻的老人。"
    },
    {
      "id": 18,
      "model": "이스마엘과거2",
      "title": "21区居民",
      "content": "……"
    },
    {
      "id": 19,
      "model": "에이해브과거",
      "content": "鲸……是壮丽而神秘的怪物。"
    },
    {
      "id": 20,
      "model": "에이해브과거",
      "content": "遇到鲸的人都忙着逃跑，我们却露齿而笑。"
    },
    {
      "id": 21,
      "model": "이스마엘과거2",
      "content": "每天早上醒来，我都在思考自己的人生目标。"
    },
    {
      "id": 22,
      "model": "이스마엘과거2",
      "title": "21区居民",
      "content": "……"
    },
    {
      "id": 23,
      "model": "이스마엘과거2",
      "content": "虽然像是在和我一起看招工告示板，但她……"
    },
    {
      "id": 24,
      "model": "이스마엘과거2",
      "content": "直勾勾地看着湖的那头。"
    },
    {
      "id": 25,
      "model": "이스마엘과거2",
      "content": "尽管她少了一条腿，却比任何人都要来得高大。"
    },
    {
      "id": 26,
      "model": "이스마엘과거2",
      "title": "21区居民",
      "content": "裴廓德号，呵。这艘船的船长一定是个幸运的人。"
    },
    {
      "id": 27,
      "model": "에이해브과거",
      "content": "你为什么这么想？"
    },
    {
      "id": 28,
      "model": "이스마엘과거2",
      "content": "我想和她一样。"
    },
    {
      "id": 29,
      "model": "이스마엘과거2",
      "title": "21区居民",
      "content": "因为拿着低得令人难以置信的薪水，还能勤劳工作的船员很少。"
    },
    {
      "id": 30,
      "model": "에이해브과거",
      "content": "嗯，但跟随这艘船航行，就能让你获得Eight协会的九阶收尾人证。"
    },
    {
      "id": 31,
      "model": "이스마엘과거2",
      "content": "希望有一天我也能像她一样，甘愿为自己选择的宿命献出一切。"
    }
  ]
}