{
  "dataList": [
    {
      "id": 0,
      "place": "白鲸的心脏",
      "model": "에이해브다침",
      "content": "你应该刺向我的！那支鱼叉应该刺向我的！为什么！是由你！为什么是由你！"
    },
    {
      "id": 1,
      "model": "에이해브다침",
      "content": "我们必须找到白鲸！所有人睁大眼睛！喊啊！"
    },
    {
      "id": 2,
      "model": "에이해브다침",
      "content": "鱼叉手！系紧捕鲸枪！舵手让船转向！"
    },
    {
      "id": 3,
      "model": "에이해브다침",
      "content": "大副扬帆！划桨！向着喷涌出这个世界上一切恶意的那白鲸的位置……"
    },
    {
      "id": 4,
      "model": "에이해브다침",
      "content": "我的船副们！启航……！启航……"
    },
    {
      "id": 5,
      "content": "亚哈向着永远回不来的船员们，大叫呼喊着。"
    },
    {
      "id": 6,
      "content": "随后，那些叫喊消散得无影无踪。"
    },
    {
      "id": 7,
      "model": "이스마엘",
      "content": "我会一直注视着活着的你。因为你是我彷徨过的证据。"
    },
    {
      "id": 8,
      "model": "이스마엘",
      "content": "你是为了能让我无休止地抵抗而不被吞噬的，我罪过的证人。我的鲸。"
    },
    {
      "id": 9,
      "model": "에이해브다침",
      "content": "不可以，不准那样轻视我！"
    },
    {
      "id": 10,
      "model": "에이해브다침",
      "content": "我是亚哈。我是……！"
    },
    {
      "id": 11,
      "content": "从心脏的裂隙间，白色的血液开始喷涌而出。"
    },
    {
      "id": 12,
      "content": "仿佛裴廓德号的全体船员正在举杯庆祝胜利一般。"
    },
    {
      "id": 13,
      "content": "庆祝那白鲸的最终之死。"
    },
    {
      "id": 14,
      "content": "庆祝那亚哈的最终倒台。"
    },
    {
      "id": 15,
      "content": "航海结束了。"
    },
    {
      "id": 16,
      "model": "히스클리프",
      "content": "喂……哪里能到外面去啊，这鲸在塌陷啊……！"
    },
    {
      "id": 17,
      "model": "싱클레어",
      "content": "所以她说破坏心脏就能出去的话也是……"
    },
    {
      "id": 18,
      "model": "그레고르",
      "content": "果然……到最后都净是谎言啊。"
    },
    {
      "id": 19,
      "model": "오티스",
      "content": "不，那不是谎言。出去是可能的。"
    },
    {
      "id": 20,
      "model": "로쟈",
      "content": "但没说过我们能活着出去。这种事情很常见呢~"
    },
    {
      "id": 21,
      "content": "嗵！"
    },
    {
      "id": 22,
      "content": "从上面垂下了巨大的绳子。"
    },
    {
      "id": 23,
      "model": "이스마엘",
      "content": "……！"
    },
    {
      "id": 24,
      "model": "단테",
      "content": "<谁扔下来的绳子？>"
    },
    {
      "id": 25,
      "model": "로쟈",
      "content": "那种事情无所谓啦，快点爬上去吧！"
    },
    {
      "id": 26,
      "content": "以实玛利盯着那根绳子看了一会儿。"
    },
    {
      "id": 27,
      "model": "히스클리프",
      "content": "怎么了？快点爬上去吧。"
    },
    {
      "id": 28,
      "model": "이스마엘",
      "content": "这根绳子……"
    },
    {
      "id": 29,
      "model": "이스마엘",
      "content": "不知为何，我有种它不会断的感觉。"
    },
    {
      "id": 30,
      "model": "에이해브다침",
      "content": "你……你应该杀掉我的……"
    },
    {
      "id": 31,
      "model": "에이해브다침",
      "content": "而杀死这头鲸的本应是我……！"
    },
    {
      "id": 32,
      "model": "히스클리프",
      "content": "那家伙……怎么办？"
    },
    {
      "id": 33,
      "model": "이스마엘",
      "content": "……让她尽情欣赏这个正在崩坏的地方吧。"
    },
    {
      "id": 34,
      "model": "이스마엘",
      "content": "毕竟作为船长，直到船沉没为止都要与船同在。"
    },
    {
      "id": 35,
      "content": "大家抓着绳子爬了上去。"
    },
    {
      "id": 36,
      "content": "正如以实玛利所说，绳子没有断。清风从外界吹来。"
    },
    {
      "id": 37,
      "content": "我们再也没有回头去看鲸喉咙下的深渊。"
    },
    {
      "id": 38,
      "content": "再也没有。"
    },
    {
      "id": 39,
      "content": "过了一段时间……"
    },
    {
      "id": 40,
      "place": "梅菲斯托费勒斯 船舱",
      "model": "로쟈",
      "content": "话说回来……好像说过那头鲸的表皮过于坚硬，用普通的方法是绝对无法刺穿的吧。"
    },
    {
      "id": 41,
      "model": "로쟈",
      "content": "到底是怎么做到的？嗯？嗯？"
    },
    {
      "id": 42,
      "content": "对于罗佳这看似失礼的纠缠不休的问题，靛蓝老人没有一丝不快地作出了回答。"
    },
    {
      "id": 43,
      "model": "쪽빛노인",
      "teller": "靛蓝老人",
      "title": "？？？",
      "content": "不知是因为那头白鲸吞下了金枝，还是因为吞下了你们，它作出了与老夫所知不同的行动。看样子脑子出问题了啊。"
    },
    {
      "id": 44,
      "model": "쪽빛노인",
      "teller": "靛蓝老人",
      "title": "？？？",
      "content": "所以老夫用锚刺开了入口。仅此而已。"
    },
    {
      "id": 45,
      "model": "베르길리우스",
      "content": "这样就从这片湖中除掉了两个灾害啊。两个都，经由你的手。"
    },
    {
      "id": 46,
      "model": "베르길리우스",
      "content": "还准备留在这里吗，靛蓝老人？"
    },
    {
      "id": 47,
      "model": "쪽빛노인",
      "teller": "靛蓝老人",
      "title": "？？？",
      "content": "没有离开的理由。毕竟海上还剩下三个灾害啊。"
    },
    {
      "id": 48,
      "model": "베르길리우스",
      "content": "嗯。"
    },
    {
      "id": 49,
      "model": "싱클레어",
      "content": "啊……那只蝴蝶……"
    },
    {
      "id": 50,
      "place": "梅菲斯托费勒斯 甲板",
      "content": "一只蝴蝶在此驻足，片刻后飞离，向着湖面彼端而行。"
    },
    {
      "id": 51,
      "model": "싱클레어",
      "content": "和那个时候在脑叶公司支部船上遇到的，那只蝴蝶很像呢。"
    },
    {
      "id": 52,
      "model": "뫼르소",
      "content": "准确来说看上去像是同一只蝴蝶。"
    },
    {
      "id": 53,
      "model": "홍루",
      "content": "能像那样自由地飞过湖面，好羡慕啊。"
    },
    {
      "id": 54,
      "model": "단테",
      "content": "<那个叫林的人，他的真面目到底是什么？>"
    },
    {
      "id": 55,
      "model": "단테",
      "content": "<虽然最终还是得到了他的帮助……>"
    },
    {
      "id": 56,
      "model": "파우스트",
      "content": "他看上去对我们有所期待。可以推测他还会回来。"
    },
    {
      "id": 57,
      "model": "히스클리프",
      "content": "总感觉……变成了他的棋子一样，让人不爽。"
    },
    {
      "id": 58,
      "model": "싱클레어",
      "content": "我觉得……他好像在离我们不远的地方注视着我们。"
    },
    {
      "id": 59,
      "content": "以实玛利从刚才开始就眺望着湖面上的地平线。"
    },
    {
      "id": 60,
      "content": "已经，不再凝视着湖水之中了。"
    },
    {
      "id": 61,
      "model": "단테",
      "content": "<以实玛利。>"
    },
    {
      "id": 62,
      "model": "이스마엘",
      "content": "啊，我在确认风向。"
    },
    {
      "id": 63,
      "model": "오티스",
      "content": "差不多是时间了。浪潮肯定就要接近了。"
    },
    {
      "id": 64,
      "model": "이스마엘",
      "content": "……呼。"
    },
    {
      "id": 65,
      "content": "以实玛利轻轻地笑了。"
    },
    {
      "id": 66,
      "model": "이스마엘",
      "content": "这次来一起面对吧。准备好了吗，但丁？"
    },
    {
      "id": 67,
      "model": "단테",
      "content": "<我……不是很懂航海的方法。>"
    },
    {
      "id": 68,
      "model": "이스마엘",
      "content": "哈啊，还不明白吗？无论掌握了何等高超的驾船技术……"
    },
    {
      "id": 69,
      "model": "이스마엘",
      "content": "最为重要的……是有谁将你引导至正确的方向。"
    },
    {
      "id": 70,
      "model": "이스마엘",
      "content": "并且我作为这艘船的大副，会相信着你指引的方向前行。"
    },
    {
      "id": 71,
      "model": "이스마엘",
      "content": "所以……你现在是我的船长了。"
    },
    {
      "id": 72,
      "model": "이스마엘",
      "content": "我会将自己那总有一天会踏上冒险的小船，与你和边狱公司这艘大船绑在一起，一同前行。"
    },
    {
      "id": 73,
      "model": "이스마엘",
      "content": "这场航行的终点存在着什么，十分令人在意吧。"
    },
    {
      "id": 74,
      "model": "이스마엘",
      "content": "……况且，我也没有你们之外的朋友了。"
    },
    {
      "id": 75,
      "model": "단테",
      "content": "<以实玛利……>"
    },
    {
      "id": 76,
      "model": "이스마엘",
      "content": "但是在相信船长的判断与命令的同时，我也会不断地去怀疑、质问、审视这些命令。"
    },
    {
      "id": 77,
      "model": "이스마엘",
      "content": "这样就算我的罗盘最终与你的不再相合，无论何时我都能乘着自己的船离开。"
    },
    {
      "id": 78,
      "model": "이스마엘",
      "content": "为了不再被吞噬，不再失去自我。"
    },
    {
      "id": 79,
      "content": "我望见了从远处逼近的浪潮。"
    },
    {
      "id": 80,
      "content": "是一如既往的巨大浪潮。感觉稍微有些可怕。"
    },
    {
      "id": 81,
      "content": "但是……"
    },
    {
      "id": 82,
      "model": "단테",
      "content": "<不过，并未到我们无法处理的程度。>"
    },
    {
      "id": 83,
      "model": "이스마엘",
      "content": "呵。"
    },
    {
      "id": 84,
      "place": "梅菲斯托费勒斯 船舱",
      "model": "오티스",
      "content": "浪潮来临还有15秒。掌舵，海猴……不。"
    },
    {
      "id": 85,
      "model": "오티스",
      "content": "大副，以实玛利。"
    },
    {
      "id": 86,
      "model": "이스마엘",
      "content": "明明不是船长还真会颐指气使呢，奥提斯女士。"
    },
    {
      "id": 87,
      "model": "카론",
      "content": "虽然，很抱歉打断。"
    },
    {
      "id": 88,
      "model": "카론",
      "content": "由卡戎来操作船舵。大家都抓好。"
    },
    {
      "id": 89,
      "model": "오티스",
      "content": "咳咳……"
    },
    {
      "id": 90,
      "model": "이스마엘",
      "content": "哈啊……"
    },
    {
      "id": 91,
      "content": "与久违的，真正有以实玛利风格的叹息一共，"
    },
    {
      "id": 92,
      "content": "以实玛利面向逼近的浪潮，紧紧地抓着扶手。"
    },
    {
      "id": 93,
      "content": "带着不会再被逼近的浪潮所卷起的狂风裹挟的，决然的眼神。"
    },
    {
      "id": 94,
      "content": "以实玛利那晚霞般的长发，随风飘动。"
    },
    {
      "id": 95,
      "model": "이스마엘",
      "content": "真是……好风呢。"
    },
    {
      "id": 96,
      "model": "이스마엘",
      "content": "与向着崭新目标航行的船十分相配。"
    },
    {
      "id": 97,
      "model": "카론",
      "content": "嗯。去吃冰淇淋。哗啦哗啦。"
    },
    {
      "id": 98
    },
    {
      "id": 99,
      "place": "大湖的某处",
      "model": "헤르만",
      "teller": "赫尔曼",
      "title": "N公司",
      "content": "何等惨状……"
    },
    {
      "id": 100,
      "teller": "亚哈",
      "title": "？？？",
      "content": "……"
    },
    {
      "id": 101,
      "teller": "亚哈",
      "title": "？？？",
      "content": "你看不出来吗……？"
    },
    {
      "id": 102,
      "teller": "亚哈",
      "title": "？？？",
      "content": "这怎么可能……不继续追踪的话……要找遍每个角落……"
    },
    {
      "id": 103,
      "model": "헤르만",
      "teller": "赫尔曼",
      "title": "N公司",
      "content": "我对那头鲸死掉的事表示遗憾。"
    },
    {
      "id": 104,
      "model": "헤르만",
      "teller": "赫尔曼",
      "title": "N公司",
      "content": "不过没必要就此放弃活下去的意志吧？被夺走的仅仅只是“一头”鲸而已。"
    },
    {
      "id": 105,
      "teller": "亚哈",
      "title": "？？？",
      "content": "你……是来嘲笑……亚哈我的吗……？"
    },
    {
      "id": 106,
      "model": "헤르만",
      "teller": "赫尔曼",
      "title": "N公司",
      "content": "船长。你认为那种白鲸，在这包含无尽可能的世界中只有一头吗？"
    },
    {
      "id": 107,
      "model": "에이해브",
      "content": "……"
    },
    {
      "id": 108,
      "model": "헤르만",
      "teller": "赫尔曼",
      "title": "N公司",
      "content": "是的，我正期望着那种眼神。终于能进行对话了。"
    },
    {
      "id": 109,
      "model": "헤르만",
      "teller": "赫尔曼",
      "title": "N公司",
      "content": "你所搜寻的那头鲸，这次就让你亲手杀掉吧。"
    },
    {
      "id": 110,
      "model": "헤르만",
      "teller": "赫尔曼",
      "title": "N公司",
      "content": "让你能够杀尽所有世界的，所有白鲸。"
    },
    {
      "id": 111,
      "model": "헤르만",
      "teller": "赫尔曼",
      "title": "N公司",
      "content": "我需要的，是你那强韧的执念与信念。"
    },
    {
      "id": 112,
      "model": "헤르만",
      "teller": "赫尔曼",
      "title": "N公司",
      "content": "来吧，这作为乘上我的船的理由……已经足够了吧？"
    },
    {
      "id": 113,
      "model": "헤르만",
      "teller": "赫尔曼",
      "title": "N公司",
      "content": "让我们享受航海吧。"
    }
  ]
}