{
  "dataList": [
    {
      "id": 0,
      "model": "이스마엘",
      "content": "……！"
    },
    {
      "id": 1,
      "model": "에이해브",
      "teller": "亚哈",
      "title": "绽放E.G.O::燃气捕鲸叉",
      "content": "你们还不明白吗？这些人已经是“亚哈”了。"
    },
    {
      "id": 2,
      "model": "에이해브",
      "teller": "亚哈",
      "title": "绽放E.G.O::燃气捕鲸叉",
      "content": "我的捕鲸叉，憎恶我所憎恶，仇恨我所仇恨。我的捕鲸叉……不容忤逆！"
    }
  ]
}