{
  "dataList": [
    {
      "id": 0,
      "place": "过去，郊区某处",
      "model": "바리",
      "content": "很安静吧？"
    },
    {
      "id": 1,
      "model": "바리",
      "content": "但这里可并不安宁。就连此时此刻那些家伙也在监视着我们。"
    },
    {
      "id": 2,
      "model": "바리",
      "content": "……"
    },
    {
      "id": 3,
      "model": "바리",
      "content": "人类与血魔间的战争绝不是终点。"
    },
    {
      "id": 4,
      "model": "바리",
      "content": "我能看到。预见在不久的将来，人类还会与郊区之外的星云们开战。"
    },
    {
      "id": 5,
      "model": "바리",
      "content": "人类无论何时都不会懂得什么叫满足。所以他们的到来自然也是顺理成章。"
    },
    {
      "id": 6,
      "model": "바리",
      "content": "……我和一个马上要失去记忆的人说这些干什么。"
    },
    {
      "id": 7,
      "model": "옛산초2",
      "title": "拉·曼却领",
      "content": "……"
    },
    {
      "id": 8,
      "model": "바리",
      "content": "我再说一次。"
    },
    {
      "id": 9,
      "model": "바리",
      "content": "你一旦喝下这条河的水，就什么都不会记得了。"
    },
    {
      "id": 10,
      "model": "바리",
      "content": "我、你的父亲、你的家人们。还有我们现在说的这些话……"
    },
    {
      "id": 11,
      "model": "옛산초2",
      "title": "拉·曼却领",
      "content": "我明白。"
    },
    {
      "id": 12,
      "model": "바리",
      "content": "之后……我会带你去住的地方。"
    },
    {
      "id": 13,
      "model": "바리",
      "content": "我在不远处找到一座废弃的灯塔。应该没人会来吧。"
    },
    {
      "id": 14,
      "model": "옛산초2",
      "title": "拉·曼却领",
      "content": "……是吗。"
    },
    {
      "id": 15,
      "model": "바리",
      "content": "仅此而已？"
    },
    {
      "id": 16,
      "model": "바리",
      "content": "你接下来要怎么……活下去呢？"
    },
    {
      "id": 17,
      "model": "옛산초2",
      "title": "拉·曼却领",
      "content": "谁知道呢。"
    },
    {
      "id": 18,
      "model": "옛산초2",
      "title": "拉·曼却领",
      "content": "对失去一切，忘记所有的我来说有什么意义吗。"
    },
    {
      "id": 19,
      "model": "옛산초2",
      "title": "拉·曼却领",
      "content": "那个问题，等到我沉睡之后再问比较合适。"
    },
    {
      "id": 20,
      "model": "바리",
      "content": "……"
    },
    {
      "id": 21,
      "model": "옛산초2",
      "title": "拉·曼却领",
      "content": "我喝掉河水之后……"
    },
    {
      "id": 22,
      "model": "옛산초2",
      "title": "拉·曼却领",
      "content": "你就离开吧。"
    },
    {
      "id": 23,
      "model": "옛산초2",
      "title": "拉·曼却领",
      "content": "谢谢你，巴里。"
    },
    {
      "id": 24,
      "model": "산초",
      "content": "但是这河水也只是让我暂时忘记作为血魔的本能，并不会永远将它抹去。"
    },
    {
      "id": 25,
      "place": "自我心道 - 迷宫",
      "model": "산초",
      "content": "本来……就不存在什么永远抹除天性的办法。"
    },
    {
      "id": 26,
      "model": "산초",
      "content": "虽然通过父亲的驽骍难得……我得以隐藏血魔拥有的所有特征……"
    },
    {
      "id": 27,
      "model": "산초",
      "content": "但那也只是在做一场荒诞的梦罢了。"
    },
    {
      "id": 28,
      "model": "산초",
      "content": "如今我已醒来。赤裸双足。"
    },
    {
      "id": 29,
      "model": "가면키호테",
      "content": "是吗，这样的话……拉·曼却领……"
    },
    {
      "id": 30,
      "place": "自我心道 - 拉·曼却之眼",
      "model": "가면키호테",
      "content": "就能再一次……打开大门了……"
    },
    {
      "id": 33,
      "model": "산초",
      "content": "这里发生了什么吗。"
    },
    {
      "id": 34,
      "model": "가면키호테",
      "content": "这不是显而易见吗。"
    },
    {
      "id": 35,
      "model": "가면키호테",
      "content": "那些人没有原谅我……而我也同样没法宽恕他们。"
    },
    {
      "id": 36,
      "model": "이발사하편",
      "content": "请把门打开吧……"
    },
    {
      "id": 37,
      "model": "이발사하편",
      "content": "堂吉诃德大人……求求你了！请你救救我们吧！宽恕我们吧！"
    },
    {
      "id": 38,
      "model": "키호테",
      "content": "你们还是……没法……与我同心吗……"
    },
    {
      "id": 39,
      "model": "키호테",
      "content": "你们还不明白……拉·曼却领……不能……再……开放了吗……"
    },
    {
      "id": 40,
      "model": "이발사하편",
      "content": "那……那样的话……就没……没办法了……"
    },
    {
      "id": 41,
      "model": "이발사하편",
      "content": "我……我想要……变得幸福……"
    },
    {
      "id": 42,
      "model": "이발사하편",
      "content": "现在……轮到你了，神父。"
    },
    {
      "id": 43,
      "model": "신부하편",
      "content": "……"
    },
    {
      "id": 44,
      "model": "신부하편",
      "content": "父亲……请永远不要宽恕我们……"
    },
    {
      "id": 45,
      "model": "신부하편",
      "content": "请一定……一定……"
    },
    {
      "id": 46,
      "model": "이발사하편",
      "content": "快点……刺进去！！！"
    },
    {
      "id": 47,
      "model": "돌시네아하편",
      "content": "……"
    },
    {
      "id": 48,
      "model": "혈귀 3",
      "teller": "恐惧中的血魔",
      "title": "拉·曼却领",
      "content": "啊……啊……"
    },
    {
      "id": 49,
      "model": "혈귀 3",
      "teller": "恐惧中的血魔",
      "title": "拉·曼却领",
      "content": "请……请您宽恕我们……"
    },
    {
      "id": 50,
      "model": "혈귀 3",
      "teller": "恐惧中的血魔",
      "title": "拉·曼却领",
      "content": "不，请您救救我们吧……"
    },
    {
      "id": 51,
      "model": "혈귀 3",
      "teller": "恐惧中的血魔",
      "title": "拉·曼却领",
      "content": "不然的话……"
    },
    {
      "id": 52,
      "model": "혈귀 3",
      "teller": "恐惧中的血魔",
      "title": "拉·曼却领",
      "content": "就请您也一起……感受我们的痛苦吧……！"
    }
  ]
}