{
  "dataList": [
    {
      "id": 0,
      "place": "自我心道 - 迷宫",
      "model": "가면키호테",
      "content": "桑丘啊……有了你的回归，这个地方会变得更为欢乐吧。"
    },
    {
      "id": 1,
      "model": "가면키호테",
      "content": "我的家人们……现在才终于找到了真正的幸福啊。"
    },
    {
      "id": 2,
      "model": "가면키호테",
      "content": "他们受了太长时间的苦……因此比谁都更有享受幸福的资格。"
    },
    {
      "id": 3,
      "model": "가면키호테",
      "content": "如果你也回来的话……这拉·曼却领会比现在洋溢着更多的欢笑吧。"
    },
    {
      "id": 4,
      "model": "산초",
      "content": "……"
    },
    {
      "id": 5,
      "model": "오티스",
      "content": "欢笑什么的也太荒谬了。"
    },
    {
      "id": 6,
      "model": "오티스",
      "content": "我们是来剿灭你们的残党的。"
    },
    {
      "id": 7,
      "model": "가면키호테",
      "content": "……我们真的聊了很多啊，桑丘。"
    },
    {
      "id": 8,
      "model": "가면키호테",
      "content": "向那些无知的入侵者们……展示我们在这漫长的时光中所经历的一切吧……"
    },
    {
      "id": 9,
      "place": "很久以前，某个战场",
      "model": "산초",
      "content": "你……太鲁莽了。"
    },
    {
      "id": 10,
      "model": "가면키호테",
      "content": "对手是每天都痛饮人血……以至于血液沸腾着溢出他们的身体的，巨人一般的血魔。"
    },
    {
      "id": 11,
      "model": "가면키호테",
      "content": "我们……不得不进行一场激烈的战斗。"
    },
    {
      "id": 12,
      "model": "산초",
      "content": "你在那里做了一个梦。"
    },
    {
      "id": 13,
      "model": "가면키호테",
      "content": "一个虚无的梦……仅此而已。"
    },
    {
      "id": 14,
      "model": "키호테",
      "title": "亲族",
      "content": "来吧，诸位！请做好决战之准备！吾等将即刻出阵，任何疑惑可于现在呈上！"
    },
    {
      "id": 15,
      "model": "옛산초",
      "title": "家族",
      "content": "……"
    },
    {
      "id": 16,
      "model": "옛산초",
      "title": "家族",
      "content": "我有问题。"
    },
    {
      "id": 17,
      "model": "키호테",
      "title": "亲族",
      "content": "嗯！桑丘啊，请畅所欲言！"
    },
    {
      "id": 18,
      "model": "옛산초",
      "title": "家族",
      "content": "为什么你要这样说话？"
    },
    {
      "id": 19,
      "model": "키호테",
      "title": "亲族",
      "content": "身为日后的收尾人，使用与之相配的说话方式才更为恰当。"
    },
    {
      "id": 20,
      "model": "키호테",
      "title": "亲族",
      "content": "而且这种说话方式，不知为何也让我心情高昂。桑丘，不如汝也与吾一同……"
    },
    {
      "id": 21,
      "teller": "叛逆的血魔",
      "title": "亲戚",
      "content": "嘎啊啊啊啊！"
    },
    {
      "id": 22,
      "model": "옛산초",
      "title": "家族",
      "content": "幼稚。"
    },
    {
      "id": 23,
      "model": "가면키호테",
      "content": "但是我还记得那天，和你一同在草原上畅快奔跑的日子啊……"
    },
    {
      "id": 24,
      "model": "산초",
      "content": "血魔们的突袭折断了你的枪。"
    },
    {
      "id": 25,
      "model": "가면키호테",
      "content": "那是由你……所制作的枪。"
    },
    {
      "id": 26,
      "model": "가면키호테",
      "content": "是因为太小看对手而大意了……这是我一直以来的一个坏习惯。"
    },
    {
      "id": 27,
      "model": "산초",
      "content": "我应该说过很多次要注意的。"
    },
    {
      "id": 28,
      "model": "가면키호테",
      "content": "强风将我抛入空中，又砸向原野……"
    },
    {
      "id": 29,
      "model": "가면키호테",
      "content": "但你不是立刻飞奔而来了吗。连呼吸……都带着担忧。"
    },
    {
      "id": 30,
      "model": "산초",
      "content": "没有到那个程度。"
    },
    {
      "id": 31,
      "model": "가면키호테",
      "content": "在我躺在那里，仰望天空之时……"
    },
    {
      "id": 32,
      "model": "가면키호테",
      "content": "你出现在了那风景中。"
    },
    {
      "id": 33,
      "model": "가면키호테",
      "content": "现在想来……我认为可能正是因为那一刻我们才能赢下那场战争。"
    },
    {
      "id": 34,
      "model": "산초",
      "content": "你不是在战争开始之前就确信自己会赢吗？"
    },
    {
      "id": 35,
      "model": "가면키호테",
      "content": "印象中，我或许是从那时起，开始觉得我们能够改变……"
    },
    {
      "id": 36,
      "model": "가면키호테",
      "content": "就像一辈子讨厌跑步的你跑得上气不接下气一样……"
    },
    {
      "id": 37,
      "model": "가면키호테",
      "content": "我当时觉得，我们是不是也在慢慢改变呢？"
    },
    {
      "id": 38,
      "model": "산초",
      "content": "……"
    },
    {
      "id": 39,
      "place": "自我心道 - 迷宫",
      "model": "가면키호테",
      "content": "但我，我们……失败了啊，桑丘。"
    },
    {
      "id": 40,
      "model": "가면키호테",
      "content": "是啊，这里就是其证明。"
    },
    {
      "id": 41,
      "model": "가면키호테",
      "content": "尽情观赏吧，桑丘……我们那悲惨的失败。"
    }
  ]
}