{
  "dataList": [
    {
      "id": 0,
      "place": "自我心道 - 迷宫",
      "model": "단테",
      "content": "<堂吉诃德……>"
    },
    {
      "id": 1,
      "model": "산초",
      "content": "那个名字对我来说曾是救赎。"
    },
    {
      "id": 2,
      "model": "산초",
      "content": "我们被同胞排斥，同时又被人类视为丑恶的存在。"
    },
    {
      "id": 3,
      "model": "산초",
      "content": "必须承认。在建立拉·曼却领之时所有人都在欢笑。"
    },
    {
      "id": 4,
      "model": "산초",
      "content": "因为我们曾相信即使只有少量的血和血棒，我们应该也能生存得下去。"
    },
    {
      "id": 5,
      "place": "过去，某座城堡",
      "model": "키호테",
      "content": "大家都能来看看吗？经过我和理发师数年的努力制作出的“那个”的试制品完成了。"
    },
    {
      "id": 6,
      "model": "옛산초",
      "title": "拉·曼却领",
      "content": "这是什么。砖头吗？"
    },
    {
      "id": 7,
      "model": "키호테",
      "content": "是凝固的血液。"
    },
    {
      "id": 8,
      "model": "키호테",
      "content": "里面包含了我们生存所需的全部营养成分。"
    },
    {
      "id": 9,
      "model": "돌시네아하편",
      "content": "……"
    },
    {
      "id": 10,
      "model": "돌시네아하편",
      "content": "味道……像蜡笔一样。"
    },
    {
      "id": 11,
      "model": "이발사하편",
      "content": "在这种情况下竟然还执着于味道啊，杜尔西内娅大人！"
    },
    {
      "id": 12,
      "model": "이발사하편",
      "content": "这已经是我们尽最大努力做出的最好的味道了。"
    },
    {
      "id": 13,
      "model": "키호테",
      "content": "只要使用人类自愿献出的少量血液，血棒就能不断地被大量生产出来。"
    },
    {
      "id": 14,
      "model": "신부하편",
      "content": "……哦哦。多么伟大啊。"
    },
    {
      "id": 15,
      "model": "키호테",
      "content": "我打算向我们拉·曼却领的家人们持续提供此物。"
    },
    {
      "id": 16,
      "model": "키호테",
      "content": "请大家记住。只要拉·曼却领经营得好，我们就会成为所有血魔的骄傲。"
    },
    {
      "id": 17,
      "model": "키호테",
      "content": "因为那就可以证明就算没有杀戮……没有血，我们也能和人类一起生活。"
    },
    {
      "id": 18,
      "model": "키호테",
      "content": "并且我断言，客人马上就会蜂拥而至。"
    },
    {
      "id": 19,
      "model": "옛산초",
      "title": "拉·曼却领",
      "content": "为什么你能断言？"
    },
    {
      "id": 20,
      "model": "키호테",
      "content": "外面的世界，与我生活过的这个世界一样，都太无聊了。"
    },
    {
      "id": 21,
      "model": "키호테",
      "content": "人类也都在心中的某处……"
    },
    {
      "id": 22,
      "model": "키호테",
      "content": "热切地期盼着能为自己带来快乐的东西吧。"
    },
    {
      "id": 23,
      "model": "키호테",
      "content": "于是我又再想了想，果然我还是在游行的最后登场最好。"
    },
    {
      "id": 24,
      "model": "키호테",
      "content": "那样的话，人们肯定会发出更多欢呼与掌声的吧？"
    },
    {
      "id": 25,
      "model": "이발사하편",
      "content": "那当然啦！我会为你做出让你看起来比任何人都帅气的服装。"
    },
    {
      "id": 26,
      "model": "돌시네아하편",
      "content": "人气最高的，肯定是我。"
    },
    {
      "id": 27,
      "model": "돌시네아하편",
      "content": "因为在美丽方面，没有人能比得上我。"
    },
    {
      "id": 28,
      "model": "키호테",
      "content": "像黄金一样灿烂的你如此美丽，谁会有异议呢。但即便如此，杜尔西内娅……"
    },
    {
      "id": 29,
      "model": "옛산초",
      "title": "拉·曼却领",
      "content": "如果只想说些无关紧要的事，那我就先走了。"
    },
    {
      "id": 30,
      "place": "自我心道 - 迷宫",
      "model": "산초",
      "content": "是啊，正如他所料……"
    },
    {
      "id": 31,
      "model": "산초",
      "content": "来到拉·曼却领的人类络绎不绝。"
    }
  ]
}