{
  "dataList": [
    {
      "id": 0,
      "place": "自我心道 - 迷宫",
      "model": "단테",
      "content": "<突然就出现了异想体……>"
    },
    {
      "id": 1,
      "model": "단테",
      "content": "<……话说回来，为什么拉·曼却领里会有脑叶公司的标志？>"
    },
    {
      "id": 2,
      "model": "이상",
      "content": "或许……"
    },
    {
      "id": 3,
      "model": "이상",
      "content": "嗯。没什么。当下匆匆得出的想法尚且缺乏依据。"
    },
    {
      "id": 4,
      "model": "단테",
      "content": "<呃，那……>"
    },
    {
      "id": 5,
      "content": "虽然我想向把话咽回去的李箱再问些什么……"
    },
    {
      "id": 6,
      "model": "단테",
      "content": "<……嗯。到时候等你有把握了就告诉我吧。>"
    },
    {
      "id": 7,
      "content": "我觉得李箱对此三缄其口必然有他的理由，于是点了点头。"
    },
    {
      "id": 8,
      "model": "이상",
      "content": "嗯。悉听尊便。"
    },
    {
      "id": 9,
      "model": "단테",
      "content": "<好……那我们继续跟上桑丘吧。>"
    },
    {
      "id": 10,
      "content": "毕竟就算有异想体出没，我们要做的事情也不会改变。"
    }
  ]
}