{
  "dataList": [
    {
      "id": 0,
      "place": "自我心道 - 迷宫",
      "content": "在我们一边打倒血魔，一边追逐堂吉诃德的时候……"
    },
    {
      "id": 1,
      "content": "一把剑从拐角处如闪光般迅捷地刺出。"
    },
    {
      "id": 2,
      "model": "산초",
      "content": "……"
    },
    {
      "id": 3,
      "content": "但堂吉诃德用手轻轻挥了一下，就将拿着剑的怪人击飞了。"
    },
    {
      "id": 4,
      "model": "로쟈",
      "content": "什、什么？他们不是不会攻击堂吉诃德的吗？"
    },
    {
      "id": 5,
      "model": "이상",
      "content": "……熟悉的面孔……"
    },
    {
      "id": 6,
      "model": "장미침식까미유",
      "teller": "卡米尔？",
      "content": "叽咿咿咿……"
    },
    {
      "id": 7,
      "model": "히스클리프",
      "content": "什么啊。那家伙为什么在这里？"
    },
    {
      "id": 8,
      "model": "이스마엘",
      "content": "是啊。那些人因为有其他委托目标，根本没有进入这片区域，不是吗？"
    },
    {
      "id": 9,
      "model": "뫼르소",
      "content": "推测其是由于金枝导致拉·曼却领结构改变而被卷入的。"
    },
    {
      "id": 10,
      "model": "그레고르",
      "content": "哼，被卷进来了么。"
    },
    {
      "id": 11,
      "model": "로쟈",
      "content": "怎么说呢，虽然我觉得他是个让人火大的家伙……但这样看来又有点可怜……"
    },
    {
      "id": 12,
      "model": "파우스트",
      "content": "但丁。"
    },
    {
      "id": 13,
      "model": "단테",
      "content": "<……嗯。我明白你想问什么。>"
    },
    {
      "id": 14,
      "model": "단테",
      "content": "<那是……被侵蚀的卡米尔。是使用了脑叶公司支部的E.G.O装备或是礼物类的饰品了吗。>"
    },
    {
      "id": 15,
      "model": "뫼르소",
      "content": "确认到与其同行的名叫葆拉的人物。"
    },
    {
      "id": 16,
      "model": "싱클레어",
      "content": "……！"
    },
    {
      "id": 17,
      "model": "싱클레어",
      "content": "被侵蚀的话……是像我家的地下室那样……"
    },
    {
      "id": 18,
      "model": "이상",
      "content": "嗯……K公司也有过类似之事。他是与力量强到自身无法承受的E.G.O同化了吗……"
    },
    {
      "id": 19,
      "model": "파우스트",
      "content": "也许是为了摆脱与血魔之间持续不断的战斗而使用的吧。"
    },
    {
      "id": 20,
      "model": "그레고르",
      "content": "……为了战斗牺牲了自己吗。哈啊……"
    },
    {
      "id": 21,
      "model": "오티스",
      "content": "虽然也可能只是被那力量吞噬了……但我同意他大概是经历了光荣的一战。"
    },
    {
      "id": 22,
      "content": "光荣的一战。"
    },
    {
      "id": 23,
      "content": "那像是堂吉诃德会喜欢的措辞，于是我看向她。"
    },
    {
      "id": 24,
      "content": "现在的堂吉诃德只是带着一副毫无感情的表情，拂去衣服上的尘埃，继续往前走去。"
    },
    {
      "id": 25,
      "model": "단테",
      "content": "<……去帮他们解脱吧。>"
    }
  ]
}