{
  "dataList": [
    {
      "id": 0,
      "place": "自我心道 - 迷宫",
      "content": "桑丘她……"
    },
    {
      "id": 1,
      "content": "缓缓地走进了在我们面前展开的迷宫，仿佛要遵循堂吉诃德的指示，观赏这片废墟。"
    },
    {
      "id": 2,
      "model": "가시춘",
      "content": "……"
    },
    {
      "id": 3,
      "model": "가시춘",
      "content": "所以那个血魔……和之前那个救了我的哥哥的朋友是同一个人？"
    },
    {
      "id": 4,
      "model": "홍루",
      "content": "嗯，是同一个人哦。"
    },
    {
      "id": 5,
      "model": "오티스",
      "content": "你疯了吗？你没听到那家伙说的话吗？那个所谓的堂吉诃德是……"
    },
    {
      "id": 6,
      "model": "홍루",
      "content": "唔……但在我看来，果然还是同一个人呢。"
    },
    {
      "id": 7,
      "content": "鸿璐自信满满地回答道。"
    },
    {
      "id": 8,
      "content": "比起确信，或许鸿璐的风格本就如此。即使我们都惊疑不定，身陷囹圄，他也总会以波澜不惊的语气做出回答，仿佛只是在面对无关紧要的事情一般。"
    },
    {
      "id": 9,
      "content": "然而……现在回想起来，他给出的答案却基本没有出过错。"
    },
    {
      "id": 10,
      "content": "希望……这次也能如此。"
    },
    {
      "id": 11,
      "content": "我试着相信。"
    },
    {
      "id": 12,
      "model": "오티스",
      "content": "妈……的……为什么我身边尽是些没出息的人……如果那家伙突然变得像野兽一样袭击我们的话……"
    },
    {
      "id": 13,
      "model": "단테",
      "content": "<奥提斯。>"
    },
    {
      "id": 14,
      "model": "오티스",
      "content": "……请说。"
    },
    {
      "id": 15,
      "content": "奥提斯挺直了身体，以她一贯的军人姿态看着我。但她的表情中透露出了微妙的焦虑和不信任。"
    },
    {
      "id": 16,
      "content": "这也是无可奈何的。不管出于什么理由，我的确向罪人们隐瞒了一些事情。"
    },
    {
      "id": 17,
      "content": "对于像奥提斯这样对这些事情异常敏感的人来说，对我有所不满也是理所应当的。"
    },
    {
      "id": 18,
      "content": "但，正因为她是奥提斯……"
    },
    {
      "id": 19,
      "model": "단테",
      "content": "<接下来我们要去追上堂吉诃德……不，桑丘。>"
    },
    {
      "id": 20,
      "model": "오티스",
      "content": "但……"
    },
    {
      "id": 21,
      "model": "단테",
      "content": "<抱歉，请让我说完。>"
    },
    {
      "id": 22,
      "model": "오티스",
      "content": "……是。我失礼了。"
    },
    {
      "id": 23,
      "model": "단테",
      "content": "<尽管我不知道你想法的全貌，但我能够感受到你对这件事情的不满。>"
    },
    {
      "id": 24,
      "model": "오티스",
      "content": "……"
    },
    {
      "id": 25,
      "model": "단테",
      "content": "<我想，很快我就能向你详细地解释这一切了。因此……>"
    },
    {
      "id": 26,
      "model": "단테",
      "content": "<我相信接下来的做法能为我们带来成功，也希望你能够随我一起踏上这条道路。>"
    },
    {
      "id": 27,
      "content": "奥提斯的不满可能来自于更为根源的东西。"
    },
    {
      "id": 28,
      "content": "令她感到不安的绝不仅是情报的缺失……真正令她担忧的其实是这样的隐瞒会危及到我和她自己，乃至这次行动本身。她正是这样的罪人。"
    },
    {
      "id": 29,
      "content": "那么，最好的解决方案便是告诉她，一切都在按计划进行。"
    },
    {
      "id": 30,
      "model": "단테",
      "content": "<还记得吗，迄今为止所有的行动中，解决问题的关键都是找到让我和金枝产生共鸣的方法。>"
    },
    {
      "id": 31,
      "model": "단테",
      "content": "<这次大概也……不，一定不会有任何不同。>"
    },
    {
      "id": 32,
      "model": "오티스",
      "content": "……如果这是经理您的命令。"
    },
    {
      "id": 33,
      "model": "오티스",
      "content": "我会遵从。"
    },
    {
      "id": 34,
      "model": "단테",
      "content": "<抱歉提出了无理的要求……>"
    },
    {
      "id": 35,
      "model": "오티스",
      "content": "……不论这次作战成功与否，不论您给出的理由是否充分……我奥提斯，并非是向您的职位所赋予的权威屈服。"
    },
    {
      "id": 36,
      "model": "오티스",
      "content": "对我所指出的潜在风险，经理努力进行了理解，并试图给出解释……因此，我决定遵从您的慧眼。"
    },
    {
      "id": 37,
      "model": "오티스",
      "content": "或许，是您过去的记忆在无意识地影响着您现在的行为。"
    },
    {
      "id": 38,
      "model": "단테",
      "content": "<尽管，我什么都不记得了……>"
    },
    {
      "id": 39,
      "model": "오티스",
      "content": "堂吉诃德那家伙，还有经理……失忆已经给我们带来了无可估量的麻烦……"
    },
    {
      "id": 40,
      "model": "홍루",
      "content": "毕竟都市里能够抹去记忆的手段多得数不过来呢。"
    },
    {
      "id": 41,
      "model": "가시춘",
      "content": "……是啊。消除记忆的方法数不胜数，这还只是为人们所知的部分。"
    },
    {
      "id": 42,
      "model": "가시춘",
      "content": "最为常见的方法是将某人的记忆移植到其他物品，或是人身上。都市中的某些地方甚至会将其作为商品出售。"
    },
    {
      "id": 43,
      "model": "가시춘",
      "content": "另一种，则是将记忆完全粉碎。这是最为廉价的方法，但很可能会影响到并不想消除的记忆，因此主要只有后巷居民们会使用这种方法。"
    },
    {
      "id": 44,
      "model": "가시춘",
      "content": "然后便是……曾一度不为人知，现在也不可被触及的，最后的方法。"
    },
    {
      "id": 45,
      "model": "가시춘",
      "content": "忘却之河……也被称作勒忒。"
    },
    {
      "id": 46,
      "model": "가시춘",
      "content": "喝下这条河的水之后，记忆便会被埋葬在意识之海的层层面纱之外，直到这些记忆变得模糊而朦胧，仿佛是来自遥远的梦中那般。"
    },
    {
      "id": 47,
      "model": "홍루",
      "content": "惜春，你一直在寻找的……原来是那个啊。"
    },
    {
      "id": 48,
      "model": "가시춘",
      "content": "准确地说，是位于忘却之河所在之处的另一条河流。"
    },
    {
      "id": 49,
      "model": "가시춘",
      "content": "我怀疑，那条河和家里的长辈们毕生都在寻求的精神不朽存在着某种关系。"
    },
    {
      "id": 50,
      "model": "홍루",
      "content": "不老不死吗？"
    },
    {
      "id": 51,
      "model": "가시춘",
      "content": "对。就是那个老生常谈的东西。"
    },
    {
      "id": 52,
      "content": "也许我的记忆……也就是这样消失的。"
    },
    {
      "id": 53,
      "content": "连些许微弱的印象也没有，仿佛从我的脑海中连根拔起一般……"
    },
    {
      "id": 54,
      "content": "要么是被转移到了另一个人或物品上……"
    },
    {
      "id": 55,
      "content": "要么就是被彻底粉碎，永远找不回来了。"
    },
    {
      "id": 56,
      "content": "然而，对于是谁，是出于何种目的，是使用了何种手段而完成这件事的，我仍然毫无头绪。"
    },
    {
      "id": 57,
      "model": "가시춘",
      "content": "……"
    },
    {
      "id": 58,
      "content": "贾惜春瞥了一眼我正在滴答作响的钟表，随后将目光投向了鸿璐。"
    },
    {
      "id": 59,
      "model": "가시춘",
      "content": "因此，对我来说，那位名为巴里之人的痕迹才会这么重要。"
    },
    {
      "id": 60,
      "model": "가시춘",
      "content": "虽然我无法进一步地向你说明，但我能够看到，那人留下来的那些古老的痕迹。"
    },
    {
      "id": 61,
      "model": "가시춘",
      "content": "这对哥哥来说也是重要的情报吧。我们如果想作为继承人活下来，就必须找到长辈们所渴求的、那不老不死的……"
    },
    {
      "id": 62,
      "content": "贾惜春说了一半便停下了。"
    },
    {
      "id": 63,
      "model": "홍루",
      "content": "嗯。看来我们必须在这里分别了呢。"
    },
    {
      "id": 64,
      "model": "가시춘",
      "content": "嗯。"
    },
    {
      "id": 65,
      "model": "로쟈",
      "content": "你已经要走了吗？"
    },
    {
      "id": 66,
      "model": "홍루",
      "content": "道路自前方分别，是该说再见的时候了呢。"
    },
    {
      "id": 67,
      "model": "가시춘",
      "content": "……如果哥哥的朋友真的是因为饮下了忘却之河的水，才失去了记忆的话……"
    },
    {
      "id": 68,
      "model": "가시춘",
      "content": "那想必是极其混乱的体验吧。当意识到那些模糊不清的、噩梦般的景象竟是自己的记忆，而不仅仅是虚假的梦境时，一定会……"
    },
    {
      "id": 69,
      "model": "홍루",
      "content": "是啊，一定会感到十分伤心，而情绪复杂吧。"
    },
    {
      "id": 70,
      "model": "홍루",
      "content": "究竟谁才是真正的我？是梦中之人，亦或是从梦中醒来的自己？"
    },
    {
      "id": 71,
      "model": "홍루",
      "content": "然而，无论是蝴蝶还是什么东西，其终究会再次飞起的吧。"
    },
    {
      "id": 72,
      "model": "홍루",
      "content": "谢谢你告诉我，惜春。"
    },
    {
      "id": 73,
      "model": "가시춘",
      "content": "……是啊。或许你并非只是一直生活在浮云之上呢。哥哥。"
    },
    {
      "id": 74,
      "model": "가시춘",
      "content": "我们很快就会再见的。我有这样的预感。"
    },
    {
      "id": 75,
      "model": "단테",
      "content": "<……>"
    },
    {
      "id": 76,
      "model": "홍루",
      "content": "如果惜春这么说的话，就一定会这样的。"
    },
    {
      "id": 77,
      "model": "가시춘",
      "content": "麻烦的道别就省略掉吧。"
    }
  ]
}