{
  "dataList": [
    {
      "id": 0,
      "place": "自我心道 - 迷宫",
      "model": "오티스",
      "content": "你们是属于哪个区域的血魔？"
    },
    {
      "id": 1,
      "model": "장미침식혈귀",
      "teller": "被侵蚀的血魔",
      "content": "我们是……不曾欢笑的血魔……所以不属于任何区域……因为我们被赶出来了！"
    },
    {
      "id": 2,
      "model": "장미침식혈귀",
      "teller": "被侵蚀的血魔",
      "content": "这里……是无法摒弃欲望之人的收容所……"
    },
    {
      "id": 3,
      "content": "收容所……不对，这种更令人熟悉的感觉是……"
    },
    {
      "id": 4,
      "model": "단테",
      "content": "<……啊。这个收容所……很像脑叶公司的收容单元。>"
    },
    {
      "id": 5,
      "model": "싱클레어",
      "content": "啊？那就是说……"
    },
    {
      "id": 6,
      "model": "이상",
      "content": "嗯，自初次目击以来，已接连发现过多次旧L公司的标志。"
    },
    {
      "id": 7,
      "model": "이상",
      "content": "也就是说，这片空间果然是……拉·曼却领被封印以后，建于其上的脑叶公司支部。"
    },
    {
      "id": 8,
      "model": "단테",
      "content": "<那么支部是怎么……？>"
    },
    {
      "id": 9,
      "model": "이상",
      "content": "可能是拉·曼却领开放时导致了支部的塌陷，亦可能是拉·曼却领有如大湖中的鲸一般将支部整个吞并。"
    },
    {
      "id": 10,
      "model": "이상",
      "content": "归根结底只是推测而已。毕竟缺乏可供得出更多结论的情报……"
    },
    {
      "id": 11,
      "model": "이상",
      "content": "嗯。除去之前说了一半的部分，说不定也没有其他更具价值的情报了。"
    },
    {
      "id": 12,
      "model": "파우스트",
      "content": "……"
    },
    {
      "id": 13,
      "content": "浮士德点了点头，对李箱的话语给予了肯定。"
    },
    {
      "id": 14,
      "content": "……那样的话。"
    },
    {
      "id": 15,
      "model": "장미침식혈귀",
      "teller": "被侵蚀的血魔",
      "content": "啊……桑丘大人……您终于回来了……为了给我们带来救赎……"
    },
    {
      "id": 16,
      "model": "산초",
      "content": "……"
    },
    {
      "id": 17,
      "model": "장미침식혈귀",
      "teller": "被侵蚀的血魔",
      "content": "您难道……不记得了吗？"
    },
    {
      "id": 18,
      "model": "장미침식혈귀",
      "teller": "被侵蚀的血魔",
      "content": "我们一起参与了血魔战争……其他家族的那些血魔……都是我们……斩尽杀绝的……"
    },
    {
      "id": 19,
      "model": "산초",
      "content": "没错。我认得你。"
    },
    {
      "id": 20,
      "model": "장미침식혈귀",
      "teller": "被侵蚀的血魔",
      "content": "自从您与亲族大人消失之后……"
    },
    {
      "id": 21,
      "model": "장미침식혈귀",
      "teller": "被侵蚀的血魔",
      "content": "我们也一如既往举办着游行。就和平时一样……"
    },
    {
      "id": 22,
      "model": "장미침식혈귀",
      "teller": "被侵蚀的血魔",
      "content": "有很多很多快乐的人类……的幸福游行……"
    },
    {
      "id": 23,
      "model": "산초",
      "content": "……"
    },
    {
      "id": 24,
      "model": "장미침식혈귀",
      "teller": "被侵蚀的血魔",
      "content": "亲族大人虽然想找到犯人……但却做不到。"
    },
    {
      "id": 25,
      "model": "장미침식혈귀",
      "teller": "被侵蚀的血魔",
      "content": "因为我们所有人都是共犯。"
    },
    {
      "id": 26,
      "model": "장미침식혈귀",
      "teller": "被侵蚀的血魔",
      "content": "血的腥气一旦扩散，便一发不可收拾……"
    },
    {
      "id": 27,
      "model": "장미침식혈귀",
      "teller": "被侵蚀的血魔",
      "content": "游行不止……拉·曼却领不再闭园……"
    },
    {
      "id": 28,
      "model": "장미침식혈귀",
      "teller": "被侵蚀的血魔",
      "content": "那个时候，我产生了这么一个念头，桑丘大人。"
    },
    {
      "id": 29,
      "model": "장미침식혈귀",
      "teller": "被侵蚀的血魔",
      "content": "哪怕终有一天要因此……在漫长的岁月中受到刑罚……"
    },
    {
      "id": 30,
      "model": "장미침식혈귀",
      "teller": "被侵蚀的血魔",
      "content": "那一刻我们也……无比幸福……"
    },
    {
      "id": 31,
      "model": "장미침식혈귀",
      "teller": "被侵蚀的血魔",
      "content": "饮用鲜血的一瞬间，我们重新感受到了生命。"
    },
    {
      "id": 32,
      "model": "장미침식혈귀",
      "teller": "被侵蚀的血魔",
      "content": "为什么要弃我们而去……"
    },
    {
      "id": 33,
      "model": "산초",
      "content": "……"
    }
  ]
}