{
  "dataList": [
    {
      "id": 0,
      "place": "过去，拉·曼却领",
      "model": "옛산초",
      "title": "拉·曼却领",
      "content": "……"
    },
    {
      "id": 1,
      "model": "옛산초",
      "title": "拉·曼却领",
      "content": "感到痛苦的血魔正在逐渐增多。"
    },
    {
      "id": 2,
      "model": "돌시네아하편",
      "content": "桑丘。"
    },
    {
      "id": 3,
      "model": "돌시네아하편",
      "content": "你诚惶诚恐地向父亲提出忠告的样子可真丢人。"
    },
    {
      "id": 4,
      "model": "옛산초",
      "title": "拉·曼却领",
      "content": "我只是在报告事实。"
    },
    {
      "id": 5,
      "model": "키호테",
      "content": "啊，桑丘。我正在和杜尔西内娅一起讨论游行路线。"
    },
    {
      "id": 6,
      "model": "키호테",
      "content": "看起来你的区域最有人气啊，杜尔西内娅。"
    },
    {
      "id": 7,
      "model": "돌시네아하편",
      "content": "那是当然。所有生物都具备着被美所吸引的天性。"
    },
    {
      "id": 8,
      "model": "옛산초",
      "title": "拉·曼却领",
      "content": "……"
    },
    {
      "id": 9,
      "model": "돌시네아하편",
      "content": "……"
    },
    {
      "id": 10,
      "model": "키호테",
      "content": "这么看来我好像从没见过你们两个聊上三句以上的时候。"
    },
    {
      "id": 11,
      "model": "키호테",
      "content": "你们都是一样的二代眷属啊。是姐妹。桑丘，你要当姐姐吗？"
    },
    {
      "id": 12,
      "model": "옛산초",
      "title": "拉·曼却领",
      "content": "我打心底里不愿意。"
    },
    {
      "id": 13,
      "model": "키호테",
      "content": "那么就当妹……"
    },
    {
      "id": 14,
      "model": "돌시네아하편",
      "content": "我先行告退了，父亲。"
    },
    {
      "id": 15,
      "model": "돌시네아하편",
      "content": "……以及。"
    },
    {
      "id": 16,
      "model": "돌시네아하편",
      "content": "关于我们提起过的那个遗物的事情，也请您考虑一番。"
    },
    {
      "id": 17,
      "model": "키호테",
      "content": "好吧。我会的。"
    },
    {
      "id": 18,
      "place": "过去，某座城堡",
      "model": "키호테",
      "content": "桑丘，你来得正好。看看这个。昨天我又入手了个遗物。"
    },
    {
      "id": 19,
      "model": "옛산초",
      "title": "拉·曼却领",
      "content": "您还在继续收集这些物品么……"
    },
    {
      "id": 20,
      "model": "옛산초",
      "title": "拉·曼却领",
      "content": "我还以为您已经放弃了。上次您好不容易拿到手的物品经过白月骑士临行前的鉴定不也是赝品来着。"
    },
    {
      "id": 21,
      "model": "키호테",
      "content": "但这次商人说是真货。"
    },
    {
      "id": 22,
      "model": "키호테",
      "content": "尤其是这里的纹样，简直就和初代하나协会的收尾人所佩戴的头盔一模一样不是么？"
    },
    {
      "id": 23,
      "model": "키호테",
      "content": "再和这里的插画比较一下。一模一样？对吧？"
    },
    {
      "id": 24,
      "model": "옛산초",
      "title": "拉·曼却领",
      "content": "……"
    },
    {
      "id": 25,
      "model": "옛산초",
      "title": "拉·曼却领",
      "content": "您又上当了，一如既往。"
    },
    {
      "id": 26,
      "model": "키호테",
      "content": "……我就知道会这样，那个该死的商人。"
    },
    {
      "id": 27,
      "model": "옛산초",
      "title": "拉·曼却领",
      "content": "您为什么总是试图收集那些东西呢？"
    },
    {
      "id": 28,
      "model": "옛산초",
      "title": "拉·曼却领",
      "content": "就算不借助这些所谓遗物的力量，您也无可匹敌。"
    },
    {
      "id": 29,
      "model": "키호테",
      "content": "我那么做并不是为了遗物蕴含的力量。我真正寻求的是那些遗物中所蕴含的收尾人们的气息、历史、故事……"
    },
    {
      "id": 30,
      "model": "키호테",
      "content": "……你简直就是一副见着疯子的表情啊。"
    },
    {
      "id": 31,
      "model": "옛산초",
      "title": "拉·曼却领",
      "content": "所幸您的视力姑且正常。"
    },
    {
      "id": 32,
      "model": "키호테",
      "content": "没办法了。看来还是我亲自奔波寻找遗物会更快一些。"
    },
    {
      "id": 33,
      "model": "옛산초",
      "title": "拉·曼却领",
      "content": "但是话说回来您有在听我说过的话吗。刚刚我报告过……"
    },
    {
      "id": 34,
      "model": "키호테",
      "content": "你是指血魔们正在感到痛苦的事情吗？"
    },
    {
      "id": 35,
      "model": "키호테",
      "content": "我没有期望过从一开始就能顺风顺水。"
    },
    {
      "id": 36,
      "model": "키호테",
      "content": "但只要能适应下去，应该就可以顺利克服了吧。"
    },
    {
      "id": 37,
      "model": "키호테",
      "content": "你不也好好挺住了嘛。"
    },
    {
      "id": 38,
      "model": "옛산초",
      "title": "拉·曼却领",
      "content": "……"
    },
    {
      "id": 39,
      "model": "키호테",
      "content": "而且桑丘，我想到了个好主意。"
    },
    {
      "id": 40,
      "model": "옛산초",
      "title": "拉·曼却领",
      "content": "这次又是什么……"
    },
    {
      "id": 41,
      "model": "키호테",
      "content": "真的是非常了不起的点子，你可要做好深呼吸再听。准备好了吗？"
    },
    {
      "id": 42,
      "model": "옛산초",
      "title": "拉·曼却领",
      "content": "是的……"
    },
    {
      "id": 43,
      "model": "키호테",
      "content": "要不要和我一起去冒险？"
    },
    {
      "id": 44,
      "place": "过去，告解室",
      "model": "옛산초",
      "title": "拉·曼却领",
      "content": "咨询的氛围如何？"
    },
    {
      "id": 45,
      "model": "신부하편",
      "content": "……"
    },
    {
      "id": 46,
      "model": "신부하편",
      "content": "一如既往，所有人都处于一片祥和之中。"
    },
    {
      "id": 47,
      "model": "신부하편",
      "content": "说来您今天食用血棒了吗？"
    },
    {
      "id": 48,
      "model": "옛산초",
      "title": "拉·曼却领",
      "content": "嗯，吃过了。"
    },
    {
      "id": 49,
      "model": "신부하편",
      "content": "很好。"
    },
    {
      "id": 50,
      "model": "신부하편",
      "content": "啊，我听说您正在与父亲一起进行冒险的准备。"
    },
    {
      "id": 51,
      "model": "신부하편",
      "content": "真是听起来就……"
    },
    {
      "id": 52,
      "model": "신부하편",
      "content": "让人……期待万分。"
    },
    {
      "id": 53,
      "model": "옛산초",
      "title": "拉·曼却领",
      "content": "你……没什么。退下吧。"
    },
    {
      "id": 54,
      "place": -1,
      "model": "산초",
      "content": "我与神父的关系并没有亲密到能将像是在隐瞒某事的他再度唤回。"
    },
    {
      "id": 55,
      "model": "산초",
      "content": "我便这么让他离开了。"
    },
    {
      "id": 56,
      "place": "自我心道 - 迷宫",
      "model": "산초",
      "content": "我们终究还是无法适应。"
    },
    {
      "id": 57,
      "model": "산초",
      "content": "因为我们不仅仅是失去了可口的美食，"
    },
    {
      "id": 58,
      "model": "산초",
      "content": "凡是与我们的幸福有所关联的一切，都被夺去了。"
    },
    {
      "id": 59,
      "model": "산초",
      "content": "坚信着一切都会好起来的所有人，都被不幸侵蚀……"
    },
    {
      "id": 60,
      "model": "산초",
      "content": "慢慢地被侵蚀着。"
    },
    {
      "id": 61,
      "model": "이스마엘",
      "content": "所以后来……"
    },
    {
      "id": 62,
      "model": "이스마엘",
      "content": "两人离开拉·曼却领去冒险了啊。"
    }
  ]
}