{
  "dataList": [
    {
      "id": 0,
      "model": "산초",
      "content": "我们建立拉·曼却领的时候，父亲曾说过，繁琐的规则只会碍手碍脚，应该自由自在地享受其中。"
    },
    {
      "id": 1,
      "model": "산초",
      "content": "然而，只有一件事他决不允许。"
    },
    {
      "id": 2,
      "model": "산초",
      "content": "那就是绝不能伤害人类。"
    },
    {
      "id": 3,
      "model": "산초",
      "content": "如果我们饿了，可以靠吃血棒解决。"
    },
    {
      "id": 4,
      "model": "산초",
      "content": "我们可以与人类共存。"
    },
    {
      "id": 5,
      "model": "산초",
      "content": "所以坚持住，我们必须要跨越苦难。"
    },
    {
      "id": 6,
      "model": "산초",
      "content": "绝不能放弃。"
    },
    {
      "id": 7,
      "place": "过去，羊群牧场村",
      "model": "키호테",
      "content": "如此一来就不会再有帮派入侵这个村子了。我不是说过了吗。无论什么事我们都能顺利解决。"
    },
    {
      "id": 8,
      "model": "마을주민1",
      "teller": "村民",
      "title": "羊群牧场",
      "content": "是真的啊！谢谢你们，堂吉诃德大人和桑丘大人。"
    },
    {
      "id": 9,
      "model": "마을주민1",
      "teller": "村民",
      "title": "羊群牧场",
      "content": "那个，如果是这样的话……我们该如何给您报酬呢……因为我们没有多少钱……"
    },
    {
      "id": 10,
      "model": "옛산초",
      "title": "拉·曼却领",
      "content": "你穿着的那双运动鞋……似乎很值钱……"
    },
    {
      "id": 11,
      "model": "키호테",
      "content": "何出此言。收尾人并非收钱行义之徒！"
    },
    {
      "id": 12,
      "model": "키호테",
      "content": "但是，若汝等执意要帮忙的话……请看这些传单。请务必前来游玩，并广为告知。"
    },
    {
      "id": 13,
      "model": "키호테",
      "content": "详细的说明由吾忠实的侍从，桑丘来进行。"
    },
    {
      "id": 14,
      "model": "옛산초",
      "title": "拉·曼却领",
      "content": "……"
    },
    {
      "id": 15,
      "model": "키호테",
      "content": "咳咳……"
    },
    {
      "id": 16,
      "model": "옛산초",
      "title": "拉·曼却领",
      "content": "……"
    },
    {
      "id": 17,
      "model": "키호테",
      "content": "别光站着不说话，桑丘。"
    },
    {
      "id": 18,
      "model": "키호테",
      "content": "在这里你应该表现出我忠诚的助手的立场。"
    },
    {
      "id": 19,
      "model": "옛산초",
      "title": "拉·曼却领",
      "content": "让我……用那种语气说话，我做不到。"
    },
    {
      "id": 20,
      "model": "옛산초",
      "title": "拉·曼却领",
      "content": "太幼稚了吧……"
    },
    {
      "id": 21,
      "model": "키호테",
      "content": "人生本来就是要幼稚一点才会有趣啊。"
    },
    {
      "id": 22,
      "model": "키호테",
      "content": "而且只有这样说话，人们才会相信我们是正义的收尾人不是吗。"
    },
    {
      "id": 23,
      "model": "옛산초",
      "title": "拉·曼却领",
      "content": "说到底，我还是不明白说话方式和收尾人之间有什么关系。"
    },
    {
      "id": 24,
      "model": "키호테",
      "content": "好了好了，我们再试一次。知道了吗？"
    },
    {
      "id": 25,
      "model": "키호테",
      "content": "知道了吗，我忠实的侍从，桑丘？"
    },
    {
      "id": 26,
      "model": "옛산초",
      "title": "拉·曼却领",
      "content": "……哈啊。"
    },
    {
      "id": 27,
      "model": "키호테",
      "content": "知道了吗，桑……！"
    },
    {
      "id": 28,
      "model": "옛산초",
      "title": "拉·曼却领",
      "content": "知……！知道了……"
    },
    {
      "id": 29,
      "model": "옛산초",
      "title": "拉·曼却领",
      "content": "无论何事发生……都切莫……放弃。"
    },
    {
      "id": 30,
      "model": "옛산초",
      "title": "拉·曼却领",
      "content": "只要不断奔走，便终有一日会抵达。"
    },
    {
      "id": 31,
      "model": "옛산초",
      "title": "拉·曼却领",
      "content": "抵达那……充满梦与希望的……拉、拉……拉·曼却领……"
    },
    {
      "id": 32,
      "model": "이발사하편",
      "content": "然而……作为光荣的一代眷属，我们的父亲堂吉诃德啊……"
    },
    {
      "id": 33,
      "place": "自我心道 - 迷宫",
      "model": "이발사다침2",
      "content": "非常抱歉，我们终究无法成为您故事中的骑士……哈哈……哈……哈……！"
    },
    {
      "id": 34,
      "model": "산초",
      "content": "理发师……尼古莉娜……"
    },
    {
      "id": 35,
      "model": "이발사다침2",
      "content": "虽然父亲看着我们，但他的目光却总是望向我们身后那遥远的彼方……"
    },
    {
      "id": 36,
      "model": "이발사다침2",
      "content": "所以……所以……我们鼓励他去进行……他心心念念的冒险……"
    },
    {
      "id": 37,
      "model": "산초",
      "content": "我们应该是比任何人都爱他的存在。"
    },
    {
      "id": 38,
      "model": "이발사다침2",
      "content": "我也知道！我也爱过！我尽我所能尊敬他，拥护他，爱戴他！"
    },
    {
      "id": 39,
      "model": "이발사다침2",
      "content": "你以为只有你是这样吗？我们所有人，都是那位大人高贵的子嗣啊。"
    },
    {
      "id": 40,
      "model": "산초",
      "content": "你们的那些行为……是不孝之举。"
    },
    {
      "id": 41,
      "model": "산초",
      "content": "冒险结束后，回到拉·曼却领的我们闻到的是……杀戮的味道。"
    },
    {
      "id": 42,
      "model": "이발사다침2",
      "content": "没错……那位大人的心中满是怒火……为了惩罚我们所有人……他来到了正在举行庆典的……拉·曼却领。"
    },
    {
      "id": 43,
      "model": "이발사다침2",
      "content": "哈哈……哈哈……！明明真的很开心。那是好久都没有感受到过的……饱足感……"
    },
    {
      "id": 44,
      "model": "이발사다침2",
      "content": "回来的父亲没有原谅我们。不，其实我们也知道他不会原谅我们的！所以我们才告诉了他那个遗物所在的位置。"
    },
    {
      "id": 45,
      "place": "过去，洞窟之中",
      "model": "키호테",
      "content": "正是这个，桑丘。"
    },
    {
      "id": 46,
      "model": "키호테",
      "content": "这就是我们一直在辛苦寻找的……传说中的曼布里诺头盔。是理发师、神父和杜尔西内娅告诉我的那个遗物。"
    },
    {
      "id": 47,
      "model": "키호테",
      "content": "说起来……"
    },
    {
      "id": 48,
      "model": "옛산초",
      "title": "拉·曼却领",
      "content": "怎么了？"
    },
    {
      "id": 49,
      "model": "키호테",
      "content": "……没事。"
    },
    {
      "id": 50,
      "model": "키호테",
      "content": "你为什么露出那种表情呢，桑丘。我们冒险的结束让你感到如此地惋惜吗。"
    },
    {
      "id": 51,
      "model": "옛산초",
      "title": "拉·曼却领",
      "content": "拉·曼却领的其他家人们……都还过得好吗？"
    },
    {
      "id": 52,
      "model": "키호테",
      "content": "那当然了，他们可是比任何人都要善良且温柔的人啊。"
    },
    {
      "id": 53,
      "model": "키호테",
      "content": "快点回去吧。巴里还在等我们呢。她总是快我们一步。"
    },
    {
      "id": 54,
      "place": "自我心道 - 迷宫",
      "model": "이발사다침2",
      "content": "啊啊，桑丘……如果你也和我们在一起的话就能理解了。"
    },
    {
      "id": 55,
      "model": "이발사다침2",
      "content": "久违的人类鲜血，真是美味得令人疯狂啊。"
    },
    {
      "id": 56,
      "model": "산초",
      "content": "不，那是可怕的景象。"
    },
    {
      "id": 57,
      "model": "이발사다침2",
      "content": "但是可真奇怪。"
    },
    {
      "id": 58,
      "model": "이발사다침2",
      "content": "一直都是他的忠实侍从的你，居然是第一个逃跑的。"
    },
    {
      "id": 59,
      "model": "산초",
      "content": "……"
    },
    {
      "id": 60,
      "model": "산초",
      "content": "我没有逃走。"
    },
    {
      "id": 61,
      "model": "산초",
      "content": "他把驽骍难得穿到了我的脚上……"
    },
    {
      "id": 62,
      "place": "过去，拉·曼却领",
      "model": "키호테",
      "content": "……明白了吗？接下来你必须要代替我继续冒险了。"
    },
    {
      "id": 63,
      "model": "옛산초",
      "title": "拉·曼却领",
      "content": "不……不行……"
    },
    {
      "id": 64,
      "model": "옛산초",
      "title": "拉·曼却领",
      "content": "让我也继续战斗吧。让我在这里……与你一起……"
    },
    {
      "id": 65,
      "model": "키호테",
      "content": "跟随巴里去吧。她会指引你的。"
    },
    {
      "id": 66,
      "model": "옛산초",
      "content": "驽骍难得，停下！拜托你不要再走了！不可以！！！"
    },
    {
      "id": 67,
      "model": "옛산초",
      "content": "我不想离去，为何要违背我的意志行动……"
    },
    {
      "id": 68,
      "model": "옛산초",
      "content": "我不想去冒险，求求你快停下来！"
    },
    {
      "id": 69,
      "model": "옛산초",
      "content": "求求你……驽骍难得……"
    },
    {
      "id": 70,
      "model": "옛산초",
      "content": "不要把我从这里带走……"
    },
    {
      "id": 71,
      "place": "自我心道 - 迷宫",
      "model": "이발사다침2",
      "content": "哈哈……原来是这样啊！所以父亲的力量才会减弱，而在我们的拉·曼却领中却唯独看不到你的身影！"
    },
    {
      "id": 72,
      "model": "이발사다침2",
      "content": "你总是黏在他的身边……每当我们靠近那位大人时，就用一副厌恶的表情盯着我们……"
    },
    {
      "id": 73,
      "model": "산초",
      "content": "厌恶……我从未有过那样的想法。"
    },
    {
      "id": 74,
      "model": "이발사다침2",
      "content": "胡说！我好不容易做出来的衣服……你一次都没有穿过……"
    },
    {
      "id": 75,
      "model": "산초",
      "content": "……"
    },
    {
      "id": 76,
      "model": "이발사다침2",
      "content": "为……为什么用那种表情看着我？"
    },
    {
      "id": 77,
      "model": "이발사다침2",
      "content": "变得丑陋的我们很恶心吧？是吧？"
    },
    {
      "id": 78,
      "model": "산초",
      "content": "这里的血魔们戴着的假面……"
    },
    {
      "id": 79,
      "model": "산초",
      "content": "全部是你缝上去的吗？"
    },
    {
      "id": 80,
      "model": "이발사다침2",
      "content": "哈哈哈哈！当然了！"
    },
    {
      "id": 81,
      "model": "이발사다침2",
      "content": "如果不是我，你觉得有谁还能做出这么细致又结实的针线活？"
    },
    {
      "id": 82,
      "model": "이발사다침2",
      "content": "每一针每一线都是我亲手缝上的。为了变得更加欢愉！更加华丽！"
    },
    {
      "id": 83,
      "model": "이발사다침2",
      "content": "为了……再也脱不下来……"
    },
    {
      "id": 84,
      "model": "산초",
      "content": "我想知道的是……"
    },
    {
      "id": 85,
      "model": "산초",
      "content": "我消失后，拉·曼却领度过的两百年。"
    },
    {
      "id": 86,
      "model": "산초",
      "content": "没错，在与那位大人的冒险中最终找到的，并非什么传说中的宝物……而是寄宿着诅咒之力的遗物。"
    },
    {
      "id": 87,
      "model": "산초",
      "content": "正如你们计划的那样。"
    },
    {
      "id": 88,
      "model": "산초",
      "content": "因为违背父亲的意愿实在太可怕，本能会产生抗拒……"
    },
    {
      "id": 89,
      "model": "산초",
      "content": "所以你们设法让那位大人离开，无论如何也想抑制那一禁忌……"
    },
    {
      "id": 90,
      "model": "산초",
      "content": "只有这样，你们才有勇气忤逆那位大人吗？"
    },
    {
      "id": 91,
      "model": "이발사다침2",
      "content": "你……"
    },
    {
      "id": 92,
      "model": "이발사다침2",
      "content": "觉得拉·曼却领能存在多久？"
    },
    {
      "id": 93,
      "model": "이발사다침2",
      "content": "我们忤逆了他……？才不是像你说的那么轻松。"
    },
    {
      "id": 94,
      "model": "이발사다침2",
      "content": "在你们和那个叫白月骑士的家伙做着白日梦的时候……"
    },
    {
      "id": 95,
      "model": "이발사다침2",
      "content": "我们却一天一天……缓慢地死去……"
    },
    {
      "id": 96,
      "model": "이발사다침2",
      "content": "不，只是那种程度的话血魔不会死。那位大人会这么说的吧。"
    },
    {
      "id": 97,
      "model": "이발사다침2",
      "content": "是的，我们死不掉。但是这和死也没什么两样！"
    },
    {
      "id": 98,
      "model": "이발사다침2",
      "content": "如果不能喝人类的血……那活着就没有任何意义！"
    },
    {
      "id": 99,
      "model": "이발사다침2",
      "content": "我们不再期待明天，不再对任何事感到喜悦。"
    },
    {
      "id": 100,
      "model": "이발사다침2",
      "content": "即便如此，我们也必须微笑，因为我们必须去爱父亲！"
    },
    {
      "id": 101,
      "model": "이발사다침2",
      "content": "整整两百年，就那么不断地、不断地欢笑！！！"
    },
    {
      "id": 102,
      "model": "이발사다침2",
      "content": "我……我……只是想像普通的血魔一样生活而已！"
    },
    {
      "id": 103,
      "model": "돌시네아다침",
      "content": "……够了。"
    },
    {
      "id": 104,
      "model": "돌시네아다침",
      "content": "这个人永远都不会明白。"
    },
    {
      "id": 105,
      "model": "돌시네아다침",
      "content": "并且，父亲现在也清醒过来了。"
    },
    {
      "id": 106,
      "model": "산초",
      "content": "……"
    },
    {
      "id": 107,
      "model": "돌시네아다침",
      "content": "看你的表情……"
    },
    {
      "id": 108,
      "model": "돌시네아다침",
      "content": "并不像是经历了一场满意的冒险，不是吗。"
    },
    {
      "id": 109,
      "model": "돌시네아다침",
      "content": "倒不如刚才那副模样还好一些。"
    },
    {
      "id": 110,
      "model": "돌시네아다침",
      "content": "虽然我现在依然憎恶着你那双闪闪发光的眼睛……"
    },
    {
      "id": 111,
      "model": "돌시네아다침",
      "content": "但至少比起现在更让人看得过去。"
    },
    {
      "id": 112,
      "model": "산초",
      "content": "你说父亲清醒过来了是什么意思？"
    },
    {
      "id": 113,
      "model": "돌시네아다침",
      "content": "当你……与驽骍难得一同踏上你梦寐以求的冒险旅程的期间……"
    },
    {
      "id": 114,
      "model": "돌시네아다침",
      "content": "我们却和父亲一起被困在这里。"
    },
    {
      "id": 115,
      "model": "돌시네아다침",
      "content": "那位大人理所当然……对于无法理解他的意图的我们，感到非常生气……"
    },
    {
      "id": 116,
      "model": "산초",
      "content": "……所以他关闭了……拉·曼却领。"
    },
    {
      "id": 117,
      "model": "신부다침2",
      "content": "自那之后，仅余无穷无尽的黑暗……"
    },
    {
      "id": 118,
      "model": "신부다침2",
      "content": "即使借助那个遗物的力量压制住了禁忌……"
    },
    {
      "id": 119,
      "model": "신부다침2",
      "content": "也没人能够体会，我们亲手把桩子钉进父亲胸膛的痛苦。"
    },
    {
      "id": 120,
      "model": "이발사다침2",
      "content": "还记得吗？神父那家伙真的想自己一个人死掉，哈哈哈！"
    },
    {
      "id": 121,
      "model": "이발사다침2",
      "content": "一个人不停地流着眼泪……那场面真是太好笑了！"
    },
    {
      "id": 122,
      "model": "신부다침2",
      "content": "这是我们理应受到的刑罚。"
    },
    {
      "id": 123,
      "model": "신부다침2",
      "content": "因为我们是不仅违背了父亲的意愿，还想要伤害他的罪人。"
    },
    {
      "id": 124,
      "model": "이발사다침2",
      "content": "我们……真的犯了那么大的错吗？"
    },
    {
      "id": 125,
      "model": "이발사다침2",
      "content": "在被封闭了两百年的拉·曼却领中，我们什么都吃不到……"
    },
    {
      "id": 126,
      "model": "이발사다침2",
      "content": "眼前所见的，只有血魔们为了啃食残存的野兽尸体而挖掘泥土的景象……"
    },
    {
      "id": 127,
      "model": "이발사다침2",
      "content": "耳边回荡的，只有乞求死亡的哀嚎声……"
    },
    {
      "id": 128,
      "model": "이발사다침2",
      "content": "那哀嚎很快就变成了笑声，接着又化作痛苦的哭号……哈哈哈哈哈！"
    },
    {
      "id": 129,
      "model": "산초",
      "content": "让开。"
    },
    {
      "id": 130,
      "model": "산초",
      "content": "我必须亲自和他谈谈。"
    },
    {
      "id": 131,
      "model": "이발사다침2",
      "content": "骑着驽骍难得离开的你，现在才想起来和他谈谈？"
    }
  ]
}