{
  "dataList": [
    {
      "id": 0,
      "place": "自我心道",
      "model": "가시춘",
      "content": "那……真的是在外面败给Cinq收尾人后倒下的家伙吗？那么多的血魔一下子就……"
    },
    {
      "id": 1,
      "content": "堂吉诃德……每当血袋和血魔试图挡在她面前时，她就会瞬间将他们打倒随后继续前进。"
    },
    {
      "id": 2,
      "model": "로쟈",
      "content": "之前她隐藏了自己的力量吗……？应该不是。不，比起那个……"
    },
    {
      "id": 3,
      "model": "로쟈",
      "content": "血魔……？"
    },
    {
      "id": 4,
      "model": "오티스",
      "content": "真是荒谬。那个一直以来被我们称为堂吉诃德的人居然是位血魔。"
    },
    {
      "id": 5,
      "model": "오티스",
      "content": "竟然一直伪装成人类躲藏着……"
    },
    {
      "id": 6,
      "model": "그레고르",
      "content": "等等，那种说法是不是太过分了？"
    },
    {
      "id": 7,
      "model": "오티스",
      "content": "我还想说出更过分的话，但在经理面前我得克制自己。"
    },
    {
      "id": 8,
      "content": "奥提斯毫不掩饰自己的反感。随后那情绪立即转变为了瞪向浮士德的视线。"
    },
    {
      "id": 9,
      "model": "오티스",
      "content": "关于这件事上层一定早已知晓……关于那位隐藏着的，虎视眈眈渴求我们鲜血的血魔的身份……"
    },
    {
      "id": 10,
      "model": "로쟈",
      "content": "但，从刚才的故事中听起来感觉……"
    },
    {
      "id": 11,
      "model": "로쟈",
      "content": "她并没有刻意隐瞒，她是真的认为……自己就是堂吉诃德。"
    },
    {
      "id": 12,
      "model": "오티스",
      "content": "同时，这也意味着那家伙过去所说的一切都是谎言。"
    },
    {
      "id": 13,
      "model": "오티스",
      "content": "她过去作为血魔而生，你觉得这血魔曾经伤害了多少人？"
    },
    {
      "id": 14,
      "model": "오티스",
      "content": "尽管这个公司总是做一些可疑的事情，但像这样将我与经理置于危险中而不顾……"
    },
    {
      "id": 15,
      "model": "파우스트",
      "content": "并非不顾。"
    },
    {
      "id": 16,
      "model": "오티스",
      "content": "是吗，那现在怎么办？"
    },
    {
      "id": 17,
      "model": "오티스",
      "content": "现在看来我们并不是前来讨伐摧毁拉·曼却领的，反而是在帮着拉·曼却领复兴起来。"
    },
    {
      "id": 18,
      "model": "싱클레어",
      "content": "堂吉诃德小姐……"
    },
    {
      "id": 19,
      "model": "산초",
      "content": "……"
    },
    {
      "id": 20,
      "model": "산초",
      "content": "那不是我的名字。"
    },
    {
      "id": 21,
      "model": "산초",
      "content": "那是我父亲的名字。"
    },
    {
      "id": 22,
      "content": "堂吉诃德凝视着辛克莱的眼眸中，闪烁着危险的红光。"
    },
    {
      "id": 23,
      "content": "……正如我在列车上祈祷过，再也不想见到的那双眼眸一般。"
    },
    {
      "id": 24,
      "model": "가면키호테",
      "content": "……"
    },
    {
      "id": 25,
      "model": "가면키호테",
      "content": "桑丘，你……"
    },
    {
      "id": 26,
      "model": "가면키호테",
      "content": "……"
    },
    {
      "id": 27,
      "model": "가면키호테",
      "content": "是啊……"
    },
    {
      "id": 28,
      "model": "가면키호테",
      "content": "……你也，一点都没变呢。"
    },
    {
      "id": 29,
      "model": "산초",
      "content": "对，我没变。"
    },
    {
      "id": 30,
      "model": "산초",
      "content": "什么都……没变。"
    },
    {
      "id": 31,
      "model": "산초",
      "content": "请看看我吧。"
    },
    {
      "id": 32,
      "model": "산초",
      "content": "你的驽骍难得只抑制住了我一时，我仍然是需要饮血才能继续生存下去的血魔。"
    },
    {
      "id": 33,
      "model": "산초",
      "content": "就像你的拉·曼却领最后也只是成为了一个拼命肆意捕食人类的空间一般。"
    },
    {
      "id": 34,
      "model": "가면키호테",
      "content": "……是啊。"
    },
    {
      "id": 35,
      "model": "가면키호테",
      "content": "我错了……"
    },
    {
      "id": 36,
      "model": "가면키호테",
      "content": "人是……不会变的。"
    },
    {
      "id": 37,
      "model": "가면키호테",
      "content": "我们……只能被那疾病束缚着生存下去。"
    },
    {
      "id": 38,
      "model": "가면키호테",
      "content": "我亲爱的家人们……也正是知道这一点，才会一直想着要说服我、拉拢我……"
    },
    {
      "id": 39,
      "model": "가면키호테",
      "content": "只是我意识到这点时已经太晚……"
    },
    {
      "id": 40,
      "model": "산초",
      "content": "尼古莉娜、古良布洛、杜尔西内娅……是他们……把你变成这副模样的吗？"
    },
    {
      "id": 41,
      "model": "가면키호테",
      "content": "是的，这王座很适合我吧……"
    },
    {
      "id": 42,
      "model": "가면키호테",
      "content": "桑丘，我本以为再次见到你我会非常开心……"
    },
    {
      "id": 43,
      "model": "가면키호테",
      "content": "但并不是那样啊……"
    },
    {
      "id": 44,
      "model": "산초",
      "content": "……"
    },
    {
      "id": 45,
      "model": "가면키호테",
      "content": "我以为你会代替我……在外面闯荡，然后带着比我听过的任何冒险都更加精彩的故事回来。"
    },
    {
      "id": 46,
      "model": "가면키호테",
      "content": "但如今，在我眼前所见到的却只是……"
    },
    {
      "id": 47,
      "model": "가면키호테",
      "content": "和我……和我的家人们……并无什么不同的……"
    },
    {
      "id": 48,
      "place": "自我心道 - 迷宫",
      "model": "가면키호테",
      "content": "只是渴求着鲜血，有着血红双眼的病人罢了……"
    },
    {
      "id": 49,
      "model": "단테",
      "content": "<空间发生了变化……>"
    },
    {
      "id": 50,
      "model": "싱클레어",
      "content": "金枝是受到他心灵的影响了吗……"
    },
    {
      "id": 51,
      "model": "이스마엘",
      "content": "说起来，在大湖遭遇的白鲸体内也是……"
    },
    {
      "id": 52,
      "model": "이스마엘",
      "content": "插着一根……金枝吧。"
    },
    {
      "id": 53,
      "model": "그레고르",
      "content": "没错……深深地插入了它的心脏。"
    },
    {
      "id": 54,
      "model": "뫼르소",
      "content": "看上去很像寄生这种生存方式。"
    },
    {
      "id": 55,
      "model": "히스클리프",
      "content": "那……现在该做点什么？"
    },
    {
      "id": 56,
      "model": "단테",
      "content": "<……>"
    },
    {
      "id": 57,
      "model": "오티스",
      "content": "经理。那个被金枝刺穿的家伙可能原本是个强大的存在，但不知何故现在看上去似乎已经衰弱了不少。只要您一声令下……"
    },
    {
      "id": 58,
      "model": "료슈",
      "content": "妄语。那家伙不是问题。倒是她，她的气味变了。"
    },
    {
      "id": 59,
      "content": "良秀的手指向……堂吉诃德。"
    },
    {
      "id": 60,
      "model": "료슈",
      "content": "时钟。要打的话早点告诉我。上路之前我想再抽上一根。"
    },
    {
      "id": 61,
      "model": "단테",
      "content": "<我要先跟她谈谈……>"
    },
    {
      "id": 62,
      "model": "이스마엘",
      "content": "我也去，但丁。总之大家也先过来。"
    },
    {
      "id": 63,
      "content": "我接近了如今眼中没有一丝光辉的……堂吉诃德。"
    },
    {
      "id": 64,
      "model": "산초",
      "content": "退下。"
    },
    {
      "id": 65,
      "model": "산초",
      "content": "你们为了自己的目的将身为二代眷属的我带到这里来。"
    },
    {
      "id": 66,
      "model": "산초",
      "content": "为了让我亲手惩罚那些将我的父亲变成那样的血魔们，为了让我亲手结束他那毫无意义、令人窒息的一生。"
    },
    {
      "id": 67,
      "model": "싱클레어",
      "content": "但我们什么都……不知道。并没有什么目的……"
    },
    {
      "id": 68,
      "model": "파우스트",
      "content": "不，我们确实带有目的。"
    },
    {
      "id": 69,
      "content": "……浮士德向前迈出一步。"
    },
    {
      "id": 70,
      "model": "파우스트",
      "content": "只有我和在WARP列车上未失去意识的但丁知晓这些信息。"
    },
    {
      "id": 71,
      "model": "싱클레어",
      "content": "你说……什么？"
    },
    {
      "id": 72,
      "model": "파우스트",
      "content": "……浮士德被禁止率先谈及罪人的过去……所以没有办法。"
    },
    {
      "id": 73,
      "model": "료슈",
      "content": "怪·事·禁。"
    },
    {
      "id": 74,
      "model": "이스마엘",
      "content": "她为对方隐瞒过去这一点，在格里高尔先生和辛克莱先生的时候不也是一样吗……她会隐瞒每个人的过去。直到他们自己说出来。"
    },
    {
      "id": 75,
      "model": "오티스",
      "content": "……现状是敌人已经渗透到了我们内部。我认为将这与其他情况进行比较是不恰当的。"
    },
    {
      "id": 76,
      "model": "히스클리프",
      "content": "靠……就是因为知道会变成这样他们才不早说！"
    },
    {
      "id": 77,
      "model": "가시춘",
      "content": "……一团糟呢。"
    },
    {
      "id": 78,
      "model": "홍루",
      "content": "啊~因为大家关系都很好才会变成这样吧。"
    },
    {
      "id": 79,
      "model": "이상",
      "content": "请大家稍安勿躁。这样下去实在是丑态百出。"
    },
    {
      "id": 80,
      "model": "로쟈",
      "content": "是啊。鸿璐的妹妹也在这看着呢，嗯？"
    },
    {
      "id": 81,
      "content": "直到罪人们的骚动渐渐平息下来……"
    },
    {
      "id": 82,
      "content": "堂吉诃德都只是一言不发地盯着我们。"
    },
    {
      "id": 83,
      "content": "该说些什么呢，我苦恼了一阵子，随后开口了。"
    },
    {
      "id": 84,
      "model": "단테",
      "content": "<我只是希望你能理解……>"
    },
    {
      "id": 85,
      "model": "단테",
      "content": "<然后……再次回到我们当中，一同前行。>"
    },
    {
      "id": 86,
      "content": "但我吐出的只是我擅自怀有的，可悲的期望而已。"
    },
    {
      "id": 87,
      "model": "산초",
      "content": "与你们一同……"
    },
    {
      "id": 88,
      "model": "산초",
      "content": "你们并不了解我们的那些岁月。我们的那些斗争、挣扎、痛苦、胜利，你们永远也不会了解。"
    },
    {
      "id": 89,
      "model": "산초",
      "content": "我要慢慢地回想，直到找回我所有的记忆……"
    },
    {
      "id": 90,
      "model": "산초",
      "content": "越是那样做，我便越能觉察到那些我所忘却的愤怒与厌恶。"
    },
    {
      "id": 91,
      "model": "산초",
      "content": "因此……"
    },
    {
      "id": 92,
      "model": "산초",
      "content": "我再也无法与你们一同了。"
    }
  ]
}