{
  "dataList": [
    {
      "id": 0,
      "place": "自我心道 - 迷宫",
      "model": "장미침식혈귀",
      "teller": "被侵蚀的血魔",
      "title": "拉·曼却领",
      "content": "没……没想到世上竟存在如此的美味……"
    },
    {
      "id": 1,
      "model": "장미침식혈귀",
      "teller": "被侵蚀的血魔",
      "title": "拉·曼却领",
      "content": "我们究竟是怎么活过了这些日子？究竟怎样才做到了忘却这一切活到现在？"
    },
    {
      "id": 2,
      "model": "히스클리프",
      "content": "妈的，这些血魔是什么时候开始从后面跟过来的……"
    },
    {
      "id": 3,
      "model": "뫼르소",
      "content": "看来是受到了异想体的侵蚀。"
    },
    {
      "id": 4,
      "model": "장미침식혈귀",
      "teller": "被侵蚀的血魔",
      "title": "拉·曼却领",
      "content": "你、你们流下的血液……我们一路啜饮着那些血液跟到了这里……"
    },
    {
      "id": 5,
      "model": "장미침식혈귀",
      "teller": "被侵蚀的血魔",
      "title": "拉·曼却领",
      "content": "啊……真怀念……"
    },
    {
      "id": 6,
      "model": "장미침식혈귀",
      "teller": "被侵蚀的血魔",
      "title": "拉·曼却领",
      "content": "拉·曼却领第一次因为事故产生受害者的时候……"
    },
    {
      "id": 7,
      "model": "장미침식혈귀",
      "teller": "被侵蚀的血魔",
      "title": "拉·曼却领",
      "content": "那个乘客流下的血液……"
    },
    {
      "id": 8,
      "model": "장미침식혈귀",
      "teller": "被侵蚀的血魔",
      "title": "拉·曼却领",
      "content": "我们一边趴在地上，一边吮吸血液……"
    },
    {
      "id": 9,
      "model": "장미침식혈귀",
      "teller": "被侵蚀的血魔",
      "title": "拉·曼却领",
      "content": "啊啊……当时的那种喜悦……"
    },
    {
      "id": 10,
      "model": "산초",
      "content": "没错，那便是开端。"
    }
  ]
}