{
  "dataList": [
    {
      "id": 0,
      "model": "키호테빛",
      "content": "……"
    },
    {
      "id": 1,
      "model": "키호테빛",
      "content": "桑丘……我……想到了个好主意……"
    },
    {
      "id": 2,
      "model": "산초피묻음",
      "content": "这次……又是什么……"
    },
    {
      "id": 3,
      "model": "키호테빛",
      "content": "这里没有能够阻止我们的巴里，要确认谁所说的才是正确的话……"
    },
    {
      "id": 4,
      "model": "키호테빛",
      "content": "只有这个办法了。"
    },
    {
      "id": 5,
      "model": "키호테빛",
      "content": "让我们以枪决斗吧。"
    },
    {
      "id": 6,
      "model": "키호테빛",
      "content": "竭尽全力……"
    },
    {
      "id": 7,
      "model": "산초피묻음",
      "content": "……"
    },
    {
      "id": 8,
      "model": "산초피묻음",
      "content": "一定要这样做吗。"
    },
    {
      "id": 9,
      "model": "키호테빛",
      "content": "我的身后还有我的家族……继续为我的家人们举办他们梦寐以求的庆典，这惯性仍留在我身上。"
    },
    {
      "id": 10,
      "model": "키호테빛",
      "content": "这名为拉·曼却领的旋转木马只是在原地不断旋转，但速度太快，无法轻易停下。"
    },
    {
      "id": 11,
      "model": "키호테빛",
      "content": "但如果你能够打破我所秉持的天性与责任，就说明你的梦更加强大。"
    },
    {
      "id": 12,
      "model": "키호테빛",
      "content": "让我看看，你的梦有多么远大。"
    },
    {
      "id": 13,
      "model": "산초피묻음",
      "content": "你还是这么……幼稚……"
    },
    {
      "id": 14,
      "model": "키호테빛",
      "content": "我不是跟你说过，越幼稚才越有趣吗……"
    },
    {
      "id": 15,
      "model": "산초피묻음",
      "content": "……"
    }
  ]
}