{
  "dataList": [
    {
      "id": 0,
      "place": "自我心道 - 拉·曼却之眼",
      "model": "산손",
      "content": "……"
    },
    {
      "id": 1,
      "model": "산손",
      "content": "所以他们如何了呢？"
    },
    {
      "id": 2,
      "model": "산손",
      "content": "让我们慢慢欣赏一遍吧。"
    },
    {
      "id": 3,
      "model": "이스마엘",
      "content": "她真的……很强啊……堂……不对，应该叫她桑丘吧。"
    },
    {
      "id": 4,
      "model": "오티스",
      "content": "这里的血魔们因为两百年没有喝过血了，所以力量变得十分孱弱。"
    },
    {
      "id": 5,
      "model": "오티스",
      "content": "但是那个人……"
    },
    {
      "id": 6,
      "model": "오티스",
      "content": "是血魔的二代眷属……似乎不是和我们实力对等的对手。"
    },
    {
      "id": 7,
      "model": "히스클리프",
      "content": "我们什么时候……和实力对等的家伙们战斗过？"
    },
    {
      "id": 8,
      "model": "히스클리프",
      "content": "都是死去又活来才打倒了他们吧。"
    },
    {
      "id": 9,
      "model": "료슈",
      "content": "死·活·死·活没有意义。"
    },
    {
      "id": 10,
      "model": "오티스",
      "content": "……她的恢复速度比我们在列车上遇到的那家伙要快得多。我们即使进行长线作战，也没有一个明确的结果。"
    },
    {
      "id": 11,
      "model": "단테",
      "content": "<你……打算继续阻挠我们吗？>"
    },
    {
      "id": 12,
      "model": "산초",
      "content": "没错，我……"
    },
    {
      "id": 13,
      "model": "산초",
      "content": "会一直阻挠你们的。"
    },
    {
      "id": 14,
      "model": "싱클레어",
      "content": "那、那么……你打算怎么做？"
    },
    {
      "id": 15,
      "content": "辛克莱大步走向桑丘。"
    },
    {
      "id": 16,
      "model": "싱클레어",
      "content": "你要对这个拉·曼却领……做些什么……？"
    },
    {
      "id": 17,
      "model": "산초",
      "content": "我会将其引向父亲所希望的方向。"
    },
    {
      "id": 18,
      "model": "산초",
      "content": "消灭你们、杀害人类、以血喂养父亲。如同血魔一样。"
    }
  ]
}