{
  "dataList": [
    {
      "id": 0,
      "content": "紧闭的门。"
    },
    {
      "id": 1,
      "content": "突然，这样的念头闪过脑海。"
    },
    {
      "id": 2,
      "content": "在桑丘和我对话的时候，好似有一扇紧闭的、厚重的门存在于我们之间。"
    },
    {
      "id": 3,
      "content": "无论我用什么话语劝导都触及不到她，她也不打算从另一侧将门打开，我们就这样僵持着。"
    },
    {
      "id": 4,
      "content": "至今为止……罪人们隐藏着他们的问题，逃避着理解……但是心中抱有某种期待。"
    },
    {
      "id": 5,
      "content": "那是他们对作为经理的我能做到些什么的信任。"
    },
    {
      "id": 6,
      "content": "或者是在流向的尽头能够实现自身愿望的信任。"
    },
    {
      "id": 7,
      "content": "没错，他们都有着梦。"
    },
    {
      "id": 8,
      "content": "想要归属某处。想要变得特别。想要面对过去。"
    },
    {
      "id": 9,
      "content": "想要改变。不想被埋没。想让相悖的心再次复原。"
    },
    {
      "id": 10,
      "content": "我向罪人们喊着这样的梦，将想法传递给他们，然后好几次……如果运气好，能将他们引回正途。"
    },
    {
      "id": 11,
      "content": "然而对于梦已终结的堂吉诃德来说，我现在才明白自己没有任何可以向她传达的话语。"
    },
    {
      "id": 12,
      "content": "结果，我的角色仅限于闯入罪人们那失去的梦中，将他们从那门缝中拉出来而已。"
    },
    {
      "id": 13,
      "content": "我从未亲自给予过他们新的梦。"
    },
    {
      "id": 14,
      "place": "自我心道 - 拉·曼却之眼",
      "model": "단테",
      "content": "<堂吉……诃德……>"
    },
    {
      "id": 15,
      "model": "산초",
      "content": "再说一遍……我不是那个人。"
    },
    {
      "id": 16,
      "model": "산초",
      "content": "那个两眼泛光、向你谈论着愚蠢的梦的人已经不在了。"
    },
    {
      "id": 17,
      "content": "……堂吉诃德的梦终结了吗。"
    },
    {
      "id": 18,
      "content": "那边那个全身被贯穿的堂吉诃德的梦也终结了吗。"
    },
    {
      "id": 19,
      "content": "我……"
    },
    {
      "id": 20,
      "model": "싱클레어",
      "content": "但是，如果梦还在……继续着呢？"
    },
    {
      "id": 21,
      "model": "단테",
      "content": "<辛克莱……？>"
    },
    {
      "id": 22,
      "model": "산초",
      "content": "梦……"
    },
    {
      "id": 23,
      "model": "산초",
      "content": "因为太过熟透而坠落了。"
    },
    {
      "id": 24,
      "model": "산초",
      "content": "不再继续了。我眼前所见的，只有腐烂而破裂的梦之残骸。"
    },
    {
      "id": 25,
      "content": "桑丘的眼睛如同死去那般浑浊，仿佛凝视着遥远彼方的虚无。"
    },
    {
      "id": 26,
      "content": "但是……辛克莱让那视线回到了他自己身上。"
    },
    {
      "id": 27,
      "model": "싱클레어",
      "content": "众所周知，拉·曼却领虽然会在人们面前出现，但同时……也会消失。"
    },
    {
      "id": 28,
      "model": "싱클레어",
      "content": "虽然其在尝试伤害人类……但也在试图遮掩自身的存在……"
    },
    {
      "id": 29,
      "model": "싱클레어",
      "content": "哪怕被无数的木桩所刺穿，他也……一直如此。"
    },
    {
      "id": 30,
      "model": "싱클레어",
      "content": "连你父亲这样的人都是如此，或许……"
    },
    {
      "id": 31,
      "model": "산초",
      "content": "……"
    },
    {
      "id": 32,
      "model": "싱클레어",
      "content": "所以……我想……"
    },
    {
      "id": 33,
      "model": "싱클레어",
      "content": "我们，应该再去一次。"
    },
    {
      "id": 34,
      "model": "싱클레어",
      "content": "去往那一切梦的起始点。"
    },
    {
      "id": 35,
      "model": "단테",
      "content": "<……！>"
    },
    {
      "id": 36,
      "content": "突然，我感到那紧闭的门扉像是晃动了一下。"
    },
    {
      "id": 37,
      "content": "不知何时，站在那扇门前的成了辛克莱。"
    },
    {
      "id": 38,
      "content": "虽然并不完整，但辛克莱的额头上短暂地浮现出了熟悉的红色印记……"
    },
    {
      "id": 39,
      "content": "然后那个放出雪白而耀眼光芒的人……"
    },
    {
      "id": 40,
      "model": "단테",
      "content": "<白月骑士。>"
    },
    {
      "id": 41,
      "model": "산초",
      "content": "……巴里。"
    },
    {
      "id": 42,
      "model": "가면키호테",
      "content": "巴……里……"
    },
    {
      "id": 43,
      "model": "가면키호테",
      "content": "我好久……没有说出这个名字了……"
    },
    {
      "id": 44,
      "place": "过去，某座城堡",
      "model": "키호테",
      "content": "……"
    },
    {
      "id": 45,
      "model": "키호테",
      "title": "亲族",
      "content": "有人类。在我的宅邸里。"
    },
    {
      "id": 46,
      "teller": "低下头的血魔",
      "title": "家族",
      "content": "十、十分抱歉……当然她本该由我们处理……但她无论如何都要直接和亲族大人见面……来这里的一路上还挥舞着各种各样的武器……"
    },
    {
      "id": 47,
      "model": "키호테",
      "title": "亲族",
      "content": "血魔猎人吗？我的子嗣们可不是那么轻易就能通过的。"
    },
    {
      "id": 48,
      "model": "키호테",
      "title": "亲族",
      "content": "我称赞你有本事能来到这里，人类。"
    },
    {
      "id": 49,
      "model": "키호테",
      "title": "亲族",
      "content": "所以，你的来访理由是？"
    },
    {
      "id": 50,
      "model": "키호테",
      "title": "亲族",
      "content": "难道……你想要不留痕迹地消失吗？还是想成为我的家族中的一员？"
    },
    {
      "id": 51,
      "model": "바리",
      "content": "……都不是。"
    },
    {
      "id": 52,
      "model": "바리",
      "content": "我……是为了与你决斗才来访的。"
    },
    {
      "id": 53,
      "model": "키호테",
      "title": "亲族",
      "content": "……决斗。"
    },
    {
      "id": 54,
      "model": "키호테",
      "title": "亲族",
      "content": "我可不像其他血魔那样，为了打发无聊而去杀人。"
    },
    {
      "id": 55,
      "model": "키호테",
      "title": "亲族",
      "content": "然而，我也不是那种慈悲的血魔，能让一个自己踏入此地，向我寻死的人类就这么毫发无损地走掉。"
    },
    {
      "id": 56,
      "model": "바리",
      "content": "人类和血魔正在外面开战。你知道吗？"
    },
    {
      "id": 57,
      "model": "키호테",
      "title": "亲族",
      "content": "不过是为血而疯狂的血魔们与将憎恶变为快乐的人类们的丑陋战争罢了。"
    },
    {
      "id": 58,
      "model": "키호테",
      "title": "亲族",
      "content": "我对那些丑恶不感兴趣。"
    },
    {
      "id": 59,
      "model": "바리",
      "content": "你为何不选一边站？"
    },
    {
      "id": 60,
      "model": "바리",
      "content": "若是你这样的家族选择了其中一个阵营，战况肯定会发生偏斜。"
    },
    {
      "id": 61,
      "model": "키호테",
      "title": "亲族",
      "content": "我说过了吧。还是我要为了短命的人类解释得更详细一点呢。"
    },
    {
      "id": 62,
      "model": "키호테",
      "title": "亲族",
      "content": "我讨厌弄脏衣服。我可不想让自己陷入污泥里。"
    },
    {
      "id": 63,
      "model": "바리",
      "content": "……这样啊。"
    },
    {
      "id": 64,
      "model": "바리",
      "content": "我……是来说服你的，或者讨伐你的。"
    },
    {
      "id": 65,
      "model": "바리",
      "content": "因为什么都不做的你……比哪方势力都要危险。"
    },
    {
      "id": 66,
      "model": "바리",
      "content": "所以与我决斗吧。"
    },
    {
      "id": 67,
      "model": "바리",
      "content": "拒绝就太过可惜了吧。"
    },
    {
      "id": 68,
      "model": "바리",
      "content": "因为我知道你需要的是什么。"
    },
    {
      "id": 69,
      "model": "키호테",
      "title": "亲族",
      "content": "啊哈……"
    },
    {
      "id": 70,
      "model": "키호테",
      "title": "亲族",
      "content": "连我，都不知道自己需要什么……"
    },
    {
      "id": 71,
      "model": "키호테",
      "title": "亲族",
      "content": "一个没见过我、不了解我的人类，称她知道那个是什么？"
    },
    {
      "id": 72,
      "model": "바리",
      "content": "我了解你们血魔。"
    },
    {
      "id": 73,
      "model": "바리",
      "content": "比人类活得更久，却比人类更为不幸。"
    },
    {
      "id": 74,
      "model": "키호테",
      "title": "亲族",
      "content": "……"
    },
    {
      "id": 75,
      "model": "키호테",
      "title": "亲族",
      "content": "我这次换了新地毯。我可不想让它被区区人类的血给弄脏。"
    },
    {
      "id": 76,
      "model": "키호테",
      "title": "亲族",
      "content": "在我宅邸外的子嗣们会处理你的吧。"
    },
    {
      "id": 77,
      "model": "바리",
      "content": "如果你命令血魔们就这么杀了我的话……"
    },
    {
      "id": 78,
      "model": "바리",
      "content": "你就不会知晓那不幸的根源从何而来，就像如今这样度过一生……"
    },
    {
      "id": 79,
      "model": "바리",
      "content": "总有一日，你会想起我来访的那天而后悔的吧。"
    },
    {
      "id": 80,
      "model": "옛산초",
      "title": "家族",
      "content": "……父亲。"
    },
    {
      "id": 81,
      "model": "옛산초",
      "title": "家族",
      "content": "我会安静地处理掉那个人的。"
    },
    {
      "id": 82,
      "model": "바리",
      "content": "拿起武器。"
    },
    {
      "id": 83,
      "model": "바리",
      "content": "回应我的决斗的话……"
    },
    {
      "id": 84,
      "model": "바리",
      "content": "我就作为收尾人起誓。我会给予你所期望的东西。"
    },
    {
      "id": 85,
      "model": "바리",
      "content": "我……可以给你……"
    },
    {
      "id": 86,
      "model": "키호테",
      "title": "亲族",
      "content": "……"
    },
    {
      "id": 87,
      "model": "키호테",
      "title": "亲族",
      "content": "没有人类能和我势均力敌。当然，也没有血魔。"
    },
    {
      "id": 88,
      "model": "바리",
      "content": "那么我……会成为与你第一个对峙的人类。"
    },
    {
      "id": 89,
      "model": "키호테",
      "title": "亲族",
      "content": "……多么令人感兴趣。"
    },
    {
      "id": 90,
      "model": "옛산초",
      "title": "家族",
      "content": "……"
    },
    {
      "id": 91,
      "model": "산초",
      "content": "那场战斗持续了三天。"
    },
    {
      "id": 92,
      "model": "산초",
      "content": "仍然没有胜利者。"
    },
    {
      "id": 93,
      "model": "옛산초",
      "title": "家族",
      "content": "……"
    },
    {
      "id": 94,
      "model": "옛산초",
      "title": "家族",
      "content": "……差不多该休息了吧。"
    },
    {
      "id": 95,
      "model": "옛산초",
      "title": "家族",
      "content": "已经过去三天了。"
    },
    {
      "id": 96,
      "model": "키호테",
      "title": "亲族",
      "content": "……过去三天了吗？"
    },
    {
      "id": 97,
      "model": "옛산초",
      "title": "家族",
      "content": "日升日落已经重复了三次，没错。"
    },
    {
      "id": 98,
      "model": "키호테",
      "title": "亲族",
      "content": "但是我们还没决出胜者是谁。"
    },
    {
      "id": 99,
      "model": "바리",
      "content": "……没办法。"
    },
    {
      "id": 100,
      "model": "바리",
      "content": "这种时候双方都需要充分的休息……"
    },
    {
      "id": 101,
      "model": "바리",
      "content": "然后再战。所以我还会再来的。"
    },
    {
      "id": 102,
      "model": "키호테",
      "title": "亲族",
      "content": "明明没有决出胜负，却让敌人休息……还要等时机合适时再战？"
    },
    {
      "id": 103,
      "model": "키호테",
      "title": "亲族",
      "content": "真奇怪，这样的规矩是谁定的？"
    },
    {
      "id": 104,
      "model": "바리",
      "content": "收尾人。"
    },
    {
      "id": 105,
      "model": "바리",
      "content": "这是收尾人的规矩。"
    },
    {
      "id": 106,
      "model": "산초",
      "content": "……父亲真的让那个人类回去了。他也没让子嗣们去追她，真的就只是让她平安无事地回去了。"
    },
    {
      "id": 107,
      "model": "옛산초",
      "title": "家族",
      "content": "您真的就让她那么回去了吗？让那个警告说还会来访的人类诶？"
    },
    {
      "id": 108,
      "model": "키호테",
      "title": "亲族",
      "content": "……"
    },
    {
      "id": 109,
      "model": "키호테",
      "title": "亲族",
      "content": "她不是说那是规矩吗。"
    },
    {
      "id": 110,
      "place": "几天后",
      "model": "키호테",
      "title": "亲族",
      "content": "又来了啊，桑丘啊。你去告诉她，父亲很忙。"
    },
    {
      "id": 111,
      "model": "옛산초",
      "title": "家族",
      "content": "您直接去和她说不就好了。"
    },
    {
      "id": 112,
      "model": "옛산초",
      "title": "家族",
      "content": "我也彻底厌烦了。"
    },
    {
      "id": 113,
      "model": "키호테",
      "title": "亲族",
      "content": "这里有什么好的，要来那么多次啊。反正她都是要来，要是两手拎着很多点心来就好了……"
    },
    {
      "id": 114,
      "model": "옛산초",
      "title": "家族",
      "content": "我怎么可能知道啊。"
    },
    {
      "id": 115,
      "model": "옛산초",
      "title": "家族",
      "content": "可以确定的是，在我们把门打开之前，她肯定都不会回去了。"
    },
    {
      "id": 116,
      "model": "키호테",
      "title": "亲族",
      "content": "啊啊，怎会如此……"
    },
    {
      "id": 117,
      "model": "옛산초",
      "title": "家族",
      "content": "差不多该做个了断了吧？"
    },
    {
      "id": 118,
      "model": "옛산초",
      "title": "家族",
      "content": "虽然我说这话可能有些那个……"
    },
    {
      "id": 119,
      "model": "옛산초",
      "title": "家族",
      "content": "但您不该和人类战斗那么长时间。"
    },
    {
      "id": 120,
      "model": "옛산초",
      "title": "家族",
      "content": "在其他子嗣中已经开始传言了。"
    },
    {
      "id": 121,
      "model": "키호테",
      "title": "亲族",
      "content": "……你要是也早点创造出家人就能理解我的心情了吧。子嗣们让亲族烦恼的心情。"
    },
    {
      "id": 122,
      "model": "옛산초",
      "title": "家族",
      "content": "我不是说过很多次了吗，我不。"
    },
    {
      "id": 123,
      "model": "키호테",
      "title": "亲族",
      "content": "好过分啊。"
    },
    {
      "id": 124,
      "model": "키호테",
      "title": "亲族",
      "content": "不论如何，我打算在今天了结这一切。"
    },
    {
      "id": 125,
      "model": "옛산초",
      "title": "家族",
      "content": "不用我帮忙真的没关系吗。"
    },
    {
      "id": 126,
      "model": "옛산초",
      "title": "家族",
      "content": "我觉得自己也一起参战的话会更容易获胜。"
    },
    {
      "id": 127,
      "model": "키호테",
      "title": "亲族",
      "content": "没关系。"
    },
    {
      "id": 128,
      "model": "키호테",
      "title": "亲族",
      "content": "不是说是决斗吗。决斗就要公正地进行。"
    },
    {
      "id": 129,
      "model": "옛산초",
      "title": "家族",
      "content": "……"
    },
    {
      "id": 130,
      "model": "옛산초",
      "title": "家族",
      "content": "那个，上一次那个人不是说过吗。"
    },
    {
      "id": 131,
      "model": "옛산초",
      "title": "家族",
      "content": "介绍着收尾人的规矩什么的……"
    },
    {
      "id": 132,
      "model": "옛산초",
      "title": "家族",
      "content": "……所以说收尾人是什么？"
    },
    {
      "id": 133,
      "model": "키호테",
      "title": "亲族",
      "content": "……我也不知道。"
    },
    {
      "id": 134,
      "model": "산초",
      "content": "之后那愚蠢的战斗仍在继续。"
    },
    {
      "id": 135,
      "model": "산초",
      "content": "不知不觉间……我开始计时了。就像裁判一样。"
    },
    {
      "id": 136,
      "place": "几天后",
      "model": "옛산초",
      "title": "家族",
      "content": "到时间了。"
    },
    {
      "id": 137,
      "model": "바리",
      "content": "呼~真是惊险。我还以为这次能分出胜负呢。"
    },
    {
      "id": 138,
      "model": "키호테",
      "title": "亲族",
      "content": "……我有些很在意的事情。"
    },
    {
      "id": 139,
      "model": "바리",
      "content": "什么？"
    },
    {
      "id": 140,
      "model": "키호테",
      "title": "亲族",
      "content": "收尾人到底是什么东西？"
    },
    {
      "id": 141,
      "model": "키호테",
      "title": "亲族",
      "content": "那到底是什么，能让你这样执拗地去做麻烦事啊。"
    },
    {
      "id": 142,
      "model": "키호테",
      "title": "亲族",
      "content": "你从最开始就是这样……那所谓的收尾人是值得你赌上性命发誓的高贵荣誉吗？"
    },
    {
      "id": 143,
      "model": "바리",
      "content": "……要我告诉你吗？"
    },
    {
      "id": 144,
      "model": "산초",
      "content": "随后二人同时放下了武器。"
    },
    {
      "id": 145,
      "place": "又是几天后",
      "model": "옛산초",
      "title": "家族",
      "content": "您现在已经很期待她的到来了吧。"
    },
    {
      "id": 146,
      "model": "키호테",
      "title": "亲族",
      "content": "是那家伙的错。她怎么敢在那里把故事切断的啊。"
    },
    {
      "id": 147,
      "model": "키호테",
      "title": "亲族",
      "content": "来了、来了。开门吧。"
    },
    {
      "id": 148,
      "model": "옛산초",
      "title": "家族",
      "content": "……"
    },
    {
      "id": 149,
      "model": "옛산초",
      "title": "家族",
      "content": "所以那时那个绳子断掉的人怎么样了？"
    },
    {
      "id": 150,
      "model": "키호테",
      "title": "亲族",
      "content": "不，这样的话，那对兄妹结局如何呢。"
    },
    {
      "id": 151,
      "model": "바리",
      "content": "那个抓着腐烂的绳子的人就这么向地面坠落，兄妹则幸福地生活了下去。"
    },
    {
      "id": 152,
      "model": "키호테",
      "title": "亲族",
      "content": "真是有趣的故事。我手心都出汗了。"
    },
    {
      "id": 153,
      "model": "키호테",
      "title": "亲族",
      "content": "对了桑丘……"
    },
    {
      "id": 154,
      "model": "키호테",
      "title": "亲族",
      "content": "你什么时候站得这么近了。"
    },
    {
      "id": 155,
      "place": "又又是几天后",
      "model": "키호테",
      "title": "亲族",
      "content": "巴里啊，还记得你之前说过的那个地方吗。"
    },
    {
      "id": 156,
      "model": "키호테",
      "title": "亲族",
      "content": "游乐园。"
    },
    {
      "id": 157,
      "model": "바리",
      "content": "嗯。"
    },
    {
      "id": 158,
      "model": "키호테",
      "title": "亲族",
      "content": "你能再讲一遍吗？"
    },
    {
      "id": 159,
      "model": "옛산초",
      "content": "哈啊……这是第七次了……"
    },
    {
      "id": 160,
      "model": "키호테",
      "title": "亲族",
      "content": "但是记载着英雄事迹的书里可没有提及游乐园。"
    },
    {
      "id": 161,
      "model": "키호테",
      "title": "亲族",
      "content": "来吧来吧……快点和我说说。关于那个地方的风景。"
    },
    {
      "id": 162,
      "place": -1,
      "model": "바리",
      "content": "孩子们牵着父母的手入场。"
    },
    {
      "id": 163,
      "model": "키호테",
      "title": "亲族",
      "content": "他们的表情如何？"
    },
    {
      "id": 164,
      "model": "바리",
      "content": "当然是世界上最幸福的表情了。"
    },
    {
      "id": 165,
      "model": "바리",
      "content": "大家都戴着头饰和华丽的面具走来走去。"
    },
    {
      "id": 166,
      "model": "바리",
      "content": "而且四季都回荡着欢快的歌声。"
    },
    {
      "id": 167,
      "model": "바리",
      "content": "人们也都在跳舞。"
    },
    {
      "id": 168,
      "model": "바리",
      "content": "每个人都能做想做的事情。"
    },
    {
      "id": 169,
      "model": "바리",
      "content": "射击游戏啦，进入鬼屋啦。"
    },
    {
      "id": 170,
      "place": "又又是几天后",
      "model": "옛산초",
      "title": "家族",
      "content": "真是的……这到底是什么。"
    },
    {
      "id": 171,
      "model": "키호테",
      "title": "亲族",
      "content": "说说这个能乘上去的东西吧。"
    },
    {
      "id": 172,
      "model": "바리",
      "content": "这是旋转木马。每个人都可以骑着马来回转圈。"
    },
    {
      "id": 173,
      "model": "옛산초",
      "title": "家族",
      "content": "只是在那里转圈，能有什么意义呢。"
    },
    {
      "id": 174,
      "model": "바리",
      "content": "然后，这个叫做摩天轮，进入里面就能俯瞰所有的风景。"
    },
    {
      "id": 175,
      "model": "키호테",
      "title": "亲族",
      "content": "不仅制作了比自身的体格大上数千倍的巨人，还要进入其体内，真是克服恐惧的明智办法。"
    },
    {
      "id": 176,
      "model": "옛산초",
      "title": "家族",
      "content": "您好像完全误解了。"
    },
    {
      "id": 177,
      "model": "키호테",
      "title": "亲族",
      "content": "我，想到了一个绝妙的主意。"
    },
    {
      "id": 178,
      "model": "옛산초",
      "title": "家族",
      "content": "……这个时候假装没听见才是上策。"
    },
    {
      "id": 179,
      "model": "바리",
      "content": "那我也该一样咯？"
    },
    {
      "id": 180,
      "model": "키호테",
      "title": "亲族",
      "content": "你俩的坏毛病越来越像了。"
    },
    {
      "id": 181,
      "model": "키호테",
      "title": "亲族",
      "content": "……我也想造一个。"
    },
    {
      "id": 182,
      "model": "키호테",
      "title": "亲族",
      "content": "人类和血魔能一起得到幸福的游乐园。"
    },
    {
      "id": 183,
      "model": "키호테",
      "title": "亲族",
      "content": "名字就叫……"
    },
    {
      "id": 184,
      "model": "키호테",
      "title": "亲族",
      "content": "拉·曼却领。"
    },
    {
      "id": 185,
      "model": "산초",
      "content": "一步。"
    },
    {
      "id": 186,
      "model": "산초",
      "content": "一步。"
    },
    {
      "id": 187,
      "model": "산초",
      "content": "一步。"
    },
    {
      "id": 188,
      "model": "산초",
      "content": "不知不觉间，我也迷上了那个故事。"
    },
    {
      "id": 189,
      "model": "산초",
      "content": "我的梦想，就那样浸染了我自己……"
    },
    {
      "id": 190,
      "place": "自我心道 - 拉·曼却之眼",
      "model": "산초",
      "content": "……但是，不久后。"
    },
    {
      "id": 191,
      "model": "산초",
      "content": "它就破裂而被抛弃了。"
    },
    {
      "id": 192,
      "model": "산초",
      "content": "就像我的父亲那样。"
    },
    {
      "id": 193,
      "model": "이상",
      "content": "目视到的并非全部。"
    },
    {
      "id": 194,
      "model": "이상",
      "content": "拉·曼却领会在出现后又消失是因为……"
    },
    {
      "id": 195,
      "model": "이상",
      "content": "你父亲最后残留的意志。"
    },
    {
      "id": 196,
      "model": "산초",
      "content": "……"
    },
    {
      "id": 197,
      "model": "산초",
      "content": "父亲说让我回归冒险旅途，所以给了我驽骍难得。"
    },
    {
      "id": 198,
      "model": "산초",
      "content": "但我的故事之中，没有一个是真实的。"
    },
    {
      "id": 199,
      "model": "산초",
      "content": "在我喝下忘却之河的水以后，就把自己关在自己制作的房间里，一直读着收尾人相关的书。"
    },
    {
      "id": 200,
      "model": "산초",
      "content": "于是，我的故事全都成了无稽之谈。"
    },
    {
      "id": 201,
      "model": "산초",
      "content": "你们不也一直常说吗。"
    },
    {
      "id": 202,
      "model": "산초",
      "content": "该清醒了。"
    },
    {
      "id": 203,
      "model": "산초",
      "content": "没错，现在该清醒了。"
    }
  ]
}