{
  "dataList": [
    {
      "id": 0,
      "place": -1,
      "content": "在赤色长枪支离破碎的残骸上，躺着白发的堂吉诃德。"
    },
    {
      "id": 1,
      "model": "산초피묻음",
      "content": "啊啊……"
    },
    {
      "id": 2,
      "model": "산초피묻음",
      "content": "堂吉诃德大人……"
    },
    {
      "id": 3,
      "content": "在他面前，几乎要哭出来的桑丘正低头看着他。"
    },
    {
      "id": 4,
      "model": "키호테",
      "content": "吉诃德。"
    },
    {
      "id": 5,
      "model": "산초피묻음",
      "content": "……！"
    },
    {
      "id": 6,
      "model": "키호테",
      "content": "堂吉诃德啊……"
    },
    {
      "id": 7,
      "model": "키호테",
      "content": "真的是那样啊。"
    },
    {
      "id": 8,
      "model": "키호테",
      "content": "你的冒险，仍在继续。"
    },
    {
      "id": 9,
      "content": "愈发微弱的呼吸声与伸向桑丘的颤抖的手，昭示着他的生命即将终结……"
    },
    {
      "id": 10,
      "content": "他的声音听起来十分悲伤，但却像是从快乐的梦中传来一样。"
    },
    {
      "id": 11,
      "model": "키호테",
      "content": "穿上我留下的鞋子……"
    },
    {
      "id": 12,
      "model": "키호테",
      "content": "毫无保留地……告诉我吧……"
    },
    {
      "id": 13,
      "model": "키호테",
      "content": "告诉我在那都市的天宇中，你的梦……闪耀着多么美丽的光芒……"
    },
    {
      "id": 14,
      "model": "산초피묻음",
      "content": "这是我们的梦……"
    },
    {
      "id": 15,
      "content": "听到这句回答，堂吉诃德慢慢地闭上了双眼。"
    },
    {
      "id": 16,
      "content": "如同做着美梦一般。"
    },
    {
      "id": 17,
      "model": "돈키호테산초2",
      "content": "我名为……吉诃德！"
    },
    {
      "id": 18,
      "model": "돈키호테산초2",
      "content": "正义的收尾人，堂吉诃德！"
    },
    {
      "id": 19,
      "content": "随着这一宣言出口，被她用力向天举起的枪咣当一声滚落在地。"
    },
    {
      "id": 20,
      "model": "돈키호테산초",
      "content": "呜哇啊啊啊……"
    },
    {
      "id": 21,
      "model": "돈키호테산초",
      "content": "堂吉诃德大人……呜哇啊啊啊……"
    },
    {
      "id": 22,
      "content": "堂吉诃德跪坐在地，放声痛哭。赤红的雨从天而降，将她包围。"
    },
    {
      "id": 23,
      "model": "단테",
      "content": "<拉·曼却领……倒塌了……>"
    },
    {
      "id": 24,
      "content": "堂吉诃德慢慢地穿上了曾被脱下的驽骍难得。"
    },
    {
      "id": 25,
      "content": "……对于堂吉诃德的脚来说，它正好合适。"
    },
    {
      "id": 26,
      "model": "산초피묻음",
      "content": "吾在……旅途中……"
    },
    {
      "id": 27,
      "model": "산초피묻음",
      "content": "遇到了十二名家人。"
    },
    {
      "id": 28,
      "model": "산초피묻음",
      "content": "吾与他们一起……击倒了无数的敌人……"
    },
    {
      "id": 29,
      "model": "산초피묻음",
      "content": "践行正义……一刻也不曾……放弃过希望。"
    },
    {
      "id": 30,
      "model": "산초피묻음",
      "content": "最后……"
    },
    {
      "id": 31,
      "model": "산초피묻음",
      "content": "我理解了你的梦。"
    },
    {
      "id": 32,
      "model": "돈키호테피묻음",
      "teller": "桑丘",
      "title": "拉·曼却领",
      "content": "现在……将向着那崇高而遥远的梦，再次开始冒险。"
    },
    {
      "id": 33,
      "model": "돈키호테피묻음",
      "teller": "桑丘",
      "title": "拉·曼却领",
      "content": "再次介绍一下自己吧。"
    },
    {
      "id": 34,
      "model": "돈키호테피묻음",
      "teller": "吉诃德",
      "title": "LCB",
      "content": "吾名为……吉诃德……"
    },
    {
      "id": 35,
      "model": "돈키호테피묻음",
      "teller": "堂吉诃德",
      "title": "LCB",
      "content": "于其上！冠以作为高贵象征的姓氏，称之为堂吉诃德。"
    },
    {
      "id": 36,
      "model": "돈키호테피묻음",
      "content": "吾乃与汝一同向梦奔去的收尾人。"
    },
    {
      "id": 37
    },
    {
      "id": 38,
      "content": "一段时间后……"
    },
    {
      "id": 39,
      "place": "逐渐融化的拉·曼却领废墟",
      "model": "체사라",
      "content": "辛苦了。你们没有辜负我的期望。"
    },
    {
      "id": 40,
      "model": "체사라",
      "content": "不仅成功地讨伐了拉·曼却领……"
    },
    {
      "id": 41,
      "model": "체사라",
      "content": "连其创造者的遗骸，也成功地收拾好了。"
    },
    {
      "id": 42,
      "model": "베르길리우스",
      "content": "……"
    },
    {
      "id": 43,
      "model": "베르길리우스",
      "content": "你的脸上没有愤怒、没有放松、甚至连一点轻松的样子都看不出来。"
    },
    {
      "id": 44,
      "model": "베르길리우스",
      "content": "对这个造成都市中大量人类死亡的元凶无动于衷。"
    },
    {
      "id": 45,
      "model": "체사라",
      "content": "愤怒，憎恨……这些陈旧的情感，使人无法正确地接近自己的目标。"
    },
    {
      "id": 46,
      "model": "체사라",
      "content": "打个比方……"
    },
    {
      "id": 47,
      "model": "체사라",
      "content": "更像是那种小时候听过的故事……"
    },
    {
      "id": 48,
      "model": "체사라",
      "content": "我的感觉就像见到了那些故事中的主人公一样。"
    },
    {
      "id": 49,
      "model": "베르길리우스",
      "content": "……如果受害者的家属们听到的话，一定会无话可说的。"
    },
    {
      "id": 50,
      "model": "체사라",
      "content": "啊，我之前没有跟你说过吗？"
    },
    {
      "id": 51,
      "model": "체사라",
      "content": "两个月前……当拉·曼却领突然于此现世之时……"
    },
    {
      "id": 52,
      "model": "체사라",
      "content": "我的一位关系很近的亲属也是失踪者之一。"
    },
    {
      "id": 53,
      "model": "체사라",
      "content": "为了寻找他，全家人动用了各种方法……却没什么收获……"
    },
    {
      "id": 54,
      "model": "체사라",
      "content": "直到有一天我得到了拉·曼却领显现时的视频。"
    },
    {
      "id": 55,
      "model": "체사라",
      "content": "有一个P公司的居民……都知道的故事。曾经，P公司的代表发明出了P公司的奇点。"
    },
    {
      "id": 56,
      "model": "체사라",
      "content": "这个奇点与拉·曼却领有着惊人的相似之处。"
    },
    {
      "id": 57,
      "model": "체사라",
      "content": "这后面的部分就不用我多说了。"
    },
    {
      "id": 58,
      "model": "체사라",
      "content": "嗯，但我们还是走到了这一步。"
    },
    {
      "id": 59,
      "model": "베르길리우스",
      "content": "……呵。"
    },
    {
      "id": 60,
      "model": "체사라",
      "content": "恭喜你们得到了金枝。我们各自回各自的公司去庆祝吧。"
    },
    {
      "id": 61
    },
    {
      "id": 62,
      "model": "파우스트",
      "content": "虽然堂吉诃德小姐认为他们只是打算收集堂吉诃德先生的遗骸……"
    },
    {
      "id": 63,
      "model": "단테",
      "content": "<但P公司应该不会仅止于收集他的遗骸吧？>"
    },
    {
      "id": 64,
      "model": "파우스트",
      "content": "之后就只是毫无意义的推测了，但丁。"
    },
    {
      "id": 65,
      "model": "파우스트",
      "content": "也许某一天堂吉诃德小姐知道了这些事实，会怨恨所有参与此事的人。"
    },
    {
      "id": 66,
      "model": "단테",
      "content": "<又……必须要我撒谎吗。>"
    },
    {
      "id": 67,
      "model": "파우스트",
      "content": "……不。我认为这应由我来承担。"
    },
    {
      "id": 68,
      "content": "我们为了金枝……"
    },
    {
      "id": 69,
      "content": "到底要拿出多少东西来交换呢。"
    },
    {
      "id": 70,
      "content": "但……"
    },
    {
      "id": 71,
      "content": "我还不想就这么放弃这一冒险。"
    },
    {
      "id": 72,
      "place": "梅菲斯托费勒斯 内部",
      "model": "돈키호테",
      "content": "……"
    },
    {
      "id": 73,
      "content": "堂吉诃德选择了留在这出戏剧之中。"
    },
    {
      "id": 74,
      "content": "即使已经知晓了自己是个演员这一事实。"
    },
    {
      "id": 75,
      "model": "돈키호테",
      "content": "请别用那种表情看着吾。"
    },
    {
      "id": 76,
      "model": "단테",
      "content": "<我……我有表情吗？>"
    },
    {
      "id": 77,
      "model": "돈키호테",
      "content": "这世间万物皆有表情，无论是摇曳之花朵还是翻滚之石块。"
    },
    {
      "id": 78,
      "content": "堂吉诃德所见到的我的表情，会是什么样子的呢。"
    },
    {
      "id": 79,
      "model": "돈키호테",
      "content": "请露出笑容吧。"
    },
    {
      "id": 80,
      "model": "돈키호테",
      "content": "这一切只不过是一场愉快的梦罢了。"
    },
    {
      "id": 81,
      "content": "在冒险开始的时候，谁也不会想到结局如何。"
    },
    {
      "id": 82,
      "content": "正因为那尚不可见的未知事物是如此闪耀……"
    },
    {
      "id": 83,
      "content": "才吸引着我们无论如何也要前往。"
    },
    {
      "id": 84,
      "content": "所以……"
    },
    {
      "id": 85,
      "content": "正如堂吉诃德所说的，露出笑容吧。"
    },
    {
      "id": 86,
      "content": "心中满怀对下一次的期待。"
    },
    {
      "id": 87,
      "place": -1
    },
    {
      "id": 88
    },
    {
      "id": 89,
      "place": "拉·曼却领所在地附近",
      "model": "산손",
      "title": "？？？",
      "content": "……这样一来，他们又得到了一根金枝。"
    },
    {
      "id": 90,
      "model": "데미안",
      "title": "？？？",
      "content": "嗯，是个有趣的故事。"
    },
    {
      "id": 91,
      "model": "데미안",
      "title": "？？？",
      "content": "那些孩子们已经熟悉金枝了吗？"
    },
    {
      "id": 92,
      "model": "산손",
      "title": "？？？",
      "content": "是的，我不禁期待充满斗争与鲜血的金枝会需要什么代价，结出什么样的果实。"
    },
    {
      "id": 93,
      "model": "산손",
      "title": "？？？",
      "content": "我打算再欣赏这出戏剧一段时间。"
    },
    {
      "id": 94,
      "model": "산손",
      "title": "？？？",
      "content": "眺望遥远的地平线……"
    },
    {
      "id": 95,
      "model": "산손",
      "title": "？？？",
      "content": "并为了让盲目之人不误入海洋，点亮一盏明灯。"
    },
    {
      "id": 96,
      "model": "산손",
      "title": "？？？",
      "content": "每当那光芒消失之时，我都会将其再次点亮。"
    },
    {
      "id": 97,
      "model": "산손",
      "title": "？？？",
      "content": "为了让被引下的星云返回星星时，不会变暗。"
    },
    {
      "id": 98,
      "model": "산손",
      "title": "？？？",
      "content": "在那之后……"
    },
    {
      "id": 99,
      "model": "산손",
      "title": "？？？",
      "content": "我也会成为星星的主人，按照约定被引导至永远的安息。"
    },
    {
      "id": 100,
      "model": "데미안",
      "title": "？？？",
      "content": "嗯，到那时，大家只要仰望天空，就会感到开心吧。"
    },
    {
      "id": 101,
      "model": "데미안",
      "title": "？？？",
      "content": "我现在要开始等待太阳落山了。"
    },
    {
      "id": 102,
      "model": "데미안",
      "title": "？？？",
      "content": "等待着从天上掉下来的人为我画的羊。"
    }
  ]
}