{
  "dataList": [
    {
      "id": 1,
      "content": "罪人们完全无力抵抗，被强大的血流冲击得支离破碎。"
    },
    {
      "id": 2,
      "model": "산초",
      "content": "……"
    },
    {
      "id": 3
    },
    {
      "id": 4,
      "model": "키호테",
      "content": "多可惜啊。"
    },
    {
      "id": 5,
      "model": "키호테",
      "content": "你曾为我制作的长枪不会如此粗糙。"
    },
    {
      "id": 6,
      "model": "키호테",
      "content": "不过……要打碎你那个脆弱的钟表也足够了。"
    },
    {
      "id": 7
    },
    {
      "id": 8,
      "content": "那支血做成的长枪向我飞来。"
    },
    {
      "id": 9,
      "content": "无需思考，也能感觉到那长枪中蕴含着的毁灭性力量。"
    },
    {
      "id": 10,
      "content": "在万事皆休的预感之中，我低下了头。"
    },
    {
      "id": 11,
      "content": "果然……是无法战胜的敌人吗……"
    },
    {
      "id": 12,
      "model": "단테",
      "content": "<……！>"
    },
    {
      "id": 13,
      "model": "산초",
      "content": "终结之时……"
    },
    {
      "id": 14,
      "content": "我在这明朗的声音中抬起头来。"
    },
    {
      "id": 15,
      "content": "看见了桑丘那满身疮痍，却不曾屈服的身影。"
    },
    {
      "id": 16,
      "content": "挡住了血枪的她威风凛凛地站在前方。"
    },
    {
      "id": 17,
      "model": "산초",
      "content": "不是要……由汝来决定吗……"
    },
    {
      "id": 18,
      "content": "那个遇到有趣事情会第一时间跑出去的……"
    },
    {
      "id": 19,
      "content": "经常惹麻烦的小小身影映入我的眼帘。"
    },
    {
      "id": 20,
      "content": "那熟悉，但又似乎无限高大的身姿。"
    },
    {
      "id": 21,
      "content": "令我不由得再次说出了那个似乎再也不能叫出的名字。"
    },
    {
      "id": 22,
      "model": "단테",
      "content": "<堂……吉诃德。>"
    },
    {
      "id": 23,
      "model": "키호테빛",
      "content": "真可惜啊，那曾经守护着我的背脊现在却守护着别人。"
    },
    {
      "id": 24,
      "model": "키호테빛",
      "content": "但我很骄傲，你挡住了我的长枪。"
    },
    {
      "id": 25,
      "model": "키호테빛",
      "content": "可是……你现在打算怎么做呢，桑丘。"
    },
    {
      "id": 26,
      "model": "키호테빛",
      "content": "你已经没有余力阻止我了吧。"
    },
    {
      "id": 27,
      "model": "산초피묻음",
      "content": "我会继续战斗下去。还远远没有结束。"
    },
    {
      "id": 28,
      "model": "키호테빛",
      "content": "……即使我不能在这里终结你的冒险。"
    },
    {
      "id": 29,
      "model": "키호테빛",
      "content": "……你的病也终有一天会让你从马鞍上跌落下来。"
    },
    {
      "id": 30,
      "content": "我没能看到堂吉诃德闻言露出了何种表情。"
    },
    {
      "id": 31,
      "content": "尽管这样……"
    },
    {
      "id": 32,
      "model": "산초피묻음",
      "content": "我明白。"
    },
    {
      "id": 33,
      "model": "산초피묻음",
      "content": "即便如此。"
    },
    {
      "id": 34,
      "model": "산초피묻음",
      "content": "即便这对某些人来说可能只是一出戏剧……"
    },
    {
      "id": 35,
      "model": "산초피묻음",
      "content": "就算我可能永远也无法到达目的地……"
    },
    {
      "id": 36,
      "content": "她那灿烂的背影就如星星一般。"
    },
    {
      "id": 37,
      "model": "산초피묻음",
      "content": "即便如此，我也要朝着生之所向前进……"
    },
    {
      "id": 38,
      "model": "산초피묻음",
      "content": "如果这个故事继续下去……"
    },
    {
      "id": 39,
      "content": "我不知不觉地想要伸手触摸那个背影。"
    },
    {
      "id": 40,
      "model": "산초피묻음",
      "content": "那就将是我，与你的梦想。"
    },
    {
      "id": 41,
      "content": "那颗星……"
    },
    {
      "id": 42,
      "content": "希望它更加明亮……"
    },
    {
      "id": 43
    },
    {
      "id": 44,
      "model": "단테",
      "content": "<我将照亮前路。>"
    },
    {
      "id": 45,
      "model": "단테",
      "content": "<所以尽管去吧。按照你所想的方向。>"
    },
    {
      "id": 46,
      "model": "산초피묻음",
      "content": "……吾去去就回。"
    }
  ]
}