{
  "dataList": [
    {
      "id": 0,
      "model": "가면키호테",
      "content": "桑丘……看到这个摩天轮，你会想起过去的战争吗？"
    },
    {
      "id": 1,
      "model": "산초",
      "content": "是指那些……如同风车一般拥有许多手臂的家族的血魔们吗？"
    },
    {
      "id": 2,
      "model": "가면키호테",
      "content": "是啊，和那些庞然大物一战是多么令人兴奋的事啊。"
    },
    {
      "id": 3,
      "model": "산초",
      "content": "为了在你因大意被他们甩得老远后跑去救你，我可是花了不少力气……"
    },
    {
      "id": 4,
      "model": "가면키호테",
      "content": "如今那样的你并非相随于身后，而是立于我的身前。"
    },
    {
      "id": 5,
      "model": "산초",
      "content": "……"
    },
    {},
    {
      "id": 7,
      "model": "단테",
      "content": "<……！>"
    },
    {
      "id": 8,
      "model": "단테",
      "content": "<大、大家快躲开！防、防住！>"
    }
  ]
}