{
  "dataList": [
    {
      "id": 0,
      "place": "自我心道 - 拉·曼却之眼",
      "model": "산초",
      "content": "冒险……结束了……"
    },
    {
      "id": 1,
      "model": "산초",
      "content": "我的梦亦然。"
    },
    {
      "id": 2,
      "model": "싱클레어",
      "content": "还没有结束。"
    },
    {
      "id": 3,
      "model": "싱클레어",
      "content": "在你的冒险故事中……我们也是……重要的登场人物。"
    },
    {
      "id": 4,
      "model": "싱클레어",
      "content": "如果没有登场人物的同意……故事是不会结束的。"
    },
    {
      "id": 5,
      "model": "산초",
      "content": "胡言乱语……"
    },
    {
      "id": 6,
      "content": "桑丘否定的声音中，蕴含着之前从未有过的东西。"
    },
    {
      "id": 7,
      "content": "期待感。"
    },
    {
      "id": 8,
      "content": "门打开了一道缝隙。"
    },
    {
      "id": 9,
      "content": "那是辛克莱，还有其他罪人们为我创造出的狭小但确实存在的缝隙。"
    },
    {
      "id": 10,
      "content": "而我……伸出手，握紧了那从缝隙中溜出来的机会。"
    },
    {
      "id": 11,
      "content": "就像我一直以来所做的那样。"
    },
    {
      "id": 12,
      "content": "就像……为了不失去罪人们，而不断将他们自死亡中带回那样。"
    },
    {
      "id": 13,
      "content": "舞台。旁白。"
    },
    {
      "id": 14,
      "content": "还有仿佛与之同步运转的拉·曼却领。"
    },
    {
      "id": 15,
      "content": "要做的事，和要乘上去的流向都已明确。"
    },
    {
      "id": 16,
      "place": -1,
      "model": "단테",
      "content": "<但……>"
    },
    {
      "id": 17,
      "model": "단테",
      "content": "<但以为一切就会如此结束的堂吉诃德……>"
    },
    {
      "id": 18,
      "model": "단테",
      "content": "<实际上并没有放弃。>"
    },
    {
      "id": 19,
      "model": "파우스트",
      "content": "……"
    },
    {
      "id": 20,
      "model": "산초",
      "content": "停下。"
    },
    {
      "id": 21,
      "model": "산초",
      "content": "我现在终于恢复了清醒。"
    },
    {
      "id": 22,
      "model": "산초",
      "content": "或许我曾经被你们称为堂吉诃德……但现在我是桑丘。"
    },
    {
      "id": 23,
      "model": "싱클레어",
      "content": "……堂吉诃德从来没有独自冒险过。一想到他们，她就不能放弃。"
    },
    {
      "id": 24,
      "model": "로쟈",
      "content": "对啊，真是的……竟然忘记了最重要的事……她的伙伴可是足足有12个呢！"
    },
    {
      "id": 25,
      "model": "로쟈"
    },
    {
      "id": 26,
      "model": "그레고르",
      "content": "不过……当然并不是所有的战斗都取得了胜利。"
    },
    {
      "id": 27,
      "model": "이스마엘",
      "content": "每逢那时候，她不是有句话喊得最响亮吗？切莫放弃……！什么什么的……"
    },
    {
      "id": 28,
      "model": "이스마엘"
    },
    {
      "id": 29,
      "model": "이상",
      "content": "每当她的朋友们身陷囹圄之时……"
    },
    {
      "id": 30,
      "model": "이상",
      "content": "堂吉诃德为了让他们不要失去梦想，总会给他们讲起精彩的故事。"
    },
    {
      "id": 31,
      "model": "이상",
      "content": "那些故事是如此精彩而灿烂……以至于许多人都重新站了起来。"
    },
    {
      "id": 32,
      "model": "이상"
    },
    {
      "id": 33,
      "model": "히스클리프",
      "content": "……"
    },
    {
      "id": 34,
      "model": "히스클리프",
      "content": "啊……嗯……还有，我们一起揍了数不清的疯子……呃，恶徒。"
    },
    {
      "id": 35,
      "model": "히스클리프",
      "content": "和那些变成虫子的家伙们战斗过……还有各种各样的怪物……"
    },
    {
      "id": 36,
      "model": "이스마엘",
      "content": "甚至还曾进入过鲸的肚子里呢。"
    },
    {
      "id": 37,
      "model": "료슈",
      "content": "杰·作。"
    },
    {
      "id": 38,
      "model": "오티스",
      "content": "是啊。"
    },
    {
      "id": 39,
      "model": "오티스",
      "content": "列车上的冒险也不能落下吧。"
    },
    {
      "id": 40,
      "model": "홍루",
      "content": "啊，另外……还有想抢走我们辛辛苦苦收集的宝物的坏人。"
    },
    {
      "id": 41,
      "model": "홍루",
      "content": "我们遭遇了无数次危机。"
    },
    {
      "id": 42,
      "model": "홍루"
    },
    {
      "id": 43,
      "model": "뫼르소",
      "content": "没有不存在危机就能到达的目的地。"
    },
    {
      "id": 44,
      "model": "로쟈",
      "content": "但最终……报纸也大书特书……他们变得非常有名了哦。"
    },
    {
      "id": 45,
      "model": "로쟈"
    },
    {
      "id": 46,
      "model": "파우스트",
      "content": "也许……除了那12个同伴……"
    },
    {
      "id": 47,
      "model": "파우스트",
      "content": "还有更多支持她的人……也说不定呢。"
    },
    {
      "id": 48,
      "model": "파우스트"
    },
    {
      "id": 49,
      "place": "废弃灯塔之中",
      "model": "옛돈키",
      "content": "致Cinq……老爷……"
    },
    {
      "id": 50,
      "model": "옛돈키",
      "content": "老爷的故事……实在是……让人无比感动……"
    },
    {
      "id": 51,
      "model": "옛돈키",
      "content": "吾……会将老爷您的故事铭记于骨髓之中……继续活下去……"
    },
    {
      "id": 52,
      "model": "옛돈키",
      "content": "而且吾……也会像老爷您一样……有朝一日……成为正义的收尾人。"
    },
    {
      "id": 53,
      "model": "산초",
      "content": "没错……"
    },
    {
      "id": 54,
      "model": "산초",
      "content": "那些明信片……总是能收到回信。明明连地址都没好好写。"
    },
    {
      "id": 55,
      "model": "옛돈키",
      "content": "哦哦哦，收到回复了！"
    },
    {
      "id": 56,
      "model": "옛돈키",
      "content": "嗯嗯 ……让吾看看……"
    },
    {
      "id": 57,
      "model": "옛돈키",
      "content": "致梦想成为伟大收尾人的堂吉诃德。"
    },
    {
      "id": 58,
      "model": "옛돈키",
      "content": "只要努力精进，领悟美德，总有一天你会成为勇敢且伟大的收尾人！"
    },
    {
      "id": 59,
      "model": "옛돈키",
      "content": "因此，不要放弃。"
    },
    {
      "id": 60,
      "model": "옛돈키",
      "content": "你总有一天……一定会……"
    },
    {
      "id": 61,
      "model": "옛돈키",
      "content": "实现……你的梦……"
    },
    {
      "id": 62,
      "place": "梅菲斯托费勒斯 内部",
      "model": "돈키호테",
      "content": "经理老爷！"
    },
    {
      "id": 63,
      "model": "돈키호테",
      "content": "经理老爷有梦吗？吾……有一个！！！！"
    },
    {
      "id": 64,
      "place": "废弃灯塔之中",
      "model": "산초",
      "content": "原来是你啊，巴里。那一直给我回信的无数收尾人们。"
    },
    {
      "id": 65,
      "model": "산초",
      "content": "还有在这里放了无数书籍的人也是你。"
    },
    {
      "id": 66,
      "model": "바리",
      "content": "你还记得吧？在各自的冒险结束之后。"
    },
    {
      "id": 67,
      "model": "산초",
      "content": "……重新聚在一起……相互讲述彼此的故事。"
    },
    {
      "id": 68,
      "place": "过去，某座城堡",
      "model": "바리",
      "content": "回应我的决斗的话……"
    },
    {
      "id": 69,
      "model": "바리",
      "content": "我就作为收尾人起誓。我会给予你所期望的东西。"
    },
    {
      "id": 70,
      "model": "바리",
      "content": "我……可以给你明天。"
    },
    {
      "id": 71,
      "model": "키호테",
      "title": "亲族",
      "content": "你说了令人无法理解的话啊。"
    },
    {
      "id": 72,
      "model": "바리",
      "content": "我可以认为你是接受了决斗吗？"
    },
    {
      "id": 73,
      "model": "키호테",
      "title": "亲族",
      "content": "当然不行。"
    },
    {
      "id": 74,
      "model": "키호테",
      "title": "亲族",
      "content": "就算没有你的帮助，明天也总是会到来。"
    },
    {
      "id": 75,
      "model": "바리",
      "content": "不。我说的不是一定会到来的明天，而是你寻找的明天。"
    },
    {
      "id": 76,
      "model": "바리",
      "content": "你一定感到自己在日复一日毫无意义地活着吧。"
    },
    {
      "id": 77,
      "model": "바리",
      "content": "遵从病症的驱使而饮用人类的血液，活在没有尽头的岁月中……"
    },
    {
      "id": 78,
      "model": "바리",
      "content": "你觉得活着没什么意义对吗。"
    },
    {
      "id": 79,
      "model": "바리",
      "content": "但是，你们所染上的病，其实是孤独。"
    },
    {
      "id": 80,
      "model": "바리",
      "content": "躲在黑暗中，和家人依偎在一起，是无法治愈的。"
    },
    {
      "id": 81,
      "model": "바리",
      "content": "所以我才说要给予你们。"
    },
    {
      "id": 82,
      "model": "바리",
      "content": "对于明天生活的期待感。"
    },
    {
      "id": 83,
      "model": "바리",
      "content": "换句话说……梦。"
    },
    {
      "id": 84,
      "model": "바리",
      "content": "我可以让你拥有做梦的能力。"
    },
    {
      "id": 85,
      "model": "키호테",
      "title": "亲族",
      "content": "……"
    },
    {
      "id": 86,
      "model": "바리",
      "content": "如果你接受提议的话……就喊出你的名字，然后用全力以赴的一招来决出胜负吧。"
    },
    {
      "id": 87,
      "model": "키호테",
      "title": "亲族",
      "content": "我名为……堂吉诃德。"
    },
    {
      "id": 88,
      "model": "바리",
      "content": "我名为巴里！"
    },
    {
      "id": 89,
      "model": "바리"
    },
    {
      "id": 90,
      "place": "废弃灯塔之中",
      "model": "베르길리우스2",
      "content": "这段旅程需要你的同行，你必须要和我一起走。作为回报……"
    },
    {
      "id": 91,
      "model": "베르길리우스2",
      "content": "时机来临时，你从前听闻过的约定的时钟会来到你的身边。"
    },
    {
      "id": 92,
      "model": "베르길리우스2",
      "content": "即使到了你想要放弃自己的时候。"
    },
    {
      "id": 93,
      "model": "베르길리우스2",
      "content": "我向你约定。"
    },
    {
      "id": 94,
      "model": "베르길리우스2",
      "content": "总有一天你会回到最初之地……"
    },
    {
      "id": 95,
      "model": "베르길리우스2",
      "content": "把你经历过的所有冒险毫无遗漏地讲述出来。"
    },
    {
      "id": 96,
      "place": "梅菲斯托费勒斯 内部",
      "model": "실루엣돈키호테",
      "teller": "堂吉诃德？",
      "title": "？？？",
      "content": "……啊。"
    },
    {
      "id": 97,
      "model": "실루엣돈키호테",
      "teller": "堂吉诃德？",
      "title": "？？？",
      "content": "你是。"
    },
    {
      "id": 98,
      "model": "단테",
      "content": "<堂吉诃德……>"
    },
    {
      "id": 99,
      "model": "단테",
      "content": "<此刻，你会这样称呼我吧。“约定的时钟”。>"
    },
    {
      "id": 100,
      "model": "실루엣돈키호테",
      "teller": "堂吉诃德？",
      "title": "？？？",
      "content": "这样啊……你就是那个约定的时钟吗……"
    },
    {
      "id": 101,
      "model": "단테",
      "content": "<是的，我是来遵守约定的。>"
    },
    {
      "id": 102,
      "model": "단테",
      "content": "<堂吉诃德……>"
    },
    {
      "id": 103,
      "model": "단테",
      "content": "<为了延续你的冒险。>"
    },
    {
      "id": 104,
      "model": "실루엣돈키호테",
      "teller": "堂吉诃德？",
      "title": "？？？",
      "content": "冒险已经……结束了吗……"
    },
    {
      "id": 105,
      "model": "단테",
      "content": "<不……>"
    },
    {
      "id": 106,
      "model": "단테",
      "content": "<也许……还没有结束……>"
    },
    {
      "id": 107,
      "model": "산초",
      "content": "是……真的吗？"
    },
    {
      "id": 108,
      "model": "산초",
      "content": "冒险……还没有结束吗？"
    },
    {
      "id": 109,
      "model": "단테",
      "content": "<没错。>"
    },
    {
      "id": 110,
      "model": "단테",
      "content": "<就连此时此刻，也依然在继续着。>"
    },
    {
      "id": 111,
      "place": "自我心道 - 拉·曼却之眼",
      "model": "가면키호테",
      "content": "桑丘啊……你为何没有击败他们就回来了呢……"
    },
    {
      "id": 112,
      "model": "산초",
      "content": "……"
    },
    {
      "id": 113,
      "model": "산초",
      "content": "父亲。"
    },
    {
      "id": 114,
      "model": "가면키호테",
      "content": "你几乎从没有听过我的话。和其他子嗣们都不一样……"
    },
    {
      "id": 115,
      "model": "가면키호테",
      "content": "甚至，在你成为我的眷属之前……哪怕在气息奄奄的时候，你也从没向我求救过一句……"
    },
    {
      "id": 116,
      "model": "가면키호테",
      "content": "即使在我收你为我的子嗣之后……你也从未对生命表现出一丝执着。"
    },
    {
      "id": 117,
      "model": "산초",
      "content": "……"
    },
    {
      "id": 118,
      "model": "산초",
      "content": "因为在那样的人生中，没有什么值得去爱的东西。"
    },
    {
      "id": 119,
      "model": "가면키호테",
      "content": "如果是这样的话……请一定要爱这里。"
    },
    {
      "id": 120,
      "model": "가면키호테",
      "content": "为了治愈我的疯狂，把我带回家里，他们历尽了无数的苦难……"
    },
    {
      "id": 121,
      "model": "가면키호테",
      "content": "正因如此……我才能将这份痛苦当作爱，将这木桩视作慰藉……将供我吞食的人类血液……视为荣耀。"
    },
    {
      "id": 122,
      "model": "산초",
      "content": "如果您是疯子，那么我也只可能是个同样的疯人了。"
    },
    {
      "id": 123,
      "model": "산초",
      "content": "起初，您那些话听起来像是胡言乱语，可您的信念……却一点点扎根在了我那如同干涸荒地般枯萎的心中。"
    },
    {
      "id": 124,
      "model": "산초",
      "content": "和您一起冒险时的那些对话，正是对那片荒芜之地的耕耘和滋养。"
    },
    {
      "id": 125,
      "model": "가면키호테",
      "content": "我的梦……已经彻底失败了。桑丘……"
    },
    {
      "id": 126,
      "model": "가면키호테",
      "content": "你不是也已经经历过了吗。"
    },
    {
      "id": 127,
      "model": "가면키호테",
      "content": "你所经历的世界……真的如我一直所说的那样……如我们梦中所见的那样……充满正义吗？"
    },
    {
      "id": 128,
      "model": "가면키호테",
      "content": "真的像巴里说的那样……所有收尾人都愿意为弱者牺牲，善良的人最终都会战胜邪恶吗？"
    },
    {
      "id": 129,
      "model": "산초",
      "content": "……不。"
    },
    {
      "id": 130,
      "model": "가면키호테",
      "content": "这就是为何……所有那些故事终究不过是虚构罢了。"
    },
    {
      "id": 131,
      "model": "가면키호테",
      "content": "我从马背上摔落，也随之从梦中醒来了，桑丘……"
    },
    {
      "id": 132,
      "model": "가면키호테",
      "content": "我已经伤得太重……无法再做梦了……"
    },
    {
      "id": 133,
      "model": "가면키호테",
      "content": "我的梦……已经结束了……"
    }
  ]
}