{
  "dataList": [
    {
      "id": 0,
      "model": "가면키호테",
      "title": "拉·曼却领",
      "content": "很久没有脚踏地面了。"
    },
    {
      "id": 1,
      "model": "산초",
      "content": "到现在……你还是没能逃离责任吗！"
    },
    {
      "id": 2,
      "model": "산초",
      "content": "曾如此自由的你……"
    },
    {
      "id": 3,
      "model": "가면키호테",
      "title": "拉·曼却领",
      "content": "桑丘，你想让我逃到哪里去呢。"
    },
    {
      "id": 4,
      "model": "가면키호테",
      "title": "拉·曼却领",
      "content": "虽然已经使无尽战争的天平倾斜……共存还是没有到来。"
    },
    {
      "id": 5,
      "model": "가면키호테",
      "title": "拉·曼却领",
      "content": "即便用鲜血创造了这一空间，却还是没有任何家人能够享受到幸福。"
    },
    {
      "id": 6,
      "model": "가면키호테",
      "title": "拉·曼却领",
      "content": "看看这曾心怀梦想、如今却仅剩被木桩贯穿的心脏与浓郁血香的我吧，桑丘！"
    },
    {
      "id": 7,
      "model": "가면키호테",
      "title": "拉·曼却领",
      "content": "我是堂吉诃德，拉·曼却领的……堂吉诃德。"
    }
  ]
}