{
  "dataList": [
    {
      "id": 0,
      "place": "自我心道 - 拉·曼却之眼",
      "model": "산초",
      "content": "为何不放弃呢。"
    },
    {
      "id": 1,
      "model": "산초",
      "content": "明明你们那么地劝我清醒过来。"
    },
    {
      "id": 2,
      "model": "산초",
      "content": "你们为什么要继续这场没有希望的战斗呢？"
    },
    {
      "id": 3,
      "model": "산초",
      "content": "醒来吧。我……不是你们认识的那个人。"
    },
    {
      "id": 4,
      "content": "就像时钟的指针锈住了一样，我什么也说不出口。"
    },
    {
      "id": 5,
      "content": "这时候我该怎么办呢。"
    },
    {
      "id": 6,
      "content": "虽然我们是为了让梦延续下去才跟到这里的，但我既没有值得自豪的梦，也没有能传达给她的回忆。"
    },
    {
      "id": 7,
      "content": "在我正这么想时……"
    },
    {
      "id": 8,
      "model": "히스클리프",
      "content": "虽然你闯过很多祸……但我很喜欢你说的正义和道义之类的。我对你的印象也逐渐变好了……"
    },
    {
      "id": 9,
      "model": "히스클리프",
      "content": "但你现在要摆着个臭脸回去？你以为我们会不管不顾吗？"
    },
    {
      "id": 10,
      "model": "산초",
      "content": "你在开什么玩……"
    },
    {
      "id": 11,
      "model": "이상",
      "content": "以上，我不会再抛下朋友独自前行了。"
    },
    {
      "id": 12,
      "model": "로쟈",
      "content": "巴士上没有堂吉就没意思了，不行哦。"
    },
    {
      "id": 13,
      "content": "罪人们开始一句句插起话来。"
    },
    {
      "id": 14,
      "content": "尽管他们看到了桑丘是怎样的存在。"
    },
    {
      "id": 15,
      "model": "싱클레어",
      "content": "还有……很多我们没有听过的冒险故事。"
    },
    {
      "id": 16,
      "model": "싱클레어",
      "content": "再多讲一讲吧。在坐巴士的时候，有很多话中途被打断了不是吗。"
    },
    {
      "id": 17,
      "content": "他们毫不畏惧地继续说道。"
    },
    {
      "id": 18,
      "place": "过去，梅菲斯托费勒斯 甲板",
      "model": "돈키호테",
      "content": "哈！惊心动魄！！！这才叫冒险啊！"
    },
    {
      "id": 19,
      "place": "过去，格里高尔的心象",
      "model": "돈키호테",
      "content": "没什么可犹豫的！真正的英雄不会向任何苦难屈服！"
    },
    {
      "id": 20,
      "place": "过去，K公司某处的实验室",
      "model": "돈키호테",
      "content": "住手……为了众人而迫使某人目视绝望并身陷囹圄，岂有此理……"
    },
    {
      "id": 21,
      "place": "过去，当铺",
      "model": "돈키호테",
      "content": "恶党们必须被连根拔起，才能竖起正义的旗帜！"
    },
    {
      "id": 22,
      "place": "过去，脑叶公司支部 钻井船入口",
      "model": "돈키호테",
      "content": "和恶人交涉……为什么……！"
    },
    {
      "id": 23,
      "place": "过去，10区 后巷",
      "model": "돈키호테",
      "content": "来吧，就此前进！"
    },
    {
      "id": 24,
      "place": "自我心道 - 拉·曼却之眼",
      "model": "홍루",
      "content": "听见堂吉诃德小姐那充满干劲的声音……我会不由自主地涌现出力量。"
    },
    {
      "id": 25,
      "model": "히스클리프",
      "content": "我倒是会一瞬间脱力……不过，也有过几次令人开心的事情吧。"
    },
    {
      "id": 26,
      "model": "이스마엘",
      "content": "虽然你也曾经贸然突进让情况恶化过……"
    },
    {
      "id": 27,
      "model": "이스마엘",
      "content": "不过，总比事后再抱怨要好。"
    },
    {
      "id": 28,
      "model": "료슈",
      "content": "我喜欢你的行·言。"
    },
    {
      "id": 29,
      "model": "싱클레어",
      "content": "没错呢。行动胜于言语……总是在状况不明的时候勇于前进。"
    },
    {
      "id": 30,
      "model": "싱클레어",
      "content": "所以我们这次……"
    },
    {
      "id": 31,
      "model": "싱클레어",
      "content": "为了让堂吉诃德小姐的冒险不会结束……"
    },
    {
      "id": 32,
      "model": "싱클레어",
      "content": "为了让故事继续下去……不是应该前进吗？"
    },
    {
      "id": 33,
      "model": "뫼르소",
      "content": "问题似乎是，怎么做。"
    },
    {
      "id": 34,
      "model": "로쟈",
      "content": "你要像那时候一样，哪怕打她一顿也要让她清醒过来吗？"
    },
    {
      "id": 35,
      "model": "싱클레어",
      "content": "不。"
    },
    {
      "id": 36,
      "model": "싱클레어",
      "content": "我希望堂吉诃德小姐不要清醒过来。"
    },
    {
      "id": 37,
      "model": "단테",
      "content": "<……>"
    },
    {
      "id": 38,
      "model": "오티스",
      "content": "执行经理……我们不知道……那个人过去杀了多少人。"
    },
    {
      "id": 39,
      "model": "오티스",
      "content": "哪怕这样……您也要接受她吗？"
    },
    {
      "id": 40,
      "model": "단테",
      "content": "<嗯。>"
    },
    {
      "id": 41,
      "model": "단테",
      "content": "<让她清醒过来的时间……由我决定。>"
    },
    {
      "id": 42,
      "model": "오티스",
      "content": "无论罪人们……有着什么样的过去吗。"
    },
    {
      "id": 43,
      "model": "오티스",
      "content": "哪怕那人杀了数百、成千、上万的无辜之人……您也会接受吗？"
    },
    {
      "id": 44,
      "content": "我看向了奥提斯。"
    },
    {
      "id": 45,
      "content": "奥提斯所指的对象并不单单是堂吉诃德……"
    },
    {
      "id": 46,
      "model": "단테",
      "content": "<没错。>"
    },
    {
      "id": 47,
      "model": "단테",
      "content": "<只要那人愿意前进，我就会那么做。>"
    },
    {
      "id": 48,
      "model": "오티스",
      "content": "……"
    },
    {
      "id": 49,
      "model": "오티스",
      "content": "我会牢记您刚刚的回答。"
    }
  ]
}