{
  "dataList": [
    {
      "id": 0,
      "place": "自我心道 - 拉·曼却之眼",
      "model": "산초",
      "content": "是的。你……从来没有逃避过。你只是一时离开了而已。"
    },
    {
      "id": 1,
      "model": "산초",
      "content": "即便身负受疾病折磨之命运……"
    },
    {
      "id": 2,
      "model": "산초",
      "content": "即便身处令人窒息的饥渴之中，你仍在思考着爱……"
    },
    {
      "id": 3,
      "model": "산초",
      "content": "这就是为何你从死亡边缘将我救下……想与我分享爱……"
    },
    {
      "id": 4,
      "place": "过去，灰烬中的某处",
      "model": "키호테",
      "title": "血魔",
      "content": "你为何渴望死亡？"
    },
    {
      "id": 5,
      "teller": "桑丘",
      "title": "？？？",
      "content": "是为了从痛苦中逃离。"
    },
    {
      "id": 6,
      "model": "키호테",
      "title": "血魔",
      "content": "真奇怪。大部分的人类都会为了摆脱痛苦而伤害他人。"
    },
    {
      "id": 7,
      "teller": "桑丘",
      "title": "？？？",
      "content": "那对我于事无补。我的痛苦……来自无尽的寒冷。"
    },
    {
      "id": 8,
      "model": "키호테",
      "title": "血魔",
      "content": "你没有家人或是手足吗？"
    },
    {
      "id": 9,
      "teller": "桑丘",
      "title": "？？？",
      "content": "我生来就是孑然一身。总是寒冷而寂寞……"
    },
    {
      "id": 10,
      "teller": "桑丘",
      "title": "？？？",
      "content": "所以我想像未曾存在过一般燃烧殆尽。"
    },
    {
      "id": 11,
      "model": "키호테",
      "title": "血魔",
      "content": "那就让我……"
    },
    {
      "id": 12,
      "model": "키호테",
      "title": "血魔",
      "content": "给予你活下去的意愿。"
    },
    {
      "id": 13,
      "model": "키호테",
      "title": "血魔",
      "content": "给予你会永远陪伴你身旁的家人，跟我来。"
    },
    {
      "id": 14,
      "model": "키호테",
      "title": "血魔",
      "content": "我名为吉诃德。"
    },
    {
      "id": 15,
      "model": "키호테",
      "title": "血魔",
      "content": "于其上冠以作为高贵象征的姓氏，称之为堂吉诃德。"
    },
    {
      "id": 16,
      "place": -1,
      "model": "산초",
      "content": "再次……"
    },
    {
      "id": 17,
      "model": "산초",
      "content": "让我的心脏得以跳动起来……"
    },
    {
      "id": 18,
      "place": "过去，羊群牧场村",
      "model": "키호테",
      "content": "桑丘啊，冒险开始了。"
    },
    {
      "id": 19,
      "model": "키호테",
      "content": "无论谁！连血魔都不会来帮助我们，只能靠我们自己闯过去。"
    },
    {
      "id": 20,
      "model": "옛산초",
      "title": "拉·曼却领",
      "content": "我知道。"
    },
    {
      "id": 21,
      "model": "키호테",
      "content": "我们应该会遇到许多骑士吧，或许还会接到决斗申请。到那时候你可要守望好我的背后。明白吗？必须心怀无所畏惧的感情去攻击。"
    },
    {
      "id": 22,
      "model": "키호테",
      "content": "此外，从此刻开始，我们必须放弃身为血魔的身份。"
    },
    {
      "id": 23,
      "model": "키호테",
      "content": "像人类一样行动。"
    },
    {
      "id": 24,
      "model": "옛산초",
      "title": "拉·曼却领",
      "content": "……我知道。所以才把驽骍难得也变成了马的形状，虽然看起来比较尴尬。"
    },
    {
      "id": 25,
      "model": "키호테",
      "content": "它本来有着血做的非常帅气地飘舞着的鬃毛来着……"
    },
    {
      "id": 26,
      "model": "로시난테",
      "teller": "驽骍难得",
      "content": "咴……"
    },
    {
      "id": 27,
      "model": "키호테",
      "content": "看到了吧，驽骍难得到底是对自己的外形有多不满意才会发出这种叹息声……"
    },
    {
      "id": 28,
      "model": "옛산초",
      "title": "拉·曼却领",
      "content": "说起来您知道旅店在哪里吗？"
    },
    {
      "id": 29,
      "model": "키호테",
      "content": "那不是你该弄清楚的事情吗。"
    },
    {
      "id": 30,
      "model": "옛산초",
      "title": "拉·曼却领",
      "content": "我和您一样都整天窝在城里，上哪儿去知道？"
    },
    {
      "id": 31,
      "model": "키호테",
      "content": "真是的……从来没见过对上位眷属说话这么无礼的子嗣。"
    },
    {
      "id": 32,
      "model": "옛산초",
      "title": "拉·曼却领",
      "content": "不是说要像人类一样思考吗？您说了这是冒险吧。"
    },
    {
      "id": 33,
      "model": "키호테",
      "content": "亲爱的桑丘啊，刚刚听路过的人说，那边的洞窟附近好像有连人都吃的熊。"
    },
    {
      "id": 34,
      "model": "옛산초",
      "title": "拉·曼却领",
      "content": "熊吗？"
    },
    {
      "id": 35,
      "model": "옛산초",
      "title": "拉·曼却领",
      "content": "只要下定决心……老实说，三秒以内……"
    },
    {
      "id": 36,
      "model": "키호테",
      "content": "与其让战斗结束得那么干脆，不如像收尾人一样战斗如何？就像书里写的那样。"
    },
    {
      "id": 37,
      "place": -1,
      "model": "산초",
      "content": "那时我们的冒险……的确充满了轻率与鲁莽……"
    },
    {
      "id": 38,
      "place": "过去，羊群牧场村",
      "model": "키호테",
      "content": "我们也可以尝尝熊肉。"
    },
    {
      "id": 39,
      "model": "키호테",
      "content": "你能想象杜尔西内娅听到这句话，脸上会出现多么嫌弃的表情吧？"
    },
    {
      "id": 40,
      "model": "옛산초",
      "title": "拉·曼却领",
      "content": "那不是嫌弃，是轻蔑吧。"
    },
    {
      "id": 41,
      "place": -1,
      "model": "산초",
      "content": "那些就是令我前所未有地……心潮澎湃的日子。"
    },
    {
      "id": 42,
      "place": "过去，某座城堡",
      "model": "키호테",
      "content": "即便夜幕骤然降临，"
    },
    {
      "id": 43,
      "model": "키호테",
      "content": "也要穿越这片黑暗。"
    },
    {
      "id": 44,
      "model": "키호테",
      "content": "承蒙此世独一无二家族之祝福与应允，"
    },
    {
      "id": 45,
      "model": "키호테",
      "content": "跨越一切艰难险阻。"
    },
    {
      "id": 46,
      "model": "키호테",
      "content": "终将获得幸福。"
    },
    {
      "id": 47,
      "model": "키호테",
      "content": "不容置疑。"
    },
    {
      "id": 48,
      "model": "키호테",
      "content": "今天我要经历的，也将是一次不可思议的冒险。"
    },
    {
      "id": 49,
      "model": "바리",
      "content": "而且……也会是属于我们的冒险。"
    },
    {
      "id": 50,
      "model": "바리",
      "content": "大家都还记得吧？凡收尾人……当思想纯粹、言语真诚、行事宽容。"
    },
    {
      "id": 51,
      "model": "바리",
      "content": "于冒险中须勇敢、于苦难中现坚韧。"
    },
    {
      "id": 52,
      "model": "바리",
      "content": "对身陷困境之人须心怀怜悯。"
    },
    {
      "id": 53,
      "model": "바리",
      "content": "最后……"
    },
    {
      "id": 54,
      "model": "키호테",
      "content": "即便拼上性命，也要去追逐梦想。"
    },
    {
      "id": 55,
      "model": "바리",
      "content": "然后再回到此地，将彼此所经历的旅程。"
    },
    {
      "id": 56,
      "model": "바리",
      "content": "毫无保留地告诉对方。"
    },
    {
      "id": 57,
      "place": "自我心道 - 拉·曼却之眼",
      "model": "산초",
      "content": "即使精神失常……"
    },
    {
      "id": 58,
      "model": "산초",
      "content": "即使只是原地打转的旋转木马……但我仍想继续奔跑下去……"
    },
    {
      "id": 59,
      "model": "키호테빛",
      "content": "……即使你要与不治之症斗争，忤逆你血脉相连的父亲？"
    }
  ]
}