{
  "dataList": [
    {
      "id": 0,
      "place": "自我心道 - 拉·曼却之眼",
      "model": "산초",
      "content": "……"
    },
    {
      "id": 1,
      "model": "가면키호테",
      "content": "尼古莉娜……古良布洛……杜尔西内娅……"
    },
    {
      "id": 2,
      "model": "가면키호테",
      "content": "还会有人像他们那样竭尽全力地爱着我吗。"
    },
    {
      "id": 3,
      "model": "가면키호테",
      "content": "桑丘啊，现在开始突击吧。"
    },
    {
      "id": 4,
      "model": "가면키호테",
      "content": "就像……以前打败巨人们时那样……"
    },
    {
      "id": 5,
      "model": "가면키호테",
      "content": "怀揣着一颗无所畏惧的心去攻击敌人吧……"
    },
    {
      "id": 6,
      "model": "산초",
      "content": "……"
    },
    {
      "id": 7,
      "model": "산초",
      "content": "啊……这样啊……"
    },
    {
      "id": 8,
      "model": "산초",
      "content": "我以为自己在骑马奔腾……"
    },
    {
      "id": 9,
      "model": "산초",
      "content": "但不过是在围绕着同一个地方旋转而已。"
    },
    {
      "id": 10,
      "model": "산초",
      "content": "我只不过是痕迹。在旋转的木马之上……"
    },
    {
      "id": 11,
      "model": "산초",
      "content": "做着在大地上迎着冷风、策马奔驰的梦而已……"
    },
    {
      "id": 12,
      "model": "단테",
      "content": "<堂吉诃德……>"
    },
    {
      "id": 13,
      "model": "단테",
      "content": "<你还能听见我的声音吧？>"
    },
    {
      "id": 14,
      "model": "단테",
      "content": "<别听那个人的命令，你……>"
    },
    {
      "id": 15,
      "model": "산초",
      "content": "不，你们所认识的那个人，已经不在这里了。"
    },
    {
      "id": 16,
      "model": "단테",
      "content": "<……>"
    },
    {
      "id": 17,
      "model": "산초",
      "content": "或许……我曾希望“堂吉诃德”能够将我遗忘。"
    },
    {
      "id": 18,
      "model": "산초",
      "content": "然而我又回来了。"
    },
    {
      "id": 19,
      "model": "산초",
      "content": "所以我不会再度遗忘自己是谁。"
    },
    {
      "id": 20,
      "model": "산초",
      "content": "为了去宣告，梦已终结。"
    }
  ]
}