{
  "dataList": [
    {
      "id": 0,
      "place": "自我心道 - 拉·曼却之眼",
      "model": "산초",
      "content": "……"
    },
    {
      "id": 1,
      "model": "산초",
      "content": "就这样两百年间一直……"
    },
    {
      "id": 2,
      "model": "산초",
      "content": "把父亲……"
    },
    {
      "id": 3,
      "model": "가면키호테",
      "content": "不要……责怪他们，桑丘。"
    },
    {
      "id": 4,
      "model": "가면키호테",
      "content": "这一切都源于我曾怀抱的那个，庞大而不切实际的梦……"
    },
    {
      "id": 5,
      "model": "이발사다침2",
      "content": "连血魔的本能都忘却了的你，怎么能想象得到我们经受的折磨。"
    },
    {
      "id": 6,
      "model": "이발사다침2",
      "content": "整整两百年间，连一滴血都喝不到……"
    },
    {
      "id": 7,
      "model": "이발사다침2",
      "content": "还不得不亲手……千万次地刺穿我们的父亲……"
    },
    {
      "id": 8,
      "model": "신부다침2",
      "content": "但就在那时……"
    },
    {
      "id": 9,
      "model": "신부다침2",
      "content": "无数次的祈祷终于有了回应。"
    },
    {
      "id": 10,
      "model": "신부다침2",
      "content": "从天空中降下了一道温暖的光芒。"
    },
    {
      "id": 11,
      "model": "돌시네아다침",
      "content": "那是我们一生都未曾见过的光芒……"
    },
    {
      "id": 12,
      "model": "돌시네아다침",
      "content": "比我作为人类的最后记忆中的阳光还要更加明亮和温暖……"
    },
    {
      "id": 13,
      "model": "산초",
      "content": "……"
    },
    {
      "id": 14,
      "model": "산초",
      "content": "参孙。"
    },
    {
      "id": 15,
      "model": "산초",
      "content": "他是从哪个家族出身的血魔？"
    },
    {
      "id": 16,
      "model": "이발사다침2",
      "content": "不知道……家族、长老什么的，我在这两百年里全都忘光光啦！"
    },
    {
      "id": 17,
      "model": "이발사다침2",
      "content": "但我知道的是，他把我们从这个无底深渊中拯救了出来。"
    },
    {
      "id": 18,
      "model": "이발사다침2",
      "content": "从那时起……拉·曼却领就重新开张啦！"
    },
    {
      "id": 19,
      "place": "过去，拉·曼却领",
      "model": "산손",
      "content": "真是令人心痛啊，我的亲戚们。"
    },
    {
      "id": 20,
      "model": "산손",
      "content": "你们的样子实在是……惨不忍睹啊。"
    },
    {
      "id": 21,
      "model": "이발사하편",
      "content": "啊……啊……"
    },
    {
      "id": 22,
      "model": "이발사하편",
      "content": "光……好温暖……"
    },
    {
      "id": 23,
      "model": "이발사하편",
      "content": "嗓子……好干……"
    },
    {
      "id": 24,
      "model": "산손",
      "content": "快些回过神来吧。必须赶快做好迎接客人的准备，对吧。"
    },
    {
      "id": 25,
      "model": "이발사하편",
      "content": "客……人……？"
    },
    {
      "id": 26,
      "model": "산손",
      "content": "是的，十分乐意为你们提供新鲜血液的客人们。"
    },
    {
      "id": 27,
      "model": "이발사하편",
      "content": "血……想……要……"
    },
    {
      "id": 28,
      "model": "산손",
      "content": "所以，赶紧换上新衣服，打扮好吧。举办一场比以往更加喧闹、更加华丽的庆典，让那些踏进这里的客人永远无法回到家中吧。"
    },
    {
      "id": 29,
      "model": "산손",
      "content": "堕落的拉·曼却血魔们的亲族大人，一代眷属堂吉诃德。"
    },
    {
      "id": 30,
      "model": "산손",
      "content": "若其他长老们看到你的模样，不知会多么痛心疾首啊……"
    },
    {
      "id": 31,
      "model": "가면키호테",
      "content": "……如此温暖……"
    },
    {
      "id": 32,
      "model": "가면키호테",
      "content": "这究竟……是什么……光芒……"
    },
    {
      "id": 33,
      "model": "산손",
      "content": "它被称为金枝。"
    },
    {
      "id": 34,
      "model": "산손",
      "content": "它即将在你内心的最深处扎根……"
    },
    {
      "id": 35,
      "model": "산손",
      "content": "并以你的欲望与潜意识为养分，不断生长……"
    },
    {
      "id": 36,
      "model": "가면키호테",
      "content": "啊……"
    },
    {
      "id": 37,
      "model": "가면키호테",
      "content": "我……好饿……"
    },
    {
      "id": 38,
      "model": "산손",
      "content": "而终有一天，你最后的子嗣会再次将它拔起。"
    },
    {
      "id": 39,
      "place": "自我心道 - 拉·曼却之眼",
      "model": "가면키호테",
      "content": "我注定要永远……被束缚于此，桑丘。"
    },
    {
      "id": 40,
      "model": "가면키호테",
      "content": "这是为了拉·曼却领和家人们的安宁，也是我作为父亲的责任……"
    },
    {
      "id": 41,
      "model": "산초",
      "content": "自很久以前起，您便比起死亡更加厌恶伤害人类了吧。"
    },
    {
      "id": 42,
      "model": "가면키호테",
      "content": "我们……是无法违背本能的存在啊，桑丘。"
    },
    {
      "id": 43,
      "model": "가면키호테",
      "content": "就连骑着我送给你的驽骍难得，踏上了向外界的冒险之旅的你……"
    },
    {
      "id": 44,
      "model": "가면키호테",
      "content": "最终也还是回到了作为血魔的命运之中……"
    },
    {
      "id": 45,
      "model": "산초",
      "content": "……"
    },
    {
      "id": 46,
      "model": "가면키호테",
      "content": "或许……许多人类会讨厌我们……憎恨我们吧……"
    },
    {
      "id": 47,
      "model": "가면키호테",
      "content": "但我的子嗣们……必须永远在这里……吸食更多的血液……必须获得幸福……"
    },
    {
      "id": 48,
      "model": "가면키호테",
      "content": "在这充满欢笑的……拉·曼却领之中……"
    },
    {
      "id": 49,
      "model": "가면키호테",
      "content": "那么，桑丘……"
    },
    {
      "id": 50,
      "model": "가면키호테",
      "content": "你愿意和我们这些从诞生起就注定背负相同病症的人一起……留在这里吗？"
    },
    {
      "id": 51,
      "model": "산초",
      "content": "您对如今这般凄惨的状态感到满意吗？"
    },
    {
      "id": 52,
      "model": "가면키호테",
      "content": "难道你还看不出来吗……如今我的身体已不再只属于我自己。它必须奉献给我那在不幸中等待救赎与保护的子嗣们……"
    },
    {
      "id": 53,
      "model": "이발사다침2",
      "content": "父亲，那个人带来的访客……是为了破坏和摧毁我们的拉·曼却领而来的。"
    },
    {
      "id": 54,
      "model": "이발사다침2",
      "content": "我们会在杀掉他们之后……将他们的血献给您享用。"
    },
    {
      "id": 55,
      "model": "이발사다침2",
      "content": "您也知道的，比起那些哀求活命的人类的血，那些拼命想杀死我们的人类流淌出的血液要炽热得多……"
    },
    {
      "id": 56,
      "model": "가면키호테",
      "content": "是啊……我的子嗣们啊。"
    },
    {
      "id": 57,
      "model": "가면키호테",
      "content": "就如你们所说。击败他们，然后将拉·曼却领再度引向梦幻般的庆典吧……"
    }
  ]
}