{
  "dataList": [
    {
      "id": 0,
      "place": "？？？",
      "content": "<color=#9b111e>吾等所盼，乃七之罪恶。</color>"
    },
    {
      "id": 1,
      "content": "<color=#9b111e>吾等所忆，乃#&#(!@&$を。</color>"
    },
    {
      "id": 2,
      "place": "#*% 的 #&*()!#%",
      "model": "???",
      "teller": "？？？",
      "title": "？？？",
      "content": "我看这条电线也不管用。喂，有没有人——"
    },
    {
      "id": 3,
      "content": "未曾听过的声音在空气中响起。"
    },
    {
      "id": 4,
      "content": "我在哪？我是谁……？"
    },
    {
      "id": 5,
      "content": "疑问刚从我脑海中浮现，眼前的世界就明亮起来。"
    },
    {
      "id": 6,
      "place": "？？？",
      "model": "???",
      "teller": "？？？",
      "title": "？？？",
      "content": "……醒。"
    },
    {
      "id": 7,
      "model": "???",
      "teller": "？？？",
      "title": "？？？",
      "content": "老师，快醒醒。"
    },
    {
      "id": 8,
      "content": "环顾四周，我才发现自己正处于某个奇异的空间中。"
    },
    {
      "id": 9,
      "content": "这里摆放着数十张桌椅……"
    },
    {
      "id": 10,
      "model": "단테",
      "content": "<学校？>"
    },
    {
      "id": 11,
      "model": "???",
      "teller": "？？？",
      "title": "？？？",
      "content": "老师，看起来你很困惑。"
    },
    {
      "id": 12,
      "model": "단테",
      "content": "<老师？我？>"
    },
    {
      "id": 13,
      "model": "???",
      "teller": "？？？",
      "title": "？？？",
      "content": "嗯，是啊。看来，就连刚才说明过的事情您都忘记了。"
    },
    {
      "id": 14,
      "model": "단테",
      "content": "<呃……应、应该是吧。不对……等一下，你现在能听到我说话了？>"
    },
    {
      "id": 15,
      "model": "베르길리우스",
      "content": "我是维·吉·里·乌·斯。我一直、一直在这里等待着老师的到来。"
    },
    {
      "id": 16,
      "model": "베르길리우스",
      "content": "请多指教。"
    },
    {
      "id": 17,
      "content": "他完全无视了我的问题，看来是没法指望“正常对话”了。"
    },
    {
      "id": 18,
      "model": "단테",
      "content": "<你没事吧……你为什么要像这样说话……>"
    },
    {
      "id": 19,
      "content": "一种不可名状的恐惧感逐渐爬上了脊椎，我感到自己浑身上下都起满了鸡皮疙瘩……"
    },
    {
      "id": 20,
      "model": "베르길리우스",
      "content": "虽说……刚刚已经解释过生物确认的事情了。"
    },
    {
      "id": 21,
      "model": "단테",
      "content": "<生物……啥？>"
    },
    {
      "id": 22,
      "model": "베르길리우스",
      "content": "不过再解释一次也超麻烦……我们就直接继续吧，像这样。"
    },
    {
      "id": 23,
      "content": "不知道是否为错觉……总感觉他在喊我老师的时候，带着一种深深的蔑视。"
    },
    {
      "id": 24,
      "model": "베르길리우스",
      "content": "好了……老师。"
    },
    {
      "id": 25,
      "model": "베르길리우스",
      "content": "请老师用手指触碰一下我的手指。"
    },
    {
      "id": 26,
      "content": "……"
    },
    {
      "id": 27,
      "place": "#*% 的 #&*()!#%",
      "model": "???",
      "teller": "？？？",
      "title": "？？？",
      "content": "……玛利！修东西不是砸一下就好了！不懂就滚一边去别捣乱。"
    },
    {
      "id": 28,
      "model": "???",
      "teller": "？？？",
      "title": "？？？",
      "content": "啧，接下来——"
    },
    {
      "id": 29,
      "content": "还没来得及消化掉当下的不适，我的眼前就又被另一种色彩所覆盖。"
    },
    {
      "id": 30,
      "place": "？？？",
      "model": "???",
      "teller": "？？？",
      "title": "？？？",
      "content": "博士！博士！"
    },
    {
      "id": 31,
      "model": "단테",
      "content": "<……维吉里乌斯？>"
    },
    {
      "id": 32,
      "model": "베르길리우스",
      "content": "博士说话了！来，请抓紧我的手……"
    },
    {
      "id": 33,
      "content": "……你快把我的手都抓碎了……"
    },
    {
      "id": 34,
      "model": "베르길리우스",
      "content": "我来救您了……"
    },
    {
      "id": 35,
      "content": "不是，等下，“博士”又是在整哪出……我不是经理吗？"
    },
    {
      "id": 36,
      "content": "我本想这样作答，可就像是被某种神秘力量操纵了一般，我只能让时针照着既定的答案滴答作响。"
    },
    {
      "id": 37,
      "model": "단테",
      "content": "<……我是……？>"
    },
    {
      "id": 38,
      "model": "베르길리우스",
      "content": "博士，您……"
    },
    {
      "id": 39,
      "model": "베르길리우스",
      "content": "您和我们一样，也是“边狱岛”的一员。"
    },
    {
      "id": 40,
      "content": "啊……？我明明记得应该是公司，而不是什么岛……"
    },
    {
      "id": 41,
      "content": "……"
    },
    {
      "id": 42,
      "place": "#*% 的 #&*()!#%",
      "model": "???",
      "teller": "？？？",
      "title": "？？？",
      "content": "……士德小姐！这钟表脑袋到底该怎样做才能让他动起来？！"
    },
    {
      "id": 43,
      "content": "又是……奇怪的声音、怪异的景象。"
    },
    {
      "id": 44,
      "content": "到底……"
    },
    {
      "id": 45,
      "place": "？？？",
      "model": "???",
      "teller": "？？？",
      "title": "？？？",
      "content": "好棒……太厉害了！竟然真的赢了！"
    },
    {
      "id": 46,
      "content": "这次又是什么花活……咋连人都不当了……"
    },
    {
      "id": 47,
      "model": "???",
      "teller": "？？？",
      "title": "？？？",
      "content": "这就是梅菲斯托费勒斯……身为“王牌”的实力……"
    },
    {
      "id": 48,
      "model": "단테",
      "content": "<你……又在说什么乱七八糟的……>"
    },
    {
      "id": 49,
      "model": "베르길리우스",
      "content": "啊！您辛苦了，训练员！"
    },
    {
      "id": 50,
      "content": "他现在彻底不肯听我讲话了。"
    },
    {
      "id": 51,
      "model": "단테",
      "content": "<这里到底是什么地方？！莫非是哪个巢的中心？你又为什么要顶着个马脑袋……>"
    },
    {
      "id": 52,
      "content": "就在我滴滴答答拼命抱怨的那个瞬间……"
    },
    {
      "id": 53,
      "content": "……"
    },
    {
      "id": 54,
      "place": "#*% 的 #&*()!#%",
      "model": "???",
      "teller": "？？？",
      "title": "？？？",
      "content": "记忆模块……能用了？那……这又是，什么……"
    },
    {
      "id": 55,
      "model": "단테",
      "content": "<我、我的头……>"
    },
    {
      "id": 56,
      "place": "？？？",
      "content": "制作人……"
    },
    {
      "id": 57,
      "content": "指挥官……"
    },
    {
      "id": 58,
      "content": "司令官……"
    },
    {
      "id": 59,
      "content": "御主……"
    },
    {
      "id": 60,
      "content": "教授……"
    },
    {
      "id": 61,
      "content": "各种各样的主人公称呼在我脑海中盘旋交缠。"
    },
    {
      "id": 62,
      "content": "照、照这样下去……"
    },
    {
      "id": 63,
      "content": "#&*()@%&!)$&8%&*%#%#!"
    },
    {
      "id": 64,
      "model": "베르길리우스",
      "content": "回来了吗。"
    },
    {
      "id": 65,
      "place": "梅菲斯托费勒斯 内部",
      "model": "베르길리우스",
      "content": "你可真叫我担心，经理。"
    },
    {
      "id": 66,
      "model": "베르길리우스",
      "content": "你突然……就在巴士上昏倒了。"
    },
    {
      "id": 67,
      "model": "단테",
      "content": "<维吉里……？！>"
    },
    {
      "id": 68,
      "content": "别、别再整花活了……！"
    },
    {
      "id": 69,
      "model": "단테",
      "content": "<噫！噫啊啊啊！！>"
    },
    {
      "id": 70,
      "model": "베르길리우스",
      "content": "什么意思，经理？跑什么？"
    },
    {
      "id": 71,
      "model": "단테",
      "content": "<别再用奇怪的称呼叫我了！！！>"
    },
    {
      "id": 72,
      "model": "베르길리우스",
      "content": "……声音像坏掉的闹钟一样。"
    },
    {
      "id": 73,
      "model": "베르길리우스",
      "content": "为了修好你，我们可是费了好一堆工夫……"
    },
    {
      "id": 74,
      "model": "베르길리우스",
      "content": "呵，结果没想到只要给你上个弦就行，真是白白浪费时间。"
    },
    {
      "id": 75,
      "content": "维吉里乌斯他……又听不懂我的声音了。"
    },
    {
      "id": 76,
      "model": "단테",
      "content": "<我这是真的……回来了吗？>"
    },
    {
      "id": 77,
      "model": "베르길리우스",
      "content": "……虽然搞不懂你在滴答滴答些什么。不过，多半是冷静了不少。"
    },
    {
      "id": 78,
      "model": "베르길리우스",
      "content": "按照浮士德女士的说法……你似乎是在梦中穿梭了众多镜像世界。"
    },
    {
      "id": 79,
      "model": "베르길리우스",
      "content": "不过，这也不是啥要事对吧？"
    },
    {
      "id": 80,
      "model": "베르길리우스",
      "content": "罪人们已经下车了。"
    },
    {
      "id": 81,
      "model": "베르길리우스",
      "content": "你也别愣着……"
    },
    {
      "id": 82,
      "model": "베르길리우스",
      "content": "赶紧下去。"
    },
    {
      "id": 83,
      "content": "我看到的那些诡异幻象究竟是什么，维吉里乌斯使用各种奇怪称呼的原因又是什么……"
    },
    {
      "id": 84,
      "content": "这一切都勾起了我的好奇。"
    },
    {
      "id": 85,
      "model": "베르길리우스",
      "content": "……"
    },
    {
      "id": 86,
      "content": "可看着一脸恼火，不断擦拭着手上机油的他，我又实在问不出话来。"
    },
    {
      "id": 87,
      "content": "更何况，他也只能听到我传出的滴答声……"
    },
    {
      "id": 88,
      "content": "现在……我觉得无论是哪个维吉里乌斯，都不如眼前的维吉里乌斯更能让我感到安心。"
    },
    {
      "id": 89,
      "content": "嗯……毕竟冷血的他才是他。"
    }
  ]
}