{
  "dataList": [
    {
      "id": 0,
      "content": "抵达8区的数日前……"
    },
    {
      "id": 1,
      "content": "那是和往常一样平凡无比，做着扭曲扫荡工作的某一天。"
    },
    {
      "id": 2,
      "place": "某后巷",
      "model": "단테3",
      "content": "<……>"
    },
    {
      "id": 3,
      "content": "而我看着吵闹着的罪人们，深深地垂下了肩膀与头。"
    },
    {
      "id": 4,
      "content": "或许我用右手摸了摸时钟的上半部分。"
    },
    {
      "id": 5,
      "content": "如果我的脑袋是靠电池驱动的话，那这正在发热的地方大概就是电池的所在之处吧。"
    },
    {
      "id": 6,
      "model": "이스마엘",
      "content": "不是！我说的不是左而是右吧？！难道除了我之外，其他人都搞错了右这个字的定义吗？"
    },
    {
      "id": 7,
      "model": "이상",
      "content": "我是……左撇子……"
    },
    {
      "id": 8,
      "model": "이스마엘",
      "content": "什……不、不是这个意思啊！呃啊？！"
    },
    {
      "id": 9,
      "model": "그레고르",
      "content": "哎哟……怎么脚步老是乱……虽然知道是哪边是右，但真是抱歉……"
    },
    {
      "id": 10,
      "model": "로쟈",
      "content": "不不~我还以为你说的是从那个扭曲的视角来看的右？"
    },
    {
      "id": 11,
      "model": "단테3",
      "content": "<那个，各位……？所以说我们先重整旗鼓……>"
    },
    {
      "id": 12,
      "model": "히스클리프2",
      "content": "喂，得了！直接数到三就一起扑上去吧！"
    },
    {
      "id": 13,
      "model": "단테3",
      "content": "<重整旗鼓……>"
    },
    {
      "id": 14,
      "model": "히스클리프2",
      "content": "……三！"
    },
    {
      "id": 15,
      "model": "싱클레어",
      "content": "……是忘了二吗，还是省略掉了？"
    },
    {
      "id": 16,
      "model": "이상",
      "content": "现在再问也没有意义了……"
    },
    {
      "id": 17,
      "model": "파우스트",
      "content": "看来有必要将希斯克利夫调整为待命人员，选择更为理性的成员再试一次。"
    },
    {
      "id": 18,
      "model": "단테3",
      "content": "<……浮士德。不会是契约已经解除了吧？大家好像都听不到我的声音一样。>"
    },
    {
      "id": 19,
      "model": "오티스",
      "content": "经理！恕我冒昧，但有一事亟待相求！"
    },
    {
      "id": 20,
      "model": "단테3",
      "content": "<哦……！我就知道只有奥提斯还会捧场……>"
    },
    {
      "id": 21,
      "model": "오티스",
      "content": "滴答声有些嘈杂，掌握战况会变得困难！能否请您稍微保持安静？"
    },
    {
      "id": 22,
      "model": "단테3",
      "content": "<……>"
    },
    {
      "id": 23,
      "model": "료슈",
      "content": "碍事。钟·头。"
    },
    {
      "id": 24,
      "content": "仅限今天……"
    },
    {
      "id": 25,
      "content": "我真的对那些比以往更加不听话的罪人们感到恼火……"
    },
    {
      "id": 26,
      "model": "단테3",
      "content": "<唉……>"
    },
    {
      "id": 27,
      "model": "단테3",
      "content": "<要是大家都换位思考一下，可能会更听我的话吧。>"
    },
    {
      "id": 28,
      "content": "在沮丧感的驱使下，我说出了那句话……"
    },
    {
      "id": 29,
      "content": "说出那句话时，我投向远方的视线，仿佛与某人对上了。"
    },
    {
      "id": 30,
      "model": "카론",
      "content": "……"
    },
    {
      "id": 31,
      "model": "단테3",
      "content": "<啊，咳咳……>"
    },
    {
      "id": 32,
      "model": "단테3",
      "content": "<我不是那个意思，卡戎……啊，反正你大概也听不到我的话。>"
    },
    {
      "id": 33,
      "model": "카론",
      "content": "许愿，的时候……"
    },
    {
      "id": 34,
      "model": "카론",
      "content": "不能，反悔哦。"
    },
    {
      "id": 35,
      "model": "단테3",
      "content": "<……？>"
    },
    {
      "id": 36,
      "content": "说了一些难以理解的话之后，卡戎就像什么事都没发生过一样，轻快地擦拭着停在路边的梅菲斯托费勒斯。"
    },
    {
      "id": 37,
      "content": "嘛，卡戎总是说些莫名其妙的话呢。"
    },
    {
      "id": 38,
      "content": "她大概也没有什么特别的意思吧……正当我这样想着，再度向罪人们望去的时候。"
    },
    {
      "id": 39,
      "model": "히스클리프2",
      "content": "……！喂！那个碎片弹过来了！"
    },
    {
      "id": 40,
      "model": "그레고르",
      "content": "小心那边！啊？！经理兄！"
    },
    {
      "id": 41,
      "content": "我听到了什么东西撞到铁板上那样响亮而清脆的声音。"
    },
    {
      "id": 42,
      "model": "단테3",
      "content": "<……诶？>"
    },
    {
      "id": 43,
      "content": "我的视野瞬间变得一片漆黑，紧接着，后背传来剧烈的冲击感。"
    },
    {
      "id": 44,
      "content": "我是摔了一跤吗？"
    },
    {
      "id": 45,
      "model": "이스마엘",
      "content": "……丁！你……还……吗？"
    },
    {
      "id": 46,
      "model": "오티스",
      "content": "……伙！那种……攻击……！"
    },
    {
      "id": 47,
      "model": "단테3",
      "content": "<听不清啊……>"
    },
    {
      "id": 48,
      "content": "……无所谓了。"
    },
    {
      "id": 49,
      "content": "连思考都渐渐变得麻烦起来了。"
    },
    {
      "id": 50,
      "content": "身体也很沉重，睡一觉说不定还能轻松些。"
    },
    {
      "id": 51,
      "model": "뫼르소",
      "content": "……这样。首先……"
    },
    {
      "id": 52,
      "content": "我通过模糊的视线，看到罪人们围在我身边……"
    },
    {
      "id": 53,
      "model": "단테3",
      "content": "<星……吗。>"
    },
    {
      "id": 54,
      "content": "我仿佛看到了闪闪发光的流星飞向某处。"
    },
    {
      "id": 55,
      "content": "又不知过了多久。"
    },
    {
      "id": 56,
      "place": "但丁的房间",
      "model": "히스클리프2",
      "content": "喂，醒醒。钟表头。"
    },
    {
      "id": 57,
      "model": "히스클리프2",
      "content": "我让你醒醒……"
    },
    {
      "id": 58,
      "content": "我睡着了吗？"
    },
    {
      "id": 59,
      "content": "是希斯克利夫试图叫醒我的声音。"
    },
    {
      "id": 60,
      "content": "刚、刚刚是被什么东西打晕了吗……？"
    },
    {
      "id": 61,
      "model": "히스클리프2",
      "content": "现在不是安逸睡觉的时候……"
    },
    {
      "id": 62,
      "content": "希斯克利夫……他自己都赖床，别人比他晚一点还乱发脾气。"
    },
    {
      "id": 63,
      "content": "反正，哎……希斯克利夫本来就这样……"
    },
    {
      "id": 64,
      "content": "但……音调好像比平时高了……一些……"
    },
    {
      "id": 65,
      "model": "싱클레어",
      "content": "喂，钟表头！醒醒！"
    },
    {
      "id": 66,
      "model": "단테3",
      "content": "<……？……？！？！>"
    },
    {
      "id": 67,
      "content": "这……这……不对吧。"
    },
    {
      "id": 68,
      "model": "단테3",
      "content": "<辛、辛克莱？！刚、刚才是你在说话？没事吧？>"
    },
    {
      "id": 69,
      "model": "싱클레어",
      "content": "你觉得……"
    },
    {
      "id": 70,
      "model": "싱클레어",
      "content": "这看起来像没事吗？！"
    },
    {
      "id": 71,
      "model": "단테3",
      "content": "<……哈、哈哈！没、没想到你还会开这种玩笑啊？真不错呢，辛克莱……>"
    },
    {
      "id": 72,
      "model": "히스클리프2",
      "content": "经、经经……经理！"
    },
    {
      "id": 73,
      "model": "히스클리프2",
      "content": "我们、怎、怎、怎……怎么办啊？！"
    },
    {
      "id": 74,
      "model": "단테3",
      "content": "<……不是玩笑……吗？>"
    },
    {
      "id": 75,
      "content": "皱着眉头嘟囔着各种不堪入耳的脏话的辛克莱。"
    },
    {
      "id": 76,
      "content": "从他身后探出头来瑟瑟发抖的希斯克利夫。"
    },
    {
      "id": 77,
      "content": "……所有的事物都不合逻辑。"
    },
    {
      "id": 78,
      "content": "……必、必须得逃！"
    },
    {
      "id": 79,
      "content": "我仓皇地站起来，连滚带爬地奔向走廊寻找其他的罪人。"
    },
    {
      "id": 80,
      "place": "巴士的走廊",
      "model": "단테3",
      "content": "<有、有人吗？！希斯克利夫和辛克莱都很奇怪！！>"
    },
    {
      "id": 81,
      "model": "단테3",
      "content": "<哇？！>"
    },
    {
      "id": 82,
      "content": "我、我撞上了……谁——"
    },
    {
      "id": 83,
      "model": "료슈F",
      "content": "……"
    },
    {
      "id": 84,
      "model": "단테3",
      "content": "<良、良秀。抱歉，我没好好看着前面……啊，对了……>"
    },
    {
      "id": 85,
      "content": "……等下。是良秀的话在这种情况下应该能轻松避开吧？"
    },
    {
      "id": 86,
      "content": "抱着这样的疑问，一屁股坐到地上的我抬头看向良秀……"
    },
    {
      "id": 87,
      "content": "那是一副乘上巴士至今，不……以后也绝无可能见到的表情。"
    },
    {
      "id": 88,
      "model": "료슈F",
      "content": "啊，但丁阁下~你还好吗？"
    },
    {
      "id": 89,
      "model": "료슈F",
      "content": "我还没适应这副身体……结果没来得及避开但丁阁下呢。有伤到吗……"
    },
    {
      "id": 90,
      "content": "有着良秀面孔的那个人，边说着边向我伸出了手。"
    },
    {
      "id": 91,
      "content": "这是什么意思？是要砍断粗心大意的我的手腕吗？"
    },
    {
      "id": 92,
      "content": "还是说当真……"
    },
    {
      "id": 93,
      "model": "료슈F",
      "content": "吓了一跳吧？呵呵……其他罪人们都在巴士上等着但丁阁下呢。"
    },
    {
      "id": 94,
      "model": "료슈F",
      "content": "来，抓住我的手……"
    },
    {
      "id": 95,
      "model": "단테3",
      "content": "<呀啊啊啊啊！！！！>"
    },
    {
      "id": 96,
      "model": "료슈F",
      "content": "但、但丁阁下！为什么您突然像四脚兽一样四肢着地奔跑？"
    },
    {
      "id": 97,
      "content": "不可能存在于现实的言行让我产生了极度的恐惧。我甚至来不及站起身就仓皇逃窜。"
    },
    {
      "id": 98,
      "content": "无论如何、无论如何我都要离开这……"
    },
    {
      "id": 99,
      "place": "梅菲斯托费勒斯 内部",
      "model": "뫼르소",
      "content": "但丁~~~！"
    },
    {
      "id": 100,
      "model": "뫼르소",
      "content": "怎么这么慢啊？我们找了你好久！"
    },
    {
      "id": 101,
      "model": "뫼르소",
      "content": "跟你说，跟你说。一觉醒来大家都乱套了呢？"
    },
    {
      "id": 102,
      "model": "로쟈",
      "content": "……"
    },
    {
      "id": 103,
      "model": "로쟈",
      "content": "据推测，在罪人们的睡眠时间中，所有罪人的意识因不明原因发生了互换。执行经理。"
    },
    {
      "id": 104,
      "model": "로쟈",
      "content": "推测发生时间是昨夜……"
    },
    {
      "id": 105,
      "model": "뫼르소",
      "content": "噗哈哈！看、看哪！尤其是那表情！啊~太好笑了……是吧，但丁？"
    },
    {
      "id": 106,
      "model": "뫼르소",
      "content": "推测发生时间是昨夜……"
    },
    {
      "id": 107,
      "model": "뫼르소",
      "content": "呵哈，好笑得我都学不出来了~"
    },
    {
      "id": 108,
      "content": "好笑？这很好笑吗……？"
    },
    {
      "id": 109,
      "model": "단테3",
      "content": "<浮士德……浮士德在哪……>"
    },
    {
      "id": 110,
      "model": "로쟈",
      "content": "浮士德在巴士前面左侧第二个座位处。"
    },
    {
      "id": 111,
      "model": "단테3",
      "content": "<谢……谢你，但是能直接指出来吗……？一直听的话脑袋都变混乱了……变得分不清了。>"
    },
    {
      "id": 112,
      "model": "로쟈",
      "content": "当然。执行经理。"
    },
    {
      "id": 113,
      "model": "단테3",
      "content": "<啊……>"
    },
    {
      "id": 114,
      "content": "连回答的力气都使不出来的我，向着罗佳……所指的方向摇摇晃晃地走了过去。"
    },
    {
      "id": 115,
      "model": "파우스트",
      "content": "啊。"
    },
    {
      "id": 116,
      "model": "파우스트",
      "content": "经理……"
    },
    {
      "id": 117,
      "model": "단테3",
      "content": "<浮士德……！你、你没事吗？这是什么情况——>"
    },
    {
      "id": 118,
      "model": "파우스트",
      "content": "老爷！！！！！！！！！！！！！！！！！！！！！"
    },
    {
      "id": 119,
      "model": "단테3",
      "content": "<啊。>"
    },
    {
      "id": 120,
      "content": "完了……"
    },
    {
      "id": 121,
      "model": "단테3",
      "content": "<为什么偏偏是堂吉诃德……>"
    },
    {
      "id": 122,
      "model": "파우스트",
      "content": "为何要用“偏偏”这等失礼之辞！"
    },
    {
      "id": 123,
      "model": "파우스트",
      "content": "此事暂且不提，老爷。吾，自从变为浮士德之模样后感受到了不可思议的变化！"
    },
    {
      "id": 124,
      "model": "파우스트",
      "content": "非常非常……聪慧是也！恍若豁然开朗一般！"
    },
    {
      "id": 125,
      "model": "파우스트",
      "content": "吾仿佛能够预见这样一幅景象……在展开一场精彩的冒险之后，沐浴在市民们欢呼声中归来的白发……不，金发……"
    },
    {
      "id": 126,
      "model": "돈키호테",
      "content": "那是不可能的。"
    },
    {
      "id": 127,
      "model": "돈키호테",
      "content": "即使有其他精神寄宿其中，原本身体的知识或者权限也不会转移。"
    },
    {
      "id": 128,
      "model": "돈키호테",
      "content": "另外，刚才你所说的并非预见，而应称之为想象。"
    },
    {
      "id": 129,
      "model": "파우스트",
      "content": "哦哦！吾方才还在寻汝，浮……不，堂吉诃德……此言为佳？"
    },
    {
      "id": 130,
      "model": "파우스트",
      "content": "脑海中似乎一直回荡着拒绝访问之声，吾莫不是患了何种病症？！"
    },
    {
      "id": 131,
      "model": "돈키호테",
      "content": "……请坐下。看来话题还很长。"
    },
    {
      "id": 132,
      "model": "단테3",
      "content": "<现在不是做那种事的——>"
    },
    {
      "id": 133,
      "model": "오티스",
      "content": "咳咳。"
    },
    {
      "id": 134,
      "model": "단테3",
      "content": "<奥提斯……？>"
    },
    {
      "id": 135,
      "model": "단테3",
      "content": "<不对……你是……谁？>"
    },
    {
      "id": 136,
      "content": "她的眼中流露出一丝不安和深深的忧伤……"
    },
    {
      "id": 137,
      "model": "오티스",
      "content": "不必惊慌，但丁。"
    },
    {
      "id": 138,
      "model": "오티스",
      "content": "我虽亦是一头雾水……但这种时候还是冷静下来分析现状……"
    },
    {
      "id": 139,
      "model": "이상",
      "content": "你这混蛋！！！"
    },
    {
      "id": 140,
      "content": "从一旁突然冲过来的李箱……用火冒三丈的声音……怒吼着。"
    },
    {
      "id": 141,
      "model": "이상",
      "content": "竟敢冒充我的形象，妄图篡夺执行经理左膀右臂之位！"
    },
    {
      "id": 142,
      "model": "이상",
      "content": "还有，不准没大没小地用我的声音直呼执行经理的名字！"
    },
    {
      "id": 143,
      "model": "오티스",
      "content": "并、并非如此……这实在是天大的误解，奥提斯女士。"
    },
    {
      "id": 144,
      "model": "이상",
      "content": "什么误解！卑鄙之徒，你一直在心底盘算着这般恶毒的诡计吗！"
    },
    {
      "id": 145,
      "model": "단테3",
      "content": "<停、停下……>"
    },
    {
      "id": 146,
      "model": "뫼르소",
      "content": "但丁，但丁！那个……格雷格的脸色不太好，你能去问问吗。"
    },
    {
      "id": 147,
      "model": "이상",
      "content": "你自己去问不就行了？"
    },
    {
      "id": 148,
      "model": "뫼르소",
      "content": "啊，那个~虽然大家都是熟人……但你懂那种感觉吧？就好比吃夹心巧克力时，因为不知道里面藏着什么，而有点惴惴不安……的样子？"
    },
    {
      "id": 149,
      "model": "이스마엘F",
      "content": "喂……你说得太过分了。"
    },
    {
      "id": 150,
      "model": "단테3",
      "content": "<快停下……>"
    },
    {
      "id": 151,
      "model": "이스마엘F",
      "content": "喂，经理兄……那个，嘛……就是变成这样了。我也不清楚到底是怎么回事。"
    },
    {
      "id": 152,
      "model": "이스마엘F",
      "content": "在巴士上从小睡中醒来后，第一眼看见的，就是郁闷地看着我那条胳膊的，我自己的脸……"
    },
    {
      "id": 153,
      "model": "그레고르F",
      "content": "那个……啊。"
    },
    {
      "id": 154,
      "model": "그레고르F",
      "content": "我……天生就是个水手……"
    },
    {
      "id": 155,
      "model": "그레고르F",
      "content": "这种……与水相克的……虫臂什么的……"
    },
    {
      "id": 156,
      "content": "格里……不对，以实玛利以一种万念俱灰的语气小声嘟囔着。"
    },
    {
      "id": 157,
      "model": "이스마엘F",
      "content": "嘛~习惯了就会好起来的，那个。我第一次照镜子看到它时，也忍不住想吐呢。"
    },
    {
      "id": 158,
      "model": "그레고르F",
      "content": "这不是一码事吧……明明我从一开始就刻意避开那种话了，为什么还要无端说些让人哑口无言的话……"
    },
    {
      "id": 159,
      "model": "이상",
      "content": "你们这群废物！区区互换身体这种小事怎么就能让你们乱成一锅粥！"
    },
    {
      "id": 160,
      "model": "오티스",
      "content": "实、实在抱歉，各位……那虽是我的模样，却不是我的话语……还请谅解……"
    },
    {
      "id": 161,
      "model": "단테3",
      "content": "<……>"
    },
    {
      "id": 162,
      "content": "这是地狱吧。"
    },
    {
      "id": 163,
      "content": "说是要“踏上前往地狱的旅程”，结果根本不用绕远路啊，这里就是地狱吧……"
    },
    {
      "id": 164,
      "content": "我放弃一切希望，靠在巴士角落的座位上，抓住刺痛的钟表叹了口气。"
    },
    {
      "id": 165,
      "content": "……在重新振作起来寻找对策之前，可能还需要一些时间。"
    },
    {
      "id": 166,
      "content": "不久之后……"
    },
    {
      "id": 167,
      "model": "이상",
      "content": "所以，浮士德。你觉得发生这种现象的原因是什么。"
    },
    {
      "id": 168,
      "model": "파우스트",
      "content": "嗯……"
    },
    {
      "id": 169,
      "model": "파우스트",
      "content": "哎呀，众多视线聚焦于吾，稍有些害羞呢！哈哈……"
    },
    {
      "id": 170,
      "model": "이상",
      "content": "咳，我没问你！好，那么……堂吉诃德……"
    },
    {
      "id": 171,
      "model": "파우스트",
      "content": "嗯！吾在此！"
    },
    {
      "id": 172,
      "model": "이상",
      "content": "你这混蛋……！"
    },
    {
      "id": 173,
      "model": "싱클레어",
      "content": "哈。一团糟。"
    },
    {
      "id": 174,
      "model": "단테3",
      "content": "<那个，都冷静一下吧，各位……？超过三个人插话我就要疯掉了……>"
    },
    {
      "id": 175,
      "model": "돈키호테",
      "content": "……可推测出下述原因。"
    },
    {
      "id": 176,
      "model": "돈키호테",
      "content": "昨夜为250401日，是可观测到名为“W15H”的流星经过都市之日。"
    },
    {
      "id": 177,
      "model": "돈키호테",
      "content": "据都市的传闻所说……若凝视流星许愿，纵使希望渺茫，仍可能得偿所愿。"
    },
    {
      "id": 178,
      "model": "히스클리프2",
      "content": "啊……还有那种星星吗……？"
    },
    {
      "id": 179,
      "model": "료슈F",
      "content": "哇！这么低的概率也能实现呢？好浪漫呀~"
    },
    {
      "id": 180,
      "model": "홍루",
      "content": "不，只不过是陈词滥调。"
    },
    {
      "id": 181,
      "model": "이상",
      "content": "好！给你们坦白从宽的时间。"
    },
    {
      "id": 182,
      "model": "이상",
      "content": "到底是哪个傻子许了这种荒唐的愿望，才搞成现在这副样子！"
    },
    {
      "id": 183,
      "model": "오티스",
      "content": "我为自己的样子深表歉意……"
    },
    {
      "id": 184,
      "model": "이상",
      "content": "现在招供，我就大发慈悲只处决你三次……"
    },
    {
      "id": 185,
      "model": "단테3",
      "content": "<呃……>"
    },
    {
      "id": 186,
      "model": "단테3",
      "content": "<那个愿望……好像是我许的……李箱……不是，奥提斯。>"
    },
    {
      "id": 187,
      "model": "이상",
      "content": "……"
    },
    {
      "id": 188,
      "model": "이상",
      "content": "执、执行经理您吗？！"
    },
    {
      "id": 189,
      "model": "단테3",
      "content": "<上次处理扭曲事件的时候，你们实在太不听话了……我就随口说了句“要是大家都可以换位思考一下就好了”……>"
    },
    {
      "id": 190,
      "model": "그레고르F",
      "content": "噗……"
    },
    {
      "id": 191,
      "model": "그레고르F",
      "content": "现在怎么办呢，奥提斯女士。要砍掉你的执行经理的头吗？"
    },
    {
      "id": 192,
      "content": "从最初的惊讶中恢复过来后，格里高尔模样的以实玛利嘲讽道。"
    },
    {
      "id": 193,
      "model": "이스마엘F",
      "content": "哎呀~怎么可能呢？而且说到底也不能保证真的是因为那个。"
    },
    {
      "id": 194,
      "model": "이스마엘F",
      "content": "但是……经理兄，真的没什么办法吗？"
    },
    {
      "id": 195,
      "model": "그레고르F",
      "content": "啊？等一下，格里高尔先生！不要用我的身体抽烟。"
    },
    {
      "id": 196,
      "model": "이스마엘F",
      "content": "不会点着的……我只是需要叼着什么东西来……缓解不安。"
    },
    {
      "id": 197,
      "model": "료슈F",
      "content": "呵呵，事已至此。今后就这样一直生活下去，感觉也还挺有意思……"
    },
    {
      "id": 198,
      "model": "싱클레어",
      "content": "喂，没门啊？以一个娇生惯养的少爷姿态活着有什么意思……"
    },
    {
      "id": 199,
      "model": "히스클리프2",
      "content": "明明……增肌了的……"
    },
    {
      "id": 200,
      "model": "싱클레어",
      "content": "……该死的！"
    },
    {
      "id": 201,
      "model": "홍루",
      "content": "……没办法了啊。"
    },
    {
      "id": 202,
      "model": "홍루",
      "content": "让我们全·杀然后倒转时钟。"
    },
    {
      "id": 203,
      "content": "鸿璐……已经点燃了第11根烟，并摸向自己的后背。"
    },
    {
      "id": 204,
      "content": "然后，发现平常随身携带的那把巨大的太刀不在，便烦躁地咂舌。"
    },
    {
      "id": 205,
      "model": "홍루",
      "content": "喂。刀，拿来。呼……"
    },
    {
      "id": 206,
      "model": "단테3",
      "content": "<用着别人的身体，为什么你还抽那么多烟呢……>"
    },
    {
      "id": 207,
      "model": "료슈F",
      "content": "呵呵，我没关系的。啊……不过，这把刀……似乎很难拔出鞘呢？"
    },
    {
      "id": 208,
      "model": "홍루",
      "content": "那把刀。想拔的话……得做好觉悟。"
    },
    {
      "id": 209,
      "content": "看着良秀模样的鸿璐咔嚓咔嚓拔刀的样子，鸿璐模样的良秀用冷若冰霜的声音说道。"
    },
    {
      "id": 210,
      "model": "뫼르소",
      "content": "嗯~我赞成良秀的想法。"
    },
    {
      "id": 211,
      "content": "默尔索……带着爽朗的语调举起了手。"
    },
    {
      "id": 212,
      "model": "그레고르F",
      "content": "虽然我心里有底，但这是在指哪位良秀小姐呢？"
    },
    {
      "id": 213,
      "model": "뫼르소",
      "content": "当然是现在的良秀啦~再保持这样久一点如何？也算是一种转换心情吧……"
    },
    {
      "id": 214,
      "model": "그레고르F",
      "content": "……真奇怪啊，我还以为咱俩指的是同一位……"
    },
    {
      "id": 215,
      "model": "로쟈",
      "content": "这需要与被替换对象之间有着相互合作的意愿。"
    },
    {
      "id": 216,
      "model": "뫼르소",
      "content": "嗯？怎么，默尔待在我身体里的时候不是很有趣吗？"
    },
    {
      "id": 217,
      "model": "뫼르소",
      "content": "啊~我是不是该喊你罗佳啊？这太有趣了！"
    },
    {
      "id": 218,
      "model": "로쟈",
      "content": "……这并非有不有趣的问题。仅仅是不妥——"
    },
    {
      "id": 219,
      "model": "뫼르소",
      "content": "不，所以你是觉得有趣~还是无趣~？"
    },
    {
      "id": 220,
      "model": "단테3",
      "content": "<为什么……只有我在认真烦恼吗……>"
    },
    {
      "id": 221,
      "content": "正当意识要远去的瞬间，堂吉诃德……悄悄地来到了我身旁。"
    },
    {
      "id": 222,
      "model": "돈키호테",
      "content": "但丁。"
    },
    {
      "id": 223,
      "model": "돈키호테",
      "content": "还是先和维吉里乌斯面谈一下比较妥当。"
    },
    {
      "id": 224,
      "model": "단테3",
      "content": "<……啊。说起来他还没到巴士里来啊。>"
    },
    {
      "id": 225,
      "content": "我望着巴士后门的方向悄悄说道。"
    },
    {
      "id": 226,
      "model": "돈키호테",
      "content": "虽然这种概率本就微乎其微不可确信，但如果真的是我所说的流星导致了这种现象……也许就算是你的能力也无法将他们复原。"
    },
    {
      "id": 227,
      "model": "단테3",
      "content": "<欸……？那大家就要永远保持这种状态吗？>"
    },
    {
      "id": 228,
      "model": "돈키호테",
      "content": "别使用盖棺定论般的语气说出如此可怕的预测会比较好，但丁。"
    },
    {
      "id": 229,
      "content": "堂吉诃德……好像浑身哆嗦了一下。"
    },
    {
      "id": 230,
      "model": "돈키호테",
      "content": "首先，在目前的状态下我无法连上浮士德……无法连上Gesellschaft。"
    },
    {
      "id": 231,
      "model": "단테3",
      "content": "<……啊！刚刚堂吉诃德……好像说是听到了拒绝访问之类的。>"
    },
    {
      "id": 232,
      "model": "돈키호테",
      "content": "是的，在这种状态下亦无法使那具身体通过代理的方式获取情报。"
    },
    {
      "id": 233,
      "model": "돈키호테",
      "content": "……我已经能预见到她们会如何嘲笑我了。想必数十年后她们也会时不时将这件事作为杂谈。"
    },
    {
      "id": 234,
      "model": "돈키호테",
      "content": "而我……则想避免这种成为她们永远笑柄的命运。"
    },
    {
      "id": 235,
      "model": "돈키호테",
      "content": "所以为了迅速改善现状，听从我的判断会较为妥当。"
    },
    {
      "id": 236,
      "model": "단테3",
      "content": "<……只是因为不想被笑话吗？>"
    },
    {
      "id": 237,
      "model": "단테3",
      "content": "<但是……也没别的办法了。那就跟我过去帮我传译一下……>"
    },
    {
      "id": 238,
      "model": "돈키호테",
      "content": "……还请您另请他人，但丁。"
    },
    {
      "id": 239,
      "content": "……她别开了视线。"
    },
    {
      "id": 240,
      "content": "这副模样，表达着她绝不会以这种状态与我同行的强硬态度。"
    },
    {
      "id": 241,
      "model": "단테3",
      "content": "<那、那样的话……鸿璐，和我一起……>"
    },
    {
      "id": 242,
      "model": "홍루",
      "content": "钟·头。我看起来像是会做那种事的人吗。"
    },
    {
      "id": 243,
      "model": "단테3",
      "content": "<啊，抱歉。我混淆了。我是指这边的鸿璐……>"
    },
    {
      "id": 244,
      "model": "료슈F",
      "content": "好~"
    },
    {
      "id": 245,
      "model": "단테3",
      "content": "<嗯，好的……我们走吧。>"
    },
    {
      "id": 246,
      "content": "就在这时。"
    },
    {
      "id": 247,
      "content": "突然哐的一声，后门就这么打开了……"
    },
    {
      "id": 248,
      "model": "베르길리우스2",
      "content": "……"
    },
    {
      "id": 249,
      "content": "维吉里乌斯出现了。"
    },
    {
      "id": 250,
      "content": "与卡戎一同出现的他，看起来闷闷不乐……"
    },
    {
      "id": 251,
      "content": "他大步地从静下来的罪人们之间走过，跨坐在巴士前方的坐席上。"
    },
    {
      "id": 252,
      "content": "难道他已经把握了情况……？"
    },
    {
      "id": 253,
      "content": "不对，毕竟维吉里乌斯平时也是这副模样。"
    },
    {
      "id": 254,
      "content": "我带着良秀……走上前去向他搭话。"
    },
    {
      "id": 255,
      "model": "단테3",
      "content": "<那个……维吉里乌斯。我不知道你知不知道，但现在好像出了些大事。至于是什么……总之真的是件大事……>"
    },
    {
      "id": 256,
      "model": "료슈F",
      "content": "嗯，但丁阁下说出大事了。那好像是比大事还要更大的大事呢！呼呼。"
    },
    {
      "id": 257,
      "model": "단테3",
      "content": "<明、明白了吧？！你看看良秀。她的语调很奇怪啊！她甚至还在笑！明明一个人都没死！>"
    },
    {
      "id": 258,
      "model": "료슈F",
      "content": "但丁说您马上就能明白哦？啊，话说我的语调很奇怪吗？"
    },
    {
      "id": 259,
      "model": "베르길리우스2",
      "content": "……"
    },
    {
      "id": 260,
      "content": "维吉里乌斯的嘴纹丝不动。"
    },
    {
      "id": 261,
      "content": "不知道他是想让我继续说下去，还是惊愕与困惑使他哑口无言。"
    },
    {
      "id": 262,
      "content": "他的表情看起来就像是在考验我一般……"
    },
    {
      "id": 263,
      "content": "我只能语无伦次地把事情全盘托出。"
    },
    {
      "id": 264,
      "model": "단테3",
      "content": "<怎么说呢……？其、其实我也有错。因为我一气之下许下了愿望……哦不是，应该说是想了些什么……不对，我是说了出来……那个W……啊，因为那什么的流星坠落了……但是那颗流星时隔25万……啊，那叫什么来着。总之……>"
    },
    {
      "id": 265,
      "model": "료슈F",
      "content": "……嗯~"
    },
    {
      "id": 266,
      "model": "료슈F",
      "content": "抱歉，但丁阁下。我听不太懂……"
    },
    {
      "id": 267,
      "model": "베르길리우스2",
      "content": "……"
    },
    {
      "id": 268,
      "content": "维吉里乌斯的视线中依旧充满了寒意。"
    },
    {
      "id": 269,
      "content": "……而我则在其中意识到了某种违和感。"
    },
    {
      "id": 270,
      "content": "所以说，在这种情况下……"
    },
    {
      "id": 271,
      "model": "베르길리우스2",
      "content": "糖。"
    },
    {
      "id": 272,
      "content": "不可能只有维吉里乌斯……幸免于难吧。"
    },
    {
      "id": 273,
      "model": "베르길리우스2",
      "content": "糖果……什么时候给？"
    },
    {
      "id": 274,
      "model": "단테3",
      "content": "<啊。>"
    },
    {
      "id": 275,
      "model": "단테3",
      "content": "<不行，不行。别这样。别这样好不好。>"
    },
    {
      "id": 276,
      "model": "료슈F",
      "content": "但丁阁下……？"
    },
    {
      "id": 277,
      "model": "베르길리우스2",
      "content": "巴士司机得吃些甜甜的东西。"
    },
    {
      "id": 278,
      "model": "베르길리우스2",
      "content": "没有糖果，就不能……布隆布隆了。"
    },
    {
      "id": 279,
      "model": "카론",
      "content": "但丁……"
    },
    {
      "id": 280,
      "model": "카론",
      "content": "你究竟向星星许下了何等荒谬的愿望，才整出了这等乱摊子……"
    },
    {
      "id": 281,
      "content": "我……"
    },
    {
      "id": 282,
      "model": "료슈F",
      "content": "啊~原来是这样啊？"
    },
    {
      "id": 283,
      "model": "료슈F",
      "content": "请问……您有没有带糖果呢？卡戎……不对，维吉里乌斯阁下？"
    },
    {
      "id": 284,
      "content": "我当场就失去了意识。"
    },
    {
      "id": 285,
      "content": "不久之后……"
    },
    {
      "id": 286,
      "model": "싱클레어",
      "content": "噢，来了。喂，怎么样了？找到复原的方法了吗？"
    },
    {
      "id": 287,
      "model": "뫼르소",
      "content": "但丁~鸿璐他呀，总是说要死·活，要劝住真是废了九牛二虎之力啊~"
    },
    {
      "id": 288,
      "model": "홍루",
      "content": "哼。用这偃月刀也能做到。不过一·击·必·杀倒是不太可能。"
    },
    {
      "id": 289,
      "model": "파우스트",
      "content": "老爷！！！瞧瞧这个，此等白发岂不是能将上回失败的北部雪原公主cosplay以卓越的品质复现？"
    },
    {
      "id": 290,
      "model": "돈키호테",
      "content": "我不允许。"
    },
    {
      "id": 291,
      "model": "이상",
      "content": "不对！不是那样！挺起胸膛！以威风凛凛的语气！用腹部发力吼出声！"
    },
    {
      "id": 292,
      "model": "오티스",
      "content": "你、你们这些虫豸……！"
    },
    {
      "id": 293,
      "model": "이상",
      "content": "再大声点！"
    },
    {
      "id": 294,
      "model": "오티스",
      "content": "你、你们这些……我、我做不到……"
    },
    {
      "id": 295,
      "model": "그레고르F",
      "content": "都这样了还非要整这一出吗……"
    },
    {
      "id": 296,
      "model": "그레고르F",
      "content": "啊，但丁。所以维吉里乌斯都说了什么？你们太小声了所以没听见……"
    },
    {
      "id": 297,
      "model": "그레고르F",
      "content": "是不是说要向上头汇报，并尽快得出能够恢复原状的方法？是吧？"
    },
    {
      "id": 298,
      "model": "단테3",
      "content": "<……>"
    },
    {
      "id": 299,
      "model": "로쟈",
      "content": "貌似不太现实。"
    },
    {
      "id": 300,
      "model": "이스마엘F",
      "content": "嗯？不是，这有什么不现实的？能不能再说具体一点……"
    },
    {
      "id": 301,
      "model": "히스클리프2",
      "content": "看……看那边……"
    },
    {
      "id": 302,
      "model": "히스클리프2",
      "content": "维吉里乌斯先生……好像抱着什么……"
    },
    {
      "id": 303,
      "model": "카론",
      "content": "啊……是可米。"
    },
    {
      "id": 304,
      "model": "카론",
      "content": "……这是卡戎最珍惜的玩偶。"
    },
    {
      "id": 305,
      "teller": "罪人们",
      "title": "LCB",
      "content": "……"
    },
    {
      "id": 306,
      "model": "단테3",
      "content": "<这有没有起到一点……说明的作用？>"
    },
    {
      "id": 307,
      "model": "베르길리우스2",
      "content": "糖果。不给的话，不会放过你们的。可米是这么说的。"
    },
    {
      "id": 308,
      "model": "이상",
      "content": "这话什么意思！还不放过我们，你到底……"
    },
    {
      "id": 309,
      "model": "오티스",
      "content": "奥提斯女士……对卡戎女士大喊大叫可不好……"
    },
    {
      "id": 310,
      "model": "파우스트",
      "content": "可米是何人？！是某本书中登场的反派么？"
    },
    {
      "id": 311,
      "model": "싱클레어",
      "content": "不放过我们……喂！你觉得你是在和谁说话！"
    },
    {
      "id": 312,
      "model": "싱클레어",
      "content": "不放过我们还能怎么的！"
    },
    {
      "id": 313,
      "model": "히스클리프2",
      "content": "别、别这样了！要是我们……跟维、维、维吉里乌斯先生战斗的话……"
    },
    {
      "id": 314,
      "model": "싱클레어",
      "content": "喂！你要是再用我的脸说话结巴三次以上，我就把你杀掉！"
    },
    {
      "id": 315,
      "model": "히스클리프2",
      "content": "噫噫……！"
    },
    {
      "id": 316,
      "model": "파우스트",
      "content": "啊、经理老爷……嗯、吾无论如何都不想同特色决斗……"
    },
    {
      "id": 317,
      "model": "로쟈",
      "content": "构成可米的主要成分为7%的棉纤维、3%的合成纤维以及90%的棉花，但并不能仅以此判定其在实战中的物理力量只能达到棉花拳头的程度。"
    },
    {
      "id": 318,
      "model": "로쟈",
      "content": "特别是，反复缝合过的痕迹显示其具有不少战斗经验。"
    },
    {
      "id": 319,
      "model": "뫼르소",
      "content": "哎呀~维吉，这么看上去真是太可爱了吧~"
    },
    {
      "id": 320,
      "model": "홍루",
      "content": "全·杀·全·回。"
    },
    {
      "id": 321,
      "model": "홍루",
      "content": "……翻译。"
    },
    {
      "id": 322,
      "model": "히스클리프2",
      "content": "全员都杀掉的话全员就都会变回来……是这个意思。"
    },
    {
      "id": 323,
      "model": "파우스트",
      "content": "莫~~~要~~~！！！为何要把吾之宝贵徽章统统摘下！"
    },
    {
      "id": 324,
      "model": "돈키호테",
      "content": "……战斗时会产生妨碍。"
    },
    {
      "id": 325,
      "model": "파우스트",
      "content": "何出此言……！至、至少当心以防划痕……"
    },
    {
      "id": 326,
      "model": "단테3",
      "content": "<哈哈。>"
    },
    {
      "id": 327,
      "model": "단테3",
      "content": "<我要疯了。>"
    },
    {
      "id": 328,
      "model": "료슈F",
      "content": "哇！但丁阁下说了泄气话耶！以前从没听过呢……"
    },
    {
      "id": 329,
      "model": "오티스",
      "content": "是哪里感到痛苦吗，但丁……"
    },
    {
      "id": 330,
      "model": "베르길리우스2",
      "content": "……糖果。没有吗？"
    },
    {
      "id": 331,
      "model": "이상",
      "content": "呃……那家伙，要进入战斗状态了！"
    },
    {
      "id": 332,
      "model": "단테3",
      "content": "<……就没有，什么办法吗。>"
    },
    {
      "id": 333,
      "model": "돈키호테",
      "content": "……啊。但、但丁在询问……还有没有别的办法……"
    },
    {
      "id": 334,
      "model": "돈키호테",
      "content": "维吉……里乌斯。"
    },
    {
      "id": 335,
      "model": "카론",
      "content": "……就像你们知道的那样。"
    },
    {
      "id": 336,
      "model": "카론",
      "content": "卡戎不知道罗马短剑的用法。也可以看作没有任何战斗经验。"
    },
    {
      "id": 337,
      "model": "카론",
      "content": "虽然身体是我的……但仅此一点对你们来说也是莫大的优势了。"
    },
    {
      "id": 338,
      "model": "카론",
      "content": "即使并不容易……但你们或许还是能战胜我的。"
    },
    {
      "id": 339,
      "model": "카론",
      "content": "但，就算真的发生了这种事……要是有人夸大地说自己战胜了猩红凝视……"
    },
    {
      "id": 340,
      "model": "카론",
      "content": "如果我看到一丝一毫表明这种荒谬的胡言乱语在巴士上流传的迹象……"
    },
    {
      "id": 341,
      "model": "카론",
      "content": "我会让你们实打实地……付出代价。"
    },
    {
      "id": 342,
      "content": "卡戎的眼中闪烁着威慑的光。"
    },
    {
      "id": 343,
      "content": "仿佛瞳孔中映着猩红一般……"
    },
    {
      "id": 344,
      "model": "싱클레어",
      "content": "……嘁。"
    },
    {
      "id": 345,
      "content": "虽然有人失望地咂了咂舌，但我选择无视掉。"
    },
    {
      "id": 346,
      "model": "베르길리우스2",
      "content": "……可米，生气了。"
    },
    {
      "id": 347,
      "model": "베르길리우스2",
      "content": "巴士司机，罢工。"
    },
    {
      "id": 348,
      "model": "그레고르F",
      "content": "不、不是。真的要就这样跟特色对战吗？！说到底战斗又能改变什么啊……"
    },
    {
      "id": 349,
      "model": "이스마엘F",
      "content": "嘿……我想现在不是该讨论这些细节的时候吧……？"
    },
    {
      "id": 350,
      "model": "베르길리우스2",
      "content": "你们……"
    },
    {
      "id": 351,
      "model": "베르길리우스2",
      "content": "全员。下。车。"
    }
  ]
}