{
  "dataList": [
    {
      "id": 0,
      "place": "梅菲斯托费勒斯 内部",
      "model": "단테3",
      "content": "<呼哇啊啊啊啊！！！>"
    },
    {
      "id": 1,
      "content": "哈、哈……"
    },
    {
      "id": 2,
      "content": "这里是……"
    },
    {
      "id": 3,
      "content": "我的确记得梅菲斯托费勒斯仿佛要将我们碾碎一般，以最高速度冲来……"
    },
    {
      "id": 4,
      "model": "히스클리프2",
      "content": "咋了，钟表头。怎么又一惊一乍的？你的脑袋又要爆炸了不成？"
    },
    {
      "id": 5,
      "model": "단테3",
      "content": "<希斯克利夫……！>"
    },
    {
      "id": 6,
      "model": "단테3",
      "content": "<希、希斯克利夫……是你吗？>"
    },
    {
      "id": 7,
      "model": "히스클리프2",
      "content": "呃……！什么鬼？！干什么，恶心死了！一边去？！"
    },
    {
      "id": 8,
      "model": "단테3",
      "content": "<真的是……希斯克利夫……！>"
    },
    {
      "id": 9,
      "model": "싱클레어",
      "content": "经、经理！您终于醒了！您醒不过来大家都很担心您呢！"
    },
    {
      "id": 10,
      "model": "료슈",
      "content": "呼，发·转·没。"
    },
    {
      "id": 11,
      "model": "싱클레어",
      "content": "她说只要发条还在好好转动就没什么问题……"
    },
    {
      "id": 12,
      "model": "이상",
      "content": "在浮士德女士得出没有异常的结论之前，大家都很担心你，但丁……"
    },
    {
      "id": 13,
      "model": "로쟈",
      "content": "就是就是，我还以为会就这样一直醒不过来呢~"
    },
    {
      "id": 14,
      "model": "홍루",
      "content": "啊……但丁阁下，钟表的时针好像在不停颤动呢？你还好吗？"
    },
    {
      "id": 15,
      "model": "이스마엘",
      "content": "这……再让霍恩海姆先生检查一遍会比较好吧？"
    },
    {
      "id": 16,
      "model": "파우스트",
      "content": "浮士德已经处理过了。就算没有那个人也完全可以妥善解决。"
    },
    {
      "id": 17,
      "model": "돈키호테",
      "content": "经理老爷……吾未曾预想会有碎片朝汝飞去……呜，吾大意了……呜呜。"
    },
    {
      "id": 18,
      "model": "뫼르소",
      "content": "将执行经理调整到比以前更靠后的位置，应该就能排除今后的危险因素。"
    },
    {
      "id": 19,
      "model": "그레고르",
      "content": "就是说啊~太着急向前冲可是会受伤的，经理兄。放轻松吧。"
    },
    {
      "id": 20,
      "model": "오티스",
      "content": "咕……我奥提斯，对自己的失误痛心疾首。请允许我在此深表歉意……"
    },
    {
      "id": 21,
      "model": "단테3",
      "content": "<各……位……>"
    },
    {
      "id": 22,
      "model": "단테3",
      "content": "<果然……我……我……能保持这样真是太好了……>"
    },
    {
      "id": 23,
      "model": "베르길리우스",
      "content": "……哼。"
    },
    {
      "id": 24,
      "model": "베르길리우스",
      "content": "你好像发出了感动至极的滴答声呢，但丁。"
    },
    {
      "id": 25,
      "model": "베르길리우스",
      "content": "对我而言，不用带着苦涩的心情拆掉你的时针和分针，也是万幸。"
    },
    {
      "id": 26,
      "content": "就这样，在罪人们令人感动的再会之后……"
    },
    {
      "id": 27,
      "content": "我走下巴士，舒展了一下身体，试图平复一下心情。"
    },
    {
      "id": 28,
      "model": "단테3",
      "content": "<……>"
    },
    {
      "id": 29,
      "model": "카론",
      "content": "星星，总是，一闪一闪。"
    },
    {
      "id": 30,
      "model": "카론",
      "content": "梅菲，一闪一闪，像星星。"
    },
    {
      "id": 31,
      "content": "听到卡戎的声音，我转过身，看到卡戎像往常一样，认真地擦拭着巴士。"
    },
    {
      "id": 32,
      "model": "단테3",
      "content": "<卡戎……>"
    },
    {
      "id": 33,
      "content": "不知是从哪里拿到的，卡戎嘴里叼着一颗糖，开心地品味着。"
    },
    {
      "id": 34,
      "content": "我想问是不是维吉里乌斯给她的，但……没有罪人帮我转述。于是我决定把目光重新投向夜空。"
    },
    {
      "id": 35,
      "model": "카론",
      "content": "所以……卡戎，告诉过你。"
    },
    {
      "id": 36,
      "model": "카론",
      "content": "认真，许愿。不能反悔。"
    },
    {
      "id": 37,
      "model": "단테3",
      "content": "<……嗯？>"
    },
    {
      "id": 38,
      "content": "奇妙的话语回荡着。"
    },
    {
      "id": 39,
      "content": "而夜空仿佛一无所知般，只是兀自沉默。"
    }
  ]
}