{
  "dataList": [
    {
      "id": 0,
      "model": "히스클리프",
      "content": "？！什、什么鬼？！"
    },
    {
      "id": 1,
      "content": "毫无征兆，正在后巷悠然行驶着的巴士突然停了下来。"
    },
    {
      "id": 2,
      "model": "카론",
      "content": "今天就停在这里。"
    },
    {
      "id": 3,
      "model": "파우스트",
      "content": "卡戎，这里离预定位置好像还有一段距离。"
    },
    {
      "id": 4,
      "model": "뫼르소",
      "content": "这里离目标位置仍有15%的距离。为了后续的日程，至少再前进3%以上才较为理想。"
    },
    {
      "id": 5,
      "model": "카론",
      "content": "卡戎，很困。优秀的巴士司机，不会疲劳驾驶。"
    },
    {
      "id": 6,
      "model": "히스클리프",
      "content": "我知道了，所以能不能不要急刹车了！！知道这是第几次了吗？！"
    },
    {
      "id": 7,
      "model": "돈키호테",
      "content": "嗯嗯，希斯克利夫先生的鼻子磕在前座已有四回，所以这应该是第四次急刹车了！"
    },
    {
      "id": 8,
      "model": "카론",
      "content": "“一旦感到困意就要放下方向盘”，收音机是这么说的。"
    },
    {
      "id": 9,
      "model": "이스마엘",
      "content": "这话虽然没错……但是不是也有必要灵活变通一下呢。"
    },
    {
      "id": 10,
      "model": "홍루",
      "content": "呼呼，平凡的语句也能随着发言者的不同变得如此有趣呢~"
    },
    {
      "id": 11,
      "model": "히스클리프",
      "content": "哈，看来少爷的想法跟我一样。最不懂得通融的人却说出那种话，显得格外好笑呢。"
    },
    {
      "id": 12,
      "model": "이스마엘",
      "content": "……说完了吗？这么说的话，那个现在还自认为是战场将军的老顽固……"
    },
    {
      "id": 13,
      "content": "以实玛利将手指向了奥提斯。刚刚还面无表情的奥提斯，拳上突然间青筋暴起。"
    },
    {
      "id": 14,
      "model": "베르길리우스",
      "content": "哈啊。"
    },
    {
      "id": 15,
      "content": "所谓深入骨髓的恐惧，原来是如此可怕。"
    },
    {
      "id": 16,
      "content": "虽然看似习以为常……但有时，维吉里乌斯的一点动静或是一句话就能使巴士内陷入令人发寒的寂静，这种情况依旧十分可怕。"
    },
    {
      "id": 17,
      "model": "베르길리우스",
      "content": "……怎么了？刚刚不是还聊得挺欢的吗。接着说啊。"
    },
    {
      "id": 18,
      "model": "히스클리프",
      "content": "难道你不是为了打断谈话才叹气的吗？"
    },
    {
      "id": 19,
      "model": "베르길리우스",
      "content": "伸个懒腰罢了。觉得身子有点僵……"
    },
    {
      "id": 20,
      "model": "히스클리프",
      "content": "什……"
    },
    {
      "id": 21,
      "model": "이스마엘",
      "content": "咳……"
    },
    {
      "id": 22,
      "model": "베르길리우스",
      "content": "你们的反应真是惹人发笑。就和听到铃声因而垂涎三尺的狗一样。"
    },
    {
      "id": 23,
      "model": "히스클리프",
      "content": "……"
    },
    {
      "id": 24,
      "model": "베르길리우스",
      "content": "有什么不满的话就按照老规矩，到后车厢我的办公室里来。我会腾出面谈的时间……浮士德女士，剩下的就交给你了。"
    },
    {
      "id": 25,
      "model": "파우스트",
      "content": "好的。"
    },
    {
      "id": 26,
      "content": "维吉里乌斯若无其事地跟卡戎一起从罪人们（准确来说是针扎般的）视线间穿过，站到了巴士的最后方。"
    },
    {
      "id": 27,
      "model": "카론",
      "content": "花生，开门。"
    },
    {
      "id": 28,
      "model": "베르길리우스",
      "content": "卡戎，应该是“芝麻”。"
    },
    {
      "id": 29,
      "model": "카론",
      "content": "卡戎当然知道。反正开门的又不是咒语。"
    },
    {
      "id": 30,
      "model": "베르길리우스",
      "content": "……确实。"
    },
    {
      "id": 31,
      "content": "在他们说着老掉牙的冷笑话时，那扇大到几乎占据了整个巴士后方的大门缓缓打开……"
    },
    {
      "id": 32,
      "model": "로쟈",
      "content": "虽然已经过去了几个月，但我每次看到那个东西都会有种十分微妙的感觉……"
    },
    {
      "id": 33,
      "model": "홍루",
      "content": "毕竟里面的空间比从外面看起来可大多了，对吧？"
    },
    {
      "id": 34,
      "content": "巴士的后门一开，只见里面是一条狭长、幽深的大走廊。"
    },
    {
      "id": 35,
      "content": "似乎没有终点一般的……无尽的走廊。"
    },
    {
      "id": 36,
      "content": "走廊的视野尽头，好像到此为止就结束了一般被看上去很高级的杆子分隔开，以表示“禁止入内”，还能看见无穷无尽的红灯。"
    },
    {
      "id": 37,
      "content": "虽然看起来很幽静……但偶尔会有毛骨悚然的感觉涌上心头。"
    },
    {
      "id": 38,
      "model": "그레고르",
      "content": "这么一想……那也是翼的奇点吗？浮士德小姐，你应该知道什么吧？"
    },
    {
      "id": 39,
      "model": "파우스트",
      "content": "我当然知道。不过你也应该明白大部分的事情并不能细说，格里高尔先生。"
    },
    {
      "id": 40,
      "model": "그레고르",
      "content": "还以为你会更委婉地回答我……"
    },
    {
      "id": 41,
      "model": "료슈",
      "content": "这是一条走廊。"
    },
    {
      "id": 42,
      "model": "파우스트",
      "content": "没错。这正是一条走廊。"
    },
    {
      "id": 43,
      "model": "그레고르",
      "content": "哈……当然，长长的过道两边有着密密麻麻的门，这当然是条走廊。"
    },
    {
      "id": 44,
      "model": "료슈",
      "content": "懂·自·懂。"
    },
    {
      "id": 45,
      "model": "그레고르",
      "content": "你要说什么……呼，无所谓了。我太累了……但丁经理，快点吧。"
    },
    {
      "id": 46,
      "content": "我呆呆地望着那个空间的尽头，格里高尔的话把我的思绪拉了回来。"
    },
    {
      "id": 47,
      "model": "단테",
      "content": "<啊，哦……是啊。>"
    },
    {
      "id": 48,
      "model": "파우스트",
      "content": "但丁，因为这是经常做的事，你或许感觉没什么必要……但是，经理的批准是必要的程序。请理解。"
    },
    {
      "id": 49,
      "model": "단테",
      "content": "<你不用这么说，浮士德小姐……>"
    },
    {
      "id": 50,
      "content": "我也适当地回答了一下，从座位上站起来看着大家，站在了巴士的前面。"
    },
    {
      "id": 51,
      "model": "단테",
      "content": "<我批准罪人结束工作。>"
    },
    {
      "id": 52,
      "model": "파우스트",
      "content": "谢谢。从现在开始，你们最多有12个小时可供睡眠和休息，时间可能会有所变动。祝各位有个美好的夜晚。"
    },
    {
      "id": 53,
      "content": "浮士德话音刚落，罪人们就争先恐后地发出一声声哀嚎，摇摇晃晃地向前走去。"
    },
    {
      "id": 54,
      "model": "그레고르",
      "content": "哎呦~好累啊……"
    },
    {
      "id": 55,
      "model": "돈키호테",
      "content": "辛克莱！今天也来一局国际象棋如何？！"
    },
    {
      "id": 56,
      "model": "싱클레어",
      "content": "不、不用了……堂吉诃德小姐，每次你觉得要输的时候不都会去求助李箱先生吗！"
    },
    {
      "id": 57,
      "model": "이상",
      "content": "这与事实有所出入，辛克莱。仅是因为……我无法对恶手视而不见……"
    },
    {
      "id": 58,
      "model": "싱클레어",
      "content": "这、这不是更糟糕了吗！"
    },
    {
      "id": 59,
      "model": "뫼르소",
      "content": "经理，您辛苦了。今日的值班……"
    },
    {
      "id": 60,
      "model": "단테",
      "content": "<啊，默尔索。谢谢你。嗯，今天不怎么睡得着……>"
    },
    {
      "id": 61,
      "content": "此时，奥提斯突然插嘴。"
    },
    {
      "id": 62,
      "model": "오티스",
      "content": "经理！就如我常说的那般，如果您感到疲倦的话随时可以叫我来值班……"
    },
    {
      "id": 63,
      "model": "로쟈",
      "content": "好啦好啦。副官姐姐~进去睡觉吧~"
    },
    {
      "id": 64,
      "model": "오티스",
      "content": "经理！工作期间您辛苦……"
    },
    {
      "id": 65,
      "model": "이스마엘",
      "content": "好了~走吧。"
    },
    {
      "id": 66,
      "content": "以实玛利微微点头向我致意，随后就跟罗佳一起拖着奥提斯走进了巴士的后门之中。"
    },
    {
      "id": 67,
      "content": "然后，只剩下了我和浮士德。"
    },
    {
      "id": 68,
      "model": "파우스트",
      "content": "真是走运，但丁。如果没把奥提斯推走，她又要为了让你让出值班的位置而纠缠你半天了。"
    },
    {
      "id": 69,
      "model": "단테",
      "content": "<哈哈，确实如此……>"
    },
    {
      "id": 70,
      "content": "我看着罪人们按序走入的走廊的另一头，茫然地回答道。"
    },
    {
      "id": 71,
      "content": "刚刚罗佳走进的门关了起来，而以实玛利又打开那扇门走了进去。"
    },
    {
      "id": 72,
      "model": "단테",
      "content": "<之前是说每当这些门开开关关的时候都会出现不同的空间来着？>"
    },
    {
      "id": 73,
      "model": "파우스트",
      "content": "是的。只要罪人们处于适当的精神状态……就会通向可供本人住宿的合适的空间。"
    },
    {
      "id": 74,
      "content": "住宿空间……尽管上次透过窗口往里看的时候里面只像是牢房而已。"
    },
    {
      "id": 75,
      "content": "但是也可以在里面洗漱，睡觉……能做的事情好像跟我的房间也都一样……"
    },
    {
      "id": 76,
      "model": "파우스트",
      "content": "……看来此外你还有些疑惑。"
    },
    {
      "id": 77,
      "content": "明明钟表上没有五官。"
    },
    {
      "id": 78,
      "content": "但浮士德仿佛可以从我这里读出一些什么。"
    },
    {
      "id": 79,
      "content": "……反正无法得到像样的回答就是了……"
    },
    {
      "id": 80,
      "model": "단테",
      "content": "<……只是，对走廊的另一端感到有些好奇。>"
    },
    {
      "id": 81,
      "content": "我指向了走廊的尽头。"
    },
    {
      "id": 82,
      "content": "向着那不知到底通向何处的，走廊的尽头。"
    },
    {
      "id": 83,
      "model": "파우스트",
      "content": "……虽然我已经说过很多次，但还是不去在意比较好，但丁。"
    },
    {
      "id": 84,
      "content": "果然，浮士德并未作答，而是选择轻叹一口气走向走廊。"
    },
    {
      "id": 85,
      "content": "但是，说不定浮士德知道答案。毕竟她是无所不知的浮士德。"
    },
    {
      "id": 86,
      "content": "……说不定她知道，不久之后我就会知道关于走廊另一头的事。"
    }
  ]
}