{
  "dataList": [
    {
      "id": 0,
      "content": "这件事，发生在那次毫无结果的问答刚好一周后。"
    },
    {
      "id": 1,
      "model": "단테",
      "content": "<我批准罪人结束工作。>"
    },
    {
      "id": 2,
      "model": "파우스트",
      "content": "谢谢。从现在开始，你们最多有12个小时可供睡眠和休息，时间可能会有所变动。祝各位有个美好的夜晚。"
    },
    {
      "id": 3,
      "content": "浮士德一如既往给出相同的指示。像往常那样，罪人们也纷纷伸着懒腰，呻吟着回应。"
    },
    {
      "id": 4,
      "model": "히스클리프",
      "content": "……"
    },
    {
      "id": 5,
      "content": "不过这次，有一名罪人像是凸出的肿瘤般一反常态。"
    },
    {
      "id": 6,
      "model": "이스마엘",
      "content": "……这次又怎么了？"
    },
    {
      "id": 7,
      "model": "로쟈",
      "content": "没事啦，以实~他这样闹别扭又不是一天两天了，对吧？"
    },
    {
      "id": 8,
      "model": "로쟈",
      "content": "希斯~你可一定要消了气再回房间，好吗？我每次都被你房间里传来轰隆隆的打雷声吵得睡不着觉呢~"
    },
    {
      "id": 9,
      "content": "……罪人们的房间，也是他们的住所、私人空间与牢房，据说能够反映出他们的心象。"
    },
    {
      "id": 10,
      "content": "每个房间的地板、壁纸以及整体氛围都是根据罪人的个性塑造而成的，而透过另一面墙上的窗户看到的景色，貌似也会根据他们的心象和情感而产生不同的变化。"
    },
    {
      "id": 11,
      "content": "话虽如此，我所能见到的一切也不过是远远透过窗户看到的那一小部分，所以并不清楚所有的细节。"
    },
    {
      "id": 12,
      "content": "……希斯克利夫所进入的房间有时会——实际上，是相当频繁地，发出雷电与风暴交织的呼啸声。"
    },
    {
      "id": 13,
      "model": "히스클리프",
      "content": "……嘁。"
    },
    {
      "id": 14,
      "content": "通常会用“我凭啥那么干？”之类的话来回击的希斯克利夫，现在只是咂了咂嘴。"
    },
    {
      "id": 15,
      "content": "我猜是他不想争论了。"
    },
    {
      "id": 16,
      "content": "幸亏如此，他就这么站着不动，皱着眉头凝视着走廊，直到所有其他罪人（准确来说除了浮士德）都走进他们的房间。也许他是在用这种方式来缓解压力吧。"
    },
    {
      "id": 17,
      "model": "히스클리프",
      "content": "……哦嚯？"
    },
    {
      "id": 18,
      "content": "而这，也成为了此次事件的导火索。"
    },
    {
      "id": 19,
      "model": "히스클리프",
      "content": "……嗯？喂，这么看来远处那边也有很多门？"
    },
    {
      "id": 20,
      "content": "希斯克利夫所指的方向与我一周前所指的完全相同。"
    },
    {
      "id": 21,
      "content": "那些门伫立在“禁止越界”的封锁线之后。"
    },
    {
      "id": 22,
      "model": "파우스트",
      "content": "希斯克利夫，我建议你不要越过走廊的必要活动范围。"
    },
    {
      "id": 23,
      "model": "히스클리프",
      "content": "哈，这话听起来就更可疑了。"
    },
    {
      "id": 24,
      "model": "파우스트",
      "content": "你最好听浮士德的话，那没什么可疑的东西。"
    },
    {
      "id": 25,
      "model": "히스클리프",
      "content": "咋，你是把宝藏之类的东西藏在里面了？"
    },
    {
      "id": 26,
      "content": "浮士德无可奉告的态度足以激起他的好奇心……"
    },
    {
      "id": 27,
      "model": "파우스트",
      "content": "希斯克利夫，不要那么做，你会为此后悔的。"
    },
    {
      "id": 28,
      "model": "히스클리프",
      "content": "……眨眼间变得情绪化了很多嘛，万事通小姐。"
    },
    {
      "id": 29,
      "model": "히스클리프",
      "content": "就好像……你确实在那里藏着什么东西！"
    },
    {
      "id": 30,
      "content": "我们还没来得及阻止，他就一头扎进了黑暗之中。"
    },
    {
      "id": 31,
      "model": "파우스트",
      "content": "……！"
    },
    {
      "id": 32,
      "model": "단테",
      "content": "<那里面……>"
    },
    {
      "id": 33,
      "content": "正当我要理所当然地向浮士德询问时……"
    },
    {
      "id": 34,
      "model": "히스클리프",
      "content": "咕啊啊啊啊啊啊啊？！！"
    },
    {
      "id": 35,
      "content": "希斯克利夫的惨叫声从漆黑的走廊深处传来。"
    },
    {
      "id": 36,
      "model": "파우스트",
      "content": "但丁，从现在起请抓住我的左手，然后和我一同跑起来。"
    },
    {
      "id": 37,
      "model": "단테",
      "content": "<嗯、嗯？>"
    },
    {
      "id": 38,
      "model": "파우스트",
      "content": "我一个人没法及时把他拉出来。如果速度不够快的话，就连我自己也会被吞噬的。"
    },
    {
      "id": 39,
      "content": "在我理解她所说的话之前，浮士德就已经朝着希斯克利夫消失的方向跑去。"
    },
    {
      "id": 40,
      "model": "단테",
      "content": "<啊……妈的！一、一起走啊！>"
    },
    {
      "id": 41,
      "content": "我们跨过了那条线，并沿着走廊不断深入，很快就来到了一处三岔路口。"
    },
    {
      "id": 42,
      "model": "단테",
      "content": "<好像从中间方向传来了悲鸣……>"
    },
    {
      "id": 43,
      "content": "但是，没有丝毫的犹豫，浮士德牵着我的手冲进了左边的走廊。"
    },
    {
      "id": 44,
      "model": "단테",
      "content": "<浮、浮士德！我知道很急……但不该是这条路吗？刚才是在中间这条路上听到了希斯克利夫的声音……>"
    },
    {
      "id": 45,
      "model": "파우스트",
      "content": "我知道。"
    },
    {
      "id": 46,
      "content": "也不知道她知道了什么，浮士德只是默默地奔跑着。"
    },
    {
      "id": 47,
      "content": "在下一个岔路口，浮士德选择了右边。"
    },
    {
      "id": 48,
      "content": "紧接着，她便进入了那条走廊左侧的第五道门。"
    },
    {
      "id": 49,
      "model": "단테",
      "content": "<这是……什么啊？>"
    },
    {
      "id": 50,
      "content": "就在我进去的时候，另一条走廊映入眼帘。"
    },
    {
      "id": 51,
      "content": "它的尽头……如同一座悬崖。"
    },
    {
      "id": 52,
      "content": "更准确地说，我能感受到某种引力，正尝试将我们拖入走廊尽头的深渊。"
    },
    {
      "id": 53,
      "model": "단테",
      "content": "<希斯克利夫！！>"
    },
    {
      "id": 54,
      "content": "然后我看到了他，他在走廊中央用尽全力向我们爬来。"
    },
    {
      "id": 55,
      "content": "就好像他松手的那一刻就会坠落下去……"
    },
    {
      "id": 56,
      "model": "히스클리프",
      "content": "什么……这都他妈什么东西……还有这个地方……！"
    },
    {
      "id": 57,
      "content": "尽管看不见任何东西，但是我感觉到希斯克利夫身后的黑暗中分明有什么东西存在。"
    },
    {
      "id": 58,
      "model": "단테",
      "content": "<浮士德，那后面的是……>"
    },
    {
      "id": 59,
      "model": "파우스트",
      "content": "但丁，请紧紧握住这扇门的把手。也请您紧紧抓住我的手。"
    },
    {
      "id": 60,
      "content": "浮士德紧紧地抓着我的手，慢慢靠近了希斯克利夫。"
    },
    {
      "id": 61,
      "model": "단테",
      "content": "<这走廊……是没有倾斜的，没错吧？到底为什么会有一种被挂在悬崖上的感觉啊？>"
    },
    {
      "id": 62,
      "model": "파우스트",
      "content": "那……显然是因为我们在“长廊”里。但丁，不要松手。"
    },
    {
      "id": 63,
      "content": "浮士德如此回答道，并用另一只手抽出了双手剑。"
    },
    {
      "id": 64,
      "model": "파우스트",
      "content": "希斯克利夫，请抓住这个。"
    },
    {
      "id": 65,
      "model": "히스클리프",
      "content": "你疯了吗？！要我抓上去的话，我的手会被那把大剑给割断的！"
    },
    {
      "id": 66,
      "model": "파우스트",
      "content": "……比起你将在那下面遭受的痛苦，你会更喜欢手掌上的深伤口的。"
    },
    {
      "id": 67,
      "content": "在错愕之中，希斯克利夫看了看那把剑，接着又看了看他身后的黑暗……"
    },
    {
      "id": 68,
      "model": "히스클리프",
      "content": "妈的……咳、咕啊啊……！"
    },
    {
      "id": 69,
      "model": "파우스트",
      "content": "但丁，请您全力拖拽。"
    },
    {
      "id": 70,
      "model": "단테",
      "content": "<……好、好的！>"
    },
    {
      "id": 71,
      "model": "히스클리프",
      "content": "呃呃，咳呃呃……"
    },
    {
      "id": 72,
      "model": "단테",
      "content": "<哈、哈啊……>"
    },
    {
      "id": 73,
      "content": "就在我们把希斯克利夫拉上来的时候……"
    },
    {
      "id": 74,
      "content": "不，我甚至不确定我们把他“拉上来”的说法是否准确，但尽管如此……浮士德说我们需要沿着来时的路回去，还没来得及问她什么，她便提起希斯克利夫的双腿，抬着他已失去知觉的身体跑了起来。"
    },
    {
      "id": 75,
      "content": "我也配合着她。由她领路，我支着希斯克利夫的胳膊跟在后面，防止他的头被拖在地板上。"
    },
    {
      "id": 76,
      "content": "过了一段时间……"
    },
    {
      "id": 77,
      "model": "파우스트",
      "content": "……呼。他在更深处迷失方向之前就变成了这样，应该说是不幸中的万幸。"
    },
    {
      "id": 78,
      "model": "파우스트",
      "content": "但丁，得请您转动时钟了。"
    },
    {
      "id": 79,
      "model": "단테",
      "content": "<希斯克利夫……他没事吧？>"
    },
    {
      "id": 80,
      "model": "파우스트",
      "content": "应该会有很严重的精神损伤。就这样疯掉的话会对业务造成较大阻碍。"
    },
    {
      "id": 81,
      "model": "단테",
      "content": "<哈……>"
    },
    {
      "id": 82,
      "content": "我别无选择。"
    },
    {
      "id": 83,
      "content": "　"
    },
    {
      "id": 84,
      "model": "파우스트",
      "content": "辛苦了，但丁。我为因此缩短那本不充裕的休息时间而感到可惜……"
    },
    {
      "id": 85,
      "model": "단테",
      "content": "<浮士德。那里面到底有什么？又通向哪里？>"
    },
    {
      "id": 86,
      "model": "단테",
      "content": "<现在总该告诉我了吧？毕竟都……见到了那种东西。>"
    },
    {
      "id": 87,
      "content": "这是理所当然的疑问。到底是什么东西在那里面，希斯克利夫又是被什么东西所追逐。"
    },
    {
      "id": 88,
      "content": "还有……"
    },
    {
      "id": 89,
      "content": "为什么那东西既没有向我们露出真面目，也没有追到希斯克利夫就直接消失了。"
    },
    {
      "id": 90,
      "content": "虽然我好奇到快要疯了……"
    },
    {
      "id": 91,
      "model": "파우스트",
      "content": "……"
    },
    {
      "id": 92,
      "model": "파우스트",
      "content": "就如我一开始所说，浮士德所能说的事情是有所限制的。"
    },
    {
      "id": 93,
      "content": "……没错，说实话我并没有期待什么。"
    },
    {
      "id": 94,
      "model": "료슈",
      "content": "长廊，懂·自·懂。"
    },
    {
      "id": 95,
      "content": "良秀嘴里叼着一支香烟，从我与浮士德两人之间走过。她一定是在我们执行救援任务时离开房间的。"
    },
    {
      "id": 96,
      "model": "파우스트",
      "content": "但是。"
    },
    {
      "id": 97,
      "content": "浮士德就像刚刚无人经过也无事发生一般继续说道。"
    },
    {
      "id": 98,
      "model": "단테",
      "content": "<啊？>"
    },
    {
      "id": 99,
      "model": "파우스트",
      "content": "鉴于您成功阻止了将会导致巴士部门产生空位的突发情况。"
    },
    {
      "id": 100,
      "model": "파우스트",
      "content": "虽然……说不上是奖励，但我觉得为了今后的事情着想，告诉您一两件事倒也不坏。"
    },
    {
      "id": 101,
      "model": "단테",
      "content": "<哦哦……可、可以！>"
    },
    {
      "id": 102,
      "content": "意料之外的进展让我不禁搓起手来。好了，这下她会说些什么……"
    },
    {
      "id": 103,
      "model": "파우스트",
      "content": "……但丁，在寻觅一条未曾踏足过的路时，您会怎么做呢？"
    },
    {
      "id": 104,
      "model": "단테",
      "content": "<嗯？那当然是……翻开地图找路吧？>"
    },
    {
      "id": 105,
      "model": "파우스트",
      "content": "是的。以及就算没有地图，您的脑中也会产生类似于地图的表象。"
    },
    {
      "id": 106,
      "model": "파우스트",
      "content": "如此一来，地图之中……就会存在确切的起点与终点。在返回时，您就会摸索着这些进行返程。"
    },
    {
      "id": 107,
      "content": "这是无需回答的理所当然之事。我只点了点头。"
    },
    {
      "id": 108,
      "model": "파우스트",
      "content": "……希望这样的回答能让事情变得足够明了。"
    },
    {
      "id": 109,
      "model": "단테",
      "content": "<嗯？>"
    },
    {
      "id": 110,
      "model": "파우스트",
      "content": "因此，尤其是当你打开一扇门的时候，你应当牢记你在走廊中的起始位置。"
    },
    {
      "id": 111,
      "content": "突然结束的解释让我目瞪口呆，我突然想要说些什么。"
    },
    {
      "id": 112,
      "model": "파우스트",
      "content": "现在，浮士德已经累了。那就此告辞……"
    },
    {
      "id": 113,
      "content": "但我还没来得及说出嘴边的话，她就走进门内，只给我剩下一个谜团。"
    },
    {
      "id": 114,
      "model": "단테",
      "content": "<就知道会这样……>"
    },
    {
      "id": 115,
      "content": "我沮丧地叹了口气，但那可悲的时针却无法卷起一点微风。"
    },
    {
      "id": 116,
      "content": "一如既往，我还是无能为力……"
    },
    {
      "id": 117,
      "content": "我所能做的就是启动这个电子笔记本，把我收集的这些信息碎片拼凑记录起来。"
    }
  ]
}