{
  "dataList": [
    {
      "id": 0,
      "model": "단테2",
      "content": "<我批准罪人结束工作。>"
    },
    {
      "id": 1,
      "content": "不论是在森林里乘巴士，还是漂浮在宽广的大湖中央，我们每日的安排都没什么变化。"
    },
    {
      "id": 2,
      "model": "파우스트",
      "content": "谢谢。从现在开始，你们最多有12个小时可供睡眠和休息，时间可能会有所变动。祝各位有个美好的夜晚。"
    },
    {
      "id": 3,
      "place": "梅菲斯托费勒斯 甲板",
      "content": "一如既往的吵嚷，随之而来的是一如既往的悠闲气氛。"
    },
    {
      "id": 4,
      "content": "我大概并不是唯一一个慢慢开始享受这种日常的人。"
    },
    {
      "id": 5,
      "content": "但我们当然也不是自愿的。我想，我们应该正火速向着在U公司某处的脑叶公司支部航行……"
    },
    {
      "id": 6,
      "content": "但现在我们的船甚至都没法离岸，只能在沿岸漂浮着来打发无聊的时间。"
    },
    {
      "id": 7,
      "content": "嘛，倒也不是说有什么事故……浮士德解释说，我们现在还需要再等等。"
    },
    {
      "id": 8,
      "content": "要我猜，一定像是K公司那样，需要我们完成某种入境程序，或者我们在等着谁（也许是清理部门先遣部队）的联络。"
    },
    {
      "id": 9,
      "content": "所以呢，我们就被困在大湖里，整天盯着无边无际的湖水……虽然罪人们在毫无意义地闲聊，随即又抱怨起这无聊透顶的时光……"
    },
    {
      "id": 10,
      "content": "但内心深处，我们都苦于这看不到头的、身体上和精神上的无尽折磨，也都深知这样平和的日子可不会长久下去。"
    },
    {
      "id": 11,
      "content": "所以，我们都尽可能地享受着这短暂的海上假期。"
    },
    {
      "id": 12,
      "model": "이상",
      "content": "哈、哈啊……"
    },
    {
      "id": 13,
      "model": "돈키호테",
      "content": "汝，真的还好吗？"
    },
    {
      "id": 14,
      "model": "이상",
      "content": "……我已几次申明，但还是再回答一次……"
    },
    {
      "id": 15,
      "model": "이상",
      "content": "我……还算安好……"
    },
    {
      "id": 16,
      "model": "돈키호테",
      "content": "汝总是把汝吃下去的东西吐给大湖……这怎么算还好呢？"
    },
    {
      "id": 17,
      "content": "……除了李箱，他意外地容易晕船。"
    },
    {
      "id": 18,
      "content": "这次航行到现在还算平和。"
    },
    {
      "id": 19,
      "model": "단테2",
      "content": "<李箱，今天可以休息了。你可以回到房间去了……>"
    },
    {
      "id": 20,
      "model": "이상",
      "content": "哦……我终于能从这苦痛中解脱了吗……"
    },
    {
      "id": 21,
      "model": "단테2",
      "content": "<说真的，你想的话可以一直在房间里休息。>"
    },
    {
      "id": 22,
      "model": "이상",
      "content": "有难同当之时……我怎么可能，仅寻求自己的安逸？"
    },
    {
      "id": 23,
      "model": "단테2",
      "content": "<现在已经没有人比你更痛苦了……>"
    },
    {
      "id": 24,
      "content": "我是希望他能再多考虑考虑自己，但我也理解他这么做的缘由……"
    },
    {
      "id": 25,
      "content": "我没有再多说什么，而是把李箱扶进了他的房间。"
    },
    {
      "id": 26,
      "model": "이상",
      "content": "感激不尽，但丁。然后……之后再见。"
    },
    {
      "id": 27,
      "content": "当他跌跌撞撞地走进房间时，我向他挥手，并看着门关上。"
    },
    {
      "id": 28,
      "model": "돈키호테",
      "content": "经理老爷！那吾也要先休息了！"
    },
    {
      "id": 29,
      "model": "단테2",
      "content": "<嗯，辛苦了。>"
    },
    {
      "id": 30,
      "content": "堂吉诃德走进了李箱刚走进的同一扇门，我能从她肩头微微瞥见房间里的样子。"
    },
    {
      "id": 31,
      "content": "虽然看得并不清楚，但那和李箱走进的房间完全不同。"
    },
    {
      "id": 32,
      "model": "단테2",
      "content": "<我每次见到这些门都不明白……>"
    },
    {
      "id": 33,
      "content": "我早就应该习惯了。但是房间根据开门的人不同，在一开一合之间变幻的样子，还是让我觉得很不可思议。"
    },
    {
      "id": 34,
      "content": "我转过身来，关上了他们的门，准备走进我的房间。"
    },
    {
      "id": 35,
      "model": "단테2",
      "content": "<……>"
    },
    {
      "id": 36,
      "content": "走廊上那条禁止通行分界线的右边，还有一扇门。"
    },
    {
      "id": 37,
      "content": "那扇门里的，是不同于罪人们的房间的空间。"
    },
    {
      "id": 38,
      "content": "那里有通往我的房间的木门，和通往镜像迷宫的铁门。"
    },
    {
      "id": 39,
      "content": "还有通往采光迷宫的，然后最近刚打开而通往折射轨道的门也看得见。"
    },
    {
      "id": 40,
      "model": "단테2",
      "content": "<现在……还没有新的门。>"
    },
    {
      "id": 41,
      "content": "我悄悄打开了一个门缝，看看里面是否有什么变化。"
    },
    {
      "id": 42,
      "content": "好吧，我自己确实没看出来有什么变化，但……万一呢。"
    },
    {
      "id": 43,
      "content": "也许会发生一些只有我自己知道的事情。"
    },
    {
      "id": 44,
      "content": "……那样的话，我就应该向浮士德报告了吧？"
    },
    {
      "id": 45,
      "model": "단테2",
      "content": "<……！>"
    },
    {
      "id": 46,
      "content": "不知道是不是因为我这不太合适的念头，"
    },
    {
      "id": 47,
      "content": "一声震耳欲聋的警报响彻了巴士内部。"
    },
    {
      "id": 48,
      "model": "히스클리프",
      "content": "可恶，又怎么了……"
    },
    {
      "id": 49,
      "place": "梅菲斯托费勒斯 船舱",
      "model": "그레고르",
      "content": "啊，又来？"
    },
    {
      "id": 50,
      "model": "료슈",
      "content": "耳·裂。把音量搞低点……"
    },
    {
      "id": 51,
      "content": "我慌忙转身看向走廊的另一边，听到警报的罪人们一个接一个地从房间里探出头来。"
    },
    {
      "id": 52,
      "content": "因为响过很多次，罪人们都很熟悉这种警报了，但他们甜蜜的私人时光因此被打断时还是很不爽……"
    },
    {
      "id": 53,
      "model": "파우스트",
      "content": "但丁，贵安。让我们来看看情况吧。"
    },
    {
      "id": 54,
      "model": "단테2",
      "content": "<噢，好。>"
    },
    {
      "id": 55,
      "content": "……我和浮士德走到了驾驶座前。"
    },
    {
      "id": 56,
      "content": "浮士德调整了一些按钮，然后关掉了警报。圆形的屏幕上开始浮现出难以理解的复杂字符。"
    },
    {
      "id": 57,
      "model": "단테2",
      "content": "<……新的房间要来了吗？>"
    },
    {
      "id": 58,
      "model": "파우스트",
      "content": "就算是浮士德，解码也是需要一些时间的。"
    },
    {
      "id": 59,
      "model": "단테2",
      "content": "<好、好的……>"
    },
    {
      "id": 60,
      "content": "这些震耳欲聋的警报声总是毫无征兆地响起来。"
    },
    {
      "id": 61,
      "content": "而且，镜像迷宫、采光迷宫和折射轨道都随着这样的警报而出现。"
    },
    {
      "id": 62,
      "model": "단테2",
      "content": "<我不确定是不是有关，但是……我之前查看轨道线路的门的时候，没发现有什么情况。>"
    },
    {
      "id": 63,
      "model": "파우스트",
      "content": "那个入口大概不会有什么变化了。"
    },
    {
      "id": 64,
      "model": "파우스트",
      "content": "二号线门口的荧光熄灭之前，下一条轨道线路应该是不会来临的。"
    },
    {
      "id": 65,
      "model": "단테2",
      "content": "<你说得对。>"
    },
    {
      "id": 66,
      "content": "第一条轨道线路出现的时候，可吓了我一跳。"
    },
    {
      "id": 67,
      "content": "新的门出现在我们眼前，其门框上闪着蓝色的荧光。当我们进入那门的时候……"
    },
    {
      "id": 68,
      "content": "一辆神秘的载具就在那里，静静等待着我们。"
    },
    {
      "id": 69,
      "content": "其形态多少和梅菲斯托费勒斯有所相似……但我很确信我从未见过那样的东西，真是奇怪的感觉。"
    },
    {
      "id": 70,
      "model": "파우스트",
      "content": "能看得出来第一条轨道给你留下了深刻的印象，但丁。"
    },
    {
      "id": 71,
      "model": "파우스트",
      "content": "我是说，当浮士德进入列车观察内部状况时，你的反应很激烈。"
    },
    {
      "id": 72,
      "model": "단테2",
      "content": "<当时被惊到的又不止我一个，大家都……>"
    },
    {
      "id": 73,
      "content": "幸好，那个交通工具好像必须同时载着我和罪人们才会出发。"
    },
    {
      "id": 74,
      "content": "要不是浮士德突然转过身去，离开了那已经死盯了好一会的屏幕，我就要说出这句话来了。"
    },
    {
      "id": 75,
      "model": "단테2",
      "content": "<……不是那样吧？>"
    },
    {
      "id": 76,
      "model": "파우스트",
      "content": "嗯。我们大概无法利用此次波动。"
    },
    {
      "id": 77,
      "model": "단테2",
      "content": "<我也是觉得这么早就开新的门……有点快得出奇了。>"
    },
    {
      "id": 78,
      "model": "파우스트",
      "content": "迷宫和轨道第一次出现的时间也很“奇怪”，但丁。因为新的变量任何时候都可能出现，所以建议您不要抱有过时的固定观念。"
    },
    {
      "id": 79,
      "model": "파우스트",
      "content": "……还有，"
    },
    {
      "id": 80,
      "model": "파우스트",
      "content": "如果这种波动触发了梅菲斯托费勒斯引擎的警报，之后新的门通常就会在走廊里的某处出现。"
    },
    {
      "id": 81,
      "model": "파우스트",
      "content": "这也许会打开一个根本没有回头路的空间。所以我们最好要对这些空间有确切的把握。"
    },
    {
      "id": 82,
      "model": "단테2",
      "content": "<就算是希斯克利夫也不会再做一次那样的事了吧……大概。>"
    },
    {
      "id": 83,
      "model": "파우스트",
      "content": "……不要抱有过时的固定观念。"
    },
    {
      "id": 84,
      "model": "단테2",
      "content": "<……>"
    },
    {
      "id": 85,
      "model": "파우스트",
      "content": "不论如何，这次并没有发现任何严重的问题……我们回去享受剩下的休息时间会比较妥当。"
    },
    {
      "id": 86,
      "model": "파우스트",
      "content": "那么，我先失陪了。好好休息，但丁。"
    },
    {
      "id": 87,
      "content": "随着她告别的话语，浮士德像往常一样消失进了她的房间里。"
    },
    {
      "id": 88,
      "content": "我又被孤独地丢在了这巴士……船里。"
    },
    {
      "id": 89,
      "content": "我盯着屏幕上还未消去的无数字符。"
    },
    {
      "id": 90,
      "content": "数字、难以辨识的字符、似乎象征着什么东西的图象和符号。"
    },
    {
      "id": 91,
      "content": "盯久了那些飘来飘去的字符，我猛地摇了摇头。"
    },
    {
      "id": 92,
      "model": "단테2",
      "content": "<李箱之前晕船的感觉大概就是这样吧……我开始觉得有些晕了。>"
    },
    {
      "id": 93,
      "content": "我忍着头晕起身，摇摇晃晃地向着房间里走去。"
    },
    {
      "id": 94,
      "content": "今天……还是早点休息吧。"
    }
  ]
}