{
  "dataList": [
    {
      "id": 0,
      "content": "又是一日，数日以来漫长沉闷地等待着什么即将发生的事情。当然，我们的巴士船也仍旧漂游在大湖的沿岸之上。"
    },
    {
      "id": 1,
      "content": "开始时只有少数罪人们表达不满的声音，但最近却越来越多，不绝于耳。"
    },
    {
      "id": 2,
      "model": "그레고르",
      "content": "哇！吓我一跳！"
    },
    {
      "id": 3,
      "place": "梅菲斯托费勒斯 船舱",
      "content": "突然，一阵刺耳的警报声响彻整个船舱。"
    },
    {
      "id": 4,
      "content": "又是那种警报声……警告我们梅菲斯托费勒斯产生了波动。但它比我们以前听到的警报更刺耳，也更令人不快。"
    },
    {
      "id": 5,
      "content": "此外……"
    },
    {
      "id": 6,
      "model": "로쟈",
      "content": "这什么……？我们之前还从来没见过以这种颜色闪闪发光的灯吧？"
    },
    {
      "id": 7,
      "model": "히스클리프",
      "content": "这次又怎么了……？这辆破巴士是吃了什么奇怪的东西吗？"
    },
    {
      "id": 8,
      "model": "돈키호테",
      "content": "哦哦！！漫长的等待终于结束，吾等期待已久的冒险要来临了！！！"
    },
    {
      "id": 9,
      "model": "싱클레어",
      "content": "这、这个……就是我们一直在等的东西吗？"
    },
    {
      "id": 10,
      "model": "베르길리우스",
      "content": "……不。"
    },
    {
      "id": 11,
      "content": "维吉里乌斯皱起了眉头，似乎察觉到了什么不对劲的地方。他转向浮士德。"
    },
    {
      "id": 12,
      "content": "这不像他的一贯作风，我看得出他有些慌乱。"
    },
    {
      "id": 13,
      "model": "카론",
      "content": "嘀呜。嘀呜。梅菲哭得撕心裂肺。梅菲，生病了吗？"
    },
    {
      "id": 14,
      "model": "베르길리우스",
      "content": "浮士德女士。我之前可从未被通知过会有这样的警报。"
    },
    {
      "id": 15,
      "model": "파우스트",
      "content": "……"
    },
    {
      "id": 16,
      "model": "파우스트",
      "content": "首先，要纠正一个事实错误。梅菲斯托费勒斯并非是破巴士。而且，它也不会做出任何与吃相关的行为。"
    },
    {
      "id": 17,
      "model": "파우스트",
      "content": "它确实偶尔会使用安装在引擎上的脑啡肽补给装置进行燃料补给，但这并无任何负面影响。即使有，在进行适当地全面拆卸维修后，也能轻松修复可能会出现的一切问题……"
    },
    {
      "id": 18,
      "model": "히스클리프",
      "content": "我那就是说说而已！啧，现在又怎么了？听着跟巴士要爆炸了一样！"
    },
    {
      "id": 19,
      "model": "파우스트",
      "content": "把梅菲斯托费勒斯称作“破巴士”，完全是无视了浮士德为设计这辆巴士所付出的心血……"
    },
    {
      "id": 20,
      "model": "싱클레어",
      "content": "希斯克利夫先生，如果你不收回那句话……我想她不会停下来的……"
    },
    {
      "id": 21,
      "model": "히스클리프",
      "content": "哈……真是……"
    },
    {
      "id": 22,
      "model": "로쟈",
      "content": "希斯，快点收回吧……如果她继续这样说教下去而不解释情况的话，巴士说不定真的会爆炸的！"
    },
    {
      "id": 23,
      "model": "히스클리프",
      "content": "咳……"
    },
    {
      "id": 24,
      "model": "히스클리프",
      "content": "我收回刚才的话……"
    },
    {
      "id": 25,
      "model": "파우스트",
      "content": "“刚才”是一个相当广阔的时间范围，因此浮士德无法理解你具体想要收回哪些发言。相反，浮士德可以详细描述一下梅菲斯托费勒斯的完美之处，例如这颗螺丝钉的规格。"
    },
    {
      "id": 26,
      "model": "히스클리프",
      "content": "这辆！破巴士！是不是！吃了什么奇怪的东西！这句话！我收回！非常对不起！！！"
    },
    {
      "id": 27,
      "content": "船舱内短暂地回响着他的怒吼声，然后……是片刻的寂静。"
    },
    {
      "id": 28,
      "model": "파우스트",
      "content": "……"
    },
    {
      "id": 29,
      "content": "我想……有那么一瞬间我看到浮士德露出了满意的微笑……"
    },
    {
      "id": 30,
      "model": "파우스트",
      "content": "很好。"
    },
    {
      "id": 31,
      "model": "베르길리우스",
      "content": "小丑表演结束了吗？这种幼稚且乏味的交流正考验着我的耐心。"
    },
    {
      "id": 32,
      "model": "단테2",
      "content": "<确实，它与通常的警报有所不同……这应该不是预示新门出现的警报。>"
    },
    {
      "id": 33,
      "model": "파우스트",
      "content": "很简单。夜已至。"
    },
    {
      "id": 34,
      "model": "료슈",
      "content": "说·人·话。"
    },
    {
      "id": 35,
      "model": "료슈",
      "content": "如·郁·折·脖。"
    },
    {
      "id": 36,
      "model": "싱클레어",
      "content": "如果让我感到郁闷……就折断脖子……"
    },
    {
      "id": 37,
      "model": "파우스트",
      "content": "看来，瓦尔普吉斯之夜已然降临。"
    },
    {
      "id": 38,
      "model": "뫼르소",
      "content": "现在并不是夜晚。至少在沿岸一带，这一点非常明显。"
    },
    {
      "id": 39,
      "model": "파우스트",
      "content": "我并不是指……看不到太阳时的那种被称为夜晚的现象。"
    },
    {
      "id": 40,
      "model": "뫼르소",
      "content": "嗯。"
    },
    {
      "id": 41,
      "model": "이상",
      "content": "那么在我看来，这一称呼指的是某一现象吗？"
    },
    {
      "id": 42,
      "content": "应该是因为现在海浪已经平稳了不少，李箱的状况似乎好了一些。"
    },
    {
      "id": 43,
      "model": "파우스트",
      "content": "是的。梅菲斯托费勒斯上搭载的众多功能之一便是从镜像世界中提取人格和E.G.O，我相信大家都已经很熟悉了。"
    },
    {
      "id": 44,
      "model": "파우스트",
      "content": "但它提取可能性的范围相当有限。即使它在我们的旅程中不断扩展，我们也还没能触及距离我们太远的镜像世界……"
    },
    {
      "id": 45,
      "model": "오티스",
      "content": "这与金枝有什么关联吗？我注意到，随着我们旅程的推进，有些新东西正在不断地被打捞上来。"
    },
    {
      "id": 46,
      "model": "파우스트",
      "content": "广义上来说，正是如此。可以这么说。执行经理和罪人们的集体经历逐渐扩大了我们的可提取范围。"
    },
    {
      "id": 47,
      "model": "파우스트",
      "content": "通常情况下，提取都需要一定的资源……但也有人格卡突然出现的时候。但丁，你还记得吗？"
    },
    {
      "id": 48,
      "model": "단테2",
      "content": "<……啊。有些人格卡是突然从引擎里蹦出来的。>"
    },
    {
      "id": 49,
      "model": "히스클리프",
      "content": "等等，等等。说慢点……"
    },
    {
      "id": 50,
      "model": "히스클리프",
      "content": "人格卡是什么鬼东西？"
    },
    {
      "id": 51,
      "model": "홍루",
      "content": "你还不知道吗？嗯……希斯克利夫先生只对自己感兴趣的事物感兴趣呢。让我有点羡慕了。"
    },
    {
      "id": 52,
      "model": "히스클리프",
      "content": "你想脑袋开花还是怎么着？"
    },
    {
      "id": 53,
      "model": "그레고르",
      "content": "好啦……你们别闹了。向导老兄在那边瞪大眼睛瞅着我们呢。"
    },
    {
      "id": 54,
      "model": "그레고르",
      "content": "它们就是……呃，经理兄时不时从引擎里拉取出来的东西。"
    },
    {
      "id": 55,
      "model": "그레고르",
      "content": "其他的世界……怎么说来着。镜像世界？啊，就是那个。总之，就是那些描绘着我们“另一个”自己的形象，又小又长……方方正正的东西。"
    },
    {
      "id": 56,
      "model": "홍루",
      "content": "没错，那些东西看起来像麻将牌一样对吧？"
    },
    {
      "id": 57,
      "model": "로쟈",
      "content": "我倒觉得像是威化饼来着。"
    },
    {
      "id": 58,
      "model": "이상",
      "content": "包含人格信息的物品，又有着卡牌的外观……不知不觉间，它们就被叫做人格卡了。"
    },
    {
      "id": 59,
      "model": "히스클리프",
      "content": "所以说……我们是在用那些方形玩具一样的东西来变身？"
    },
    {
      "id": 60,
      "model": "히스클리프",
      "content": "我可没用过那种东西。"
    },
    {
      "id": 61,
      "model": "단테2",
      "content": "<那是因为使用那些道具的人是我。>"
    },
    {
      "id": 62,
      "model": "파우스트",
      "content": "执行经理的终端上有着能够直接安装人格卡和E.G.O的凹槽。当我们进入战斗时，被插入凹槽的事物就会反映到我们身上。"
    },
    {
      "id": 63,
      "model": "그레고르",
      "content": "我还在想每次战斗前经理老兄都在捣鼓些什么东西，原来是这样啊……"
    },
    {
      "id": 64,
      "content": "可能是因为希斯克利夫从未留意过那些事情，他摆出了一幅认识到了全新事物的惊讶表情。"
    },
    {
      "id": 65,
      "model": "돈키호테",
      "content": "……"
    },
    {
      "id": 66,
      "content": "与此相反，堂吉诃德……却是一副略显寂寞的表情。"
    },
    {
      "id": 67,
      "model": "단테2",
      "content": "<堂吉诃德，有什么事吗？>"
    },
    {
      "id": 68,
      "model": "돈키호테",
      "content": "啊，吾只是……"
    },
    {
      "id": 69,
      "model": "돈키호테",
      "content": "本来这种时候如果是以实玛利小姐的话应该在说着“现在都不知道吗”或者“真可悲”之类的话，但现在眼不见耳不闻反而心里有些不舍了……"
    },
    {
      "id": 70,
      "model": "로쟈",
      "content": "啊~确实。是少了那个。"
    },
    {
      "id": 71,
      "model": "히스클리프",
      "content": "你们这群家伙……"
    },
    {
      "id": 72,
      "model": "베르길리우스",
      "content": "够了。"
    },
    {
      "id": 73,
      "model": "베르길리우스",
      "content": "还有很多需要解释的东西，浮士德女士。差不多是时候该回到这些绿色灯光的话题上了。"
    },
    {
      "id": 74,
      "model": "파우스트",
      "content": "好的。通过执行经理在没有付出名为狂气的代价的情况下，也能获取某些人格卡这一事实来推测，我们可以得出结论：梅菲斯托费勒斯的提取功能在具有不确定性的同时，也有着不可预测这一特点。"
    },
    {
      "id": 75,
      "model": "히스클리프",
      "content": "她是在是说什么……"
    },
    {
      "id": 76,
      "model": "이상",
      "content": "所以你的设计中介入了不确定性……"
    },
    {
      "id": 77,
      "model": "파우스트",
      "content": "没错。虽然这个引擎以脑啡肽作为燃料，但是对于提取与重构的功能而言……简而言之，是以某种可能性作为燃料。"
    },
    {
      "id": 78,
      "model": "파우스트",
      "content": "每当我们从无限延伸的镜像世界的枝条中找到可确切被观测的部分，提取的范围都会扩大……但现在那些可能性的边界完全崩塌了。"
    },
    {
      "id": 79,
      "model": "파우스트",
      "content": "若是以现在为起点，提取的误差范围为从过去到未来的3年之内，但这一范围会在瓦尔普吉斯之夜发生时……变为10年。说不定范围还会扩大到比这更大的区间。"
    },
    {
      "id": 80,
      "model": "돈키호테",
      "content": "也、也就是说！过去那些声名显赫的收尾人的人格也……！"
    },
    {
      "id": 81,
      "model": "파우스트",
      "content": "理论上来说是这样。但每个“瓦尔普吉斯之夜”都有自己的独特之处。它并不会让我们一次性接触到所有潜在的可能性。"
    },
    {
      "id": 82,
      "model": "돈키호테",
      "content": "那那那那那！那、那么。在过去。最强的那位传说中的收尾人……"
    },
    {
      "id": 83,
      "model": "돈키호테",
      "content": "殷、殷红迷雾也……"
    },
    {
      "id": 84,
      "model": "파우스트",
      "content": "……虽然这种可能性微乎其微，但并不能完全否认这种可能性的存在。"
    },
    {
      "id": 85,
      "model": "파우스트",
      "content": "我想，能够扩展的范围可以定义为在当今世界状态的形成过程中，那些对此过程造成影响的不可或缺的实体的世界……例如，“白夜黑昼”事件出现前在脑叶公司本部的那段时间就是一个典型的例子。"
    },
    {
      "id": 86,
      "model": "파우스트",
      "content": "某种意义上来说……你提的问题一语中的。堂吉诃德。"
    },
    {
      "id": 87,
      "model": "베르길리우스",
      "content": "……"
    },
    {
      "id": 88,
      "content": "我不知道殷红迷雾是谁，也不知道“白夜黑昼”究竟是什么事件……"
    },
    {
      "id": 89,
      "content": "但我可以大胆猜测，这两件事肯定都很重要，因为一提到这两件事，维吉里乌斯的脸色就明显紧绷严肃起来，罪人们也都很不安。"
    },
    {
      "id": 90,
      "model": "베르길리우스",
      "content": "那么，我们可以得出结论，这个警报并不代表着发生了任何的紧急情况。"
    },
    {
      "id": 91,
      "model": "파우스트",
      "content": "正是那样。可以说这是一种……偶尔会举办的节日吧。目前来看的话。"
    },
    {
      "id": 92,
      "model": "카론",
      "content": "节日。令人开心。卡戎也开心。"
    },
    {
      "id": 93,
      "model": "싱클레어",
      "content": "我不清楚我是否完全理解了，但是……这并不是我们一直在等待的信号吧？"
    },
    {
      "id": 94,
      "model": "베르길리우스",
      "content": "没错。我们还需继续等待。"
    },
    {
      "id": 95,
      "model": "오티스",
      "content": "嘁。"
    },
    {
      "id": 96,
      "content": "当对新发现的期待烟消云散时，罪人们又发出微弱的失望叹气声。"
    },
    {
      "id": 97,
      "content": "虽然确实发生了一些新鲜的事情……但我们仍未离开这片海域分毫，这让人失望地觉得我们兜兜转转还是回到了原点。"
    },
    {
      "id": 98,
      "model": "그레고르",
      "content": "那么……我们该如何让那些碍眼的闪烁绿灯停下来呢？"
    },
    {
      "id": 99,
      "model": "파우스트",
      "content": "当但丁从引擎中进行提取时，它就会自动关闭。不必担心。"
    },
    {
      "id": 100,
      "model": "베르길리우스",
      "content": "好了，言归正传，大家就地解散吧。执行经理，你也快点进行提取，让这警报趁早关闭。"
    },
    {
      "id": 101,
      "model": "료슈",
      "content": "真·令·失。不管再出多少新东西，最后也都得走后门去探索。"
    },
    {
      "id": 102,
      "model": "홍루",
      "content": "不过~这样的闲暇时光还是非常难得的吧？"
    },
    {
      "id": 103,
      "model": "이상",
      "content": "曾有人说过，怀耐心者福自至。"
    },
    {
      "id": 104,
      "content": "罪人们各自吐露出感想，并回到自己的座位上。"
    },
    {
      "id": 105,
      "content": "他们中的一些人走出船舱，凝望着大湖湖面。他们肯定多少已经有点厌倦这么做了……也许他们只是想出去长叹一口气而已。"
    },
    {
      "id": 106,
      "content": "……而后奥提斯走了过来。"
    },
    {
      "id": 107,
      "model": "오티스",
      "content": "执行经理，您不会觉得困扰吗？"
    },
    {
      "id": 108,
      "model": "단테2",
      "content": "<嗯？>"
    },
    {
      "id": 109,
      "model": "오티스",
      "content": "关于那个疯狂科学家所说的：“目前来看的话”……这句话肯定另有隐情。我可以对此进行更深入的调查。"
    },
    {
      "id": 110,
      "content": "的确……浮士德也许对这种现象还知道些什么。"
    },
    {
      "id": 111,
      "content": "但是，以那种模棱两可的方式说话……显然就算发问了她肯定也不会回答。"
    },
    {
      "id": 112,
      "model": "단테2",
      "content": "<不必了，虽然这确实令我有些困扰……但现在，我们也做不了什么。现在先把这件事牢牢记下吧。>"
    },
    {
      "id": 113,
      "content": "奥提斯肯定地点点头，鞠了一躬，然后回到了自己的座位上。"
    },
    {
      "id": 114,
      "content": "好吧……那就按浮士德所说的那样，开始提取试试看吧。"
    }
  ]
}