{
  "dataList": [
    {
      "id": 0,
      "place": "但丁的房间",
      "content": "也许是因为压在心头上的沉重包袱已经卸了下来。"
    },
    {
      "id": 1,
      "content": "我在自己的房间里享受着惬意的休息时光，并感受到久违的宁静。"
    },
    {
      "id": 2,
      "content": "我告诉罪人们，我们在历经千辛万苦完成了这项工作之后，可以在自己的房间内休息上一天。"
    },
    {
      "id": 3,
      "content": "……当然，这个决策的很大一部分原因是为了还未从晕船中恢复过来的李箱。（我并不觉得罪人们的房间也会随着海浪而摇晃。）"
    },
    {
      "id": 4,
      "content": "离开大湖还需要很长一段时间。我想，留出一天让我们好好坐下来放松一下会是个好主意。"
    },
    {
      "id": 5,
      "content": "当然，这并不是真正的休假之类的活动。所以一旦发生什么事情，这假期就会转瞬即逝……"
    },
    {
      "id": 6,
      "content": "例如，总是会在最不适宜的时刻突然响起的梅菲斯托费勒斯的那震耳欲聋的警报声。"
    },
    {
      "id": 7,
      "model": "단테",
      "content": "<……啊。>"
    },
    {
      "id": 8,
      "content": "……好吧。"
    },
    {
      "id": 9,
      "content": "我有预感，事情最后会变成这样。"
    },
    {
      "id": 10,
      "content": "我的内心对此已经毫无波澜了。"
    },
    {
      "id": 11,
      "place": "梅菲斯托费勒斯 船舱",
      "model": "히스클리프",
      "content": "这次……它最好是真的有用的警报……"
    },
    {
      "id": 12,
      "model": "돈키호테",
      "content": "反正在各自的房间里也没什么事可做不是么！希斯克利夫先生呆在房间里想必也会觉得非常枯燥乏味！"
    },
    {
      "id": 13,
      "model": "히스클리프",
      "content": "嘁，我也是那种喜欢沉思的人好吧……"
    },
    {
      "id": 14,
      "model": "돈키호테",
      "content": "什！真的吗？"
    },
    {
      "id": 15,
      "model": "히스클리프",
      "content": "……钟表头。一时半会也没什么要救人的活，今天就转他个一人份的吧。没关系吧？"
    },
    {
      "id": 16,
      "model": "단테",
      "content": "<……你不去征求一下维吉里乌斯的意见真的好吗？>"
    },
    {
      "id": 17,
      "model": "히스클리프",
      "content": "……咳！令人火大！"
    },
    {
      "id": 18,
      "content": "……我想我已经渐渐掌握应对希斯克利夫的诀窍了。"
    },
    {
      "id": 19,
      "model": "파우스트",
      "content": "好消息，希斯克利夫。"
    },
    {
      "id": 20,
      "model": "파우스트",
      "content": "此次的警报似乎很有意义。"
    },
    {
      "id": 21,
      "model": "단테",
      "content": "<那么……>"
    },
    {
      "id": 22,
      "model": "파우스트",
      "content": "正是，镜像迷宫那边的门发生了一次有意义的变化。"
    },
    {
      "id": 23,
      "model": "파우스트",
      "content": "但丁，您所提议的休假……"
    },
    {
      "id": 24,
      "model": "단테",
      "content": "<我明白……我就知道会变成这样。>"
    },
    {
      "id": 25,
      "model": "베르길리우스",
      "content": "……"
    },
    {
      "id": 26,
      "model": "파우스트",
      "content": "……了解。那么，让我们前往检测到变化的地方吧。"
    },
    {
      "id": 27,
      "content": "虽然有些在意迷之叹息的浮士德和维吉里乌斯的视线，但……"
    },
    {
      "id": 28,
      "content": "……目前更重要的是，我得带着罪人们前往镜像迷宫。而且还要想方设法安抚他们，毕竟他们难得的假期已经结束了。"
    },
    {
      "id": 29,
      "place": "巴士的后门",
      "model": "오티스",
      "content": "一直以来被封锁的地方，又敞开一扇门了……"
    },
    {
      "id": 30,
      "model": "이스마엘",
      "content": "这次的门显得稍微蓝一些……？"
    },
    {
      "id": 31,
      "model": "싱클레어",
      "content": "其他原来的门哪去了……？我觉得它们并不是这种颜色的。"
    },
    {
      "id": 32,
      "content": "正如以实玛利所说，镜像迷宫每次新出现的门都是新款式。"
    },
    {
      "id": 33,
      "content": "但它们似乎也会消失……"
    },
    {
      "id": 34,
      "model": "단테",
      "content": "<我好像能听到门后传来波涛滚滚的声响。>"
    },
    {
      "id": 35,
      "model": "파우스트",
      "content": "根据设备向我们提供的信息，此次后门变化产生的新空间似乎被命名为“湖之镜”。"
    },
    {
      "id": 36,
      "model": "이스마엘",
      "content": "……嗯。"
    },
    {
      "id": 37,
      "content": "以实玛利的眉头稍稍皱起。"
    },
    {
      "id": 38,
      "model": "이스마엘",
      "content": "上次解决李箱先生的情况后似乎也是如此……"
    },
    {
      "id": 39,
      "model": "이스마엘",
      "content": "……与其说是随机生成新的空间，倒不如说是与罪人的亲和性相当高的变化，不是吗，浮士德小姐？"
    },
    {
      "id": 40,
      "model": "파우스트",
      "content": "……梅菲斯托费勒斯的引擎，是会在每次取回金枝时都能够对其进行共鸣的设计。"
    },
    {
      "id": 41,
      "model": "파우스트",
      "content": "巴士的后门也是通过引擎的能力所制成的。"
    },
    {
      "id": 42,
      "model": "파우스트",
      "content": "受到与金枝有直接关联的罪人们的“事件”的影响也不是绝无可能。"
    },
    {
      "id": 43,
      "model": "이스마엘",
      "content": "也就是说，可以确定以后每当回收其他金枝的时候都会生成新的空间。"
    },
    {
      "id": 44,
      "model": "파우스트",
      "content": "概率较高。"
    },
    {
      "id": 45,
      "model": "이스마엘",
      "content": "原来如此……好的，感谢说明。"
    },
    {
      "id": 46,
      "content": "虽然以实玛利特有的那种尖锐地指出有疑问的部分的语调并没有改变……（只是对“大湖”这个字眼变得有些敏感了也说不定。）"
    },
    {
      "id": 47,
      "content": "可能是以大湖上一系列的事件作为契机，我感觉以实玛利正在留意着尽量不对其他罪人过分刻薄。"
    },
    {
      "id": 48,
      "content": "……挺好的，这是一种好的转变。"
    },
    {
      "id": 49,
      "model": "오티스",
      "content": "稍等。还有一个问题。"
    },
    {
      "id": 50,
      "model": "파우스트",
      "content": "请讲。"
    },
    {
      "id": 51,
      "model": "오티스",
      "content": "我明明听到过金枝在回收后，会经由LCCA移送至本部。金枝甚至不位于此处都能造成这样的影响吗？"
    },
    {
      "id": 52,
      "model": "파우스트",
      "content": "……对于该提问的回答，可能需要较长的时间。"
    },
    {
      "id": 53,
      "model": "오티스",
      "content": "无所谓。"
    },
    {
      "id": 54,
      "model": "단테",
      "content": "<别、别吧……奥提斯。现在就尽量长话短说吧。>"
    },
    {
      "id": 55,
      "model": "이상",
      "content": "……唔。"
    },
    {
      "id": 56,
      "model": "단테",
      "content": "<好像尽快转移到其他空间才能让李箱感到稍微舒缓一些……>"
    },
    {
      "id": 57,
      "model": "이상",
      "content": "本以为能有一段不短的假期，便没有吃药……抱歉……"
    },
    {
      "id": 58,
      "model": "오티스",
      "content": "……那就只听结论吧。"
    },
    {
      "id": 59,
      "model": "파우스트",
      "content": "简而言之，金枝被收回后会被转移到本部，经过特定的步骤进行调律。"
    },
    {
      "id": 60,
      "model": "파우스트",
      "content": "调律结束后，梅菲斯托费勒斯的引擎和金枝发出的波长会相互吻合并引起共鸣。"
    },
    {
      "id": 61,
      "model": "파우스트",
      "content": "……也会和经理头里的金枝一起共鸣。"
    },
    {
      "id": 62,
      "model": "단테",
      "content": "<是、是那样的吗？>"
    },
    {
      "id": 63,
      "model": "오티스",
      "content": "那个过程不会对经理造成伤害吗？"
    },
    {
      "id": 64,
      "model": "파우스트",
      "content": "嗯，不会。正如您一路所见。"
    },
    {
      "id": 65,
      "model": "오티스",
      "content": "嗯。一旦回收就会有反应吗。知道了。"
    },
    {
      "id": 66,
      "model": "로쟈",
      "content": "喂~无聊的说明时间结束了吗？"
    },
    {
      "id": 67,
      "model": "료슈",
      "content": "快·讲。"
    },
    {
      "id": 68,
      "model": "싱클레어",
      "content": "她说快点结束讲课……"
    },
    {
      "id": 69,
      "model": "단테",
      "content": "<……>"
    },
    {
      "id": 70,
      "model": "단테",
      "content": "<浮士德，现在就得确认这个迷宫内部了吧？>"
    },
    {
      "id": 71,
      "content": "明明刚让罪人们去休息就要出尔反尔，心里颇有些过意不去……"
    },
    {
      "id": 72,
      "content": "不知为什么，我好像可以预料到浮士德的回答了。"
    },
    {
      "id": 73,
      "model": "파우스트",
      "content": "浮士德想建议您尽快探索新的空间。"
    },
    {
      "id": 74,
      "model": "파우스트",
      "content": "从大湖回到陆地还有一段时间，毕竟在没有特别要做的事情的情况下，在镜像迷宫里获取资源和获得成长将是最合适的活动。"
    },
    {
      "id": 75,
      "model": "단테",
      "content": "<嗯……>"
    },
    {
      "id": 76,
      "model": "오티스",
      "content": "经理，虽然您可能不喜欢推翻您所下的决定。"
    },
    {
      "id": 77,
      "model": "오티스",
      "content": "考虑到我们剩下的旅程，我认为在这个新的空间里得到的资源和战斗经验难以忽视。"
    },
    {
      "id": 78,
      "content": "我对那句话点了点头，罪人们一边表达着各自的不满，一边开始准备前往迷宫……"
    },
    {
      "id": 79,
      "content": "就这样，我们走进了新出现的门里。"
    }
  ]
}