{
  "dataList": [
    {
      "id": 0,
      "place": "梅菲斯托费勒斯 船舱",
      "model": "단테",
      "content": "<这是……>"
    },
    {
      "id": 1,
      "content": "舱室被绿色的灯光照亮，熟悉的警报声响起。"
    },
    {
      "id": 2,
      "model": "이상",
      "content": "呃啊！"
    },
    {
      "id": 3,
      "model": "이상",
      "content": "啊啊……我刚逃进睡眠的庇所，但现在……"
    },
    {
      "id": 4,
      "content": "突如其来的警报声把罪人们从梦中惊醒。"
    },
    {
      "id": 5,
      "model": "파우스트",
      "content": "瓦尔普吉斯之夜再一次降临了。"
    },
    {
      "id": 6,
      "content": "哪怕在这样的混乱中，浮士德依然冷静地走上前去，关闭了警报。"
    },
    {
      "id": 7,
      "model": "단테",
      "content": "<这么快就来了……我还以为这应该是很罕见的现象来着。>"
    },
    {
      "id": 8,
      "model": "파우스트",
      "content": "现象本身的确罕见，但我们也无法预测其发生的时机。"
    },
    {
      "id": 9,
      "model": "로쟈",
      "content": "啊啊……那就是没得睡咯。所以，下周可能还接着报警，对么？"
    },
    {
      "id": 10,
      "model": "파우스트",
      "content": "这样的可能性的确存在。但梅菲斯托费勒斯的引擎共鸣需要预热，所以我不认为会发生得那么快。"
    },
    {
      "id": 11,
      "model": "파우스트",
      "content": "啊……"
    },
    {
      "id": 12,
      "content": "一边回答罗佳的问题，一边操作设备的浮士德，突然停下了手中的事。"
    },
    {
      "id": 13,
      "model": "단테",
      "content": "<……怎么了？有什么问题吗？>"
    },
    {
      "id": 14,
      "model": "파우스트",
      "content": "……不。只是出现了预期中可能发生的一种波动。"
    },
    {
      "id": 15,
      "model": "파우스트",
      "content": "只不过，对但丁和罪人们这样初入这种新环境的人来说，我需要一点时间思考该如何解释。"
    },
    {
      "id": 16,
      "content": "新环境……？"
    },
    {
      "id": 17,
      "content": "虽然浮士德的说明使我的脑海中浮现出了问号，但我并没有将这疑问说出口。"
    },
    {
      "id": 18,
      "content": "看着浮士德走向后门的身影，我知道哪怕问了也不会有什么意义。"
    },
    {
      "id": 19,
      "model": "파우스트",
      "content": "耳听为虚，眼见为实。"
    },
    {
      "id": 20,
      "model": "단테",
      "content": "<我就知道……>"
    },
    {
      "id": 21,
      "model": "돈키호테",
      "content": "哦哦！于枯燥乏味的日常里，又有新的冒险在蠢蠢欲动了！"
    },
    {
      "id": 22,
      "model": "이스마엘",
      "content": "你之前给巴士里到处挂装饰品闹得那么欢，这么快就腻了吗……"
    },
    {
      "id": 23,
      "model": "돈키호테",
      "content": "诚然，吾已经庆祝得够多了！"
    },
    {
      "id": 24,
      "model": "파우스트",
      "content": "但丁，请带领我们进去吧。"
    },
    {
      "id": 25,
      "content": "早就百无聊赖的罪人们站起身来，这次冒险的机会让气氛变得活跃些了……"
    },
    {
      "id": 26,
      "content": "我们向后门走去。"
    },
    {
      "id": 27,
      "place": "巴士的后门",
      "model": "파우스트",
      "content": "但丁。这次发生波动的位置在……迷宫所在的方向。"
    },
    {
      "id": 28,
      "model": "단테",
      "content": "<哦，所以是我的房间那边……>"
    },
    {
      "id": 29,
      "model": "파우스트",
      "content": "对，请把门打开吧。"
    },
    {
      "id": 30,
      "content": "她确实说过，根据开门的人的不同，门后出现的走廊也会改变……"
    },
    {
      "id": 31,
      "content": "我缓缓穿过走廊，试着回想浮士德曾讲过的那些话。"
    },
    {
      "id": 32,
      "model": "이스마엘",
      "content": "谢天谢地……这次不用走到禁区里了。"
    },
    {
      "id": 33,
      "model": "이스마엘",
      "content": "之前有几个白痴擅自走进了那边，给我们找上了一大堆麻烦……"
    },
    {
      "id": 34,
      "model": "히스클리프",
      "content": "之……之后真的不会再犯了！"
    },
    {
      "id": 35,
      "model": "오티스",
      "content": "你这种两次越界的人嘴里说出的话可没什么说服力。"
    },
    {
      "id": 36,
      "model": "이스마엘",
      "content": "我同意。呵。"
    },
    {
      "id": 37,
      "model": "히스클리프",
      "content": "哈啊……"
    },
    {
      "id": 38,
      "model": "돈키호테",
      "content": "吾……仅仅只犯了一次。"
    },
    {
      "id": 39,
      "model": "히스클리프",
      "content": "你丫闭嘴吧！"
    },
    {
      "id": 40,
      "content": "我逐渐开始喜欢起罪人们之间吵吵闹闹的氛围了。"
    },
    {
      "id": 41,
      "content": "如果能一直这样下去的话……想到这里，我转动门把手，推开了门。"
    },
    {
      "id": 42,
      "model": "홍루",
      "content": "嚯……？"
    },
    {
      "id": 43,
      "model": "그레고르",
      "content": "那扇……门……"
    },
    {
      "id": 44,
      "content": "没错，那扇门正在变形。"
    },
    {
      "id": 45,
      "content": "正变成似乎在某处见过的，令人熟悉的形状。"
    },
    {
      "id": 46,
      "model": "단테",
      "content": "<和脑叶公司……支部里见过的某扇门长得很像。>"
    },
    {
      "id": 47,
      "model": "뫼르소",
      "content": "准确地说是完全一致。"
    },
    {
      "id": 48,
      "model": "뫼르소",
      "content": "虽然对比来看有复数重叠的形状这类不同之处，但设计基调一致。"
    },
    {
      "id": 49,
      "model": "파우스트",
      "content": "十分正确的观察结果。重叠的形状，正是瓦尔普吉斯之夜到来的证明。"
    },
    {
      "id": 50,
      "model": "단테",
      "content": "<……我要打开了。>"
    },
    {
      "id": 51,
      "content": "慢慢地打开门，发现里面还有另一个走廊。"
    },
    {
      "id": 52,
      "place": "脑叶公司支部？",
      "model": "히스클리프",
      "content": "没错吧？脑叶公司支部。"
    },
    {
      "id": 53,
      "content": "进入并观察周围，确实和至今为止去过的脑叶公司支部十分相似。"
    },
    {
      "id": 54,
      "model": "히스클리프",
      "content": "喂，天才小姐。如果能以这种方式找到脑叶公司支部的话，我们为什么要坐巴士辛辛苦苦地到处跑呢？"
    },
    {
      "id": 55,
      "model": "파우스트",
      "content": "……你的话中有不少需要订正的部分。就让我按顺序来回答吧。"
    },
    {
      "id": 56,
      "model": "파우스트",
      "content": "首先，瓦尔普吉斯之夜是连我都难以预测的现象。"
    },
    {
      "id": 57,
      "model": "오티스",
      "content": "基于这样不稳定的因素展开行动，简直是疯了。"
    },
    {
      "id": 58,
      "model": "히스클리프",
      "content": "啧……你说得对。"
    },
    {
      "id": 59,
      "model": "로쟈",
      "content": "下次先想想再说好吗~希斯？"
    },
    {
      "id": 60,
      "content": "希斯克利夫朝着罗佳摆了摆脸色，但在意识到别的罪人都点头同意的时候又打消了这想法。"
    },
    {
      "id": 61,
      "model": "파우스트",
      "content": "嗯，好吧。我不完全否认那种可能性。"
    },
    {
      "id": 62,
      "model": "파우스트",
      "content": "然而，我必须说明的是，这并非是真实存在于都市某处的脑叶公司支部。这只是……在瓦尔普吉斯之夜影响下走廊畸变的一种。"
    },
    {
      "id": 63,
      "model": "파우스트",
      "content": "由于我们的任务是从现存的支部内取回金枝。因此，我能确认此处与我们当前的任务并不相干。"
    },
    {
      "id": 64,
      "model": "히스클리프",
      "content": "行行行……我为自己胡说八道道个歉，能不能别念叨了？"
    },
    {
      "id": 65,
      "model": "파우스트",
      "content": "我说过我并不否认那种可能性。而且……"
    },
    {
      "id": 66,
      "model": "파우스트",
      "content": "还有很多问题需要订正呢。"
    },
    {
      "id": 67,
      "model": "단테",
      "content": "<……还有？>"
    },
    {
      "id": 68,
      "content": "虽然我觉得希斯克利夫话中的问题已经全部被订正过了，但浮士德的表情正在诉说还有最为重要的问题残留着。"
    },
    {
      "id": 69,
      "content": "她带着那样严肃的表情，将视线转向远方某处……"
    },
    {
      "id": 70,
      "model": "파우스트",
      "content": "此处并非脑叶公司的某个支部。"
    },
    {
      "id": 71,
      "content": "浮士德说道。"
    },
    {
      "id": 72,
      "model": "단테",
      "content": "<不是支部……？难道这压根就不是脑叶公司？>"
    },
    {
      "id": 73,
      "model": "파우스트",
      "content": "这里不是支部，我们正身处于过去的某个时间和可能性之下的脑叶公司本部之中。"
    },
    {
      "id": 74,
      "model": "이스마엘",
      "content": "……！"
    },
    {
      "id": 75,
      "model": "이스마엘",
      "content": "所以，这里是……"
    },
    {
      "id": 76,
      "model": "싱클레어",
      "content": "变成折断之翼的……"
    },
    {
      "id": 77,
      "place": "脑叶公司本部 控制部走廊",
      "model": "파우스트",
      "content": "是。这里是旧L公司。我们正在过去的控制部的走廊当中。"
    },
    {
      "id": 78,
      "content": "罪人们开始变得慌张起来。"
    },
    {
      "id": 79,
      "content": "虽然我不记得了，但这很显然应该是一个都市上下人尽皆知的大事件……"
    },
    {
      "id": 80,
      "content": "笼罩都市数日的刺目白夜，和在那之后吞噬一切的黑昼，一定发源于此处。"
    },
    {
      "id": 81,
      "model": "파우스트",
      "content": "……"
    },
    {
      "id": 82,
      "content": "浮士德似乎对这件事没什么兴趣……又或者说，她本就已了如指掌。"
    },
    {
      "id": 83,
      "content": "她的眼睛盯着远方的某处，并没有被裹挟进罪人们的混乱之中。"
    },
    {
      "id": 84,
      "model": "단테",
      "content": "<……你在等什么东西出现吗，浮士德？>"
    },
    {
      "id": 85,
      "model": "파우스트",
      "content": "是的。波动还不止这些，这次的事件应当还没有结束。"
    },
    {
      "id": 86,
      "model": "파우스트",
      "content": "恐怕，很快就……"
    },
    {
      "id": 87,
      "content": "在浮士德的话音落下之前，走廊的照明突然变得闪烁不定。"
    },
    {
      "id": 88,
      "model": "파우스트",
      "content": "开始了。"
    },
    {
      "id": 89,
      "model": "돈키호테",
      "content": "这、这是何种诡术？莫非是曾有听闻的设施掩埋吗……？！"
    },
    {
      "id": 90,
      "model": "파우스트",
      "content": "那种程度的事件会触发其他的警报声。"
    },
    {
      "id": 91,
      "model": "그레고르",
      "content": "那、那这是什么……？这个红灯，我可不是很喜欢啊……？"
    },
    {
      "id": 92,
      "model": "파우스트",
      "content": "来了。前面。"
    },
    {
      "id": 93,
      "content": "我顺着浮士德指尖的方向看去，那也是她一直注目的方向。"
    },
    {
      "id": 94,
      "content": "一缕烟雾不知何时凭空生出，聚集在一起……"
    },
    {
      "id": 95,
      "model": "그레고르",
      "content": "……机器？"
    },
    {
      "id": 96,
      "content": "而后某种古怪的东西就出现在了那里。"
    },
    {
      "id": 97,
      "model": "파우스트",
      "content": "这是一次考验。颜色，绿色。时间，黎明。"
    },
    {
      "id": 98,
      "model": "오티스",
      "content": "……全员！"
    },
    {
      "id": 99,
      "model": "그레고르",
      "content": "不用说也知道，那堆废铁正吵闹着在往这边过来……！"
    },
    {
      "id": 100,
      "content": "大家仿佛早就料到了这种事情一般，都亮出武器紧盯着那身份不明之物。"
    },
    {
      "id": 101,
      "model": "히스클리프",
      "content": "那也是异想体吗……？"
    },
    {
      "id": 102,
      "model": "단테",
      "content": "<不，感觉更像是……类似罪种的东西？>"
    },
    {
      "id": 103,
      "content": "我看着浮士德，说出了直觉告诉我的感受。并期待着她的补充说明。"
    },
    {
      "id": 104,
      "content": "然而浮士德没有回答，替代话语的，是她架起了双手大剑向前迈进。"
    },
    {
      "id": 105,
      "model": "파우스트",
      "content": "总之……先处理敌人吧。但丁，准备好你的人格卡。"
    }
  ]
}