{
  "dataList": [
    {
      "id": 0,
      "place": "脑叶公司本部 控制部走廊",
      "content": "机器终于都被破坏了，变成了地板上滚动的碎片。"
    },
    {
      "id": 1,
      "model": "그레고르",
      "content": "……呼。所以说，浮士德小姐。费这么大功夫收拾掉那些总该有个理由对吧？"
    },
    {
      "id": 2,
      "model": "파우스트",
      "content": "是的。因为相比我们直接离开，获取奖励的效率更高。"
    },
    {
      "id": 3,
      "model": "그레고르",
      "content": "……奖励？"
    },
    {
      "id": 4,
      "content": "听格里高尔的语气似乎是想得到更详细的说明，但看来浮士德并不想再说下去，开始观察起周围的墙壁和器物。"
    },
    {
      "id": 5,
      "model": "이상",
      "content": "这些……到底是什么？"
    },
    {
      "id": 6,
      "content": "李箱站在浮士德的身旁一同观察，并提出了疑问。"
    },
    {
      "id": 7,
      "model": "파우스트",
      "content": "与曾经在本部出没的异想体类似，但又完全不同的……存在。脑叶公司本部称这些怪物为考验。"
    },
    {
      "id": 8,
      "model": "이상",
      "content": "考验。是吗。嗯，这里不是异想体收容单元，虽然是走廊，但好像也可以像收容单元一样使用。"
    },
    {
      "id": 9,
      "model": "파우스트",
      "content": "这些怪物，拥有在特定时期突然出现的性质。"
    },
    {
      "id": 10,
      "model": "단테",
      "content": "<就像在郊区见过的那种怪物吗？>"
    },
    {
      "id": 11,
      "model": "파우스트",
      "content": "那样理解也没错……嗯，但也不能说完全正确。只能说总有一天你会理解的，但丁。"
    },
    {
      "id": 12,
      "model": "료슈",
      "content": "百鬼夜行。呵，我喜欢。"
    },
    {
      "id": 13,
      "model": "파우스트",
      "content": "啊。有些事我必须告知你，但丁。"
    },
    {
      "id": 14,
      "model": "단테",
      "content": "<嗯？>"
    },
    {
      "id": 15,
      "model": "파우스트",
      "content": "在今后的波动中，发生这种“考验”或类似情况的概率会很高。"
    },
    {
      "id": 16,
      "model": "파우스트",
      "content": "建议您每次都积极地参与挑战。"
    },
    {
      "id": 17,
      "model": "단테",
      "content": "<……如她所说，各位。>"
    },
    {
      "id": 18,
      "model": "그레고르",
      "content": "哈……所以都说了，我讨厌这种灯光……"
    },
    {
      "id": 19,
      "model": "돈키호테",
      "content": "不如说正合吾意！既不会无聊，又能进行战斗训练不是吗！"
    },
    {
      "id": 20,
      "content": "其他罪人们聊着各自的感想很是喧闹，但浮士德与李箱只是在讨论着是否要做进一步的调查。"
    },
    {
      "id": 21,
      "content": "啊……比起无所事事地漂荡在大湖里，这样应该更合理吧。"
    },
    {
      "id": 22,
      "content": "说不定某一天浮士德或李箱会向我说明他们发现的东西，我对此抱持着些许期待……"
    },
    {
      "id": 23,
      "content": "我为了平息罪人们的躁动向前迈开了步伐。"
    }
  ]
}