{
  "dataList": [
    {
      "id": 0,
      "place": "梅菲斯托费勒斯 船舱",
      "model": "카론",
      "content": "警告，警告。接近陆地。"
    },
    {
      "id": 1,
      "content": "一直安静地握着舵的卡戎突然冒出的一句话，让船舱里的每个人都高兴得跳了起来，发出的欢呼声交织在了一起。"
    },
    {
      "id": 2,
      "model": "로쟈",
      "content": "终于！要结束了吗？！"
    },
    {
      "id": 3,
      "model": "이상",
      "content": "我快要落泪了……"
    },
    {
      "id": 4,
      "model": "그레고르",
      "content": "哈啊……如果接下来要去哪里玩的话绝对不能去有船的地方。我这辈子都受够了……"
    },
    {
      "id": 5,
      "content": "一些人因为大湖上的生活终于要结束了而松了一口气，而另一些人则紧紧贴着窗户向外看，想要确认这段时间里陆地是否发生了什么变化。"
    },
    {
      "id": 6,
      "model": "이스마엘",
      "content": "太夸张了吧……我那时候，上了船可就是3年起步……"
    },
    {
      "id": 7,
      "model": "히스클리프",
      "content": "这话，感觉在湖上漂流的时候我就已经听过几十遍了，就别说了吧……"
    },
    {
      "id": 8,
      "model": "오티스",
      "content": "别太过分，以实玛利。事不过三。"
    },
    {
      "id": 9,
      "model": "이스마엘",
      "content": "嗯……哈，我只是因为你说你无话可说才提起这事的……"
    },
    {
      "id": 10,
      "content": "就在以为这些无聊的谈话会继续下去的时候……"
    },
    {
      "id": 11,
      "content": "哐嘡！"
    },
    {
      "id": 12,
      "content": "梅菲斯托费勒斯突然一震，然后开始猛烈晃动。"
    },
    {
      "id": 13,
      "content": "当然……我们所有人都在其中被震得飞了起来或是滚来滚去。"
    },
    {
      "id": 14,
      "model": "로쟈",
      "content": "啊啊……"
    },
    {
      "id": 15,
      "model": "단테",
      "content": "<大、大家都没事吧？>"
    },
    {
      "id": 16,
      "place": "梅菲斯托费勒斯 内部",
      "model": "히스클리프",
      "content": "啊啊啊……这该死的巴士，怎么就不能顺顺当当地停下来一次呢……"
    },
    {
      "id": 17,
      "model": "히스클리프",
      "content": "诶，巴士？"
    },
    {
      "id": 18,
      "content": "希斯克利夫说的没错，仔细一看周围……"
    },
    {
      "id": 19,
      "content": "船舱变回了我们熟悉的巴士的形态。"
    },
    {
      "id": 20,
      "model": "카론",
      "content": "卡戎，刚按下变形按钮。咔嗒咔嗒。"
    },
    {
      "id": 21,
      "model": "로쟈",
      "content": "先打开指示灯再按行吗……喂！"
    },
    {
      "id": 22,
      "model": "그레고르",
      "content": "卡戎，拜托了……"
    },
    {
      "id": 23,
      "model": "카론",
      "content": "巴士船没有指示灯。没有办法，虫男。"
    },
    {
      "id": 24,
      "model": "그레고르",
      "content": "哈啊啊……"
    },
    {
      "id": 25,
      "model": "단테",
      "content": "<还以为会有什么复杂的程序，竟然这样就变回来了……>"
    },
    {
      "id": 26,
      "model": "싱클레어",
      "content": "我还以为我们必须要再去一趟工坊、修船厂之类的地方呢……"
    },
    {
      "id": 27,
      "model": "파우스트",
      "content": "梅菲斯托费勒斯有着能记忆曾经被刻印的性质的机能。"
    },
    {
      "id": 28,
      "model": "파우스트",
      "content": "一旦拥有了某种形态，就可以直接进入别的形态，也可以再变回去。"
    },
    {
      "id": 29,
      "model": "싱클레어",
      "content": "是、是这样啊……"
    },
    {
      "id": 30,
      "model": "홍루",
      "content": "总之~很高兴你平安抵达了你期待已久的陆地，希斯克利夫！"
    },
    {
      "id": 31,
      "model": "히스클리프",
      "content": "嗯？啊！啊……"
    },
    {
      "id": 32,
      "content": "希斯克利夫的表情稍微明朗了一些，然后他马上又露出一副复杂的表情。"
    },
    {
      "id": 33,
      "model": "히스클리프",
      "content": "也就是说……喂，布隆布隆。这里是……T公司吗？"
    },
    {
      "id": 34,
      "content": "希斯克利夫问向卡戎，但不知道是因为没有叫自己的名字，还是因为只是像往常一样专心开车，她什么都没有回答。"
    },
    {
      "id": 35,
      "model": "이상",
      "content": "灰色的样子和夺走颜色的那个地方很像……但又有点不一样。"
    },
    {
      "id": 36,
      "model": "히스클리프",
      "content": "嗯……是吗。好像不是这种颜色。"
    },
    {
      "id": 37,
      "content": "T公司……20区……虽然没有亲自去过，但确实是在李箱的自我心道中经历过的地方。"
    },
    {
      "id": 38,
      "content": "似乎是颜色被夺走的地方……"
    },
    {
      "id": 39,
      "model": "베르길리우스",
      "content": "放松点，希斯克利夫。这里还只是后巷而已。"
    },
    {
      "id": 40,
      "model": "베르길리우스",
      "content": "只不过是你长期置身于其中的地方的入口。"
    },
    {
      "id": 41,
      "model": "히스클리프",
      "content": "……"
    },
    {
      "id": 42,
      "model": "단테",
      "content": "<没必要故意刺激他吧……>"
    },
    {
      "id": 43,
      "model": "이스마엘",
      "content": "不直接进入巢，反而从后巷走是有什么理由吗？"
    },
    {
      "id": 44,
      "model": "단테",
      "content": "<啊，是啊。那点我也很好奇。>"
    },
    {
      "id": 45,
      "model": "오티스",
      "content": "我也很好奇。穿过后巷的道路有很多绕行路线，我认为会增加时间和危险因素。"
    },
    {
      "id": 46,
      "model": "뫼르소",
      "content": "从巢直接进入巢的许可，比经由后巷进入的审查条件更为宽松。"
    },
    {
      "id": 47,
      "content": "以实玛利的话让其他罪人们也七嘴八舌起来。"
    },
    {
      "id": 48,
      "model": "베르길리우스",
      "content": "嗯……最近各位的问题变多了啊。"
    },
    {
      "id": 49,
      "model": "베르길리우스",
      "content": "我不会亲切地进行说明的方针，应该不会改变。"
    },
    {
      "id": 50,
      "model": "이스마엘",
      "content": "如果对方向产生疑问的话，难道不应该询问吗？"
    },
    {
      "id": 51,
      "model": "이스마엘",
      "content": "向导的工作不就是指明方向么。"
    },
    {
      "id": 52,
      "model": "베르길리우스",
      "content": "……嗯。"
    },
    {
      "id": 53,
      "model": "이스마엘",
      "content": "难道说，没有得到T公司的出入许可吗？边狱公司不是正经公司吗？"
    },
    {
      "id": 54,
      "model": "이스마엘",
      "content": "再怎么是新生公司，不也是个后盾很坚实的公司吗？"
    },
    {
      "id": 55,
      "model": "파우스트",
      "content": "当然可以得到大部分巢的出入许可。"
    },
    {
      "id": 56,
      "model": "이스마엘",
      "content": "那为什么……"
    },
    {
      "id": 57,
      "model": "베르길리우스",
      "content": "是公司的意思。"
    },
    {
      "id": 58,
      "content": "维吉里乌斯低沉、粗哑的声音让骚动停了下来。"
    },
    {
      "id": 59,
      "model": "베르길리우스",
      "content": "向导的工作是调整公司委托的目的地的行进方法。"
    },
    {
      "id": 60,
      "model": "베르길리우스",
      "content": "选择这个路径也只是按照那个意思的结果……哈。希望你们能适当地闭嘴。"
    },
    {
      "id": 61,
      "content": "维吉里乌斯像嫌吵一样，一脸烦躁地摆弄着耳朵说。"
    },
    {
      "id": 62,
      "model": "이스마엘",
      "content": "好吧……既然是那样。"
    },
    {
      "id": 63,
      "content": "即使不能接受，但既然是公司的命令也无可奈何。正当以实玛利这么想着，准备点头的时候。"
    },
    {
      "id": 64,
      "model": "단테",
      "content": "<……！警报……>"
    },
    {
      "id": 65,
      "model": "로쟈",
      "content": "……哈，又是警报……难道是在偷听我们说话？时机这么巧真的好么？"
    },
    {
      "id": 66,
      "model": "파우스트",
      "content": "应该没有那种可能。"
    },
    {
      "id": 67,
      "model": "파우스트",
      "content": "但丁。"
    },
    {
      "id": 68,
      "content": "浮士德像往常一样看了看巴士的终端，然后望向我。"
    },
    {
      "id": 69,
      "model": "단테",
      "content": "<唔……我们还得再去一次对吗？>"
    },
    {
      "id": 70,
      "model": "파우스트",
      "content": "是的，没错。"
    },
    {
      "id": 71,
      "model": "로쟈",
      "content": "又来？之前后门变化的时候我们不是才去过么？"
    },
    {
      "id": 72,
      "model": "그레고르",
      "content": "啊……我好像懂了。"
    },
    {
      "id": 73,
      "model": "그레고르",
      "content": "之前是镜像迷宫……采光迷宫发生了变化。"
    },
    {
      "id": 74,
      "model": "그레고르",
      "content": "那么剩下的就是……"
    },
    {
      "id": 75,
      "model": "파우스트",
      "content": "对于格里高尔的推理能力与日俱增，浮士德表示肯定。"
    },
    {
      "id": 76,
      "model": "그레고르",
      "content": "哈啊……折射轨道吗。"
    },
    {
      "id": 77,
      "content": "罪人们纷纷叹气。"
    },
    {
      "id": 78,
      "model": "히스클리프",
      "content": "妈的……又是那该死的地铁。"
    },
    {
      "id": 79,
      "model": "로쟈",
      "content": "啊~每次去都会筋疲力尽呢……"
    },
    {
      "id": 80,
      "model": "싱클레어",
      "content": "之前是2号线……这么说的话，接下来应该是3号线了？"
    },
    {
      "id": 81,
      "model": "파우스트",
      "content": "那样的可能性很高。但是在直接前往观察之前都无法确定。"
    },
    {
      "id": 82,
      "model": "파우스트",
      "content": "但丁。"
    },
    {
      "id": 83,
      "model": "단테",
      "content": "<我知道了……>"
    },
    {
      "id": 84,
      "content": "折射轨道是连我也会产生相当疲劳感的空间。"
    },
    {
      "id": 85,
      "content": "每当出现的时候，轨道的特征也会发生变化，会有比至今为止遇到的敌人更强大的家伙。"
    },
    {
      "id": 86,
      "content": "但是……"
    },
    {
      "id": 87,
      "content": "经历过一次轨道后，罪人们的战斗方式和熟练度明显增加也是事实。"
    },
    {
      "id": 88,
      "content": "更不用提所获得的大量报酬。"
    },
    {
      "id": 89,
      "content": "虽然记不清楚是什么时候，但浮士德曾经对轨道的异想体进行过说明。"
    },
    {
      "id": 90,
      "content": "在轨道上遇见的东西，并不是我们现在所在的世界里原本的存在。"
    },
    {
      "id": 91,
      "content": "所以……即使镇压也不存在可以回收的好处，但是正好适合预习面对实物时的应对方法。"
    },
    {
      "id": 92,
      "content": "一一列举利弊，证明还是前往轨道会更有利。"
    },
    {
      "id": 93,
      "content": "所以……"
    },
    {
      "id": 94,
      "model": "단테",
      "content": "<出发吧。>"
    },
    {
      "id": 95,
      "content": "我环顾了一眼罪人们……"
    },
    {
      "id": 96,
      "content": "打开了通向后门的大门。"
    }
  ]
}