{
  "dataList": [
    {
      "id": 0,
      "place": "梅菲斯托费勒斯 内部",
      "model": "로쟈",
      "content": "虽然之前也说过了，但果然是不管去哪个巢都会堵车啊……"
    },
    {
      "id": 1,
      "content": "已经在一成不变的风景中度过了不知道几十个小时之后，罗佳百无聊赖地叹着气这样说道。"
    },
    {
      "id": 2,
      "content": "不论经过多少地方，我们都会在巴士上度过同样漫长的时光，但即便如此，也很难习惯无聊感。在我快要忘掉这一切的时候，再次听到罪人们响起的抱怨声也成了日常的一部分。"
    },
    {
      "id": 3,
      "model": "단테",
      "content": "<去T公司的入境检查站还要多久？>"
    },
    {
      "id": 4,
      "content": "在这种情况下，我能做的只有提醒他们到目的地还要多久而已……"
    },
    {
      "id": 5,
      "model": "파우스트",
      "content": "考虑到我们会在下一个地点等待大约一天，以及途中的停车地点等等……看起来还剩3天左右。"
    },
    {
      "id": 6,
      "model": "로쟈",
      "content": "哇……"
    },
    {
      "id": 7,
      "model": "그레고르",
      "content": "感觉我们只是稍微从这里开到那里，但却总是像这样……"
    },
    {
      "id": 8,
      "content": "正如格里高尔所言，都市并不是那般的巨大……"
    },
    {
      "id": 9,
      "content": "但每当我们在前往某地时，都会像现在一样花费很多时间，从这一点来看的话，很明显都市中还有些事情是我不知道的。"
    },
    {
      "id": 10,
      "model": "이스마엘",
      "content": "因为这也不是什么小型车，而是大型巴士……沿着后巷走的话，似乎确实会花费更多时间呢。"
    },
    {
      "id": 11,
      "model": "오티스",
      "content": "我认为徒步前进会更快一些。"
    },
    {
      "id": 12,
      "model": "이상",
      "content": "如此一来，我们的食宿如何解决？"
    },
    {
      "id": 13,
      "model": "오티스",
      "content": "你不知道吗？长期行军途中自然是会搭帐篷露营的……"
    },
    {
      "id": 14,
      "model": "그레고르",
      "content": "……喂，又不是所有人都是军人出身。奥提斯长官大人。"
    },
    {
      "id": 15,
      "model": "싱클레어",
      "content": "还、还有！在后巷过夜时不留神的话……那些可怕的清、清道……"
    },
    {
      "id": 16,
      "content": "看着辛克莱的脸色变得苍白，说话也开始结巴，我想起之前有听罪人们说过。"
    },
    {
      "id": 17,
      "content": "拂晓时分，在特定的时间段里，有一种叫清道夫的东西会在后巷扫荡，清理所有“垃圾”。"
    },
    {
      "id": 18,
      "content": "比较吓人的是虽然说叫垃圾，但其实里面包括了各种各样的东西……这个时间段似乎被称为后巷深宵。"
    },
    {
      "id": 19,
      "model": "파우스트",
      "content": "这辆巴士在满是清道夫的后巷深宵中也能安然无恙，是因为其被认定为都市中少数的居住用车辆。"
    },
    {
      "id": 20,
      "model": "파우스트",
      "content": "在巴士之外的后巷过夜……那你就会在黎明之前遭遇和清道夫的战斗，更不论是睡眠了。"
    },
    {
      "id": 21,
      "model": "로쟈",
      "content": "嘛，反正那些清道夫也不会去碰后巷的住宅区~"
    },
    {
      "id": 22,
      "model": "오티스",
      "content": "缓慢却安全的车程……和快速但危险的步行……难以抉择。"
    },
    {
      "id": 23,
      "model": "이상",
      "content": "不，我并不认为后者是可供考虑的选择……"
    },
    {
      "id": 24,
      "content": "巴士再一次陷入了骚乱之中……"
    },
    {
      "id": 25,
      "model": "베르길리우스",
      "content": "哈啊。"
    },
    {
      "id": 26,
      "content": "吵闹的声音中突然冒出吱呀的开门声，随之而来的是又一声熟悉的叹息。"
    },
    {
      "id": 27,
      "model": "베르길리우스",
      "content": "我知道你们很着急。但不管情况如何，我们都会按部就班地推进计划，所以就别吵了。"
    },
    {
      "id": 28,
      "model": "베르길리우스",
      "content": "看你们那不满的样子，就像是冲我来的一样。"
    },
    {
      "id": 29,
      "model": "이스마엘",
      "content": "那些文件……是上面的新命令吗？"
    },
    {
      "id": 30,
      "content": "维吉里乌斯的手中拿着一摞刚刚打印好的纸。"
    },
    {
      "id": 31,
      "content": "他时不时在自己的房间里和高层沟通过后，就会这样印出一些新的文件。"
    },
    {
      "id": 32,
      "model": "베르길리우스",
      "content": "没错。有新通知。"
    },
    {
      "id": 33,
      "model": "히스클리프",
      "content": "别告诉我我们又得在路上去搞那些没用的。"
    },
    {
      "id": 34,
      "model": "히스클리프",
      "content": "我已经受够为那些扭曲事件擦屁股了。听着，我们现在的正事应该是……"
    },
    {
      "id": 35,
      "model": "베르길리우스",
      "content": "别跟个小孩一样叫唤了。"
    },
    {
      "id": 36,
      "model": "베르길리우스",
      "content": "……巴士的行进方向并无改变。"
    },
    {
      "id": 37,
      "content": "维吉里乌斯皱起眉头，走到了巴士前面，靠在那排椅子边上哗啦哗啦地翻着文件。"
    },
    {
      "id": 38,
      "model": "베르길리우스",
      "content": "就是一些通告。你们之前记录的异想体、扭曲和罪种……现在要对它们实行新的分类方式。"
    },
    {
      "id": 39,
      "model": "로쟈",
      "content": "诶……？慢着，也就是说我们要做文书工作吗？"
    },
    {
      "id": 40,
      "model": "파우스트",
      "content": "并不。图鉴在完成之后都将被数字化，然后与公司高层共享。"
    },
    {
      "id": 41,
      "model": "파우스트",
      "content": "当然了，若是观察记录本身需要被更改，那就会下达手动更改命令……而分类法，即编号和危险等级会被自动更新。这次通告只是为了让罪人提前了解改动的意愿。"
    },
    {
      "id": 42,
      "model": "베르길리우스",
      "content": "……很高兴有人能替我进行说明。正如她所说。"
    },
    {
      "id": 43,
      "model": "이상",
      "content": "这应当与我们之前发现的新型罪种有关。"
    },
    {
      "id": 44,
      "model": "베르길리우스",
      "content": "不全是。"
    },
    {
      "id": 45,
      "content": "维吉里乌斯疲惫地闭上双眼，然后轻轻把文件叠好。他低声叫来两位罪人。"
    },
    {
      "id": 46,
      "model": "베르길리우스",
      "content": "李箱，以实玛利。"
    },
    {
      "id": 47,
      "content": "维吉里乌斯指着以实玛利和李箱。"
    },
    {
      "id": 48,
      "model": "이스마엘",
      "content": "……什么？"
    },
    {
      "id": 49,
      "model": "이상",
      "content": "在叫我吗？"
    },
    {
      "id": 50,
      "model": "베르길리우스",
      "content": "你们两位优等生，看过这个文件之后随便说明一下吧。"
    },
    {
      "id": 51,
      "model": "베르길리우스",
      "content": "要我向你们所有人说明这个内容……感觉精力不够用。哈欠。"
    },
    {
      "id": 52,
      "content": "维吉里乌斯说完，就把文件扔给了以实玛利，然后回去他前面的座位了。"
    },
    {
      "id": 53,
      "model": "이스마엘",
      "content": "这不就是推卸责任吗……"
    },
    {
      "id": 54,
      "content": "以实玛利带着不悦的表情翻开了收到的文件。"
    },
    {
      "id": 55,
      "model": "로쟈",
      "content": "也不知道到底是他不关心我们的事，还是说他本来就很冷淡……哎。以实，那上面到底写着什么？"
    },
    {
      "id": 56,
      "model": "이스마엘",
      "content": "等一下，所以说……"
    },
    {
      "id": 57,
      "model": "싱클레어",
      "content": "是关于异想体的新情报吗？"
    },
    {
      "id": 58,
      "model": "이스마엘",
      "content": "发件人……是LCD发过来的文件……"
    },
    {
      "id": 59,
      "model": "돈키호테",
      "content": "哦哦！！！LCD，不正是与经理老爷联络的部门吗？！"
    },
    {
      "id": 60,
      "content": "是叫以斯拉……来着？我还清楚地记得对讲机那边相当吵闹的嗓音。"
    },
    {
      "id": 61,
      "model": "이스마엘",
      "content": "从旧L公司时代开始……"
    },
    {
      "id": 62,
      "model": "료슈",
      "content": "无·聊。"
    },
    {
      "id": 63,
      "content": "交头接耳的声音逐渐变得吵闹起来。"
    },
    {
      "id": 64,
      "model": "이상",
      "content": "好了，让我也……"
    },
    {
      "id": 65,
      "model": "이상",
      "content": "……以实玛利女士？"
    },
    {
      "id": 66,
      "model": "이스마엘",
      "content": "……"
    },
    {
      "id": 67,
      "content": "李箱好像是想帮忙，朝着以实玛利拿着的文件看去。"
    },
    {
      "id": 68,
      "model": "이스마엘",
      "content": "这就是为什么……每次……都只有我一个人会好好看那些指南文档……"
    },
    {
      "id": 69,
      "content": "以实玛利握着文件的手青筋暴起，再这样下去的话，她挥舞的可能就不是文件而是硬头锤了。"
    },
    {
      "id": 70,
      "model": "단테",
      "content": "<等、等一下！以实玛利！他们就交给我！你先冷静点！>"
    },
    {
      "id": 71,
      "content": "我急忙跑到以实玛利那里，用双手小心地抢走了文件。"
    },
    {
      "id": 72,
      "content": "……文件差一点被撕破，但幸好她似乎放弃并松开了手。"
    },
    {
      "id": 73,
      "model": "단테",
      "content": "<良秀、奥提斯，让堂吉诃德和希斯克利夫安静一点。>"
    },
    {
      "id": 74,
      "model": "료슈",
      "content": "好啊。看来会很有趣。"
    },
    {
      "id": 75,
      "model": "단테",
      "content": "<还请别杀人斗殴。>"
    },
    {
      "id": 76,
      "model": "료슈",
      "content": "……无·聊。"
    },
    {
      "id": 77,
      "content": "良秀放下了偷拿起来的堂吉诃德的长枪。"
    },
    {
      "id": 78,
      "model": "단테",
      "content": "<好了，从现在开始对以实玛利之后要读的消息有疑问的人要先举手。李箱和浮士德不用举手，中途有需要补充的可以进行说明。>"
    },
    {
      "id": 79,
      "model": "파우스트",
      "content": "好的。"
    },
    {
      "id": 80,
      "model": "이상",
      "content": "了解了。"
    },
    {
      "id": 81,
      "model": "단테",
      "content": "<请罗佳让不举手就说话的人吃一记脑瓜崩。做得好的话，我就批准增加你聚餐时甜点的份量。>"
    },
    {
      "id": 82,
      "model": "로쟈",
      "content": "咻~你很懂怎么使唤人嘛，但丁！"
    },
    {
      "id": 83,
      "model": "오티스",
      "content": "这可真是……惊人的成长啊。经理……！"
    },
    {
      "id": 84,
      "model": "로쟈",
      "content": "好，先来一记~"
    },
    {
      "id": 85,
      "model": "오티스",
      "content": "不、不！这不算……"
    },
    {
      "id": 86,
      "content": "几分钟之后……"
    },
    {
      "id": 87,
      "content": "风暴过境之后，我重新将文件递还给了以实玛利。"
    },
    {
      "id": 88,
      "model": "단테",
      "content": "<那就拜托你了。>"
    },
    {
      "id": 89,
      "model": "이스마엘",
      "content": "哼嗯。所以我们LCB在旧L公司即脑叶公司支部处理过了被监禁和管理的异想体。"
    },
    {
      "id": 90,
      "model": "이스마엘",
      "content": "我们面对过的异想体，即使有金枝抑制了它们本来的力量，设定的危险等级和战斗力也有偏差。"
    },
    {
      "id": 91,
      "model": "이스마엘",
      "content": "这一点边狱公司的员工和高层都有注意到，因此他们让LCD来调查此事。"
    },
    {
      "id": 92,
      "model": "이스마엘",
      "content": "到目前为止被分类的危险等级有5个……"
    },
    {
      "id": 93,
      "model": "히스클리프",
      "content": "5个？不是4个吗？"
    },
    {
      "id": 94,
      "content": "砰！"
    },
    {
      "id": 95,
      "content": "罗佳的脑瓜崩正中希斯克利夫的头顶……来得很突然的那一击，让希斯克利夫就那样倒下了。"
    },
    {
      "id": 96,
      "model": "단테",
      "content": "<没……没死吧？>"
    },
    {
      "id": 97,
      "model": "로쟈",
      "content": "哎~那可是希斯啊！他会这么轻易就死掉吗？"
    },
    {
      "id": 98,
      "content": "辛克莱静静地举起了手。"
    },
    {
      "id": 99,
      "model": "이스마엘",
      "content": "好，请讲。"
    },
    {
      "id": 100,
      "content": "以实玛利朝着辛克莱点了点头。"
    },
    {
      "id": 101,
      "model": "싱클레어",
      "content": "正……正如希斯克利夫先生所说，到现在为止的危险等级不是ZAYIN，TETH，HE，WAW……这4个吗？"
    },
    {
      "id": 102,
      "model": "이스마엘",
      "content": "以我们所见确实如此。"
    },
    {
      "id": 103,
      "model": "이스마엘",
      "content": "但是看这里的记录来说……应该还存在ALEPH，即最高危险等级。"
    },
    {
      "id": 104,
      "model": "이스마엘",
      "content": "不过正如我之前所说，这与我们至今所经历的战斗难度有偏差……"
    },
    {
      "id": 105,
      "model": "이스마엘",
      "content": "他们似乎预定在将来以边狱公司的方式重新进行调整。"
    },
    {
      "id": 106,
      "model": "뫼르소",
      "content": "……"
    },
    {
      "id": 107,
      "model": "이스마엘",
      "content": "请讲，默尔索先生。"
    },
    {
      "id": 108,
      "model": "뫼르소",
      "content": "重组是否意味着现有的分类被重新分类？或者这是否意味着将增加一个新的等级？"
    },
    {
      "id": 109,
      "model": "이스마엘",
      "content": "那……并没有写明。但是，你看这里，上面写着脑叶公司是根据脑啡肽的产量来确定异想体的等级的。"
    },
    {
      "id": 110,
      "model": "이스마엘",
      "content": "管理越困难、越复杂，产生的脑啡肽量就越大……相对应的危险度就越高，我认为这与我们战斗的经历大致相似。"
    },
    {
      "id": 111,
      "model": "이스마엘",
      "content": "但还是会有一些不一致的情况，因此要以匹配我们战斗的经历来确定。所以有可能会增加新的等级。"
    },
    {
      "id": 112,
      "model": "이상",
      "content": "嗯。我们不是进行管理而是只进行战斗，所以可能会和旧L公司的等级不一样……吗？！"
    },
    {
      "id": 113,
      "model": "단테",
      "content": "<住、住手罗佳！李箱不用举手也能发言！>"
    },
    {
      "id": 114,
      "model": "로쟈",
      "content": "哦~对对！抱歉~"
    },
    {
      "id": 115,
      "content": "我在罗佳的手打到李箱的头之前，就制止了这条件反射一般的动作……"
    },
    {
      "id": 116,
      "model": "이스마엘",
      "content": "咳。所以……这就是他们根据战斗力重新分配危险等级的原因。因此，图鉴中的危险等级可能会更改。……噢，他们在最终决定之前会告知我们具体细节的。接下来还有要传达的内容。是关于扭曲的……"
    },
    {
      "id": 117,
      "model": "돈키호테",
      "content": "……！"
    },
    {
      "id": 118,
      "content": "堂吉诃德举起了手。"
    },
    {
      "id": 119,
      "content": "……但以实玛利依然在继续说明。大概是直接无视了她。"
    },
    {
      "id": 120,
      "model": "이스마엘",
      "content": "迄今为止，扭曲和异想体的分级编码相同。但现在，二者之间的区别已经足够明确，因此也应当为其赋予不同的编码。其区别是……"
    },
    {
      "id": 121,
      "content": "鸿璐举起了手，以实玛利点头示意。"
    },
    {
      "id": 122,
      "content": "堂吉诃德好像……有点失落。"
    },
    {
      "id": 123,
      "model": "홍루",
      "content": "异想体在受到镇压之后会进入卵的形态，而扭曲则不然。是这样的区别吗？"
    },
    {
      "id": 124,
      "model": "파우스트",
      "content": "正确。只需要在战斗中击败扭曲就能将其完全镇压，但彻底消灭异想体的方法，迄今在理论上还完全无解。"
    },
    {
      "id": 125,
      "model": "이스마엘",
      "content": "……正是如此。嘛，我们都有第一手的战斗经验，所以也不是很难理解吧？"
    },
    {
      "id": 126,
      "model": "이스마엘",
      "content": "呼，终于到最后一部分了。"
    },
    {
      "id": 127,
      "model": "이스마엘",
      "content": "这些是关于罪种的……它们现在也被归在异想体之外的单独类别内，其中也包含我们最近遇到的新型罪种。"
    },
    {
      "id": 128,
      "model": "이스마엘",
      "content": "喔……分类标准……异想体与扭曲均有其内在特征，而罪种则不然。这又是什么意思？"
    },
    {
      "id": 129,
      "content": "浮士德走到以实玛利身边，慢慢张开了嘴。"
    },
    {
      "id": 130,
      "model": "파우스트",
      "content": "其内在特征，也就意味着，相同实体在相同空间内不会同时出现。"
    },
    {
      "id": 131,
      "model": "파우스트",
      "content": "稍微一想便知，我们曾与之战斗的罪种均是外观与行为模式完全相同的一群个体。"
    },
    {
      "id": 132,
      "model": "파우스트",
      "content": "反之，扭曲和异想体并不会出现那种情况。我希望这些能说明问题。"
    },
    {
      "id": 133,
      "model": "히스클리프",
      "content": "所以，相同罪种都可以归到一起，但异想体跟扭曲个个都不一样是吧？倒是早说……"
    },
    {
      "id": 134,
      "content": "砰！"
    },
    {
      "id": 135,
      "content": "希斯克利夫好像恢复了意识，可是……"
    },
    {
      "id": 136,
      "model": "로쟈",
      "content": "甜点……一定很好吃啊。哼哼。"
    },
    {
      "id": 137,
      "content": "……他并没有清醒多长时间。"
    },
    {
      "id": 138,
      "model": "이스마엘",
      "content": "内容就到这了。呼……总算完事了。"
    },
    {
      "id": 139,
      "model": "돈키호테",
      "content": "……！"
    },
    {
      "id": 140,
      "content": "顺带一提，堂吉诃德从以实玛利无视她开始就一直没有放下举起的手臂。"
    },
    {
      "id": 141,
      "model": "이스마엘",
      "content": "……明白了，请说吧。"
    },
    {
      "id": 142,
      "model": "돈키호테",
      "content": "书写那份文件的！LCD团队的员工之名！莫非有署在上面吗！！！"
    },
    {
      "id": 143,
      "content": "她说话的语气虽然还是像个收尾人狂热粉丝，但以实玛利似乎因为她突然问出个正经问题而有点惊讶。"
    },
    {
      "id": 144,
      "model": "이스마엘",
      "content": "啊，好……请稍等。"
    },
    {
      "id": 145,
      "model": "이스마엘",
      "content": "发件人……LCD现场推理队长，摩西。"
    },
    {
      "id": 146,
      "model": "이스마엘",
      "content": "嗯，我们迟早得跟LCD深入接触，所以有意识也是好的。很抱歉无视了你，堂吉诃德小姐。"
    },
    {
      "id": 147,
      "model": "돈키호테",
      "content": "嗯嗯嗯……"
    },
    {
      "id": 148,
      "content": "虽然得到了想要的答复，但堂吉诃德的表情不知为何而变得严肃，似乎陷入了沉思。"
    },
    {
      "id": 149,
      "model": "단테",
      "content": "<怎么了，堂吉诃德？>"
    },
    {
      "id": 150,
      "model": "돈키호테",
      "content": "啊……分明是在哪里听到过的名字，但是想不起来……"
    },
    {
      "id": 151,
      "model": "이스마엘",
      "content": "好了，现在真的说完了。"
    },
    {
      "id": 152,
      "model": "로쟈",
      "content": "真遗憾~我还想再多来点甜品呢。"
    },
    {
      "id": 153,
      "model": "파우스트",
      "content": "传达信息比预想中更为耗时。但丁，现在……"
    },
    {
      "id": 154,
      "content": "啊，这么说来是到时间了。"
    },
    {
      "id": 155,
      "model": "단테",
      "content": "<嗯，我批准罪人结束工作。>"
    },
    {
      "id": 156,
      "content": "本有可能要拖到更晚的，但是罪人们这次很听话，所以看来是提前结束了。"
    },
    {
      "id": 157,
      "content": "我带着有些轻松的心情跟着七嘴八舌的罪人们向后门里走去。"
    },
    {
      "id": 158,
      "content": "……呃，可是。"
    },
    {
      "id": 159,
      "content": "总觉得自己忘了些什么？"
    },
    {
      "id": 160,
      "model": "히스클리프",
      "content": "……"
    },
    {
      "id": 161,
      "content": "意识到希斯克利夫还被丢在巴士的地上，已经是30分钟之后的事了。"
    }
  ]
}