{
  "dataList": [
    {
      "id": 0,
      "place": "梅菲斯托费勒斯 内部",
      "model": "싱클레어",
      "content": "啊……"
    },
    {
      "id": 1,
      "model": "이스마엘",
      "content": "哦……这些绿色的灯光，好像还有颜色？"
    },
    {
      "id": 2,
      "content": "警报这次依然猝不及防地响起，但包括我在内的罪人们都不像以前那样惊慌了。"
    },
    {
      "id": 3,
      "model": "파우스트",
      "content": "虽然并不能完全脱离T公司奇点的影响，但由于瓦尔普吉斯之夜是各种可能性以极低概率重合的瞬间，因此得以在奇点的影响下保留部分颜色吧。"
    },
    {
      "id": 4,
      "model": "단테",
      "content": "<原来如此……>"
    },
    {
      "id": 5,
      "content": "不管是比以往更加淡然地走向驾驶席，取消警报的浮士德，"
    },
    {
      "id": 6,
      "model": "돈키호테",
      "content": "再度来临了！那个瓦……什么之夜！"
    },
    {
      "id": 7,
      "content": "还是苦于巴士漫长的待机时间，如久旱逢甘霖一般双眼放光的堂吉诃德。"
    },
    {
      "id": 8,
      "content": "似乎这一切都已经成为了如今日常的一部分。"
    },
    {
      "id": 9,
      "content": "即使是瓦尔普吉斯之夜，这充满谜团的时刻也一样。"
    },
    {
      "id": 10,
      "model": "파우스트",
      "content": "啊。似乎还有另一项波动。"
    },
    {
      "id": 11,
      "model": "단테",
      "content": "<还有一项？>"
    },
    {
      "id": 12,
      "model": "파우스트",
      "content": "是的。新的镜像迷宫与入口相连了。"
    },
    {
      "id": 13,
      "model": "히스클리프",
      "content": "啊，是吗。那个吗。"
    },
    {
      "id": 14,
      "content": "希斯克利夫一边从椅子上站起身，一边嘟哝着。"
    },
    {
      "id": 15,
      "model": "히스클리프",
      "content": "我想着也差不多该来了。毕竟这东西一定会在大事件发生之后出现……只是没想到绿光会同时闪起来。"
    },
    {
      "id": 16,
      "content": "希斯克利夫拿着球棒轻轻往地上一敲，看上去相当期待。"
    },
    {
      "id": 17,
      "content": "球棒上的文字……不知什么时候变成了其他的字。"
    },
    {
      "id": 18,
      "content": "我想起几天前，他在巴士后座忙着打磨球棒的样子。"
    },
    {
      "id": 19,
      "content": "那些文字的意思，不用问都知道……"
    },
    {
      "id": 20,
      "content": "但我决定不向任何人提起那些文字。"
    },
    {
      "id": 21,
      "content": "毕竟如今，这是只有我和希斯克利夫所留有的记忆。"
    },
    {
      "id": 22,
      "model": "히스클리프",
      "content": "呼，我正好无聊得快疯了。"
    },
    {
      "id": 23,
      "model": "베르길리우스",
      "content": "真好啊。"
    },
    {
      "id": 24,
      "model": "베르길리우스",
      "content": "罪人们竟然会这么积极地参与。浮士德女士。"
    },
    {
      "id": 25,
      "model": "파우스트",
      "content": "是的，那么没有必要拖延了。"
    },
    {
      "id": 26,
      "model": "파우스트",
      "content": "但丁，前往巴士后门的走廊吧。"
    },
    {
      "id": 27,
      "model": "단테",
      "content": "<……嗯。>"
    },
    {
      "id": 28,
      "content": "希斯克利夫兴奋的模样似乎并不能仅仅用愉快来概括，但我强压着心里的这种感觉，和罪人们一起走向后门。"
    },
    {
      "id": 29,
      "place": "巴士的后门",
      "model": "단테",
      "content": "<一次性开了两扇门啊……>"
    },
    {
      "id": 30,
      "content": "正如浮士德所说，新出现的门有两扇。"
    },
    {
      "id": 31,
      "content": "一扇是和想象中一样，不时能从中听到风暴呼啸的声音的崭新铁门……也就是镜像迷宫的入口。"
    },
    {
      "id": 32,
      "content": "另一扇是……"
    },
    {
      "id": 33,
      "model": "오티스",
      "content": "这是……纸吗？"
    },
    {
      "id": 34,
      "model": "싱클레어",
      "content": "它在发光……"
    },
    {
      "id": 35,
      "content": "是一扇闪烁着奇妙光芒的陌生的门。"
    },
    {
      "id": 36,
      "content": "准确来说，虽然曾经看到过门周围闪烁的无线电波频一样的东西……"
    },
    {
      "id": 37,
      "model": "로쟈",
      "content": "这次好像不是和之前一样通往脑叶公司的……"
    },
    {
      "id": 38,
      "model": "그레고르",
      "content": "真奇怪……怎么感觉能听到爵士乐。"
    },
    {
      "id": 39,
      "model": "히스클리프",
      "content": "但是……这玩意，真是门吗？比起门更像是窗户吧？"
    },
    {
      "id": 40,
      "content": "和希斯克利夫说的一样，新出现的门像是一扇巨大的窗户，能看到里面有什么东西在摇晃。"
    },
    {
      "id": 41,
      "model": "이상",
      "content": "能看到数个个体在行动……"
    },
    {
      "id": 42,
      "model": "파우스트",
      "content": "……"
    },
    {
      "id": 43,
      "content": "浮士德似乎是察觉到了什么，但她没有直接说明，而是沉默地看着我。"
    },
    {
      "id": 44,
      "content": "……如今，我似乎能明白这是什么意思了。"
    },
    {
      "id": 45,
      "model": "단테",
      "content": "<你的意思是直接进去就能明白了对吧，浮士德？>"
    },
    {
      "id": 46,
      "model": "파우스트",
      "content": "你确实有所成长。浮士德认为这是积极的变化。"
    },
    {
      "id": 47,
      "model": "단테",
      "content": "<是吗……>"
    },
    {
      "id": 48,
      "place": "？？？",
      "content": "即使是面前突然出现了田野和巨树，现在也不会让人惊讶了。"
    },
    {
      "id": 49,
      "model": "로쟈",
      "content": "哦，好久没见到颜色回来啦~？"
    },
    {
      "id": 50,
      "model": "뫼르소",
      "content": "安静。是异想体。"
    },
    {
      "id": 51,
      "model": "단테",
      "content": "<刚刚看到在动的就是这个……？>"
    },
    {
      "id": 52,
      "model": "뫼르소",
      "content": "其尚未注意到我们的存在。经理，建议您做好战斗准备。"
    },
    {
      "id": 53,
      "content": "即使不特地向我确认也能一眼辨别出它是典型的异想体，罪人们都整理好了姿势，等待我的指示。"
    },
    {
      "id": 54,
      "content": "但是……我感觉到一丝异样。"
    },
    {
      "id": 55,
      "model": "단테",
      "content": "<浮士德。这已经是第三次瓦尔普吉斯之夜了，我隐约能明白。>"
    },
    {
      "id": 56,
      "model": "파우스트",
      "content": "请继续。"
    },
    {
      "id": 57,
      "model": "단테",
      "content": "<它和我们至今见到的异想体似乎有些不同。能说明一下吗？>"
    },
    {
      "id": 58,
      "model": "파우스트",
      "content": "……考虑到异想体的根本性质，不论遭遇哪种实体，其都是被召唤而来。"
    },
    {
      "id": 59,
      "model": "파우스트",
      "content": "显然，那和折射轨道以及镜像迷宫中的形态不同。"
    },
    {
      "id": 60,
      "model": "이상",
      "content": "即……？"
    },
    {
      "id": 61,
      "model": "파우스트",
      "content": "目前我们正处于被称为图书馆的……在旧L公司之上出现的未知建筑。"
    },
    {
      "id": 62,
      "place": "图书馆 - 书中的空间",
      "model": "파우스트",
      "content": "并且处在其中某本藏书内所存在的，异想体的空间之中。"
    },
    {
      "id": 63,
      "content": "图书馆……？我好像在罪人的对话中听到过……"
    },
    {
      "id": 64,
      "model": "이상",
      "content": "原来如此……然而，这一空间则与曾经在分部所见的收容单元相去甚远。"
    },
    {
      "id": 65,
      "model": "이상",
      "content": "与被限制在局促空间内不同……此处似乎是为异想体量身打造的居所。"
    },
    {
      "id": 66,
      "model": "파우스트",
      "content": "是的。这里类似于一座温室。会根据存在于此处的异想体来将自己塑造成适宜的形态。"
    },
    {
      "id": 67,
      "model": "파우스트",
      "content": "简单举例说明的话，就是满水养鱼，满土养蚯蚓的意思。"
    },
    {
      "id": 68,
      "model": "이상",
      "content": "嗯……"
    },
    {
      "id": 69,
      "model": "로쟈",
      "content": "也就是说在这个书里的空间，异想体能随心所欲改变整个空间的样子？"
    },
    {
      "id": 70,
      "model": "파우스트",
      "content": "准确而言是塑造。脱离逆卡巴拉抑制力场的异想体本身就拥有塑造对自身有利环境的能力。"
    },
    {
      "id": 71,
      "model": "로쟈",
      "content": "不就是免费建房吗，这样……"
    },
    {
      "id": 72,
      "content": "正在这时。"
    },
    {
      "id": 73,
      "content": "当默尔索在为因为站得太远而听不清这些窃窃私语的堂吉诃德传话时……"
    },
    {
      "id": 74,
      "model": "돈키호테",
      "content": "书……？吾等此刻正处在书中吗？！"
    },
    {
      "id": 75,
      "model": "돈키호테",
      "content": "而、而而而、而且是在曾经，如海市蜃楼般销声匿迹的，那传说中的图书馆之中……！"
    },
    {
      "id": 76,
      "content": "又一次，她按捺不住心中的兴奋，激动的情绪喷涌而出。"
    },
    {
      "id": 77,
      "model": "뫼르소",
      "content": "……此后为了防止突发事件，我需要附加一些前言。"
    },
    {
      "id": 78,
      "model": "오티스",
      "content": "经理，敌人发现我们了。"
    },
    {
      "id": 79,
      "model": "단테",
      "content": "<好吧……先解决眼前的战斗，之后再做考虑吧……>"
    }
  ]
}