{
  "dataList": [
    {
      "id": 0,
      "place": "图书馆 - 书中的空间",
      "model": "단테",
      "content": "<真是比预想中还艰难的战斗啊……>"
    },
    {
      "id": 1,
      "model": "파우스트",
      "content": "浮士德认为我们正身处图书馆的过去之中……并在重复某场为了将“历史层完全解放”的战斗。"
    },
    {
      "id": 2,
      "model": "단테",
      "content": "<呃……抱歉。大部分都没听懂。>"
    },
    {
      "id": 3,
      "model": "이스마엘",
      "content": "如果说有历史层的话，那是否也存在其他类型的楼层？"
    },
    {
      "id": 4,
      "model": "파우스트",
      "content": "似乎的确如此。从已收集的情报来看，这所图书馆的分类和通常的图书馆一样，好像也存在专门处理“文学”“宗教”等主题的楼层。"
    },
    {
      "id": 6,
      "content": "听上去和一般的图书馆没什么区别，但……事情肯定没那么简单。"
    },
    {
      "id": 7,
      "model": "단테",
      "content": "<浮士德，你能再详细地谈谈有关图书馆的事吗？>"
    },
    {
      "id": 8,
      "model": "파우스트",
      "content": "嗯……"
    },
    {
      "id": 9,
      "content": "浮士德的声音里似乎带着些许尴尬。"
    },
    {
      "id": 10,
      "content": "我好像隐约知道为什么了。"
    },
    {
      "id": 11,
      "model": "단테",
      "content": "<所以你也……不知道吗？>"
    },
    {
      "id": 12,
      "model": "파우스트",
      "content": "……但丁，既然你已经有所察觉，看来我也没什么必要刻意隐瞒了。"
    },
    {
      "id": 13,
      "content": "浮士德有些吃惊地倒吸了口气，但很快又恢复了镇静。"
    },
    {
      "id": 14,
      "model": "파우스트",
      "content": "是的。我还没有成为一个掌握那些知识的浮士德。"
    },
    {
      "id": 15,
      "model": "단테",
      "content": "<还没有成为……？>"
    },
    {
      "id": 16,
      "model": "파우스트",
      "content": "……随着您旅程的推进，我也可能获得认可与权限，从而获悉更多的知识。"
    },
    {
      "id": 17,
      "model": "파우스트",
      "content": "无疑，对于一直在进步的但丁，浮士德持肯定的态度。"
    },
    {
      "id": 18,
      "model": "단테",
      "content": "<……明白了。>"
    },
    {
      "id": 19,
      "content": "知识在旅途中不断增长……的意思啊。"
    },
    {
      "id": 20,
      "content": "或许这也就解释了为何浮士德话说到一半时突然沉默不语。"
    },
    {
      "id": 21,
      "content": "我还不知道这段旅程将持续多久……"
    },
    {
      "id": 22,
      "model": "단테",
      "content": "<……也许我们将会到达这个叫做图书馆的地方。>"
    },
    {
      "id": 23,
      "content": "带着这样的想法，我朝着罪人们在散落的异想体书页周围徘徊的地方走去。"
    }
  ]
}