{
  "dataList": [
    {
      "id": 0,
      "place": "但丁的房间",
      "model": "단테2",
      "content": "<……面谈差不多就到这里吧。>"
    },
    {
      "id": 1,
      "content": "这是周期性的罪人面谈环节。"
    },
    {
      "id": 2,
      "content": "与希斯克利夫的面谈结束得比我预料的更早一些。"
    },
    {
      "id": 3,
      "model": "단테2",
      "content": "<说来你在写什么？>"
    },
    {
      "id": 4,
      "model": "히스클리프2",
      "content": "啊，这个啊。"
    },
    {
      "id": 6,
      "model": "히스클리프2",
      "content": "我只是觉得……多少做点记录有助于以后的记忆。"
    },
    {
      "id": 7,
      "content": "那是希斯克利夫自面谈开始便从不离手的笔记本。"
    },
    {
      "id": 8,
      "content": "比起将我们的对话内容尽数记录，看起来更像是记录了需要留意的重点。"
    },
    {
      "id": 9,
      "model": "단테2",
      "content": "<是关于……凯瑟琳的吗？>"
    },
    {
      "id": 10,
      "model": "히스클리프2",
      "content": "也有那方面的部分。"
    },
    {
      "id": 11,
      "content": "听到凯瑟琳的名字，希斯克利夫以五味杂陈的表情缓缓地呼气。"
    },
    {
      "id": 12,
      "content": "希斯克利夫略为尴尬地笑了笑，随后将他的笔记本递到了我的书桌上。"
    },
    {
      "id": 13,
      "content": "我浏览过几页笔记，上面的内容有如希斯克利夫的字体一般一团乱麻。"
    },
    {
      "id": 14,
      "content": "只不过……"
    },
    {
      "id": 15,
      "content": "我看得出来那些是他不愿遗忘的，与凯瑟琳之间的回忆……以及他作为罪人所经历的重大事件相关的记录。"
    },
    {
      "id": 16,
      "model": "히스클리프2",
      "content": "……嘛，倒也没什么。"
    },
    {
      "id": 17,
      "model": "히스클리프2",
      "content": "总之，结束了我就先走了。"
    },
    {
      "id": 18,
      "content": "一脸苦笑的希斯克利夫收拾起笔记本离开了我的房间……"
    },
    {
      "id": 19,
      "content": "没过多久罗佳便推门而入了。"
    },
    {
      "id": 20,
      "model": "로쟈",
      "content": "我看希斯出去了就直接进来了……面谈结束得还挺快？"
    },
    {
      "id": 21,
      "model": "단테2",
      "content": "<我们简单聊几句就结束了。>"
    },
    {
      "id": 22,
      "model": "로쟈",
      "content": "虽然不知道是怎么一回事，但最近希斯好像变老实了。"
    },
    {
      "id": 23,
      "model": "단테2",
      "content": "<那挺好的……罗佳也坐下吧。>"
    },
    {
      "id": 24,
      "content": "哼着小曲坐到座位上的罗佳和平时没有太大区别。"
    },
    {
      "id": 25,
      "content": "虽然与罗佳之间的面谈往往通过闲聊以及我看着她吃零食的方式进行下去……"
    },
    {
      "id": 26,
      "model": "단테2",
      "content": "<今天我有些问题想问你。没关系吧？>"
    },
    {
      "id": 27,
      "model": "로쟈",
      "content": "搞什么啦，还把气氛搞这么正式~"
    },
    {
      "id": 28,
      "model": "단테2",
      "content": "<在解决时间杀人时间的时候，你不是对我说过一些话么？>"
    },
    {
      "id": 29,
      "model": "로쟈",
      "content": "……我说了什么来着？"
    },
    {
      "id": 30,
      "content": "倒也确实……说了很多话。"
    },
    {
      "id": 31,
      "content": "对着一边摆弄着书桌上的零食、一边悄悄避开我视线的罗佳，我拿不准到底该不该再次提出这个话题。"
    },
    {
      "id": 32,
      "content": "搞不好气氛又会像那时候一样冷淡……"
    },
    {
      "id": 33,
      "content": "但是现在这副阳光开朗的模样……应该也不过是她临时隐藏伤疤的一种手段吧？"
    },
    {
      "id": 34,
      "content": "我注视着假装笑容的罗佳，做下了决定。"
    },
    {
      "id": 35,
      "content": "没错，这毕竟是面谈。这种事情此刻不说，更待何时？"
    },
    {
      "id": 36,
      "model": "단테2",
      "content": "<你在T公司的时候不是问过我吗？如果当时你跟着索尼亚……>"
    },
    {
      "id": 37,
      "content": "……在我下定决心搬出这个话题的下一刻，刺耳的警报便沿着走廊传来。"
    },
    {
      "id": 38,
      "model": "단테2",
      "content": "<……！>"
    },
    {
      "id": 39,
      "model": "단테2",
      "content": "<刚刚的声音是……>"
    },
    {
      "id": 40,
      "content": "听到警报的我条件反射般站了起来。"
    },
    {
      "id": 41,
      "content": "紧接着，室内的音响传来了调试麦克风的声响。"
    },
    {
      "id": 42,
      "content": "没过多久，室内的音响发出了短促的噪音。"
    },
    {
      "id": 43,
      "model": "오티스",
      "content": "啊啊。驾驶席播报。正在巴士中休息的所有人员前往走廊集合。"
    },
    {
      "id": 44,
      "model": "오티스",
      "content": "重复。正在巴士中休息的……"
    },
    {
      "id": 45,
      "model": "카론",
      "content": "……驾驶席是卡戎的位子。"
    },
    {
      "id": 46,
      "model": "오티스",
      "content": "呃，别拽我！我正在通知重要事项！"
    },
    {
      "id": 47,
      "model": "카론",
      "content": "如果总在卡戎和梅菲之间插一脚的话，不好。"
    },
    {
      "id": 48,
      "model": "베르길리우스",
      "content": "唉……"
    },
    {
      "id": 49,
      "content": "音响中卡戎与奥提斯之间的争吵刚开始，立刻便由维吉里乌斯的叹息画下了句号。"
    },
    {
      "id": 50,
      "model": "로쟈",
      "content": "哎呀，看来刚刚的警报意味着后门又有新的变化了吧？"
    },
    {
      "id": 51,
      "model": "단테2",
      "content": "<基于目前为止的规律的话……是折射轨道吧……>"
    },
    {
      "id": 52,
      "model": "로쟈",
      "content": "呃呃，那个有点讨厌。那里头可太累人了……"
    },
    {
      "id": 53,
      "content": "罗佳抱怨了片刻，自然而然站起了身。"
    },
    {
      "id": 54,
      "content": "虽然这也像是在自然地回避我的提问……"
    },
    {
      "id": 55,
      "model": "로쟈",
      "content": "你怎么还傻站着，但丁？不去吗？"
    },
    {
      "id": 56,
      "model": "단테2",
      "content": "<啊……当然去。>"
    },
    {
      "id": 57,
      "content": "我放下了尚未填写完毕的面谈记录表，跟着罗佳走了出去。"
    },
    {
      "id": 58,
      "place": "巴士的后门",
      "content": "刚打开房门，人满为患的走廊便映入眼帘。"
    },
    {
      "id": 59,
      "content": "他们好像是在交流意见，我越是靠近便越是喧闹。"
    },
    {
      "id": 60,
      "model": "싱클레어",
      "content": "按、按顺序果然该轮到折射轨道了吧？"
    },
    {
      "id": 61,
      "model": "그레고르",
      "content": "大概率是下一列的4号线了吧……呵。又要吃得苦中苦咯。"
    },
    {
      "id": 62,
      "model": "오티스",
      "content": "肃静。经理到场了！"
    },
    {
      "id": 63,
      "model": "오티스",
      "content": "咳，我率先一步集结了人员。"
    },
    {
      "id": 64,
      "model": "단테2",
      "content": "<谢、谢谢你。>"
    },
    {
      "id": 65,
      "model": "파우스트",
      "content": "您来了，但丁。"
    },
    {
      "id": 66,
      "model": "단테2",
      "content": "<我听到广播就直接过来了。……这次也是折射轨道吗？>"
    },
    {
      "id": 67,
      "model": "파우스트",
      "content": "是的。准确来说是折射轨道4号线。"
    },
    {
      "id": 68,
      "model": "로쟈",
      "content": "看来大伙也都快习惯了。"
    },
    {
      "id": 69,
      "model": "료슈",
      "content": "……到·时·进·里。"
    },
    {
      "id": 70,
      "model": "돈키호테",
      "content": "到达……时钟……？"
    },
    {
      "id": 71,
      "model": "그레고르",
      "content": "到底什么时候……"
    },
    {
      "id": 72,
      "model": "이상",
      "content": "好似是在询问到底何时前往内部。"
    },
    {
      "id": 73,
      "model": "싱클레어",
      "content": "准确来说她好像想知道到底什么时候进入里面。"
    },
    {
      "id": 74,
      "content": "在罪人们持续推测的过程中，眉头紧锁的良秀表情逐渐平和。"
    },
    {
      "id": 75,
      "content": "看来辛克莱说对了。"
    },
    {
      "id": 76,
      "content": "刚刚格里高尔和李箱好像也对了一半……"
    },
    {
      "id": 77,
      "content": "不仅是巴士的警报，罪人们也在习惯更多的事物。"
    },
    {
      "id": 78,
      "model": "단테2",
      "content": "<马上出发吧。>"
    },
    {
      "id": 79,
      "model": "돈키호테",
      "content": "那么就由吾来开门！"
    },
    {
      "id": 80,
      "place": "折射轨道 站台",
      "content": "随着门扉开启的声响，蓝色的光芒充满了我的视野。"
    },
    {
      "id": 81,
      "content": "这里填满了蓝色，给人一种冷冽的感觉。"
    },
    {
      "id": 82,
      "content": "与充满了橙色的3号线相比，这里的空间截然不同。"
    },
    {
      "id": 83,
      "model": "돈키호테",
      "content": "经理老爷！请看！帷幕配上假面……这简直就是派对！"
    },
    {
      "id": 84,
      "model": "단테2",
      "content": "<假面？>"
    },
    {
      "id": 85,
      "content": "我的视线转向率先跑出去的堂吉诃德那边，随即看到墙上有许多表情丰富的假面。"
    },
    {
      "id": 86,
      "content": "会与这次将要遭遇到的敌人有所关联吗……"
    },
    {
      "id": 87,
      "model": "돈키호테",
      "content": "哦哦哦？！各位快来这里看一看！有一位与奥提斯女士一模一样的人！"
    },
    {
      "id": 88,
      "model": "오티스",
      "content": "……什么？"
    },
    {
      "id": 89,
      "content": "听到堂吉诃德略为急促的声音，我与其他罪人跑向了她的方位。"
    },
    {
      "id": 90,
      "content": "那里真的站着一个和奥提斯一模一样的人。"
    },
    {
      "id": 91,
      "content": "……但愿这不是什么严峻事态。"
    },
    {
      "id": 92,
      "model": "그레고르",
      "content": "天哪……居然是真的？"
    },
    {
      "id": 93,
      "model": "싱클레어",
      "content": "不、不会是异想体的诱饵之类的吧？"
    },
    {
      "id": 94,
      "model": "히스클리프2",
      "content": "喂，小不点。可别乌鸦嘴了。"
    },
    {
      "id": 95,
      "model": "홍루",
      "content": "但是她不像奥提斯女士一样会说话，而且看起来还有些暗淡？"
    },
    {
      "id": 96,
      "model": "홍루",
      "content": "哇~这里还有和我长得一模一样的人呢~"
    },
    {
      "id": 97,
      "content": "鸿璐的身边有一个模仿着他的动作的人。"
    },
    {
      "id": 98,
      "content": "一个鸿璐举起手就跟着举手，闭上眼就跟着闭眼的人……"
    },
    {
      "id": 99,
      "content": "大概是因为色调与行为，他看起来就像个影子一样。"
    },
    {
      "id": 100,
      "model": "단테2",
      "content": "<那个……看起来好像是其他人格的鸿璐啊……>"
    },
    {
      "id": 101,
      "content": "除此之外，不远处好像还能瞅见两三个人影。"
    },
    {
      "id": 102,
      "content": "到底是怎么回事？"
    },
    {
      "id": 103,
      "model": "오티스",
      "content": "如果是异想体的话还算走运，但万一是出于某种原因产生的复制人的话……"
    },
    {
      "id": 104,
      "model": "오티스",
      "content": "经理，我们必须争分夺秒地除掉他们。"
    },
    {
      "id": 105,
      "model": "오티스",
      "content": "现在请立刻下达战斗指令。"
    },
    {
      "id": 106,
      "model": "단테2",
      "content": "<稍等，先咨询一下浮士德……>"
    },
    {
      "id": 107,
      "model": "오티스",
      "content": "请您务必当机立断！万一他们真的是复制人的话，首脑会……"
    },
    {
      "id": 108,
      "content": "虽然我已经不止一次听过奥提斯让我做出决定的话语……"
    },
    {
      "id": 109,
      "content": "但是这么严肃的表情和坚决的语气还是第一次。"
    },
    {
      "id": 110,
      "content": "李箱好像注意到了这一点，走到了我和奥提斯之间。"
    },
    {
      "id": 111,
      "model": "이상",
      "content": "浮士德女士……能请你说明一下吗？"
    },
    {
      "id": 112,
      "model": "파우스트",
      "content": "当然。这些个体并非复制人。"
    },
    {
      "id": 113,
      "model": "파우스트",
      "content": "所以即便一周过后首脑也不会动手。"
    },
    {
      "id": 114,
      "content": "说到这里，浮士德好似得知了某种新的情报一般点了点头，随后便只是看向了我。"
    },
    {
      "id": 115,
      "content": "她的表情似乎是在要求我作出说明，我赶紧向奥提斯说道。"
    },
    {
      "id": 116,
      "model": "단테2",
      "content": "<……那个好像是罪种……>"
    },
    {
      "id": 117,
      "content": "……虽然无法确信，但那确实是与我一直以来所感受到的罪种相差无几的感觉。"
    },
    {
      "id": 118,
      "model": "오티스",
      "content": "罪种……"
    },
    {
      "id": 119,
      "model": "이스마엘",
      "content": "就凭它只是模仿鸿璐先生的动作这一点来看，自我恐怕十分稀薄。外观上也有所不同。"
    },
    {
      "id": 120,
      "model": "이상",
      "content": "请冷静，奥提斯女士。你好像过于激动了。"
    },
    {
      "id": 121,
      "content": "大概是头脑冷静了下来，奥提斯以一种混杂着安心与羞耻的态度弯下了腰。"
    },
    {
      "id": 122,
      "model": "오티스",
      "content": "十分抱歉，竟然在经理面前露出这般丑态……"
    },
    {
      "id": 123,
      "content": "每当我更进一步了解罪人们的时候，经常又会见到他们不为人知的一面。"
    },
    {
      "id": 124,
      "content": "正当我打算仔细打量奥提斯的表情时，希斯克利夫提出了问题。"
    },
    {
      "id": 125,
      "model": "히스클리프2",
      "content": "呃……但是那些叫罪种的不是更、那啥，长得像怪物一样吗？"
    },
    {
      "id": 126,
      "model": "파우스트",
      "content": "不论是扭曲还是罪种……都不可以用外观之类的常识对待。"
    },
    {
      "id": 127,
      "model": "싱클레어",
      "content": "但、但应该是我们能够匹敌的那种水准的罪种吧……？"
    },
    {
      "id": 128,
      "model": "이스마엘",
      "content": "啊，确实。如果像是在宅邸里那样涌过来，或者是变成维吉里乌斯先生的话会很棘手。"
    },
    {
      "id": 129,
      "model": "이상",
      "content": "回首迄今为止的折射轨道，我认为从未面对过不可战胜的对手。只不过，过程颇为坎坷。"
    },
    {
      "id": 130,
      "model": "파우스트",
      "content": "浮士德知道这是嫉妒罪种。结合目前为止的罪种考虑，应该不会存在无法与之战斗的战力差距。"
    },
    {
      "id": 131,
      "model": "뫼르소",
      "content": "嗯。尚未以正确的评级标记罪种，可供自行判断的情报减少。"
    },
    {
      "id": 132,
      "model": "이스마엘",
      "content": "说来罪种和扭曲的危险等级调整现在如何了？"
    },
    {
      "id": 133,
      "model": "파우스트",
      "content": "LCD部门虽然尚未完成，但据告知已颇有进展。只要日程确定下来就可以告知我们了。"
    },
    {
      "id": 134,
      "model": "홍루",
      "content": "那可真是太好了~"
    },
    {
      "id": 135,
      "model": "홍루",
      "content": "啊！但是那些罪种好像突然就开始逃跑了？"
    },
    {
      "id": 136,
      "content": "谈话期间，形似鸿璐的罪种突然推开鸿璐并开始奔向某处。"
    },
    {
      "id": 137,
      "model": "히스클리프2",
      "content": "卧槽！别傻愣着啊！"
    },
    {
      "id": 138,
      "content": "虽然希斯克利夫追了过去，但他不知看到了什么，突然停步并向后退去。"
    },
    {
      "id": 139,
      "model": "히스클리프2",
      "content": "真是疯了……"
    },
    {
      "id": 140,
      "content": "随着一声烦人的鸣笛声，电车正在驶入站台。"
    },
    {
      "id": 141,
      "content": "透过那扇窗，我看到了密密麻麻的紫色影子。"
    },
    {
      "id": 142,
      "content": "……它们全都与罪人们长得一模一样。"
    },
    {
      "id": 143,
      "model": "그레고르",
      "content": "哈，那到底……有多少人啊？"
    },
    {
      "id": 144,
      "model": "싱클레어",
      "content": "呃……我好像看到了三个和我长相一致的人……"
    },
    {
      "id": 145,
      "content": "我和罪人们都在这惊人的一幕中停下了脚步，而奔跑的罪种则乘上了电车……"
    },
    {
      "id": 146,
      "content": "车门随即关闭。"
    },
    {
      "id": 147,
      "model": "이상",
      "content": "此次折射轨道……亦非同寻常。"
    },
    {
      "id": 148,
      "model": "그레고르",
      "content": "哦哦……！那边好像又开过来一列？"
    },
    {
      "id": 149,
      "content": "罪种们所搭乘的电车离站没多久，一列新的电车开始入站。"
    },
    {
      "id": 150,
      "content": "所幸的是上面没有像上一列那样满载着影子人。"
    },
    {
      "id": 151,
      "model": "단테2",
      "content": "<但是……那是什么？>"
    },
    {
      "id": 152,
      "model": "단테2",
      "content": "<好像……挂着类似帷幕的东西，那个是……假面吗？之前的折射轨道可没这些东西……>"
    },
    {
      "id": 153,
      "model": "료슈",
      "content": "平平无奇的艺术。"
    },
    {
      "id": 154,
      "model": "로쟈",
      "content": "刚刚有点慌张没能好好观察，但这电车的装饰……还挺华丽的不是吗？"
    },
    {
      "id": 155,
      "model": "홍루",
      "content": "是这样呢~还挂着一串串的饰品。"
    },
    {
      "id": 156,
      "content": "正当几名罪人正在对着新的电车感叹不已的时候，从停稳的电车门中突然弹出了什么东西。"
    },
    {
      "id": 157,
      "model": "싱클레어",
      "content": "呃……呃啊啊！哎、哎呀？这个是地毯吧……？"
    },
    {
      "id": 158,
      "model": "단테2",
      "content": "<仿佛是在邀请我们。>"
    },
    {
      "id": 159,
      "model": "이상",
      "content": "此等邀请，颇不招人喜欢。"
    },
    {
      "id": 160,
      "content": "确实是如李箱所说不招人喜欢的邀请……"
    },
    {
      "id": 161,
      "content": "但是想到未来的旅程，我不能错过使罪人变强的机会。"
    },
    {
      "id": 162,
      "model": "단테2",
      "content": "<……走吧。>"
    },
    {
      "id": 163,
      "content": "我带头踏上了铺在地板上的地毯……"
    },
    {
      "id": 164,
      "content": "与罪人们一起搭上了电车。"
    }
  ]
}