{
  "dataList": [
    {
      "id": 0,
      "place": "脑叶公司本部？",
      "model": "단테",
      "content": "<好吧……我照你说的做了，浮士德。>"
    },
    {
      "id": 1,
      "content": "我听着手里的PDA中咔哒咔哒插入人格卡的声音，抬头看着站在前面的浮士德。"
    },
    {
      "id": 2,
      "content": "今天是……第四次瓦尔普吉斯之夜。"
    },
    {
      "id": 3,
      "content": "这一定就是之前来过的处于某个时间，某种可能性之下的……脑叶公司本部了。"
    },
    {
      "id": 4,
      "model": "파우스트",
      "content": "是的。感谢。待稍后的考验来临时，请使用那些人格并与之战斗。"
    },
    {
      "id": 5,
      "model": "단테",
      "content": "<呼……>"
    },
    {
      "id": 6,
      "content": "插在人格卡位置的，是之前在瓦尔普吉斯之夜中抽出的脑叶公司人格。"
    },
    {
      "id": 7,
      "content": "……也许，浮士德是想研究瓦尔普吉斯之夜与在此期间限定人格之间的关系。"
    },
    {
      "id": 8,
      "model": "히스클리프",
      "content": "嗯……我是不介意用什么样的人格战斗。"
    },
    {
      "id": 9,
      "model": "히스클리프",
      "content": "起码先说明一下这里的情况吧……我说，总是你们俩——"
    },
    {
      "id": 10,
      "model": "싱클레어",
      "content": "对啊，如果你们一直在小声谈论只有你们才知道的事，我们都不知道该干什么了……"
    },
    {
      "id": 11,
      "model": "히스클리프",
      "content": "啊……没错，我正好也想说这个。本来我还有点犹豫，怕被认为是在发火……"
    },
    {
      "id": 12,
      "model": "히스클리프",
      "content": "你这说法换得挺好……喂，谢谢。"
    },
    {
      "id": 13,
      "model": "싱클레어",
      "content": "啊？嗯……啊，哈哈。"
    },
    {
      "id": 14,
      "model": "료슈",
      "content": "能·升。"
    },
    {
      "id": 15,
      "model": "싱클레어",
      "content": "性能升级……请别把人说得跟机器一样啊……"
    },
    {
      "id": 16,
      "model": "파우스트",
      "content": "咳。"
    },
    {
      "id": 17,
      "content": "也许是预感到话题要跑偏了，浮士德清了清嗓子，走上前去。"
    },
    {
      "id": 18,
      "place": "脑叶公司本部 情报部走廊",
      "model": "파우스트",
      "content": "这里是……旧L公司的情报部。"
    },
    {
      "id": 19,
      "model": "이상",
      "content": "情报部……记得我们之前去的地方叫做控制部。"
    },
    {
      "id": 20,
      "model": "이스마엘",
      "content": "每次瓦尔普吉斯之夜都会加一个新的部门吗？"
    },
    {
      "id": 21,
      "model": "파우스트",
      "content": "不是这样的。因为与该部门相连的培训部与安保部似乎都可以自由进出。"
    },
    {
      "id": 22,
      "model": "파우스트",
      "content": "不过……最先到达的地方是这里也许是有原因的。如果进一步分析一下的话，也许能发现更多线索。"
    },
    {
      "id": 23,
      "content": "……之前在WARP列车的经历似乎给浮士德造成了相当大的打击，自那以后，她一直在积极地主动获取信息。"
    },
    {
      "id": 24,
      "content": "她似乎还在担心会随时与浮士德的知识断开连接。"
    },
    {
      "id": 25,
      "model": "홍루",
      "content": "嗯……说起来这地方的色彩可真贫瘠啊。只能看见紫色……"
    },
    {
      "id": 26,
      "model": "그레고르",
      "content": "嗯……你说得对。这里都不能称之为公司，这根本就不是一个适合工作和生活的地方。"
    },
    {
      "id": 27,
      "model": "오티스",
      "content": "即使本人不喜欢，一个好的指挥官一般也应该为了下属的士气，制备一个舒适的生活空间……看样子，这个部门的负责人绝不是一个正常的人。"
    },
    {
      "id": 28,
      "model": "이스마엘",
      "content": "我觉得这不只是他一个人的问题~"
    },
    {
      "id": 29,
      "content": "以实玛利在远处摸索着什么，打断了正盯着天花板喃喃的奥提斯。"
    },
    {
      "id": 30,
      "model": "이스마엘",
      "content": "这里有一些员工的涂鸦。"
    },
    {
      "id": 31,
      "model": "이스마엘",
      "content": "Sephirah……是这么叫的吧。我们那位Sephirah怎么怎么的……呃，骂得可真脏。"
    },
    {
      "id": 32,
      "model": "뫼르소",
      "content": "我来读吧。"
    },
    {
      "id": 33,
      "model": "단테",
      "content": "<默、默尔索，你没必要把这些脏话都读出来！>"
    },
    {
      "id": 34,
      "model": "뫼르소",
      "content": "……我明白了。我会先读完，再总结其内容。"
    },
    {
      "id": 35,
      "content": "不久之后……"
    },
    {
      "id": 36,
      "model": "뫼르소",
      "content": "以上。"
    },
    {
      "id": 37,
      "model": "그레고르",
      "content": "脏话是没读，虽然没读脏话……"
    },
    {
      "id": 38,
      "model": "로쟈",
      "content": "真是光听着就让人感到害怕啊……"
    },
    {
      "id": 39,
      "model": "오티스",
      "content": "部长之间产生口角，互相顶撞不是什么稀罕事……"
    },
    {
      "id": 40,
      "model": "오티스",
      "content": "……不如说就那么相互打一架再和解还更好一些。"
    },
    {
      "id": 41,
      "content": "……如罪人们所言，Sephirah们之间的关系似乎相当差劲。"
    },
    {
      "id": 42,
      "content": "或者说，员工完全不信任Sephirah们。"
    },
    {
      "id": 43,
      "model": "로쟈",
      "content": "嘿，这个叫Malkuth的Sephirah……她一定是我们上次与考验战斗的控制部的Sephirah……"
    },
    {
      "id": 44,
      "model": "로쟈",
      "content": "把将员工们逼上绝路、当作零件一样利用说得像件很自然的事。翼就是翼呢。"
    },
    {
      "id": 45,
      "model": "싱클레어",
      "content": "是啊……这里有一份与Hod——培训部的Sephirah的对话记录。听起来一开始双方有很多的意见争执，但还是避免了直接的冲突。"
    },
    {
      "id": 46,
      "model": "로쟈",
      "content": "是啊，看上去她真的将员工视如珍宝呢……啊~但这样也挺累人的就是了。"
    },
    {
      "id": 47,
      "model": "이상",
      "content": "如此的话……她也一定很辛苦。员工们的不满终究还是会传到她的耳朵里。"
    },
    {
      "id": 48,
      "model": "이상",
      "content": "尽管如此，她也许还不断地给自己注射名为“为了他们好”……这样的麻醉剂。"
    },
    {
      "id": 49,
      "model": "오티스",
      "content": "Yesod……情报部的Sephirah。似乎是很难相处的类型。"
    },
    {
      "id": 50,
      "model": "돈키호테",
      "content": "毒蛇……好像是这么称呼的。他是会用毒牙咬员工吗？"
    },
    {
      "id": 51,
      "model": "오티스",
      "content": "这是比喻……嗯，相当难搞的类型，但让他当个参谋应该不赖。"
    },
    {
      "id": 52,
      "model": "오티스",
      "content": "这里有一本完整的工作日程。根据电子日历，现在的日程是……"
    },
    {
      "id": 53,
      "model": "파우스트",
      "content": "……还没来得及对考验进行说明，时间就到了呢。"
    },
    {
      "id": 54,
      "model": "오티스",
      "content": "早知道该先读文件的。"
    },
    {
      "id": 55,
      "content": "奥提斯叹了口气，随即大厅里的灯光一变，地面开始摇晃。"
    },
    {
      "id": 56,
      "model": "단테",
      "content": "<好吧……一点也不意外。我知道考验终归是要来的……>"
    },
    {
      "id": 57,
      "model": "이스마엘",
      "content": "虽然在没有情报的情况下战斗有点难办……"
    },
    {
      "id": 58,
      "model": "돈키호테",
      "content": "诶诶诶……那是什么玩意？！虫子……？真不敢相信，离吾这么远，还看起来这么大……"
    },
    {
      "id": 59,
      "content": "伴随着堂吉诃德的近乎尖叫的喊声，我顺着她的指尖看去……"
    },
    {
      "id": 60,
      "content": "远处有一种难以形容的东西在蠢蠢欲动。"
    },
    {
      "id": 61,
      "model": "파우스트",
      "content": "它们出现在了安保部的走廊……如果是这样的话……"
    },
    {
      "id": 62,
      "model": "로쟈",
      "content": "又来了，又来了……！"
    },
    {
      "id": 63,
      "model": "단테",
      "content": "<浮士德……！在它们扑上来之前，你有什么可以告诉我的吗？>"
    },
    {
      "id": 64,
      "content": "我看着在空中翻滚掉落的，不可名状的仿佛蝉的幼虫一样的紫色生物，惊呼道。"
    },
    {
      "id": 65,
      "content": "虽然我预感到……她没有什么可以告诉我的。"
    },
    {
      "id": 66,
      "model": "파우스트",
      "content": "它们不会扑过来的。有报告说它们的速度很慢。"
    },
    {
      "id": 67,
      "model": "파우스트",
      "content": "不过……颜色是紫。时间是黎明……"
    },
    {
      "id": 68,
      "model": "파우스트",
      "content": "……如果是紫罗兰的话，我想没有时间再细说了。"
    },
    {
      "id": 69,
      "model": "파우스트",
      "content": "我们必须立即从安保部的走廊开始镇压它们。情报部和培训部的走廊……应该很快也会陷入相同的境地。"
    },
    {
      "id": 70,
      "model": "히스클리프",
      "content": "啊……哈？你说我们得快点击败它们？"
    },
    {
      "id": 71,
      "model": "파우스트",
      "content": "没错。不仅仅是这里，它们会出现在每个部门。必须快速清理掉这里的，赶去其他部门，不然的话……"
    },
    {
      "id": 72,
      "model": "히스클리프",
      "content": "……不然的话？"
    },
    {
      "id": 73,
      "model": "파우스트",
      "content": "可能会发生我们都不愿知道的混乱。"
    },
    {
      "id": 74,
      "model": "파우스트",
      "content": "该部门的逆卡巴拉计数器将全部归零……"
    },
    {
      "id": 75,
      "model": "이상",
      "content": "……所有异想体都将被放出来。"
    },
    {
      "id": 76,
      "model": "히스클리프",
      "content": "开什么玩笑！你知道我们才从WARP列车上下来多久吗！"
    },
    {
      "id": 77,
      "model": "이스마엘",
      "content": "所以别废话了，拿上武器！我先上了！"
    }
  ]
}