{
  "dataList": [
    {
      "id": 0,
      "content": "不久之后……"
    },
    {
      "id": 1,
      "place": "脑叶公司本部 培训部大厅",
      "model": "이스마엘",
      "content": "还好……至少攻击能够摧毁它。"
    },
    {
      "id": 2,
      "content": "气喘吁吁的罪人们脚边堆满了碎石。"
    },
    {
      "id": 3,
      "content": "但没过多久……"
    },
    {
      "id": 4,
      "model": "이상",
      "content": "果然……消失了。"
    },
    {
      "id": 5,
      "model": "파우스트",
      "content": "是的。虽然其从外形来看显然是由无机物构成的石制品，但其本身在某些地方似乎被视为一种宗教类实体。"
    },
    {
      "id": 6,
      "model": "홍루",
      "content": "嗯~确实呢，毕竟那么大的物体突然从什么都没有的天花板上出现然后掉了下来。"
    },
    {
      "id": 7,
      "content": "那伸出触手威慑罪人们的巨大石碑顷刻已经消失得无影无踪。"
    },
    {
      "id": 8,
      "content": "如果……那时浮士德没把我推到走廊上的话。"
    },
    {
      "id": 9,
      "model": "파우스트",
      "content": "但丁！"
    },
    {
      "id": 10,
      "content": "嘭！"
    },
    {
      "id": 11,
      "model": "단테",
      "content": "<要是连我都被压碎了，那一切可全完了……>"
    },
    {
      "id": 12,
      "model": "파우스트",
      "content": "严格来说，石碑本身并不是问题所在。其降下之后产生的冲击波才是关键。"
    },
    {
      "id": 13,
      "model": "히스클리프",
      "content": "我靠直觉躲开了那块石头……但没想到那东西威力那么大……"
    },
    {
      "id": 14,
      "model": "단테",
      "content": "<……如果我们不能应对那冲击波，这次瓦尔普吉斯之夜就很难继续探索下去了吧？>"
    },
    {
      "id": 15,
      "content": "我并不是害怕把罪人们复原。当然，要承受12人份还是非常痛苦的……"
    },
    {
      "id": 16,
      "content": "但是，要是我知道每次进入后门，罪人们的死亡就会不断重演的话，我是说不出“继续吧”这句话的。"
    },
    {
      "id": 17,
      "content": "我们甚至不确定那里真的有东西值得我们这么做。"
    },
    {
      "id": 18,
      "model": "파우스트",
      "content": "根据目前所有的情报来看，似乎不应该连续出现两次考验……"
    },
    {
      "id": 19,
      "model": "히스클리프",
      "content": "连续……？你是说那块破石头跟黎明什么的考验没关系吗？"
    },
    {
      "id": 20,
      "model": "파우스트",
      "content": "这确实也是紫罗兰的考验。但……这一定是正午考验。"
    },
    {
      "id": 21,
      "model": "파우스트",
      "content": "这是与已经历过的黎明相比，更高一级的考验。"
    },
    {
      "id": 22,
      "content": "浮士德微微叹了口气，皱了皱眉，似乎在说这句话时还有什么想不通的事情。"
    },
    {
      "id": 23,
      "content": "……在WARP列车上听到的“有意的遗漏”一词突然划过我的脑海。"
    },
    {
      "id": 24,
      "model": "단테",
      "content": "<难道说，这次又是Gesellschaft出了问题吗？>"
    },
    {
      "id": 25,
      "model": "파우스트",
      "content": "没有确切的证据。由于对于正午考验的情报均未被封锁，所以更有可能只是出现了一种罕见的可能性。"
    },
    {
      "id": 26,
      "model": "파우스트",
      "content": "……但，这确实令人担忧。"
    },
    {
      "id": 27,
      "model": "단테",
      "content": "<……>"
    },
    {
      "id": 28,
      "model": "파우스트",
      "content": "但如果这只是一种罕见的可能性，那么我们就更要在此次瓦尔普吉斯之夜中寻找线索了。"
    },
    {
      "id": 29,
      "model": "단테",
      "content": "<我们要继续探索吗？>"
    },
    {
      "id": 30,
      "content": "但……"
    },
    {
      "id": 31,
      "model": "호드",
      "teller": "？？？",
      "title": "？？？",
      "content": "啊啊，员工们，听得到吗……？"
    },
    {
      "id": 32,
      "content": "在我们进退两难的时候，突然传来一道夹杂着嗞嗞声的、我从未听到过的声音。"
    },
    {
      "id": 33,
      "model": "히스클리프",
      "content": "什么情况？谁在说话？"
    },
    {
      "id": 34,
      "model": "돈키호테",
      "content": "哦哦！听得到哟！！"
    },
    {
      "id": 35,
      "model": "호드",
      "teller": "？？？",
      "title": "？？？",
      "content": "啊……反正我就算问了，也听不到回答吧。"
    },
    {
      "id": 36,
      "model": "호드",
      "title": "培训部 Sephirah",
      "content": "嗯哼，忘了我刚才说的吧。这里是培训部的Hod！"
    },
    {
      "id": 37,
      "model": "뫼르소",
      "content": "嗯。在之前的文件中看到过，说话的似乎是一位叫作Hod的Sephirah。"
    },
    {
      "id": 38,
      "model": "이스마엘",
      "content": "啊哈……所以她的声音是这样的？"
    },
    {
      "id": 39,
      "model": "로쟈",
      "content": "跟想象中的形象还挺相符……的吧？"
    },
    {
      "id": 40,
      "model": "호드",
      "title": "培训部 Sephirah",
      "content": "目前对于连续发生黎明与正午考验的情况，Sephirah方面也正在展开调查。"
    },
    {
      "id": 41,
      "model": "호드",
      "title": "培训部 Sephirah",
      "content": "因为不合常理所以大家都很恐慌吧。不过只要你们还记得我在常规训练中提到过的第40-AA条的例外情况处理方法就没什么好担心的了！"
    },
    {
      "id": 42,
      "model": "그레고르",
      "content": "40……？AA？例外情况到底有多少啊……？"
    },
    {
      "id": 43,
      "model": "오티스",
      "content": "是会严格管理部下的类型吗。过度保护部下的指挥官经常会犯这种错误。"
    },
    {
      "id": 44,
      "model": "싱클레어",
      "content": "对、对她的第一印象现在并不重要吧……？我们不知道她说的那个方法是什么啊！这样下去——"
    },
    {
      "id": 45,
      "model": "싱클레어",
      "content": "啊。"
    },
    {
      "id": 46,
      "content": "在辛克莱忧心忡忡地说话时，不知从何处又传来了“砰”一声响。"
    },
    {
      "id": 47,
      "model": "싱클레어",
      "content": "呃，我……我……被枪击了吗？！"
    },
    {
      "id": 48,
      "model": "호드",
      "title": "培训部 Sephirah",
      "content": "在大厅里的那位……你又在培训时打盹了吧？"
    },
    {
      "id": 49,
      "model": "호드",
      "title": "培训部 Sephirah",
      "content": "我很确定我说过，这种例外情况处理方法中包括向员工发射我们和中层共享的物理屏蔽力场……"
    },
    {
      "id": 50,
      "model": "호드",
      "title": "培训部 Sephirah",
      "content": "为什么你慌得像第一次被击中一样啊……唉……"
    },
    {
      "id": 51,
      "model": "싱클레어",
      "content": "屏蔽力场……吗？"
    },
    {
      "id": 52,
      "model": "단테",
      "content": "<这么说来，好像是在哪里见过……>"
    },
    {
      "id": 53,
      "content": "我和罪人们心有余悸地缓缓接近辛克莱中弹的部位。"
    },
    {
      "id": 54,
      "model": "이스마엘",
      "content": "啊，这不是那个吗。K公司的……"
    },
    {
      "id": 55,
      "model": "이스마엘",
      "content": "看着跟把我融化成一摊的那些安瓿注射弹……很像啊。呃，想想就让我毛骨悚然。"
    },
    {
      "id": 56,
      "model": "로쟈",
      "content": "但是当时相当帅啊，以实~啪地一下闪到但丁面前，挡下了一切！"
    },
    {
      "id": 57,
      "model": "히스클리프",
      "content": "嘿。然后过了几个月又拿着捕鲸枪亲手刺穿了钟表头的肩膀。"
    },
    {
      "id": 58,
      "model": "료슈",
      "content": "呵。首尾呼应。"
    },
    {
      "id": 59,
      "model": "이스마엘",
      "content": "你们这些家伙……"
    },
    {
      "id": 60,
      "model": "파우스트",
      "content": "这并非K公司的安瓿。尽管脑叶公司确实为员工的再生恢复使用了K公司的技术。但这种屏蔽力场的概念并不存在于K公司所使用的技术类型之内。"
    },
    {
      "id": 61,
      "model": "파우스트",
      "content": "……据说，过去脑叶公司长期以来与包括K公司在内的复数翼保持着合作关系。通过这些合作，他们获得了有助于公司运作的各种子弹和安瓿。"
    },
    {
      "id": 62,
      "model": "파우스트",
      "content": "这些屏蔽力场子弹，想必也是合作成果之一。"
    },
    {
      "id": 63,
      "model": "싱클레어",
      "content": "那，被这个击中的话……"
    },
    {
      "id": 64,
      "model": "파우스트",
      "content": "物理伤害……用脑叶公司所使用的术语来说，就是能够起到抵御一定量红色伤害的作用。"
    },
    {
      "id": 65,
      "model": "파우스트",
      "content": "它应该可以承受住石碑降下后带来的冲击波。"
    },
    {
      "id": 66,
      "model": "호드",
      "title": "培训部 Sephirah",
      "content": "关于不认真参与培训的问题，我们之后再谈……总之，现在请尽快镇压正午考验。"
    },
    {
      "id": 67,
      "model": "호드",
      "title": "培训部 Sephirah",
      "content": "我会给大家提供屏蔽力场，一起尽量不受伤地镇压此次考验吧！"
    },
    {
      "id": 68,
      "model": "파우스트",
      "content": "但丁，我们……"
    },
    {
      "id": 69,
      "model": "단테",
      "content": "<……啊，嗯。我们来处理掉剩下的石碑吧。>"
    },
    {
      "id": 70,
      "model": "파우스트",
      "content": "明白。我们最好先确认其他区域的石碑也已经处理完毕再返回。"
    },
    {
      "id": 71,
      "model": "파우스트",
      "content": "由于我们有必要访问其他可能性中的脑叶公司本部，所以届时一开始就活用Sephirah和屏蔽力场比较好。"
    },
    {
      "id": 72,
      "model": "단테",
      "content": "<嗯……好主意。>"
    },
    {
      "id": 73,
      "content": "多亏了Sephirah突然的帮助，我们才得以照原计划更加深入地探索瓦尔普吉斯之夜。"
    },
    {
      "id": 74,
      "model": "호드",
      "title": "培训部 Sephirah",
      "content": "……我这么做都是为了他们好，为什么每个人都不理解呢……"
    },
    {
      "id": 75,
      "content": "但……在奔向其他部门时，Hod混杂着杂音的喃喃自语令我感到在意。"
    },
    {
      "id": 76,
      "content": "这家公司……在脑叶公司本部，究竟发生了些什么。"
    }
  ]
}