{
  "dataList": [
    {
      "id": 0,
      "place": "但丁的房间",
      "model": "파우스트",
      "content": "那么，就在这里结束吧，但丁。"
    },
    {
      "id": 1,
      "model": "단테",
      "content": "<嗯……那就这样吧。>"
    },
    {
      "id": 2,
      "content": "我会根据需要与罪人们进行面谈，当然，定期的面谈也会另外安排。"
    },
    {
      "id": 3,
      "content": "面谈的内容无非就是最近怎么样啦，有没有情绪波动之类的……念一堆无聊得要命的清单，所以大多数情况下都会演变成闲聊……"
    },
    {
      "id": 4,
      "model": "단테",
      "content": "<嗯……没什么大问题吧？>"
    },
    {
      "id": 5,
      "model": "파우스트",
      "content": "正如浮士德所想，是的。"
    },
    {
      "id": 6,
      "model": "파우스트",
      "content": "每次面谈都能观察到持续的成长，但在当前阶段，似乎没有什么退步或作为经理存在问题的部分。"
    },
    {
      "id": 7,
      "model": "단테",
      "content": "<很好……>"
    },
    {
      "id": 8,
      "content": "面谈的最后一轮总是浮士德，而浮士德的面谈结束后，她又会对我进行面谈。"
    },
    {
      "id": 9,
      "content": "这是唯一可以毫无顾虑地提出自己正在烦恼的事情、并一起思考解决方案的时间，因此对我来说也是非常重要的时刻。"
    },
    {
      "id": 10,
      "model": "파우스트",
      "content": "嗯。有什么其他想了解的吗？"
    },
    {
      "id": 11,
      "content": "整理桌上的文件，听着浮士德的声音时，突然间，我注意到了一旁放着的日历。"
    },
    {
      "id": 12,
      "model": "단테",
      "content": "<说起来……那就快来了吧。>"
    },
    {
      "id": 13,
      "model": "파우스트",
      "content": "……您是指那个吗。"
    },
    {
      "id": 14,
      "model": "단테",
      "content": "<瓦尔普吉斯之夜。好像是这个周期……>"
    },
    {
      "id": 15,
      "content": "周期本身很短，像是每隔几天就会发生一次，虽然不确定是否真的千载难逢……但，总觉得有了些预感。"
    },
    {
      "id": 16,
      "model": "파우스트",
      "content": "看来你找到了某种规律呢，但丁。"
    },
    {
      "id": 17,
      "model": "파우스트",
      "content": "但是……瓦尔普吉斯之夜纯粹只是偶然发生的。并没有规律可言。"
    },
    {
      "id": 18,
      "model": "단테",
      "content": "<哦，是这样吗……？>"
    },
    {
      "id": 19,
      "model": "단테",
      "content": "<不过凭直觉，差不多了……真的快要发生了。>"
    },
    {
      "id": 20,
      "model": "파우스트",
      "content": "浮士德知道，但丁，您的直觉有时能够超越逻辑和理解，得出优秀的结果。"
    },
    {
      "id": 21,
      "model": "파우스트",
      "content": "不过，即便如此，预测那些本就不成立的秩序……"
    },
    {
      "id": 22,
      "model": "파우스트",
      "content": "……"
    },
    {
      "id": 23,
      "content": "浮士德带着腼腆笑意的声音，被绿色的灯光和熟悉的喧闹警报声盖过了。"
    },
    {
      "id": 24,
      "model": "단테",
      "content": "<浮士德？你不是还想说些什么吗？>"
    },
    {
      "id": 25,
      "model": "파우스트",
      "content": "……不确定性是很有趣的。但丁。"
    },
    {
      "id": 26,
      "model": "단테",
      "content": "<看起来倒不像是开心的表情啊……>"
    },
    {
      "id": 27,
      "model": "파우스트",
      "content": "我们去驾驶席吧。"
    },
    {
      "id": 28,
      "content": "……浮士德说完后，匆忙打开门，迅速离开了。"
    },
    {
      "id": 29,
      "content": "不久之后……"
    },
    {
      "id": 30,
      "place": "？？？",
      "model": "로쟈",
      "content": "这次又是个很奇怪的地方呢……有点像监狱……"
    },
    {
      "id": 31,
      "model": "그레고르",
      "content": "空气有点沉闷……是地下吗？"
    },
    {
      "id": 32,
      "model": "이스마엘",
      "content": "我还以为又能去L公司的本部看看呢。"
    },
    {
      "id": 33,
      "model": "단테",
      "content": "<嗯……我想下次的瓦尔普吉斯之夜可能就是L公司的本部了。>"
    },
    {
      "id": 34,
      "model": "이스마엘",
      "content": "嗯？你怎么知道的……"
    },
    {
      "id": 35,
      "model": "단테",
      "content": "<感觉像是依次轮换的。这次应该是在图书馆的书里吧……我是这么觉得的。>"
    },
    {
      "id": 36,
      "model": "단테",
      "content": "<你怎么想？浮士德？>"
    },
    {
      "id": 37,
      "model": "파우스트",
      "content": "……正如之前所说，瓦尔普吉斯之夜是由偶然的巧合发生的……"
    },
    {
      "id": 38,
      "model": "히스클리프",
      "content": "你在说什么啊……别再绕来绕去了，直接回答我吧？"
    },
    {
      "id": 39,
      "model": "오티스",
      "content": "对上司的回答最好是结论先行。这样不是更高效吗？"
    },
    {
      "id": 40,
      "model": "파우스트",
      "content": "……没错，看起来这是发生在图书馆存在时的事件。"
    },
    {
      "id": 41,
      "model": "파우스트",
      "content": "不过，这里似乎不像以前那样是与书中的异想体对峙的地方。"
    },
    {
      "id": 42,
      "model": "히스클리프",
      "content": "诶？那就是说……"
    },
    {
      "id": 43,
      "model": "오티스",
      "content": "等一下，嘘……"
    },
    {
      "id": 44,
      "model": "오티스",
      "content": "前面有动静。"
    },
    {
      "id": 45,
      "content": "当所有人都闭上嘴时，稍远的走廊尽头传来了低声的议论。"
    },
    {
      "id": 46,
      "place": "齿轮教团 集会所",
      "model": "파우스트",
      "content": "……这里似乎是过去，曾被称为齿轮教团的新兴宗教的……集会场所。"
    },
    {
      "id": 47,
      "model": "싱클레어",
      "content": "齿轮……教团吗？"
    },
    {
      "id": 48,
      "model": "로쟈",
      "content": "是崇拜齿轮吗……？是劳动的神圣价值……之类的东西吗？"
    },
    {
      "id": 49,
      "model": "파우스트",
      "content": "……等一下。"
    },
    {
      "id": 50,
      "content": "浮士德望着空中眨了眨眼，似乎明白了什么，继续对我们说道。"
    },
    {
      "id": 51,
      "model": "파우스트",
      "content": "方向上有点错误。他们将生活在都市中的自己视作齿轮……"
    },
    {
      "id": 52,
      "model": "파우스트",
      "content": "他们相信，现在的不幸是因为自己不属于现在所处的位置……嗯，而是属于其他地方。"
    },
    {
      "id": 53,
      "model": "파우스트",
      "content": "……这是浮士德目前的看法。"
    },
    {
      "id": 54,
      "content": "她是从之前提到的Gesellschaft中获取的这些信息吗？"
    },
    {
      "id": 55,
      "model": "로쟈",
      "content": "嘛……她说的也不完全是错的吧？在都市里做着不适合自己的工作的人到处都是。"
    },
    {
      "id": 56,
      "model": "파우스트",
      "content": "也可能是这种感觉。"
    },
    {
      "id": 57,
      "model": "파우스트",
      "content": "然而，那些被称为血肉齿轮的普通信徒们，崇拜着被称作思想齿轮的“由人体制成的齿轮”，并将它们装进自己的大脑中……"
    },
    {
      "id": 58,
      "model": "로쟈",
      "content": "那、那个……可以了。"
    },
    {
      "id": 59,
      "model": "로쟈",
      "content": "呕，肯定不是正常的人啦~我到底在期待什么呢……"
    },
    {
      "id": 60,
      "content": "罗佳捂住嘴巴，仿佛就要呕吐了一样，剧烈地摇着头。"
    },
    {
      "id": 61,
      "model": "히스클리프",
      "content": "总之……那我们接下来该做什么？"
    },
    {
      "id": 62,
      "model": "히스클리프",
      "content": "要把那些疯子解决掉吗？"
    },
    {
      "id": 63,
      "model": "파우스트",
      "content": "嗯……"
    },
    {
      "id": 64,
      "model": "파우스트",
      "content": "这个“剧本”的结局最终会走向哪里，仍是个未知数。"
    },
    {
      "id": 65,
      "model": "파우스트",
      "content": "不过，根据以往来看，我认为这次也不会有什么变化。"
    },
    {
      "id": 66,
      "model": "이상",
      "content": "等一下……你说的剧本是指什么。"
    },
    {
      "id": 67,
      "content": "我也有点在意这个……"
    },
    {
      "id": 68,
      "model": "파우스트",
      "content": "这个……虽然现在还只是一个假设，但在某个时刻，我们达成了剧本所设定的目标后……就会回到巴士的过道。"
    },
    {
      "id": 69,
      "model": "파우스트",
      "content": "而且，就像是重置一样，从起点到终点的内容总是相同，因此可以推测“我们正按照预定的内容循环了一遍”。"
    },
    {
      "id": 70,
      "model": "파우스트",
      "content": "有时在巴士的后门也会存在……需要满足特定条件才能停止循环的房间。从技术上来看，这并不是不可能的。"
    },
    {
      "id": 71,
      "model": "이상",
      "content": "嗯。现在看起来，虽然战斗的方式有所不同，但最终好像都归结为同一个结果。"
    },
    {
      "id": 72,
      "model": "돈키호테",
      "content": "确实如此……！诚然，正如浮士德小姐曾提及过的，于此处称作“瓦鲁普鲁吉斯之夜”的领域中所采取的行动，虽为过去之事，却并未改变吾等所在历史的进程。不是吗？"
    },
    {
      "id": 73,
      "model": "파우스트",
      "content": "正是如此。这也进一步证实了剧本的假设。"
    },
    {
      "id": 74,
      "model": "싱클레어",
      "content": "如果……是这样的话，那么即使伤害那些信徒，也不会真的杀死他们，对吧……？"
    },
    {
      "id": 75,
      "model": "오티스",
      "content": "竟然还没抛弃那种软弱的想法吗……你啊。"
    },
    {
      "id": 76,
      "model": "싱클레어",
      "content": "但、但是，在不了解前因后果的情况下，突然攻击语言相通的人……有些让人过意不去。"
    },
    {
      "id": 77,
      "model": "파우스트",
      "content": "我明白你的顾虑了。是的，确实如此。"
    },
    {
      "id": 78,
      "model": "싱클레어",
      "content": "呼……"
    },
    {
      "id": 79,
      "teller": "？？？",
      "title": "？？？",
      "content": "啊啊，喂。听得见吗？"
    },
    {
      "id": 80,
      "content": "就在那时，一道陌生的声音低声向我们说道。"
    },
    {
      "id": 81,
      "model": "이스마엘",
      "content": "谁、谁啊？"
    },
    {
      "id": 82,
      "model": "그레고르",
      "content": "什么啊，什么时候耳朵上有了这东西……？"
    },
    {
      "id": 83,
      "content": "这时，我才注意到，所有的罪人的耳朵里都插着像小型发射器一样的东西。"
    },
    {
      "id": 84,
      "teller": "史蒂芬",
      "title": "？？？",
      "content": "胡扯什么啊……？！我是史蒂芬！你们给我清醒点！"
    },
    {
      "id": 85,
      "teller": "史蒂芬",
      "title": "？？？",
      "content": "本来这是我们事务所的工作，但因为你们在奇袭这方面更加擅长，我们才忍痛将活交给你们做啊！"
    },
    {
      "id": 86,
      "teller": "史蒂芬",
      "title": "？？？",
      "content": "给我好好干啊……还是说你们是在抱怨我们把报酬的六成拿走了？"
    },
    {
      "id": 87,
      "model": "파우스트",
      "content": "……原来如此。看起来在这次的剧本中，我们被赋予了这样的角色。"
    },
    {
      "id": 88,
      "teller": "史蒂芬",
      "title": "？？？",
      "content": "虽然每个人都觉得齿轮教团疯了……但不要把这种情绪带到任务中来。"
    },
    {
      "id": 89,
      "teller": "史蒂芬",
      "title": "？？？",
      "content": "明白了吗？这是し协会2科……柳真科长委托的任务。教主必须活捉带回来。"
    },
    {
      "id": 90,
      "teller": "史蒂芬",
      "title": "？？？",
      "content": "如果不这样做，就无法完整地拿到那笔巨额报酬了……能别辜负我们的信任吗？"
    },
    {
      "id": 91,
      "model": "오티스",
      "content": "喂，教主长什么样子？"
    },
    {
      "id": 92,
      "teller": "史蒂芬",
      "title": "？？？",
      "content": "……你真疯了吗？还没看我们发送的文件的情况下就潜入了？"
    },
    {
      "id": 93,
      "teller": "史蒂芬",
      "title": "？？？",
      "content": "哈啊……不过。既然没有那份资料却还能这么悄无声息地潜入，看来是老手了啊……"
    },
    {
      "id": 94,
      "model": "오티스",
      "content": "对于“老手”这个称号，似乎没有什么可反驳的理由。"
    },
    {
      "id": 95,
      "teller": "史蒂芬",
      "title": "？？？",
      "content": "嗯，行……教主辨识度很高。脸上蒙着面纱，头上插着一枚巨大的齿轮。"
    },
    {
      "id": 96,
      "model": "뫼르소",
      "content": "似乎已经掌握了目标的的特征信息。"
    },
    {
      "id": 97,
      "model": "단테",
      "content": "<好吧……那么。>"
    },
    {
      "id": 98,
      "content": "让我们开始吧。"
    }
  ]
}