{
  "dataList": [
    {
      "id": 0,
      "place": "齿轮教团 集会所",
      "model": "그레고르",
      "content": "虽然那些家伙挺让人恶心的……嘛，倒也不是赢不了的对手。"
    },
    {
      "id": 1,
      "model": "로쟈",
      "content": "真的吗……？我光是忍着反胃就已经很努力了，中间有好几次我都差点没抓住武器……"
    },
    {
      "id": 2,
      "model": "싱클레어",
      "content": "能、能清楚地看到大脑……每当齿轮转动的时候，血和碎片都会从脑袋里……呜……"
    },
    {
      "id": 3,
      "model": "이상",
      "content": "将不悦的记忆诉说出口并非明智之举，辛克莱……"
    },
    {
      "id": 4,
      "content": "在因和以往不太一样的原因而疲惫的罪人们身后，能看到远处有个瑟瑟发抖的身影。"
    },
    {
      "id": 5,
      "model": "오티스",
      "content": "那人应该就是……教主了。"
    },
    {
      "id": 6,
      "model": "단테",
      "content": "<奥提斯，你明白吧？我们的任务是将其活捉。>"
    },
    {
      "id": 7,
      "model": "오티스",
      "content": "当然，执行经理。"
    },
    {
      "id": 8,
      "model": "오티스",
      "content": "我熟知不会危及性命的捆绑法，不过那人如果抵抗可能会受到一些伤害。"
    },
    {
      "id": 9,
      "teller": "教主",
      "title": "齿轮教团",
      "content": "别、别过来……请别过来……！"
    },
    {
      "id": 10,
      "content": "正当奥提斯脸上带着恐怖的表情缓缓靠近教主之时。"
    },
    {
      "id": 11,
      "teller": "？？？",
      "title": "？？？",
      "content": "啊，哎呀。居然有13个人。"
    },
    {
      "id": 12,
      "teller": "？？？",
      "title": "？？？",
      "content": "那些朋友们……应该花了不少钱吧？"
    },
    {
      "id": 13,
      "model": "오티스",
      "content": "呃……！"
    },
    {
      "id": 14,
      "content": "一阵亮光闪过，瞬间有一人将奥提斯踢飞向一侧，将教主护在怀里。"
    },
    {
      "id": 15,
      "teller": "教主",
      "title": "齿轮教团",
      "content": "啊，您就是我父亲经常提起的那位吗……"
    },
    {
      "id": 16,
      "teller": "？？？",
      "title": "？？？",
      "content": "嗯……或许吧。"
    },
    {
      "id": 17,
      "model": "돈키호테",
      "content": "看、看不清……拥有那等力量之人恐怕是……"
    },
    {
      "id": 18,
      "teller": "？？？",
      "title": "？？？",
      "content": "虽然对难得前来欢迎的朋友们有些抱歉……"
    },
    {
      "id": 19,
      "teller": "？？？",
      "title": "？？？",
      "content": "但我必须和这位朋友一起离开才行呢。可以请你们让路吗？"
    },
    {
      "id": 20,
      "model": "오티스",
      "content": "胡说……八道！"
    },
    {
      "id": 21,
      "content": "虽然因为那人身在暗处无法辨认其容貌，但奥提斯仍向那拿着巨大镰刀的可疑人物迅速逼近。"
    },
    {
      "id": 22,
      "teller": "？？？",
      "title": "？？？",
      "content": "多么热烈的欢迎……真是的，我眼泪都快流下来了。"
    },
    {
      "id": 23,
      "teller": "？？？",
      "title": "？？？",
      "content": "那么……"
    },
    {
      "id": 24,
      "content": "随后，当语气中丝毫不含危机感的那人缓缓举起镰刀的时候。"
    },
    {
      "id": 25,
      "model": "오티스",
      "content": "……嗯？！"
    },
    {
      "id": 26,
      "place": "巴士的后门",
      "content": "我们不知何时已经站在了走廊中。"
    },
    {
      "id": 27,
      "model": "파우스트",
      "content": "……看来，这次的剧本到此为止了。"
    },
    {
      "id": 28,
      "model": "오티스",
      "content": "呃……何等屈辱。"
    },
    {
      "id": 29,
      "model": "돈키호테",
      "content": "不，这样反而更好，奥提斯……"
    },
    {
      "id": 30,
      "model": "돈키호테",
      "content": "虽然吾不敢断言，但拥有那等力量与从容之人……"
    },
    {
      "id": 31,
      "model": "돈키호테",
      "content": "吾一、一定……在杂志上见过……那……那个身影是……特、特特特……特色……！"
    },
    {
      "id": 32,
      "model": "돈키호테",
      "content": "汝，差点与特色进行战斗！"
    },
    {
      "id": 33,
      "model": "오티스",
      "content": "……"
    },
    {
      "id": 34,
      "model": "이스마엘",
      "content": "即使从忘却中脱离，你对收尾人的爱也是一如既往啊……？"
    },
    {
      "id": 35,
      "model": "돈키호테",
      "content": "那、那是另一回事！"
    },
    {
      "id": 36,
      "model": "돈키호테",
      "content": "总、总而言之！浮士德女……浮士德？！汝说过在这夜晚持续时应当访问多次为好。是吧？！"
    },
    {
      "id": 37,
      "model": "파우스트",
      "content": "是的。"
    },
    {
      "id": 38,
      "model": "돈키호테",
      "content": "那么，稍微……就稍——微接近一点，吾或许就能推测出是哪位特色了……！"
    },
    {
      "id": 39,
      "model": "돈키호테",
      "content": "下次就让吾，代替奥提斯上前……！"
    },
    {
      "id": 40,
      "model": "파우스트",
      "content": "……虽然本次剧本似乎是有意在不公开那人身份的情况下结束，但没有不尝试的理由。"
    },
    {
      "id": 41,
      "model": "돈키호테",
      "content": "好耶！！！"
    },
    {
      "id": 42,
      "content": "……堂吉诃德的热情还是一如既往。"
    },
    {
      "id": 43,
      "content": "与之相反，浮士德的表情却很冷漠。"
    },
    {
      "id": 44,
      "content": "就好像是陷入了沉思中。"
    },
    {
      "id": 45,
      "content": "因此我开口询问。"
    },
    {
      "id": 46,
      "model": "단테",
      "content": "<浮士德，你有什么在意的吗？>"
    },
    {
      "id": 47,
      "model": "파우스트",
      "content": "……如果剧本这一假设是正确的，那么刚刚所见的“结局”或许也具有某种暗示。"
    },
    {
      "id": 48,
      "content": "暗示……？"
    },
    {
      "id": 49,
      "model": "파우스트",
      "content": "既然能主观制造出结局，那么这或许是在警告我们，不论我们如何行动，故事都会强制进行。"
    },
    {
      "id": 50,
      "model": "파우스트",
      "content": "在未来可能会由于我们在瓦尔普吉斯之夜未能找到“结局”，而导致LCB的旅程受阻……唔，这方面的信息还难以查阅。"
    },
    {
      "id": 51,
      "model": "단테",
      "content": "<果然还是很难懂……>"
    },
    {
      "id": 52,
      "model": "파우스트",
      "content": "没关系。"
    },
    {
      "id": 53,
      "model": "파우스트",
      "content": "等时机来临……但丁，你的直觉将会验证这些假设吧。"
    },
    {
      "id": 54,
      "model": "파우스트",
      "content": "就像今天一样。"
    },
    {
      "id": 55,
      "model": "단테",
      "content": "<……应该是吧。>"
    },
    {
      "id": 56,
      "model": "파우스트",
      "content": "不过，也要先从确认堂吉诃德小姐的假设开始呢。"
    },
    {
      "id": 57,
      "model": "돈키호테",
      "content": "经理老爷！快点，快点！"
    },
    {
      "id": 58,
      "model": "로쟈",
      "content": "呜……稍微休息一下再……唔呃。"
    },
    {
      "id": 59,
      "content": "看着堂吉诃德兴奋不已的样子，我和平常一样，将复杂的思绪暂时抛之脑后。"
    },
    {
      "id": 60,
      "content": "正如浮士德所说，或许现在能够更加相信我的直觉了。"
    }
  ]
}