{
  "dataList": [
    {
      "id": 0,
      "place": "菩萨鸡前",
      "model": "그레고르",
      "content": "那么，既然突发事件已经解决了，我们就回归正题吧。这位还不知来头的四眼老哥？"
    },
    {
      "id": 1,
      "model": "삼조",
      "teller": "？？？",
      "title": "？？？",
      "content": "我反对。同为戴眼镜的，你这样称呼我很心寒。"
    },
    {
      "id": 2,
      "model": "그레고르",
      "content": "这……这倒也是……那什么，抱歉啊。"
    },
    {
      "id": 3,
      "model": "뫼르소",
      "content": "像身份这种基本个人信息，可以在死亡报告中轻松掌握。"
    },
    {
      "id": 4,
      "model": "삼조",
      "teller": "三朝",
      "title": "？？？",
      "content": "……啊，我还没自我介绍呢。这是名片。我名叫三朝。"
    },
    {
      "id": 5,
      "content": "不顾周围逐渐紧张起来的气氛，他直接将一张方方正正的名片递了过来。"
    },
    {
      "id": 6,
      "model": "히스클리프",
      "content": "从属于K公司粮……粮食资源改良部门研究所……"
    },
    {
      "id": 7,
      "model": "히스클리프",
      "content": "……"
    },
    {
      "id": 8,
      "model": "히스클리프",
      "content": "哈！你以为把挺像那么回事的词语一股脑并起来就能忽悠到我？"
    },
    {
      "id": 9,
      "model": "삼조",
      "teller": "三朝",
      "title": "K公司 粮食资源改良部门",
      "content": "当然。我很擅长说服对方和解释问题。所以你们只需要冷静下来听我说就行。"
    },
    {
      "id": 10,
      "model": "삼조",
      "teller": "三朝",
      "title": "K公司 粮食资源改良部门",
      "content": "刚刚的战斗中，各位的身姿令我印象深刻。"
    },
    {
      "id": 11,
      "model": "삼조",
      "teller": "三朝",
      "title": "K公司 粮食资源改良部门",
      "content": "尤其是，那即使目睹了同伴断气也不曾停止攻击敌人的英姿。不仅如此，还有几位会用手指着同伴尸体嘲笑他们。"
    },
    {
      "id": 12,
      "model": "오티스",
      "content": "呵……只要拖了后腿，就算是自己人我也不会放在心上。"
    },
    {
      "id": 13,
      "content": "对于这绝对称不上是称赞的话，奥提斯毫不掩饰自满的表情地回答道。"
    },
    {
      "id": 14,
      "model": "삼조",
      "teller": "三朝",
      "title": "K公司 粮食资源改良部门",
      "content": "正如诸位所见，来源不明的鸡群占领了这家店的前方，造成的损失非同寻常。"
    },
    {
      "id": 15,
      "model": "히스클리프",
      "content": "……然后呢？"
    },
    {
      "id": 16,
      "model": "삼조",
      "teller": "三朝",
      "title": "K公司 粮食资源改良部门",
      "content": "经理也一直卧床不起，直到刚刚才起来。"
    },
    {
      "id": 17,
      "content": "一个满脸憔悴的人向我们蹒跚而来，看样子直到刚才为止都躺在床上不是谎话。"
    },
    {
      "id": 18,
      "model": "삼조",
      "teller": "三朝",
      "title": "K公司 粮食资源改良部门",
      "content": "请您说吧。"
    },
    {
      "id": 19,
      "model": "보살치킨",
      "teller": "菩萨鸡 经理",
      "title": "菩萨鸡",
      "content": "呃……那、那个……我家炸鸡店是几个月之前，在一家叫“银凤炸鸡酒吧”的炸鸡店对面开张的。"
    },
    {
      "id": 20,
      "model": "보살치킨",
      "teller": "菩萨鸡 经理",
      "title": "菩萨鸡",
      "content": "因为本炸鸡店所用的鸡都品种优秀，而且分量超值，味道绝赞，“银凤炸鸡酒吧”的客人都被本店吸引走也是理所当然。"
    },
    {
      "id": 21,
      "model": "보살치킨",
      "teller": "菩萨鸡 经理",
      "title": "菩萨鸡",
      "content": "但不知道“银凤炸鸡酒吧”的店长是被这事实给刺激到了，还是为了和本店同归于尽……突然间日常行为开始变得奇怪起来。"
    },
    {
      "id": 22,
      "model": "그레고르",
      "content": "所以说，竞争对手间相互牵制并不罕见……"
    },
    {
      "id": 23,
      "content": "像是为了证明经理的不甘那般，街的对面传来了人群的惨叫。"
    },
    {
      "id": 24,
      "teller": "巢中居民",
      "title": "K公司",
      "content": "咿啊啊！！！那是什么！！！"
    },
    {
      "id": 25,
      "model": "뒤틀린주인",
      "teller": "银凤炸鸡酒吧 店长？",
      "title": "银凤炸鸡酒吧？",
      "content": "咕……咕……咯……"
    },
    {
      "id": 26,
      "content": "“银凤炸鸡酒吧”的店长一边嘟囔着什么，一边挥舞手臂，之后就像是受到了什么命令一样……"
    },
    {
      "id": 27,
      "content": "生鸡群……开始袭击人们。"
    },
    {
      "id": 28,
      "model": "이스마엘",
      "content": "……怎么回事？他是在指挥鸡群吗？"
    },
    {
      "id": 29,
      "model": "그레고르",
      "content": "这可不是简单的举止怪异啊。一个人心中到底是怀有多大的怨气，才会变成那样……？"
    },
    {
      "id": 30,
      "model": "보살치킨",
      "teller": "菩萨鸡 经理",
      "title": "菩萨鸡",
      "content": "那些像是接受过生物改造的生鸡群莫名其妙入侵到店内，大肆破坏里面的东西……"
    },
    {
      "id": 31,
      "place": "银凤炸鸡酒吧 店前",
      "model": "보살치킨",
      "teller": "菩萨鸡 经理",
      "title": "菩萨鸡",
      "content": "如你们所见，现在甚至有把鸡戴在头上的人……再这样下去本店将遭受极大的经济损失……"
    },
    {
      "id": 32,
      "model": "삼조",
      "teller": "三朝",
      "title": "K公司 粮食资源改良部门",
      "content": "以上。"
    },
    {
      "id": 33,
      "model": "이상",
      "content": "嗯……"
    },
    {
      "id": 34,
      "model": "삼조",
      "teller": "三朝",
      "title": "K公司 粮食资源改良部门",
      "content": "真是催人泪下的故事。请问各位是否愿意出手解决这次事件？"
    },
    {
      "id": 35,
      "model": "단테",
      "content": "<你刚刚被吓到了吗，李箱？>"
    },
    {
      "id": 36,
      "model": "이상",
      "content": "唔……"
    },
    {
      "id": 37,
      "model": "히스클리프",
      "content": "再怎么说我们也不可能接受一个炸鸡店的委托……"
    },
    {
      "id": 38,
      "model": "삼조",
      "teller": "三朝",
      "title": "K公司 粮食资源改良部门",
      "content": "终身免费券。"
    },
    {
      "id": 39,
      "model": "삼조",
      "teller": "三朝",
      "title": "K公司 粮食资源改良部门",
      "content": "如果能够解决店家的委托，我们会破例为各位提供终生免费享用这家店铺炸鸡的特权。"
    },
    {
      "id": 40,
      "model": "보살치킨",
      "teller": "菩萨鸡 经理",
      "title": "菩萨鸡 ",
      "content": "终身免费券？！本店并没有这种……"
    },
    {
      "id": 41,
      "model": "삼조",
      "teller": "三朝",
      "title": "K公司 粮食资源改良部门",
      "content": "试吃的炸鸡也已经为各位准备好了。"
    },
    {
      "id": 42,
      "model": "보살치킨",
      "teller": "菩萨鸡 经理",
      "title": "菩萨鸡",
      "content": "啊啊？！"
    },
    {
      "id": 43,
      "content": "也不知道是什么时候准备好的，三朝开始亲自分发炸鸡。"
    },
    {
      "id": 44,
      "model": "삼조",
      "teller": "三朝",
      "title": "K公司 粮食资源改良部门",
      "content": "来，请按顺序排队领取。我按鸡的品种为各位分好了类，请自由挑选。不同品种的鸡，优质的部位并不相同，香味也十分丰富。"
    },
    {
      "id": 45,
      "model": "돈키호테",
      "content": "呜呜呜姆……吾只能选择一种口味吗？明明每种都令人垂涎欲滴……"
    },
    {
      "id": 46,
      "model": "삼조",
      "teller": "三朝",
      "title": "K公司 粮食资源改良部门",
      "content": "其他口味就留着作为未来的期待如何？只要有了“终身免费券”，我相信各位就无需烦恼了。"
    },
    {
      "id": 47,
      "model": "돈키호테",
      "content": "哦哦……如此一来吾便没有异议了……"
    },
    {
      "id": 48,
      "content": "似乎大多数罪人都已经被他巧妙的话术及试吃的炸鸡所诱惑了。"
    },
    {
      "id": 49,
      "model": "삼조",
      "teller": "三朝",
      "title": "K公司 粮食资源改良部门",
      "content": "您意下如何？"
    },
    {
      "id": 50,
      "model": "히스클리프",
      "content": "……"
    },
    {
      "id": 51,
      "content": "希斯克利夫第一次被人说到哑口无言。"
    },
    {
      "id": 52,
      "model": "히스클리프",
      "content": "这个……委托也不赖……"
    },
    {
      "id": 53,
      "model": "이스마엘",
      "content": "话说……我们来的目的不是找什么金鸡腿，而是金枝吧？什么时候……"
    },
    {
      "id": 54,
      "model": "히스클리프",
      "content": "你没听他说吗？我们一辈子都能吃到这样酥酥脆脆的炸鸡诶！"
    },
    {
      "id": 55,
      "model": "로쟈",
      "content": "没有个数限制对吧？能吃一辈子对吧？也能打包带走对吧？"
    },
    {
      "id": 56,
      "model": "로쟈",
      "content": "哈啊，这会让我想起以前的事情啊。不管有没有人知道~火腿嘭嘭家刚出炉的炸鸡也是美味至极呢。"
    },
    {
      "id": 57,
      "model": "히스클리프",
      "content": "我知道。偶尔赚到钱的时候，我会和帮派的人一起去那里吃饭。"
    },
    {
      "id": 58,
      "model": "이스마엘",
      "content": "哈，浮士德小姐，请你说点什么吧。不是有什么公司的守则或者条例吗？"
    },
    {
      "id": 59,
      "content": "浮士德正独自思考着什么。"
    },
    {
      "id": 60,
      "model": "파우스트",
      "content": "这样吧，我们接受委托。"
    },
    {
      "id": 61,
      "model": "이스마엘",
      "content": "哈啊？！"
    },
    {
      "id": 62,
      "content": "我也是第一次见到如此惊讶的以实玛利。"
    },
    {
      "id": 63,
      "model": "이스마엘",
      "content": "不是，浮士德小姐……难道……你也有哪根筋搭错了？"
    },
    {
      "id": 64,
      "model": "그레고르",
      "content": "以实玛利，再怎么也不能这么说……"
    },
    {
      "id": 65,
      "model": "파우스트",
      "content": "谁知道呢。浮士德的大脑大概一直不太正常。"
    },
    {
      "id": 66,
      "model": "히스클리프",
      "content": "哈哈！大家好久没这么意气相投了，对吧？"
    },
    {
      "id": 67,
      "model": "단테",
      "content": "<浮士德……你认真的？你要为了吃炸鸡而接受委托吗？>"
    },
    {
      "id": 68,
      "model": "파우스트",
      "content": "准确来说……是为了解决“扭曲现象”，但丁。"
    },
    {
      "id": 69,
      "model": "단테",
      "content": "<扭曲现象？>"
    },
    {
      "id": 70,
      "model": "홍루",
      "content": "扭曲……那是什么？"
    },
    {
      "id": 71,
      "model": "파우스트",
      "content": "大多数人都并不知晓。虽然其在都市各处都有发生，但从未被公之于众。"
    },
    {
      "id": 72,
      "model": "홍루",
      "content": "啊啊……"
    },
    {
      "id": 73,
      "model": "뫼르소",
      "content": "我知道那一般是人变化成难以被称为“人类”的形态的现象。原因不明，形态变化也多种多样。"
    },
    {
      "id": 74,
      "model": "홍루",
      "content": "唔……仅靠说明实在是难以理解。它们就像异想体那样吗？"
    },
    {
      "id": 75,
      "model": "뫼르소",
      "content": "不，扭曲不会像异想体一样变成卵，而是会彻底死亡。"
    },
    {
      "id": 76,
      "model": "뫼르소",
      "content": "以前，我曾见过数次。"
    },
    {
      "id": 77,
      "model": "파우스트",
      "content": "我们公司内部有着专门咨询扭曲现象的，名为LCD的收尾人部门。\n虽然是小规模的部门，但也代表这现象值得关注。"
    },
    {
      "id": 78,
      "model": "단테",
      "content": "<也就是说，那个银凤家的店主就成了……那个……扭曲是吗？>"
    },
    {
      "id": 79,
      "model": "파우스트",
      "content": "是的。人若单纯发狂，是不会突然获得指挥生鸡群的能力的。"
    },
    {
      "id": 80,
      "model": "단테",
      "content": "<这样啊……>"
    },
    {
      "id": 81,
      "model": "이스마엘",
      "content": "果然是这样？呼……我还以为浮士德小姐有点发疯，以至于自己不得不振作起来带领大家了。"
    },
    {
      "id": 82,
      "model": "그레고르",
      "content": "这就是你为何之前一直紧紧握着硬头锤吗，以实玛利……？"
    },
    {
      "id": 83,
      "model": "돈키호테",
      "content": "正是如此！在出现伤亡之前应当由吾等上前！啊呜啊呜……"
    },
    {
      "id": 84,
      "model": "로쟈",
      "content": "欸？你嘴边沾了酱汁~小不点！"
    },
    {
      "id": 85,
      "content": "我看着罗佳帮堂吉诃德擦嘴的样子。"
    },
    {
      "id": 86,
      "model": "삼조",
      "teller": "三朝",
      "title": "K公司 粮食资源改良部门",
      "content": "那我权当各位已受理委托，本人将静候联络。"
    }
  ]
}