{
  "dataList": [
    {
      "id": 0,
      "place": "K公司 闹市区 小巷",
      "model": "파우스트",
      "content": "各位下车吧。这里就是和下一次任务的委托人见面的地点。"
    },
    {
      "id": 1,
      "model": "히스클리프",
      "content": "受不了了。我们最终还是要接跑腿的委托了吗？"
    },
    {
      "id": 2,
      "model": "그레고르",
      "content": "嗯？那边有什么好看的？有好多人在排队呢。"
    },
    {
      "id": 3,
      "model": "로쟈",
      "content": "啊~你难道闻不出这令人酥麻的味道吗？是炸鸡啊，格雷格！！还是用不便宜的油炸得酥酥脆脆的那种！"
    },
    {
      "id": 4,
      "model": "삼조",
      "teller": "？？？",
      "title": "？？？",
      "content": "你们居然不知道最近在K公司里大火的菩萨鸡啊，真是一点也不了解K公司。"
    },
    {
      "id": 5,
      "content": "一位看上去一丝不苟的男人在突然间，却又自然地挤进了罪人们之中。"
    },
    {
      "id": 6,
      "model": "홍루",
      "content": "哦吼……菩萨鸡？那是什么东西呢？"
    },
    {
      "id": 7,
      "model": "삼조",
      "teller": "？？？",
      "title": "？？？",
      "content": "让我来……回答吧。"
    },
    {
      "id": 8,
      "model": "삼조",
      "teller": "？？？",
      "title": "？？？",
      "content": "菩萨鸡，是一家以长着六爪八翼的鸡肉为招牌、不论味道还是份量都堪称菩萨在世的炸鸡店。"
    },
    {
      "id": 9,
      "model": "삼조",
      "teller": "？？？",
      "title": "？？？",
      "content": "而且，无论你的喜好如何，它这里都有。有肉质良好的肉感炸鸡、十分多汁的肥硕炸鸡、还有嚼劲十足的劲道炸鸡。那么，你们想要什么呢？"
    },
    {
      "id": 10,
      "model": "이상",
      "content": "……我似乎曾有耳闻。"
    },
    {
      "id": 11,
      "model": "로쟈",
      "content": "天哪~竟然是我们那对潮流比所有人都迟钝的李箱先生呢？"
    },
    {
      "id": 12,
      "model": "히스클리프",
      "content": "……话说回来，你小子是什么来头？"
    },
    {
      "id": 13,
      "model": "히스클리프",
      "content": "看你这幅漫不经心插入别人谈话的样子，肯定是完全不认得我们是谁吧。"
    },
    {
      "id": 14,
      "model": "이스마엘",
      "content": "……所以我们到底是谁呢？"
    },
    {
      "id": 15,
      "model": "삼조",
      "teller": "？？？",
      "title": "？？？",
      "content": "哎呀，那些在店门口徘徊的是什么东西？看上去似乎不太友好啊。"
    },
    {
      "id": 16,
      "content": "我顺着他的话转过身，视野中出现了一群举止怪异的人。"
    },
    {
      "id": 17,
      "model": "단테",
      "content": "<难、难道不是K公司的员工吗，那些人……？为什么要那么做？>"
    },
    {
      "id": 18,
      "model": "뫼르소",
      "content": "观察到脸部遮盖着不明面具者们。"
    },
    {
      "id": 19,
      "model": "싱클레어",
      "content": "也、也许是某种吉祥物呢？如果凑近点看的话，他们也不能完全说得上不可爱吧……"
    },
    {
      "id": 20,
      "model": "이스마엘",
      "content": "但客人们在看见那些吉祥物后可是惊叫着四处逃窜哦？"
    },
    {
      "id": 21,
      "model": "그레고르",
      "content": "虽然有些不对劲，但还是别管了。它们也没有特别要接近我们的样子，要是卷进不必要的骚乱中可就麻烦……"
    },
    {
      "id": 22,
      "model": "삼조",
      "teller": "？？？",
      "title": "？？？",
      "content": "没错。确实没有特别要接近我们的样子。"
    },
    {
      "id": 23,
      "model": "그레고르",
      "content": "所以你突然捡起路边的石头要干嘛？身份不明的老兄？"
    },
    {
      "id": 24,
      "model": "뒤틀린손님2",
      "teller": "鸡头K公司检查站工作人员",
      "title": "扭曲之物",
      "content": "！"
    },
    {
      "id": 25,
      "model": "단테",
      "content": "<你在干什么？！>"
    },
    {
      "id": 26,
      "content": "被石头砸中之后，它开始环顾四周……"
    },
    {
      "id": 27,
      "content": "很快它就开始以奇怪的蹒跚步伐向着我们走来。"
    },
    {
      "id": 28,
      "model": "뒤틀린손님2",
      "teller": "鸡头K公司检查站工作人员",
      "title": "扭曲之物",
      "content": "叽叽叽叽叽……叽叽叽叽……"
    },
    {
      "id": 29,
      "model": "삼조",
      "teller": "？？？",
      "title": "？？？",
      "content": "哎呀，失误了。该怎么办才好呢？"
    },
    {
      "id": 30,
      "model": "로쟈",
      "content": "真好意思啊你……你明明是直接瞄着脑袋砸的吧……"
    },
    {
      "id": 31,
      "model": "홍루",
      "content": "哇~你的姿势真是稳定啊。"
    },
    {
      "id": 32,
      "model": "삼조",
      "teller": "？？？",
      "title": "？？？",
      "content": "十分感谢。我以前确实梦想过成为都市中的棒球选手。"
    },
    {
      "id": 33,
      "model": "료슈",
      "content": "既然这样，那我就给你的头来一发全垒打。别动。"
    },
    {
      "id": 34,
      "model": "삼조",
      "teller": "？？？",
      "title": "？？？",
      "content": "它们靠近得可越来越快了。难道你不应该在给我的脑袋来一发全垒打前先解决掉它们吗？"
    },
    {
      "id": 35,
      "content": "当怒火中烧的良秀将手伸向刀鞘时，那些东西在不知不觉间已经逼近到我们的身前……"
    },
    {
      "id": 36,
      "model": "파우스트",
      "content": "是鸡头呢。"
    },
    {
      "id": 37,
      "model": "로쟈",
      "content": "嗯，是鸡呢。"
    },
    {
      "id": 38,
      "model": "이스마엘",
      "content": "还是生鸡呢。"
    },
    {
      "id": 39,
      "model": "그레고르",
      "content": "看起来就像是满怀恨意的鸡从地狱里爬出来了一样……"
    },
    {
      "id": 40,
      "model": "그레고르",
      "content": "那个……难道是之前辛克莱觉得剔骨麻烦所以剩了鸡翅的原因吗？想来想去也只能想到这个原因了……"
    },
    {
      "id": 41,
      "model": "싱클레어",
      "content": "就算你那样吓我也没有用了……更何况罗佳小姐最后也把那串鸡翅消灭干净了……"
    },
    {
      "id": 42,
      "model": "삼조",
      "teller": "？？？",
      "title": "？？？",
      "content": "嗯。既然如此，只能战斗了吧。"
    },
    {
      "id": 43,
      "model": "단테",
      "content": "<所以为什么这人如此自然地躲到我身后去了啊？>"
    },
    {
      "id": 44,
      "content": "我还没来得及抱怨，鸡脑袋们就已经袭击过来了。"
    }
  ]
}