{
  "dataList": [
    {
      "id": 0,
      "place": "银凤炸鸡酒吧 厨房",
      "content": "良秀与格里高尔之间翻腾着杀气。"
    },
    {
      "id": 1,
      "content": "不是……杀气难道也是做料理的一部分吗……？"
    },
    {
      "id": 2,
      "model": "료슈",
      "content": "你要拿出哪种食谱？反正也不就是类似于罐头料理的东西？"
    },
    {
      "id": 3,
      "model": "그레고르",
      "content": "可没有能赢过生存料理的食谱哦。"
    },
    {
      "id": 4,
      "model": "료슈",
      "content": "喂，黄毛！把鸡拿过来。"
    },
    {
      "id": 5,
      "model": "싱클레어",
      "content": "什么？好的……！"
    },
    {
      "id": 6,
      "model": "그레고르",
      "content": "李箱先生！不好意思，能请你帮我把这个罐头打开吗？"
    },
    {
      "id": 7,
      "model": "이상",
      "content": "如你所愿。"
    },
    {
      "id": 8,
      "content": "厨房里的烹调画面与声响简直有模有样。"
    },
    {
      "id": 9,
      "content": "我听到刀切在砧板上发出的声音，汤汁沸腾的声音……"
    },
    {
      "id": 10,
      "content": "……以及点烟的声音。"
    },
    {
      "id": 11,
      "model": "단테",
      "content": "<……欸？！！为什么会有点烟的声音？！>"
    },
    {
      "id": 12,
      "model": "그렉료슈",
      "teller": "格里高尔&良秀",
      "title": "厨师",
      "content": "……"
    },
    {
      "id": 13,
      "content": "两人一言不发。"
    },
    {
      "id": 14,
      "content": "以及，不出意外，只有格里高尔这边传来了掐灭烟头的声音。"
    }
  ]
}