{
  "dataList": [
    {
      "id": 0,
      "place": "银凤炸鸡酒吧 厨房",
      "content": "我长久凝视着格里高尔端出的料理。"
    },
    {
      "id": 1,
      "model": "단테",
      "content": "<格里高尔，这是，呃，什么东西？>"
    },
    {
      "id": 2,
      "model": "그레고르요리사",
      "content": "或许我应该说是……战时求生口粮之类的？"
    },
    {
      "id": 3,
      "model": "단테",
      "content": "<他们在军队……真的吃这种东西吗？>"
    },
    {
      "id": 4,
      "model": "그레고르요리사",
      "content": "经理兄，你之前不是说你失忆了吗？你什么时候对食物的鉴赏变得如此细腻的？"
    },
    {
      "id": 5,
      "content": "格里高尔一改往日的镇定，用稍显尖刻的语气掩饰着他的紧张。"
    },
    {
      "id": 6,
      "content": "我又看向良秀端出的料理。"
    },
    {
      "id": 7,
      "content": "有一种在鉴赏前沿艺术品的错觉。"
    },
    {
      "id": 8,
      "content": "我无法理解它的含义。"
    },
    {
      "id": 9,
      "model": "단테",
      "content": "<……>"
    },
    {
      "id": 10,
      "model": "단테",
      "content": "<良秀，你没有把我们的目标和暗杀扭曲的店长搞混吧？>"
    },
    {
      "id": 11,
      "model": "료슈요리사",
      "content": "闭·钟。"
    },
    {
      "id": 12,
      "model": "싱클레어",
      "content": "她的意思好像是闭嘴，时钟……"
    },
    {
      "id": 13,
      "content": "希斯克利夫和默尔索一起抓住了银凤炸鸡酒吧的店长，并把他按在了椅子上……"
    },
    {
      "id": 14,
      "content": "我们先把良秀的料理喂给他。"
    },
    {
      "id": 15,
      "model": "뒤틀린주인",
      "teller": "银凤炸鸡酒吧 店长",
      "title": "银凤炸鸡酒吧",
      "content": "咯……呃……呵……"
    },
    {
      "id": 16,
      "model": "파우스트",
      "content": "扭曲语言的解读是一件非常困难的事。如果要研究重复模式和音调的话，我少说要花上七十个小时破译才行。"
    },
    {
      "id": 17,
      "model": "싱클레어",
      "content": "什么？这段时间我们不可能是一直在做炸鸡吧！"
    },
    {
      "id": 18,
      "model": "단테",
      "content": "<等等……！>"
    },
    {
      "id": 19,
      "model": "단테",
      "content": "<我好像可以在脑海中直接听到店长的声音。>"
    },
    {
      "id": 20,
      "model": "파우스트",
      "content": "嗯，非常有趣。可能是我们所收集到的金枝与但丁经理的头部产生共鸣所带来的影响。"
    },
    {
      "id": 21,
      "content": "呃……我想我刚刚被告知了什么不得了的事情，但店长的尖叫使我无法集中注意力……"
    },
    {
      "id": 22,
      "model": "뒤틀린주인",
      "teller": "银凤炸鸡酒吧 店长",
      "title": "银凤炸鸡酒吧",
      "content": "唔……喔……啊……"
    },
    {
      "id": 23,
      "model": "료슈요리사",
      "content": "他在说什么？"
    },
    {
      "id": 24,
      "model": "단테",
      "content": "<“好像在我的嘴里开了场葬礼……”>"
    },
    {
      "id": 25,
      "model": "뒤틀린주인",
      "teller": "银凤炸鸡酒吧 店长",
      "title": "银凤炸鸡酒吧",
      "content": "嘎……喔……喔……"
    },
    {
      "id": 26,
      "model": "단테",
      "content": "<他还问……“这道菜的主题是不是鸡群末日”。>"
    },
    {
      "id": 27,
      "model": "료슈요리사",
      "content": "好……今天我一定要把你的钟表脑袋扯下来。"
    },
    {
      "id": 28,
      "model": "단테",
      "content": "<我只是个传话的啊！>"
    },
    {
      "id": 29,
      "model": "료슈요리사",
      "content": "那你俩就一起去见阎王吧。"
    },
    {
      "id": 30,
      "model": "그레고르요리사",
      "content": "太自负了吧？良秀。有自信是一件好事，但它不能与老练的经验相提并论。"
    },
    {
      "id": 31,
      "model": "그레고르요리사",
      "content": "那么，轮到我了。来，把嘴张大。"
    },
    {
      "id": 32,
      "model": "뒤틀린주인",
      "teller": "银凤炸鸡酒吧 店长",
      "title": "银凤炸鸡酒吧",
      "content": "咯……喔……唔……"
    },
    {
      "id": 33,
      "model": "단테",
      "content": "<……>"
    },
    {
      "id": 34,
      "model": "그레고르요리사",
      "content": "啊，这次终于要敞开心扉了吗？"
    },
    {
      "id": 35,
      "model": "단테",
      "content": "<他说……“这难道是从店门口的厨余垃圾堆里捡来的吗”>"
    },
    {
      "id": 36,
      "model": "그레고르요리사",
      "content": "……"
    },
    {
      "id": 37,
      "model": "단테",
      "content": "<看起来你们双方都失败了……>"
    },
    {
      "id": 38,
      "content": "店长和扭曲的生鸡们嘶吼着向我们靠近。"
    },
    {
      "id": 39,
      "content": "仿佛在宣泄那尚未表达完的愤怒……"
    }
  ]
}