{
  "dataList": [
    {
      "id": 0,
      "place": "银凤炸鸡酒吧 厨房",
      "model": "단테",
      "content": "<伙计们，你们知道我们只剩两次机会了，对吗？>"
    },
    {
      "id": 1,
      "model": "단테",
      "content": "<我们为什么不先从默尔索的料理开始？他是严格按照菜谱去做的。>"
    },
    {
      "id": 2,
      "content": "制作的每一步都十分精确，默尔索的餐点看上去就和菜谱里面的一模一样。"
    },
    {
      "id": 3,
      "model": "단테",
      "content": "<好吧，我们有看着像点样子的料理了，至少，这是个开始。>"
    },
    {
      "id": 4,
      "model": "뒤틀린주인카운트2",
      "teller": "银凤炸鸡酒吧 店长",
      "title": "银凤炸鸡酒吧",
      "content": "……"
    },
    {
      "id": 5,
      "content": "在尝了一口默尔索的料理后，餐厅老板细细的品味着，思考了一阵子。"
    },
    {
      "id": 6,
      "model": "뒤틀린주인카운트2",
      "teller": "银凤炸鸡酒吧 店长",
      "title": "银凤炸鸡酒吧",
      "content": "……"
    },
    {
      "id": 7,
      "model": "뒤틀린주인카운트2",
      "teller": "银凤炸鸡酒吧 店长",
      "title": "银凤炸鸡酒吧",
      "content": "嘎嘎嘎……唧唧唧……咕咕咕……"
    },
    {
      "id": 8,
      "model": "단테",
      "content": "<“这道餐点，我仔细想了很久。不论是从味道、香气或者是呈现方式来说，它都表现得很完美。但是，我总感觉缺点什么我说不上来的东西。”>"
    },
    {
      "id": 9,
      "model": "뒤틀린주인카운트2",
      "teller": "银凤炸鸡酒吧 店长",
      "title": "银凤炸鸡酒吧",
      "content": "咯咯咯……咕咕咕……"
    },
    {
      "id": 10,
      "model": "단테",
      "content": "<“而这……这正是一个专业厨师水准的体现。可惜的是完美中仍带有一点小瑕疵。”>"
    },
    {
      "id": 11,
      "model": "뒤틀린주인카운트3",
      "teller": "银凤炸鸡酒吧 店长",
      "title": "银凤炸鸡酒吧",
      "content": "……"
    },
    {
      "id": 12,
      "model": "단테",
      "content": "<“这也是为什么这道料理并不能通过，真不幸。”>"
    },
    {
      "id": 13,
      "model": "이스마엘",
      "content": "他突然听起来像个高级评论家一样……"
    },
    {
      "id": 14,
      "model": "히스클리프",
      "content": "来个人把那头套从那混蛋的头上扯下来。也许就是他那拐弯抹角的态度让他变成扭曲的。"
    },
    {
      "id": 15,
      "model": "뫼르소요리사",
      "content": "……我认输。"
    },
    {
      "id": 16,
      "model": "뫼르소요리사",
      "content": "尽管如此，我对这次对决也毫不后悔。"
    },
    {
      "id": 17,
      "model": "단테",
      "content": "<至少那些小鸡这次没攻击我们。>"
    },
    {
      "id": 18,
      "content": "就在还剩下一次机会时，奥提斯把她的餐点放在了桌子上。"
    },
    {
      "id": 19,
      "model": "단테",
      "content": "<看起来很干净。没什么特别的，但是依旧很不错，也很清爽。>"
    },
    {
      "id": 20,
      "model": "단테",
      "content": "<这菜上的几根针是怎么回事，奥提斯？看上去像是时钟的指针？>"
    },
    {
      "id": 21,
      "model": "오티스요리사",
      "content": "这样装饰是为了致敬您，经理。"
    },
    {
      "id": 22,
      "model": "단테",
      "content": "<哦哦……！如果可以的话，我真想再额外多给你几分。>"
    },
    {
      "id": 23,
      "model": "이스마엘",
      "content": "呃啊……"
    },
    {
      "id": 24,
      "model": "뒤틀린주인",
      "teller": "银凤炸鸡酒吧 店长",
      "title": "银凤炸鸡酒吧",
      "content": "……"
    },
    {
      "id": 25,
      "model": "뒤틀린주인",
      "teller": "银凤炸鸡酒吧 店长",
      "title": "银凤炸鸡酒吧",
      "content": "！！！"
    },
    {
      "id": 26,
      "content": "由于店长之后的话太过于抽象，所以我决定直接用描述当时的场景来代替说明。"
    },
    {
      "id": 27,
      "teller": "店长妈妈",
      "title": "银凤炸鸡酒吧",
      "content": "你真是一团糟！你要干什么，你要把那个怪异的头套戴上？"
    },
    {
      "id": 28,
      "teller": "店长妈妈",
      "title": "银凤炸鸡酒吧",
      "content": "在你妈妈那个时代~我们应对着各种荒唐的事情，但无论如何我们都活下来了！但如果你因为那么一件小事就伤心欲绝，你要如何在这无情的世界里生存下去？别这样……"
    },
    {
      "id": 29,
      "content": "我的妈妈……总是这样。"
    },
    {
      "id": 30,
      "content": "她总是对我吹毛求疵，而不是用温柔、慈爱的话语来关心我。"
    },
    {
      "id": 31,
      "content": "就算是大家吃的一块普通的鸡肉，也要絮絮叨叨地到处挑剔……"
    },
    {
      "id": 32,
      "content": "经营着这家餐厅，我遗忘掉了什么重要的东西。"
    },
    {
      "id": 33,
      "content": "我……"
    },
    {
      "id": 34,
      "model": "뒤틀린주인",
      "teller": "银凤炸鸡酒吧 店长",
      "title": "银凤炸鸡酒吧",
      "content": "哦！妈妈……"
    },
    {
      "id": 35,
      "model": "단테",
      "content": "<我们的机会来了！它身上的扭曲或者别的什么东西正在苏醒！>"
    },
    {
      "id": 36,
      "model": "싱클레어",
      "content": "看！有一扇门在它旁边出现了！"
    },
    {
      "id": 37,
      "model": "싱클레어",
      "content": "我们要进去吗？"
    },
    {
      "id": 38,
      "model": "로쟈",
      "content": "话说，为什么就奥提斯的餐点和其他人的不一样？"
    },
    {
      "id": 39,
      "model": "오티스요리사",
      "content": "我们的确要进去，战士们。让我们来结束这一切。"
    }
  ]
}