{
  "dataList": [
    {
      "id": 0,
      "place": "过去的银凤炸鸡酒吧",
      "model": "단테",
      "content": "<我看到了从未见过的景象！>"
    },
    {
      "id": 1,
      "model": "단테",
      "content": "<这些肯定是店长的回忆。>"
    },
    {
      "id": 2,
      "model": "파우스트",
      "content": "这可能是他受到冲击后而失去的部分记忆。"
    },
    {
      "id": 3,
      "model": "보살치킨",
      "teller": "菩萨鸡经理",
      "title": "菩萨鸡",
      "content": "呼……终于找到了。我原以为他会把他的绝密食谱藏得很好，没想到他居然拿这东西当吃拉面的锅垫用……！"
    },
    {
      "id": 4,
      "model": "은봉치킨",
      "teller": "银凤炸鸡酒吧 店长",
      "title": "银凤炸鸡酒吧",
      "content": "这、这不是我餐厅的食谱吗？你怎么拿到它的？"
    },
    {
      "id": 5,
      "model": "보살치킨",
      "teller": "菩萨鸡经理",
      "title": "菩萨鸡",
      "content": "我派了个间谍。你真以为会有那种拿着最低薪资，还愿意提早一个小时来餐厅帮忙做准备工作的兼职工吗？"
    },
    {
      "id": 6,
      "model": "은봉치킨",
      "teller": "银凤炸鸡酒吧 店长",
      "title": "银凤炸鸡酒吧",
      "content": "但，为什么，为什么你要这么做……！"
    },
    {
      "id": 7,
      "model": "보살치킨",
      "teller": "菩萨鸡经理",
      "title": "菩萨鸡",
      "content": "我别无选择！如果我没法达到本部要求的销售配额，我的餐厅就要倒闭了！"
    },
    {
      "id": 8,
      "model": "은봉치킨",
      "teller": "银凤炸鸡酒吧 店长",
      "title": "银凤炸鸡酒吧",
      "content": "食谱……食谱还在我的脑海里！两勺糖！一勺半酱油，还有蒜末……"
    },
    {
      "id": 9,
      "model": "보살치킨",
      "teller": "菩萨鸡经理",
      "title": "菩萨鸡",
      "content": "没用的，我要把这东西扔进概念焚化炉里。所有关于这份食谱的踪迹都将消失的无影无踪，包括你脑海中的记忆。"
    },
    {
      "id": 10,
      "model": "은봉치킨",
      "teller": "银凤炸鸡酒吧 店长",
      "title": "银凤炸鸡酒吧",
      "content": "不——！！"
    },
    {
      "id": 11,
      "model": "은봉치킨",
      "teller": "银凤炸鸡酒吧 店长",
      "title": "银凤炸鸡酒吧",
      "content": "两勺糖！一勺半酱油……"
    },
    {
      "id": 12,
      "model": "보살치킨",
      "teller": "菩萨鸡经理",
      "title": "菩萨鸡",
      "content": "我早就说过……当我第一次警告你的时候，你就该把餐厅给关了！"
    },
    {
      "id": 13,
      "model": "은봉치킨",
      "teller": "银凤炸鸡酒吧 店长",
      "title": "银凤炸鸡酒吧",
      "content": "糖……糖……不，是糖吗？我什么都记不得了……"
    },
    {
      "id": 14,
      "place": "银凤炸鸡酒吧",
      "model": "료슈",
      "content": "我从一开始就对那家伙没什么好感。从看到墙上被贴了禁·入·建·报的时候我就知道他不是什么好东西。"
    },
    {
      "id": 15,
      "model": "이스마엘",
      "content": "如果食谱已经被扔进了概念焚化炉里……那也就说明那份食谱已经不复存在了。"
    },
    {
      "id": 16,
      "model": "그레고르",
      "content": "什么是概念焚化炉啊……"
    },
    {
      "id": 17,
      "model": "그레고르",
      "content": "……算了……以实玛利的表情告诉我，我不会想知道那是什么的。"
    },
    {
      "id": 18,
      "model": "이스마엘",
      "content": "那是什么？"
    },
    {
      "id": 19,
      "model": "이상",
      "content": "概念焚化炉就是……"
    },
    {
      "id": 20,
      "model": "이상",
      "content": "一种永久删除某项技术的可靠手段。"
    },
    {
      "id": 21,
      "model": "이상",
      "content": "例如……它有能力使浮士德女士变得就像是从来都没有创造出梅菲斯托费勒斯一样。"
    },
    {
      "id": 22,
      "model": "홍루",
      "content": "难道它能回溯时间吗？"
    },
    {
      "id": 23,
      "model": "이상",
      "content": "不算是。它只是……消失了，就好像大脑中从来都没有过相关的构想似的。"
    },
    {
      "id": 24,
      "model": "이상",
      "content": "所有关于这项技术的文件、照片、以及最微小的组成部分，甚至连浮士德女士对它的记忆都将被模糊并抹去。"
    },
    {
      "id": 25,
      "model": "파우스트",
      "content": "焚化的效度和范围，取决于产品的价值。"
    },
    {
      "id": 26,
      "model": "뒤틀린주인",
      "teller": "银凤炸鸡酒吧 店长",
      "title": "银凤炸鸡酒吧",
      "content": "就是这样……！我不记得这个调味汁是用胡椒还是酱油做的了……我该放多少糖或者多少盐……我脑海里什么都不剩了！我的顾客也都把它的味道给忘完了！"
    },
    {
      "id": 27,
      "model": "뒤틀린주인",
      "teller": "银凤炸鸡酒吧 店长",
      "title": "银凤炸鸡酒吧",
      "content": "这方面的尝试都毫无意义……！一切都完了……"
    },
    {
      "id": 28,
      "model": "오티스",
      "content": "哼，你真是软弱啊。银凤？你应该把那个俗气名字给去了，给你的餐厅起个更好的名称。"
    },
    {
      "id": 29,
      "model": "뒤틀린주인",
      "teller": "银凤炸鸡酒吧 店长",
      "title": "银凤炸鸡酒吧",
      "content": "银凤是我妈妈的名字……"
    },
    {
      "id": 30,
      "model": "싱클레어",
      "content": "哦……"
    },
    {
      "id": 31,
      "model": "료슈",
      "content": "话·太·过。"
    },
    {
      "id": 32,
      "model": "오티스",
      "content": "……俗气一点也蕴含着亲切的温暖。"
    },
    {
      "id": 33,
      "model": "오티스",
      "content": "但问题仍然在于你的意志太过薄弱！"
    },
    {
      "id": 34,
      "model": "단테",
      "content": "<不过……你为什么这么渴望开始战斗……>"
    },
    {
      "id": 35,
      "model": "오티스",
      "content": "来吧！让我来纠正你那无能的态度！"
    }
  ]
}