{
  "dataList": [
    {
      "id": 0,
      "content": "自处理完K公司的事务后已有约莫半个月了。"
    },
    {
      "id": 1,
      "content": "我们如今才重新认识到，开车穿越巢所带来的这种糟糕沉闷感。"
    },
    {
      "id": 2,
      "place": "梅菲斯托费勒斯 内部",
      "model": "단테2",
      "content": "<我敢肯定……三十分钟前也是这个景色……>"
    },
    {
      "id": 3,
      "model": "파우스트",
      "content": "巢和后巷的道路相比而言，构造截然不同。"
    },
    {
      "id": 4,
      "model": "파우스트",
      "content": "在后巷中只要知晓道路，那我们总能找到一条能疾驰于其中角落的捷径……"
    },
    {
      "id": 5,
      "model": "파우스트",
      "content": "但在巢里面行驶，通常意味着我们不得不去面对严重的交通堵塞。"
    },
    {
      "id": 6,
      "model": "로쟈",
      "content": "我猜这就是为什么那些有点闲钱的人，会把钱花在像是W公司的WARP列车这类地方~"
    },
    {
      "id": 7,
      "model": "돈키호테",
      "content": "WARP列车的话……"
    },
    {
      "id": 8,
      "content": "大家或许是回想起在镜像世界里看到的WARP列车，巴士中一时间安静了下来。"
    },
    {
      "id": 9,
      "model": "싱클레어",
      "content": "我、我果然……还是觉得坐巴士更好吧……"
    },
    {
      "id": 10,
      "model": "뫼르소",
      "content": "附议。"
    },
    {
      "id": 11,
      "model": "로쟈",
      "content": "我们干脆像希斯那样打个盹吧。我要是一直盯着窗外看会无聊死的。"
    },
    {
      "id": 12,
      "content": "于是我们日复一日在巴士上过着无聊的时光，缓慢地前进着……"
    },
    {
      "id": 13,
      "content": "驶向一条似乎通往某处的隧道。"
    },
    {
      "id": 14,
      "model": "파우스트",
      "content": "我们就快到了。只要出了这条隧道，道路就会畅通起来。"
    },
    {
      "id": 15,
      "content": "正如浮士德所说的那样，通过隧道后，车流量明显减少，我们也因此能快点前进了。"
    },
    {
      "id": 16,
      "model": "단테2",
      "content": "<太好了。虽然还看不清外面，但我很高兴我们马上就要到了……>"
    },
    {
      "id": 17,
      "model": "단테2",
      "content": "<话说，我们的目的地是……>"
    },
    {
      "id": 18,
      "content": "没错，这次我们依旧不知道目的地，只是跟着向导的单方面指引前往某处。"
    },
    {
      "id": 19,
      "model": "단테2",
      "content": "<现在……要是他能告诉我们目的地在哪就好了。>"
    },
    {
      "id": 20,
      "model": "파우스트",
      "content": "但丁经理正在询问我们的目的地。"
    },
    {
      "id": 21,
      "content": "……准确来说，是“他能不能提前告诉我们目的地后再出发”，但我考虑后还是决定不要多嘴。"
    },
    {
      "id": 22,
      "model": "베르길리우스",
      "content": "这次的目的地是……"
    },
    {
      "id": 23,
      "model": "베르길리우스",
      "content": "啊。我们这次的最终目的地，是位于U公司的脑叶公司支部。"
    },
    {
      "id": 24,
      "model": "이스마엘",
      "content": "……！"
    },
    {
      "id": 25,
      "model": "로쟈",
      "content": "嗯……怎么了，以实？你醒了吗？吓我一跳哦。"
    },
    {
      "id": 26,
      "model": "이스마엘",
      "content": "啊……抱歉。"
    },
    {
      "id": 27,
      "content": "我虽然很在意以实玛利突然慌乱起来的样子……但还是决定先接着说下去。"
    },
    {
      "id": 28,
      "model": "단테2",
      "content": "<等一下，你说最终目的地的意思是……>"
    },
    {
      "id": 29,
      "model": "베르길리우스",
      "content": "我们现在前往的只是一个临时停靠点。"
    },
    {
      "id": 30,
      "content": "维吉里乌斯话音刚落，巴士就开出了长长的隧道……"
    },
    {
      "id": 31,
      "model": "돈키호테",
      "content": "哇哦哦哦！"
    },
    {
      "id": 32,
      "model": "싱클레어",
      "content": "那是……！"
    },
    {
      "id": 33,
      "content": "我看向突然变得明亮的窗外……"
    },
    {
      "id": 34,
      "content": "映入眼帘的，是我前所未见的美丽沙滩与蔚蓝海洋。"
    },
    {
      "id": 35,
      "model": "돈키호테",
      "content": "那是！难、难道是大湖吗？！"
    },
    {
      "id": 36,
      "content": "在堂吉诃德兴奋的叫喊声下，在座椅上小睡的罪人们一个接一个地醒来。"
    },
    {
      "id": 37,
      "model": "그레고르",
      "content": "哈……我多久没见过这样的景色了？"
    },
    {
      "id": 38,
      "model": "로쟈",
      "content": "哎呀，亲爱的格雷格，难不成你还来过这里？我就只是听说过，从没来过……"
    },
    {
      "id": 39,
      "content": "罪人们各自开始兴奋地谈论着海洋。"
    },
    {
      "id": 40,
      "model": "이스마엘",
      "content": "不对……等下……这就轮到我了吗……？"
    },
    {
      "id": 41,
      "content": "除了某人以外，都是如此。"
    },
    {
      "id": 42,
      "model": "이스마엘",
      "content": "我……不，我们还没准备好……"
    },
    {
      "id": 43,
      "model": "단테2",
      "content": "<以实玛利……你还好吗？>"
    },
    {
      "id": 44,
      "model": "이스마엘",
      "content": "啊、不。呃……给我一点时间……我有点事情要想想……"
    },
    {
      "id": 45,
      "content": "虽然以实玛利突如其来的沮丧让我有些担心，但我相信她会没事的。毕竟，她总是那么可靠。"
    },
    {
      "id": 46,
      "content": "相比之下，我更在意当下那些罪人们沸腾起来的热情。"
    },
    {
      "id": 47,
      "model": "돈키호테",
      "content": "所、所以，我们现在是要去大湖吗？！"
    },
    {
      "id": 48,
      "model": "싱클레어",
      "content": "我只听说过大湖，但却从未亲眼见过……原来这就是它的样子，哈……"
    },
    {
      "id": 49,
      "model": "돈키호테",
      "content": "哦哦……看来终于到了吾等苦难旅途中的玩水时刻！"
    },
    {
      "id": 50,
      "model": "홍루",
      "content": "啊哈~我觉得在这儿享受美好的假期，会是一次很有趣的体验！"
    },
    {
      "id": 51,
      "model": "이상",
      "content": "我认为所谓休憩，便是在温热的沙滩上横躺着仰望天空。"
    },
    {
      "id": 52,
      "model": "로쟈",
      "content": "我想我可以找张宽敞的长椅晒晒日光浴~"
    },
    {
      "id": 53,
      "model": "돈키호테",
      "content": "吾~想尝试一下沙滩排球！和大家一起！"
    },
    {
      "id": 54,
      "model": "히스클리프",
      "content": "哈，肯定很有趣。"
    },
    {
      "id": 55,
      "content": "就这样，罪人们热切地讨论着各自想做的事。"
    },
    {
      "id": 56,
      "content": "看到他们兴奋的样子虽然是件好事，但……"
    },
    {
      "id": 57,
      "model": "그레고르",
      "content": "嘿，向导老兄。我们真能在这休息吗……？"
    },
    {
      "id": 58,
      "content": "……大家似乎都忘记了这么一个事实，维吉里乌斯从未提到过会在这休息。"
    },
    {
      "id": 59,
      "model": "베르길리우스",
      "content": "你觉得呢。"
    },
    {
      "id": 60,
      "model": "베르길리우스",
      "content": "卡戎。"
    },
    {
      "id": 61,
      "model": "카론",
      "content": "准备将轮子搭入沟渠。叽——"
    },
    {
      "id": 62,
      "content": "原本在路上行驶的巴士猛然转向，每个人像往常一样在巴士里被甩得四处打滚。"
    },
    {
      "id": 63,
      "model": "돈키호테",
      "content": "咳咳咳……什么情况？敌袭？！"
    },
    {
      "id": 64,
      "model": "베르길리우스",
      "content": "不，我们不过是到了中转站。"
    },
    {
      "id": 65,
      "content": "罪人们一个接一个地站起身来，痛苦地呻吟着……"
    },
    {
      "id": 66,
      "model": "로쟈",
      "content": "怎、怎么回……"
    },
    {
      "id": 67,
      "place": "？？？",
      "model": "돈키호테",
      "content": "这都是什么啊啊啊？！！！！"
    },
    {
      "id": 68,
      "content": "在窗外阴湿泥泞的空间中，回荡着罪人们沉闷悲凉的哀嚎。"
    }
  ]
}