{
  "dataList": [
    {
      "id": 0,
      "place": "？？？",
      "model": "돈키호테",
      "content": "不可能吧……吾等如何在这种地方享受假期啊？"
    },
    {
      "id": 1,
      "model": "그레고르",
      "content": "你很惊讶吧，堂吉诃德……但维吉里乌斯那混蛋可没说过我们要来度假。"
    },
    {
      "id": 2,
      "model": "료슈",
      "content": "不……还挺有意蕴的。我·满。"
    },
    {
      "id": 3,
      "model": "로쟈",
      "content": "啊~所以为什么之前要带我们看那个美丽的沙滩呢~"
    },
    {
      "id": 4,
      "model": "싱클레어",
      "content": "真的……我都希望从来没有见过那个沙滩，这样就不会这么失望了……"
    },
    {
      "id": 5,
      "model": "돈키호테",
      "content": "不对！刚才看到的沙滩不就在那边吗！"
    },
    {
      "id": 6,
      "model": "돈키호테",
      "content": "为何吾等不朝那边去？那边看起来空气清新，而且晴空万里啊！！"
    },
    {
      "id": 7,
      "model": "파우스트",
      "content": "因为此次的目的地并非那里。"
    },
    {
      "id": 8,
      "model": "돈키호테",
      "content": "怎会如此……"
    },
    {
      "id": 9,
      "model": "돈키호테",
      "content": "　"
    },
    {
      "id": 10,
      "content": "罪人们的脸上弥漫着深深的失望。"
    },
    {
      "id": 11,
      "content": "当然，我也不是没有期待过可以小小休息一下……"
    },
    {
      "id": 12,
      "model": "단테2",
      "content": "<但我总觉得事情会变成这样……>"
    },
    {
      "id": 13,
      "model": "단테2",
      "content": "<所、所以说这里到底是哪里？>"
    },
    {
      "id": 14,
      "content": "此时为了让大家打起兴致，应该尽早制定下一个目标。"
    },
    {
      "id": 15,
      "model": "파우스트",
      "content": "这里是……"
    },
    {
      "id": 16,
      "place": "21区 后巷某处",
      "model": "이스마엘",
      "content": "21区。U公司的……后巷。哈……妈的，我们还没准备好呢。"
    },
    {
      "id": 17,
      "model": "파우스트",
      "content": "……没错。"
    },
    {
      "id": 18,
      "model": "단테2",
      "content": "<所以这就是我们从隧道里出来就没有堵车的原因吗？是因为我们不在巢里了吗？>"
    },
    {
      "id": 19,
      "model": "파우스트",
      "content": "这取决于各个巢以及其后巷的情况，所以很难进行一般化概括。"
    },
    {
      "id": 20,
      "model": "파우스트",
      "content": "但是，这次的情况确实如此。"
    },
    {
      "id": 21,
      "model": "홍루",
      "content": "那旁边的是私人沙滩吗？水……和这边的颜色完全不一样呢。"
    },
    {
      "id": 22,
      "model": "오티스",
      "content": "确实。界限如同被剑斩开一样分明。有这种特征的地方明显是……"
    },
    {
      "id": 23,
      "model": "파우스트",
      "content": "确实，这是……"
    },
    {
      "id": 24,
      "model": "이스마엘",
      "content": "……大湖。这里一直都是这样。你可以说那边是适合度假的平静区域……一般是巢的领域。"
    },
    {
      "id": 25,
      "model": "파우스트",
      "content": "我解释的机会被夺走好几次了。"
    },
    {
      "id": 26,
      "model": "단테2",
      "content": "<如此宽敞的地方竟然是后巷？>"
    },
    {
      "id": 27,
      "model": "파우스트",
      "content": "后巷并不是单指建筑物之间形成的小巷。而是不包含在巢内的所有地区。"
    },
    {
      "id": 28,
      "model": "단테2",
      "content": "<这样啊……>"
    },
    {
      "id": 29,
      "model": "히스클리프",
      "content": "来，看这些恶臭的垃圾，这里这么混乱，不是后巷才会让我大吃一惊呢。"
    },
    {
      "id": 30,
      "model": "돈키호테",
      "content": "哇！请看这边，这些好像能用……"
    },
    {
      "id": 31,
      "model": "돈키호테",
      "content": "……"
    },
    {
      "id": 32,
      "model": "히스클리프",
      "content": "怎么了？你把话说完啊！"
    },
    {
      "id": 33,
      "model": "돈키호테",
      "content": "……还会动。"
    },
    {
      "id": 34,
      "model": "히스클리프",
      "content": "啥？"
    },
    {
      "id": 35,
      "model": "돈키호테",
      "content": "这个收音机……它动了！难道21区的收音机是会长脚走路的吗？"
    },
    {
      "id": 36,
      "model": "히스클리프",
      "content": "啊……真的假的？呜啊？！"
    },
    {
      "id": 37,
      "content": "随着希斯克利夫的惊叫声，大家的目光一起移向那一大堆垃圾。"
    },
    {
      "id": 38,
      "content": "突然……怪物出现了。"
    }
  ]
}