{
  "dataList": [
    {
      "id": 0,
      "place": "21区 后巷某处",
      "model": "히스클리프",
      "content": "哈啊……所以这些跟虫子似的蟹壳子到底是什么东西？！"
    },
    {
      "id": 1,
      "model": "그레고르",
      "content": "嘿……别看着我问啊。我又不可能知道。"
    },
    {
      "id": 2,
      "model": "히스클리프",
      "content": "我没看你！大叔，你别是被害妄想了吧？每次听到虫子的事情就这样……"
    },
    {
      "id": 3,
      "model": "그레고르",
      "content": "哼……"
    },
    {
      "id": 4,
      "model": "이스마엘",
      "content": "……是废料蟹。"
    },
    {
      "id": 5,
      "model": "단테2",
      "content": "<什么？>"
    },
    {
      "id": 6,
      "content": "以实玛利突然插话道。"
    },
    {
      "id": 7,
      "model": "이스마엘",
      "content": "是废料蟹。它们在壳上装上垃圾或废料之类的东西，然后将其当做住所和武器。"
    },
    {
      "id": 8,
      "model": "이스마엘",
      "content": "它们非常烦人……不仅会突然飞扑攻击水边工作的人，袭击周遭行人的情况也很常见，数量更是与日俱增……"
    },
    {
      "id": 9,
      "model": "이스마엘",
      "content": "但是，这种小东西在大湖附近到处都是……而更重要也更危险的是……"
    },
    {
      "id": 10,
      "model": "단테2",
      "content": "<以、以实玛利？>"
    },
    {
      "id": 11,
      "content": "我觉得不能就此放任不管，本想着确认以实玛利的状态……"
    },
    {
      "id": 12,
      "model": "미카",
      "teller": "？？？",
      "title": "？？？",
      "content": "嘿~你们已经在捕猎了吗？"
    },
    {
      "id": 13,
      "content": "两个穿着维修工作服的人们从远处向这里靠近。"
    },
    {
      "id": 14,
      "model": "무기레인",
      "teller": "？？？",
      "title": "？？？",
      "content": "美香，美香！他们是重要的顾客，稍微礼貌一点……"
    },
    {
      "id": 15,
      "model": "미카",
      "teller": "美香",
      "title": "？？？",
      "content": "啊……是吗。"
    },
    {
      "id": 16,
      "model": "료슈",
      "content": "东·说。"
    },
    {
      "id": 17,
      "model": "싱클레어",
      "content": "她应该是“那些东西在说什么”的意思……"
    },
    {
      "id": 18,
      "model": "미카",
      "teller": "美香",
      "title": "？？？",
      "content": "雷恩。那些人把我们叫做东西诶……我必须要讲礼貌吗？"
    },
    {
      "id": 19,
      "model": "무기레인",
      "teller": "雷恩",
      "title": "？？？",
      "content": "嘘、嘘……"
    },
    {
      "id": 20,
      "model": "오티스",
      "content": "也许是敌人。喂！亮明你们的身份！"
    },
    {
      "id": 21,
      "model": "무기레인",
      "teller": "雷恩",
      "title": "？？？",
      "content": "您没有听别人提起过我们吗……？"
    },
    {
      "id": 22,
      "model": "오티스",
      "content": "是的，完全没有。你们简直和伪造身份的间谍一样。"
    },
    {
      "id": 23,
      "model": "미카",
      "teller": "美香",
      "title": "？？？",
      "content": "我说啊，如果是间谍的话应该会采用更有条理的方式吧……？"
    },
    {
      "id": 24,
      "model": "파우스트",
      "content": "正是如此。奥提斯女士，这两位是本次的协助者。"
    },
    {
      "id": 25,
      "model": "오티스",
      "content": "咳……下次务必提前说明。"
    },
    {
      "id": 26,
      "model": "파우스트",
      "content": "初次见面，美香小姐，雷恩先生。我们是LCB，也就是边狱公司巴士部门。"
    },
    {
      "id": 27,
      "model": "미카",
      "teller": "美香",
      "title": "？？？",
      "content": "巴士……我知道了。当时那位也说过你们是巴士上的家伙。"
    },
    {
      "id": 28,
      "model": "파우스트",
      "content": "我听说LCC的先遣部队已经先行拜访过二位了。那位指的是……"
    },
    {
      "id": 29,
      "model": "무기레인",
      "teller": "雷恩",
      "title": "？？？",
      "content": "啊，请让我再看下名片……LCC……B。对，没错。"
    },
    {
      "id": 30,
      "model": "미카",
      "teller": "美香",
      "title": "？？？",
      "content": "既然已经确认完了，那我们就到店里继续商量吧。顺便再看看那辆巴士。"
    },
    {
      "id": 31,
      "model": "미카",
      "teller": "美香",
      "title": "？？？",
      "content": "总不能一直站在这里说话对吧？"
    },
    {
      "id": 32,
      "model": "단테2",
      "content": "<为什么……会把我们称呼为顾客？>"
    },
    {
      "id": 33,
      "model": "그레고르",
      "content": "不……说到底我们为什么要来这里？"
    },
    {
      "id": 34,
      "model": "파우스트",
      "content": "简单来说，我们的目的地U公司是大湖上一处由船构成的巢。因此以梅菲斯托费勒斯现在的形态无法完成航行。"
    },
    {
      "id": 35,
      "model": "이스마엘",
      "content": "而且……大湖的环境时时刻刻都在变化。"
    },
    {
      "id": 36,
      "model": "이스마엘",
      "content": "能够承受住那座大湖的船……是不可或缺的。"
    },
    {
      "id": 37,
      "model": "베르길리우스",
      "content": "没错。所以我们提前找到了合适的工坊，并预约了巴士改造。"
    },
    {
      "id": 38,
      "model": "그레고르",
      "content": "唔……这个……合适吗？"
    },
    {
      "id": 39,
      "model": "베르길리우스",
      "content": "……哈，先进去吧。"
    },
    {
      "id": 40,
      "model": "로쟈",
      "content": "嗯……难道之前的聚餐让预算大缩水了吗？因为说能吃多少就点多少所以我就随便点了……"
    },
    {
      "id": 41,
      "content": "正如罗佳所说，看着莫名破烂的小店不禁让我关心起公司的资金问题……"
    },
    {
      "id": 42,
      "content": "但我觉得这么说下去也不好，于是决定住口。"
    }
  ]
}