{
  "dataList": [
    {
      "id": 0,
      "place": "臼齿修船厂 内部",
      "model": "미카",
      "teller": "美香",
      "title": "臼齿修船厂",
      "content": "雷恩~我要去看看这辆巴士，那接待……不，应对顾客就麻烦你了~"
    },
    {
      "id": 1,
      "model": "레인",
      "teller": "雷恩",
      "title": "臼齿修船厂",
      "content": "……我知道了。"
    },
    {
      "id": 2,
      "content": "他们介绍的地方是一个塞满了各种工具与机械设备的维修间。"
    },
    {
      "id": 3,
      "model": "오티스",
      "content": "嗯。于我看这间工坊能做出比其看起来还要高难度的改造。"
    },
    {
      "id": 4,
      "model": "레인",
      "teller": "雷恩",
      "title": "臼齿修船厂",
      "content": "啊，你认识这些吗？"
    },
    {
      "id": 5,
      "model": "오티스",
      "content": "在战争中，广泛理解与整备武器和装备相关的工坊技术至关重要。"
    },
    {
      "id": 6,
      "model": "레인",
      "teller": "雷恩",
      "title": "臼齿修船厂",
      "content": "啊……"
    },
    {
      "id": 7,
      "content": "这场尴尬的谈话被一声突然的轰鸣打断。"
    },
    {
      "id": 8,
      "model": "레인",
      "teller": "雷恩",
      "title": "臼齿修船厂",
      "content": "那、那是什么声音？"
    },
    {
      "id": 9,
      "model": "파우스트",
      "content": "……那是梅菲斯托费勒斯的尖叫……或者更确切地说是警报。"
    },
    {
      "id": 10,
      "model": "미카",
      "teller": "美香",
      "title": "臼齿修船厂",
      "content": "很抱歉！我搞错了点东西！"
    },
    {
      "id": 11,
      "model": "레인",
      "teller": "雷恩",
      "title": "臼齿修船厂",
      "content": "现在这些咚咚的声音也是你弄错了才发出来的吗，美香……？"
    },
    {
      "id": 12,
      "model": "싱클레어",
      "content": "快看！外面！"
    },
    {
      "id": 13,
      "model": "뫼르소",
      "content": "看来与刚才遭遇的个体为同一物种。"
    },
    {
      "id": 14,
      "model": "싱클레어",
      "content": "它、它们看起来确实很相似。"
    },
    {
      "id": 15,
      "model": "뫼르소",
      "content": "嗯，不是相似，而是确实属于同一个体。"
    },
    {
      "id": 16,
      "model": "단테2",
      "content": "<大、大家都到外面来！>"
    },
    {
      "id": 17,
      "content": "外面……"
    },
    {
      "id": 18,
      "place": "臼齿修船厂 入口",
      "content": "一个背着巨大集装箱的大螃蟹正俯视着我们。"
    },
    {
      "id": 19,
      "content": "不，俯视的仅有一瞬间。"
    },
    {
      "id": 20,
      "content": "很快我们便被沉重金属摩擦地板的声音所淹没。"
    },
    {
      "id": 21,
      "model": "오티스",
      "content": "左右分散！"
    },
    {
      "id": 22,
      "model": "히스클리프",
      "content": "这回是哪要喜提破坏了？"
    },
    {
      "id": 23,
      "content": "就在大家乱成一片时。"
    },
    {
      "id": 24,
      "teller": "？？？",
      "title": "？？？",
      "content": "砸烂他的脑袋，还用想吗？"
    },
    {
      "id": 25,
      "content": "一道黑影纵然跃下，落在那怪物头上。"
    },
    {
      "id": 26,
      "teller": "帝王废料蟹",
      "title": "？？？",
      "content": "呵啊啊啊！"
    },
    {
      "id": 27,
      "teller": "？？？",
      "title": "？？？",
      "content": "老实点别动啊……可别做无谓的抵抗！"
    },
    {
      "id": 28,
      "teller": "？？？",
      "title": "？？？",
      "content": "哈！"
    },
    {
      "id": 29,
      "content": "在震耳欲聋的爆炸声中，一道耀眼的光芒击中了蟹壳。"
    },
    {
      "id": 30,
      "teller": "帝王废料蟹",
      "title": "？？？",
      "content": "咕呜呜呜呜！"
    },
    {
      "id": 31,
      "teller": "？？？",
      "title": "？？？",
      "content": "嗯。"
    },
    {
      "id": 32,
      "model": "싱클레어",
      "content": "它，跑掉了吗……？"
    },
    {
      "id": 33,
      "content": "那个身影优雅地从流窜的怪物身上落下，缓缓向我们走来……"
    },
    {
      "id": 34,
      "model": "올가헬멧",
      "teller": "？？？",
      "title": "？？？",
      "content": "哈！"
    },
    {
      "id": 35,
      "content": "她穿着脚蹼踏在令人厌恶的泥沼上，肩上搭着一根巨大的鱼叉，站在我们面前。"
    },
    {
      "id": 36,
      "model": "올가잠수복",
      "teller": "？？？",
      "title": "？？？",
      "content": "好了，看来你们就是那家伙说的……巴士上那伙人？"
    },
    {
      "id": 37,
      "content": "过了一段时间……"
    },
    {
      "id": 38,
      "place": "臼齿修船厂 内部",
      "model": "파우스트",
      "content": "请允许我正式介绍一下，包括奥尔佳女士在内。"
    },
    {
      "id": 39,
      "model": "파우스트",
      "content": "这几位来自臼齿修船厂的工坊，将会在这次梅菲斯托费勒斯的“改造”中为我们提供帮助。"
    },
    {
      "id": 40,
      "model": "올가",
      "teller": "奥尔佳",
      "title": "臼齿修船厂",
      "content": "唉呀……还有会被这样好好介绍的时候啊~有点不好意思了。"
    },
    {
      "id": 41,
      "model": "레인",
      "teller": "雷恩",
      "title": "臼齿修船厂",
      "content": "大姐，就算这样也还请对珍贵的各位顾客有点分寸……"
    },
    {
      "id": 42,
      "model": "올가",
      "teller": "奥尔佳",
      "title": "臼齿修船厂",
      "content": "哎呦~我有做错什么吗？我目前还什么都没有做哦？"
    },
    {
      "id": 43,
      "model": "레인",
      "teller": "雷恩",
      "title": "臼齿修船厂",
      "content": "哈啊……关键就是“目前”还没有。"
    },
    {
      "id": 44,
      "model": "레인",
      "teller": "雷恩",
      "title": "臼齿修船厂",
      "content": "我们的生意刚刚开张，所以多加小心总没错的。"
    },
    {
      "id": 45,
      "model": "베르길리우스",
      "content": "……我想突然转职肯定说不上轻松，你还应付的来吗？"
    },
    {
      "id": 46,
      "model": "베르길리우스",
      "content": "5阶收尾人，奥尔佳。"
    },
    {
      "id": 47,
      "model": "올가",
      "teller": "奥尔佳",
      "title": "臼齿修船厂",
      "content": "好嘛~"
    },
    {
      "id": 48,
      "model": "돈키호테",
      "content": "收！尾！人？！"
    },
    {
      "id": 49,
      "model": "올가",
      "teller": "奥尔佳",
      "title": "臼齿修船厂",
      "content": "什、什么？"
    },
    {
      "id": 50,
      "model": "돈키호테",
      "content": "汝是一位收尾人？！吾想吾嗅到了高贵的气息！阁下又因何偏离了收尾人的道路？收尾人的生活肯定充满了艰辛，对吧？汝的主要活动区是何处呢？！啊还有，汝是在哪个协会经由何种历练成为5阶收尾人的呢？Tres协会的工坊考核吗？嗯？嗯？"
    },
    {
      "id": 51,
      "model": "베르길리우스",
      "content": "……"
    },
    {
      "id": 52,
      "model": "돈키호테",
      "content": "吾明白了，吾听懂了……！"
    },
    {
      "id": 53,
      "model": "베르길리우스",
      "content": "抱歉了，奥尔佳小姐。之后就不会再吵闹了。"
    },
    {
      "id": 54,
      "model": "올가",
      "teller": "奥尔佳",
      "title": "臼齿修船厂",
      "content": "猩红凝视……"
    },
    {
      "id": 55,
      "model": "올가",
      "teller": "奥尔佳",
      "title": "臼齿修船厂",
      "content": "谢谢……您？咳，我太久没有用过敬语了……"
    },
    {
      "id": 56,
      "model": "베르길리우스",
      "content": "啊，就先这样吧。"
    },
    {
      "id": 57,
      "model": "베르길리우스",
      "content": "看样子人们在“图书馆”事件过后正在由书一个个的回归。"
    },
    {
      "id": 58,
      "model": "베르길리우스",
      "content": "感觉如何，各位？"
    },
    {
      "id": 59,
      "model": "올가",
      "teller": "奥尔佳",
      "title": "臼齿修船厂",
      "content": "我们倒也没什么不同了~本来还想着“啊，我是死了吗？”之类的，结果没想到突然睁开眼睛就在这附近了。"
    },
    {
      "id": 60,
      "model": "올가",
      "teller": "奥尔佳",
      "title": "臼齿修船厂",
      "content": "美香和雷恩也不在……当时我肚子又饿，想着不管怎样得先吃点什么~"
    },
    {
      "id": 61,
      "model": "올가",
      "teller": "奥尔佳",
      "title": "臼齿修船厂",
      "content": "……之后怎样了来着？嗯~"
    },
    {
      "id": 62,
      "model": "레인",
      "teller": "雷恩",
      "title": "臼齿修船厂",
      "content": "废料蟹出现了，所以您把周围的东西捡起来制成了武器，之后把它粉身碎骨烤着吃掉了。"
    },
    {
      "id": 63,
      "model": "올가",
      "teller": "奥尔佳",
      "title": "臼齿修船厂",
      "content": "没错~虽然很他妈难吃。"
    },
    {
      "id": 64,
      "model": "레인",
      "teller": "雷恩",
      "title": "臼齿修船厂",
      "content": "但后来，就开始用粘在螃蟹上的废料卖起了废铁。"
    },
    {
      "id": 65,
      "model": "올가",
      "teller": "奥尔佳",
      "title": "臼齿修船厂",
      "content": "哈~好了，雷恩。看来还是让你说明更好一些。"
    },
    {
      "id": 66,
      "model": "로쟈",
      "content": "嗯~那个叫奥尔佳的人好像是有点马马虎虎的类型？"
    },
    {
      "id": 67,
      "model": "단테2",
      "content": "<嗯，罗佳。就像某个人一样。>"
    },
    {
      "id": 68,
      "model": "로쟈",
      "content": "呼呼，我完全不知道你在说什么哦~"
    },
    {
      "id": 69,
      "model": "올가",
      "teller": "奥尔佳",
      "title": "臼齿修船厂",
      "content": "哦哦？这是什么啊？这……是义体头吗？"
    },
    {
      "id": 70,
      "model": "레인",
      "teller": "雷恩",
      "title": "臼齿修船厂",
      "content": "大姐，您老这样的话，我们怕不是要在这呆上一整天了……"
    },
    {
      "id": 71,
      "model": "올가",
      "teller": "奥尔佳",
      "title": "臼齿修船厂",
      "content": "嗯，好好。我知道了，我知道了。"
    },
    {
      "id": 72,
      "content": "奥尔佳咂着嘴巴退了回去……"
    },
    {
      "id": 73,
      "content": "……然后名为雷恩的人走上前来，向我们解释最新情况。"
    },
    {
      "id": 74,
      "content": "他也曾是一名收尾人，与奥尔佳和美香共事。直到他们三人被卷入了图书馆的“接待”事件……"
    },
    {
      "id": 75,
      "content": "就在他以为自己要完蛋了的时候，却突然醒了过来，开始漫无目的地游荡，然后找到了奥尔佳……"
    },
    {
      "id": 76,
      "content": "他们开始一起收集废金属，美香也加入了其中，最后开设了一个类似于以前事务所的工坊。"
    },
    {
      "id": 77,
      "model": "베르길리우스",
      "content": "……哼。由书回归的顺序和死亡时间并没有什么关系。"
    },
    {
      "id": 78,
      "model": "베르길리우스",
      "content": "……目前规律尚不明确。"
    },
    {
      "id": 79,
      "content": "维吉里乌斯嘟囔着什么望向了站在附近的浮士德……"
    },
    {
      "id": 80,
      "model": "파우스트",
      "content": "……"
    },
    {
      "id": 81,
      "content": "我看到浮士德静静地点了点头。"
    },
    {
      "id": 82,
      "model": "이스마엘",
      "content": "……"
    },
    {
      "id": 83,
      "content": "虽然能知道两者之间有微妙的关联，但这两人之间也本就频繁地说着让人听不懂的话语，"
    },
    {
      "id": 84,
      "content": "所以我更担心每时每刻神色都在变得更不对劲的以实玛利，打算对她搭一下话。"
    },
    {
      "id": 85,
      "model": "단테2",
      "content": "<以、以实玛利。这么看来你也在这边待过吧？你好像也认得刚才那些螃蟹。>"
    },
    {
      "id": 86,
      "model": "이스마엘",
      "content": "……是的。有什么问题吗？"
    },
    {
      "id": 87,
      "model": "단테2",
      "content": "<嗯？不……我没有什么问题。>"
    },
    {
      "id": 88,
      "model": "단테2",
      "content": "<好像人们会食用那些东西……就是想知道你有没有尝过。>"
    },
    {
      "id": 89,
      "model": "이스마엘",
      "content": "我很清楚你这毫无意义的问题背后是什么意图，但是……"
    },
    {
      "id": 90,
      "model": "이스마엘",
      "content": "不过如果要我回答的话，是的。我吃过很多蟹肉浓汤。"
    },
    {
      "id": 91,
      "model": "이스마엘",
      "content": "虽然得忍住不吐，但应该算是只要不吐出来就能消化掉的一种味道。"
    },
    {
      "id": 92,
      "model": "이스마엘",
      "content": "这能回答你的问题吗？"
    },
    {
      "id": 93,
      "model": "단테2",
      "content": "<呃……嗯。谢、谢谢你？>"
    },
    {
      "id": 94,
      "content": "虽说我也认为这是个勉强的问题……但她的反应未免也太冷淡了……"
    },
    {
      "id": 95,
      "model": "싱클레어",
      "content": "但是……这好像可以食用，虽然它长得跟……呃，异、异想体或扭曲一样……"
    },
    {
      "id": 96,
      "model": "단테2",
      "content": "<不对，那个……应该不是异想体或扭曲。>"
    },
    {
      "id": 97,
      "model": "싱클레어",
      "content": "啊？那么……"
    },
    {
      "id": 98,
      "model": "파우스트",
      "content": "可以区分异想体和扭曲的但丁经理应该不用说明也知道。"
    },
    {
      "id": 99,
      "model": "파우스트",
      "content": "那是生物。也可以说是突变体。所以理论上在食用方面没有问题。"
    },
    {
      "id": 100,
      "model": "홍루",
      "content": "我的奶奶也收集过很多突变动物。但那样的生物我也是第一次见到，真是次珍贵的经历~"
    },
    {
      "id": 101,
      "model": "미카",
      "teller": "美香",
      "title": "臼齿修船厂",
      "content": "是的，正因为如此，我们才吃得上饭、能进行维护工作，诸如此类。"
    },
    {
      "id": 102,
      "content": "船坞里，那个叫美香的人手持扳手，面露无奈地走了过来。"
    },
    {
      "id": 103,
      "model": "올가",
      "teller": "奥尔佳",
      "title": "臼齿修船厂",
      "content": "美香！我们要做多少工作？"
    },
    {
      "id": 104,
      "model": "미카",
      "teller": "美香",
      "title": "臼齿修船厂",
      "content": "在工坊干活的爸爸最喜欢说一句话。"
    },
    {
      "id": 105,
      "model": "미카",
      "teller": "美香",
      "title": "臼齿修船厂",
      "content": "全都得修。"
    },
    {
      "id": 106,
      "model": "히스클리프",
      "content": "什么，是要连引擎都拆下来，之类的吗？"
    },
    {
      "id": 107,
      "model": "미카",
      "teller": "美香",
      "title": "臼齿修船厂",
      "content": "不用，没必要对那里动手。……我也不敢随便碰那个。"
    },
    {
      "id": 108,
      "model": "미카",
      "teller": "美香",
      "title": "臼齿修船厂",
      "content": "我稍微看了看巴士内部……我觉得相当复杂，不过也有个限度。"
    },
    {
      "id": 109,
      "model": "미카",
      "teller": "美香",
      "title": "臼齿修船厂",
      "content": "但是……除此之外全都得换。没有浮力发生装置，没有螺旋桨，没有舵机，什么都没有。"
    },
    {
      "id": 110,
      "model": "단테2",
      "content": "<那么……该怎么办？>"
    },
    {
      "id": 111,
      "model": "파우스트",
      "content": "这是意料之中的情况。请告诉我们解决方法。"
    },
    {
      "id": 112,
      "model": "미카",
      "teller": "美香",
      "title": "臼齿修船厂",
      "content": "刚刚那位叫经理的人好像说了些什么……只是滴答了一下吗……嘛，倒也不重要。"
    },
    {
      "id": 113,
      "model": "미카",
      "teller": "美香",
      "title": "臼齿修船厂",
      "content": "我们倒是有法子修理，不过我们缺少零件。"
    },
    {
      "id": 114,
      "model": "그레고르",
      "content": "用于改造巴士的材料……你是说我们得去哪里捡些废铁之类的东西吗？"
    },
    {
      "id": 115,
      "model": "미카",
      "teller": "美香",
      "title": "臼齿修船厂",
      "content": "没错，就是这样。就目前而言……我相信你和你的队伍能够胜任。"
    },
    {
      "id": 116,
      "content": "说完，美香指了指远处……"
    },
    {
      "id": 117,
      "content": "她指了指废料蟹的方向。"
    },
    {
      "id": 118,
      "model": "미카",
      "teller": "美香",
      "title": "臼齿修船厂",
      "content": "只要处理废料蟹，就可以收集废料。"
    },
    {
      "id": 119,
      "model": "그레고르",
      "content": "……要杀多少只？"
    },
    {
      "id": 120,
      "model": "미카",
      "teller": "美香",
      "title": "臼齿修船厂",
      "content": "呃……很多很多吧？"
    },
    {
      "id": 121,
      "model": "그레고르",
      "content": "哈啊……那就那样吧。我们就是为此而来的。对吧？"
    },
    {
      "id": 122,
      "model": "베르길리우스",
      "content": "没错。"
    },
    {
      "id": 123,
      "model": "베르길리우스",
      "content": "在本次的经由地，你们只需要收集用于巴士改造的零部件即可。这是件比找回金枝更简单，更轻松的事情。"
    },
    {
      "id": 124,
      "model": "베르길리우스",
      "content": "好，那么……我要去与合作企业的各位交谈了。"
    },
    {
      "id": 125,
      "model": "베르길리우스",
      "content": "所有人，去海滩。"
    },
    {
      "id": 126,
      "model": "돈키호테",
      "content": "这可算不上是海和海滩吧……"
    },
    {
      "id": 127,
      "model": "이스마엘",
      "content": "……不，这确实是。就算是那片泥沼，也依旧是大湖的一部分……或者说，海洋。"
    }
  ]
}