{
  "dataList": [
    {
      "id": 0,
      "place": "21区 后巷某处",
      "content": "大约过了两天。"
    },
    {
      "id": 1,
      "content": "我们到处捕杀废料蟹，收集了一车都装不下的废料。"
    },
    {
      "id": 2,
      "place": "臼齿修船厂 入口",
      "model": "미카",
      "teller": "美香",
      "title": "臼齿修船厂",
      "content": "好，这么多大概够用了。"
    },
    {
      "id": 3,
      "model": "로쟈",
      "content": "嗯~那是时候可以休息了吧？听得到嘛？我肩膀每动一下都能听到咔哒咔哒的声音~"
    },
    {
      "id": 4,
      "model": "싱클레어",
      "content": "罗佳小姐，那样看上去像是在恐吓一样……请稍微控制一点……"
    },
    {
      "id": 5,
      "model": "그레고르",
      "content": "也好，反正改造也得花不少时间，看上去起码能享受几天。"
    },
    {
      "id": 6,
      "model": "그레고르",
      "content": "当然……这里依旧不是什么度假的地方。"
    },
    {
      "id": 7,
      "content": "罪人们舒展起身体，像是终于完成工作一样喋喋不休……"
    },
    {
      "id": 8,
      "content": "也许是某种预感。我觉得不会就这样结束。"
    },
    {
      "id": 9,
      "model": "미카",
      "teller": "美香",
      "title": "臼齿修船厂",
      "content": "嗯？什么休息？"
    },
    {
      "id": 10,
      "model": "로쟈",
      "content": "啊……？"
    },
    {
      "id": 11,
      "content": "看吧。我就知道。"
    },
    {
      "id": 12,
      "model": "미카",
      "teller": "美香",
      "title": "臼齿修船厂",
      "content": "我的意思是，可以“开始”了。"
    },
    {
      "id": 13,
      "model": "그레고르",
      "content": "是……什么意思？"
    },
    {
      "id": 14,
      "model": "미카",
      "teller": "美香",
      "title": "臼齿修船厂",
      "content": "当然是还得多捡些回来啊。"
    },
    {
      "id": 15,
      "model": "그레고르",
      "content": "作为参考……的数量是？"
    },
    {
      "id": 16,
      "model": "미카",
      "teller": "美香",
      "title": "臼齿修船厂",
      "content": "嗯……大概是现在的……五倍？"
    },
    {
      "id": 17,
      "model": "레인",
      "teller": "雷恩",
      "title": "臼齿修船厂",
      "content": "美香~我觉得还得算上后轮部分的量？"
    },
    {
      "id": 18,
      "model": "미카",
      "teller": "美香",
      "title": "臼齿修船厂",
      "content": "啊，这下变成七倍了。"
    },
    {
      "id": 19,
      "model": "뫼르소",
      "content": "考虑到目前为止的效率，似乎无法进行适当的休息。"
    },
    {
      "id": 20,
      "model": "뫼르소",
      "content": "减少目前的睡眠时间将更为妥当。"
    },
    {
      "id": 21,
      "model": "돈키호테",
      "content": "这、这可不行！吾不能认同！！！"
    },
    {
      "id": 22,
      "content": "堂吉诃德一脸欲哭无泪的样子，似乎快要倒下了。"
    },
    {
      "id": 23,
      "model": "로쟈",
      "content": "不是~我现在才想到，捡回来了这些废料真的能派上用场吗？"
    },
    {
      "id": 24,
      "model": "미카",
      "teller": "美香",
      "title": "臼齿修船厂",
      "content": "当然，只是单纯地把废料和巴士组装起来是不行的……"
    },
    {
      "id": 25,
      "model": "미카",
      "teller": "美香",
      "title": "臼齿修船厂",
      "content": "结合U公司的奇点技术进行工作的话，就能让它们像是最开始就是一体的一样正常运作。"
    },
    {
      "id": 26,
      "model": "로쟈",
      "content": "U公司……？他们的奇点不是能完好无损地保存食物之类的技术吗？"
    },
    {
      "id": 27,
      "model": "로쟈",
      "content": "在打开之前里面的东西绝对不会变……我听说是这样？所以我经常享用那里生产的罐装食品来着……"
    },
    {
      "id": 28,
      "model": "레인",
      "teller": "雷恩",
      "title": "臼齿修船厂",
      "content": "您和大姐说了一样的话……在巢中不是存在着各种活用奇点的技术嘛。"
    },
    {
      "id": 29,
      "model": "파우스트",
      "content": "……只要活用其原理，以奇点为根本，就可以向A公司申请以此为基础的专利。U公司的现状保存包装技术以及共鸣音叉都颇为有名。"
    },
    {
      "id": 30,
      "model": "이스마엘",
      "content": "共鸣音叉……"
    },
    {
      "id": 31,
      "model": "이스마엘",
      "content": "和那个混蛋一样……"
    },
    {
      "id": 32,
      "model": "이스마엘",
      "content": "身上到处都缠绕着，粘连着……"
    },
    {
      "id": 33,
      "model": "이스마엘",
      "content": "然后全都被吞噬……就像从未存在过……"
    },
    {
      "id": 34,
      "model": "단테2",
      "content": "<以实玛利……你怎么了？>"
    },
    {
      "id": 35,
      "model": "이스마엘",
      "content": "但丁经理。现在请立刻转告维吉里乌斯先生。"
    },
    {
      "id": 36,
      "model": "이스마엘",
      "content": "让他更改顺序，先去收集其他支部的金枝。"
    },
    {
      "id": 37,
      "model": "단테2",
      "content": "<以实玛利……稍等一下……你还好吗？>"
    },
    {
      "id": 38,
      "model": "이스마엘",
      "content": "我们现在还没准备好。无论是经验……还是关于大湖和鲸的知识……"
    },
    {
      "id": 39,
      "model": "이스마엘",
      "content": "是，我来……我来指导、我会帮忙。那里是需要经过充足的时间才能挑战的地方。所以……！"
    },
    {
      "id": 40,
      "model": "히스클리프",
      "content": "喂，你什么意思？是你刚刚吃的蟹肉浓汤出问题了？"
    },
    {
      "id": 41,
      "model": "이스마엘",
      "content": "虽然大家都吃了那些该死的螃蟹内脏，但是我完全没事。"
    },
    {
      "id": 42,
      "model": "히스클리프",
      "content": "那到底是哪里有问题？！哈，我们一直都是做好准备才行动的吗？不都是死着死着就解决了吗！"
    },
    {
      "id": 43,
      "model": "이스마엘",
      "content": "反复丧命才能完成工作这件事不值得自豪，你知道吧？"
    },
    {
      "id": 44,
      "model": "이스마엘",
      "content": "我们要是普通的收尾人那早在第一次任务就全员阵亡了，我们的名字很快就会被协会抹除吧。"
    },
    {
      "id": 45,
      "model": "히스클리프",
      "content": "喂，你把我当傻子吗？我在后巷的帮派生活的时候也有好几次差点死了，我当然知道人命只有一条！"
    },
    {
      "id": 46,
      "model": "히스클리프",
      "content": "但是现在不一样！现在有了钟表头我们死几次都能活过来！"
    },
    {
      "id": 47,
      "model": "이스마엘",
      "content": "你似乎不觉得我们是因为运气好才能好好地复活啊？"
    },
    {
      "id": 48,
      "model": "히스클리프",
      "content": "不是……你！你怎么老是觉得做不到？要是被异想体打爆脑袋那下次就伸出脚走一步躲开，这样多打个几次不就好了吗。啊？"
    },
    {
      "id": 49,
      "model": "이스마엘",
      "content": "你觉得自己至今为止遇到过的就是全部了吗？这不是不可能吗？"
    },
    {
      "id": 50,
      "model": "이스마엘",
      "content": "最坏的情况是根本不可能复原。不管转动多少次时钟都不行！"
    },
    {
      "id": 51,
      "model": "이스마엘",
      "content": "……或许根本没办法复原。"
    },
    {
      "id": 52,
      "model": "이스마엘",
      "content": "尤其是那头巨大的鲸……哎，够了。"
    },
    {
      "id": 53,
      "model": "히스클리프",
      "content": "你别用那种说了你也不懂的口气。啊？"
    },
    {
      "id": 54,
      "model": "히스클리프",
      "content": "就感觉是把我当成个听不懂人话的傻子一样。"
    },
    {
      "id": 55,
      "model": "이스마엘",
      "content": "……唉。"
    },
    {
      "id": 56,
      "model": "히스클리프",
      "content": "你这——！"
    },
    {
      "id": 57,
      "model": "이상",
      "content": "停，允许我提问一句。"
    },
    {
      "id": 58,
      "content": "或许是因为这是曾经从来没采取过类似行动的人做出的事。"
    },
    {
      "id": 59,
      "content": "李箱用至今为止从未有过的音量打断两人的争吵，嘈杂的大家瞬间安静下来。"
    },
    {
      "id": 60,
      "model": "이상",
      "content": "你们，有说过自身登上巴士是因为有所希望。"
    },
    {
      "id": 61,
      "model": "이상",
      "content": "作业仍有留存是事实，但已完成期许的目标亦是事实。如此一来，应当稍作休整。"
    },
    {
      "id": 62,
      "model": "이상",
      "content": "但丁……这是否可行？"
    },
    {
      "id": 63,
      "model": "단테2",
      "content": "<李箱……！>"
    },
    {
      "id": 64,
      "content": "自从登上巴士以来，我从没想到李箱会变得如此可靠……！"
    },
    {
      "id": 65,
      "content": "我用力点了点头。"
    },
    {
      "id": 66,
      "model": "단테2",
      "content": "<李箱说的没错。稍微休息一下也可以，趁这次机会把想做的事情也一起做了怎么样？>"
    },
    {
      "id": 67,
      "model": "레인",
      "teller": "雷恩",
      "title": "臼齿修船厂",
      "content": "当然，我觉得你们可以稍微休息一下。"
    },
    {
      "id": 68,
      "model": "레인",
      "teller": "雷恩",
      "title": "臼齿修船厂",
      "content": "我们一准备好了就告诉你们。"
    },
    {
      "id": 69,
      "model": "돈키호테",
      "content": "好！如此一来！"
    },
    {
      "id": 70,
      "model": "돈키호테",
      "content": "沙~滩排球！吾等一起玩如何！"
    },
    {
      "id": 71,
      "content": "堂吉诃德及时提供了帮助……"
    },
    {
      "id": 72,
      "content": "空气中的寒意也因此，稍稍回暖了。"
    }
  ]
}