{
  "dataList": [
    {
      "id": 0,
      "place": "21区 后巷某处",
      "model": "돈키호테",
      "content": "吾确确实实看到了！"
    },
    {
      "id": 1,
      "model": "돈키호테",
      "content": "在这如山的废料与垃圾中，一定有一颗球！"
    },
    {
      "id": 2,
      "model": "돈키호테",
      "content": "有球，有人，并且有大海……此时此刻若不玩上一番，那才该被称为不合常理！"
    },
    {
      "id": 3,
      "model": "싱클레어",
      "content": "虽然……不知道这里能不能被称作海边就是了。"
    },
    {
      "id": 4,
      "model": "그레고르",
      "content": "堂吉诃德……我们来这里可不是为了玩啊？"
    },
    {
      "id": 5,
      "model": "돈키호테",
      "content": "吾当然知道！虽然很感激汝的建议，但为了吾等的团结，吾觉得休憩片刻也是十分有效的！"
    },
    {
      "id": 6,
      "model": "그레고르",
      "content": "好吧，但你下次最好稍微掩饰一下表情再这么说哦……？"
    },
    {
      "id": 7,
      "model": "이상",
      "content": "不，我赞同。"
    },
    {
      "id": 8,
      "model": "그레고르",
      "content": "……李箱先生？"
    },
    {
      "id": 9,
      "model": "이상",
      "content": "回首过去，我不常与友人们进行体育活动。"
    },
    {
      "id": 10,
      "model": "이상",
      "content": "我并没有球类项目的才能……但此刻的经验亦是宝贵。"
    },
    {
      "id": 11,
      "model": "이상",
      "content": "所以，尝试一次也好。所谓排球。"
    },
    {
      "id": 12,
      "model": "그레고르",
      "content": "好吧……"
    },
    {
      "id": 13,
      "model": "이스마엘",
      "content": "明明我们还没准备好……"
    },
    {
      "id": 14,
      "model": "히스클리프",
      "content": "……哈。"
    },
    {
      "id": 15,
      "model": "이스마엘",
      "content": "明明不是开开心心玩球的时候……不如说我们最近太过松懈了……对，以前都只是运气好而已。"
    },
    {
      "id": 16,
      "content": "这次轮到以实玛利全身上下散发出阴郁的气息。"
    },
    {
      "id": 17,
      "content": "……哪怕一会也好，要是能让她想点别的就好了。"
    },
    {
      "id": 18,
      "model": "단테2",
      "content": "<……行啊，来玩排球吧。>"
    },
    {
      "id": 19,
      "model": "돈키호테",
      "content": "贤明之举！吾去把球找来~！"
    },
    {
      "id": 20,
      "model": "그레고르",
      "content": "哎，真是……"
    },
    {
      "id": 21,
      "model": "오티스",
      "content": "这是经理决定的游戏。全员放松表情，开心起来！"
    },
    {
      "id": 22,
      "model": "그레고르",
      "content": "知、知道了……哎~希望我跑的时候别拉到背。"
    },
    {
      "id": 23,
      "model": "뫼르소",
      "content": "我知道规则和规模。可以直接绘制球场。"
    },
    {
      "id": 24,
      "content": "喃喃自语的罪人、满脸喜悦的罪人、沉默不语的罪人等等……"
    },
    {
      "id": 25,
      "content": "虽然看到了各种各样的反应，但最后全员还是为了沙滩排球而向空地移动。"
    },
    {
      "id": 26,
      "content": "抱着对这一选择能够缓和气氛的希望，我也开始活动身体……"
    },
    {
      "id": 27,
      "content": "不久之后……"
    },
    {
      "id": 28,
      "model": "돈키호테",
      "content": "好！吾开始了！"
    },
    {
      "id": 29,
      "content": "在滩涂上绘制出的潮湿的球场。"
    },
    {
      "id": 30,
      "content": "破旧的球经堂吉诃德之手“砰！”一声飞到空中……"
    },
    {
      "id": 31,
      "model": "이상",
      "content": "是、是这样玩的吗？"
    },
    {
      "id": 32,
      "content": "李箱完美接到球，场面终于变得像那么回事了。"
    },
    {
      "id": 33,
      "model": "로쟈",
      "content": "对对~啊哈哈，做得好！"
    },
    {
      "id": 34,
      "model": "홍루",
      "content": "呀！"
    },
    {
      "id": 35,
      "model": "그레고르",
      "content": "哎哟。"
    },
    {
      "id": 36,
      "model": "이스마엘",
      "content": "无用功……"
    },
    {
      "id": 37,
      "model": "오티스",
      "content": "咳……哈！"
    },
    {
      "id": 38,
      "model": "싱클레어",
      "content": "奥提斯女士……刚刚如果没躲开，我是不是就死了……"
    },
    {
      "id": 39,
      "model": "오티스",
      "content": "这是训练之一。"
    },
    {
      "id": 40,
      "model": "료슈",
      "content": "……"
    },
    {
      "id": 41,
      "model": "단테2",
      "content": "<良秀，用刀砍球可不行啊……>"
    },
    {
      "id": 42,
      "model": "돈키호테",
      "content": "来~！吾来！！让吾来接球！"
    },
    {
      "id": 43,
      "model": "싱클레어",
      "content": "啊、啊……诶！"
    },
    {
      "id": 44,
      "model": "이스마엘",
      "content": "哎，有时间做这些不如学习一下鲸的特征……"
    },
    {
      "id": 45,
      "model": "히스클리프",
      "content": "……呃！"
    },
    {
      "id": 46,
      "model": "이스마엘",
      "content": "呼……连渡过大湖时的指南针都没准备……"
    },
    {
      "id": 47,
      "model": "뫼르소",
      "content": "喝。"
    },
    {
      "id": 48,
      "model": "이스마엘",
      "content": "妈的……那个混蛋肯定还活得好好的。"
    },
    {
      "id": 49,
      "model": "히스클리프",
      "content": "……啧，你！"
    },
    {
      "id": 50,
      "content": "也许是实在无法忍受以实玛利的反应，希斯克利夫几乎是要把球打破一样用力击球……"
    },
    {
      "id": 51,
      "model": "히스클리프",
      "content": "啊……？"
    },
    {
      "id": 52,
      "content": "球飞去的地方，正好是前几天看到的纯净沙滩的边界。"
    },
    {
      "id": 53,
      "model": "단테2",
      "content": "<球……破了？>"
    },
    {
      "id": 54,
      "model": "파우스트",
      "content": "是，看样子是形成了不可视的等离子力场。"
    },
    {
      "id": 55,
      "model": "단테2",
      "content": "<等离子……？为什么会有那种东西……？！>"
    },
    {
      "id": 56,
      "model": "파우스트",
      "content": "是为了区分巢与后巷的一种装置。即使形式各不相同，但每个巢都有类似的设施存在。"
    },
    {
      "id": 57,
      "model": "로쟈",
      "content": "理所当然。为了防止后巷的人进入巢中所设的围栏，在哪里都司空见惯。"
    },
    {
      "id": 58,
      "model": "로쟈",
      "content": "话说回来，我觉得这技术可以不留任何痕迹就把人收拾掉……可既然那么做了……"
    },
    {
      "id": 59,
      "model": "로쟈",
      "content": "也就是看着那灰飞烟灭的样子也被当做了娱乐对吧？哈，有钱人的快乐如此之多，真让人羡慕。"
    },
    {
      "id": 60,
      "model": "파우스트",
      "content": "……关于技术具体的目的及表演性，我无话可说。"
    },
    {
      "id": 61,
      "model": "돈키호테",
      "content": "球……花费许久才找到的……"
    },
    {
      "id": 62,
      "model": "그레고르",
      "content": "各位振作起来。球炸开的声音把那些螃蟹引过来了。"
    },
    {
      "id": 63,
      "model": "히스클리프",
      "content": "……你、给我记住了。"
    },
    {
      "id": 64,
      "model": "이스마엘",
      "content": "……"
    },
    {
      "id": 65,
      "content": "我本以为……通过运动一定能让大家团结起来的。"
    },
    {
      "id": 66,
      "model": "단테2",
      "content": "<可恶……为什么又变成这样了……>"
    },
    {
      "id": 67,
      "model": "그레고르",
      "content": "好啦，也该习惯了吧，经理兄？先把它们收拾掉吧。"
    }
  ]
}