{
  "dataList": [
    {
      "id": 0,
      "place": "臼齿修船厂 入口",
      "model": "단테2",
      "content": "<那个，以实玛利。>"
    },
    {
      "id": 1,
      "model": "이스마엘",
      "content": "……嗯。"
    },
    {
      "id": 2,
      "model": "단테2",
      "content": "<我能和你聊一会儿吗？>"
    },
    {
      "id": 3,
      "content": "战斗结束后，我把以实玛利喊了过来。"
    },
    {
      "id": 4,
      "content": "至今为止我还从未做过这样的事情……虽然我不知道这样做是否正确，也不知道这次谈话会带来怎样的后果。"
    },
    {
      "id": 5,
      "content": "但我不能再坐视不管了。"
    },
    {
      "id": 6,
      "model": "이스마엘",
      "content": "好。无所谓。"
    },
    {
      "id": 7,
      "model": "단테2",
      "content": "<似乎从到这里开始，你就好像一直在想着别的事情……>"
    },
    {
      "id": 8,
      "model": "단테2",
      "content": "<大家一起行动的时候，你看上去也没有真正参与。>"
    },
    {
      "id": 9,
      "model": "이스마엘",
      "content": "当然了。我们手头还有更重要的事情，但他们只忙着自娱自乐，玩着那些愚蠢的游戏。"
    },
    {
      "id": 10,
      "model": "단테2",
      "content": "<更重要的事情……是与大湖有关吗？>"
    },
    {
      "id": 11,
      "model": "이스마엘",
      "content": "对。"
    },
    {
      "id": 12,
      "model": "단테2",
      "content": "<你是说现在的我们，还不能去那里？>"
    },
    {
      "id": 13,
      "model": "이스마엘",
      "content": "对。"
    },
    {
      "id": 14,
      "model": "단테2",
      "content": "<是吗……所以，你认为我们一定会失败的原因是什么？>"
    },
    {
      "id": 15,
      "model": "이스마엘",
      "content": "我不是说过了吗。我们还没有准备好。"
    },
    {
      "id": 16,
      "model": "이스마엘",
      "content": "我们需要至少半年来适应大湖和那上面的东西……"
    },
    {
      "id": 17,
      "model": "이스마엘",
      "content": "或者，我们可以去积累更多的经验。您也一样，经理。至少您得能保护自己……"
    },
    {
      "id": 18,
      "model": "이스마엘",
      "content": "啊，在这点上我可以帮忙。还有，奥提斯女士……我相信她也会协助经理您的训练的。"
    },
    {
      "id": 19,
      "model": "오티스",
      "content": "……如果真有那种情况的话，当然。"
    },
    {
      "id": 20,
      "model": "단테2",
      "content": "<等、等下等下。>"
    },
    {
      "id": 21,
      "model": "단테2",
      "content": "<以实玛利，半年……我们不能浪费那么多时间吧？>"
    },
    {
      "id": 22,
      "model": "이스마엘",
      "content": "浪费？你觉得那就是浪费吗？我觉得现在做的事更是浪费。"
    },
    {
      "id": 23,
      "model": "이스마엘",
      "content": "还有……我可不是说这半年我们就坐那儿什么都不干。只要先前往其他目的地，之后再回到这里不就好了吗？"
    },
    {
      "id": 24,
      "model": "파우스트",
      "content": "那是不可能的。我们还没有掌握巢中每根金枝的位置，而且先遣部队也还没有完成初步调查。"
    },
    {
      "id": 25,
      "model": "이스마엘",
      "content": "借口。"
    },
    {
      "id": 26,
      "model": "이스마엘",
      "content": "我早就知道你有些潜藏的目的。"
    },
    {
      "id": 27,
      "model": "이스마엘",
      "content": "……而不管那是什么，这次你会发现这个错误将刻骨铭心。"
    },
    {
      "id": 28,
      "model": "파우스트",
      "content": "……也许吧。"
    },
    {
      "id": 29,
      "model": "단테2",
      "content": "<……>"
    },
    {
      "id": 30,
      "model": "이스마엘",
      "content": "哈……真是一团糟。"
    },
    {
      "id": 31,
      "model": "이스마엘",
      "content": "那么，我们至少应该绘制详细的航行路线并制定作战策略……"
    },
    {
      "id": 32,
      "model": "히스클리프",
      "content": "啰啰嗦嗦……"
    },
    {
      "id": 33,
      "content": "就在我觉得对话陷入僵局的时候，希斯克利夫突然插话了。"
    },
    {
      "id": 34,
      "model": "이스마엘",
      "content": "你又哪里不对劲了？"
    },
    {
      "id": 35,
      "model": "히스클리프",
      "content": "闭嘴。你觉得你是唯一一个遭罪的人吗？我们一个两个不都是这么尽全力活过来的吗。每个人都是这么来的！"
    },
    {
      "id": 36,
      "model": "히스클리프",
      "content": "所以这次也总能解决的啊！"
    },
    {
      "id": 37,
      "model": "이스마엘",
      "content": "所以说这种方法在大湖上行不通。先不提经理一溺水就全部完蛋，我们也有可能被那东西吞下去压根来不及倒转时间。"
    },
    {
      "id": 38,
      "model": "이스마엘",
      "content": "你明白了吗？按照迄今为止的常识来的话，我们真的可能会在这里全都完蛋！"
    },
    {
      "id": 39,
      "model": "이스마엘",
      "content": "那样的话，我也就没机会干掉那个混蛋了……"
    },
    {
      "id": 40,
      "model": "히스클리프",
      "content": "……行吧。就当你说得对。这样下去我们就会全部没命，我就再也见不到……凯……不，我也回不去了。"
    },
    {
      "id": 41,
      "model": "히스클리프",
      "content": "那又怎么着，在这儿瞎忙活一会儿又有什么关系？难道我们晚去一会，那什么鬼的鲸就会变强多少吗？"
    },
    {
      "id": 42,
      "model": "히스클리프",
      "content": "与其在一直这里把气氛搞砸，不如装也要装着一起玩玩吧，你连这种常识都没有吗！！"
    },
    {
      "id": 43,
      "model": "이스마엘",
      "content": "挺好笑的，希斯克利夫先生。"
    },
    {
      "id": 44,
      "model": "이스마엘",
      "content": "你又了解多少就在这里大谈什么常识？你见过鲸吗？你去过大湖吗？还是什么都没接触过却在这里自以为是万事通吗？"
    },
    {
      "id": 45,
      "model": "이스마엘",
      "content": "你知道船上生活是什么样的吗？哈，怎么可能知道啊？每天你都只是在念叨你那个不知道是女朋友还是什么东西的名字，在车上打着瞌睡，闲着没事就发顿火！"
    },
    {
      "id": 46,
      "model": "히스클리프",
      "content": "……闭嘴。"
    },
    {
      "id": 47,
      "model": "이스마엘",
      "content": "从水中游上来的到天上落下来的东西，那一切我都必须得杀掉……"
    },
    {
      "id": 48,
      "model": "이스마엘",
      "content": "酸性台风、鲔鱼海啸、脑风暴之类的还有我一时没法全部想起来名字的东西，全都是数不胜数的湖中灾害！"
    },
    {
      "id": 49,
      "model": "이스마엘",
      "content": "然后风暴带来了山一样的滔天巨浪，浪过去之后又会出现一大堆该死的怪物！"
    },
    {
      "id": 50,
      "model": "이스마엘",
      "content": "值得托付生命的同伴下一秒就可能丧命，所有人所有东西都跟疯了一般的那个地狱一样的大湖里的！所有事情！"
    },
    {
      "id": 51,
      "model": "이스마엘",
      "content": "对你这种……沉迷于恋爱游戏里的蠢货来说。"
    },
    {
      "id": 52,
      "model": "이스마엘",
      "content": "……就算死上一百次也不可能理解。"
    },
    {
      "id": 53,
      "model": "히스클리프",
      "content": "我让你闭嘴！"
    },
    {
      "id": 54,
      "content": "谁也来不及阻止的瞬间，希斯克利夫冲着以实玛利狠狠挥下一拳。"
    },
    {
      "id": 55,
      "model": "이스마엘",
      "content": "咳……"
    },
    {
      "id": 56,
      "model": "히스클리프",
      "content": "你他妈又知道我些什么！混账东西！"
    },
    {
      "id": 57,
      "model": "이상",
      "content": "两、两位……"
    },
    {
      "id": 58,
      "content": "这场没人能干预的争斗来得如此迅速，以至于在一旁手足无措的李箱看着十分可怜。"
    },
    {
      "id": 59,
      "content": "有那么一瞬间，希斯克利夫似乎占了上风，他的拳头击中了以实玛利的下巴……"
    },
    {
      "id": 60,
      "model": "이스마엘",
      "content": "唔啊啊啊！！"
    },
    {
      "id": 61,
      "model": "히스클리프",
      "content": "呜哇？！"
    },
    {
      "id": 62,
      "content": "就在以实玛利作势要出拳时，她转而踢上了希斯克利夫的腿，让他跌到了地上。"
    },
    {
      "id": 63,
      "model": "단테2",
      "content": "<以、以实玛利！等一下！>"
    },
    {
      "id": 64,
      "content": "眨眼之间，以实玛利拿起了她的硬头锤。"
    },
    {
      "id": 65,
      "content": "她高举起硬头锤，仿佛随时就要砸下。她的手臂因愤怒而无法控制地颤抖着。"
    },
    {
      "id": 66,
      "model": "히스클리프",
      "content": "……好啊，要往我头上打是吧？就像我之前所做的那样？"
    },
    {
      "id": 67,
      "model": "히스클리프",
      "content": "杀呗，无所谓了。反正我还能活过来。"
    },
    {
      "id": 68,
      "model": "히스클리프",
      "content": "……自以为我们不同的我才是蠢货。"
    },
    {
      "id": 69,
      "model": "히스클리프",
      "content": "哈，果然所有人都一样。"
    },
    {
      "id": 70,
      "model": "이스마엘",
      "content": "……！"
    },
    {
      "id": 71,
      "model": "단테2",
      "content": "<啊……>"
    },
    {
      "id": 72,
      "content": "应该是说太好了。虽然我并不清楚她内心发生了什么变化，但以实玛利微微睁大眼睛盯着希斯克利夫……然后把硬头锤扔到了地上。"
    },
    {
      "id": 73,
      "model": "이상",
      "content": "虽然我希望不必再次目睹这种事情……"
    },
    {
      "id": 74,
      "model": "이상",
      "content": "结果，和朋友之间的争吵或许还是无法避免的吧……"
    },
    {
      "id": 75,
      "model": "올가",
      "teller": "奥尔佳",
      "title": "臼齿修船厂",
      "content": "哈~看看他们打架的样子，是不是想起了什么！我们以前也有那样争斗的时候~"
    },
    {
      "id": 76,
      "model": "레인",
      "teller": "雷恩",
      "title": "臼齿修船厂",
      "content": "大姐，嘘！嘘！！"
    },
    {
      "id": 77,
      "model": "미카",
      "teller": "美香",
      "title": "臼齿修船厂",
      "content": "哈啊……"
    },
    {
      "id": 78,
      "model": "파우스트",
      "content": "但丁，因为自我们首次任务以来就再未发生过此类纠纷，所以我忽略了向您提及这一点……"
    },
    {
      "id": 79,
      "model": "파우스트",
      "content": "但罪人间的工作冲突将被视为管理失误，您事后可能会因此被问责。"
    },
    {
      "id": 80,
      "model": "단테2",
      "content": "<我……>"
    },
    {
      "id": 81,
      "content": "你还想要我怎么做？"
    },
    {
      "id": 82,
      "content": "……虽然我想这么说，但还是忍住了自己的滴答声。"
    },
    {
      "id": 83,
      "model": "오티스",
      "content": "这怎么能归咎于经理？明明是那两个蠢货挑起了这场无意义的争吵？"
    },
    {
      "id": 84,
      "model": "파우스트",
      "content": "预先阻止同事间无意义的争吵是经理的职责。"
    },
    {
      "id": 85,
      "model": "오티스",
      "content": "你……"
    },
    {
      "id": 86,
      "model": "싱클레어",
      "content": "停、停一下各位……"
    },
    {
      "id": 87,
      "model": "돈키호테",
      "content": "的确如此，这样的不良行径不符合吾等边狱公司的英雄本性……"
    },
    {
      "id": 88,
      "content": "辛克莱的犹豫，堂吉诃德缓和局势的尝试，浮士德冷漠的声音，以及奥提斯为了袒护我而逐渐拔高的音量。"
    },
    {
      "id": 89,
      "content": "这一切合为一体，而变得令人极其不快……"
    },
    {
      "id": 90,
      "model": "단테2",
      "content": "<停下……>"
    },
    {
      "id": 91,
      "model": "단테2",
      "content": "<够了，各位。>"
    },
    {
      "id": 92,
      "content": "我现在只想得到一个解决方法。"
    },
    {
      "id": 93,
      "model": "단테2",
      "content": "<以实玛利，希斯克利夫。>"
    },
    {
      "id": 94,
      "model": "히스클리프",
      "content": "……怎么。"
    },
    {
      "id": 95,
      "model": "이스마엘",
      "content": "……"
    },
    {
      "id": 96,
      "model": "단테2",
      "content": "<你们两个，暂时不要一起工作了。不要见面，保持距离。>"
    },
    {
      "id": 97,
      "model": "단테2",
      "content": "<至少……在我想出办法管理你们两个之前，就先这样吧。>"
    },
    {
      "id": 98,
      "model": "히스클리프",
      "content": "我可不想看着她那张鬼脸。"
    },
    {
      "id": 99,
      "model": "이스마엘",
      "content": "……好。"
    },
    {
      "id": 100,
      "content": "就这样，这里的气氛沉寂下来，和这个阴沉的泥滩没什么两样了……"
    },
    {
      "id": 101,
      "model": "레인",
      "teller": "雷恩",
      "title": "臼齿修船厂",
      "content": "好了，好了……现在大概已经估计好要收集多少废料了，慢慢来吧。"
    },
    {
      "id": 102,
      "teller": "罪人们",
      "title": "LCB",
      "content": "……"
    },
    {
      "id": 103,
      "content": "我们又花费了数天时间与其余罪人一起收集废料。"
    }
  ]
}