{
  "dataList": [
    {
      "id": 0,
      "content": "对大家来说，日子一直过得很郁闷。"
    },
    {
      "id": 1,
      "content": "不过，奥提斯也许例外……"
    },
    {
      "id": 2,
      "model": "오티스",
      "content": "喂！这样连接的话吸气扇会出问题的！"
    },
    {
      "id": 3,
      "model": "미카",
      "teller": "美香",
      "title": "臼齿修船厂",
      "content": "那该怎么做啊？！线路分成了三条……"
    },
    {
      "id": 4,
      "model": "오티스",
      "content": "真是业余。让我亲自示范给你看。"
    },
    {
      "id": 5,
      "model": "오티스",
      "content": "哼，这种东西和我当年与工兵队一起指挥作战的时候相比……"
    },
    {
      "id": 6,
      "content": "……可能是对工坊相关技术了解颇多，奥提斯一直在帮助臼齿修船厂的人改造巴士。"
    },
    {
      "id": 7,
      "model": "이상",
      "content": "浮士德女士，难道罪人们的身份详情表上没有记录各位的偏好或者喜好吗？"
    },
    {
      "id": 8,
      "model": "파우스트",
      "content": "……我们并不记录如此详细的信息。"
    },
    {
      "id": 9,
      "model": "파우스트",
      "content": "李箱先生，我之前已经多次告知您，作为罪人的最优举措是以执行经理的决策优先……"
    },
    {
      "id": 10,
      "model": "올가",
      "teller": "奥尔佳",
      "title": "臼齿修船厂",
      "content": "喂~吵架和好的话，没有比喝酒更好的方式了吧？怎么样，要不要试试我珍藏的酒？"
    },
    {
      "id": 11,
      "model": "레인",
      "teller": "雷恩",
      "title": "臼齿修船厂",
      "content": "不会是……你之前一直在说的帝王废料蟹脑髓酿酒吧？"
    },
    {
      "id": 12,
      "model": "로쟈",
      "content": "哦……我确实也有点在意那个呢。"
    },
    {
      "id": 13,
      "model": "이상",
      "content": "不、不……我不会的。我会直接询问他们的。仍然感谢您的建议。"
    },
    {
      "id": 14,
      "model": "올가",
      "teller": "奥尔佳",
      "title": "臼齿修船厂",
      "content": "我觉得那样不行啊~"
    },
    {
      "id": 15,
      "content": "李箱为了解决希斯克利夫和以实玛利之间的纷争，努力想了很多办法。"
    },
    {
      "id": 16,
      "model": "료슈",
      "content": "吵·猪·折·脖。"
    },
    {
      "id": 17,
      "model": "뫼르소",
      "content": "不，这里说“吵·蟹·折·足”更好。"
    },
    {
      "id": 18,
      "model": "료슈",
      "content": "啧……嗯？"
    },
    {
      "id": 19,
      "model": "료슈",
      "content": "啊……是啊。也许，在他们还剩口气的时候，这样做也是一种追求艺术新方向的方式。"
    },
    {
      "id": 20,
      "model": "뫼르소",
      "content": "……并非提议给予它们更多痛苦，仅是提出正确烹饪方法。"
    },
    {
      "id": 21,
      "model": "미카",
      "teller": "美香",
      "title": "臼齿修船厂",
      "content": "那个……我们什么时候才能吃晚饭？你们已经这么聊了三十分钟了……"
    },
    {
      "id": 22,
      "model": "올가",
      "teller": "奥尔佳",
      "title": "臼齿修船厂",
      "content": "雷恩……我要死在这了……我都能从肚子里听见废料蟹的叫声了……"
    },
    {
      "id": 23,
      "model": "레인",
      "teller": "雷恩",
      "title": "臼齿修船厂",
      "content": "大姐，请振作起来……！"
    },
    {
      "id": 24,
      "content": "看来良秀和默尔索正在想办法让这些废料蟹变得更加美味。虽然我没有味蕾，也没有嘴巴，但……至少在外观上，它开始像真正的食物了。"
    },
    {
      "id": 25,
      "model": "로쟈",
      "content": "小不点们！它们往那边去了！"
    },
    {
      "id": 26,
      "model": "돈키호테",
      "content": "小不点~"
    },
    {
      "id": 27,
      "model": "크랲게",
      "teller": "废料蟹",
      "title": "？？？",
      "content": "呱啊！"
    },
    {
      "id": 28,
      "model": "돈키호테",
      "content": "——才不是吾！现在，辛克莱！最后便交给汝了！"
    },
    {
      "id": 29,
      "model": "싱클레어",
      "content": "格里高尔先生！我负责它的左腿！"
    },
    {
      "id": 30,
      "model": "그레고르",
      "content": "收到~哈呀！"
    },
    {
      "id": 31,
      "content": "其他大多数罪人都忙于狩猎废料蟹并收集废料。"
    },
    {
      "id": 32,
      "content": "他们也许已经熟能生巧。即使没有我的参与，每个人也都已经能够进行相当协调的进攻了。"
    },
    {
      "id": 33,
      "content": "至于希斯克利夫……"
    },
    {
      "id": 34,
      "place": "臼齿修船厂 入口",
      "model": "홍루",
      "content": "哇~格里高尔先生，你在炫耀你的烤肉技巧吗？"
    },
    {
      "id": 35,
      "model": "료슈",
      "content": "无趣。你的火焰缺乏才华。"
    },
    {
      "id": 36,
      "model": "싱클레어",
      "content": "等、等下！他只是在把它火化！"
    },
    {
      "id": 37,
      "model": "뫼르소",
      "content": "已取出。然而其似乎已失去作为食物的功能。"
    },
    {
      "id": 38,
      "model": "돈키호테",
      "content": "给、给吾吧！目前为止，吾只吃了三条腿！"
    },
    {
      "id": 39,
      "model": "이상",
      "content": "……啊！"
    },
    {
      "id": 40,
      "model": "이상",
      "content": "希斯克利夫先生！"
    },
    {
      "id": 41,
      "model": "히스클리프",
      "content": "……"
    },
    {
      "id": 42,
      "model": "단테2",
      "content": "<希斯克利夫……？>"
    },
    {
      "id": 43,
      "model": "히스클리프",
      "content": "啊，什么。那个，呃……"
    },
    {
      "id": 44,
      "model": "히스클리프",
      "content": "向导跟我面谈了一次。我现在……还好。"
    },
    {
      "id": 45,
      "model": "로쟈",
      "content": "只是面谈……？而已吗？"
    },
    {
      "id": 46,
      "model": "히스클리프",
      "content": "……呃。"
    },
    {
      "id": 47,
      "model": "히스클리프",
      "content": "总、总之！……我会尽量不惹麻烦……的。就是这样。"
    },
    {
      "id": 48,
      "model": "히스클리프",
      "content": "所以……能分我点吃的吗？"
    },
    {
      "id": 49,
      "content": "我不知道维吉里乌斯是否真的只是和希斯克利夫“谈了谈”，但是……"
    },
    {
      "id": 50,
      "content": "我很高兴，多亏他没有像往常那样坐视不管，他至少在这里让希斯克利夫冷静下来了。"
    },
    {
      "id": 51,
      "content": "但是，以实玛利……"
    },
    {
      "id": 52,
      "model": "베르길리우스",
      "content": "……但丁，借一步说话？"
    },
    {
      "id": 53,
      "model": "베르길리우스",
      "content": "哈啊，好吧……就算这个对话是单向的。"
    },
    {
      "id": 54,
      "model": "단테2",
      "content": "<……>"
    },
    {
      "id": 55,
      "model": "베르길리우스",
      "content": "我相信你应该已经听说过了……"
    },
    {
      "id": 56,
      "model": "베르길리우스",
      "content": "我同两位“问题儿童”进行了面谈。"
    },
    {
      "id": 57,
      "model": "베르길리우스",
      "content": "如你所见，对希斯克利夫的“教育”可谓是十分奏效。"
    },
    {
      "id": 58,
      "model": "베르길리우스",
      "content": "而以实玛利的问题……实际上还没有解决。"
    },
    {
      "id": 59,
      "model": "베르길리우스",
      "content": "更准确地说，是没理由去解决。"
    },
    {
      "id": 60,
      "model": "단테2",
      "content": "<你这是什么意思？>"
    },
    {
      "id": 61,
      "model": "베르길리우스",
      "content": "你一定在问我是什么意思。"
    },
    {
      "id": 62,
      "model": "베르길리우스",
      "content": "希望你不用什么都要我解释给你听，你很快就会明白的。"
    },
    {
      "id": 63,
      "model": "베르길리우스",
      "content": "毕竟……当保姆并不是我的职责，但丁经理。"
    },
    {
      "id": 64,
      "model": "단테2",
      "content": "<我明白……感谢你的体贴。>"
    },
    {
      "id": 65,
      "model": "베르길리우스",
      "content": "……希望以后不需要我再出面了。"
    },
    {
      "id": 66,
      "model": "베르길리우스",
      "content": "你可以把我刚刚和这两位的会谈认为是对你近期工作表现的小小嘉许。"
    },
    {
      "id": 67,
      "model": "베르길리우스",
      "content": "现在，我和臼齿事务所的收尾人们还有点事要谈。"
    },
    {
      "id": 68,
      "content": "……结果就是，以实玛利孤身一人，毫无进展可言。"
    },
    {
      "id": 69,
      "content": "根据修船厂那些人的说辞，以实玛利深夜一个人溜了出去，做了各种各样的准备。"
    },
    {
      "id": 70,
      "content": "即使我去看她，发现在那里闲逛的以实玛利并喊她过来时……"
    },
    {
      "id": 71,
      "place": "21区 后巷某处",
      "model": "이스마엘",
      "content": "……"
    },
    {
      "id": 72,
      "content": "无论我说什么，她都不做任何回应。"
    },
    {
      "id": 73,
      "content": "她不是在忽视我……而是仿佛全神贯注在某件事上了。"
    },
    {
      "id": 74,
      "content": "我该为她做点什么？不，我又能做点什么？"
    },
    {
      "id": 75,
      "content": "我仍无法给出明确的答案，但与此同时……"
    },
    {
      "id": 76,
      "content": "梅菲斯托费勒斯的改造工作快要迎来尾声了。"
    }
  ]
}