{
  "dataList": [
    {
      "id": 0,
      "place": "臼齿修船厂 入口",
      "content": "除了以实玛利的所有罪人都聚在一起，围观已经改造完毕的巴士。"
    },
    {
      "id": 1,
      "model": "돈키호테",
      "content": "哦哦！这就是巴士改造的最新样式吗？"
    },
    {
      "id": 2,
      "model": "이상",
      "content": "这是巴士船，还是船巴士？"
    },
    {
      "id": 3,
      "model": "단테2",
      "content": "<我的话感觉应该是巴士船？>"
    },
    {
      "id": 4,
      "model": "싱클레어",
      "content": "车轮都放哪去了？完成了在U公司的工作后，我们会再需要它们的……"
    },
    {
      "id": 5,
      "model": "오티스",
      "content": "无用的担心。它已被改装成为水陆两用，当然可以在船与巴士的形态中来回切换。"
    },
    {
      "id": 6,
      "model": "그레고르",
      "content": "这是什么，某种成为现实的魔法巴士吗……？"
    },
    {
      "id": 7,
      "model": "파우스트",
      "content": "梅菲斯托费勒斯拥有无数可能性，这意味着它能够发挥各种功能。浮士德不是曾阐述过这个细节吗？"
    },
    {
      "id": 8,
      "model": "미카",
      "teller": "美香",
      "title": "臼齿修船厂",
      "content": "好了好了，不必多说了……发动引擎。"
    },
    {
      "id": 9,
      "model": "돈키호테",
      "content": "唔……"
    },
    {
      "id": 10,
      "content": "当美香进行操控的时候，巴士……不，船……不，巴士船发出隆隆的响声，并摇晃发动起来……"
    },
    {
      "id": 11,
      "model": "단테2",
      "content": "<嗯？！>"
    },
    {
      "id": 12,
      "content": "然后随着我们之前听到过的……如同悲鸣般的怪声，巴士的发动机“嘭”一声停了下来。"
    },
    {
      "id": 13,
      "model": "미카",
      "teller": "美香",
      "title": "臼齿修船厂",
      "content": "嗯……我们可能漏掉了点什么。也许是形态转换器出了问题？"
    },
    {
      "id": 14,
      "model": "로쟈",
      "content": "哇啊~我感觉我的耳膜要爆了。会是什么导致发出这种声音的呢？"
    },
    {
      "id": 15,
      "model": "레인",
      "teller": "雷恩",
      "title": "臼齿修船厂",
      "content": "美香……我想可能是我们不得不以我们所有的东西将就着用的那部分。"
    },
    {
      "id": 16,
      "model": "오티스",
      "content": "什么？你刚刚是不是说了“将就着用”？"
    },
    {
      "id": 17,
      "model": "미카",
      "teller": "美香",
      "title": "臼齿修船厂",
      "content": "我、我们别无选择！库存里的零件不太足……"
    },
    {
      "id": 18,
      "model": "미카",
      "teller": "美香",
      "title": "臼齿修船厂",
      "content": "有些部件原本是无可替代的，不过……"
    },
    {
      "id": 19,
      "model": "단테2",
      "content": "<……！>"
    },
    {
      "id": 20,
      "model": "레인",
      "teller": "雷恩",
      "title": "臼齿修船厂",
      "content": "……这，不是发动机的声音吧？"
    },
    {
      "id": 21,
      "model": "파우스트",
      "content": "是我们之前遇到过的巨大变异体。它正朝这边袭来。"
    },
    {
      "id": 22,
      "model": "이상",
      "content": "它很可能是被和之前一样的喧闹声吸引到这里的。"
    },
    {
      "id": 23,
      "model": "올가",
      "teller": "奥尔佳",
      "title": "臼齿修船厂",
      "content": "哼哼，正好~"
    },
    {
      "id": 24,
      "model": "올가",
      "teller": "奥尔佳",
      "title": "臼齿修船厂",
      "content": "那个大块头背上正是我们所缺的零件。对吧？"
    },
    {
      "id": 25,
      "model": "미카",
      "teller": "美香",
      "title": "臼齿修船厂",
      "content": "嗯……是的。"
    },
    {
      "id": 26,
      "model": "레인",
      "teller": "雷恩",
      "title": "臼齿修船厂",
      "content": "大姐，你真的要……？"
    },
    {
      "id": 27,
      "model": "올가",
      "teller": "奥尔佳",
      "title": "臼齿修船厂",
      "content": "没错~那就是那些昂贵且难以制作的零件，不是吗？"
    },
    {
      "id": 28,
      "model": "레인",
      "teller": "雷恩",
      "title": "臼齿修船厂",
      "content": "你忘了它是怎么杀害其他修船厂的员工的了吗？"
    },
    {
      "id": 29,
      "model": "올가",
      "teller": "奥尔佳",
      "title": "臼齿修船厂",
      "content": "好啦，这不是因为我们在寻找这个混蛋身上的零件，而是因为它突然来袭击我们了。"
    },
    {
      "id": 30,
      "model": "올가",
      "teller": "奥尔佳",
      "title": "臼齿修船厂",
      "content": "但现在~有这么多能够帮助我们的人呢。"
    },
    {
      "id": 31,
      "model": "올가",
      "teller": "奥尔佳",
      "title": "臼齿修船厂",
      "content": "此外，它还害死了那些在我们无家可归时帮助我们创办臼齿修船厂的人，不是吗？现在正是个给它来一顿痛打的好时机。"
    },
    {
      "id": 32,
      "model": "올가",
      "teller": "奥尔佳",
      "title": "臼齿修船厂",
      "content": "然后再用它的脑汁给我多酿点酒……"
    },
    {
      "id": 33,
      "model": "레인",
      "teller": "雷恩",
      "title": "臼齿修船厂",
      "content": "……大姐？"
    },
    {
      "id": 34,
      "model": "로쟈",
      "content": "我、我们也能来点吗？"
    },
    {
      "id": 35,
      "model": "싱클레어",
      "content": "我、我们？"
    },
    {
      "id": 36,
      "model": "미카",
      "teller": "美香",
      "title": "臼齿修船厂",
      "content": "嗯……这只帝王废料蟹应该存活了很长时间了。所以肯定跟之前的那只是同一只。"
    },
    {
      "id": 37,
      "model": "히스클리프",
      "content": "总之……我们要做的就是抓住并杀死那个混蛋，不就完了吗？"
    },
    {
      "id": 38,
      "model": "올가",
      "teller": "奥尔佳",
      "title": "臼齿修船厂",
      "content": "没错~"
    },
    {
      "id": 39,
      "model": "히스클리프",
      "content": "你也听见了，钟表头。"
    },
    {
      "id": 40,
      "content": "希斯克利夫回头看着我，显然很想去砸碎一些甲壳。"
    },
    {
      "id": 41,
      "model": "이스마엘",
      "content": "不这么做。这对我们来说不是更好吗？"
    },
    {
      "id": 42,
      "model": "단테2",
      "content": "<以实玛利？！>"
    },
    {
      "id": 43,
      "model": "로쟈",
      "content": "哈，以实……你这段时间都去哪了？"
    },
    {
      "id": 44,
      "model": "이스마엘",
      "content": "很明显，当然是在为我们能在大湖中生存做准备。"
    },
    {
      "id": 45,
      "model": "이스마엘",
      "content": "我至少可以做一份关于鲸的详尽指南供你学习研究，不是吗？"
    },
    {
      "id": 46,
      "model": "로쟈",
      "content": "你知道我不会读这种东西……"
    },
    {
      "id": 47,
      "model": "이스마엘",
      "content": "那我就会一直提醒你，直到你除了读它以外别无选择为止。"
    },
    {
      "id": 48,
      "model": "이스마엘",
      "content": "经理，看到了吗？我们还需要更多时间。还有很多事要做好准备。"
    },
    {
      "id": 49,
      "model": "이스마엘",
      "content": "我们只需要击退那只帝王废料蟹，不是吗？那我们就这么办，然后晚点再改造巴士。这样我们就能够争取更多的时间……"
    },
    {
      "id": 50,
      "model": "단테2",
      "content": "<以实玛利……我不知道。当然，可能我缺失的记忆使我什么也感受不到，但是……>"
    },
    {
      "id": 51,
      "model": "이스마엘",
      "content": "……"
    },
    {
      "id": 52,
      "model": "단테2",
      "content": "<我不知道你在惧怕着什么，我也不明白我们需要为其而准备些什么。>"
    },
    {
      "id": 53,
      "model": "단테2",
      "content": "<虽然我很想遵从你的意见并采纳实践它们……但我并不觉得这对所有人都好。所以——>"
    },
    {
      "id": 54,
      "model": "이스마엘",
      "content": "所有人，这没有什么“所有人”。"
    },
    {
      "id": 55,
      "model": "단테2",
      "content": "<……嗯？>"
    },
    {
      "id": 56,
      "model": "이스마엘",
      "content": "老实说。我们中真的有人为了“所有人”而献身过吗？"
    },
    {
      "id": 57,
      "model": "이스마엘",
      "content": "我们都是为了实现自己的目的而与边狱公司签订了合同。我签了，李箱先生也签了，就像我们上次看到的那样，其他所有的罪人也都签了。"
    },
    {
      "id": 58,
      "model": "이스마엘",
      "content": "到头来我们聚在一起不就是为了实现我们个人的目的吗？"
    },
    {
      "id": 59,
      "model": "이스마엘",
      "content": "还有你也是……"
    },
    {
      "id": 60,
      "model": "이스마엘",
      "content": "你强迫自己去四处寻找那些金枝，那些你也许一生中都不曾听说过的东西，也只是为了找回你的记忆而已。"
    },
    {
      "id": 61,
      "model": "이스마엘",
      "content": "你的动机比这里的任何人都要自私，为什么你还要假装正在为我们做些什么呢？"
    },
    {
      "id": 62,
      "model": "오티스",
      "content": "你怎敢这样大声顶撞经理……"
    },
    {
      "id": 63,
      "model": "베르길리우스",
      "content": "够了。"
    },
    {
      "id": 64,
      "model": "오티스",
      "content": "……嘁。"
    },
    {
      "id": 65,
      "content": "维吉里乌斯似乎一直在悄悄地偷听我们之间的谈话，他毫不在意地加入了进来，就好像他一直都参与其中。"
    },
    {
      "id": 66,
      "model": "베르길리우스",
      "content": "以实玛利。我想在我们面谈时我已经说得很清楚了。"
    },
    {
      "id": 67,
      "model": "베르길리우스",
      "content": "以履行“合同”为第一位。"
    },
    {
      "id": 68,
      "model": "이스마엘",
      "content": "……哈啊，合同。"
    },
    {
      "id": 69,
      "model": "이스마엘",
      "content": "当然，我在为一家公司工作。这是理所当然的事。"
    },
    {
      "id": 70,
      "content": "以实玛利瞪着我，脸上的表情与她以前所表现出来的截然不同。"
    },
    {
      "id": 71,
      "content": "我从她的眼中……能感受到明显的敌意。"
    },
    {
      "id": 72,
      "model": "이스마엘",
      "content": "好吧，我会履行这份光荣的合同。经理。下达你的命令吧，我会遵从的。"
    },
    {
      "id": 73,
      "model": "이스마엘",
      "content": "所以，从现在起如果你想从我这得到些什么，那就说出来吧。说得清清楚楚。"
    },
    {
      "id": 74,
      "model": "이스마엘",
      "content": "我想我以后再也不会主动地提供任何帮助或解释了。"
    },
    {
      "id": 75,
      "model": "단테2",
      "content": "<……>"
    },
    {
      "id": 76,
      "model": "이스마엘",
      "content": "我们还在等什么呢？你不是要命令我们去杀了那只巨型甲壳生物吗？我很乐意服从合同的规定，但丁经理。"
    },
    {
      "id": 77,
      "content": "以实玛利说完后，她茫然地看着我，似乎在等待我的命令……"
    },
    {
      "id": 78,
      "content": "我只能这么说："
    },
    {
      "id": 79,
      "model": "단테2",
      "content": "<……上吧。>"
    },
    {
      "id": 80,
      "content": "我刚说完，以实玛利就迅速转过身离开了店铺，好似接收到信号一般。"
    },
    {
      "id": 81,
      "content": "我所能做的就只是带领着其他罪人并跟随她。"
    },
    {
      "id": 82,
      "model": "단테2",
      "content": "<……！>"
    },
    {
      "id": 83,
      "content": "就在那时，"
    },
    {
      "id": 84,
      "content": "我听到了汹涌海浪拍击的声音，以及席卷一切的风暴的咆哮声。"
    },
    {
      "id": 85,
      "content": "紧接着，毁灭性的景象在我眼前掠过。"
    },
    {
      "id": 86,
      "content": "人的肢体和肉块在刀锋般的暴风雨中被撕裂，海浪随之汹涌而来，船上的以实玛利拼命抓住船忍耐着，"
    },
    {
      "id": 87,
      "content": "……还有一只庞然大物般仿佛能吞噬一切的眼睛，那令人窒息的巨大形体笼罩在船上，默默地注视着她。"
    },
    {
      "id": 88,
      "content": "也许……这可能就是以实玛利令人费解行为的线索。"
    }
  ]
}