{
  "dataList": [
    {
      "id": 0,
      "content": "据维吉里乌斯所说。"
    },
    {
      "id": 1,
      "content": "船厂的人们一直在为回一趟V公司的后巷攒钱，那里曾经是他们的收尾人事务所。"
    },
    {
      "id": 2,
      "content": "显然，在经历过一次WARP列车抛锚事故之后，他们更愿意选择乘坐汽车出行。"
    },
    {
      "id": 3,
      "content": "……我考虑过是否要将我从这些人身上学到的东西告诉他们，但我觉得无知是福，因此最终决定闭口不言。"
    },
    {
      "id": 4,
      "content": "……也或许是我担心说出去的话会再次带来不好的结果。"
    },
    {
      "id": 5,
      "content": "就像以实玛利和我的关系是怎么变成了这样。"
    },
    {
      "id": 6,
      "place": "臼齿修船厂 入口",
      "model": "미카",
      "teller": "美香",
      "title": "臼齿修船厂",
      "content": "快点……给我动起来啊……"
    },
    {
      "id": 7,
      "model": "올가",
      "teller": "奥尔佳",
      "title": "臼齿修船厂",
      "content": "噢~！我们搞定了！"
    },
    {
      "id": 8,
      "model": "미카",
      "teller": "美香",
      "title": "臼齿修船厂",
      "content": "呼……看起来我们的活儿完成了。"
    },
    {
      "id": 9,
      "model": "레인",
      "teller": "雷恩",
      "title": "臼齿修船厂",
      "content": "然后……幸运的是，刚好涨潮了。你们现在就能走了。"
    },
    {
      "id": 10,
      "model": "미카",
      "teller": "美香",
      "title": "臼齿修船厂",
      "content": "那么，现在……切换到船形态！"
    },
    {
      "id": 11,
      "model": "돈키호테",
      "content": "噢噢噢噢？！它就要变形了吗！"
    },
    {
      "id": 12,
      "model": "미카",
      "teller": "美香",
      "title": "臼齿修船厂",
      "content": "我不得不说，我对这辆车的设计者非常钦佩。我曾听过它的故事，但还是头一次亲眼看到它正在运行……"
    },
    {
      "id": 13,
      "model": "미카",
      "teller": "美香",
      "title": "臼齿修船厂",
      "content": "只要这辆车的核心部件还在，改成其他形态就应该没有问题哦？"
    },
    {
      "id": 14,
      "model": "미카",
      "teller": "美香",
      "title": "臼齿修船厂",
      "content": "这样的核心怎么可能在现实中存在？我只能说……“棒呆了”，这是我唯一能想到的描述了。"
    },
    {
      "id": 15,
      "model": "파우스트",
      "content": "事实上，浮士德确实棒呆了。"
    },
    {
      "id": 16,
      "model": "레인",
      "teller": "雷恩",
      "title": "臼齿修船厂",
      "content": "好，现在……请都登上去吧。下水的时候转换一下模式就行。"
    },
    {
      "id": 17,
      "place": "大湖",
      "content": "于是，坐着船形态的梅菲斯托费勒斯，我们开始在缓缓上升的海水中前行。"
    },
    {
      "id": 18,
      "content": "我和以实玛利的关系仍旧不太稳定，而我对此尚且束手无策……"
    },
    {
      "id": 19,
      "content": "目前也有几名罪人在支持以实玛利，我觉得还是在此期间想出对策为佳。"
    },
    {
      "id": 20,
      "content": "也许我们去大湖，能学到些别的东西。"
    },
    {
      "id": 21,
      "place": "臼齿修船厂 港口",
      "model": "레인",
      "teller": "雷恩",
      "title": "臼齿修船厂",
      "content": "嗯，有在好好地行驶。"
    },
    {
      "id": 22,
      "model": "올가",
      "teller": "奥尔佳",
      "title": "臼齿修船厂",
      "content": "意思是我们现在就能拿到报酬然后出去下馆子了？"
    },
    {
      "id": 23,
      "model": "레인",
      "teller": "雷恩",
      "title": "臼齿修船厂",
      "content": "我们早些时候就已经拿到钱了。合同刚刚履行完毕，Девять*协会就派了一名收尾人前来结清尾款。\n*Девять为俄语的“九”。"
    },
    {
      "id": 24,
      "model": "올가",
      "teller": "奥尔佳",
      "title": "臼齿修船厂",
      "content": "哇~我们委托方的规模可比我们想象的大多了，不是吗？"
    },
    {
      "id": 25,
      "model": "올가",
      "teller": "奥尔佳",
      "title": "臼齿修船厂",
      "content": "太棒了~这下有钱了！今晚就不吃废料蟹了，我们挥霍一下，来点猪肉如何？烤五花肉？"
    },
    {
      "id": 26,
      "model": "레인",
      "teller": "雷恩",
      "title": "臼齿修船厂",
      "content": "听着不错啊，大姐。"
    },
    {
      "id": 27,
      "model": "올가",
      "teller": "奥尔佳",
      "title": "臼齿修船厂",
      "content": "哈哈哈！……对了，美香。"
    },
    {
      "id": 28,
      "model": "미카",
      "teller": "美香",
      "title": "臼齿修船厂",
      "content": "我在？"
    },
    {
      "id": 29,
      "model": "올가",
      "teller": "奥尔佳",
      "title": "臼齿修船厂",
      "content": "我们改造的时候……有加潜水功能吗？"
    },
    {
      "id": 30,
      "model": "미카",
      "teller": "美香",
      "title": "臼齿修船厂",
      "content": "我们……应该没有吧？"
    },
    {
      "id": 31,
      "model": "레인",
      "teller": "雷恩",
      "title": "臼齿修船厂",
      "content": "船看着像是正在向一侧倾斜……"
    },
    {
      "id": 32,
      "model": "히스클리프",
      "content": "喂！赶快把水舀出去！"
    },
    {
      "id": 33,
      "model": "싱클레어",
      "content": "水桶呢！水桶在哪儿？！"
    },
    {
      "id": 34,
      "model": "이상",
      "content": "我找到了一个洞！在这里……"
    },
    {
      "id": 35,
      "model": "료슈",
      "content": "亦·见。"
    },
    {
      "id": 36,
      "model": "카론",
      "content": "要出发了，咕噜咕噜。"
    },
    {
      "id": 37,
      "model": "이스마엘",
      "content": "唉……"
    },
    {
      "id": 38,
      "model": "레인",
      "teller": "雷恩",
      "title": "臼齿修船厂",
      "content": "……我去把救生艇拿出来。"
    },
    {
      "id": 39,
      "model": "미카",
      "teller": "美香",
      "title": "臼齿修船厂",
      "content": "我们大概得准备好支付违约金了……"
    },
    {
      "id": 40,
      "model": "올가",
      "teller": "奥尔佳",
      "title": "臼齿修船厂",
      "content": "哈哈……又泡汤了。"
    },
    {
      "id": 41
    },
    {
      "id": 42
    },
    {
      "id": 43,
      "content": "……通过我们对排水的努力尝试，以及卡戎精湛的划船技术……"
    },
    {
      "id": 44,
      "content": "我们得以安全回到了修船厂，修好了巴士，然后再度启航……"
    },
    {
      "id": 45,
      "content": "就这样，我们的大湖之旅正式开始了……"
    }
  ]
}