{
  "dataList": [
    {
      "id": 1,
      "place": "梅菲斯托费勒斯 船舱",
      "content": "我们在大湖上漂浮的时间越久，罪人们能乐在其中的事情也就越少。"
    },
    {
      "id": 2,
      "content": "从某种程度上来说，这似乎是个很严重的问题，但……"
    },
    {
      "id": 3,
      "model": "로쟈",
      "content": "啊~有什么有意思的……"
    },
    {
      "id": 4,
      "model": "오티스",
      "content": "事可做吗？能把同一句话说上30遍也算是种能耐了。如果你在说过之后立马又忘了的话……"
    },
    {
      "id": 5,
      "model": "뫼르소",
      "content": "确切来说是28遍。如果到了第30遍，我便计划检查其枕骨区是否受到损伤。"
    },
    {
      "id": 6,
      "model": "로쟈",
      "content": "我懂，我懂。我就是太无聊了好吧。"
    },
    {
      "id": 7,
      "model": "로쟈",
      "content": "实在是无事可做了呀~我已经厌倦下西洋双陆棋了。"
    },
    {
      "id": 8,
      "model": "그레고르",
      "content": "很好。那你就去喂这只海鸥吧。难不成都忘了在你们都厌倦了之后，就只有我一个人在喂它了吗？"
    },
    {
      "id": 9,
      "model": "이스마엘",
      "content": "讲真……反正我们在驶出大湖时都会放了这只海鸥，为什么你还要对它如此倾注感情呢？"
    },
    {
      "id": 10,
      "model": "그레고르",
      "content": "看着它的眼睛……很可怜不是吗……"
    },
    {
      "id": 11,
      "model": "이스마엘",
      "content": "海鸥的眼神不都长那样吗？"
    },
    {
      "id": 12,
      "model": "단테",
      "content": "<……>"
    },
    {
      "id": 13,
      "content": "正如看到的那样，无聊到要死的罪人数量正在增加。"
    },
    {
      "id": 14,
      "content": "不过……我既没有想到什么好的解决方法，失忆的我也讲不出什么有趣的故事……"
    },
    {
      "id": 15,
      "content": "我只能坐在这看着罪人们活受罪。"
    },
    {
      "id": 16,
      "content": "让他们每天去镜像迷宫里辛勤劳作也不是什么好的解决方法……"
    },
    {
      "id": 17,
      "model": "히스클리프",
      "content": "……"
    },
    {
      "id": 18,
      "content": "说到这，在这场骚乱中最沉着的人是希斯克利夫。"
    },
    {
      "id": 19,
      "content": "不……与其说是沉着。"
    },
    {
      "id": 20,
      "model": "히스클리프",
      "content": "……咳。嗯。"
    },
    {
      "id": 21,
      "content": "不如说看上去还有点焦虑。"
    },
    {
      "id": 22,
      "model": "히스클리프",
      "content": "……呃，咳。那个。维……"
    },
    {
      "id": 23,
      "model": "히스클리프",
      "content": "维吉里乌斯。"
    },
    {
      "id": 24,
      "model": "로쟈",
      "content": "."
    },
    {
      "id": 25,
      "model": "그레고르",
      "content": ".."
    },
    {
      "id": 26,
      "model": "뫼르소",
      "content": "…"
    },
    {
      "id": 27,
      "model": "이스마엘",
      "content": "…？"
    },
    {
      "id": 28,
      "content": "巴士内的气氛瞬间降至冰点。"
    },
    {
      "id": 29,
      "content": "原因很明显……就是因为眼前出现了难以料想的场面。"
    },
    {
      "id": 30,
      "model": "베르길리우스",
      "content": "……嗯。"
    },
    {
      "id": 31,
      "model": "이스마엘",
      "content": "哦……希斯克利夫？你终于？还是疯了吗？"
    },
    {
      "id": 32,
      "model": "로쟈",
      "content": "是面谈的副作用吗？无畏综合症……之类的？"
    },
    {
      "id": 33,
      "model": "단테",
      "content": "<希、希斯克利夫……>"
    },
    {
      "id": 34,
      "model": "히스클리프",
      "content": "都闭嘴！我没有疯，也没失去恐惧感！"
    },
    {
      "id": 35,
      "model": "베르길리우스",
      "content": "……不错，希斯克利夫。"
    },
    {
      "id": 36,
      "model": "베르길리우스",
      "content": "在经过这一系列旅程后……可以说，我很少像此刻这样感到惊讶。"
    },
    {
      "id": 37,
      "model": "베르길리우스",
      "content": "说吧。叫我有什么事？"
    },
    {
      "id": 38,
      "model": "히스클리프",
      "content": "那个，怎么说呢。"
    },
    {
      "id": 39,
      "model": "히스클리프",
      "content": "下一个目的地是……T公司，对吧？"
    },
    {
      "id": 40,
      "model": "베르길리우스",
      "content": "……我没必要特意回答这个问题吧？"
    },
    {
      "id": 41,
      "model": "히스클리프",
      "content": "你……知道的。我为什么会问这个。"
    },
    {
      "id": 42,
      "model": "베르길리우스",
      "content": "……嗯。"
    },
    {
      "id": 43,
      "model": "베르길리우스",
      "content": "嘛，不要这么焦急。你们一个个，都缺乏耐心的美德啊……"
    },
    {
      "id": 44,
      "model": "베르길리우스",
      "content": "如果一切顺利的话，你便能够准时赴“约”。"
    },
    {
      "id": 45,
      "content": "由于我对这些话之间的关联性一头雾水，便只能坐在这看着希斯克利夫挠着他的后脑勺。"
    },
    {
      "id": 46,
      "content": "即使我不太理解这一切……但看到一个被维吉里乌斯狠狠教训过一顿的人还如此心神不定地跟他交流，他一定是有什么要紧的事。"
    },
    {
      "id": 47,
      "model": "히스클리프",
      "content": "不，有比约定还要重要的事……啊。"
    },
    {
      "id": 48,
      "content": "突然，希斯克利夫转向了我们。"
    },
    {
      "id": 49,
      "model": "히스클리프",
      "content": "喂，你们当中……"
    },
    {
      "id": 50,
      "model": "히스클리프",
      "content": "那什么，唉……跟T公司有关联的人。把手举起来。"
    },
    {
      "id": 51,
      "teller": "罪人们",
      "title": "LCB",
      "content": "……"
    },
    {
      "id": 52,
      "model": "이상",
      "content": "嗯……我举手。如你所知，过去我曾在T公司生活过一段时间。"
    },
    {
      "id": 53,
      "model": "히스클리프",
      "content": "不，你的那部分已经过去了不是吗？"
    },
    {
      "id": 54,
      "model": "이상",
      "content": "嗯。"
    },
    {
      "id": 55,
      "model": "히스클리프",
      "content": "……那么果然，也……是时候了……"
    },
    {
      "id": 56,
      "model": "히스클리프",
      "content": "但我们还在这个疯狂的大湖里……"
    },
    {
      "id": 57,
      "model": "히스클리프",
      "content": "钟表头！今天几号了？"
    },
    {
      "id": 58,
      "model": "단테",
      "content": "<我……不知道。>"
    },
    {
      "id": 59,
      "model": "히스클리프",
      "content": "啊？头顶着那么大块表怎么会不知道今天几号了？！哈……"
    },
    {
      "id": 60,
      "model": "단테",
      "content": "<不，钟表跟日历是完全不同的东西吧……>"
    },
    {
      "id": 61,
      "model": "히스클리프",
      "content": "哈……"
    },
    {
      "id": 62,
      "model": "로쟈",
      "content": "哎哟，希斯！这都是第三十次叹气了！稍微检查一下巴士的地板，说不定下面就藏着一堆从希斯那逃出来的幸福。"
    },
    {
      "id": 63,
      "model": "이스마엘",
      "content": "……直说吧，希斯克利夫。要轮到你了不是吗？"
    },
    {
      "id": 64,
      "model": "이스마엘",
      "content": "看来无论如何，是有进行准备的必要了。"
    },
    {
      "id": 65,
      "model": "히스클리프",
      "content": "……"
    },
    {
      "id": 66,
      "model": "히스클리프",
      "content": "哈，事已至此……我也没什么好隐瞒的了。"
    },
    {
      "id": 67,
      "content": "过了一段时间……"
    },
    {
      "id": 68,
      "model": "그레고르",
      "content": "所以，总的来说……"
    },
    {
      "id": 69,
      "model": "그레고르",
      "content": "在以实玛利之后，看来现在轮到希斯克利夫了。"
    },
    {
      "id": 70,
      "model": "그레고르",
      "content": "而且他有相当充分的理由确信这点，因为在他们上次的面谈中，维吉里乌斯交给他的某样东西证实了他的猜测。"
    },
    {
      "id": 71,
      "model": "그레고르",
      "content": "根据那个东西所示，在前往T公司时，需要确保得有一套华丽体面的服装来打扮好自己……"
    },
    {
      "id": 72,
      "model": "홍루",
      "content": "但由于我们一直在大湖上漂泊，你开始心急如焚不知道该干些什么才好了对吧？"
    },
    {
      "id": 73,
      "model": "히스클리프",
      "content": "没错！所以说……"
    },
    {
      "id": 74,
      "model": "그레고르",
      "content": "顺带一提……这个问题得到靠岸之后才能解决不是吗？"
    },
    {
      "id": 75,
      "model": "히스클리프",
      "content": "啊……"
    },
    {
      "id": 76,
      "model": "로쟈",
      "content": "哦哟，这就是你这么紧张激动的原因？希斯，靠岸后我会尽我所能帮你解决这些问题的，别担心啦~"
    },
    {
      "id": 77,
      "model": "히스클리프",
      "content": "我们甚至不知道什么时候能够靠岸……"
    },
    {
      "id": 78,
      "model": "파우스트",
      "content": "但丁，罪人们预定中的工作结束时间到了。"
    },
    {
      "id": 79,
      "model": "단테",
      "content": "<诶？啊……>"
    },
    {
      "id": 80,
      "model": "단테",
      "content": "<我批准罪人结束工作……>"
    },
    {
      "id": 81,
      "content": "随着轻微的警报声响起，我条件反射地进行了例行公事……"
    },
    {
      "id": 82,
      "model": "그레고르",
      "content": "哈，这没什么大不了的~呼啊。"
    },
    {
      "id": 83,
      "model": "료슈",
      "content": "我还想着能再次看到血染遍野的独幕剧呢，嘁。"
    },
    {
      "id": 84,
      "model": "이스마엘",
      "content": "算了，这次他没有试图挑起事端倒是挺好的。"
    },
    {
      "id": 85,
      "content": "罪人们各自从他们的座位上站起来，打着哈欠伸着懒腰，一个接一个地走进了后门。"
    },
    {
      "id": 86,
      "model": "단테",
      "content": "<……>"
    },
    {
      "id": 87,
      "model": "히스클리프",
      "content": "钟表头……不知道你的智力是不是跟你的头一起被扔掉了……"
    },
    {
      "id": 88,
      "model": "단테",
      "content": "<抱、抱歉……>"
    },
    {
      "id": 89,
      "model": "단테",
      "content": "<但，格里高尔也没完全说错吧……？>"
    },
    {
      "id": 90,
      "model": "히스클리프",
      "content": "你就不能委婉点说吗！啊……"
    },
    {
      "id": 91,
      "content": "维吉里乌斯和卡戎也带着嘲笑的表情消失在了后门。"
    },
    {
      "id": 92,
      "content": "船舱里只剩下处于空虚沮丧状态的希斯克利夫和陷入困境之中的我。"
    },
    {
      "id": 93,
      "model": "돈키호테",
      "content": "咳嗯！"
    },
    {
      "id": 94,
      "content": "不。"
    },
    {
      "id": 95,
      "content": "还有一个人没走。"
    },
    {
      "id": 96,
      "model": "돈키호테",
      "content": "希斯克利夫先生！"
    },
    {
      "id": 97,
      "model": "히스클리프",
      "content": "你还留在这干什么？赶紧一边去吧，然后眉飞色舞地描绘期待那些只能在T公司才能见到的收尾人老爷们。"
    },
    {
      "id": 98,
      "model": "돈키호테",
      "content": "唔哼，那种事情之后再做也不迟。比起那个，希斯克利夫先生！汝最好对吾好一点。"
    },
    {
      "id": 99,
      "model": "히스클리프",
      "content": "你什么……"
    },
    {
      "id": 100,
      "model": "돈키호테",
      "content": "等等啊啊啊啊！吾话还没说完呢！跟经理老爷一起过来。悄悄地！最好悄悄地过来！"
    },
    {
      "id": 101,
      "content": "堂吉诃德带着得意洋洋的表情缓缓地前进着，来到了空无一人的卡戎座位前……"
    },
    {
      "id": 102,
      "content": "她悄悄地对我们说。"
    },
    {
      "id": 103,
      "model": "돈키호테",
      "content": "吾，为汝想出了一个绝妙的计划。"
    }
  ]
}