{
  "dataList": [
    {
      "id": 1,
      "place": "梅菲斯托费勒斯 船舱",
      "model": "히스클리프",
      "content": "那么……你口中那个绝妙的计划到底是什么？"
    },
    {
      "id": 2,
      "content": "希斯克利夫脸上的表情复杂到难以用语言形容。"
    },
    {
      "id": 3,
      "content": "虽然很明显他并没对堂吉诃德的计划抱有什么期待，但他的表情似乎又流露出一些，也许，说不定……这样的内心想法。"
    },
    {
      "id": 4,
      "model": "돈키호테",
      "content": "嗯哼哼……"
    },
    {
      "id": 5,
      "content": "不知道堂吉诃德是否察觉到了希斯克利夫这纠结的心情。她开始充满期待地、兴奋地讲述她的计划。"
    },
    {
      "id": 6,
      "model": "돈키호테",
      "content": "希斯克利夫先生，汝可曾听过那位来自Девять协会……那位很久以前的传奇收尾人，冬红布袋的故事吗？"
    },
    {
      "id": 7,
      "model": "히스클리프",
      "content": "冬红……什么，像维吉里乌斯一样吗？"
    },
    {
      "id": 8,
      "model": "돈키호테",
      "content": "冬红布袋……与他的助手驯鹿人一同，穿梭于都市每处！无论是多么严酷的环境，他们都必定能完成派送任务。"
    },
    {
      "id": 9,
      "model": "돈키호테",
      "content": "特别！是在圣诞节时，据说他会无偿给都市里的好孩子们分发礼物。"
    },
    {
      "id": 10,
      "model": "돈키호테",
      "content": "嗯，他明明每年冬天都会出现在收尾人杂志的封面上。汝为何会不认识他呢？"
    },
    {
      "id": 11,
      "content": "堂吉诃德用难以置信的语气说道。"
    },
    {
      "id": 12,
      "model": "히스클리프",
      "content": "你觉得我会读那种玩意吗……？"
    },
    {
      "id": 13,
      "model": "돈키호테",
      "content": "啊哈，此言过甚！经理老爷！汝一定听说过吧？"
    },
    {
      "id": 14,
      "model": "단테",
      "content": "<……>"
    },
    {
      "id": 15,
      "content": "我觉得少说几句话可能更好，于是只是用手轻轻敲了敲头顶滴答作响的时钟。"
    },
    {
      "id": 16,
      "model": "돈키호테",
      "content": "结果……无人订阅吗……亏吾还如此努力地向汝等高声推荐……"
    },
    {
      "id": 17,
      "model": "돈키호테",
      "content": "无论如何！重要的是希斯克利夫先生必须打扮得既出色又时髦，不输给任何人，不是吗！"
    },
    {
      "id": 18,
      "model": "히스클리프",
      "content": "终于回到正题上了。继续说吧。"
    },
    {
      "id": 19,
      "model": "돈키호테",
      "content": "吾深知！作为打扮参考的最佳典范，正是冬红布袋和他的助手驯鹿人的装束！"
    },
    {
      "id": 20,
      "model": "히스클리프",
      "content": "哈……有种不好的预感啊。"
    },
    {
      "id": 21,
      "model": "히스클리프",
      "content": "难道是那种像燃烧夕阳的什么什么一样的奇怪衣服吗？"
    },
    {
      "id": 22,
      "model": "돈키호테",
      "content": "完全不奇怪！而且汝都未曾亲自cosplay过“燃烧夕阳的收尾人”，怎能如此评判！连衣服都未曾亲自试穿，就别说这种话语！！"
    },
    {
      "id": 23,
      "model": "히스클리프",
      "content": "还在想你这么嚣张要干什么……原来又来收尾人那一套废话。"
    },
    {
      "id": 24,
      "model": "히스클리프",
      "content": "哈啊……现在没什么力气，总之之后再给你来五下……"
    },
    {
      "id": 25,
      "content": "正当信赖两个字逐渐从希斯克利夫的表情中消失之时。"
    },
    {
      "id": 26,
      "model": "돈키호테",
      "content": "……那汝想想迄今所见的收尾人究竟如何吧。"
    },
    {
      "id": 27,
      "model": "히스클리프",
      "content": "啊？"
    },
    {
      "id": 28,
      "model": "돈키호테",
      "content": "那些收尾人们看上去可笑吗？回忆一下吧。正相反，其身上的装扮难道不是又帅又整齐吗？瞪大眼睛、敞开心扉，坚定地回答吧！"
    },
    {
      "id": 29,
      "model": "히스클리프",
      "content": "是啊。在K公司见到的那个紧身衣混蛋，光是想想就觉得好笑啊？"
    },
    {
      "id": 30,
      "model": "돈키호테",
      "content": "并非如此！！！齐格飞大人才不好笑！那身装束十分帅气！！！！说起那个材质……"
    },
    {
      "id": 31,
      "model": "단테",
      "content": "<……>"
    },
    {
      "id": 32,
      "model": "돈키호테",
      "content": "咳哼，不好意思。诶！快些回来，希斯克利夫先生！吾还没说完呢！"
    },
    {
      "id": 33,
      "model": "히스클리프",
      "content": "啊……为什么她今天这么有精神呢……"
    },
    {
      "id": 34,
      "model": "돈키호테",
      "content": "当然，也会有像齐格飞先生这样特立独行的人物，但是大部分收尾人都打扮得很得体、帅气……并且高贵，不是吗？"
    },
    {
      "id": 35,
      "model": "히스클리프",
      "content": "高贵……？不太清楚那是什么……好像是有穿着那样衣服的人……"
    },
    {
      "id": 36,
      "model": "돈키호테",
      "content": "正是如此！只要好好跟着吾，就可以原封不动地再现他们帅气的服装！"
    },
    {
      "id": 37,
      "model": "히스클리프",
      "content": "是、是吗？妈的，即使想反驳，我对穿衣打扮也一窍不通啊……"
    },
    {
      "id": 38,
      "model": "히스클리프",
      "content": "所以呢？那样的衣服在哪里能买到呢。说实话，就像刚才其他人说的那样，在我们回到陆地上之前，基本上什么东西都弄不到啊。"
    },
    {
      "id": 39,
      "model": "돈키호테",
      "content": "吾早就连那些问题也一并想好了！"
    },
    {
      "id": 40,
      "model": "돈키호테",
      "content": "还记得昨天……这巴士上的警报响了吗？"
    },
    {
      "id": 41,
      "content": "这么说起来，昨天距离工作结束前没剩多久的时候，警报响过来着。"
    },
    {
      "id": 42,
      "model": "단테",
      "content": "<浮士德说那是不需要在意的后门波动。>"
    },
    {
      "id": 43,
      "model": "돈키호테",
      "content": "吾很好奇。浮士德小姐到底是看到了什么，才能清晰地做出这种判断的！所以，当大家都拥挤在后门门口，一片混乱的时候……"
    },
    {
      "id": 44,
      "model": "돈키호테",
      "content": "吾独自一人谨慎而隐秘地前行，并且成功窥视到了那个屏幕！"
    },
    {
      "id": 45,
      "model": "단테",
      "content": "<所以，你去偷偷扫了眼屏幕。>"
    },
    {
      "id": 46,
      "model": "히스클리프",
      "content": "你能理解那些复杂的符号吗？"
    },
    {
      "id": 47,
      "model": "돈키호테",
      "content": "吾去看的时候没有怀抱着能够理解它们的希望……"
    },
    {
      "id": 48,
      "model": "돈키호테",
      "content": "然而，那里的符号，出乎意料地容易推测！"
    },
    {
      "id": 49,
      "model": "돈키호테",
      "content": "而那正是，冬红布袋和驯鹿人的象征符号！还有象征着时髦衣服的符号！"
    },
    {
      "id": 50,
      "model": "히스클리프",
      "content": "不会那么简单……"
    },
    {
      "id": 51,
      "content": "没错，不可能那么简单的。"
    },
    {
      "id": 52,
      "content": "我也有同样的想法……但堂吉诃德似乎早已预料到了这样的回应，仍然保持着充满自信的样子。"
    },
    {
      "id": 53,
      "model": "돈키호테",
      "content": "汝知道吗？"
    },
    {
      "id": 54,
      "model": "돈키호테",
      "content": "后门里无数的门上……经常有符号浮现。"
    },
    {
      "id": 55,
      "model": "히스클리프",
      "content": "……嗯？"
    },
    {
      "id": 56,
      "model": "돈키호테",
      "content": "每当去休息的时候，每当路过它的时候……每当想起来的时候，吾都会仔细观察它……"
    },
    {
      "id": 57,
      "model": "돈키호테",
      "content": "终于，就在昨天！吾在走廊里发现了有着和屏幕上完全一样的符号的门！"
    },
    {
      "id": 58,
      "model": "단테",
      "content": "<……堂吉诃德，难道说你！>"
    },
    {
      "id": 59,
      "model": "돈키호테",
      "content": "非常抱歉，经理老爷！如果吾有什么过错的话，那就是错在没能抑制住吾内心沸腾的冒险天性。"
    },
    {
      "id": 60,
      "model": "돈키호테",
      "content": "但是当吾非常、非常短暂地……真的只是轻轻地打开那扇门观察内部的时候！"
    },
    {
      "id": 61,
      "model": "돈키호테",
      "content": "如果汝发现吾的所有推理和猜测都没错的话！"
    },
    {
      "id": 62,
      "model": "돈키호테",
      "content": "……能不能稍微酌情宽大处理一下。"
    },
    {
      "id": 63,
      "model": "히스클리프",
      "content": "这家伙为什么总是做别人提醒过不要做的事？"
    },
    {
      "id": 64,
      "model": "단테",
      "content": "<对啊，希斯克利夫。为什么会有人做这种事呢？>"
    },
    {
      "id": 65,
      "model": "히스클리프",
      "content": "……咳哼。"
    },
    {
      "id": 66,
      "content": "我想起了希斯克利夫一意孤行地从后门的走廊进入禁区时的事。"
    },
    {
      "id": 67,
      "content": "那时如果搞不好……我们可能会失去希斯克利夫。"
    },
    {
      "id": 68,
      "content": "如果要说有什么不同的话，就是那时候的希斯克利夫连门那边有什么都不知道就开始了行动。"
    },
    {
      "id": 69,
      "content": "而现在我们已经知道了那边有着什么。"
    },
    {
      "id": 70,
      "model": "단테",
      "content": "<所以……我们现在召集所有人，一起去那边探索吗？>"
    },
    {
      "id": 71,
      "model": "돈키호테",
      "content": "不！吾等三个不就够了吗。三个人就正好。所有的故事总是从三个人开始的。"
    },
    {
      "id": 72,
      "model": "단테",
      "content": "<……不是因为面谈很恐怖吗？>"
    },
    {
      "id": 73,
      "model": "돈키호테",
      "content": "不、不知道汝在说什么~"
    },
    {
      "id": 74,
      "content": "简单想想，最好的做法是指出这么做风险太大，然后把他们两个送回各自的房间。"
    },
    {
      "id": 75,
      "model": "돈키호테",
      "content": "经理老爷……那里面看起来真的很和平……！"
    },
    {
      "id": 76,
      "model": "돈키호테",
      "content": "吾等只需要，把希斯克利夫先生要穿的几件衣服拿出来就够了……"
    },
    {
      "id": 77,
      "content": "我知道堂吉诃德不是只因纯粹的善意才帮助希斯克利夫的。"
    },
    {
      "id": 78,
      "content": "是渴望冒险吗……或是想cosplay自己憧憬的收尾人吗。"
    },
    {
      "id": 79,
      "content": "但是，如果能在那里弄到一些能让希斯克利夫放心的衣服的话……"
    },
    {
      "id": 80,
      "model": "이스마엘",
      "content": "……"
    },
    {
      "id": 81,
      "content": "……或许能够预防之前那样因不安蔓延而导致的令人眩晕的结果。"
    },
    {
      "id": 82,
      "model": "단테",
      "content": "<……如果看起来危险，我们就要马上返回。>"
    },
    {
      "id": 83,
      "model": "히스클리프",
      "content": "你认真的吗……"
    },
    {
      "id": 84,
      "model": "단테",
      "content": "<其实你也觉得，如果能弄到衣服的话就值得一试对吧。>"
    },
    {
      "id": 85,
      "model": "히스클리프",
      "content": "……嘛，钟表头也一起的话应该没问题吧。"
    },
    {
      "id": 86,
      "model": "돈키호테",
      "content": "哼哼……说得好。那么，今晚。在经理的房间前。吾等用咚、咚咚、咚的敲门声和经理对暗号……"
    },
    {
      "id": 87,
      "model": "히스클리프",
      "content": "回去了。"
    },
    {
      "id": 88,
      "content": "……希望这不会是浪费时间。"
    },
    {
      "id": 89,
      "content": "我们约定了在走廊见面的时间后，回到了各自的房间。"
    }
  ]
}