{
  "dataList": [
    {
      "id": 1,
      "place": "礼物工厂 接待室",
      "model": "히스클리프",
      "content": "啧……这些家伙，像是要杀了我一样扑过来……"
    },
    {
      "id": 2,
      "model": "돈키호테",
      "content": "是吾的疏忽……"
    },
    {
      "id": 3,
      "content": "堂吉诃德一脸沮丧，用快要消失了的声音说道。"
    },
    {
      "id": 4,
      "model": "단테",
      "content": "<不……要是我再深思熟虑一下就好了。>"
    },
    {
      "id": 5,
      "content": "嘛……硬要追究的话，作为经理的我的问题才最大吧。在觉得可疑的时候就应该往回走了。"
    },
    {
      "id": 6,
      "model": "돈키호테",
      "content": "啊……比起那个！"
    },
    {
      "id": 7,
      "content": "堂吉诃德那样喊着，然后向雪橇跑去。"
    },
    {
      "id": 8,
      "model": "돈키호테",
      "content": "这、这是……"
    },
    {
      "id": 9,
      "content": "在解开大口袋的绳子后，身体残缺不全的人们从里面涌了出来。"
    },
    {
      "id": 10,
      "model": "히스클리프",
      "content": "妈的……虽然预料到了，但是不想亲眼看到啊。"
    },
    {
      "id": 11,
      "content": "看起来里面有7个人左右，几乎都手脚残缺了。有几个勉强还算活着……另外的那些已经断气了。"
    },
    {
      "id": 12,
      "model": "단테",
      "content": "<我第一次见到穿这种衣服的人。看来他们来自比我们所在之处更远的地方。>"
    },
    {
      "id": 13,
      "content": "虽然在后巷也见过有磨损和污渍的衣服，但从材料和质地来看完全不同，我们好像通过后门来到了很远的地方。"
    },
    {
      "id": 14,
      "content": "曾经从浮士德那里听说过，即使同是都市，每个区的文化也都不一样……"
    },
    {
      "id": 15,
      "model": "히스클리프",
      "content": "才管不了那么多……那些家伙要不了多久就会断气。倒转时钟也救不回他们……还是快点回去吧。"
    },
    {
      "id": 16,
      "model": "돈키호테",
      "content": "不！这里！此人好像还完好无缺！"
    },
    {
      "id": 17,
      "model": "돈키호테",
      "content": "嘿！打起精神来！汝就是刚才求救之人吧！"
    },
    {
      "id": 18,
      "model": "크레용",
      "teller": "？？？",
      "title": "？？？",
      "content": "咳、哈啊、哈……"
    },
    {
      "id": 19,
      "model": "크레용",
      "teller": "？？？",
      "title": "？？？",
      "content": "你、你们……是谁？"
    }
  ]
}