{
  "dataList": [
    {
      "id": 1,
      "place": "巴士的后门",
      "content": "所有人都睡得很熟的深夜里……"
    },
    {
      "id": 2,
      "model": "돈키호테",
      "content": "吾等聚在一起……"
    },
    {
      "id": 3,
      "model": "히스클리프",
      "content": "这一趟最好值得把我叫起来……"
    },
    {
      "id": 4,
      "model": "돈키호테",
      "content": "当然，这绝对值得！现在，快来这边……"
    },
    {
      "id": 5,
      "content": "我们跟着堂吉诃德蹑手蹑脚地走着，尽量不发出声音。"
    },
    {
      "id": 6,
      "model": "단테",
      "content": "<我们真的……要跨过这条线？>"
    },
    {
      "id": 7,
      "model": "히스클리프",
      "content": "喂，你不知道上次我跨过那条线的时候发生了什么吗？"
    },
    {
      "id": 8,
      "model": "돈키호테",
      "content": "吾可不一样！只需要越过这条线，往右侧的走廊走两步……然后打开面前的门……"
    },
    {
      "id": 9,
      "model": "단테",
      "content": "<所以符号就是指这个吗。>"
    },
    {
      "id": 10,
      "content": "堂吉诃德提到的符号正在闪闪发光，像是袋子或者打包好的礼物，又或者花哨的衣服一样的符号几乎透过门上的窗户溢出来。"
    },
    {
      "id": 11,
      "model": "단테",
      "content": "<所以……这些就是冬红布袋和驯鹿人的标志？>"
    },
    {
      "id": 12,
      "model": "돈키호테",
      "content": "完全正确！"
    },
    {
      "id": 13,
      "model": "히스클리프",
      "content": "别的人我不知道，但这家伙肯定不会搞错吧……我开门了？"
    },
    {
      "id": 14,
      "model": "단테",
      "content": "<啊？等、等一下！>"
    },
    {
      "id": 15,
      "content": "我还没来得及阻止他，希斯克利夫就闯进了门……"
    },
    {
      "id": 16,
      "place": "？？？",
      "content": "我们被他那纯粹的热情推了进去。"
    },
    {
      "id": 17,
      "model": "히스클리프",
      "content": "哦嚯……"
    },
    {
      "id": 18,
      "content": "这里面是一个相当大的空间。"
    },
    {
      "id": 19,
      "content": "被象征着圣诞的装饰装点，被木质结构与温暖的光芒包围，还充斥着令人眼花缭乱的传送带。这个地方是……"
    },
    {
      "id": 20,
      "place": "礼物工厂",
      "model": "단테",
      "content": "<……工厂？>"
    },
    {
      "id": 21,
      "model": "돈키호테",
      "content": "没错！"
    },
    {
      "id": 22,
      "model": "히스클리프",
      "content": "那些又是什么？跟小孩一样的……"
    },
    {
      "id": 23,
      "model": "돈키호테",
      "content": "咳！咳！"
    },
    {
      "id": 24,
      "model": "돈키호테",
      "content": "吼！！！是吾，堂吉诃德！！！"
    },
    {
      "id": 25,
      "model": "히스클리프",
      "content": "她在干些什么？！"
    },
    {
      "id": 26,
      "content": "那些小东西看起来并不像孩子。它们在看向我们之前突然僵住了。"
    },
    {
      "id": 27,
      "content": "……至少它们肯定不是人类。"
    },
    {
      "id": 28,
      "model": "돈키호테",
      "content": "稍等一下，吾早就跟这些小家伙们打点好了！"
    },
    {
      "id": 29,
      "model": "단테",
      "content": "<你不是说只短暂地瞥了一眼吗？！！>"
    },
    {
      "id": 30,
      "model": "히스클리프",
      "content": "……喂，钟表头。有什么东西走过来了。"
    },
    {
      "id": 31,
      "content": "正如希斯克利夫所说，一个小小的（但比身边的大一些的）小东西从远处走了过来，站在了我们面前。"
    },
    {
      "id": 32,
      "model": "도도루",
      "teller": "？？？",
      "title": "？？？",
      "content": "堂吉诃德女士，您终于再次光临了诺姆！！！"
    },
    {
      "id": 33,
      "model": "도도루",
      "teller": "？？？",
      "title": "？？？",
      "content": "就像之前一样……您就嘭！地一声！！从不知道哪里出现了！！"
    },
    {
      "id": 34,
      "model": "단테",
      "content": "<堂吉诃德……这是谁？>"
    },
    {
      "id": 35,
      "model": "돈키호테",
      "content": "嗯！此乃将要赠予我们礼品之人！"
    },
    {
      "id": 36,
      "content": "它搓着自己的手（至少我感觉是），往上看向我们，然后说了起来。"
    },
    {
      "id": 37,
      "model": "도도루",
      "teller": "？？？",
      "title": "？？？",
      "content": "您好哇诺姆！看来您是堂吉诃德女士的朋友诺姆！"
    },
    {
      "id": 38,
      "model": "도도루",
      "content": "我的名字是多多鲁诺姆。是在这个工厂里制作礼物的……小矮人诺姆！"
    },
    {
      "id": 39,
      "model": "단테",
      "content": "<小矮人……？>"
    },
    {
      "id": 40,
      "model": "돈키호테",
      "content": "当然啦！小矮人！"
    },
    {
      "id": 41,
      "content": "理所当然就是这样嘛。"
    },
    {
      "id": 42,
      "content": "小矮人是什么来的……？"
    },
    {
      "id": 43,
      "model": "단테",
      "content": "<所以它们……并不是人类？>"
    },
    {
      "id": 44,
      "model": "돈키호테",
      "content": "正是！这些小家伙们并非人类，而是小矮人！"
    },
    {
      "id": 45,
      "model": "도도루",
      "content": "……那是当然诺姆。并不是……人类诺姆。嚯姆嚯姆。"
    },
    {
      "id": 46,
      "model": "히스클리프",
      "content": "不是说都市里只允许人类生活吗……"
    },
    {
      "id": 47,
      "model": "단테",
      "content": "<……它们也并不是异想体或扭曲。应该是别的什么东西。>"
    },
    {
      "id": 48,
      "model": "도도루",
      "content": "都、都市……我知道……"
    },
    {
      "id": 49,
      "model": "돈키호테",
      "content": "嘛，就算不是人类又如何！重要的是勤于工作的内在！"
    },
    {
      "id": 50,
      "model": "도도루",
      "content": "嚯，嚯~您说的对，女士！"
    },
    {
      "id": 51,
      "model": "단테",
      "content": "<那个叫多多鲁的小矮人是不是说了什么奇怪的话？>"
    },
    {
      "id": 52,
      "model": "히스클리프",
      "content": "所以不止我一个人有这种感觉啊？"
    },
    {
      "id": 53,
      "model": "도도루",
      "content": "好了诺姆！"
    },
    {
      "id": 54,
      "content": "突然间，多多鲁打断了我们的对话。"
    },
    {
      "id": 55,
      "model": "도도루",
      "content": "朋友们，你们有想要的礼物吗诺姆？"
    },
    {
      "id": 56,
      "model": "도도루",
      "content": "比如，漂亮的衣服和强大的武器，或者美味的点心诺姆！"
    },
    {
      "id": 57,
      "model": "히스클리프",
      "content": "漂亮的……衣服？真的有吗？"
    },
    {
      "id": 58,
      "model": "도도루",
      "content": "看来你对这个感兴趣诺姆！"
    },
    {
      "id": 59,
      "model": "도도루",
      "content": "好，好。那请来这边吧……"
    },
    {
      "id": 60,
      "content": "那小矮人带着我们穿过工厂，把我们带进一个房间，说是要带我们去接待室。"
    },
    {
      "id": 61,
      "model": "단테",
      "content": "<这里……>"
    },
    {
      "id": 62,
      "place": "礼物工厂 接待室",
      "model": "단테",
      "content": "<比起接待室……更像是巨大的仓库啊。>"
    },
    {
      "id": 63,
      "model": "돈키호테",
      "content": "哦吼！！！多么暖和的壁炉和多么舒适的桌椅啊，这里如此温馨而舒适！！！"
    },
    {
      "id": 64,
      "model": "도도루",
      "content": "我们还为你们准备了美味的茶点诺姆。"
    },
    {
      "id": 65,
      "model": "도도루",
      "content": "请稍等片刻，我会马上带着你们想要的礼物回来的诺姆。"
    },
    {
      "id": 66,
      "content": "这么说着，那小矮人点了点头，打开门匆匆离开了房间。"
    },
    {
      "id": 67,
      "model": "단테",
      "content": "<接待室一般都这么……空旷的吗？>"
    },
    {
      "id": 68,
      "content": "我从来没有去过接待室，因此也并不知道接待室应该是怎样的。"
    },
    {
      "id": 69,
      "content": "但哪怕是我成为钟表头之后短短的这些经验，也告诉我这整件事有哪里不对。"
    },
    {
      "id": 70,
      "model": "돈키호테",
      "content": "吾也曾听闻过有人说这样的装潢在近年很流行呢！"
    },
    {
      "id": 71,
      "model": "히스클리프",
      "content": "啊，我也听过。在半停工的建筑工地里随便放几件家具，还挺受欢迎的吧。"
    },
    {
      "id": 72,
      "model": "단테",
      "content": "<你确定是这样……？唔。>"
    },
    {
      "id": 73,
      "model": "돈키호테",
      "content": "放心吧经理老爷！吾保证吾等一定会收下一份大礼的！"
    },
    {
      "id": 74,
      "model": "히스클리프",
      "content": "有必要的话，我可以捎带点走……我看了那边一眼，它们正在给好多看起来很贵的东西打包呢。"
    },
    {
      "id": 75,
      "model": "돈키호테",
      "content": "不可偷窃！汝忘了之前理发券一事吗！"
    },
    {
      "id": 76,
      "model": "히스클리프",
      "content": "啊，该死……啧，好吧。"
    },
    {
      "id": 77,
      "content": "哪怕是在说着这种话，希斯克利夫的表情也慢慢放松下来，逐渐松了一口气。"
    },
    {
      "id": 78,
      "content": "我们在这里能拿到自己想要的东西，就足够让人放松了。"
    },
    {
      "id": 79,
      "model": "단테",
      "content": "<希斯克利夫，你是必须要为了什么事打扮起来吗？>"
    },
    {
      "id": 80,
      "model": "히스클리프",
      "content": "……嗯？啊……"
    },
    {
      "id": 81,
      "content": "虽然微弱却散发着暖意的炉火，平和而静谧的气氛。真是一个引出话题来谈心的绝佳氛围。"
    },
    {
      "id": 82,
      "model": "단테",
      "content": "<或者，你想让某个人看到你精心打扮的样子……然后和她马上见面吗？>"
    },
    {
      "id": 83,
      "model": "히스클리프",
      "content": "好吧……你也没说错……"
    },
    {
      "id": 84,
      "model": "돈키호테",
      "content": "哦，哦吼！是什么秘密吗！"
    },
    {
      "id": 85,
      "content": "堂吉诃德一脸兴奋地拉来椅子，坐到他身边。"
    },
    {
      "id": 86,
      "model": "히스클리프",
      "content": "我……必须得堂堂正正地作为一个成功的人回去。"
    },
    {
      "id": 87,
      "model": "히스클리프",
      "content": "至少看上去不像是以前那个，小混混希斯克利夫……"
    },
    {
      "id": 88,
      "model": "히스클리프",
      "content": "所以，穿得像模像样的高档衣服对我来说非常重要。"
    },
    {
      "id": 89,
      "model": "돈키호테",
      "content": "吼……有人在你肚子里点燃了嫉妒之火吗？"
    },
    {
      "id": 90,
      "model": "단테",
      "content": "<你也……想像以实玛利一样复仇吗？>"
    },
    {
      "id": 91,
      "model": "히스클리프",
      "content": "复仇……吗。"
    },
    {
      "id": 92,
      "content": "希斯克利夫靠在椅子上。椅子随着他的摇晃而吱吱作响。"
    },
    {
      "id": 93,
      "content": "如果我没记错的话，这还是第一次看见他如此认真地在烦恼。"
    },
    {
      "id": 94,
      "model": "히스클리프",
      "content": "好吧，说复仇那也是。但是……我现在想要的……"
    },
    {
      "id": 95,
      "model": "히스클리프",
      "content": "更接近于……让她后悔。"
    },
    {
      "id": 96,
      "model": "히스클리프",
      "content": "我会回去……把那些轻视我的混蛋们全部踩在脚底下。"
    },
    {
      "id": 97,
      "model": "히스클리프",
      "content": "……让她打从心底后悔没有选择我。"
    },
    {
      "id": 98,
      "model": "히스클리프",
      "content": "没有人比我更适合她，我会向凯茜……证明这一点。"
    },
    {
      "id": 99,
      "content": "凯茜。"
    },
    {
      "id": 100,
      "content": "说出这个名字时，希斯克利夫的眼神有些发颤。"
    },
    {
      "id": 101,
      "content": "我记得，希斯克利夫偶尔会提起这个名字。"
    },
    {
      "id": 102,
      "content": "那时，他的眼神同样在颤动。"
    },
    {
      "id": 103,
      "model": "단테",
      "content": "<凯茜……是你重要的人吧。>"
    },
    {
      "id": 104,
      "model": "히스클리프",
      "content": "当然。超他妈重要。"
    },
    {
      "id": 105,
      "model": "단테",
      "content": "<发生过什么吗？你和……那个凯茜之间。>"
    },
    {
      "id": 106,
      "model": "히스클리프",
      "content": "确切说来是凯瑟琳。不过我叫她凯茜。"
    },
    {
      "id": 107,
      "model": "히스클리프",
      "content": "那是个漫长又复杂的故事。"
    },
    {
      "id": 108,
      "model": "돈키호테",
      "content": "哈！按吾堂吉诃德的直觉，这样称呼一定是因为那人是希斯克利夫先生的恋人！"
    },
    {
      "id": 109,
      "model": "단테",
      "content": "<是、是这样吗？！>"
    },
    {
      "id": 110,
      "model": "히스클리프",
      "content": "不、不是！还没到那一步……！"
    },
    {
      "id": 111,
      "model": "히스클리프",
      "content": "这、这么说也可以……我不知道……唔。"
    },
    {
      "id": 112,
      "content": "就和辛克莱一样口吃，我脑海中忽地闪过这么个念头。"
    },
    {
      "id": 113,
      "content": "虽然他说话一如既往地率直，但是不自觉上扬的嘴角已经帮他作出了回答。"
    },
    {
      "id": 114,
      "content": "所有罪人都有加入边狱公司的理由，所以……"
    },
    {
      "id": 115,
      "content": "也许，希斯克利夫加入边狱公司的理由就是为了那个叫“凯茜”的人。"
    },
    {
      "id": 116,
      "model": "단테",
      "content": "<蛮让人好奇的。希斯克利夫居然有这么珍视的人……>"
    },
    {
      "id": 117,
      "model": "히스클리프",
      "content": "干嘛说的这么夸张。怪恶心的。"
    },
    {
      "id": 118,
      "model": "단테",
      "content": "<抛下执行经理这个身份，我现在有种绝对要把你打扮得漂漂亮亮的决心。>"
    },
    {
      "id": 119,
      "model": "돈키호테",
      "content": "正是如此！吾等一起！"
    },
    {
      "id": 120,
      "model": "돈키호테",
      "content": "变得漂漂……"
    },
    {
      "id": 121,
      "content": "咔嗒。"
    },
    {
      "id": 122,
      "content": "突然，我听到某处传来门打开的声音。"
    },
    {
      "id": 123,
      "content": "那不是接待室开门的声音。因为接待室的门是木质的。"
    },
    {
      "id": 124,
      "content": "那声音，是从我们坐着的地方对面的……某个漆黑的地方传来的。"
    },
    {
      "id": 125,
      "content": "而且，正当我听到咻咻的暴雪声吹得木头吱呀作响时。"
    },
    {
      "id": 126,
      "model": "단테",
      "content": "<那是雪橇的痕迹……>"
    },
    {
      "id": 127,
      "content": "好像已经往返多次了，能在地板上留下划痕的巨大雪橇向我们驶来，旁边还跟着颜色各异的小矮人。"
    },
    {
      "id": 128,
      "content": "雪橇是红色，而它载着的袋子是红色和黑色。"
    },
    {
      "id": 129,
      "content": "但，它们都……"
    },
    {
      "id": 130,
      "content": "像是粘着血肉一样。"
    },
    {
      "id": 131,
      "model": "빨간노움",
      "teller": "红色小矮人",
      "title": "礼物工厂",
      "content": "多多鲁！下批礼物的材料拿过来了诺姆！"
    },
    {
      "id": 132,
      "model": "초록노움",
      "teller": "绿色小矮人",
      "title": "礼物工厂",
      "content": "呼……腰好痛诺姆。"
    },
    {
      "id": 133,
      "model": "검은노움",
      "teller": "黑色小矮人",
      "title": "礼物工厂",
      "content": "忍一忍诺姆~只要一想到收到礼物的大家就会很开心，什么辛苦都能一下子抛到脑后了吧诺姆？"
    },
    {
      "id": 134,
      "model": "초록노움",
      "teller": "绿色小矮人",
      "title": "礼物工厂",
      "content": "对诺姆，对诺姆！"
    },
    {
      "id": 135,
      "content": "小矮人们一边彼此交谈着，一边向我们靠近，直到和我们四目相对后站定。"
    },
    {
      "id": 136,
      "model": "빨간노움",
      "teller": "红色小矮人",
      "title": "礼物工厂",
      "content": "别装傻诺姆！"
    },
    {
      "id": 137,
      "model": "초록노움",
      "teller": "绿色小矮人",
      "title": "礼物工厂",
      "content": "别老是聊天快来帮把手诺姆！这次数量很多……有几只是直接活捉回来的诺姆！"
    },
    {
      "id": 138,
      "content": "我似乎看到雪橇上放着的袋子在动。"
    },
    {
      "id": 139,
      "content": "就像是什么在挣扎着……想要逃出来一样……"
    },
    {
      "id": 140,
      "model": "단테",
      "content": "<这，难道是……>"
    },
    {
      "id": 141,
      "model": "히스클리프",
      "content": "喂，抓紧武器……"
    },
    {
      "id": 142,
      "model": "돈키호테",
      "content": "汝等为何如此严肃？它们只是在辛勤工作……"
    },
    {
      "id": 143,
      "teller": "？？？",
      "title": "？？？",
      "content": "那、那边的！有人在吧！请救救我！把我从这儿放出去！！！"
    },
    {
      "id": 144,
      "model": "빨간노움",
      "teller": "红色小矮人",
      "title": "礼物工厂",
      "content": "诺姆！！！多愉快的一天诺姆！这家伙还是新鲜的诺姆！"
    },
    {
      "id": 145,
      "model": "돈키호테",
      "content": "怎、怎么会……"
    },
    {
      "id": 146,
      "model": "검은노움",
      "teller": "黑色小矮人",
      "title": "礼物工厂",
      "content": "话说那些……是人类诺姆！"
    },
    {
      "id": 147,
      "model": "초록노움",
      "teller": "绿色小矮人",
      "title": "礼物工厂",
      "content": "是多多鲁科长抓来的诺姆……？从哪里抓来那么完整的人类的诺姆？"
    },
    {
      "id": 148,
      "model": "돈키호테",
      "content": "汝等……莫非……"
    },
    {
      "id": 149,
      "model": "도도루",
      "content": "哎呀呀~"
    },
    {
      "id": 150,
      "content": "在堂吉诃德惊诧万分的时候，一个熟悉的声音从其他门的方向传来。"
    },
    {
      "id": 151,
      "model": "도도루",
      "content": "多多鲁疏忽了诺姆。那些东西应该送去别的仓库的诺姆！"
    },
    {
      "id": 152,
      "model": "도도루",
      "content": "别太在意诺姆。只是小矮人之间的游戏而已诺姆。没什么意义诺姆！"
    },
    {
      "id": 153,
      "model": "단테",
      "content": "<那是借口吗……>"
    },
    {
      "id": 154,
      "model": "돈키호테",
      "content": "多多鲁先生。"
    },
    {
      "id": 155,
      "model": "도도루",
      "content": "多多鲁在听诺姆。"
    },
    {
      "id": 156,
      "model": "돈키호테",
      "content": "那些口袋里都装着些什么？"
    },
    {
      "id": 157,
      "model": "도도루",
      "content": "那些当然是新礼物的原材料啦诺姆！！另外，堂吉诃德女士。你们想要的服装我已经准备好了诺姆！想穿的话现在……"
    },
    {
      "id": 158,
      "model": "돈키호테",
      "content": "什么样的！原材料！"
    },
    {
      "id": 159,
      "model": "화난도도루",
      "content": "诺姆！！！多多鲁已经厌倦谎言了诺姆！是人类诺姆，人类！和你一样的人类！"
    },
    {
      "id": 160,
      "model": "화난도도루",
      "content": "你们！我临走前说过要送到别的仓库去吧诺姆！！！"
    },
    {
      "id": 161,
      "model": "화난도도루",
      "content": "你们想让我们工厂为众多等着玩具礼物的邻居们送去失望吗诺姆？！"
    },
    {
      "id": 162,
      "model": "초록노움",
      "teller": "绿色小矮人",
      "title": "礼物工厂",
      "content": "啊……对不起诺姆……"
    },
    {
      "id": 163,
      "model": "화난도도루",
      "content": "咕唔唔~！明明都那样跟厂长强调了要期待了诺姆！"
    },
    {
      "id": 164,
      "model": "단테",
      "content": "<哈啊……>"
    },
    {
      "id": 165,
      "content": "为什么会变成这样。"
    },
    {
      "id": 166,
      "content": "不单单是做了多余的事，现在还陷入这种情况。"
    },
    {
      "id": 167,
      "model": "히스클리프",
      "content": "你脑袋里想的和我一样……"
    },
    {
      "id": 168,
      "model": "히스클리프",
      "content": "与其在那儿唉声叹气，不如再想想要怎么战斗。懂了？"
    },
    {
      "id": 169,
      "content": "……说的对。不论如何，光是呆坐着唉声叹气解决不了任何问题。"
    },
    {
      "id": 170,
      "model": "단테",
      "content": "<……明白了。>"
    },
    {
      "id": 171,
      "model": "화난도도루",
      "content": "大家都亮出工具诺姆！新鲜的本地原料就要来了诺姆！！！"
    },
    {
      "id": 172,
      "model": "히스클리프",
      "content": "好啊！放马过来吧，小混球们！"
    }
  ]
}