{
  "dataList": [
    {
      "id": 1,
      "place": "礼物工厂 接待室",
      "model": "크레용",
      "teller": "？？？",
      "title": "？？？",
      "content": "你们的衣服看上去很奇怪……难道不是从镇子上来的吗……"
    },
    {
      "id": 2,
      "content": "那个小孩子穿着破破烂烂的衣服，就好像看到了什么奇特的东西一样，来回打量着我们，很快她从震惊之中恢复了精神，继续说道。"
    },
    {
      "id": 3,
      "model": "크레용",
      "teller": "？？？",
      "title": "？？？",
      "content": "总、总之谢谢各位救了我……"
    },
    {
      "id": 4,
      "model": "크레용",
      "title": "？？？",
      "content": "我叫柯蕾昂。然后……欸？！"
    },
    {
      "id": 5,
      "model": "크레용",
      "title": "？？？",
      "content": "牙、牙齿发条？！"
    },
    {
      "id": 6,
      "content": "小孩子用手指向我，就像是吓了一跳似的往后退去。"
    },
    {
      "id": 7,
      "model": "히스클리프",
      "content": "你在说什么蠢话啊。那个是钟表头。"
    },
    {
      "id": 8,
      "model": "단테",
      "content": "<我的名字是但丁……>"
    },
    {
      "id": 9,
      "model": "크레용",
      "title": "？？？",
      "content": "啊……钟表……头？但我听说牙齿发条长得像是钟表……"
    },
    {
      "id": 10,
      "model": "크레용",
      "title": "？？？",
      "content": "嘛……我也听说牙齿发条在比这里更下面的地方……"
    },
    {
      "id": 11,
      "model": "크레용",
      "title": "？？？",
      "content": "虽然……我也是第一次见到怪物……就是了……"
    },
    {
      "id": 12,
      "model": "돈키호테",
      "content": "并非怪物！此乃值得吾等自豪的经理老爷！"
    },
    {
      "id": 13,
      "model": "단테",
      "content": "<很感谢你能这么说……>"
    },
    {
      "id": 14,
      "model": "크레용",
      "title": "？？？",
      "content": "但是……我只能听到滴答滴答的声音……"
    },
    {
      "id": 15,
      "model": "돈키호테",
      "content": "那是有原因的……不管怎样，汝的身体没问题了吗？"
    },
    {
      "id": 16,
      "model": "크레용",
      "title": "？？？",
      "content": "对……"
    },
    {
      "id": 17,
      "model": "크레용",
      "title": "？？？",
      "content": "和我一起被带到这里的人……似乎就不是这样了……"
    },
    {
      "id": 18,
      "content": "看到小孩子一脸苍白地望着周围散落的尸体，堂吉诃德露出了同情的目光。"
    },
    {
      "id": 19,
      "model": "돈키호테",
      "content": "这些人……大家都是同一个镇子上的邻居吗？"
    },
    {
      "id": 20,
      "model": "크레용",
      "title": "？？？",
      "content": "对……但、但是！我们的镇子很快就会派猎人来救我们了！"
    },
    {
      "id": 21,
      "model": "크레용",
      "title": "？？？",
      "content": "只要他们能来到这里，就能……"
    },
    {
      "id": 22,
      "model": "단테",
      "content": "<猎人？>"
    },
    {
      "id": 23,
      "content": "我听到了不熟悉的词语，所以便反问它的意思……"
    },
    {
      "id": 24,
      "content": "呲嘶嘶嘶嘶嘶！"
    },
    {
      "id": 25,
      "content": "那一瞬间，这个不知是接待室还是仓库的房间里迅速喷出了气体。"
    },
    {
      "id": 26,
      "model": "히스클리프",
      "content": "这次又是什么啊？！"
    },
    {
      "id": 27,
      "model": "돈키호테",
      "content": "唔……捂、捂住鼻子和嘴巴！"
    },
    {
      "id": 28,
      "content": "红与绿混合而成的奇异气体填满了整个房间。"
    },
    {
      "id": 29,
      "model": "크레용",
      "title": "？？？",
      "content": "这些气体……和绑架我时用的……是同一种……"
    },
    {
      "id": 30,
      "content": "没过多久，包括柯蕾昂在内的三个人就这样失去了意识，倒在了地上。"
    },
    {
      "id": 31,
      "content": "没错，之前也发生过类似的事情。毒气外泄……所有人都倒地身亡……"
    },
    {
      "id": 32,
      "model": "돈키호테",
      "content": "唔唔嗯……唔嗯……"
    },
    {
      "id": 33,
      "content": "万幸的是，这次的并不是杀人用的毒气，而是仅仅让他们晕过去而已。"
    },
    {
      "id": 34,
      "content": "多亏了这个钟表头，我不受影响也该算得上是幸运。"
    },
    {
      "id": 35,
      "content": "咯咯咯哩……"
    },
    {
      "id": 36,
      "model": "단테",
      "content": "<我、我得先躲起来……>"
    },
    {
      "id": 37,
      "content": "在我慌忙躲到角落里的时候，一群小矮人从多多鲁进来的那扇门冲了进来。"
    },
    {
      "id": 38,
      "model": "단테",
      "content": "<防毒面具……就是那群家伙使用的催眠气体。>"
    },
    {
      "id": 39,
      "model": "초록노움",
      "teller": "绿色小矮人",
      "title": "礼物工厂",
      "content": "诺姆！！！这些都是多多鲁科长留下来的吗诺姆？"
    },
    {
      "id": 40,
      "model": "빨간노움",
      "teller": "红色小矮人",
      "title": "礼物工厂",
      "content": "诺姆！！它到处炫耀说找到了状态极好的东西，结果只是这个样子诺姆？"
    },
    {
      "id": 41,
      "model": "빨간노움",
      "teller": "红色小矮人",
      "title": "礼物工厂",
      "content": "诺姆！！一诺姆，二诺姆……三诺姆。数量对得上诺姆！"
    },
    {
      "id": 42,
      "model": "초록노움",
      "teller": "绿色小矮人",
      "title": "礼物工厂",
      "content": "因为是用睡眠粉尘让他们睡着的，所以对品质没有多大影响诺姆。"
    },
    {
      "id": 43,
      "model": "빨간노움",
      "teller": "红色小矮人",
      "title": "礼物工厂",
      "content": "来，来。快点搬走诺姆！"
    },
    {
      "id": 44,
      "content": "他们一个接一个抬起了堂吉诃德、希斯克利夫还有柯蕾昂，将三人放上了雪橇……"
    },
    {
      "id": 45,
      "content": "然后门就被咚的一声关上了。"
    },
    {
      "id": 46,
      "content": "我什么都做不了。"
    },
    {
      "id": 47,
      "model": "단테",
      "content": "<好，现在到我上前拯救他们的时候了。>"
    },
    {
      "id": 48,
      "content": "绝对不可能。如果早知道会变成这样，以实玛利说要教我防身术的时候，我就会更学得更积极了。"
    },
    {
      "id": 49,
      "model": "단테",
      "content": "<哈啊……我还能怎么做呢？>"
    },
    {
      "id": 50,
      "content": "每当失去所有罪人的时候，我就会因为自己一个人什么都做不了的事实而痛苦。"
    },
    {
      "id": 51,
      "content": "尽管如此，那个时候我还能复活他们……但如果没有罪人在这里，现在我能做的又有什么呢？"
    },
    {
      "id": 52,
      "model": "단테",
      "content": "<或许，我能走到这里还活着本身就是一个奇迹……>"
    },
    {
      "id": 53,
      "model": "이스마엘",
      "content": "什么奇迹不奇迹的。请振作起来。"
    },
    {
      "id": 54,
      "model": "단테",
      "content": "<我甚至开始幻听了吗……>"
    },
    {
      "id": 57,
      "model": "싱클레어",
      "content": "不是幻听！经理！我们来了！"
    },
    {
      "id": 58,
      "model": "로쟈",
      "content": "知道你们三个突然消失引发了多大的乱子吗！虽然我久违地没有感到无聊了……"
    },
    {
      "id": 59,
      "content": "我猛地抬起头，回头看向熟悉的声音传来的方向，那里还有另一扇门……"
    },
    {
      "id": 60,
      "content": "从那里，其余的罪人们一个接一个地现身了。"
    },
    {
      "id": 61,
      "model": "단테",
      "content": "<各位……>"
    },
    {
      "id": 62,
      "model": "초록노움",
      "teller": "绿色小矮人",
      "title": "礼物工厂",
      "content": "哦呀~看来我忘了一些不太新鲜的原……料……诺姆？"
    },
    {
      "id": 63,
      "model": "파우스트",
      "content": "我会之后再对这场骚乱进行提问，但丁。"
    },
    {
      "id": 64,
      "model": "파우스트",
      "content": "首先，下达战斗指令吧。"
    }
  ]
}