{
  "dataList": [
    {
      "place": "礼物工厂 接待室",
      "model": "이스마엘",
      "content": "虽然也有和人类相似的部分……但这些叫做小矮人的，肯定不是人类吧。"
    },
    {
      "id": 2,
      "model": "이스마엘",
      "content": "除了带着奇怪的口癖以外……这些怪物的语言能力竟然这么高，都不知道该不该称它们为怪物。"
    },
    {
      "id": 3,
      "model": "파우스트",
      "content": "这取决于定义。有些人会将它们称为怪物，而有些人又会将它们定为其他种族。"
    },
    {
      "id": 4,
      "model": "이스마엘",
      "content": "嗯……"
    },
    {
      "id": 5,
      "model": "단테",
      "content": "<分析未尝不可，不过还是先找到希斯克利夫和堂吉诃德吧。>"
    },
    {
      "id": 6,
      "model": "오티스",
      "content": "您的言论一如既往正确无误。执行经理。"
    },
    {
      "id": 7,
      "model": "뫼르소",
      "content": "郊区地带的危险程度比我们平常进行作战的地点更高。考虑到需要贴身保护执行经理，应当制定更为系统的计划……"
    },
    {
      "id": 8,
      "content": "咚！"
    },
    {
      "id": 9,
      "place": "礼物工厂 包装线",
      "model": "이스마엘",
      "content": "好吧，虽然最简单的方法是放弃他们两个，但这并不是最优选择。"
    },
    {
      "id": 11,
      "content": "以实玛利一边说着，一边踹开了小矮人们进来的那扇门。"
    },
    {
      "id": 12,
      "model": "이스마엘",
      "content": "走吧。让我们保护好经理，然后救出他们两个吧？"
    }
  ]
}