{
  "dataList": [
    {
      "id": 1,
      "place": "礼物工厂 接待室",
      "model": "단테",
      "content": "<谢谢……各位……你们是怎么过来的？>"
    },
    {
      "id": 2,
      "model": "이상",
      "content": "通过后门。"
    },
    {
      "id": 3,
      "model": "파우스트",
      "content": "巴士内无法感知到包含执行经理在内的三名人员的信号。"
    },
    {
      "id": 4,
      "model": "이상",
      "content": "于是其立刻召集全体罪人进行搜查。"
    },
    {
      "id": 5,
      "model": "로쟈",
      "content": "你知道我们才休息多久吗……下次可别这样了，但丁~"
    },
    {
      "id": 6,
      "model": "오티스",
      "content": "哪怕您是执行经理，单独行动也有巨大的风险……请务必注意。"
    },
    {
      "id": 7,
      "model": "단테",
      "content": "<抱歉……话、话说回来你们是怎么知道我们在这里的？>"
    },
    {
      "id": 8,
      "model": "이상",
      "content": "……据我的推测。"
    },
    {
      "id": 9,
      "model": "이상",
      "content": "希斯克利夫近期，总是心不在焉。考虑到以前的情况，想必是在到达T公司前需要有所准备。"
    },
    {
      "id": 10,
      "model": "이상",
      "content": "先前巴士响起警报的那天，堂吉诃德女士到达后门的时间要稍晚一些。"
    },
    {
      "id": 11,
      "model": "이상",
      "content": "并且次日，她向我和浮士德女士索要了一本关于都市内常用符号的说明书。"
    },
    {
      "id": 12,
      "model": "파우스트",
      "content": "是的，所以浮士德借了几本给她。"
    },
    {
      "id": 13,
      "model": "이상",
      "content": "自收到书后，堂吉诃德女士便经常在我身侧，满是兴奋地阅读那些书。尽管我状态不佳，无法与她交谈……"
    },
    {
      "id": 14,
      "model": "이상",
      "content": "我仍然听到了Cosplay、服装、布袋一类的词汇……"
    },
    {
      "id": 15,
      "model": "이상",
      "content": "将以上情况综合后，我推测堂吉诃德女士在听到巴士警铃响起后，看到了某些令她在意的符号……"
    },
    {
      "id": 16,
      "model": "파우스트",
      "content": "而浮士德知道门所在的位置，最后我们抵达了这个空间。"
    },
    {
      "id": 17,
      "model": "뫼르소",
      "content": "我们在抵达这扇门之前，与走廊中的部分实体进行了战斗。"
    },
    {
      "id": 18,
      "model": "로쟈",
      "content": "但幸好都是一堆杂鱼~"
    },
    {
      "id": 19,
      "model": "파우스트",
      "content": "如果罪人们在那种情况下死亡，就会造成永久性人员损失。"
    },
    {
      "id": 20,
      "model": "단테",
      "content": "<嗯……>"
    },
    {
      "id": 21,
      "model": "파우스트",
      "content": "您理解了吗？在没有执行经理的情况下进行战斗，对我们而言极度危险。"
    },
    {
      "id": 22,
      "model": "뫼르소",
      "content": "或许我们会成为消失在走廊某处的尸体，永远无法复活。"
    },
    {
      "id": 23,
      "model": "오티스",
      "content": "我希望您能理解执行经理单独行动具有多大的风险，以及您肩负了多大的责任。"
    },
    {
      "id": 24,
      "model": "오티스",
      "content": "作为执行经理，您必须存活下去。"
    },
    {
      "id": 25,
      "model": "오티스",
      "content": "……您明白了吗？"
    },
    {
      "id": 26,
      "content": "奥提斯用以往从未见过的冷酷表情凝视着我。"
    },
    {
      "id": 27,
      "model": "파우스트",
      "content": "这次只是运气好，但丁。归根到底，那些符号的排列并非半猜半就便能解释清楚的。"
    },
    {
      "id": 28,
      "model": "단테",
      "content": "<我没法反驳……真的非常抱歉。>"
    },
    {
      "id": 29,
      "model": "파우스트",
      "content": "……言尽于此。比起这些……"
    },
    {
      "id": 30,
      "model": "료슈",
      "content": "堂·不。"
    },
    {
      "id": 31,
      "model": "이스마엘",
      "content": "对。堂吉诃德、希斯克利夫……这两个人去哪里了？"
    },
    {
      "id": 32,
      "model": "단테",
      "content": "<啊，那是……>"
    },
    {
      "id": 33,
      "content": "……我把刚刚发生的一切毫无保留地说了出来。"
    },
    {
      "id": 34,
      "model": "그레고르",
      "content": "亏你们能活到现在……"
    },
    {
      "id": 35,
      "model": "그레고르",
      "content": "经理兄，刚刚他们已经说教得够多了，我也就不多嘴了。说到底这里是哪儿？"
    },
    {
      "id": 36,
      "model": "오티스",
      "content": "喂，这里是都市的哪片区域？从寒冷程度来看，是到了北部吗？还是说……"
    },
    {
      "id": 37,
      "model": "파우스트",
      "content": "这里并非都市。"
    },
    {
      "id": 38,
      "model": "그레고르",
      "content": "……喂，这是什么意思？"
    },
    {
      "id": 39,
      "model": "파우스트",
      "content": "从字面意义理解即可。那些倒下的名为“小矮人”的生物，是栖息于郊区的生命体。"
    },
    {
      "id": 40,
      "model": "파우스트",
      "content": "通常，被称为郊区的怪物。"
    },
    {
      "id": 41,
      "model": "로쟈",
      "content": "哇……在大湖里已经打得够多了，结果又碰上了怪物……？"
    },
    {
      "id": 42,
      "model": "단테",
      "content": "<但是和鲸不太一样。还能和它们对话……看上去就和小只的人类一样。>"
    },
    {
      "id": 43,
      "model": "이스마엘",
      "content": "郊区的其他区域和存在吗……如果情况允许，我倒会毫无顾虑地探索一番。但话说回来，这里的一切似乎都是按照小矮人的身型设计的。"
    },
    {
      "id": 44,
      "model": "홍루",
      "content": "既然这里是郊区……那我们还能按照原路返回吗？"
    },
    {
      "id": 45,
      "model": "파우스트",
      "content": "只要我们通过的那扇门仍未关闭。"
    },
    {
      "id": 46,
      "model": "뫼르소",
      "content": "目前似乎仍然开放着。"
    },
    {
      "id": 47,
      "model": "싱클레어",
      "content": "那万一……关上了？"
    },
    {
      "id": 48,
      "model": "파우스트",
      "content": "那我们将踏上一场预料之外的旅程。由于是从郊区直接返回都市，旅途想必会无比漫长。"
    },
    {
      "id": 49,
      "model": "단테",
      "content": "<那有些危……>"
    },
    {
      "id": 50,
      "model": "검은노움",
      "teller": "黑色小矮人",
      "title": "礼物工厂",
      "content": "从刚才起这里就传来声音诺姆……嗯？"
    },
    {
      "id": 51,
      "model": "빨간노움",
      "teller": "红色小矮人",
      "title": "礼物工厂",
      "content": "诺姆！！有大块头在四处乱逛诺姆！全员拿起工具快来诺姆！！！"
    },
    {
      "id": 52,
      "model": "이상",
      "content": "但丁，请退后。"
    },
    {
      "id": 53,
      "content": "……小矮人们从敞开的门里一拥而入，我们也举起了武器。"
    }
  ]
}