{
  "dataList": [
    {
      "id": 1,
      "place": "礼物工厂 收集线路",
      "model": "로쟈",
      "content": "现在看看……总觉得，这里……"
    },
    {
      "id": 2,
      "model": "이상",
      "content": "像是……工厂。负责制作礼物。"
    },
    {
      "id": 3,
      "model": "홍루",
      "content": "也有像这样生产礼物的工厂啊。"
    },
    {
      "id": 4,
      "model": "싱클레어",
      "content": "……还挂满了圣诞装饰。"
    },
    {
      "id": 5,
      "model": "싱클레어",
      "content": "离圣诞节……还有一段时间呢。"
    },
    {
      "id": 6,
      "content": "辛克莱闷闷不乐地盯着地板。"
    },
    {
      "id": 7,
      "content": "……不用问也知道他在想些什么。"
    },
    {
      "id": 8,
      "model": "홍루",
      "content": "怪物们也会互赠圣诞礼物吗？"
    },
    {
      "id": 9,
      "model": "그레고르",
      "content": "它们看上去没那么友好吧。"
    },
    {
      "id": 10,
      "model": "뫼르소",
      "content": "也可能是都市中某片翼将任务外包给了郊区的工厂。"
    },
    {
      "id": 11,
      "model": "단테",
      "content": "<……>"
    },
    {
      "id": 12,
      "content": "虽然我想说不可能，但考虑到我们以往经历过的都市和翼……"
    },
    {
      "id": 13,
      "model": "단테",
      "content": "<也有可能。>"
    },
    {
      "id": 14,
      "content": "我觉得这种推测不无道理。"
    }
  ]
}