{
  "dataList": [
    {
      "id": 1,
      "place": "礼物工厂 收集线路",
      "content": "一边持续与小矮人战斗，一边在工厂里四处奔跑时我们发现……"
    },
    {
      "id": 2,
      "content": "传送带上移动着的并不是普通的礼物。"
    },
    {
      "id": 3,
      "model": "로쟈",
      "content": "那是……脚？为什么会有画着脚的标识？"
    },
    {
      "id": 4,
      "model": "이상",
      "content": "这个上面画了眼球……"
    },
    {
      "id": 5,
      "model": "파우스트",
      "content": "据推测，这些礼物的成分与通常构成那些物品的材料有所不同。"
    },
    {
      "id": 6,
      "model": "파우스트",
      "content": "它们的外形有泰迪熊、蜡笔、玩具火车……"
    },
    {
      "id": 7,
      "model": "파우스트",
      "content": "蛋白质和磷的含量都非常高。"
    },
    {
      "id": 8,
      "model": "파우스트",
      "content": "小灯泡和装饰的小道具则并非如此……这些似乎用的是都市里捡来的垃圾。"
    },
    {
      "id": 9,
      "model": "료슈",
      "content": "很明显。人·造·物。"
    },
    {
      "id": 10,
      "model": "싱클레어",
      "content": "用人类制造的礼物……"
    },
    {
      "id": 11,
      "model": "로쟈",
      "content": "哈，看来郊区和都市一样，都是以人为本来解决一切问题。"
    },
    {
      "id": 12,
      "model": "이스마엘",
      "content": "重要的是……这些礼物是为谁准备的？"
    },
    {
      "id": 13,
      "model": "싱클레어",
      "content": "谁会……想要收到这样的东西？"
    },
    {
      "id": 14,
      "model": "로쟈",
      "content": "谁知道，有钱人的兴趣往往都很变态。"
    },
    {
      "id": 15,
      "model": "홍루",
      "content": "啊……说起来……"
    },
    {
      "id": 16,
      "model": "홍루",
      "content": "如果是用人来制作礼物，是不是说希斯克利夫先生和堂吉诃德小姐……也被……做成了礼物？"
    },
    {
      "id": 17,
      "model": "단테",
      "content": "<……说起来有听到小矮人们在谈论成分什么什么的……？>"
    },
    {
      "id": 18,
      "model": "이상",
      "content": "要分秒必争了。"
    },
    {
      "id": 19,
      "model": "뫼르소",
      "content": "假设礼物没有被送出，我知道他们最有可能在哪里。"
    },
    {
      "id": 20,
      "content": "默尔索默默地听着我们讨论，突然开口，并指向了某处。"
    },
    {
      "id": 21,
      "model": "뫼르소",
      "content": "那里，挂着礼物组装处的招牌。"
    }
  ]
}