{
  "dataList": [
    {
      "id": 1,
      "place": "礼物工厂 收集线路",
      "model": "단테",
      "content": "<总觉得这里有什么声音？>"
    },
    {
      "id": 2,
      "model": "료슈",
      "content": "呼，惨·声。挺嘹亮。说明发生了些有趣的事。"
    },
    {
      "id": 3,
      "model": "싱클레어",
      "content": "都听见惨叫声了，现在是笑的时候吗……！"
    },
    {
      "id": 4,
      "model": "뫼르소",
      "content": "是熟悉的声音。这种分贝与堂吉诃德的叫喊声相符。"
    },
    {
      "id": 6,
      "model": "오티스",
      "content": "停下。我们尚未确认作战区域的危险程度。如果那之中是封闭的空间……"
    },
    {
      "id": 7,
      "model": "이상",
      "content": "你，如果希斯克利夫在此，或许会如是说。"
    },
    {
      "id": 8,
      "model": "오티스",
      "content": "什么？"
    },
    {
      "id": 9,
      "model": "단테",
      "content": "<我，好像知道。>"
    },
    {
      "id": 10,
      "model": "단테",
      "content": "<婆婆妈妈搞得我快不耐烦了，总之先拿着武器上呗！>"
    },
    {
      "id": 11,
      "model": "이스마엘",
      "content": "呵，还挺像的。"
    },
    {
      "id": 12,
      "content": "以实玛利猛地踹开门。"
    },
    {
      "id": 13,
      "content": "与此同时……"
    },
    {
      "id": 14,
      "place": "礼物组装处",
      "model": "히스클리프",
      "content": "呜啊啊啊！这里是什么鬼地方？！我怎么被绑着？！"
    },
    {
      "id": 15,
      "model": "돈키호테",
      "content": "万分抱歉……吾等似乎要完蛋了……"
    },
    {
      "id": 16,
      "model": "돈키호테",
      "content": "吾等的命运，一定是成为那液压机中的玩具……"
    },
    {
      "id": 17,
      "model": "돈키호테",
      "content": "吾觉得自己会变成那个跌不倒的大娃娃……每次倒下后又会再站起来……呜……"
    },
    {
      "id": 18,
      "model": "히스클리프",
      "content": "喂！别光顾着说丧气话，先想想怎么解开！"
    },
    {
      "id": 19,
      "model": "돈키호테",
      "content": "希斯克利夫先生，吾万分抱歉……！吾只是略微有些想要cosplay成冬红布袋的想法……但……"
    },
    {
      "id": 20,
      "model": "돈키호테",
      "content": "吾也是真心想为汝置办帅气的服装！"
    },
    {
      "id": 21,
      "model": "히스클리프",
      "content": "你这混蛋，我就知道。你可给我记住了……"
    },
    {
      "id": 22,
      "model": "돈키호테",
      "content": "呜呜……但至少汝会变成一枚精致的怀表……"
    },
    {
      "id": 23,
      "model": "히스클리프",
      "content": "呃……！都到这份上儿了还怀表呢……！"
    },
    {
      "id": 24,
      "model": "크레용",
      "title": "？？？",
      "content": "我……好像要变成彩色铅笔了……呜呜……还是24色的……"
    },
    {
      "id": 25,
      "model": "빨간노움",
      "teller": "红色小矮人",
      "title": "礼物工厂",
      "content": "好久没见到活生生的材料了诺姆！"
    },
    {
      "id": 26,
      "model": "검은노움",
      "teller": "黑色小矮人",
      "title": "礼物工厂",
      "content": "但是他们吵到我耳朵了诺姆。能帮我看看耳朵有没有出血吗诺姆？"
    },
    {
      "id": 27,
      "model": "초록노움",
      "teller": "绿色小矮人",
      "title": "礼物工厂",
      "content": "诺姆！把那样大吵大闹的人做成礼物，收到的家伙一定超高兴的诺姆！"
    },
    {
      "id": 28,
      "model": "빨간노움",
      "teller": "红色小矮人",
      "title": "礼物工厂",
      "content": "诺姆诺姆！那么，要现在开始准备吗诺姆？"
    },
    {
      "id": 29,
      "content": "咚！"
    },
    {
      "id": 30,
      "model": "싱클레어",
      "content": "希斯克利夫先生，堂吉诃德小姐！太好了，你们还没被做成礼物！"
    },
    {
      "id": 31,
      "model": "료슈",
      "content": "咻。这气氛还真温馨。"
    },
    {
      "id": 32,
      "model": "돈키호테",
      "content": "诸位……！"
    },
    {
      "id": 33,
      "model": "히스클리프",
      "content": "为、为什么……"
    },
    {
      "id": 34,
      "model": "단테",
      "content": "<我们来救你们了，希斯克利夫。>"
    },
    {
      "id": 35,
      "model": "히스클리프",
      "content": "钟表头……！"
    },
    {
      "id": 36,
      "model": "히스클리프",
      "content": "妈的，没想到我会这么高兴……"
    },
    {
      "id": 37,
      "content": "希斯克利夫看上去差点就要被塞进哐哐作响的制作礼物用的液压机里了。"
    },
    {
      "id": 38,
      "model": "이상",
      "content": "来，绳子切断了。快下来！"
    },
    {
      "id": 39,
      "model": "히스클리프",
      "content": "唔……我，不习惯说这种话啊……但没变成怀表真是谢……"
    },
    {
      "id": 40,
      "model": "오티스",
      "content": "两个白痴！连执行经理一个人都保护不了还反过来被抓了！"
    },
    {
      "id": 41,
      "model": "히스클리프",
      "content": "……算了，撤回。"
    },
    {
      "id": 42,
      "model": "이스마엘",
      "content": "好了，你们俩都振作一下。"
    },
    {
      "id": 43,
      "model": "이스마엘",
      "content": "经理……之后要怎么做？"
    },
    {
      "id": 44,
      "model": "단테",
      "content": "<我们得……把这儿全砸干净。准备覆写人格。>"
    }
  ]
}