{
  "dataList": [
    {
      "id": 1,
      "model": "오티스",
      "content": "……"
    },
    {
      "id": 2,
      "content": "战斗暂告一段落。"
    },
    {
      "id": 3,
      "content": "堂吉诃德和希斯克利夫正襟危坐在众人面前。"
    },
    {
      "id": 4,
      "content": "我也觉得或许有必要加入其中，于是悄悄弯下腰，但奥提斯坚决地拉着我到一边……"
    },
    {
      "id": 5,
      "place": "礼物组装处",
      "model": "단테",
      "content": "<呜……总感觉对不起那两个人。>"
    },
    {
      "id": 6,
      "model": "돈키호테",
      "content": "……已经准备好了……开始吧……奥提斯女士……"
    },
    {
      "id": 7,
      "model": "오티스",
      "content": "你们……究竟是做了什么事情才会有这样的想法？"
    },
    {
      "id": 8,
      "model": "오티스",
      "content": "你知不知道经理有多么担心你们，忍受了多少危险！"
    },
    {
      "id": 9,
      "model": "히스클리프",
      "content": "事实上，钟表头也想要这样做……"
    },
    {
      "id": 10,
      "model": "오티스",
      "content": "吵死了！"
    },
    {
      "id": 11,
      "model": "오티스",
      "content": "不要那样叫经理的名字！真是没礼貌的家伙！"
    },
    {
      "id": 12,
      "model": "돈키호테",
      "content": "啊，非常抱歉，非常抱歉！"
    },
    {
      "id": 13,
      "model": "뫼르소",
      "content": "这就像小时候被妈妈训斥时的场景一样。"
    },
    {
      "id": 14,
      "content": "奥提斯的训斥似乎没有停下的迹象……"
    },
    {
      "id": 15,
      "content": "两人似乎已经感到压力，从刚才开始一直低着头默不作声。"
    },
    {
      "id": 16,
      "content": "我……感觉到良心有一些刺痛，所以决定去看看其他地方。"
    },
    {
      "id": 17,
      "model": "단테",
      "content": "<柯蕾昂还好吗……？>"
    },
    {
      "id": 18,
      "model": "파우스트",
      "content": "是的。只是因为过度的精神冲击暂时昏迷了。"
    },
    {
      "id": 22,
      "model": "이상",
      "content": "你是怎么被带到这个地方的？"
    },
    {
      "id": 23,
      "model": "이스마엘",
      "content": "人类……对吧？这里确实是郊区吧？"
    },
    {
      "id": 24,
      "content": "柯蕾昂似乎被一连串的问题吓了一跳。但随后她缓缓开口道。"
    },
    {
      "id": 25,
      "model": "크레용",
      "title": "？？？",
      "content": "果然……大家都是都市里的人吧。"
    },
    {
      "id": 26,
      "model": "크레용",
      "content": "我是在郊区北部的小镇……云之镇的居民。"
    },
    {
      "id": 27,
      "model": "그레고르",
      "content": "在郊区那种……像小矮人一样的怪物很多吗？会说人类语言的？"
    },
    {
      "id": 28,
      "model": "크레용",
      "content": "是的。除了小矮人之外……这里还有更多的怪物。我自己见过了其中的一些，但镇里的大人们告诉我的更多。"
    },
    {
      "id": 29,
      "model": "크레용",
      "content": "我们的镇子是为了防御那些怪物而建造的。为了保证我们的安全。"
    },
    {
      "id": 30,
      "model": "크레용",
      "content": "如果这一切没有发生……我们现在已经在小镇里准备晚餐了……"
    },
    {
      "id": 31,
      "model": "그레고르",
      "content": "所以它们袭击了你们的镇子。"
    },
    {
      "id": 32,
      "model": "크레용",
      "content": "是的……偏偏是在猎人离开的时候……"
    },
    {
      "id": 33,
      "model": "크레용",
      "content": "它们通常不会在每年的这个时候袭击我们……所以我认为我们很安全……但是它们突然骑着雪橇冲了进来向我们发动了攻击……"
    },
    {
      "id": 34,
      "model": "크레용",
      "content": "有的人试着抵抗，但我们根本不是它们的对手……很多人死了。被它们杀死的人……都被塞进了雪橇上的袋子里。"
    },
    {
      "id": 35,
      "model": "크레용",
      "content": "我吓得昏了过去……它们以为我也死了，就把我和其他镇民一样塞进了袋子里。"
    },
    {
      "id": 36,
      "model": "그레고르",
      "content": "啊……抱歉，让你回想起那些不好的事情。"
    },
    {
      "id": 37,
      "model": "크레용",
      "content": "没、没关系……我能……问些事吗？"
    },
    {
      "id": 38,
      "model": "그레고르",
      "content": "当然可以。"
    },
    {
      "id": 39,
      "model": "크레용",
      "content": "都市里有48种颜色的蜡笔是真的吗？连金色和银色的也有？"
    },
    {
      "id": 40,
      "model": "그레고르",
      "content": "唔……大概……"
    },
    {
      "id": 41,
      "model": "크레용",
      "content": "还有……"
    },
    {
      "id": 42,
      "model": "크레용",
      "content": "在都市里……只住着人类吧？像这样……会杀掉我们的怪物是不存在的吧！"
    },
    {
      "id": 43,
      "model": "로쟈",
      "content": "嗯……这是一个十分复杂的问题。"
    },
    {
      "id": 44,
      "model": "크레용",
      "content": "我爬到高处时偶尔可以远远看到，都市里充满了超~级美丽的光芒。那是以我现有的颜色无法描绘的绚丽色彩。"
    },
    {
      "id": 45,
      "model": "크레용",
      "content": "好羡慕啊。大家不用担心什么时候会被怪物杀掉，可以和邻居们一起幸福地生活……"
    },
    {
      "id": 46,
      "model": "로쟈",
      "content": "你真的，从来没去过都市啊。"
    },
    {
      "id": 47,
      "model": "료슈",
      "content": "此·此。"
    },
    {
      "id": 48,
      "model": "크레용",
      "content": "嗯……？"
    },
    {
      "id": 49,
      "model": "료슈",
      "content": "此处彼处，此间彼间，皆同死亡相邻。"
    },
    {
      "id": 50,
      "model": "크레용",
      "content": "哇……好帅……请再说一次！"
    },
    {
      "id": 51,
      "model": "단테",
      "content": "<诶？帅……？>"
    },
    {
      "id": 52,
      "model": "크레용",
      "content": "……啊！还有，在附近有看到其他人吗？"
    },
    {
      "id": 53,
      "model": "이스마엘",
      "content": "我不记得有在这里见过其他人。"
    },
    {
      "id": 54,
      "model": "크레용",
      "content": "不会吧……他肯定会来救我们的……"
    },
    {
      "id": 55,
      "model": "홍루",
      "content": "是在说哪一位的事情？"
    },
    {
      "id": 56,
      "model": "크레용",
      "content": "是我们云之镇最好的猎人……要是那位在的话这回的袭击也……"
    },
    {
      "id": 57,
      "model": "이상",
      "content": "从言语中推测，是和大湖的捕鲸人一般的在郊区专门狩猎怪物的猎人。"
    },
    {
      "id": 58,
      "model": "로쟈",
      "content": "但是……等下。"
    },
    {
      "id": 59,
      "model": "로쟈",
      "content": "之前说过是抓来人类制作……这些礼物的吧。"
    },
    {
      "id": 60,
      "model": "로쟈",
      "content": "……那这些礼物是为了送给谁而制作的？"
    },
    {
      "id": 61,
      "model": "산타타",
      "teller": "？？？",
      "title": "？？？",
      "content": "嚯！嚯！嚯！"
    },
    {
      "id": 62,
      "model": "산타타",
      "teller": "？？？",
      "title": "？？？",
      "content": "当然，那是为了送给可怜、温柔又不会哭泣的我等的邻居！"
    },
    {
      "id": 63,
      "model": "오티스",
      "content": "执行经理！退后！"
    },
    {
      "id": 64,
      "content": "在察觉到之前，从我们背后探出了巨大的影子。"
    },
    {
      "id": 65,
      "model": "로쟈",
      "content": "呜啊，吓死我了！那是什么？！"
    },
    {
      "id": 66,
      "model": "산타타",
      "content": "老夫是把礼物分给邻居的桑塔塔，嚯！嚯！嚯！"
    },
    {
      "id": 67,
      "content": "身材魁梧的巨人穿着红色的衣服，肩上扛着比我还要大的礼物袋，正狞笑着。"
    },
    {
      "id": 68,
      "content": "的确，不是人类。"
    },
    {
      "id": 69,
      "model": "히스클리프",
      "content": "是的！就是那家伙！那家伙就是这里的老大！"
    },
    {
      "id": 70,
      "model": "돈키호테",
      "content": "那件衣服！是那件衣服！那件红色的衣服就是吾等所探寻的……"
    },
    {
      "id": 71,
      "content": "正坐着的两位罪人也像事前商量好一般，同时站了起来大叫道。"
    },
    {
      "id": 72,
      "model": "히스클리프",
      "content": "那不是收尾人冬红布袋的衣服吗……？啊，那他已经……"
    },
    {
      "id": 73,
      "model": "돈키호테",
      "content": "不、不要……别连驯鹿人都！"
    },
    {
      "id": 74,
      "model": "오티스",
      "content": "闭嘴！别再说闲话了……"
    },
    {
      "id": 75,
      "content": "奥提斯打断了那两人的对话，然后低声对我说道。"
    },
    {
      "id": 76,
      "model": "오티스",
      "content": "执行经理。既然它看起来像是知性体，那么我会尝试着与它对话……不过，我们也要做好谈判破裂的战斗准备。"
    },
    {
      "id": 77,
      "model": "단테",
      "content": "<……嗯，好主意。>"
    },
    {
      "id": 78,
      "model": "이스마엘",
      "content": "你说邻居……是指谁？都市里的翼或者客户吗？"
    },
    {
      "id": 79,
      "model": "산타타",
      "content": "嚯！嚯！嚯！你以为我们能够进入都市吗？"
    },
    {
      "id": 80,
      "model": "로쟈",
      "content": "那一大坨的也算是小矮人吗……？"
    },
    {
      "id": 81,
      "model": "돈키호테",
      "content": "之前我偷听到了那些小矮人们的谈话……这里的老板似乎被叫作大胡子巨人，而不是小矮人。"
    },
    {
      "id": 82,
      "model": "그레고르",
      "content": "还有巨人……这里真是什么怪物都有啊。"
    },
    {
      "id": 83,
      "model": "로쟈",
      "content": "但丁，那不是异想体吧？"
    },
    {
      "id": 84,
      "model": "단테",
      "content": "<不，那既不是异想体也不是扭曲。它反倒更像那些鲸……>"
    },
    {
      "id": 85,
      "model": "산타타",
      "content": "嚯！嚯！你们也盼着得到礼物吗？可你们不是什么都有吗？"
    },
    {
      "id": 86,
      "model": "산타타",
      "content": "我与这郊外的邻居们日夜盼望着这一日。我们收到由人类制成的礼物，在这一天享受欢乐与安宁。"
    },
    {
      "id": 87,
      "model": "뫼르소",
      "content": "用人类制成玩具，再赠送给那些憎恨人类的存在吗。"
    },
    {
      "id": 88,
      "model": "뫼르소",
      "content": "纯粹出于善意。"
    },
    {
      "id": 89,
      "model": "산타타",
      "content": "被人类所放逐驱赶的我们，都生活在这里……"
    },
    {
      "id": 90,
      "model": "산타타",
      "content": "因此我们以无限的仇恨，精心地包装着这些礼物。嚯！嚯！嚯！"
    },
    {
      "id": 91,
      "model": "오티스",
      "content": "对于“谈判破裂”来说这番话还真啰嗦啊。"
    },
    {
      "id": 92,
      "model": "산타타",
      "content": "嚯！嚯！嚯！你们不想为他们带来快乐吗，为什么不来成为我们的礼物呢？"
    }
  ]
}