{
  "dataList": [
    {
      "id": 1,
      "place": "礼物组装处",
      "model": "산타타",
      "content": "人类……我一定要把人类……的骨头……！"
    },
    {
      "id": 2,
      "content": "看起来已经被打倒的桑塔塔的肚子突然开始膨胀起来。"
    },
    {
      "id": 3,
      "teller": "？？？",
      "title": "？？？",
      "content": "大家！捏住鼻子！"
    },
    {
      "id": 4,
      "content": "然后那一瞬间，在黑暗中有个高大的身影跑了出来，把像木桩一样的东西插进了它的肚子。"
    },
    {
      "id": 5,
      "model": "돈키호테",
      "content": "哇啊啊？！第……第一次闻到这种味道！"
    },
    {
      "id": 6,
      "model": "싱클레어",
      "content": "要、要晕过去了……"
    },
    {
      "id": 7,
      "model": "이상",
      "content": "像垃圾堆一样的气味……"
    },
    {
      "id": 8,
      "content": "有几名罪人已经晕倒，还有几名痛苦地做着恶心的表情。"
    },
    {
      "id": 9,
      "model": "파우스트",
      "content": "看来并不是有毒的气体。只是……令人极端不适的味道。"
    },
    {
      "id": 10,
      "model": "도미노",
      "teller": "？？？",
      "title": "？？？",
      "content": "打败了北方巨人，但不知道它的处理方法……你们是都市来的猎人吗？"
    },
    {
      "id": 11,
      "model": "이스마엘",
      "content": "处理方法？"
    },
    {
      "id": 12,
      "model": "도미노",
      "teller": "？？？",
      "title": "？？？",
      "content": "北方巨人临死前，躯体内会充满气体而破裂，引起酸性爆炸。"
    },
    {
      "id": 13,
      "content": "那个把桩子打进桑塔塔的人，慢慢地朝我们走过来，说道。"
    },
    {
      "id": 14,
      "model": "도미노",
      "teller": "？？？",
      "title": "？？？",
      "content": "在这些气体变成酸性液体之前，你必须在它肚子上打一个洞把气体排出来。要是引发连锁反应，留下一个烂摊子可就麻烦了。"
    }
  ]
}