{
  "dataList": [
    {
      "id": 1,
      "place": "礼物制作处",
      "model": "히스클리프",
      "content": "咳……这臭味完全散不掉啊。那又是谁？"
    },
    {
      "id": 2,
      "model": "크레용",
      "content": "多……多米诺先生！！！"
    },
    {
      "id": 3,
      "content": "刚刚还捏着鼻子忍受着臭味的柯蕾昂跑向了高大的男人并抱了上去。"
    },
    {
      "id": 4,
      "model": "도미노",
      "content": "至少你没事，柯蕾昂……太好了。"
    },
    {
      "id": 5,
      "model": "오티스",
      "content": "咳……"
    },
    {
      "id": 6,
      "content": "不知是否因为难忍的臭味，稍微有些踉跄的奥提斯呼出一口气，接近了叫多米诺的人。"
    },
    {
      "id": 7,
      "model": "오티스",
      "content": "喂，表明……你的身份。"
    },
    {
      "id": 8,
      "model": "도미노",
      "content": "我是来自云之镇的怪物猎人，多米诺。"
    },
    {
      "id": 9,
      "model": "도미노",
      "content": "……不过云之镇的幸存者只剩我和柯蕾昂了，事到如今已经不能称之为小镇了吧。"
    },
    {
      "id": 10,
      "model": "도미노",
      "content": "放心，我丝毫没有加害于你们的想法。"
    },
    {
      "id": 11,
      "model": "오티스",
      "content": "嗯……是之前这小鬼说过的猎人吗……"
    },
    {
      "id": 12,
      "content": "奥提斯终于放松了下来，靠着墙壁垂下了头。"
    },
    {
      "id": 13,
      "model": "도미노",
      "content": "本来在这个时期，这群家伙应该会去袭击北面的其他村子而不是来我们的小镇……"
    },
    {
      "id": 14,
      "model": "도미노",
      "content": "所以我为了帮助他们而出发……但这次它们的行动似乎改变了。"
    },
    {
      "id": 15,
      "model": "도미노",
      "content": "回来的时候镇子已经被袭击了……妈的，它们本来总是在圣诞之前的准备期间来袭，因此比其他怪物容易避开。"
    },
    {
      "id": 16,
      "model": "이상",
      "content": "……这种事情多有发生吗？"
    },
    {
      "id": 17,
      "model": "도미노",
      "content": "我不知道都市里面是什么样的，但郊区一直都是这副惨状……如同地狱一般。在满是怪物的这里有人存活本身就是一件奇迹。"
    },
    {
      "id": 18,
      "model": "싱클레어",
      "content": "制作这种……连礼物都算不上的东西的地方还有很多吗？"
    },
    {
      "id": 19,
      "model": "도미노",
      "content": "虽然没有见过类似这里的地方……但有一点可以确定。"
    },
    {
      "id": 20,
      "model": "도미노",
      "content": "和郊区发生的其他事情比起来，这里的情况还算可爱的。"
    },
    {
      "id": 21,
      "model": "도미노",
      "content": "如果是在都市的话……应该会过上比在这种地狱里要更好的人生吧，我经常这样想。"
    },
    {
      "id": 22,
      "model": "단테",
      "content": "<……>"
    },
    {
      "id": 23,
      "content": "这十分难以回答。虽说郊区大概也存在着郊区独有的，我们无法想象的地狱……"
    },
    {
      "id": 24,
      "content": "与他们的期望不同，都市并不是一个温馨的地方……至少，就我过去旅程中的所见所闻而言。"
    },
    {
      "id": 25,
      "model": "돈키호테",
      "content": "若是如此！一同前往都市如何！吾等在此后……"
    },
    {
      "id": 26,
      "content": "堂吉诃德虽然想继续话题，但仿佛感到了罪人们看向自己的叱责般的视线，就这样沉默了。"
    },
    {
      "id": 27,
      "model": "도미노",
      "content": "……感谢你的美言。但……"
    },
    {
      "id": 28,
      "model": "도미노",
      "content": "就凭这样简单的一句话，是连这个孩子也带不到都市里去的吧。"
    },
    {
      "id": 29,
      "model": "도미노",
      "content": "都市绝对……不会为这孩子留出哪怕小小一隅的位置。"
    },
    {
      "id": 30,
      "model": "파우스트",
      "content": "想要越过都市的围墙，享受各位梦想中的人生，只是必要的准备文件和手续就有数十种吧。"
    },
    {
      "id": 31,
      "model": "도미노",
      "content": "文件吗……你认为我们现在有任何可以准备的文件吗？我们没有像其他镇子的青年们一样为了在都市里找到工作而学习过……"
    },
    {
      "id": 32,
      "model": "크레용",
      "content": "大叔……"
    },
    {
      "id": 33,
      "model": "돈키호테",
      "content": "……"
    },
    {
      "id": 34,
      "content": "尴尬的沉默持续了一段时间，多米诺清了清嗓子将话题继续下去。"
    },
    {
      "id": 35,
      "model": "도미노",
      "content": "不过还是对你们表示感谢。多亏你们才至少能救出这孩子。"
    },
    {
      "id": 36,
      "model": "로쟈",
      "content": "表达感谢的最好方法是有的……咳，虽说是有的。闪闪亮亮的……咳，能响起清脆的声音的……"
    },
    {
      "id": 37,
      "content": "罗佳虽然看上去十分辛苦，但她眼里闪烁着一定要说出来的决心。"
    },
    {
      "id": 38,
      "model": "도미노",
      "content": "嗯……闪亮清脆？我可以给你们一些家里收集的不错的古董……"
    },
    {
      "id": 39,
      "model": "도미노",
      "content": "毕竟是经由郊区的铁轨收集的珍贵品，应该有就算在都市里也十分罕见的东西吧。"
    },
    {
      "id": 40,
      "model": "이스마엘",
      "content": "郊区的收集品的话……听上去确实是比金钱要有价值的东西。"
    },
    {
      "id": 41,
      "model": "단테",
      "content": "<浮士德……我们进入的门扉会关闭的概率还是很高吧？>"
    },
    {
      "id": 42,
      "model": "파우스트",
      "content": "是的。就算现在也不确定门是否还开着。由于最重要的目标是这两名罪人的回收，我推荐迅速返程。"
    },
    {
      "id": 43,
      "model": "단테",
      "content": "<……她是这样说的，各位。>"
    },
    {
      "id": 44,
      "model": "오티스",
      "content": "执行经理，恕我僭越，即使此处不是大湖，郊区就是郊区。如果仅因满足好奇心就长时间呆在这里，过于危险了。"
    },
    {
      "id": 45,
      "model": "도미노",
      "content": "看来你们必须要赶紧回去了……那么！把这个带走吧！"
    },
    {
      "id": 46,
      "content": "多米诺向我投来了一个木雕人偶。"
    },
    {
      "id": 47,
      "model": "오티스",
      "content": "看上去不是危险的东西……首先我们必须赶紧返程，细节还是回去之后再确认吧。"
    },
    {
      "id": 48,
      "model": "단테",
      "content": "<啊、是、是啊！>"
    },
    {
      "id": 49,
      "content": "罪人们或因昏迷而被搬运，或不断忍受着恶心，沿着来时的路返回……"
    },
    {
      "id": 50,
      "model": "이상",
      "content": "现在门尚开着……！"
    },
    {
      "id": 51,
      "content": "我们平安回到了梅菲斯托费勒斯上。"
    },
    {
      "id": 52,
      "content": "不久之后……"
    },
    {
      "id": 53,
      "place": "梅菲斯托费勒斯 船舱",
      "model": "카론",
      "content": "呜。味道好臭。卡戎躲开躲开。"
    },
    {
      "id": 54,
      "content": "卡戎逃似地冲向了甲板……"
    },
    {
      "id": 55,
      "model": "베르길리우스",
      "content": "……呵。"
    },
    {
      "id": 56,
      "content": "留在船舱里的维吉里乌斯，用仿佛要杀了我们般的视线盯着我们。"
    },
    {
      "id": 57,
      "model": "베르길리우스",
      "content": "各位，看来从无比精彩的冒险中归来了啊。"
    },
    {
      "id": 58,
      "model": "베르길리우스",
      "content": "身上覆盖着血肉……带着恶心的臭味回来真是一番好光景。"
    },
    {
      "id": 59,
      "model": "단테",
      "content": "<啊，这是……>"
    },
    {
      "id": 60,
      "model": "베르길리우스",
      "content": "……经理。反正我也听不到你的声音……"
    },
    {
      "id": 61,
      "model": "베르길리우스",
      "content": "点头或是摇头，能这样对我进行回复的话不胜感激。"
    },
    {
      "id": 62,
      "model": "베르길리우스",
      "content": "当然，是用我所希望的回复。"
    },
    {
      "id": 63,
      "model": "단테",
      "content": "<……>"
    },
    {
      "id": 64,
      "model": "베르길리우스",
      "content": "想问的事情只有一个。"
    },
    {
      "id": 65,
      "model": "베르길리우스",
      "content": "……这次是你下的判断吗？"
    },
    {
      "id": 66,
      "content": "……我虽然有些迷惑，但还是立刻点了点头。"
    },
    {
      "id": 67,
      "content": "虽然可能会就这样被问责，甚至发生更严重的事……"
    },
    {
      "id": 68,
      "content": "确实我当时应该阻止那两个人，我却同意了执行他们的计划。"
    },
    {
      "id": 69,
      "model": "베르길리우스",
      "content": "……很好。这样我的质问就结束了。"
    },
    {
      "id": 70,
      "content": "嗯？"
    },
    {
      "id": 71,
      "model": "베르길리우스",
      "content": "自己解决这摊子骚乱后再去休息。另外把这股能把鼻子都熏烂了的味道也排干净。"
    },
    {
      "id": 72,
      "model": "베르길리우스",
      "content": "就这样。"
    },
    {
      "id": 73,
      "content": "维吉里乌斯说完这些话，再次进入后门消失了。"
    },
    {
      "id": 74,
      "model": "단테",
      "content": "<真没想到……我还以为肯定会被拉去面谈呢。>"
    },
    {
      "id": 75,
      "model": "돈키호테",
      "content": "那不是很好嘛！不被面谈总是好的……"
    },
    {
      "id": 76,
      "model": "돈키호테",
      "content": "比起那些！大家快来看看这里！"
    },
    {
      "id": 77,
      "content": "堂吉诃德拆开了一个巨大的礼物包，虽然我不知道她是什么时候把这些礼物从那场骚乱中带回巴士的。"
    },
    {
      "id": 78,
      "model": "로쟈",
      "content": "这些是你趁着那场乱七八糟的骚乱拿回来的？"
    },
    {
      "id": 79,
      "model": "돈키호테",
      "content": "那些坏矮人用来做装饰的灯串。全都被吾扯下来了！"
    },
    {
      "id": 80,
      "model": "그레고르",
      "content": "真厉害……你那执念，说真的……"
    },
    {
      "id": 81,
      "model": "단테",
      "content": "<要用那些做什么？>"
    },
    {
      "id": 82,
      "model": "돈키호테",
      "content": "真的不知道吗！圣诞节装饰呀！"
    },
    {
      "id": 83,
      "model": "싱클레어",
      "content": "这么早……？距离圣诞节还有3个多月呢……"
    },
    {
      "id": 84,
      "model": "오티스",
      "content": "……肆无忌惮地揭开某人的伤疤，这种降低士气的行为是……"
    },
    {
      "id": 85,
      "model": "싱클레어",
      "content": "啊，没事的……已经稍微，不那么介意了。"
    },
    {
      "id": 86,
      "model": "이스마엘",
      "content": "因为大家都成长了呢。"
    },
    {
      "id": 87,
      "model": "돈키호테",
      "content": "嗯~太棒了！"
    },
    {
      "id": 88,
      "model": "돈키호테",
      "content": "从这个意义上来说！今天让我们提前享受派对怎么样！"
    },
    {
      "id": 89,
      "model": "이스마엘",
      "content": "你不会是专门为了做这事而跑去那里的吧……？"
    },
    {
      "id": 90,
      "model": "파우스트",
      "content": "按照但丁的说明，这场骚乱的核心……是为了获得希斯克利夫先生的衣服这件事。"
    },
    {
      "id": 91,
      "model": "히스클리프",
      "content": "……"
    },
    {
      "id": 92,
      "content": "希斯克利夫似乎从刚才就被羞愧感折磨着，只抱着头坐在椅子上。"
    },
    {
      "id": 93,
      "model": "돈키호테",
      "content": "呃，嗯。那也没错……但是想找的服装穿在那个巨人身上……"
    },
    {
      "id": 94,
      "model": "돈키호테",
      "content": "尺、尺寸也！好像不合适……"
    },
    {
      "id": 95,
      "model": "히스클리프",
      "content": "算了……反正也不是我想象中的那种衣服。"
    },
    {
      "id": 96,
      "model": "로쟈",
      "content": "希斯……所以说一回陆地，我们都会帮你挑的……"
    },
    {
      "id": 97,
      "model": "히스클리프",
      "content": "衣服先不谈……还有那个……"
    },
    {
      "id": 98,
      "model": "뫼르소",
      "content": "是指我们途经的港船发行的发廊优惠券吗。"
    },
    {
      "id": 99,
      "model": "뫼르소",
      "content": "与航路相背，不具备可使用的条件。"
    },
    {
      "id": 100,
      "model": "홍루",
      "content": "头发就让我来吧。以前我经常帮姐姐和弟弟们理发。"
    },
    {
      "id": 101,
      "model": "히스클리프",
      "content": "鬼知道还要在这里漂流多久！而、而且……"
    },
    {
      "id": 102,
      "model": "히스클리프",
      "content": "……我根本就不知道什么样的才合适。就只能从试错中慢慢找到更好的方法。"
    },
    {
      "id": 103,
      "model": "그레고르",
      "content": "说到底，你到底收到了什么才会变得这么不安？"
    },
    {
      "id": 104,
      "model": "히스클리프",
      "content": "……哈，随便吧。"
    },
    {
      "id": 105,
      "content": "重重地叹了口气后，希斯克利夫从怀里拿出来的是……"
    },
    {
      "id": 106,
      "model": "단테",
      "content": "<信？>"
    },
    {
      "id": 107,
      "model": "그레고르",
      "content": "所以这就是……他给你的那东西？"
    },
    {
      "id": 108,
      "model": "홍루",
      "content": "哦~我记得这些信封和信纸，我们家里曾经也使用过。这都是由最高级的纸张制成的，产量很少呢。"
    },
    {
      "id": 109,
      "model": "로쟈",
      "content": "我们能读一下吗？希斯……"
    },
    {
      "id": 110,
      "model": "히스클리프",
      "content": "行，反正没什么大不了的。"
    },
    {
      "id": 111,
      "model": "로쟈",
      "content": "那么……但丁来读吧~毕竟是我们的代表！"
    },
    {
      "id": 112,
      "model": "단테",
      "content": "<哦、哦。>"
    },
    {
      "id": 113,
      "content": "罗佳递给我的信上，写着如同刺绣般娟秀的手写笔迹……"
    },
    {
      "id": 114,
      "content": "我开始读里面写的内容。"
    },
    {
      "id": 115,
      "content": "来自呼啸山庄。"
    },
    {
      "id": 116,
      "content": "诚邀您访问■■■■■。"
    },
    {
      "id": 117,
      "model": "단테",
      "content": "<呃……这上面写的是什么？被涂掉了，看不清楚……>"
    },
    {
      "id": 118,
      "model": "단테",
      "content": "<……总之，我先继续读。>"
    },
    {
      "id": 119,
      "content": "地点在T公司巢的呼啸山庄。"
    },
    {
      "id": 120,
      "content": "如果您接受邀请，请于24日16点前携此邀请函入场。"
    },
    {
      "id": 121,
      "content": "敬请光临，您的到来必令寒舍蓬荜生辉。"
    },
    {
      "id": 122,
      "content": "谨启，"
    },
    {
      "id": 123,
      "content": "耐莉。"
    },
    {
      "id": 124,
      "model": "단테",
      "content": "<哦，还有一句笔迹不同的附言……>"
    },
    {
      "id": 125,
      "content": "<color=#4e3876>ps. 绝对要来哦，希斯。我会等着你的。——凯茜</color=#4e3876>"
    },
    {
      "id": 126,
      "content": "因为有人把字迹抹去了，所以我们很难分辨具体是什么活动……"
    },
    {
      "id": 127,
      "model": "히스클리프",
      "content": "……"
    },
    {
      "id": 128,
      "content": "很显然，那封信的内容再度燃起了希斯克利夫的热忱。"
    },
    {
      "id": 129,
      "model": "로쟈",
      "content": "所以……"
    },
    {
      "id": 130,
      "model": "그레고르",
      "content": "你是想好好打扮给这位凯茜看……是吗？"
    },
    {
      "id": 131,
      "model": "히스클리프",
      "content": "不能说不是，但也不止……"
    },
    {
      "id": 132,
      "model": "로쟈",
      "content": "嘘，安静。"
    },
    {
      "id": 133,
      "model": "로쟈",
      "content": "我现在终于知道你为什么等得这么着急了……“希·斯”。"
    },
    {
      "id": 134,
      "model": "히스클리프",
      "content": "什么？干嘛用那种眼神看我？喂？！"
    },
    {
      "id": 135,
      "model": "로쟈",
      "content": "鸿璐老师，打理发型的事情就交给你了。"
    },
    {
      "id": 136,
      "model": "홍루",
      "content": "呼呼，我倒是不会自称老师啦。"
    },
    {
      "id": 137,
      "model": "히스클리프",
      "content": "等等！你、你要带我去哪儿？！诶这，好大的劲……"
    },
    {
      "id": 138,
      "model": "이스마엘",
      "content": "嗯哼。罗佳的手劲确实很大……就别想着能脱身了。"
    },
    {
      "id": 139,
      "content": "希斯克利夫基本是被那两位罪人扛在肩上，一起消失进了巴士后门。"
    },
    {
      "id": 140,
      "content": "也许是看了信之后懂了些什么（也有可能是太无聊了），罗佳大概会把他当作换装人偶来玩弄吧……"
    },
    {
      "id": 141,
      "model": "돈키호테",
      "content": "我可以把这些挂饰都挂起来……哼哼~"
    },
    {
      "id": 142,
      "content": "堂吉诃德一边着手装饰巴士，一边轻哼起圣诞颂歌来。"
    },
    {
      "id": 143,
      "model": "단테",
      "content": "<……>"
    },
    {
      "id": 144,
      "content": "我打算到甲板上去走一会……"
    },
    {
      "id": 145,
      "place": "梅菲斯托费勒斯 甲板",
      "content": "我微微靠着栏杆，翻找着口袋。"
    },
    {
      "id": 146,
      "content": "从口袋里掏出来的是那个名叫多米诺的猎人匆忙扔给我的木雕人偶。"
    },
    {
      "id": 147,
      "content": "我摆弄着它，望向远处可能是郊区的地方。"
    },
    {
      "id": 148,
      "content": "小矮人和巨人，还有多米诺说过的话在我的脑中挥之不去。"
    },
    {
      "id": 149,
      "model": "단테",
      "content": "<在郊区也有着各种各样的人生吧。>"
    },
    {
      "id": 150,
      "model": "단테",
      "content": "<和都市中不同的人生……>"
    },
    {
      "id": 151,
      "content": "浮士德不知从何时开始旁听，走过来站在了我的身边。"
    },
    {
      "id": 152,
      "model": "파우스트",
      "content": "只要一个个地去追寻星星，你总有一天会明白的，但丁。"
    },
    {
      "id": 153,
      "model": "파우스트",
      "content": "所以现在，首先去追求眼前的星星就好。"
    },
    {
      "id": 154,
      "content": "嗯。"
    },
    {
      "id": 155,
      "content": "现在集中在都市里发生的事情上就已经尽全力了。"
    },
    {
      "id": 156,
      "content": "毕竟我还处于连自己是谁都想不起来的状态。"
    },
    {
      "id": 157,
      "teller": "罪人们",
      "title": "LCB",
      "content": "!()#&)(&*!@($%!!!!"
    },
    {
      "id": 158,
      "content": "船舱里希斯克利夫的形象转换貌似完成了，可以听到愤怒的咆哮以及愉快的笑声。"
    },
    {
      "id": 159,
      "model": "단테",
      "content": "<……要不要一起去看看希斯克利夫变得怎么样了，浮士德？>"
    },
    {
      "id": 160,
      "model": "파우스트",
      "content": "这真是一个十分有吸引力的提案。"
    },
    {
      "id": 161,
      "content": "在比起之前变得五颜六色了一些的巴士内，我感到了一丝丝温暖。"
    }
  ]
}