{
  "dataList": [
    {
      "id": 0,
      "place": "梅菲斯托费勒斯 内部",
      "model": "히스클리프",
      "content": "终于来这里了啊……"
    },
    {
      "id": 1,
      "content": "希斯克利夫皱起眉头，看向嘎吱作响的车窗之外。"
    },
    {
      "id": 2,
      "content": "尽管没有下雨，外面的世界也是阴云笼罩，黑色的烟霾完全遮蔽了天空。"
    },
    {
      "id": 3,
      "content": "过去的希斯克利夫是否也曾在这样的街道里徘徊呢。"
    },
    {
      "id": 4,
      "model": "이상",
      "content": "此处仍浸染于灰色之中。令我回想起我从S公司逃亡后的定居地，那里遍染着棕褐之色。"
    },
    {
      "id": 5,
      "model": "파우스트",
      "content": "这是由于色彩回收装置处于T公司的中心位置。有报告表明，即使距离影响范围较远，此类现象也可能会发生。"
    },
    {
      "id": 6,
      "model": "이상",
      "content": "啊，我明白了。这样一来……"
    },
    {
      "id": 7,
      "content": "正当李箱和浮士德要开始谈论某个令人费解的话题时，另外两位罪人慌忙转移了话头。"
    },
    {
      "id": 8,
      "model": "로쟈",
      "content": "啊啊！对了，这么说来~"
    },
    {
      "id": 9,
      "model": "그레고르",
      "content": "啊啊，那个啊？"
    },
    {
      "id": 10,
      "model": "로쟈",
      "content": "嗯？嗯！那个……感觉李箱曾经生活的地方，和这里的建筑物看起来不太一样呢~"
    },
    {
      "id": 11,
      "model": "그레고르",
      "content": "没错！我想问的就是这个。"
    },
    {
      "id": 12,
      "model": "단테",
      "content": "<……>"
    },
    {
      "id": 13,
      "content": "也许是因为我与他们已经共度了一段不短的时光吧。"
    },
    {
      "id": 14,
      "content": "我觉得罗佳和格里高尔想方设法阻止话题偏移到晦涩难懂的概念上的场景，实在是非常有趣。"
    },
    {
      "id": 15,
      "model": "이상",
      "content": "哦，那是因为……"
    },
    {
      "id": 16,
      "content": "而李箱认真解释的样子，似乎也并未超出我想象的范畴。"
    },
    {
      "id": 17,
      "content": "虽然我想更详细地了解色彩回收装置是什么，以及T公司的内情如何，但是……"
    },
    {
      "id": 18,
      "content": "这些并不是只有现在才能获取的信息，所以还是后面再说吧。"
    },
    {
      "id": 19,
      "content": "带着这样的想法，我走到了独自苦恼着的希斯克利夫身边。"
    },
    {
      "id": 20,
      "model": "히스클리프",
      "content": "……嗯？啊。钟表头。"
    },
    {
      "id": 21,
      "model": "단테",
      "content": "<你还在苦恼该穿什么衣服去呼啸山庄吗？>"
    },
    {
      "id": 22,
      "model": "히스클리프",
      "content": "什么？！才、才不是咧。"
    },
    {
      "id": 23,
      "content": "希斯克利夫好像被看穿了一样，急忙从座位上跳了起来。"
    },
    {
      "id": 24,
      "model": "히스클리프",
      "content": "好吧，倒也不是没考虑过……只是，我主要还是在回忆过去的一些事情。"
    },
    {
      "id": 25,
      "content": "嗯，想起来了，我听说希斯克利夫曾经在后巷里活跃过一段时间。"
    },
    {
      "id": 26,
      "content": "还听说他似乎曾经是某个帮派的成员。"
    },
    {
      "id": 27,
      "content": "上次，维吉里乌斯曾提到过……我们选择穿过后巷而不是直接前往T公司，是出于公司的指示。"
    },
    {
      "id": 28,
      "model": "단테",
      "content": "<……那么，这次我们是要去希斯克利夫活跃过的后巷里做些什么吗？>"
    },
    {
      "id": 29,
      "model": "단테",
      "content": "<说不定这里会有金枝……>"
    },
    {
      "id": 30,
      "model": "이스마엘",
      "content": "没有那种事吧。如果它只是后巷里随处可见的烂树枝级别的东西，我们还会这么辛苦吗？"
    },
    {
      "id": 31,
      "model": "단테",
      "content": "<话、话是这么说……>"
    },
    {
      "id": 32,
      "model": "히스클리프",
      "content": "……毕竟，那座在各种意义上都非常了不起的宅邸，怎么可能会在这种后巷里呢？"
    },
    {
      "id": 33,
      "model": "히스클리프",
      "content": "巷子里游荡的无赖们……和那些人之间的差距可大了去了。"
    },
    {
      "id": 34,
      "model": "히스클리프",
      "content": "而他们邀请我就意味着，这次的金枝显然就在那座宅邸所属的巢里。对吧？"
    },
    {
      "id": 35,
      "model": "파우스트",
      "content": "……正是如此。我们最终将前往T公司的巢。"
    },
    {
      "id": 36,
      "content": "希斯克利夫低沉的嘀咕声中，似乎还混杂着一些杂乱的噪音。"
    },
    {
      "id": 37,
      "model": "히스클리프",
      "content": "况且……管他什么最终还是最初，我们要是想成事，总得除掉那帮碍事的混蛋。"
    },
    {
      "id": 38,
      "model": "베르길리우스",
      "content": "你说对了一半。"
    },
    {
      "id": 39,
      "model": "히스클리프",
      "content": "哈？！"
    },
    {
      "id": 40,
      "content": "判若两人般嘀咕着的希斯克利夫一下子惊讶地瞪大了眼睛，提高了音量。"
    },
    {
      "id": 41,
      "model": "히스클리프",
      "content": "啊，妈的……别不提前说好就突然吓唬人啊。还有那个布隆布隆的家伙，你也一样。"
    },
    {
      "id": 42,
      "model": "베르길리우스",
      "content": "我不觉得有提前说明的必要。"
    },
    {
      "id": 43,
      "model": "베르길리우스",
      "content": "总之，巴士外面的那些家伙，就是我们的“目标”。"
    },
    {
      "id": 44,
      "model": "단테",
      "content": "<目标……？>"
    },
    {
      "id": 45,
      "model": "뫼르소",
      "content": "意为消灭对象吗。"
    },
    {
      "id": 46,
      "model": "베르길리우스",
      "content": "不只是这个意思。我也没有准确的信息，但是……"
    },
    {
      "id": 47,
      "model": "베르길리우스",
      "content": "不论如何，你们将在他们当中与目标接触。"
    },
    {
      "id": 48,
      "model": "베르길리우스",
      "content": "找到目标，然后获取必要的情报。执行经理，你听明白了吗？"
    },
    {
      "id": 49,
      "model": "단테",
      "content": "<但我要如何找到一个连身份都不知道的目标……？>"
    },
    {
      "id": 50,
      "model": "파우스트",
      "content": "其在询问是否有特定的方法可以识别目标。"
    },
    {
      "id": 51,
      "model": "베르길리우스",
      "content": "去了之后你就知道了……询问我没有的信息是没有用的，但丁。"
    },
    {
      "id": 52,
      "model": "베르길리우스",
      "content": "那么……全员，下车。"
    },
    {
      "id": 53,
      "content": "虽然维吉里乌斯的回答让人费解……但我们总能在这种情况下找到解决办法。"
    },
    {
      "id": 54,
      "content": "一定有什么办法，我一边这样想，一边和罪人们一起慢慢地从巴士上下来。"
    }
  ]
}