{
  "dataList": [
    {
      "id": 0,
      "place": "T公司后巷 某处",
      "teller": "？？？",
      "title": "？？？",
      "content": "大哥！他往那跑了！"
    },
    {
      "id": 1,
      "teller": "？？？",
      "title": "？？？",
      "content": "我自己会抓！你管好自己安危就行！"
    },
    {
      "id": 2,
      "model": "단테",
      "content": "<一片狼藉啊……>"
    },
    {
      "id": 3,
      "content": "我们一走出巴士，就见到了腥风血雨的帮派战场。"
    },
    {
      "id": 4,
      "content": "黑袍翻飞、刀刃交锋的血腥场面，仅在三十余步远处，一览无余。"
    },
    {
      "id": 5,
      "model": "이스마엘",
      "content": "那是……黑云会吗？"
    },
    {
      "id": 6,
      "content": "黑云会，我记得这个名字。"
    },
    {
      "id": 7,
      "content": "我记得人格里也有。也见过人格卡上写着若众。"
    },
    {
      "id": 8,
      "content": "他们是在被称为拇指的巨大帮派手下工作的，人数众多的下位帮派。那些人格的服饰也和他们相似。"
    },
    {
      "id": 9,
      "model": "단테",
      "content": "<我觉得是……但他们到底在和谁战斗？>"
    },
    {
      "id": 10,
      "model": "히스클리프",
      "content": "啊……是争斗吧。"
    },
    {
      "id": 11,
      "content": "理所当然似的，希斯克利夫淡淡地说道。"
    },
    {
      "id": 12,
      "model": "히스클리프",
      "content": "帮派之间打架斗殴在后巷不是很常见嘛。"
    },
    {
      "id": 13,
      "model": "히스클리프",
      "content": "又是因为过路费啊，地盘啊之类的事情争起来了吧。"
    },
    {
      "id": 14,
      "model": "돈키호테",
      "content": "仗势欺人、强取豪夺者……真是无处不在啊！"
    },
    {
      "id": 15,
      "model": "히스클리프",
      "content": "也不是什么新鲜事……大部分帮派都差不多，只有程度之差而已。"
    },
    {
      "id": 16,
      "model": "히스클리프",
      "content": "比如说……对了，就会有那种家伙找上门。"
    },
    {
      "id": 17,
      "content": "希斯克利夫用手中的球棍指向了某个地方……"
    },
    {
      "id": 18,
      "content": "而那里，有个与黑云会穿着相同的人向这大步走来。"
    },
    {
      "id": 19,
      "model": "흑운회조직원2",
      "teller": "？？？",
      "title": "黑云会",
      "content": "干啥啊？你们这些家伙十多个人聚在一起……"
    },
    {
      "id": 20,
      "model": "흑운회조직원2",
      "teller": "？？？",
      "title": "黑云会",
      "content": "还不赶紧放下棍子？想讨打是吧？"
    },
    {
      "id": 21,
      "model": "오티스",
      "content": "喂，行动暂时别过激。刺激他们也没什么好处，不是吗？"
    },
    {
      "id": 22,
      "content": "奥提斯提醒了举起球棍的希斯克利夫，但看来他没有听从的意思。"
    },
    {
      "id": 23,
      "model": "히스클리프",
      "content": "结局都已经明明白白了，还有那个必要吗？"
    },
    {
      "id": 24,
      "model": "싱클레어",
      "content": "……结果我们还是要和他战斗吗？"
    },
    {
      "id": 25,
      "model": "히스클리프",
      "content": "这不一目了然嘛。"
    },
    {
      "id": 26,
      "model": "히스클리프",
      "content": "都在争斗了，肯定会说这是他们的地盘。"
    },
    {
      "id": 27,
      "model": "히스클리프",
      "content": "而正好有第三者要路过……肯定会来要过路费。"
    },
    {
      "id": 28,
      "model": "흑운회조직원2",
      "teller": "？？？",
      "title": "黑云会",
      "content": "呵，这不很懂嘛。"
    },
    {
      "id": 29,
      "content": "黑云会成员以理所当然的语气说着，站到了我们面前。"
    },
    {
      "id": 30,
      "model": "이스마엘",
      "content": "本来觉得挺蠢的，一到这种事就能说会道得像侦探一样，真是不可思议。"
    },
    {
      "id": 31,
      "content": "以实玛利嘟囔着说道。而希斯克利夫耸着肩回头看着我们，像是在说“就说吧？”。"
    },
    {
      "id": 32,
      "model": "흑운회조직원2",
      "teller": "？？？",
      "title": "黑云会",
      "content": "看你们都挺懂的，我就直说了。"
    },
    {
      "id": 33,
      "model": "흑운회조직원2",
      "teller": "？？？",
      "title": "黑云会",
      "content": "过路费，每人50万眼。"
    },
    {
      "id": 34,
      "model": "돈키호테",
      "content": "五、五、五十万眼？！？！"
    },
    {
      "id": 35,
      "model": "흑운회조직원2",
      "teller": "？？？",
      "title": "黑云会",
      "content": "看看……一、二……十三个。再加上你们后面的巴士是开到这的吧？肯定还有司机。"
    },
    {
      "id": 36,
      "model": "흑운회조직원2",
      "teller": "？？？",
      "title": "黑云会",
      "content": "全交出来。别缺斤少两，车里的也算进去，别让我费力气去搜里面。"
    },
    {
      "id": 37,
      "model": "로쟈",
      "content": "但丁，听见了吗？这价格也太离谱了吧？"
    },
    {
      "id": 38,
      "model": "단테",
      "content": "<算是吧？>"
    },
    {
      "id": 39,
      "content": "不过……不管多贵，本来就没想用钱交涉就是了。"
    },
    {
      "id": 40,
      "model": "이스마엘",
      "content": "……"
    },
    {
      "id": 41,
      "content": "我看到以实玛利盯着这边，于是点了头。"
    },
    {
      "id": 42,
      "model": "돈키호테",
      "content": "稍等 ！那后面……"
    },
    {
      "id": 43,
      "content": "这时，堂吉诃德指向了某个地方。"
    },
    {
      "id": 44,
      "model": "돈키호테",
      "content": "有人倒下了……难道吾等不应该伸出援手吗？"
    },
    {
      "id": 45,
      "content": "确实，在战斗至一片狼藉的人群中，我可以窥见有人流着血倒在地上。"
    },
    {
      "id": 46,
      "model": "히스클리프",
      "content": "喂，我有说过正义游戏适可而止吧。帮派跟帮派打架呢，你给谁帮忙啊？"
    },
    {
      "id": 47,
      "model": "뫼르소",
      "content": "我同意。并且我们没有名分或指示要在乱战中冒着危害救助那人。"
    },
    {
      "id": 48,
      "model": "돈키호테",
      "content": "但是，那人如此无助……"
    },
    {
      "id": 49,
      "content": "应该庆幸吗……如果是以前的堂吉诃德，无论别人说什么，她的身体都会先一步行动。"
    },
    {
      "id": 50,
      "model": "돈키호테",
      "content": "呣……"
    },
    {
      "id": 51,
      "content": "我猜她从之前的事情里已经学到教训了，变得稳重了不少。"
    },
    {
      "id": 52,
      "content": "但是，这次的情况有所不同。"
    },
    {
      "id": 53,
      "model": "단테",
      "content": "<不，我觉得我们是应该帮忙……>"
    },
    {
      "id": 54,
      "model": "돈키호테",
      "content": "哦哦哦？！"
    },
    {
      "id": 55,
      "model": "히스클리프",
      "content": "什么？！"
    },
    {
      "id": 56,
      "model": "이스마엘",
      "content": "经理……？别再点头装作自己明白状况了好吗……"
    },
    {
      "id": 57,
      "model": "단테",
      "content": "<不不。我不是因为感到所谓正义才去做的。>"
    },
    {
      "id": 58,
      "content": "正如维吉里乌斯所说，公司让我们途经这片骚乱可能是有原因的。也就是说我们也许能从这里获取到什么有用的东西。"
    },
    {
      "id": 59,
      "content": "毕竟，他们让我们频频涉险都是有原因的。"
    },
    {
      "id": 60,
      "model": "단테",
      "content": "<我只是觉得那人可能还有什么情报能告诉我们……>"
    },
    {
      "id": 61,
      "model": "단테",
      "content": "<而且……如果持有情报的确实是黑云会，那我们就不免要和他们打一架了。>"
    },
    {
      "id": 62,
      "model": "오티스",
      "content": "……呵呵。"
    },
    {
      "id": 63,
      "model": "오티스",
      "content": "太伟大了，执行经理！我奥提斯由衷地佩服您。"
    },
    {
      "id": 64,
      "content": "这听起来不太像是真心话……"
    },
    {
      "id": 65,
      "model": "흑운회조직원2",
      "teller": "？？？",
      "title": "黑云会",
      "content": "我可还在听着呢……别把黑云会当成一帮乌合之众啊……"
    },
    {
      "id": 66,
      "model": "흑운회조직원2",
      "teller": "？？？",
      "title": "黑云会",
      "content": "你还犹豫要不要救她……那么，你们。"
    },
    {
      "id": 67,
      "model": "흑운회조직원2",
      "teller": "？？？",
      "title": "黑云会",
      "content": "肯定跟剑契组有关。"
    },
    {
      "id": 68,
      "content": "谈判（的打算是本来就没有的）破裂的声音从那人的腰间传来。"
    },
    {
      "id": 69,
      "model": "오티스",
      "content": "明智的思考与选择。将为您带来势在必得的胜利。"
    },
    {
      "id": 70,
      "model": "오티스",
      "content": "全员！准备战斗！"
    }
  ]
}