{
  "dataList": [
    {
      "id": 0,
      "place": "T公司后巷 某处",
      "model": "료슈",
      "content": "废·处。口出狂言，空有胆量。"
    },
    {
      "id": 1,
      "content": "当其他罪人正从战斗的余波中重整态势时，堂吉诃德如闪电般冲向了倒在地上的人身边。"
    },
    {
      "id": 2,
      "model": "돈키호테",
      "content": "那什么！啊，吾得给汝把把脉……"
    },
    {
      "id": 3,
      "model": "홍루",
      "content": "哦~你能通过额头把脉啊，还有这种把脉方式吗？"
    },
    {
      "id": 4,
      "model": "돈키호테",
      "content": "嗯！还活着呢！"
    },
    {
      "id": 5,
      "model": "히스클리프",
      "content": "哈……所以这家伙手上有我们需要的情报？"
    },
    {
      "id": 6,
      "content": "罪人们一个个地聚集到了倒地者的身边。"
    },
    {
      "id": 7,
      "content": "虽然一身黑的衣服与黑云会的没什么区别……但可以看出她所持的武器和服装与黑云会的有着微妙的不同。"
    },
    {
      "id": 8,
      "model": "단테",
      "content": "<是叫剑契组来着吧……>"
    },
    {
      "id": 9,
      "content": "我环顾四周后，感到的差异就更加明显。"
    },
    {
      "id": 10,
      "model": "돈키호테",
      "content": "……"
    },
    {
      "id": 11,
      "content": "堂吉诃德在为其他倒在地上的人把完脉后悲伤地缓缓摇了摇头。"
    },
    {
      "id": 12,
      "model": "오티스",
      "content": "执行经理。我在战斗中审问了几名黑云会成员，但并未获得任何有价值的情报。"
    },
    {
      "id": 13,
      "model": "단테",
      "content": "<那就只有她了啊……希望我的直觉是对的。>"
    },
    {
      "id": 14,
      "model": "돈키호테",
      "content": "看来这位小姐是唯一的幸存者……总之先把此人带回巴士上进行急救如何？"
    },
    {
      "id": 15,
      "model": "단테",
      "content": "<……嗯。这应该是最优解。>"
    },
    {
      "id": 16,
      "content": "我们并没有携带急救设备，我也无法通过转动时钟来治愈她。"
    },
    {
      "id": 17,
      "model": "단테",
      "content": "<默尔索，将这个人带回巴士上。拜托了。>"
    },
    {
      "id": 18,
      "model": "뫼르소",
      "content": "我明白了。"
    },
    {
      "id": 19,
      "content": "就这样，我们带着奄奄一息的剑契组成员回到了巴士上。"
    },
    {
      "id": 20,
      "place": "梅菲斯托费勒斯 内部",
      "model": "베르길리우스",
      "content": "看来你们又带了些行李回来啊。"
    },
    {
      "id": 21,
      "content": "……维吉里乌斯沉闷地说道。"
    },
    {
      "id": 22,
      "model": "베르길리우스",
      "content": "经理……从什么时候开始允许未经授权的客人进入巴士变得理所当然了？"
    },
    {
      "id": 23,
      "model": "단테",
      "content": "<我们别无选择……总之，如果想从她嘴里问出点东西，就得先救活她才行。>"
    },
    {
      "id": 24,
      "model": "파우스트",
      "content": "其认为，应当率先对可能知晓我们所需情报的人进行救治。"
    },
    {
      "id": 25,
      "model": "파우스트",
      "content": "浮士德同样对此表示赞同。"
    },
    {
      "id": 26,
      "model": "베르길리우스",
      "content": "嗯……"
    },
    {
      "id": 27,
      "model": "베르길리우스",
      "content": "哈，既然木已成舟，那就这样吧。但以后请继续保持警惕，但丁。"
    },
    {
      "id": 28,
      "content": "我感觉他还想再说些什么，但维吉里乌斯只是叹了口气，便不再多说了。"
    },
    {
      "id": 29,
      "model": "단테",
      "content": "<……呃。>"
    },
    {
      "id": 30,
      "model": "돈키호테",
      "content": "吾、吾相信经理老爷的决定是正确的。"
    },
    {
      "id": 31,
      "model": "단테",
      "content": "<嗯，谢谢……>"
    },
    {
      "id": 32,
      "content": "就在我认为这股尴尬的气氛会在巴士上萦绕直至永恒时，李箱从后门中走出，向我缓缓靠近。"
    },
    {
      "id": 33,
      "model": "이상",
      "content": "治疗措施已全部完成。现在……"
    },
    {
      "id": 34,
      "content": "然后，在他说完这句话之前。"
    },
    {
      "id": 35,
      "model": "앵두",
      "teller": "？？？",
      "title": "剑契组",
      "content": "嗯……"
    },
    {
      "id": 36,
      "content": "身为当事人的她醒了。"
    }
  ]
}