{
  "dataList": [
    {
      "id": 0,
      "place": "梅菲斯托费勒斯 内部",
      "model": "앵두",
      "teller": "？？？",
      "title": "剑契组",
      "content": "这里是……"
    },
    {
      "id": 1,
      "model": "료슈",
      "content": "巴·内。"
    },
    {
      "id": 2,
      "model": "홍루",
      "content": "这里是巴士内~啊，我们是……"
    },
    {
      "id": 3,
      "model": "앵두",
      "teller": "？？？",
      "title": "剑契组",
      "content": "大太刀……哈！"
    },
    {
      "id": 4,
      "content": "醒来的剑契组成员像弹簧般跳了起来，抓起她身旁的剑，摆出了随时准备拔剑的架势。"
    },
    {
      "id": 5,
      "model": "앵두",
      "teller": "？？？",
      "title": "剑契组",
      "content": "你们是什么人？！黑云会吗？！"
    },
    {
      "id": 6,
      "model": "료슈",
      "content": "不是。"
    },
    {
      "id": 7,
      "model": "싱클레어",
      "content": "所以说，我们是……"
    },
    {
      "id": 8,
      "model": "앵두",
      "teller": "？？？",
      "title": "剑契组",
      "content": "那为什么！你的武器和他们用的那么像！"
    },
    {
      "id": 9,
      "model": "료슈",
      "content": "嘁，根本说不通。干脆杀了她吧。"
    },
    {
      "id": 10,
      "model": "단테",
      "content": "<良秀！>"
    },
    {
      "id": 11,
      "model": "료슈",
      "content": "有两个原因让我恼火。"
    },
    {
      "id": 12,
      "model": "료슈",
      "content": "一个是她无法交流，无谓地延长对话。"
    },
    {
      "id": 13,
      "model": "료슈",
      "content": "另一个是她把那些破铜烂铁似的刀跟我的刀置于同一水平上。"
    },
    {
      "id": 14,
      "model": "료슈",
      "content": "有需要我忍住不折·脖的理由吗，钟表？"
    },
    {
      "id": 15,
      "model": "단테",
      "content": "<唔，必须要忍住。否则会很麻烦的。>"
    },
    {
      "id": 16,
      "model": "료슈",
      "content": "……嘁。"
    },
    {
      "id": 17,
      "content": "良秀经常以无法预料的方向表露感情……但幸好她还是听得进去人话。"
    },
    {
      "id": 18,
      "model": "앵두",
      "teller": "？？？",
      "title": "剑契组",
      "content": "仔、仔细一看不一样……你们的衣服也是以完全不同的样式统一起来的……"
    },
    {
      "id": 19,
      "model": "앵두",
      "teller": "？？？",
      "title": "剑契组",
      "content": "特别是……你是谁？戴着吵闹的钟表……你只会发出滴滴答答的声音吗？"
    },
    {
      "id": 20,
      "model": "이상",
      "content": "此位是我们的执行经理。你无法听见他的声音。"
    },
    {
      "id": 21,
      "model": "앵두",
      "teller": "？？？",
      "title": "剑契组",
      "content": "……嗯。"
    },
    {
      "id": 22,
      "model": "앵두",
      "teller": "？？？",
      "title": "剑契组",
      "content": "……是带着熟悉气息的说话方式呢。"
    },
    {
      "id": 23,
      "model": "이상",
      "content": "在辗转漂泊过的区域之中，我也没见过多少与我说话方式相像的友人呢……"
    },
    {
      "id": 24,
      "model": "앵두",
      "teller": "？？？",
      "title": "剑契组",
      "content": "说话方式如你所言，但是你用词的选择听起来却很熟悉。"
    },
    {
      "id": 25,
      "model": "앵두",
      "teller": "？？？",
      "title": "剑契组",
      "content": "你是19区……S公司出身的吗？"
    },
    {
      "id": 26,
      "model": "이상",
      "content": "……我虽已逃亡，但的确出身那处。"
    },
    {
      "id": 27,
      "model": "앵두",
      "teller": "？？？",
      "title": "剑契组",
      "content": "这样啊……逃亡啊。"
    },
    {
      "id": 28,
      "model": "앵두",
      "teller": "？？？",
      "title": "剑契组",
      "content": "故乡的人们总是有相似的境遇啊。"
    },
    {
      "id": 29,
      "content": "也许是体会到了某种类似的心情，她放下了警惕，坐在就近的椅子上，深深地吐了一口气。"
    },
    {
      "id": 30,
      "model": "이상",
      "content": "我名为李箱。我已经给你的伤口做了处理。"
    },
    {
      "id": 31,
      "model": "앵두",
      "teller": "？？？",
      "title": "剑契组",
      "content": "啊……我受了诸位恩惠却做出如此无礼言行……实在抱歉。"
    },
    {
      "id": 32,
      "model": "앵두",
      "teller": "樱桃",
      "title": "剑契组",
      "content": "请叫我樱桃。我是身属于执剑之契的杀手。"
    },
    {
      "id": 33,
      "model": "로쟈",
      "content": "噢……但丁。这次我们能把交涉留给李箱吧？"
    },
    {
      "id": 34,
      "model": "단테",
      "content": "<嗯，看起来我们只要静候佳音就好了。>"
    },
    {
      "id": 35,
      "content": "我点点头，简单地回答了罗佳的耳语。"
    },
    {
      "id": 36,
      "model": "앵두",
      "teller": "樱桃",
      "title": "剑契组",
      "content": "从19区……S公司逃亡出来的人应该会知道我们吧。"
    },
    {
      "id": 37,
      "model": "이상",
      "content": "我对坊间传闻不甚了解，但大致上……"
    },
    {
      "id": 38,
      "model": "이상",
      "content": "我听闻你们乃是自由自在无拘无束地行动，何来逃亡一说？"
    },
    {
      "id": 39,
      "model": "앵두",
      "teller": "樱桃",
      "title": "剑契组",
      "content": "事情说来话长……只能说是我们必须寻找新的栖身之处吧。"
    },
    {
      "id": 40,
      "model": "이상",
      "content": "若您愿意言明详情，我们也许可以伸以援手。"
    },
    {
      "id": 41,
      "model": "앵두",
      "teller": "樱桃",
      "title": "剑契组",
      "content": "……"
    },
    {
      "id": 42,
      "content": "那个叫樱桃的人用疲惫而沉重的眼神扫视了我们一圈。"
    },
    {
      "id": 43,
      "model": "앵두",
      "teller": "樱桃",
      "title": "剑契组",
      "content": "确实。如果你们就是把那些家伙全都打倒的人，那么应该是有一定实力的吧。"
    },
    {
      "id": 44,
      "model": "앵두",
      "teller": "樱桃",
      "title": "剑契组",
      "content": "我的头领和友人们的头上……现在都挂着黑云会的悬赏。"
    },
    {
      "id": 45,
      "model": "히스클리프",
      "content": "看样子不仅仅是争斗啊……？不是单纯的地盘争夺战……而是与仇恨有关吗。"
    },
    {
      "id": 46,
      "model": "앵두",
      "teller": "樱桃",
      "title": "剑契组",
      "content": "……贪官污吏横行，民生凋敝，无论是过去还是今朝，都一直是19区最大的问题。"
    },
    {
      "id": 47,
      "model": "앵두",
      "teller": "樱桃",
      "title": "剑契组",
      "content": "然而对于S公司……现在已经成为“肉血骨农牧产业”的翼来说，像我们这样只会锻炼武艺，想要走上武人之路的人，什么也做不了，这就是现实。\n*S公司全名原文为“살피뼈 농축산”，发音以S开头。"
    },
    {
      "id": 48,
      "model": "앵두",
      "teller": "樱桃",
      "title": "剑契组",
      "content": "但是……对于我们这种如同憎恨寺庙的僧侣一样的人来说，只剩下离开的选择了。"
    },
    {
      "id": 49,
      "model": "이상",
      "content": "……S公司平民们的苦难却依然如旧。"
    },
    {
      "id": 50,
      "model": "앵두",
      "teller": "樱桃",
      "title": "剑契组",
      "content": "虽然我们是为了寻找新的栖身之处而出发……但是寻找一个可以定居的地方并不容易。"
    },
    {
      "id": 51,
      "model": "앵두",
      "teller": "樱桃",
      "title": "剑契组",
      "content": "既然所踏入之处已是他人的领地，那理所当然地我们会与他们相争。"
    },
    {
      "id": 52,
      "model": "앵두",
      "teller": "樱桃",
      "title": "剑契组",
      "content": "那时候，我有通过头领所带来的一张类似“邀请函”的东西进到了“图书馆”里的记忆。"
    },
    {
      "id": 53,
      "model": "베르길리우스",
      "content": "……"
    },
    {
      "id": 54,
      "content": "坐在另一边，一直翘着腿听她说话的维吉里乌斯作出了反应。"
    },
    {
      "id": 55,
      "content": "这么想来，每次提到“图书馆”这个关键词时，维吉里乌斯都会做出有深意的反应。"
    },
    {
      "id": 56,
      "model": "이상",
      "content": "你有这样的记忆……这句话多少有些不自然。"
    },
    {
      "id": 57,
      "model": "앵두",
      "teller": "樱桃",
      "title": "剑契组",
      "content": "嗯。虽然我们是因为听说那里还未曾有黑云会的势力触及方才前去。"
    },
    {
      "id": 58,
      "model": "앵두",
      "teller": "樱桃",
      "title": "剑契组",
      "content": "实际上，那里也是一片战场。而我们确实输了……"
    },
    {
      "id": 59,
      "model": "앵두",
      "teller": "樱桃",
      "title": "剑契组",
      "content": "然后再回过神来，我们就发现自己身处此地，也就是T公司的巷子里了。事情发展得实在太奇怪了，所以也只能以“有记忆”……作答了。"
    },
    {
      "id": 60,
      "model": "앵두",
      "teller": "樱桃",
      "title": "剑契组",
      "content": "……啊！金笠头领！"
    },
    {
      "id": 61,
      "content": "说着说着，她突然瞪大了眼睛，从椅子上站了起来。"
    },
    {
      "id": 62,
      "model": "앵두",
      "teller": "樱桃",
      "title": "剑契组",
      "content": "我们的头领还在大楼里……龙进，是龙进大楼，必须尽快赶去才行！"
    },
    {
      "id": 63,
      "model": "이상",
      "content": "小心些！若你如此激烈地活动，包扎好的伤口会……"
    },
    {
      "id": 64,
      "model": "앵두",
      "teller": "樱桃",
      "title": "剑契组",
      "content": "咕……"
    },
    {
      "id": 65,
      "model": "로쟈",
      "content": "欸？！什、什么？她死了？"
    },
    {
      "id": 66,
      "model": "파우스트",
      "content": "……血压突然升高而供血不足，难怪她会昏厥。只是晕过去了而已。"
    },
    {
      "id": 67,
      "model": "로쟈",
      "content": "呼……"
    },
    {
      "id": 68,
      "model": "이스마엘",
      "content": "尽管如此，正如经理料想的一样，我们还是掌握了一些有用的信息。"
    },
    {
      "id": 69,
      "model": "오티스",
      "content": "龙进大楼……看来我们有向那里前进的理由了。"
    },
    {
      "id": 70,
      "model": "단테",
      "content": "<嗯……单从听说的内容来看，似乎和我们的任务并没有多大的关系。>"
    },
    {
      "id": 71,
      "content": "或者……图书馆这个地方……"
    },
    {
      "id": 72,
      "model": "카론",
      "content": "紧急情况，紧急情况。"
    },
    {
      "id": 73,
      "model": "카론",
      "content": "前方有带刀的暴徒，很多。"
    },
    {
      "id": 74,
      "model": "카론",
      "content": "梅菲要受伤了。乘客们，出动。"
    },
    {
      "id": 75,
      "model": "오티스",
      "content": "嗯……他们似乎是黑云会的增援，执行经理。"
    },
    {
      "id": 76,
      "model": "단테",
      "content": "<没办法了吗……>"
    },
    {
      "id": 77,
      "content": "看来我们得把思考的事情往后放一放，该先收拾余党了。"
    }
  ]
}