{
  "dataList": [
    {
      "id": 0,
      "place": "梅菲斯托费勒斯 内部",
      "content": "在扫荡完那些向巴士冲来的黑云会成员，回到车上后……"
    },
    {
      "id": 1,
      "model": "카이만",
      "teller": "？？？",
      "title": "？？？",
      "content": "……"
    },
    {
      "id": 2,
      "content": "我们发现有个陌生人正坐在巴士前方座位上。"
    },
    {
      "id": 3,
      "model": "오티스",
      "content": "真奇怪啊，向导。"
    },
    {
      "id": 4,
      "model": "오티스",
      "content": "离我上一次听说不许让未经讨论核实的客人上车，分明还一小时不到呢？"
    },
    {
      "id": 5,
      "model": "베르길리우스",
      "content": "我说的只限“外部人员”。"
    },
    {
      "id": 6,
      "model": "베르길리우스",
      "content": "但她的身份不是清清楚楚地写在你眼前吗？"
    },
    {
      "id": 7,
      "content": "那有些眼熟的服装，还有胸前的“CLEAR”字眼。"
    },
    {
      "id": 8,
      "model": "단테",
      "content": "<LCCB……？>"
    },
    {
      "id": 9,
      "model": "카이만",
      "teller": "？？？",
      "title": "LCCA",
      "content": "是LCCA。钟表经理。"
    },
    {
      "id": 10,
      "content": "正如她所说，仔细一看，她的右侧手臂上有着红色的标识。"
    },
    {
      "id": 11,
      "model": "이스마엘",
      "content": "嗯？这个人，能听见经理说话吗？"
    },
    {
      "id": 12,
      "model": "카이만",
      "teller": "？？？",
      "title": "LCCA",
      "content": "听不见。也没有翻译滴答声的能力。但看见那摆头的蠢样还不懂反倒会更难。"
    },
    {
      "id": 13,
      "model": "이스마엘",
      "content": "你这人，说话……"
    },
    {
      "id": 14,
      "content": "以实玛利烦躁地皱起了脸，又仿佛是想起了自己的过去，便清了清嗓子。"
    },
    {
      "id": 15,
      "model": "카이만",
      "teller": "凯尔曼",
      "title": "LCCA队长",
      "content": "我是清理部门收尾部队所属，一般作战2科阿尔法队的队长凯尔曼。"
    },
    {
      "id": 16,
      "model": "단테",
      "content": "<我还是第一次碰见收尾部队。>"
    },
    {
      "id": 17,
      "model": "히스클리프",
      "content": "哈。毕竟他们可是把我们要死要活得到的成果一口吞的家伙们，怎么可能碰得到呢。"
    },
    {
      "id": 18,
      "model": "카이만",
      "teller": "凯尔曼",
      "title": "LCCA队长",
      "content": "话要好好说，底层来的。"
    },
    {
      "id": 19,
      "model": "히스클리프",
      "content": "哈……？"
    },
    {
      "id": 20,
      "model": "카이만",
      "teller": "凯尔曼",
      "title": "LCCA队长",
      "content": "收尾部队是负责将你们这种送死小队造出来的狼藉恢复正常，收拾成什么都没发生过的状态，做着非常辛苦工作的队伍。"
    },
    {
      "id": 21,
      "model": "이스마엘",
      "content": "你们管我们叫……送死小队？"
    },
    {
      "id": 22,
      "model": "카이만",
      "teller": "凯尔曼",
      "title": "LCCA队长",
      "content": "何止。送死小队，碰碰车，吞金巴士，肉盾，幸运疯子什么的。嘛……虽然还有很多，但都不是现在要谈论的话题。"
    },
    {
      "id": 23,
      "model": "히스클리프",
      "content": "你这婆娘……语气坚持这样是吧？"
    },
    {
      "id": 24,
      "model": "카이만",
      "teller": "凯尔曼",
      "title": "LCCA队长",
      "content": "如果没有特别的理由就不会更改。这是我的主张。"
    },
    {
      "id": 25,
      "model": "카이만",
      "teller": "凯尔曼",
      "title": "LCCA队长",
      "content": "虽然不顾一切地回收金枝是我们的工作，但是对于完全不顾背后为了自己拼命的人的那群二百五就更没必要改正了。"
    },
    {
      "id": 26,
      "model": "베르길리우스",
      "content": "到此为止吧，凯尔曼队长。"
    },
    {
      "id": 27,
      "model": "카이만",
      "teller": "凯尔曼",
      "title": "LCCA队长",
      "content": "哼。嘛，我也不是专门来破口大骂的。"
    },
    {
      "id": 28,
      "model": "카이만",
      "teller": "凯尔曼",
      "title": "LCCA队长",
      "content": "我在此下达上级的作战命令。"
    },
    {
      "id": 29,
      "content": "凯尔曼打开了手中的资料袋，拿出一张纸读了起来。"
    },
    {
      "id": 30,
      "model": "카이만",
      "teller": "凯尔曼",
      "title": "LCCA队长",
      "content": "“在此下达LCB的T公司金枝回收作战前的额外任务。”"
    },
    {
      "id": 31,
      "model": "카이만",
      "teller": "凯尔曼",
      "title": "LCCA队长",
      "content": "“1. 清除，亦或是确保于该地区附近产生的扭曲。”"
    },
    {
      "id": 32,
      "model": "카이만",
      "teller": "凯尔曼",
      "title": "LCCA队长",
      "content": "“2. 确保该位置的黑色石碑——独石。”"
    },
    {
      "id": 33,
      "model": "단테",
      "content": "<独石又是什么……>"
    },
    {
      "id": 34,
      "model": "싱클레어",
      "content": "扭曲……？也就是说已经有人扭曲了吗？"
    },
    {
      "id": 35,
      "model": "카이만",
      "teller": "凯尔曼",
      "title": "LCCA队长",
      "content": "不知道。这个额外作战与LCC无关。我不过是在T公司处理业务时接到了通知的任务。"
    },
    {
      "id": 36,
      "model": "오티스",
      "content": "我们的任务分明只有回收金枝。从什么时候开始被当成打杂的收尾人了？"
    },
    {
      "id": 37,
      "model": "카이만",
      "teller": "凯尔曼",
      "title": "LCCA队长",
      "content": "现在就是了。而且搬金枝回来的你们跟打杂的也没什么差别。"
    },
    {
      "id": 38,
      "model": "로쟈",
      "content": "……完全了解了。收尾部队里尽是些性格恶劣的人啊~"
    },
    {
      "id": 39,
      "content": "罗佳摆着一副看透了的样子抱怨道。"
    },
    {
      "id": 40,
      "content": "凯尔曼慢慢地环视着那些罪人们，随即向我走来。"
    },
    {
      "id": 41,
      "model": "카이만",
      "teller": "凯尔曼",
      "title": "LCCA队长",
      "content": "……钟表经理。"
    },
    {
      "id": 42,
      "model": "단테",
      "content": "<……嗯？>"
    },
    {
      "id": 43,
      "model": "카이만",
      "teller": "凯尔曼",
      "title": "LCCA队长",
      "content": "反正我也听不见你在说什么。"
    },
    {
      "id": 44,
      "model": "카이만",
      "teller": "凯尔曼",
      "title": "LCCA队长",
      "content": "你和你的喽啰们看着也都一无所知，那就由我贴心地说明一下吧。"
    },
    {
      "id": 45,
      "content": "凯尔曼像是要开始说教一般，一只手臂靠在巴士座位上，双臂交叉抱胸，靠在位子上说道。"
    },
    {
      "id": 46,
      "model": "카이만",
      "teller": "凯尔曼",
      "title": "LCCA队长",
      "content": "LCB的任务，确实是回收金枝。没错，这无法否认。"
    },
    {
      "id": 47,
      "model": "카이만",
      "teller": "凯尔曼",
      "title": "LCCA队长",
      "content": "但要是说边狱公司的目标是“回收金枝”肯定有问题，对吧？"
    },
    {
      "id": 48,
      "model": "카이만",
      "teller": "凯尔曼",
      "title": "LCCA队长",
      "content": "那种东西也没法立马赚到钱。"
    },
    {
      "id": 49,
      "model": "이스마엘",
      "content": "确实如此。我其实一直都很好奇，这公司到底是用哪来的钱运营的……"
    },
    {
      "id": 50,
      "model": "카이만",
      "teller": "凯尔曼",
      "title": "LCCA队长",
      "content": "嘛，钱不用担心。反不如说多得要溢出来了。现在这个公司缺少的……"
    },
    {
      "id": 51,
      "model": "카이만",
      "teller": "凯尔曼",
      "title": "LCCA队长",
      "content": "是对外的立场与名分。"
    },
    {
      "id": 52,
      "model": "단테",
      "content": "<名分……>"
    },
    {
      "id": 53,
      "model": "카이만",
      "teller": "凯尔曼",
      "title": "LCCA队长",
      "content": "边狱公司决定用“扭曲”来立名分。其实在都市里，暂时没有对扭曲现象的成熟管理体系。"
    },
    {
      "id": 54,
      "content": "我想起了浮士德曾经说明过这件事。似乎扭曲现象出现真的没有多久……"
    },
    {
      "id": 55,
      "model": "카이만",
      "teller": "凯尔曼",
      "title": "LCCA队长",
      "content": "边狱公司在都市的对外宣传为“进行对扭曲现象的专业处理与防疫，与对此现象的研究”的集团。因此在各方面需要相关活动履历。"
    },
    {
      "id": 56,
      "model": "홍루",
      "content": "我有听说过扭曲现象让人们觉得很麻烦呢~"
    },
    {
      "id": 57,
      "model": "카이만",
      "teller": "凯尔曼",
      "title": "LCCA队长",
      "content": "暂时没有任何人准确定义过这种现象。因此大家都避免专门对此负责。"
    },
    {
      "id": 58,
      "model": "카이만",
      "teller": "凯尔曼",
      "title": "LCCA队长",
      "content": "虽然近期有要成立专门负责扭曲的协会的动向，但那终究只是协会。边狱公司决定从企业层面处理这个现象。"
    },
    {
      "id": 59,
      "model": "히스클리프",
      "content": "所以这就是我们必须要搞死扭曲的原因吗？"
    },
    {
      "id": 60,
      "model": "카이만",
      "teller": "凯尔曼",
      "title": "LCCA队长",
      "content": "正是。因为这是公司最高层下达的命令。底层看来没有这种习惯呢？"
    },
    {
      "id": 61,
      "model": "히스클리프",
      "content": "……呼啊，不行了。今天我就打爆你这家伙的头做个了断吧。"
    },
    {
      "id": 62,
      "model": "카이만",
      "teller": "凯尔曼",
      "title": "LCCA队长",
      "content": "经理。"
    },
    {
      "id": 63,
      "content": "凯尔曼无视了希斯克利夫，直直地盯着我说道。"
    },
    {
      "id": 64,
      "model": "카이만",
      "teller": "凯尔曼",
      "title": "LCCA队长",
      "content": "现在我对他们的态度……以及公司对他们的处置。"
    },
    {
      "id": 65,
      "model": "카이만",
      "teller": "凯尔曼",
      "title": "LCCA队长",
      "content": "最终都会由经理的选择与引导来决定。"
    },
    {
      "id": 66,
      "content": "说着，她把夹在手臂下的资料袋递给了我。"
    },
    {
      "id": 67,
      "model": "카이만",
      "teller": "凯尔曼",
      "title": "LCCA队长",
      "content": "但是，嘛，选择权在你。"
    },
    {
      "id": 68,
      "model": "카이만",
      "teller": "凯尔曼",
      "title": "LCCA队长",
      "content": "你大可以按他们说的只专注于LCB原来的任务，找金枝。你们这些肉盾也不会因此被逐出公司。"
    },
    {
      "id": 69,
      "model": "카이만",
      "teller": "凯尔曼",
      "title": "LCCA队长",
      "content": "当然……那个选择也会决定罪人们受到的待遇。"
    },
    {
      "id": 70,
      "model": "단테",
      "content": "<……>"
    },
    {
      "id": 71,
      "content": "维吉里乌斯只是闭着眼，默默地听着。"
    },
    {
      "id": 72,
      "model": "카이만",
      "teller": "凯尔曼",
      "title": "LCCA队长",
      "content": "那我走了，猩红凝视。下次再会。"
    },
    {
      "id": 73,
      "model": "베르길리우스",
      "content": "请便。不过下次再会的时候希望你能注意你的言行。"
    },
    {
      "id": 74,
      "model": "베르길리우스",
      "content": "毕竟我也是这群肉盾的向导。所以至少别烦到我，拜托你了。"
    },
    {
      "id": 75,
      "model": "카이만",
      "teller": "凯尔曼",
      "title": "LCCA队长",
      "content": "那……估计得看经理怎么做了。"
    },
    {
      "id": 76,
      "model": "카이만",
      "teller": "凯尔曼",
      "title": "LCCA队长",
      "content": "那，我先失陪了。"
    },
    {
      "id": 77,
      "content": "她从门处悠悠地消去了踪迹，只留巴士上一片寂静……"
    },
    {
      "id": 78,
      "model": "히스클리프",
      "content": "……走了吗？那个烦人的玩意？"
    },
    {
      "id": 79,
      "content": "这下，抱怨声在车内各处此起彼伏。"
    },
    {
      "id": 80,
      "model": "그레고르",
      "content": "光是听着就很累人啊……哈~我还以为到这个年纪自己的火气已经消磨的差不多了呢。"
    },
    {
      "id": 81,
      "model": "단테",
      "content": "<谢谢你们忍耐下来了……>"
    },
    {
      "id": 82,
      "model": "홍루",
      "content": "嗯~不过她也没说错什么吧？"
    },
    {
      "id": 83,
      "model": "뫼르소",
      "content": "事实上因为不用猜测隐含的意图，也便于我整理思绪。"
    },
    {
      "id": 84,
      "model": "이스마엘",
      "content": "……呼，那么想也没错。"
    },
    {
      "id": 85,
      "model": "이스마엘",
      "content": "总之，跟那人说的一样，公司命令的事我们也不能不做。"
    },
    {
      "id": 86,
      "model": "오티스",
      "content": "对于执行命令这件事，我也没有要特地补充的。"
    },
    {
      "id": 87,
      "model": "단테",
      "content": "<嗯，我也这么想……>"
    },
    {
      "id": 88,
      "content": "我一边鼓励着罪人们，一边沙沙作响地打开了她留下的资料袋。"
    },
    {
      "id": 89,
      "content": "里面装着的是一个粗制滥造的对讲机和一摞盖着很多章和签名的资料……"
    },
    {
      "id": 90,
      "content": "还有。"
    },
    {
      "id": 91,
      "model": "단테",
      "content": "<嗯？>"
    },
    {
      "id": 92,
      "content": "任务地点写着……"
    },
    {
      "id": 93,
      "content": "龙进大楼。"
    },
    {
      "id": 94,
      "model": "베르길리우스",
      "content": "哼……出发吧，卡戎。"
    },
    {
      "id": 95,
      "model": "카론",
      "content": "龙，进？对吧，维吉。好。有感觉了。哔哔。"
    },
    {
      "id": 96,
      "model": "카론",
      "content": "出发，布隆布隆。"
    },
    {
      "id": 97,
      "content": "随后，与像是早已知晓般自然而然地聊起来的卡戎和维吉里乌斯一起……"
    },
    {
      "id": 98,
      "content": "巴士向前驶去。"
    }
  ]
}