{
  "dataList": [
    {
      "id": 0,
      "place": "龙进大楼 入口",
      "teller": "被击败的成员",
      "title": "黑云会",
      "content": "咕……妈的！"
    },
    {
      "id": 1,
      "model": "앵두",
      "teller": "樱桃",
      "title": "剑契组",
      "content": "这家伙看来就是最后一个了……"
    },
    {
      "id": 2,
      "model": "료슈",
      "content": "血的气味……有刚喷涌而出的新鲜味道，和大量凝固后的浓郁味道……"
    },
    {
      "id": 3,
      "model": "료슈",
      "content": "呵，不用亲眼去看，我就知道那里一定有幅不同血迹构成的拼贴画。"
    },
    {
      "id": 4,
      "model": "앵두",
      "teller": "樱桃",
      "title": "剑契组",
      "content": "……这人怎么会无端冒出如此残忍的想法。"
    },
    {
      "id": 5,
      "model": "앵두",
      "teller": "樱桃",
      "title": "剑契组",
      "content": "咳嗯，总之！看起来我们现在能进去了！快走吧！"
    },
    {
      "id": 6,
      "content": "樱桃朝我们喊了一声，随后瞬间消失在了入口处。"
    },
    {
      "id": 7,
      "model": "그레고르",
      "content": "昏迷过后醒来还没多久就这么精神，了不起……"
    },
    {
      "id": 8,
      "model": "오티스",
      "content": "驱动她前行的大概是意志力吧。毕竟她的头领被抓住了。"
    },
    {
      "id": 9,
      "model": "홍루",
      "content": "嗯……奇怪，只有六层楼的建筑物也能叫做“大楼”吗？"
    },
    {
      "id": 10,
      "model": "파우스트",
      "content": "是的，这是后巷中常见的命名风格。"
    },
    {
      "id": 11,
      "content": "当我走进入口，望向鸿璐所注视的那栋建筑最高处的边缘时，心中突然涌现出一个疑问。"
    },
    {
      "id": 12,
      "model": "단테",
      "content": "<呃……现在几点了？>"
    },
    {
      "id": 13,
      "model": "로쟈",
      "content": "需要镜子吗？"
    },
    {
      "id": 14,
      "model": "단테",
      "content": "<……都说了我的头没办法显示时间了。>"
    },
    {
      "id": 15,
      "model": "파우스트",
      "content": "当前时间为下午2点10分。"
    },
    {
      "id": 16,
      "content": "虽然下午2点并不算正午，但仍属于午间时分……"
    },
    {
      "id": 17,
      "model": "단테",
      "content": "<在这个时刻，天色却如此朦胧昏暗……我快要失去时间感了。>"
    },
    {
      "id": 18,
      "model": "그레고르",
      "content": "在这块地区似乎特别严重……嘛，不过跟烟霾战争那时候比起来，不过是小儿科罢了。"
    },
    {
      "id": 19,
      "model": "오티스",
      "content": "嗯……确实如此。"
    },
    {
      "id": 20,
      "model": "파우스트",
      "content": "据了解，当前状态是T公司后巷的常态。"
    },
    {
      "id": 21,
      "model": "파우스트",
      "content": "这里的机械在持续运行的同时向环境排放着烟雾，再加之同时进行的色彩提取，使得烟雾更加浓重了。"
    },
    {
      "id": 22,
      "model": "파우스트",
      "content": "当然，烟霾战争的结果导致烟雾排放受到了限制，其排放量有所减少，在战前则是……"
    },
    {
      "id": 23,
      "model": "앵두",
      "teller": "樱桃",
      "title": "剑契组",
      "content": "我们没时间在这磨蹭吧？快进来！"
    },
    {
      "id": 24,
      "content": "我们加快脚步，朝着樱桃大喝声传来的方向走去。"
    },
    {
      "id": 25,
      "place": "龙进大楼 1层",
      "teller": "被击败的成员",
      "title": "黑云会",
      "content": "咕……剑契组居然还有人剩下啊……"
    },
    {
      "id": 26,
      "model": "히스클리프",
      "content": "什么……？这伙人已经全都被干掉了吗？"
    },
    {
      "id": 27,
      "model": "앵두",
      "teller": "樱桃",
      "title": "剑契组",
      "content": "这些人只是残兵罢了。"
    },
    {
      "id": 28,
      "model": "앵두",
      "teller": "樱桃",
      "title": "剑契组",
      "content": "这群缺乏实力的家伙们并没有试图撤退到高层，而是只凭一腔胆量扑上前去而已。"
    },
    {
      "id": 29,
      "content": "滋滋滋。"
    },
    {
      "id": 30,
      "content": "就在这时，我听到口袋中传来类似电流的声音。"
    },
    {
      "id": 31,
      "model": "단테",
      "content": "<有人在呼叫……？>"
    },
    {
      "id": 32,
      "content": "随着我掏出对讲机并拉出折叠天线，声音也变得更加清晰起来。"
    },
    {
      "id": 33,
      "teller": "对讲机",
      "title": "LCD？",
      "content": "这里是LCD！LCD！能听到吗？能听到吧？回话！快点呀~"
    },
    {
      "id": 34,
      "content": "从对讲机里传来的声音听起来非常活泼……还有些匆忙。"
    },
    {
      "id": 35,
      "content": "总、总之先按下按钮……"
    },
    {
      "id": 36,
      "model": "단테",
      "content": "<即、即便我说话，你也听不见啊……>"
    },
    {
      "id": 37,
      "teller": "对讲机",
      "title": "LCD？",
      "content": "啊哈哈！真的在滴答作响耶！"
    },
    {
      "id": 38,
      "teller": "对讲机",
      "title": "LCD？",
      "content": "啊，现在不是时候。总之我有条消息要传达，你听懂了就好，没必要特意回复！"
    },
    {
      "id": 39,
      "model": "단테",
      "content": "<这、这样啊……>"
    },
    {
      "id": 40,
      "teller": "对讲机",
      "title": "LCD？",
      "content": "我赶时间，所以只说一遍哦！"
    },
    {
      "id": 41,
      "teller": "对讲机",
      "title": "LCD？",
      "content": "你们被派去回收的那块独石，那块黑色石碑！"
    },
    {
      "id": 42,
      "teller": "对讲机",
      "title": "LCD？",
      "content": "现在那个位置，独石发出的活动信号非常强烈吧？那种信号能够强制令人扭曲！"
    },
    {
      "id": 43,
      "model": "이스마엘",
      "content": "强制令人扭曲……？"
    },
    {
      "id": 44,
      "teller": "对讲机",
      "title": "LCD？",
      "content": "我们必须在它全部泄漏之前快速将其取回！明白了吗？"
    },
    {
      "id": 45,
      "teller": "对讲机",
      "title": "LCD？",
      "content": "诶，这又是什么？！"
    },
    {
      "id": 46,
      "teller": "对讲机",
      "title": "LCD？",
      "content": "啊，抱歉！我这边也在忙工作所以有点急！差不多该挂了！总之，我已经说明白这事很急了！就这样，传达完毕！"
    },
    {
      "id": 47,
      "model": "단테",
      "content": "<……>"
    },
    {
      "id": 48,
      "content": "就这样，通讯被单方面切断了。"
    },
    {
      "id": 49,
      "model": "단테",
      "content": "<她还挺有活力的……>"
    },
    {
      "id": 50,
      "model": "히스클리프",
      "content": "现在是悠闲地发表感想的时候吗？"
    },
    {
      "id": 51,
      "model": "싱클레어",
      "content": "呃……那个，电梯好像坏了。"
    },
    {
      "id": 52,
      "model": "앵두",
      "teller": "樱桃",
      "title": "剑契组",
      "content": "听起来，你们现在也有十二分的理由着急了。"
    },
    {
      "id": 53,
      "model": "앵두",
      "teller": "樱桃",
      "title": "剑契组",
      "content": "就这样从楼梯间开始突破是更好的方法吧？"
    },
    {
      "id": 54,
      "model": "단테",
      "content": "<没别的选择了……我们走！>"
    },
    {
      "id": 55,
      "content": "我把对讲机放回口袋，跑向楼梯。"
    }
  ]
}