{
  "dataList": [
    {
      "id": 0,
      "place": "梅菲斯托费勒斯 内部",
      "content": "一路走走停停着与来挡路的敌人战斗，有一件事我无论如何也想不通。"
    },
    {
      "id": 1,
      "content": "虽然维吉里乌斯这样做也不是一两次了……"
    },
    {
      "id": 2,
      "model": "단테",
      "content": "<如果早就知道的话为什么不告知我们呢……>"
    },
    {
      "id": 3,
      "content": "我看着在后座静静呼吸着的樱桃，小声说道。"
    },
    {
      "id": 4,
      "model": "단테",
      "content": "<浮士德，这算是正当的提议吧。可以帮我转述一下……>"
    },
    {
      "id": 5,
      "model": "파우스트",
      "content": "……嗯。"
    },
    {
      "id": 6,
      "model": "오티스",
      "content": "哈，那就由我来吧。冲突有时是必要的。喂，向导！"
    },
    {
      "id": 7,
      "content": "……奥提斯口若悬河地转述着我的提问和自己的不满。"
    },
    {
      "id": 8,
      "content": "虽然二者的比重明显偏斜了……"
    },
    {
      "id": 9,
      "model": "베르길리우스",
      "content": "……唉，说完了吗。"
    },
    {
      "id": 10,
      "model": "베르길리우스",
      "content": "确实如此。他们已经通过无线电向我传达了详细的内容。"
    },
    {
      "id": 11,
      "model": "베르길리우스",
      "content": "不过我没有提前告知你们的理由。"
    },
    {
      "id": 12,
      "model": "베르길리우스",
      "content": "你们都是必须要到大事临头才能学会的人才，所以才特意没有提前告知你们而已。反正就算说了也只会引起更多的逆反心理吧。"
    },
    {
      "id": 13,
      "model": "베르길리우스",
      "content": "所以，经理。你是想拒绝这次的工作吗？"
    },
    {
      "id": 14,
      "model": "단테",
      "content": "<……怎么会。我们的待遇本来就是底层，做出那种选择，想必会突破底层到地下室吧。>"
    },
    {
      "id": 15,
      "model": "베르길리우스",
      "content": "你肯定觉得不能这么做吧。"
    },
    {
      "id": 16,
      "content": "他的眼神和话语像是确信我会这么做。"
    },
    {
      "id": 17,
      "content": "对他能否听到我说的话这一事，我甚至有点混乱起来。"
    },
    {
      "id": 18,
      "model": "베르길리우스",
      "content": "看来客人也正好醒了。"
    },
    {
      "id": 19,
      "model": "베르길리우스",
      "content": "靠卡戎的直觉没法找到准确的位置，看来还是亲自询问比较好，经理。"
    },
    {
      "id": 20,
      "content": "如果事先在外面便得到情报就更好了。维吉里乌斯故意补充一句，然后再度闭上眼睛转过头去。"
    },
    {
      "id": 21,
      "model": "이상",
      "content": "……咳咳。我去说明吧。"
    },
    {
      "id": 22,
      "content": "像是要缓和这尴尬的气氛，李箱摆出一副僵硬的笑容站起了身。"
    },
    {
      "id": 23,
      "content": "过了一段时间……"
    },
    {
      "id": 24,
      "content": "樱桃在李箱的说明下理解了现状，她正在驾驶席给卡戎传达详细位置。"
    },
    {
      "id": 25,
      "content": "同时说道，只要给她帮忙，那个对他们无处可用的黑色石碑当然会给我们。"
    },
    {
      "id": 26,
      "model": "앵두",
      "teller": "樱桃",
      "title": "剑契组",
      "content": "啊，在这里右转……啊！"
    },
    {
      "id": 27,
      "model": "앵두",
      "teller": "樱桃",
      "title": "剑契组",
      "content": "那群家伙……这就已经布好了阵……！"
    },
    {
      "id": 28,
      "content": "正如她所说，大楼前正有几个看似是黑云会成员的人在附近走动，警戒着四周。"
    },
    {
      "id": 29,
      "model": "앵두",
      "teller": "樱桃",
      "title": "剑契组",
      "content": "我要下车……！呃，金笠大人……！"
    },
    {
      "id": 30,
      "model": "파우스트",
      "content": "扭曲的时间越长，镇压的难度也会越大。我们赶快进入大楼吧。"
    },
    {
      "id": 31,
      "content": "跟着已经急匆匆跑出巴士的樱桃，我们都跑向了大楼。"
    }
  ]
}