{
  "dataList": [
    {
      "id": 0,
      "place": "龙进大楼 2层",
      "model": "그레고르",
      "content": "哈、哈……哎呦喂。"
    },
    {
      "id": 1,
      "model": "로쟈",
      "content": "这……敌人不强，但爬楼梯反而更累人欸？！"
    },
    {
      "id": 2,
      "model": "앵두",
      "teller": "樱桃",
      "title": "剑契组",
      "content": "不觉得……这很奇怪吗？"
    },
    {
      "id": 3,
      "model": "히스클리프",
      "content": "嗯？什么啊。"
    },
    {
      "id": 4,
      "model": "앵두",
      "teller": "樱桃",
      "title": "剑契组",
      "content": "这里不尽是些糊里糊涂的家伙吗。"
    },
    {
      "id": 5,
      "model": "앵두",
      "teller": "樱桃",
      "title": "剑契组",
      "content": "他们好似不是为了挡住我们才堵在这里的，而是不想去往楼上……"
    },
    {
      "id": 6,
      "model": "앵두",
      "teller": "樱桃",
      "title": "剑契组",
      "content": "……难道。"
    },
    {
      "id": 7,
      "content": "樱桃的脸蒙上了一层阴霾。"
    },
    {
      "id": 8,
      "content": "难道是预想到了什么不好的事情吗。"
    },
    {
      "id": 9,
      "model": "돈키호테",
      "content": "汝很担忧……那位头领吗？"
    },
    {
      "id": 10,
      "content": "堂吉诃德悄悄地接近樱桃，垂下眉毛，担忧地问道。"
    },
    {
      "id": 11,
      "model": "앵두",
      "teller": "樱桃",
      "title": "剑契组",
      "content": "……怎能不忧心呢。"
    },
    {
      "id": 12,
      "model": "싱클레어",
      "content": "那位金笠……是一位怎样的人？"
    },
    {
      "id": 13,
      "content": "樱桃像是还没有整理好思绪，摇了摇头，叹了口气，随即说道。"
    },
    {
      "id": 14,
      "model": "앵두",
      "teller": "樱桃",
      "title": "剑契组",
      "content": "他是个威风凛然的人。"
    },
    {
      "id": 15,
      "model": "앵두",
      "teller": "樱桃",
      "title": "剑契组",
      "content": "守护应守之物，斩杀当斩之敌。"
    },
    {
      "id": 16,
      "model": "앵두",
      "teller": "樱桃",
      "title": "剑契组",
      "content": "实力能与其比肩之人，在剑契组内部也屈指可数。"
    },
    {
      "id": 17,
      "model": "앵두",
      "teller": "樱桃",
      "title": "剑契组",
      "content": "而且，虽然少言寡语，但对自己组里的人总是悉心照料。"
    },
    {
      "id": 18,
      "model": "앵두",
      "teller": "樱桃",
      "title": "剑契组",
      "content": "……若非那个决定。"
    },
    {
      "id": 19,
      "model": "앵두",
      "teller": "樱桃",
      "title": "剑契组",
      "content": "我的友人们也不会落入此等窘境……"
    },
    {
      "id": 20,
      "model": "싱클레어",
      "content": "啊……"
    },
    {
      "id": 21,
      "content": "辛克莱看上去很在意那个决定是什么……"
    },
    {
      "id": 22,
      "content": "但似乎很快察觉到现在并非询问的好时候，便安静地闭上了嘴。"
    },
    {
      "id": 23,
      "model": "앵두",
      "teller": "樱桃",
      "title": "剑契组",
      "content": "无论情况如何，也只能赶紧上楼了……"
    },
    {
      "id": 24,
      "content": "那……我们也只得追上去了。"
    }
  ]
}