{
  "dataList": [
    {
      "id": 0,
      "place": "龙进大楼 4层",
      "model": "단테",
      "content": "<……罪种？刚才那个，是罪种吗？>"
    },
    {
      "id": 1,
      "model": "파우스트",
      "content": "正是如此。"
    },
    {
      "id": 2,
      "model": "이상",
      "content": "外观与以往相遇时有所不同。似乎更为深化……"
    },
    {
      "id": 3,
      "model": "파우스트",
      "content": "这是罪种更进一步的形态。"
    },
    {
      "id": 4,
      "model": "파우스트",
      "content": "由于每个人内含的罪种性质不同，因此它们的形态可以是多种多样的。"
    },
    {
      "id": 5,
      "model": "싱클레어",
      "content": "但是……从来没有出现过这种形态的个体。"
    },
    {
      "id": 6,
      "model": "파우스트",
      "content": "回收金枝同样也会促进罪种的成长。"
    },
    {
      "id": 7,
      "model": "로쟈",
      "content": "那种枝条……这世上到处都是受其影响的东西。比想象中还要厉害啊……"
    },
    {
      "id": 8,
      "model": "그레고르",
      "content": "仔细想来，这些罪种……应该是某种“罪”的象征吧？"
    },
    {
      "id": 9,
      "model": "단테",
      "content": "<罪……>"
    },
    {
      "id": 10,
      "content": "忽然间，我的思绪愈行愈远。"
    },
    {
      "id": 11,
      "content": "不……更确切地说，我的思绪逐渐拉近，而罪人们的话语则愈行愈远。"
    },
    {
      "id": 12,
      "content": "突然间，“罪”这个字显得格外陌生。"
    },
    {
      "id": 13,
      "model": "이상",
      "content": "迷失自我，失去了原本的模样。"
    },
    {
      "id": 14,
      "content": "自我……"
    },
    {
      "id": 15,
      "model": "그레고르",
      "content": "扭曲不就是类似的东西吗？"
    },
    {
      "id": 16,
      "model": "싱클레어",
      "content": "有些人变成扭曲，有些人变成罪种……是依据了什么标准呢。"
    },
    {
      "id": 17,
      "content": "我好像……有些明白了……"
    },
    {
      "id": 18,
      "model": "단테",
      "content": "<……每个人的心中都有一颗蕴藏着开花可能性的种子。>"
    },
    {
      "id": 19,
      "model": "오티스",
      "content": "执行经理？"
    },
    {
      "id": 20,
      "model": "로쟈",
      "content": "你说啥？跟小浮解释的声音重叠了，我听不清你的话……"
    },
    {
      "id": 21,
      "model": "파우스트",
      "content": "……那么说明继续。如果能在极端压力下保持自我，就会发展成扭曲……"
    },
    {
      "id": 22,
      "model": "단테",
      "content": "<当那一天的光芒照耀着人们的心，使那埋藏的种子绽放之时……>"
    },
    {
      "id": 23,
      "model": "이스마엘",
      "content": "……经理？"
    },
    {
      "id": 24,
      "model": "단테",
      "content": "<被罪孽吞噬后■■■■■，通过那些非此亦非彼的人们梦想中的■■■■■■，以■■的形式重生。>"
    },
    {
      "id": 25,
      "model": "파우스트",
      "content": "但丁。"
    },
    {
      "id": 26,
      "model": "이상",
      "content": "但丁！没事吧……"
    },
    {
      "id": 27,
      "model": "단테",
      "content": "<如果承受了■■■■■ ，但却■■■■自己的罪，其心灵将会■■……>"
    },
    {
      "id": 28,
      "model": "히스클리프",
      "content": "什、什么玩意儿……钟表头……突然在嘀咕什么呢？"
    },
    {
      "id": 29,
      "model": "앵두",
      "teller": "樱桃",
      "title": "剑契组",
      "content": "听起来很严重的声响……是头部义体出了什么问题吗……"
    },
    {
      "id": 30,
      "model": "단테",
      "content": "<如果接受并背负了■■■■，其心灵原本■■■■■■■为■■■……>"
    },
    {
      "id": 31,
      "model": "이상",
      "content": "E.G.O？这就是你所说之事吗？"
    },
    {
      "id": 32,
      "model": "단테",
      "content": "<在以自己的■■看待的世界里……只有挥舞着自我■■■■，■■■■■仅属于自己的罪■■■，才能逐渐融入■■……>"
    },
    {
      "id": 33,
      "model": "홍루",
      "content": "说话的语气有点像我的爷爷……诶？！执行经理！头！"
    },
    {
      "id": 34,
      "model": "오티스",
      "content": "执行经理！头、头烧起来了！"
    },
    {
      "id": 35,
      "model": "료슈",
      "content": "哦~火。"
    },
    {
      "id": 36,
      "model": "싱클레어",
      "content": "肯、肯定快要爆炸了？！"
    },
    {
      "id": 37,
      "model": "단테",
      "content": "<只有那些能够掩盖住自己的■■的人……>"
    },
    {
      "id": 38,
      "model": "히스클리프",
      "content": "喂！这么放着不管那家伙要死了吧！有什么办法吗？"
    },
    {
      "id": 39,
      "model": "돈키호테",
      "content": "吾、吾不知该如何是好……！"
    },
    {
      "id": 40,
      "model": "단테",
      "content": "<只有那些能够意识到自己的■■的人……>"
    },
    {
      "id": 41,
      "model": "돈키호테",
      "content": "啊啊！好、好烫！经理老爷头上的火一直不怎么旺，吾还以为只是装饰呢……"
    },
    {
      "id": 42,
      "model": "이스마엘",
      "content": "浮士德小姐！是不是那时候说的自爆装置启动了？！这热量、肯定什么都能融化吧……"
    },
    {
      "id": 43,
      "model": "파우스트",
      "content": "……其工作原理是一样的。但丁通过金枝与一棵栽种在本部地下的树苗的根部相连，也就是说……"
    },
    {
      "id": 44,
      "model": "히스클리프",
      "content": "谁在乎那破树枝！得赶紧把那个火熄灭啊！"
    },
    {
      "id": 45,
      "model": "돈키호테",
      "content": "水！谁有水？！快、快点灭火……"
    },
    {
      "id": 46,
      "content": "不久之后……"
    },
    {
      "id": 47,
      "model": "단테",
      "content": "<……啊。>"
    },
    {
      "id": 48,
      "model": "돈키호테",
      "content": "回过神来了吗？！"
    },
    {
      "id": 49,
      "content": "睁开眼，视野逐渐开阔，我看见罪人们低头看着自己。"
    },
    {
      "id": 50,
      "model": "단테",
      "content": "<发生了什么……？>"
    },
    {
      "id": 51,
      "model": "이상",
      "content": "不记得了吗？"
    },
    {
      "id": 52,
      "model": "단테",
      "content": "<唔……似乎……是的。>"
    },
    {
      "id": 53,
      "content": "我明明记得自己走在楼梯上，之后脑袋突然变得一片空白。"
    },
    {
      "id": 54,
      "model": "오티스",
      "content": "……经理，回去之后请一定要接受维修。"
    },
    {
      "id": 55,
      "model": "단테",
      "content": "<诶？维修？我坏了吗？>"
    },
    {
      "id": 56,
      "model": "이스마엘",
      "content": "怎么像是在说机器一样……哈啊，反正现在也无能为力。"
    },
    {
      "id": 57,
      "model": "파우스트",
      "content": "回去后再讨论吧。总之，应该不会影响到我们的行动。"
    },
    {
      "id": 58,
      "model": "단테",
      "content": "<樱桃小姐去哪了……>"
    },
    {
      "id": 59,
      "model": "이상",
      "content": "她已经上去了……即使我仍有许多疑惑与顾虑，我们还是尽早汇合为好。"
    },
    {
      "id": 60,
      "model": "단테",
      "content": "<唔……好吧。>"
    },
    {
      "id": 61,
      "content": "虽然仍有许多难以理解的事情，但最重要的，我们还在作战当中呢……"
    },
    {
      "id": 62,
      "content": "先集中精力解决主要问题吧。"
    }
  ]
}