{
  "dataList": [
    {
      "id": 0,
      "place": "龙进大楼 6层",
      "model": "시계쥰",
      "teller": "？？？",
      "title": "？？？",
      "content": "哈啊……啧。这玩意怎么这会儿又坏了……"
    },
    {
      "id": 1,
      "content": "我们到达了楼梯的尽头，大楼顶层的第6层……"
    },
    {
      "id": 2,
      "content": "一个气质与众不同的人物正站在某扇门前，面露焦急之色。"
    },
    {
      "id": 3,
      "model": "쥰",
      "teller": "？？？",
      "title": "？？？",
      "content": "里面……安静了吗？如果能继续保持安静就太好了……"
    },
    {
      "id": 4,
      "content": "他坐立不安地看着怀表，仿佛门内隐藏着令人恐惧的东西。"
    },
    {
      "id": 5,
      "model": "앵두",
      "teller": "樱桃",
      "title": "剑契组",
      "content": "那个人是……"
    },
    {
      "id": 6,
      "model": "뫼르소",
      "content": "他的服装与黑云会的人非常相似。这个人有很大可能性和他们有关，更有可能是他们的上级。"
    },
    {
      "id": 7,
      "model": "앵두",
      "teller": "樱桃",
      "title": "剑契组",
      "content": "这样的话……！"
    },
    {
      "id": 8,
      "content": "还没来得及讨论如何应对，樱桃就以闪电般的速度向他冲了过去。"
    },
    {
      "id": 9,
      "model": "앵두",
      "teller": "樱桃",
      "title": "剑契组",
      "content": "你这家伙，就是黑云会的副会长吧！"
    },
    {
      "id": 10,
      "model": "쥰",
      "teller": "？？？",
      "title": "？？？",
      "content": "什么？！"
    },
    {
      "id": 11,
      "model": "앵두",
      "teller": "樱桃",
      "title": "剑契组",
      "content": "你一直渴望的剑契组成员的项上人头就在你面前！拔剑来取吧！"
    },
    {
      "id": 12,
      "model": "쥰",
      "teller": "？？？",
      "title": "？？？",
      "content": "啧……那帮小子都已经死光了，是吧。"
    },
    {
      "id": 13,
      "model": "시계쥰",
      "teller": "？？？",
      "title": "？？？",
      "content": "……我真想直接把你扔到那间办公室里面。"
    },
    {
      "id": 14,
      "model": "쥰",
      "teller": "？？？",
      "title": "？？？",
      "content": "但是“商品”还在里面，所以我没法这么做……啊，真是……气死我了。"
    },
    {
      "id": 15,
      "model": "쥰",
      "teller": "？？？",
      "title": "？？？",
      "content": "除了战斗之外，似乎别无他途了……报上名来。"
    },
    {
      "id": 16,
      "model": "쥰",
      "teller": "俊",
      "title": "黑云会 副会长",
      "content": "我的名字是俊。你们打倒的那帮小子的副会长。"
    },
    {
      "id": 17,
      "model": "앵두",
      "teller": "樱桃",
      "title": "剑契组",
      "content": "……樱桃。剑契组的杀手，金笠头领的部下。"
    },
    {
      "id": 18,
      "content": "办公室前的走廊陷入了寂静。"
    },
    {
      "id": 19,
      "content": "拔出剑的两人都像是在试探对方一般，缓缓地推测着彼此之间的距离……"
    },
    {
      "id": 20,
      "model": "앵두",
      "teller": "樱桃",
      "title": "剑契组",
      "content": "哈！"
    },
    {
      "id": 21,
      "content": "瞬息间短兵相接，待我回过神来，两人已经互换了方位，站在了对方原来的位置上。"
    },
    {
      "id": 22,
      "content": "而结果……"
    },
    {
      "id": 23,
      "model": "앵두",
      "teller": "樱桃",
      "title": "剑契组",
      "content": "……呃。"
    },
    {
      "id": 24,
      "model": "쥰",
      "teller": "俊",
      "title": "黑云会 副会长",
      "content": "什么，就这？哈？"
    },
    {
      "id": 25,
      "model": "싱클레어",
      "content": "樱桃小姐！"
    },
    {
      "id": 26,
      "content": "看起来是樱桃落败了，她突然跪倒在了地上。"
    },
    {
      "id": 27,
      "model": "쥰",
      "teller": "俊",
      "title": "黑云会 副会长",
      "content": "拜托……我才刚准备开始呢。"
    },
    {
      "id": 28,
      "model": "쥰",
      "teller": "俊",
      "title": "黑云会 副会长",
      "content": "在这般疲惫的状态下，竟然还想着冲上来……"
    },
    {
      "id": 29,
      "model": "앵두",
      "teller": "樱桃",
      "title": "剑契组",
      "content": "咕……"
    },
    {
      "id": 30,
      "model": "단테",
      "content": "<……她总是先我们一步与黑云会的成员短兵相接，体力可能已经耗尽了。>"
    },
    {
      "id": 31,
      "model": "오티스",
      "content": "而且她才刚刚从重伤中恢复过来。她把自己逼得太狠了。"
    },
    {
      "id": 32,
      "model": "쥰",
      "teller": "俊",
      "title": "黑云会 副会长",
      "content": "……你们也都要一起上吗？这么多人我可有点吃不消啊……"
    },
    {
      "id": 33,
      "content": "这个一边将剑随意地搭在肩上，一边说着话的，叫作俊的人，此刻眉头紧锁，显得有些恼怒。然而，从刚才他展现出的剑术来看，显然他是个不好对付的对手。"
    },
    {
      "id": 34,
      "model": "단테",
      "content": "<虽然这样有点卑鄙……>"
    },
    {
      "id": 35,
      "model": "쥰",
      "teller": "俊",
      "title": "黑云会 副会长",
      "content": "这钟表脑袋滴滴答答的好吵啊。你这是T公司新推出的什么时钟义体吗？"
    },
    {
      "id": 36,
      "model": "시계쥰",
      "teller": "俊",
      "title": "黑云会 副会长",
      "content": "……诶，钟表？喂。你这表准吗？"
    },
    {
      "id": 37,
      "model": "히스클리프",
      "content": "怎么可能准啊？这表压根不是用来确认时间的。"
    },
    {
      "id": 38,
      "model": "쥰",
      "teller": "俊",
      "title": "黑云会 副会长",
      "content": "啊？那你装这义体干什么？真是没一点用……"
    },
    {
      "id": 39,
      "model": "단테",
      "content": "<……>"
    },
    {
      "id": 40,
      "model": "시계쥰",
      "teller": "俊",
      "title": "黑云会 副会长",
      "content": "好吧，你们有人带着表吗？我的表又坏了。"
    },
    {
      "id": 41,
      "content": "罪人们没有回答，只是默默地包围了俊。"
    },
    {
      "id": 42,
      "model": "쥰",
      "teller": "俊",
      "title": "黑云会 副会长",
      "content": "没有吗……？手腕上也都是空的。"
    },
    {
      "id": 43,
      "model": "쥰",
      "teller": "俊",
      "title": "黑云会 副会长",
      "content": "你们脑子有毛病吗，表都不带就到处乱跑……"
    },
    {
      "id": 44,
      "model": "돈키호테",
      "content": "就算吾带了，也没有告知汝的义务！"
    },
    {
      "id": 45,
      "model": "쥰",
      "teller": "俊",
      "title": "黑云会 副会长",
      "content": "……真让我来气，你们这帮人……！"
    },
    {
      "id": 46,
      "model": "쥰",
      "teller": "俊",
      "title": "黑云会 副会长",
      "content": "反正我已经没有退路了。如果让你们进去，我的麻烦可就更大了。"
    },
    {
      "id": 47,
      "model": "쥰",
      "teller": "俊",
      "title": "黑云会 副会长",
      "content": "那就别废话了放马过来吧！趁我还有力气，多砍倒一个算一个！"
    }
  ]
}