{
  "dataList": [
    {
      "id": 0,
      "place": "龙进大楼 6层",
      "model": "앵두",
      "teller": "樱桃",
      "title": "剑契组",
      "content": "呼……那么，让我们来谈谈吧。"
    },
    {
      "id": 1,
      "content": "在我们战斗的时候，樱桃似乎恢复了一些，她把副会长用绳子捆了起来，往地上一扔，同时说道。"
    },
    {
      "id": 2,
      "model": "쥰",
      "teller": "俊",
      "title": "黑云会 副会长",
      "content": "咕……"
    },
    {
      "id": 3,
      "model": "앵두",
      "teller": "樱桃",
      "title": "剑契组",
      "content": "我并不认为区区一个副会长会知道悬赏我们首级的理由。"
    },
    {
      "id": 4,
      "model": "앵두",
      "teller": "樱桃",
      "title": "剑契组",
      "content": "但是……我不明白你看守着头领所在之处的原因，简直就像是在保护他一样。"
    },
    {
      "id": 5,
      "model": "앵두",
      "teller": "樱桃",
      "title": "剑契组",
      "content": "不仅是你。这座建筑物里所有黑云会的家伙们……全都在拼命阻止我们往上走，惹人生厌。"
    },
    {
      "id": 6,
      "model": "쥰",
      "teller": "俊",
      "title": "黑云会 副会长",
      "content": "不，我的意思是……"
    },
    {
      "id": 7,
      "model": "쥰",
      "teller": "俊",
      "title": "黑云会 副会长",
      "content": "我们才是受害者。"
    },
    {
      "id": 8,
      "model": "앵두",
      "teller": "樱桃",
      "title": "剑契组",
      "content": "……？你什么意思？"
    },
    {
      "id": 9,
      "model": "쥰",
      "teller": "俊",
      "title": "黑云会 副会长",
      "content": "真是令人恼火……"
    },
    {
      "id": 10,
      "model": "쥰",
      "teller": "俊",
      "title": "黑云会 副会长",
      "content": "哈啊……我们本来就和追杀你们这群家伙的工作没有关系。"
    },
    {
      "id": 11,
      "model": "쥰",
      "teller": "俊",
      "title": "黑云会 副会长",
      "content": "被拇指通缉的帮派或团体也不是一个两个，我们插手也完全是偶然。"
    },
    {
      "id": 12,
      "model": "쥰",
      "teller": "俊",
      "title": "黑云会 副会长",
      "content": "我们……只是遵从拇指下达的指令，守卫着这里的黑色石碑。"
    },
    {
      "id": 13,
      "model": "쥰",
      "teller": "俊",
      "title": "黑云会 副会长",
      "content": "马上它就必须要送去别的地方了，所以本来我们每个人就都很紧张……"
    },
    {
      "id": 14,
      "model": "쥰",
      "teller": "俊",
      "title": "黑云会 副会长",
      "content": "然后你们这群剑契组的又突然出现了。"
    },
    {
      "id": 15,
      "model": "앵두",
      "teller": "樱桃",
      "title": "剑契组",
      "content": "……突然出现？"
    },
    {
      "id": 16,
      "model": "앵두",
      "teller": "樱桃",
      "title": "剑契组",
      "content": "这样啊……原来头领是在这里苏醒的啊。"
    },
    {
      "id": 17,
      "model": "쥰",
      "teller": "俊",
      "title": "黑云会 副会长",
      "content": "你……知道些什么吗？"
    },
    {
      "id": 18,
      "model": "쥰",
      "teller": "俊",
      "title": "黑云会 副会长",
      "content": "说到底，人怎么会那样突然间就蹦出来呢？我还以为他们使用了奇点。啧，然后……"
    },
    {
      "id": 19,
      "model": "쥰",
      "teller": "俊",
      "title": "黑云会 副会长",
      "content": "本来这也不是你们这群家伙能赢的战斗……"
    },
    {
      "id": 20,
      "model": "쥰",
      "teller": "俊",
      "title": "黑云会 副会长",
      "content": "我们在数量上远远压过你们。"
    },
    {
      "id": 21,
      "model": "앵두",
      "teller": "樱桃",
      "title": "剑契组",
      "content": "……当然。"
    },
    {
      "id": 22,
      "model": "쥰",
      "teller": "俊",
      "title": "黑云会 副会长",
      "content": "直到剑契组的家伙们还剩下3个能战斗的人为止，我们都还是完全没有问题的。"
    },
    {
      "id": 23,
      "model": "쥰",
      "teller": "俊",
      "title": "黑云会 副会长",
      "content": "然后突然之间，你们头子的眼睛开始发光……"
    },
    {
      "id": 24,
      "model": "쥰",
      "teller": "俊",
      "title": "黑云会 副会长",
      "content": "啧，虽然很恼火……那个家伙把周围的所有人都砍倒了。应该说是单方面屠杀了。"
    },
    {
      "id": 25,
      "model": "앵두",
      "teller": "樱桃",
      "title": "剑契组",
      "content": "欸……？那么……"
    },
    {
      "id": 26,
      "model": "쥰",
      "teller": "俊",
      "title": "黑云会 副会长",
      "content": "没错，剑契组也好，我们也罢，只要在他周围的，统统都被杀了。"
    },
    {
      "id": 27,
      "model": "쥰",
      "teller": "俊",
      "title": "黑云会 副会长",
      "content": "可是我们又能做什么呢。我作为副会长，必须保证不让手底下的人送命。"
    },
    {
      "id": 28,
      "model": "쥰",
      "teller": "俊",
      "title": "黑云会 副会长",
      "content": "结果就是我堵住了门……让手下的人在下面看着。"
    },
    {
      "id": 29,
      "model": "시계쥰",
      "teller": "俊",
      "title": "黑云会 副会长",
      "content": "哈啊……可恶。这都是些什么鬼事。差不多也要到约定好的派送时间了……"
    },
    {
      "id": 30,
      "model": "쥰",
      "teller": "俊",
      "title": "黑云会 副会长",
      "content": "这可不是我切一两根手指就能了结的事情了吧……妈的。"
    },
    {
      "id": 31,
      "model": "앵두",
      "teller": "樱桃",
      "title": "剑契组",
      "content": "……大人。"
    },
    {
      "id": 32,
      "model": "쥰",
      "teller": "俊",
      "title": "黑云会 副会长",
      "content": "嗯？！"
    },
    {
      "id": 33,
      "content": "樱桃迅速地用手刀打在俊的脖子上，如此将他击倒。"
    },
    {
      "id": 34,
      "model": "돈키호테",
      "content": "樱桃小姐？！既然吾等已经活捉了他……"
    },
    {
      "id": 35,
      "model": "앵두",
      "teller": "樱桃",
      "title": "剑契组",
      "content": "如果我们要进去的话，他会变得很麻烦。我只是让他睡一会而已……"
    },
    {
      "id": 36,
      "model": "앵두",
      "teller": "樱桃",
      "title": "剑契组",
      "content": "我……必须去见头领。"
    },
    {
      "id": 37,
      "model": "히스클리프",
      "content": "你没听见吗？他可是把周围的所有人都砍倒了啊？"
    },
    {
      "id": 38,
      "model": "앵두",
      "teller": "樱桃",
      "title": "剑契组",
      "content": "那……不可能。"
    },
    {
      "id": 39,
      "model": "파우스트",
      "content": "但丁，结合话语内容来看……"
    },
    {
      "id": 40,
      "model": "단테",
      "content": "<嗯，好像明白了……从那里面我能感受到很强大的气场。>"
    },
    {
      "id": 41,
      "model": "앵두",
      "teller": "樱桃",
      "title": "剑契组",
      "content": "我们的头领……"
    },
    {
      "id": 42,
      "content": "樱桃的手颤抖着握住了门把。"
    },
    {
      "id": 43,
      "model": "오티스",
      "content": "……准备战斗。"
    },
    {
      "id": 44,
      "model": "앵두",
      "teller": "樱桃",
      "title": "剑契组",
      "content": "……金笠大人不可能会做出那种事的！"
    },
    {
      "id": 45,
      "place": "龙进大楼6层 办公室",
      "content": "门随着她说出的那句话一同打开了……"
    },
    {
      "id": 46,
      "content": "而在其中，一个明显是扭曲的东西立于我们面前。"
    }
  ]
}