{
  "dataList": [
    {
      "id": 0,
      "place": "龙进大楼 6层 办公室",
      "model": "김삿갓",
      "teller": "金笠？",
      "title": "剑契组？",
      "content": "……"
    },
    {
      "id": 1,
      "model": "앵두",
      "teller": "樱桃",
      "title": "剑契组",
      "content": "……这是怎么回事，头领？"
    },
    {
      "id": 2,
      "model": "김삿갓",
      "teller": "金笠？",
      "title": "剑契组？",
      "content": "……"
    },
    {
      "id": 3,
      "model": "앵두",
      "teller": "樱桃",
      "title": "剑契组",
      "content": "这不是……头领的剑术吗。这伤痕……"
    },
    {
      "id": 4,
      "model": "앵두",
      "teller": "樱桃",
      "title": "剑契组",
      "content": "他们……您是伤害了我们的友人吗！！"
    },
    {
      "id": 5,
      "model": "김삿갓",
      "teller": "金笠？",
      "title": "剑契组？",
      "content": "……"
    },
    {
      "id": 6,
      "model": "오티스",
      "content": "似乎无法沟通。"
    },
    {
      "id": 7,
      "content": "金笠，被称作头领的那人身后涌动着黑色的热浪。"
    },
    {
      "id": 8,
      "content": "他那似乎被某物吞噬的身姿，以及似乎寄宿着某物的瞳孔中……"
    },
    {
      "id": 9,
      "content": "邪气。"
    },
    {
      "id": 10,
      "content": "我能明确感知到……那是扭曲。"
    },
    {
      "id": 11,
      "model": "앵두",
      "teller": "樱桃",
      "title": "剑契组",
      "content": "不要再像野兽似的吼叫了，请您说句话！说点什么……"
    },
    {
      "id": 12,
      "model": "히스클리프",
      "content": "喂！别靠近……"
    },
    {
      "id": 13,
      "model": "김삿갓",
      "teller": "金笠？",
      "title": "剑契组？",
      "content": "……！"
    },
    {
      "id": 14,
      "content": "也许是进入了他的感知范围，那扭曲以肉眼不可见的速度拔出剑，摆出战斗架势。"
    },
    {
      "id": 15,
      "model": "앵두",
      "teller": "樱桃",
      "title": "剑契组",
      "content": "这姿势……是要杀了……"
    },
    {
      "id": 16,
      "model": "싱클레어",
      "content": "快、快躲开！"
    },
    {
      "id": 17,
      "content": "辛克莱瞬间扑向惊慌的樱桃，下一刻那仿佛要将空间劈为两半的剑刃便猛然切下。"
    },
    {
      "id": 18,
      "model": "이상",
      "content": "辛克莱也已进入范围。"
    },
    {
      "id": 19,
      "model": "단테",
      "content": "<看样子只能进行镇压了。>"
    },
    {
      "id": 20,
      "content": "感受到气氛逐渐变得紧张，我们慢慢握紧了武器……"
    }
  ]
}