{
  "dataList": [
    {
      "id": 0,
      "place": "龙进大楼 6层 办公室",
      "model": "김삿갓",
      "teller": "金笠？",
      "title": "剑契组？",
      "content": "……呼。呼。"
    },
    {
      "id": 1,
      "content": "他跪倒地上喘着粗气，很快，某种晃动着的东西出现在了他背后。"
    },
    {
      "id": 2,
      "model": "파우스트",
      "content": "那是心象镜像迷宫。"
    },
    {
      "id": 3,
      "model": "그레고르",
      "content": "和叮咚家炸鸡酒吧那时候一样的地方，对吧？"
    },
    {
      "id": 4,
      "model": "싱클레어",
      "content": "是银凤、银凤……"
    },
    {
      "id": 5,
      "model": "김삿갓",
      "teller": "金笠？",
      "title": "剑契组？",
      "content": "……"
    },
    {
      "id": 6,
      "model": "뫼르소",
      "content": "他已经进去了。"
    },
    {
      "id": 7,
      "model": "히스클리프",
      "content": "哈啊……那啥，我们该追进去吧？"
    },
    {
      "id": 8,
      "model": "단테",
      "content": "<嗯……因为确保扭曲也是我们的任务。>"
    },
    {
      "id": 9,
      "content": "然后……里面散发出一种之前从未体会过的，出人意料的沉重感。"
    },
    {
      "id": 10,
      "model": "단테",
      "content": "<恐怕……那个独石就在里面。>"
    },
    {
      "id": 11,
      "model": "앵두",
      "teller": "樱桃",
      "title": "剑契组",
      "content": "……我们跟上吧。"
    },
    {
      "id": 12,
      "content": "面对这样难以接受的情况，她的神情十分茫然，但看着她那坚定了决心的样子，我们全都默不作声了。"
    },
    {
      "id": 13,
      "model": "오티스",
      "content": "进入。"
    },
    {
      "id": 14,
      "place": "心象镜像迷宫",
      "model": "앵두",
      "teller": "樱桃",
      "title": "剑契组",
      "content": "这是……"
    },
    {
      "id": 15,
      "model": "이상",
      "content": "像是S公司的风景……"
    },
    {
      "id": 16,
      "model": "앵두",
      "teller": "樱桃",
      "title": "剑契组",
      "content": "并非是单纯的S公司。"
    },
    {
      "id": 17,
      "model": "앵두",
      "teller": "樱桃",
      "title": "剑契组",
      "content": "心象……是这么说的吧。金笠大人的记忆……似乎在影响这个地方。"
    },
    {
      "id": 18,
      "model": "이상",
      "content": "你知道些什么吗？"
    },
    {
      "id": 19,
      "model": "앵두",
      "teller": "樱桃",
      "title": "剑契组",
      "content": "不……我并不知晓详情。我也不觉得自己有资格只根据只言片语就能阐明他的过去。"
    },
    {
      "id": 20,
      "model": "이상",
      "content": "……嗯。"
    },
    {
      "id": 21,
      "content": "樱桃用低沉的声调继续说道。"
    },
    {
      "id": 22,
      "model": "앵두",
      "teller": "樱桃",
      "title": "剑契组",
      "content": "突然出现在这栋大楼里的时候。"
    },
    {
      "id": 23,
      "model": "앵두",
      "teller": "樱桃",
      "title": "剑契组",
      "content": "……头领他，大概很顺利地斩杀了黑云会的人吧。"
    },
    {
      "id": 24,
      "model": "앵두",
      "teller": "樱桃",
      "title": "剑契组",
      "content": "陪在头领身边的人们都很优秀，即使面对黑云会这样的大规模帮派，只要不是干部，哪怕帮派成员众多，他也能以一敌百。"
    },
    {
      "id": 25,
      "model": "앵두",
      "teller": "樱桃",
      "title": "剑契组",
      "content": "但是……"
    },
    {
      "id": 26,
      "model": "앵두",
      "teller": "樱桃",
      "title": "剑契组",
      "content": "若是问到周围的人们是否全都像金笠大人那样强大，那又是另当别论了。因为他和我们这些人，有着天壤之别啊。"
    },
    {
      "id": 27,
      "model": "앵두",
      "teller": "樱桃",
      "title": "剑契组",
      "content": "在面对不断袭来的黑云会的家伙们时……他的友人们一定被一个个杀死了吧。"
    },
    {
      "id": 28,
      "model": "앵두",
      "teller": "樱桃",
      "title": "剑契组",
      "content": "那副光景……过去一定在他身上发生过类似的事情吧。"
    },
    {
      "id": 29,
      "model": "앵두",
      "teller": "樱桃",
      "title": "剑契组",
      "content": "金笠大人他……一定被那副光景剧烈动摇了吧。"
    },
    {
      "id": 30,
      "model": "파우스트",
      "content": "那是个发生扭曲的优良条件。他同样也身处极易受独石影响的环境。"
    },
    {
      "id": 31,
      "model": "앵두",
      "teller": "樱桃",
      "title": "剑契组",
      "content": "然后……他就化身为剑鬼了吗。"
    },
    {
      "id": 32,
      "model": "앵두",
      "teller": "樱桃",
      "title": "剑契组",
      "content": "即便如此……他为何要做这种事……"
    },
    {
      "id": 33,
      "content": "在樱桃叹息着喃喃自语之时，我们也不发一语地向前走去……"
    },
    {
      "id": 34,
      "content": "除了我们踏在泥土之上的声音外，再无其他。"
    }
  ]
}