{
  "dataList": [
    {
      "id": 0,
      "place": "心象镜像迷宫",
      "model": "단테",
      "content": "<啊，迷宫……>"
    },
    {
      "id": 1,
      "content": "激烈的战斗终于结束，金笠跪倒在地……"
    },
    {
      "id": 2,
      "place": "龙进大楼 6层 办公室",
      "content": "如同海市蜃楼消散一般，心象的形态逐渐崩溃。"
    },
    {
      "id": 3,
      "content": "原本在那内部的独石不知何时也从心象中抽离，出现在办公室中央。"
    },
    {
      "id": 4,
      "content": "正当我们所处的办公室几乎恢复原状的时候，我又听见怀里传来的沙沙声。"
    },
    {
      "id": 5,
      "teller": "对讲机",
      "title": "LCD？",
      "content": "啊！听得见吗？听到的话就滴答两声！"
    },
    {
      "id": 6,
      "model": "단테",
      "content": "<……滴答。>"
    },
    {
      "id": 7,
      "model": "이스마엘",
      "content": "刚刚才经历过一场苦战，真亏你还能这样开玩笑啊，但丁。"
    },
    {
      "id": 8,
      "content": "人家让我滴答两声我才滴答的……"
    },
    {
      "id": 9,
      "teller": "对讲机",
      "title": "LCD？",
      "content": "好！这次真的没多少时间了。独石看上去也暂时稳定下来了。我要说关闭它的方法啦！"
    },
    {
      "id": 10,
      "teller": "对讲机",
      "title": "LCD？",
      "content": "要是没来得及，那个扭曲就会变成异想体。所以要准确、迅速地解决。明白吗？"
    },
    {
      "id": 11,
      "model": "그레고르",
      "content": "怎么好像轻描淡写地说出了非常恐怖的情况……"
    },
    {
      "id": 12,
      "content": "我听从对讲机里传来的指示，向独石伸出手。"
    },
    {
      "id": 13,
      "model": "단테",
      "content": "<哦……手指一靠近就好像有什么光冒出来了……>"
    },
    {
      "id": 14,
      "content": "对讲机里的声音毫不慌张，好像能准确看到我的手现在碰到哪里了似的。"
    },
    {
      "id": 15,
      "teller": "对讲机",
      "title": "LCD？",
      "content": "从那儿向下划……嗯，现在往左慢慢移动。"
    },
    {
      "id": 16,
      "content": "我一边担心自己做的是否正确，一边在独石上划出一道光痕。"
    },
    {
      "id": 17,
      "model": "김삿갓",
      "teller": "金笠",
      "title": "剑契组 头领",
      "content": "啊……"
    },
    {
      "id": 18,
      "model": "앵두",
      "teller": "樱桃",
      "title": "剑契组",
      "content": "金笠大人！"
    },
    {
      "id": 19,
      "content": "也许是因为扭曲状态被解除，金笠身上晃动着的黑色东西也消失了。"
    },
    {
      "id": 20,
      "teller": "对讲机",
      "title": "LCD？",
      "content": "好，数值……回到稳定范围内了，侦探大人！"
    },
    {
      "id": 21,
      "teller": "对讲机",
      "title": "LCD？",
      "content": "啊，又叫成侦探大人了……这称呼都成习惯了。"
    },
    {
      "id": 22,
      "content": "很显然，对讲机那头的人是在对我以外的某个人汇报。"
    },
    {
      "id": 23,
      "teller": "对讲机",
      "title": "LCD？",
      "content": "做得好，巴士的各位！LCA马上就到了所以稍安勿躁哦！"
    },
    {
      "id": 24,
      "model": "단테",
      "content": "<嗯？LCA？就是刚刚那个说话带刺的收尾部队的……>"
    },
    {
      "id": 25,
      "teller": "以斯拉",
      "title": "LCD",
      "content": "嘛，总而言之！这里是LCD所属扭曲专案组的以斯拉！通讯结束！"
    },
    {
      "id": 26,
      "content": "对讲机再次发出哔哔的声音，单方面切断了。"
    },
    {
      "id": 27,
      "content": "随后还没过5秒……"
    },
    {
      "id": 28,
      "model": "로쟈",
      "content": "天啊，他们怎么来这么快？！"
    },
    {
      "id": 29,
      "model": "파우스트",
      "content": "是LCA……特别作战小组。"
    },
    {
      "id": 30,
      "model": "LCA특작팀",
      "teller": "沉默的员工",
      "title": "LCA",
      "content": "命令。回收保护物品。"
    },
    {
      "id": 31,
      "model": "단테",
      "content": "<啊，物品在……>"
    },
    {
      "id": 32,
      "model": "LCA특작팀",
      "teller": "敏捷的员工",
      "title": "LCA",
      "content": "已确认监管目标T-276。立即保护。"
    },
    {
      "id": 33,
      "model": "단테",
      "content": "<他们自己看着办了。>"
    },
    {
      "id": 34,
      "content": "我还没说什么（反正他们也听不见），有着惊人相似外表的他们就开始咔嗒咔嗒地把各种装置放到独石上。"
    },
    {
      "id": 35,
      "model": "LCA특작팀",
      "teller": "沉默的员工",
      "title": "LCA",
      "content": "疑问。T-276-01在哪里。"
    },
    {
      "id": 36,
      "model": "히스클리프",
      "content": "什么意思？"
    },
    {
      "id": 37,
      "model": "LCA특작팀",
      "teller": "沉默的员工",
      "title": "LCA",
      "content": "……更换。扭曲个体在哪里。"
    },
    {
      "id": 38,
      "model": "이상",
      "content": "啊，他就在独石侧边……"
    },
    {
      "id": 39,
      "model": "돈키호테",
      "content": "嗯？那、那人去何处了？"
    },
    {
      "id": 40,
      "model": "뫼르소",
      "content": "大约3分钟前，我看见名为樱桃的人将他拖至沙发后方。"
    },
    {
      "id": 41,
      "model": "단테",
      "content": "<我记得自己说过希望你一看到特殊情况就能告诉我们……>"
    },
    {
      "id": 42,
      "model": "뫼르소",
      "content": "……如果再发生类似情况我会立刻汇报。"
    },
    {
      "id": 43,
      "content": "这时，我看见LCA的员工在沙发旁犹豫的样子。"
    },
    {
      "id": 44,
      "model": "LCA특작팀",
      "teller": "沉默的员工",
      "title": "LCA",
      "content": "警报。接近T-276-01的个体出现异常反应。"
    },
    {
      "id": 45,
      "content": "说出这话的员工跑过去一脚踢开了沙发……"
    },
    {
      "id": 46,
      "model": "앵두",
      "teller": "樱桃",
      "title": "剑契组",
      "content": "呃……啊！"
    },
    {
      "id": 47,
      "model": "이상",
      "content": "樱桃女士！"
    },
    {
      "id": 48,
      "content": "那后面是正紧紧抱着金笠的樱桃。"
    },
    {
      "id": 49,
      "content": "她手中的短剑，深深地刺进了他的胸口。"
    },
    {
      "id": 50,
      "model": "앵두",
      "teller": "樱桃",
      "title": "剑契组",
      "content": "您……有着多么痛苦的过去，我无权得知。"
    },
    {
      "id": 51,
      "model": "앵두",
      "teller": "樱桃",
      "title": "剑契组",
      "content": "但是，但是！那绝非能够斩杀友人的理由……！"
    },
    {
      "id": 52,
      "model": "이상",
      "content": "樱桃女士！他失去了自我！"
    },
    {
      "id": 53,
      "model": "앵두",
      "teller": "樱桃",
      "title": "剑契组",
      "content": "若是他已身堕饿鬼之道，心失所向，那更应该由我的双手亲自了结……"
    },
    {
      "id": 54,
      "model": "앵두",
      "teller": "樱桃",
      "title": "剑契组",
      "content": "不，不对。"
    },
    {
      "id": 55,
      "model": "앵두",
      "teller": "樱桃",
      "title": "剑契组",
      "content": "其实这些，都是借口。"
    },
    {
      "id": 56,
      "model": "앵두",
      "teller": "樱桃",
      "title": "剑契组",
      "content": "说到底……如果不是头领拿来那个奇怪的邀请函……"
    },
    {
      "id": 57,
      "model": "앵두",
      "teller": "樱桃",
      "title": "剑契组",
      "content": "说到底，如果他一开始就没让我们逃离S公司……！"
    },
    {
      "id": 58,
      "model": "앵두",
      "teller": "樱桃",
      "title": "剑契组",
      "content": "啊……是。我终于能清楚听见您的声音了……"
    },
    {
      "id": 59,
      "model": "LCA특작팀",
      "teller": "沉默的员工",
      "title": "LCA",
      "content": "变异。确认到接近个体的扭曲。"
    },
    {
      "id": 60,
      "model": "LCA특작팀",
      "teller": "沉默的员工",
      "title": "LCA",
      "content": "推测。独石重新激活，进入第1阶段。"
    },
    {
      "id": 61,
      "content": "再放任不管的话扭曲又会……！"
    },
    {
      "id": 62,
      "model": "단테",
      "content": "<默尔索，把樱桃小姐打晕！>"
    },
    {
      "id": 63,
      "model": "뫼르소",
      "content": "……哼！"
    },
    {
      "id": 64,
      "model": "앵두",
      "teller": "樱桃",
      "title": "剑契组",
      "content": "啊……"
    },
    {
      "id": 65,
      "content": "在LCA员工采取行动前，默尔索立即让樱桃陷入了昏迷。"
    },
    {
      "id": 66,
      "model": "LCA특작팀",
      "teller": "沉默的员工",
      "title": "LCA",
      "content": "……稳定。因接近个体失去意识，扭曲化解除。"
    },
    {
      "id": 67,
      "model": "LCA특작팀",
      "teller": "沉默的员工",
      "title": "LCA",
      "content": "T-276-01，确认受到刺伤。并非致命部位，可以进行回收与恢复。"
    },
    {
      "id": 68,
      "model": "뫼르소",
      "content": "已按照您的命令执行。"
    },
    {
      "id": 69,
      "model": "단테",
      "content": "<啊……谢谢。>"
    },
    {
      "id": 70,
      "model": "로쟈",
      "content": "哇……刚刚那是什么……？"
    },
    {
      "id": 71,
      "model": "단테",
      "content": "<那也是独石的影响吗？>"
    },
    {
      "id": 72,
      "model": "파우스트",
      "content": "可以这么说。虽然独石已经被封印，但似乎仍然有残余的影响导致她被侵蚀。"
    },
    {
      "id": 73,
      "teller": "以斯拉",
      "title": "LCD",
      "content": "啊、啊！那个！我刚刚看到那边的数值猛地涨了一下？"
    },
    {
      "id": 74,
      "content": "切断通讯的对讲机又一次发出声音。"
    },
    {
      "id": 75,
      "model": "LCA특작팀",
      "teller": "沉默的员工",
      "title": "LCA",
      "content": "接管。由我接手与LCD的通讯。"
    },
    {
      "id": 76,
      "model": "단테",
      "content": "<啊，好。>"
    },
    {
      "id": 77,
      "model": "LCA특작팀",
      "teller": "沉默的员工",
      "title": "LCA",
      "content": "收到。请说。"
    },
    {
      "id": 78,
      "teller": "以斯拉",
      "title": "LCD",
      "content": "嗯？啊！是LCA吧？我是LCD的以斯拉……"
    },
    {
      "id": 79,
      "model": "LCA특작팀",
      "teller": "沉默的员工",
      "title": "LCA",
      "content": "收到。进行情况说明。"
    },
    {
      "id": 80,
      "teller": "以斯拉",
      "title": "LCD",
      "content": "啊，那我也插一句。我也完全明白情况哦？"
    },
    {
      "id": 81,
      "teller": "以斯拉",
      "title": "LCD",
      "content": "你那边有两个人吧？把他们俩原封不动地带过来吧。"
    },
    {
      "id": 82,
      "model": "LCA특작팀",
      "teller": "沉默的员工",
      "title": "LCA",
      "content": "拒绝。作战内容中的回收对象为……"
    },
    {
      "id": 83,
      "teller": "以斯拉",
      "title": "LCD",
      "content": "别那么死板嘛~"
    },
    {
      "id": 84,
      "model": "LCA특작팀",
      "teller": "沉默的员工",
      "title": "LCA",
      "content": "顾虑。独石本身便难以控制。"
    },
    {
      "id": 85,
      "teller": "以斯拉",
      "title": "LCD",
      "content": "真是的~我们家侦探大人……啊，应该说是LCD的队长，说自己会承担全部责任的啦。"
    },
    {
      "id": 86,
      "teller": "以斯拉",
      "title": "LCD",
      "content": "再说那个独石，我和侦探大人以前就成功回收过了。"
    },
    {
      "id": 87,
      "teller": "以斯拉",
      "title": "LCD",
      "content": "而且~两人都是图书馆的幸存者~两人都进入过扭曲状态然后被解除，作为扭曲实例而言肯定会派上用场的。"
    },
    {
      "id": 88,
      "model": "LCA특작팀",
      "teller": "沉默的员工",
      "title": "LCA",
      "content": "理解。但……"
    },
    {
      "id": 89,
      "model": "히스클리프",
      "content": "什么意思，是要把这俩拐走然后……做人体实验？或者之类的事情？"
    },
    {
      "id": 90,
      "teller": "以斯拉",
      "title": "LCD",
      "content": "虽然我知道T公司有不少令人不安的传闻，像什么人被抓走之类的……但我希望你不要把那些失踪事件和我们做的事情关系起来哦？"
    },
    {
      "id": 91,
      "teller": "以斯拉",
      "title": "LCD",
      "content": "反正……扭曲到最后他们只有死路一条，直接放着不管的话黑云会或者拇指也会闻讯而来吧？"
    },
    {
      "id": 92,
      "model": "히스클리프",
      "content": "说是这么说……"
    },
    {
      "id": 93,
      "teller": "以斯拉",
      "title": "LCD",
      "content": "总而言之，两·个·人·都·要好好地带过来哦~"
    },
    {
      "id": 94,
      "model": "LCA특작팀",
      "teller": "沉默的员工",
      "title": "LCA",
      "content": "……收到。即将进行回收。"
    },
    {
      "id": 95,
      "content": "切断通讯后，那名员工抬头示意，其他员工便驾轻就熟地将两人捆着带了出去，转眼间便消失不见。"
    },
    {
      "id": 96,
      "content": "虽然我没留意，但独石似乎也在他们进行通讯的时候就被带走了。"
    },
    {
      "id": 97,
      "model": "로쟈",
      "content": "那这算是……任务完成？"
    },
    {
      "id": 98,
      "model": "단테",
      "content": "<应该是吧。>"
    },
    {
      "id": 99,
      "model": "LCA특작팀",
      "teller": "沉默的员工",
      "title": "LCA",
      "content": "警告。要求执行经理立即撤退。拇指即将掌握情况并赶来现场。"
    },
    {
      "id": 100,
      "model": "료슈",
      "content": "中指之后又是拇指吗。呵，我挺好奇那些老家伙会是什么表情。"
    },
    {
      "id": 101,
      "model": "이스마엘",
      "content": "就是为了不让我们这么做才警告的……"
    },
    {
      "id": 102,
      "model": "LCA특작팀",
      "teller": "沉默的员工",
      "title": "LCA",
      "content": "更正。自进行本次作战起，边狱公司就只能与拇指敌对。"
    },
    {
      "id": 103,
      "model": "이스마엘",
      "content": "……说的也对。他们早晚会察觉到真相吧。"
    },
    {
      "id": 104,
      "model": "이스마엘",
      "content": "真的没问题吗？现在甚至对拇指出手了。"
    },
    {
      "id": 105,
      "model": "LCA특작팀",
      "teller": "沉默的员工",
      "title": "LCA",
      "content": "……无关。"
    },
    {
      "id": 106,
      "model": "LCA특작팀",
      "teller": "沉默的员工",
      "title": "LCA",
      "content": "毕竟边狱公司现在正处在以友为敌，以敌为友的局面。"
    },
    {
      "id": 107,
      "model": "LCA특작팀",
      "teller": "沉默的员工",
      "title": "LCA",
      "content": "延误。先行离去。"
    },
    {
      "id": 108,
      "content": "LCA员工留下模棱两可的话后离开了。"
    },
    {
      "id": 109,
      "content": "……就像是知道什么，却不能说出口一样。"
    },
    {
      "id": 110,
      "content": "转眼间，我们与LCA、LCD、LCCA以及众多公司其他部门接触过了。"
    },
    {
      "id": 111,
      "content": "曾经在脑海中徘徊过的想法再度浮现。"
    },
    {
      "id": 112,
      "content": "我对这公司的了解，仍然只是冰山一角。"
    },
    {
      "id": 113,
      "content": "除此之外，还有令人捉摸不透的赫尔曼，以及德米安。"
    },
    {
      "id": 114,
      "content": "也许在这个难以捉摸的巨大故事中，我所掌握的只是一点点微不足道的情报。"
    },
    {
      "id": 115,
      "content": "即使我自认为和罪人们的旅程已经度过许久……"
    },
    {
      "id": 116,
      "content": "我莫名觉得，当我在遥远的将来提笔写下有关这段旅程的回忆时，也许尚未超过十页。"
    },
    {
      "id": 117,
      "content": "带着脑海中愈加繁杂的思绪，我和罪人们一同走向巴士。"
    },
    {
      "id": 118,
      "place": "梅菲斯托费勒斯 内部",
      "model": "로쟈",
      "content": "哎，感觉这么短的时间里碰到了不少人呢。"
    },
    {
      "id": 119,
      "model": "이스마엘",
      "content": "尽管如此，我认为对这家公司大概的运营方式有所了解是好事。"
    },
    {
      "id": 120,
      "content": "回到巴士后，罪人们谈论起这一系列遭遇。"
    },
    {
      "id": 121,
      "model": "싱클레어",
      "content": "……樱桃小姐和金笠先生之后会怎么样呢？"
    },
    {
      "id": 122,
      "model": "오티스",
      "content": "那不是我们该知道的。即便任职于同一家公司，我们也仅仅是知道那位“以斯拉”的声音而已。"
    },
    {
      "id": 123,
      "model": "돈키호테",
      "content": "难、难道真的是人体实……"
    },
    {
      "id": 124,
      "model": "그레고르",
      "content": "……这种事不是说做就能做的。那个人不都说了谣言只是谣言而已吗。"
    },
    {
      "id": 125,
      "content": "也许是想起了曾经的回忆，格里高尔皱着眉头拿出香烟。"
    },
    {
      "id": 126,
      "model": "단테",
      "content": "<……除开LCD，LCA这个部门似乎完全不一样。就好像只有他们来自别的公司似的……>"
    },
    {
      "id": 127,
      "content": "我一边走着，一边尝试整理脑中复杂的思绪。"
    },
    {
      "id": 128,
      "content": "但我也明白……这没有多大作用。"
    },
    {
      "id": 129,
      "model": "단테",
      "content": "<你不会回答吧，浮士德？>"
    },
    {
      "id": 130,
      "model": "파우스트",
      "content": "……十分抱歉。目前很难说明LCB部门以外的内容。"
    },
    {
      "id": 131,
      "model": "단테",
      "content": "<哈啊……>"
    },
    {
      "id": 132,
      "model": "베르길리우스",
      "content": "看样子不管是经理还是罪人，都得靠焦躁当车票啊。"
    },
    {
      "id": 133,
      "content": "维吉里乌斯看到抱着头的我，叹了口气说道。"
    },
    {
      "id": 134,
      "model": "베르길리우스",
      "content": "在你的旅途中一定能找到疑问的答案，但丁。"
    },
    {
      "id": 135,
      "model": "베르길리우스",
      "content": "一切都会水到渠成，有必要急于一时吗？"
    },
    {
      "id": 136,
      "model": "베르길리우스",
      "content": "……以及。"
    },
    {
      "id": 137,
      "content": "维吉里乌斯的目光看向稍稍高于我头顶的地方。"
    },
    {
      "id": 138,
      "content": "应该是在看那团摇曳的火焰吧。"
    },
    {
      "id": 139,
      "model": "베르길리우스",
      "content": "……没什么。"
    },
    {
      "id": 140,
      "model": "베르길리우스",
      "content": "哈，也许我也渐渐变得焦躁了。只要走下去，总有一天会明白的吧。"
    },
    {
      "id": 141,
      "content": "维吉里乌斯轻笑一声，说了些莫名其妙的话，随后像是没有话题了一样转身走向座位。"
    },
    {
      "id": 142,
      "model": "베르길리우스",
      "content": "出发吧，卡戎。"
    },
    {
      "id": 143,
      "model": "카론",
      "content": "久等了，布隆布隆时间。"
    },
    {
      "id": 144,
      "model": "카론",
      "content": "目标是，T公司知名的山丘。"
    },
    {
      "id": 145,
      "model": "히스클리프",
      "content": "……"
    },
    {
      "id": 146,
      "content": "于是乎。"
    },
    {
      "id": 147,
      "content": "伴随着喧嚣与沉默，巴士的车轮又一次滚滚向前。"
    }
  ]
}