{
  "dataList": [
    {
      "id": 0,
      "place": "心象镜像迷宫",
      "model": "단테",
      "content": "<在那后面的是……>"
    },
    {
      "id": 1,
      "model": "파우스트",
      "content": "是独石。当它赋予金笠力量时就藏进他的心象中了。"
    },
    {
      "id": 2,
      "model": "앵두",
      "teller": "樱桃",
      "title": "剑契组",
      "content": "这座宅邸……记得是离开S公司之前，头领最后负责护卫的目标的住宅。"
    },
    {
      "id": 3,
      "model": "앵두",
      "teller": "樱桃",
      "title": "剑契组",
      "content": "啊啊……这等惨状……"
    },
    {
      "id": 4,
      "model": "앵두",
      "teller": "樱桃",
      "title": "剑契组",
      "content": "难道……至今为止这幅惨状一直在头领脑中挥之不去吗……"
    },
    {
      "id": 5,
      "model": "앵두",
      "teller": "樱桃",
      "title": "剑契组",
      "content": "然而……即便如此……友人们的枉死……"
    },
    {
      "id": 6,
      "content": "樱桃的眼中噙着泪水。"
    },
    {
      "id": 7,
      "model": "단테",
      "content": "<……啊。>"
    },
    {
      "id": 8,
      "content": "脑海中又传来了低语。"
    },
    {
      "id": 9,
      "content": "这是……金笠的过去吗。"
    },
    {
      "id": 10,
      "content": "沉闷而阴郁的声音似乎直接在我脑海中响起。"
    },
    {
      "id": 11,
      "model": "김삿갓",
      "teller": "金笠",
      "title": "剑契组 头领",
      "content": "曾几何时，我也有过荣誉。"
    },
    {
      "id": 12,
      "model": "김삿갓",
      "teller": "金笠",
      "title": "剑契组 头领",
      "content": "心存邪念的恶人时常接近清廉的官吏。"
    },
    {
      "id": 13,
      "model": "김삿갓",
      "teller": "金笠",
      "title": "剑契组 头领",
      "content": "身为护卫武士，以自己的剑击退那些恶人，于我而言曾是荣誉。"
    },
    {
      "id": 14,
      "model": "김삿갓",
      "teller": "金笠",
      "title": "剑契组 头领",
      "content": "……然而，清正廉洁之人往往只会被世间蚕食。"
    },
    {
      "id": 15,
      "model": "김삿갓",
      "teller": "金笠",
      "title": "剑契组 头领",
      "content": "想要抵抗早已腐烂入骨的贪官污吏，我的力量太过微弱。"
    },
    {
      "id": 16,
      "model": "김삿갓",
      "teller": "金笠",
      "title": "剑契组 头领",
      "content": "最终只能怀抱破碎不堪的心，与同伴们一同离开S公司。"
    },
    {
      "id": 17,
      "model": "김삿갓",
      "teller": "金笠",
      "title": "剑契组 头领",
      "content": "未能履行职责，荣誉被我遗弃在了那里。"
    },
    {
      "id": 18,
      "model": "김삿갓",
      "teller": "金笠",
      "title": "剑契组 头领",
      "content": "失去栖身之所，四处奔波而身心俱疲的同伴们与我。"
    },
    {
      "id": 19,
      "model": "김삿갓",
      "teller": "金笠",
      "title": "剑契组 头领",
      "content": "他们追随我离去的那份信赖随时间流逝，甚至我自己也逐渐丧失对自身的信任。"
    },
    {
      "id": 20,
      "model": "김삿갓",
      "teller": "金笠",
      "title": "剑契组 头领",
      "content": "我……逐渐消逝。"
    },
    {
      "id": 21,
      "model": "김삿갓",
      "teller": "金笠",
      "title": "剑契组 头领",
      "content": "未能履行职责的我，又怎能领导他们。"
    },
    {
      "id": 22,
      "model": "김삿갓",
      "teller": "金笠",
      "title": "剑契组 头领",
      "content": "但至少要让他们能安稳生活……"
    },
    {
      "id": 23,
      "model": "김삿갓",
      "teller": "金笠",
      "title": "剑契组 头领",
      "content": "可，怀揣如此期待得到的“邀请函”，却将所有人送向灭亡。"
    },
    {
      "id": 24,
      "model": "김삿갓",
      "teller": "金笠",
      "title": "剑契组 头领",
      "content": "最终，职责未尽、荣誉不复、友人离散……"
    },
    {
      "id": 25,
      "model": "최종김삿갓",
      "teller": "金笠？",
      "title": "剑契组？",
      "content": "我又与那时一样……"
    },
    {
      "id": 26,
      "content": "他还在说着什么……但我只能听到如同咆哮般的低语。"
    },
    {
      "id": 27,
      "content": "他罗列出令人窒息的痛苦过去，不禁让我心生同情……"
    },
    {
      "id": 28,
      "content": "正因如此才要尽早直面他，将他从扭曲中解放出来。"
    },
    {
      "id": 29,
      "model": "단테",
      "content": "<各位，就在这里和他做个了断吧。>"
    },
    {
      "id": 30,
      "model": "오티스",
      "content": "是，我们似乎别无选择。"
    },
    {
      "id": 31,
      "content": "情绪过于激动的樱桃大概无法顺利参与战斗。"
    },
    {
      "id": 32,
      "content": "需要由我们……来结束这一切。"
    }
  ]
}