{
  "dataList": [
    {
      "id": 0,
      "place": "T公司小巷 某处",
      "model": "돈키호테",
      "content": "呵。呵。呵。呵。"
    },
    {
      "id": 1,
      "content": "堂吉诃德沙沙作响地大幅挥动着手中的报纸，露出了意味深长的笑容。"
    },
    {
      "id": 2,
      "content": "我现在已经能明白这笑容的含义了。"
    },
    {
      "id": 3,
      "content": "还有……"
    },
    {
      "id": 4,
      "model": "돈키호테",
      "content": "嗯哼、哼哼哼……！"
    },
    {
      "id": 5,
      "content": "如果我不在恰当的时机给她点回应，她就会一直这样吸引我的注意力。"
    },
    {
      "id": 6,
      "model": "단테",
      "content": "<好了好了。堂吉诃德……怎么了？>"
    },
    {
      "id": 7,
      "model": "돈키호테",
      "content": "嗯……经理老爷，如同吾等边狱公司一般在都市中蒸蒸日上的公司，必须要持续地关注世间一切的信息。"
    },
    {
      "id": 8,
      "model": "돈키호테",
      "content": "这样，这样。像默尔索，和吾堂吉诃德一般每天阅读晨报！如何？对都市中发生了怎样的事情略微保持关注！如何？！"
    },
    {
      "id": 9,
      "model": "그레고르",
      "content": "那什么，稍微达成一下共识……她就是在说那个、默尔索每天早上都例行公事般地读报纸的事情吧。"
    },
    {
      "id": 10,
      "model": "단테",
      "content": "<啊，指的是他黎明时分起床，跷起二郎腿，把报纸摊开然后开始阅读的那个每日惯例？>"
    },
    {
      "id": 11,
      "model": "그레고르",
      "content": "啊对，就是那个。她没准就是觉得那样也挺酷的。呵，这次应该能保持一周左右吧。"
    },
    {
      "id": 12,
      "model": "돈키호테",
      "content": "汝等有在听吾说话吗？！？！"
    },
    {
      "id": 13,
      "model": "단테",
      "content": "<嗯，啊……怎么了？报纸上有什么关于边狱公司的报道吗？>"
    },
    {
      "id": 14,
      "model": "돈키호테",
      "content": "怎会如此！您是从何知晓的？！"
    },
    {
      "id": 15,
      "model": "단테",
      "content": "<真的假的？>"
    },
    {
      "id": 16,
      "model": "돈키호테",
      "content": "来，来，来。请看这第三页！虽然头版的位置被夺走着实有些遗憾……"
    },
    {
      "id": 17,
      "model": "로쟈",
      "content": "欸？第三页？！我们只有那么一点牌面吗？！"
    },
    {
      "id": 18,
      "content": "堂吉诃德跟罗佳洪亮的声音很容易吸引别人的注意，很快罪人们就闹哄哄地聚在了她们周围。"
    },
    {
      "id": 19,
      "model": "돈키호테",
      "content": "快看快看……T公司的神秘失踪案，戏剧性地落下帷幕！"
    },
    {
      "id": 20,
      "model": "돈키호테",
      "content": "震惊！罪魁祸首竟是埃德加家族，此消息一出令公众无不目瞪口呆……"
    },
    {
      "id": 21,
      "model": "히스클리프2",
      "content": "……"
    },
    {
      "id": 22,
      "model": "단테",
      "content": "<还……还是赶紧跳过这部分吧。>"
    },
    {
      "id": 23,
      "model": "돈키호테",
      "content": "嗯哼……在一些周围徘徊的人员提供的微小帮助下，T公司3级征收职员大展身手，戏剧性地将此次事件解决……"
    },
    {
      "id": 24,
      "model": "이상",
      "content": "嗯，在周围徘徊的人员……是指我们吗？"
    },
    {
      "id": 25,
      "model": "오티스",
      "content": "居然，只把我们当作顺带的……"
    },
    {
      "id": 26,
      "model": "싱클레어",
      "content": "连公司名称都没列出来……"
    },
    {
      "id": 27,
      "model": "로쟈",
      "content": "什么意思啊……还有这些时间征收人员……他们根本连个面都没露吧？！"
    },
    {
      "id": 28,
      "model": "뫼르소",
      "content": "所谓的媒体一般都是这样。"
    },
    {
      "id": 29,
      "model": "돈키호테",
      "content": "这……这可未尝得知！有人读过这篇新闻后会来采访吾等也说不定……"
    },
    {
      "id": 30,
      "model": "이스마엘",
      "content": "我觉得如果连我们在哪都不知道的话，是没法来采访的……"
    },
    {
      "id": 31,
      "model": "단테",
      "content": "<堂吉诃德……我不觉得有人会对我们感兴趣。在你更加失望之前，最好……>"
    },
    {
      "id": 32,
      "content": "就在这时，在吵闹的我们中间，有人像水中游鱼一般挤了进来。"
    },
    {
      "id": 33,
      "model": "T사2등급",
      "teller": "2级征收人员",
      "title": "T公司",
      "content": "你们是边狱公司的员工没错吧？"
    },
    {
      "id": 34,
      "model": "그레고르",
      "content": "……你们是？"
    },
    {
      "id": 35,
      "model": "T사2등급",
      "teller": "2级征收人员",
      "title": "T公司",
      "content": "你们应该已经知道我们为何而来了。"
    },
    {
      "id": 36,
      "model": "돈키호테",
      "content": "噢噢！吾正翘首以盼呢！"
    },
    {
      "id": 37,
      "model": "돈키호테",
      "content": "来来，吾等从何处开始为好呢？"
    },
    {
      "id": 38,
      "model": "로쟈",
      "content": "什么，真的是来采访我们的吗？"
    },
    {
      "id": 39,
      "model": "단테",
      "content": "<堂吉诃德随口一说的居然成真了……>"
    },
    {
      "id": 40,
      "model": "파우스트",
      "content": "我……没有收到任何要接受采访的通知……"
    },
    {
      "id": 41,
      "model": "로쟈",
      "content": "真是的，这种时候维吉跑去哪里了~之前希斯用剩下的发胶放在哪里了来着……"
    },
    {
      "id": 42,
      "model": "돈키호테",
      "content": "哼哼……来，汝等请开始吧。"
    },
    {
      "id": 43,
      "model": "T사2등급",
      "teller": "2级征收人员",
      "title": "T公司",
      "content": "好吧，那么……"
    },
    {
      "id": 44,
      "model": "돈키T3",
      "teller": "堂吉诃德&T公司员工",
      "title": "LCB&T公司",
      "content": "诚然，吾并不能包揽全~部的功绩！\n\n你们打算分期缴税吗？"
    },
    {
      "id": 45,
      "model": "T사2등급",
      "teller": "2级征收人员",
      "title": "T公司",
      "content": "啊？"
    },
    {
      "id": 46,
      "model": "돈키호테",
      "content": "嗯？"
    },
    {
      "id": 47,
      "content": "我们好像是对彼此有着什么误解……"
    },
    {
      "id": 48,
      "model": "T사2등급",
      "teller": "2级征收人员",
      "title": "T公司",
      "content": "我们是来自T公司时间征收厅旗下的征收人员，此次前来是为收取你们逾期未缴的时间税。"
    },
    {
      "id": 49,
      "model": "이상",
      "content": "果然……那些人，出现就绝不会有好事……"
    },
    {
      "id": 50,
      "model": "이스마엘",
      "content": "时间税……？怎么可能……"
    },
    {
      "id": 51,
      "model": "이스마엘",
      "content": "我们在T公司巢的入境审查时，就已经缴纳过时间税了。维吉里乌斯先生确实说过这种话……"
    },
    {
      "id": 52,
      "content": "几天前，梅菲斯托费勒斯。"
    },
    {
      "id": 53,
      "place": "过去，梅菲斯托费勒斯内部",
      "model": "이스마엘",
      "content": "这样真的没问题吗？我们在这里不带钟表就走来走去……"
    },
    {
      "id": 54,
      "model": "이스마엘",
      "content": "毕竟T公司的所有人都……"
    },
    {
      "id": 55,
      "model": "베르길리우스",
      "content": "原则上所有人都必须持有钟表。我明白。"
    },
    {
      "id": 56,
      "model": "베르길리우스",
      "content": "但是，不论哪里都会有灵活应对的方法。那本小册子可不会写这些……"
    },
    {
      "id": 57,
      "model": "베르길리우스",
      "content": "短期停留的外来人员只需提前缴纳等额的时间税，便可不受T公司规定的限制，从而不必携带钟表。"
    },
    {
      "id": 58,
      "model": "베르길리우스",
      "content": "毕竟给非20区出生的人配发钟表可是件麻烦事。"
    },
    {
      "id": 59,
      "model": "베르길리우스",
      "content": "因此，我们在入境前便已缴纳过三十天的税费。"
    },
    {
      "id": 60,
      "model": "오티스",
      "content": "嚯……这可不是一笔小数目。"
    },
    {
      "id": 61,
      "model": "돈키호테",
      "content": "吾也想过拥有一块属于自己的手表……像奥提斯女士一样……"
    },
    {
      "id": 62,
      "model": "오티스",
      "content": "我的手表不是为了装饰才戴的！"
    },
    {
      "id": 63,
      "model": "베르길리우스",
      "content": "正如我之前所说，不必担心公司的资金。这种事情属于理所当然的范畴。"
    },
    {
      "id": 64,
      "model": "이스마엘",
      "content": "呼……终于有个公司的样子了。"
    },
    {
      "id": 65,
      "place": "T公司小巷 某处",
      "model": "단테",
      "content": "<是啊，肯定是哪里搞错了……也可能是比我们预付的金额稍微超支了些。>"
    },
    {
      "id": 66,
      "model": "이스마엘",
      "content": "而且我们都还没在这待上三十天呢。"
    },
    {
      "id": 67,
      "model": "히스클리프2",
      "content": "哎……就算有付钱的必要，随便卖点他们身上的东西怎么样都能凑够吧。"
    },
    {
      "id": 68,
      "content": "希斯克利夫用下巴指了指辛克莱和鸿璐说道。"
    },
    {
      "id": 69,
      "model": "싱클레어",
      "content": "嗯……要是这样能解决问题的话……"
    },
    {
      "id": 70,
      "model": "홍루",
      "content": "啊，要这么做吗？可我也没带什么东西出来……"
    },
    {
      "id": 71,
      "model": "그레고르",
      "content": "话说，未支付的时间税有多少？"
    },
    {
      "id": 72,
      "model": "T사2등급",
      "teller": "2级征收人员",
      "title": "T公司",
      "content": "……咳。"
    },
    {
      "id": 73,
      "model": "T사2등급",
      "teller": "2级征收人员",
      "title": "T公司",
      "content": "应缴纳的时间税为……"
    },
    {
      "id": 74,
      "model": "T사2등급",
      "teller": "2级征收人员",
      "title": "T公司",
      "content": "共计100亿4000万眼。"
    },
    {
      "id": 75,
      "model": "단테",
      "content": "<啊？！>"
    },
    {
      "id": 76,
      "model": "로쟈",
      "content": "啊、啊哈哈……我的耳朵是不是出问题了？我只能听到个100……那后面是什么来着？"
    },
    {
      "id": 77,
      "model": "홍루",
      "content": "这么多钱的话……看来有必要回我家一趟了呢？"
    },
    {
      "id": 78,
      "model": "싱클레어",
      "content": "……要是不付……不对，要是付不起的话……会怎么样？"
    },
    {
      "id": 79,
      "model": "T사2등급",
      "teller": "2级征收人员",
      "title": "T公司",
      "content": "没有那些选项。你们必须以时间或金钱为货币缴纳包含利息在内的税费。"
    },
    {
      "id": 80,
      "model": "그레고르",
      "content": "以时间缴纳到底是什么意思……"
    },
    {
      "id": 81,
      "content": "仔细想想，前段时间在路上好像也听谁提过用时间支付，当时并没有追问那究竟是什么意思……"
    },
    {
      "id": 82,
      "model": "단테",
      "content": "<李箱，希斯克利夫？你们知道吗……？>"
    },
    {
      "id": 83,
      "model": "이상",
      "content": "嗯……"
    },
    {
      "id": 84,
      "model": "이상",
      "content": "我居住于T公司时，从未拖欠过时间税……"
    },
    {
      "id": 85,
      "model": "이상",
      "content": "因此，我并不知晓不缴纳时间税会导致何种情况。"
    },
    {
      "id": 86,
      "model": "히스클리프2",
      "content": "我住在宅邸的时候从来没接触过时间税这种复杂的东西……在后巷生活的时候也都是大哥在管理。不过，倒是见过交不起税被抓走的人……"
    },
    {
      "id": 87,
      "model": "단테",
      "content": "<那么……>"
    },
    {
      "id": 88,
      "content": "这两人的回答派不上用场。正当我转头打算向浮士德提问时，奥提斯突然站了出来。"
    },
    {
      "id": 89,
      "model": "오티스",
      "content": "这毫无道理。你们是怎么算出如此荒谬的金额的？"
    },
    {
      "id": 90,
      "model": "T사2등급",
      "teller": "2级征收人员",
      "title": "T公司",
      "content": "T公司的税收计算无论何时都是合理的。"
    },
    {
      "id": 91,
      "model": "T사2등급",
      "teller": "2级征收人员",
      "title": "T公司",
      "content": "时间无意义地流逝着。我是否可以认为你们既无能力也无意愿缴纳这笔税款？"
    },
    {
      "id": 92,
      "model": "싱클레어",
      "content": "等一下……气氛是不是变得很糟糕了。"
    },
    {
      "id": 93,
      "model": "이상",
      "content": "这种说法并不合期望……"
    },
    {
      "id": 94,
      "model": "오티스",
      "content": "好啊，刚才抱怨的家伙们。如果有谁现在能立马从口袋里掏出100亿眼，我就允许他反驳。"
    },
    {
      "id": 95,
      "model": "오티스",
      "content": "如果没有……那就应该闭上嘴，清除掉这些妨碍我们前进的人。"
    },
    {
      "id": 96,
      "model": "료슈",
      "content": "有意思。价值100亿眼的死……"
    },
    {
      "id": 97,
      "model": "T사2등급",
      "teller": "2级征收人员",
      "title": "T公司",
      "content": "……是100亿4000万眼。"
    }
  ]
}