{
  "dataList": [
    {
      "id": 0,
      "place": "T公司小巷 某处",
      "content": "冲突刚刚缓解了一些，立刻又有不同着装的T公司员工靠近了罪人们。"
    },
    {
      "id": 1,
      "model": "T사4등급",
      "teller": "4级征收人员",
      "title": "T公司",
      "content": "……"
    },
    {
      "id": 2,
      "model": "오티스",
      "content": "……那群家伙的头领吗？"
    },
    {
      "id": 3,
      "model": "이상",
      "content": "就算等级再高，他也只是T公司的员工，并不是那种概念……"
    },
    {
      "id": 4,
      "model": "이상",
      "content": "与他们继续争执下去的话，会发展成对抗整个T公司的状况……"
    },
    {
      "id": 5,
      "model": "T사4등급",
      "teller": "4级征收人员",
      "title": "T公司",
      "content": "立刻停止战斗。"
    },
    {
      "id": 6,
      "model": "T사4등급",
      "teller": "4级征收人员",
      "title": "T公司",
      "content": "如若拒绝合作，所有在场人员将被视为敌对势力并受到武力镇压……"
    },
    {
      "id": 7,
      "model": "료슈",
      "content": "呵呵……变得有趣起来了。"
    },
    {
      "id": 8,
      "model": "로쟈",
      "content": "啊……这样的话……"
    },
    {
      "id": 9,
      "model": "단테",
      "content": "<是时候轮到维吉里乌斯瞪着他那可怕的眼睛……从哪里……>"
    },
    {
      "id": 10,
      "model": "뫼르소",
      "content": "出现了。"
    },
    {
      "id": 11,
      "model": "그레고르",
      "content": "明明几天前还觉得和向导之间和谐的氛围能维持下去……可现在却觉得那是很遥远的事了。"
    },
    {
      "id": 12,
      "model": "로쟈",
      "content": "别用那种眼神盯着我们了，你听我们解释。真的是冤枉啊~这人可是突然要我们交出100亿眼啊~"
    },
    {
      "id": 13,
      "model": "T사2등급",
      "teller": "2级征收人员",
      "title": "T公司",
      "content": "共100亿4000万眼。"
    },
    {
      "id": 14,
      "model": "그레고르",
      "content": "你是在放录音吗？怎么老是说同样的话……"
    },
    {
      "id": 15,
      "model": "로쟈",
      "content": "关键是，怎么可能要交那么多税呢！明明我们比谁都善良守法……"
    },
    {
      "id": 16,
      "model": "돈키호테",
      "content": "吾一直活得堂堂正正！"
    },
    {
      "id": 17,
      "model": "로쟈",
      "content": "没错~！"
    },
    {
      "id": 18,
      "content": "就像听相声一样，维吉里乌斯静静地听着罪人们的喧闹声，慢慢开口。"
    },
    {
      "id": 19,
      "model": "베르길리우스",
      "content": "对，正如你们所说，100亿眼的税款听起来确实不太合理。不过。"
    },
    {
      "id": 20,
      "model": "베르길리우스",
      "content": "我还以为有人想得到呢，在道路中央挑起这种无意义的争斗会引发多大的麻烦。"
    },
    {
      "id": 21,
      "model": "그레고르",
      "content": "嗯……"
    },
    {
      "id": 22,
      "model": "베르길리우스",
      "content": "哈啊……"
    },
    {
      "id": 23,
      "content": "维吉里乌斯深深地叹了口气，然后转向了T公司的员工。"
    },
    {
      "id": 24,
      "model": "베르길리우스",
      "content": "对于这起事件引发的流血冲突，我们感到非常遗憾……"
    },
    {
      "id": 25,
      "model": "베르길리우스",
      "content": "然而，高达100亿眼的时间税……也实在让人难以接受。"
    },
    {
      "id": 26,
      "model": "베르길리우스",
      "content": "你们肯定也清楚，如此巨额的征税不是轻易就能在街头交付的。"
    },
    {
      "id": 27,
      "model": "베르길리우스",
      "content": "比起这样突然来征收时间税，我觉得你们应该先给我们解释一下这数字是怎么来的。"
    },
    {
      "id": 28,
      "model": "T사4등급",
      "teller": "4级征收人员",
      "title": "T公司",
      "content": "如此异常的征税报告实属罕见。我方也已意识到事态的严重性，目前所属辖区办公室召开的紧急会议正在准备中。"
    },
    {
      "id": 29,
      "model": "T사4등급",
      "teller": "4级征收人员",
      "title": "T公司",
      "content": "让我们移步所属辖区的征收所，进一步讨论此事发生的原因及解决方法吧。"
    }
  ]
}