{
  "dataList": [
    {
      "id": 0,
      "place": "附近的时间征收所",
      "content": "有关数额荒诞无稽的时间税的真相比想象中更轻易地被揭开了。"
    },
    {
      "id": 1,
      "model": "T사사무직",
      "teller": "2级 办公室员工",
      "title": "T公司",
      "content": "约一周前，我们在呼啸山庄宅邸观测到了未经事前许可的广域时间泄漏现象。因此产生了时间累进税。"
    },
    {
      "id": 2,
      "model": "그레고르",
      "content": "时间泄漏现象？"
    },
    {
      "id": 3,
      "model": "T사사무직",
      "teller": "2级 办公室员工",
      "title": "T公司",
      "content": "其意为特定空间内时间流动变慢的现象。那空间甚至还移动了一段时间。嗯……我们监测到了大约4小时左右的分量。"
    },
    {
      "id": 4,
      "model": "히스클리프2",
      "content": "……他们在说什么鬼话？"
    },
    {
      "id": 5,
      "model": "이상",
      "content": "特定空间内时间流动变慢意味着……啊。"
    },
    {
      "id": 6,
      "model": "이상",
      "content": "看来是指在宅邸中为了追上那个人，但丁将我们的动作加快的事情。"
    },
    {
      "id": 7,
      "model": "뫼르소",
      "content": "无法理解。执行经理的能力持续时间仅有不到30分钟。4小时为误算的概率很高。"
    },
    {
      "id": 8,
      "model": "이상",
      "content": "……"
    },
    {
      "id": 9,
      "model": "이상",
      "content": "不、不是。考虑到从宅邸出来时感受到违和感的原因……很有可能不是错误。"
    },
    {
      "id": 10,
      "model": "이상",
      "content": "但丁，你还记得吗？那时……"
    },
    {
      "id": 11,
      "content": "几天前……"
    },
    {
      "id": 12,
      "place": "过去，梅菲斯托费勒斯内部",
      "model": "뫼르소",
      "content": "……嗯。"
    },
    {
      "id": 13,
      "model": "돈키호테",
      "content": "啊！默尔索，每日~惯例出现了什么问题吗？"
    },
    {
      "id": 14,
      "content": "那是经历过呼啸山庄的各种骚乱后，大家都回到梅菲斯托费勒斯时发生的事。"
    },
    {
      "id": 15,
      "model": "히스클리프",
      "content": "……"
    },
    {
      "id": 16,
      "content": "虽然希斯克利夫忧郁的神情让周围罪人们的气氛也跟着沉静了下来，但堂吉诃德那一如既往不分场合的声音打破了这种氛围。"
    },
    {
      "id": 17,
      "model": "뫼르소",
      "content": "发现异常现象。"
    },
    {
      "id": 18,
      "model": "이상",
      "content": "……？"
    },
    {
      "id": 19,
      "model": "뫼르소",
      "content": "考虑到在宅邸度过的时间，提供给我们的应该是晨报，但这一份是晚报。"
    },
    {
      "id": 20,
      "model": "돈키호테",
      "content": "唔？莫非是一时失手的缘故？"
    },
    {
      "id": 21,
      "model": "뫼르소",
      "content": "这辆巴士有着持续性的报纸供应，并且总是在特定的时间收到晨报与晚报。"
    },
    {
      "id": 22,
      "model": "뫼르소",
      "content": "虽然有出现失误的可能，但可以认为这种事发生的概率极小。"
    },
    {
      "id": 23,
      "model": "이스마엘",
      "content": "啊，由于没有颜色，之前没注意到……原来那不是朝霞，而是晚霞啊。"
    },
    {
      "id": 24,
      "model": "돈키호테",
      "content": "居然！明明时间上应该是黎明……"
    },
    {
      "id": 25,
      "model": "이상",
      "content": "啊，我好像明白了。"
    },
    {
      "id": 26,
      "model": "히스클리프",
      "content": "……是那个吧。TT4协议。"
    },
    {
      "id": 27,
      "model": "단테",
      "content": "<……那是什么？>"
    },
    {
      "id": 28,
      "model": "히스클리프",
      "content": "时间速度同步装置……好像是这么叫的。"
    },
    {
      "id": 29,
      "model": "히스클리프",
      "content": "让大家在平等的时间里享受闲暇的豪华方案……？我曾看到过写着那种东西的小册子。"
    },
    {
      "id": 30,
      "model": "돈키호테",
      "content": "噢噢……？出现了太多不像希斯克利夫先生会说出口的高级词汇，不禁让吾感到很困惑！"
    },
    {
      "id": 31,
      "model": "히스클리프",
      "content": "……哈啊啊……"
    },
    {
      "id": 32,
      "model": "이상",
      "content": "意为让处于T、TT4协议运作场所的人们的时间以相同的速度流逝的装置。"
    },
    {
      "id": 33,
      "model": "돈키호테",
      "content": "原来如此……！诚然，看起来那么富有的人与吾等以相同的速度移动与交谈着实有些奇怪！"
    },
    {
      "id": 34,
      "model": "뫼르소",
      "content": "嗯。也就是说在宅邸内时间的流逝比外界快。"
    },
    {
      "id": 35,
      "model": "뫼르소",
      "content": "晚报的派发情况也就说得通了。"
    },
    {
      "id": 36,
      "model": "베르길리우스",
      "content": "不错，现在你们的好奇心被满足了，让你们去解决新的工作应该也没有任何异议了吧。"
    },
    {
      "id": 37,
      "model": "파우스트",
      "content": "从LCA接收到了新的有关扭曲跟踪的委托。具体而言……"
    },
    {
      "id": 38,
      "place": "附近的时间征收所",
      "model": "단테",
      "content": "<也就是说，在TT4协议中发动我的能力的话……>"
    },
    {
      "id": 39,
      "model": "이상",
      "content": "嗯……就相当于操纵了已经被加速的时间，在外面看来自然是泄漏了超出体感的时间。"
    },
    {
      "id": 40,
      "model": "T사사무직",
      "teller": "2级 办公室员工",
      "title": "T公司",
      "content": "你很了解呢。你们甚至不仅是以个人为单位，而是操纵了以空间为单位的时间。"
    },
    {
      "id": 41,
      "model": "T사사무직",
      "teller": "2级 办公室员工",
      "title": "T公司",
      "content": "甚至那个空间也以秒为单位持续移动……坦白地说，这种情况闻所未闻。"
    },
    {
      "id": 42,
      "model": "히스클리프2",
      "content": "我听说由于资金需求庞大，所以只在特定日子启动。比如客人特别多的时候……"
    },
    {
      "id": 43,
      "model": "T사사무직",
      "teller": "2级 办公室员工",
      "title": "T公司",
      "content": "时间累进税乘上每空间单位的附加税……自然会出现这种天文数字般的金额。"
    },
    {
      "id": 44,
      "model": "그레고르",
      "content": "我们也不知道会变成这样……"
    },
    {
      "id": 45,
      "model": "T사사무직",
      "teller": "2级 办公室员工",
      "title": "T公司",
      "content": "算了，总而言之。为了缴纳时间税，必须在两种方法中选择一种。"
    },
    {
      "id": 46,
      "model": "히스클리프2",
      "content": "不是。什么啊。方法……真的有吗？要怎么样才能拿出100亿眼啊……"
    },
    {
      "id": 47,
      "model": "T사사무직",
      "teller": "2级 办公室员工",
      "title": "T公司",
      "content": "第一种是用金钱缴纳，第二种是用时间缴纳……"
    },
    {
      "id": 48,
      "model": "로쟈",
      "content": "刚才也听过了，那个……用时间缴纳到底是什么意思？"
    },
    {
      "id": 49,
      "model": "T사사무직",
      "teller": "2级 办公室员工",
      "title": "T公司",
      "content": "那个……啊。"
    },
    {
      "id": 50,
      "content": "一脸不耐烦地想多说点什么的员工，对突如其来的通知音做出了反应……"
    },
    {
      "id": 51,
      "model": "T사사무직",
      "teller": "2级 办公室员工",
      "title": "T公司",
      "content": "……知道了。"
    },
    {
      "id": 52,
      "model": "T사사무직",
      "teller": "2级 办公室员工",
      "title": "T公司",
      "content": "接到联络了。有关今天事件的紧急会议已经准备完毕。边狱公司方面可以派遣两位人员入场。"
    },
    {
      "id": 53,
      "model": "단테",
      "content": "<啊……>"
    },
    {
      "id": 54,
      "model": "베르길리우스",
      "content": "没有必要担心地滴答，但丁。处理会议这种复杂的事务是我的工作。"
    },
    {
      "id": 55,
      "model": "베르길리우스",
      "content": "在我和他们开会的时候，你只需要好好管理罪人们就行了。啊，浮士德女士。你与我同行。"
    },
    {
      "id": 56,
      "model": "파우스트",
      "content": "好的。"
    },
    {
      "id": 57,
      "model": "베르길리우스",
      "content": "如果再次引起骚乱……"
    },
    {
      "id": 58,
      "model": "베르길리우스",
      "content": "会发生除了良秀外谁都不会喜欢的情况……请务必牢记于心。"
    },
    {
      "id": 59,
      "model": "료슈",
      "content": "嚯……"
    },
    {
      "id": 60,
      "model": "단테",
      "content": "<……>"
    },
    {
      "id": 61,
      "model": "이스마엘",
      "content": "还没有机会细问，他们就已经走了……"
    },
    {
      "id": 62,
      "model": "로쟈",
      "content": "在这可能关系到我们命运的事情上，就把我们弃之不顾……？"
    },
    {
      "id": 63,
      "model": "홍루",
      "content": "那个……虽然只是个微不足道的问题。"
    },
    {
      "id": 64,
      "model": "홍루",
      "content": "默尔索先生为何要站在绞刑架上呢？"
    },
    {
      "id": 65,
      "model": "단테",
      "content": "<什么？>"
    },
    {
      "id": 66,
      "model": "단테",
      "content": "<默尔索，你为什么要站在那上面？！>"
    },
    {
      "id": 67,
      "model": "뫼르소",
      "content": "我被告知要站在这里，所以就站上来了。"
    },
    {
      "id": 68,
      "model": "로쟈",
      "content": "谁让你……那么做的？"
    },
    {
      "id": 69,
      "model": "T사대표",
      "teller": "员工？",
      "title": "T公司",
      "content": "我！是我说的。我只是想帮忙解决时间税的问题。"
    },
    {
      "id": 70,
      "model": "단테",
      "content": "<员工们不是都去开会了吗？>"
    },
    {
      "id": 71,
      "model": "T사대표",
      "teller": "员工？",
      "title": "T公司",
      "content": "哇，居然是会走路的钟表！要是把你带到即将举办的博览会上，说不定还能拿个参与奖呢！"
    },
    {
      "id": 72,
      "model": "T사대표",
      "teller": "员工？",
      "title": "T公司",
      "content": "看到这钟，我就想起了几年前有人展出了一个带指南针的钟表。那东西连个参与奖都没拿到，知道为什么吗？因为用指南针的时候根本看不了时间。你敢相信吗？要么找方向，要么看时间，只能二选一！这跟在钟表上随便粘个指南针有什么区别呢，真是的……"
    },
    {
      "id": 73,
      "model": "로쟈",
      "content": "额……"
    },
    {
      "id": 74,
      "model": "T사대표",
      "teller": "员工？",
      "title": "T公司",
      "content": "哦，对了！这个办公室里正在试验运行TT5-2协议，如果有人的时间与每日标准时间不同，可能会感到有些困惑，所以请留意一下。"
    },
    {
      "id": 75,
      "model": "이스마엘",
      "content": "你……你说什么……？"
    },
    {
      "id": 76,
      "model": "T사대표",
      "teller": "员工？",
      "title": "T公司",
      "content": "看来你对TT5-2协议一无所知啊？嗯~TT5-2协议正如其名，是为了提高TT4协议的时间效率而设计的技术。目前只在T公司的少数几个办公室里试运行。如果你想留下对这个新技术的看法，可以在公告板上自由地写下来。等等，那个3分评价是谁写的？"
    },
    {
      "id": 77,
      "content": "尽管没有任何人回应他，那个我们猜测可能是T公司员工的人，却一个人滔滔不绝地继续说了下去。"
    },
    {
      "id": 78,
      "content": "我们谁也跟不上他说话的速度。"
    },
    {
      "id": 79,
      "model": "T사대표",
      "teller": "员工？",
      "title": "T公司",
      "content": "总之，如果你已经做好心理准备了，那我们就开工吧？"
    },
    {
      "id": 80,
      "model": "뫼르소",
      "content": "准备好了。"
    },
    {
      "id": 81,
      "model": "단테",
      "content": "<等等，不可以准备好吧……！>"
    },
    {
      "id": 82,
      "content": "从那台杀气腾腾的机器中伸出的绳索紧紧地缠住了默尔索的脖子。"
    },
    {
      "id": 83,
      "model": "싱클레어",
      "content": "这……难道就是用时间来缴税的方式吗？就是被吊在绞刑架上……？"
    },
    {
      "id": 84,
      "model": "T사대표",
      "teller": "员工？",
      "title": "T公司",
      "content": "正式的名称是时间秤绞刑架。它会准确测量出应缴纳的时间，并从你身上直接将其抽取掉。顺带一提，这并不是它最初的名字；只是因为有58个字的名字对于一个发明来说不太合适所以才改掉了。"
    },
    {
      "id": 85,
      "model": "단테",
      "content": "<所以谁来问一下默尔索会怎么样……>"
    },
    {
      "id": 86,
      "model": "뫼르소",
      "content": "……"
    },
    {
      "id": 87,
      "model": "싱클레어",
      "content": "默尔索先生会死吗？！"
    },
    {
      "id": 88,
      "model": "T사대표",
      "teller": "员工？",
      "title": "T公司",
      "content": "什么死啊！这台温和的机器怎么可能做出那种荒谬的事！不过……"
    },
    {
      "id": 89,
      "model": "이상",
      "content": "“不过”这个词一出口……往往预兆着更为可怕的结果……"
    },
    {
      "id": 90,
      "model": "T사대표",
      "teller": "员工？",
      "title": "T公司",
      "content": "其实我也不太清楚接下来会怎样。大概会从你朋友那儿抽取相当于100亿眼的时间吧？"
    },
    {
      "id": 91,
      "model": "오티스",
      "content": "把话说清楚。缴纳了时间会怎么样？"
    },
    {
      "id": 92,
      "model": "싱클레어",
      "content": "难道默尔索先生要被那样困住……直到100亿小时之后我们才能再见到他……"
    },
    {
      "id": 93,
      "model": "돈키호테",
      "content": "呜哇！"
    },
    {
      "id": 94,
      "model": "T사대표",
      "teller": "员工？",
      "title": "T公司",
      "content": "不至于。T公司有项名为每日四小时最低保障制度的政策！听起来很不错吧？哪怕是最差最差最差的情况，每个人一天都有至少四小时的生活权利。据T公司公共福利委员会所说，一天只要有至少四个小时，人就能维持基本的生存。"
    },
    {
      "id": 95,
      "model": "단테",
      "content": "<……>"
    },
    {
      "id": 96,
      "model": "T사대표",
      "teller": "员工？",
      "title": "T公司",
      "content": "哎呀，哎呀，哎呀……看来一次性抽取你朋友100亿4000万眼的时间确实太难了。看到了吗？它显示“测量错误”。这种情况几乎没出现过。"
    },
    {
      "id": 97,
      "model": "이스마엘",
      "content": "……等等，所以你只是出于好奇就做了吗？"
    },
    {
      "id": 98,
      "model": "T사대표",
      "teller": "员工？",
      "title": "T公司",
      "content": "嗯？那当然了！拖欠100亿眼的人我可是头一次见到，这种历史上空前的机会怎么能错过！就算你中了时间彩票大奖，税前都拿不到100亿眼，更不用说背上了100亿眼的巨债。你们这情况，简直是能放到博物馆展示的稀奇事。"
    },
    {
      "id": 99,
      "model": "T사대표",
      "teller": "员工？",
      "title": "T公司",
      "content": "而且迄今为止，我从未见过有谁欠下超过150小时的时间税还自愿走上绞刑架的。那些欠得更多的人通常会选择逃跑，然后反而浪费了更多时间。我真没想到，居然有欠了100亿眼的时间税还能从容走上去的人。"
    },
    {
      "id": 100,
      "model": "단테",
      "content": "<什么啊，那个人……>"
    },
    {
      "id": 101,
      "model": "돈키호테",
      "content": "睁开眼，默尔索！切莫放弃！"
    },
    {
      "id": 102,
      "model": "뫼르소",
      "content": "……"
    },
    {
      "id": 103,
      "model": "돈키호테",
      "content": "呜欸？！原、原来汝没事吗？"
    },
    {
      "id": 104,
      "model": "뫼르소",
      "content": "嗯，没事。"
    },
    {
      "id": 105,
      "model": "그레고르",
      "content": "总、总而言之，默尔索，你先快点从绞刑架上下来……怎么样？"
    },
    {
      "id": 106,
      "model": "베르길리우스",
      "content": "……"
    },
    {
      "id": 107,
      "model": "파우스트",
      "content": "……"
    },
    {
      "id": 108,
      "content": "掐准时机到场的两人表情看起来不是很好……"
    }
  ]
}