{
  "dataList": [
    {
      "id": 0,
      "place": "附近的时间征收所",
      "model": "단테",
      "content": "<虽然我明白你们的眼神在指责我放任那些罪人们再次肆意妄为，但我们也是有苦衷的……>"
    },
    {
      "id": 1,
      "model": "베르길리우스",
      "content": "……和他们谈完了。"
    },
    {
      "id": 2,
      "model": "이스마엘",
      "content": "进展如何？您已经说明了情况对吧？我们不会就这样要一起吊在那个让人笑不出来的绞刑架上吧？"
    },
    {
      "id": 3,
      "model": "베르길리우스",
      "content": "100亿眼……确实是个荒谬的数额。但这不意味着我们就能逃避责任。实际上，我们确实在没有达成双方协议的前提下享受了额外时间带来的好处。"
    },
    {
      "id": 4,
      "model": "파우스트",
      "content": "由于这是一个意外事件，我们也未能事先准备任何应对措施。"
    },
    {
      "id": 5,
      "model": "단테",
      "content": "<是啊，但当时根本没有时间给我们用来考虑……>"
    },
    {
      "id": 6,
      "content": "那个时候的情况真的十分紧急，因此被这样追究责任实在是有些令人沮丧。"
    },
    {
      "id": 7,
      "model": "오티스",
      "content": "如果一定要牺牲掉一个人，我希望您能采用更为有效的评价方法。"
    },
    {
      "id": 8,
      "model": "오티스",
      "content": "我已经为这种时候准备好了罪人绩效评估表。您可以在参考这张表最后一页额外意见的基础上……"
    },
    {
      "id": 9,
      "model": "베르길리우스",
      "content": "……我没有把谁丢下的打算。而且，100亿眼的债务，不是单靠一个人的牺牲就能偿还的。"
    },
    {
      "id": 10,
      "model": "단테",
      "content": "<……>"
    },
    {
      "id": 11,
      "model": "베르길리우스",
      "content": "但我们最终达成了一项妥协方案。就当你们在绞刑架前面打闹的时候。"
    },
    {
      "id": 12,
      "model": "단테",
      "content": "<那个……妥协方案是？>"
    },
    {
      "id": 13,
      "model": "파우스트",
      "content": "我们被委托处理扭曲。"
    },
    {
      "id": 14,
      "model": "그레고르",
      "content": "哈啊……看来我们公司在处理扭曲事件的名声已经传开了，大家开始认可我们了，是吧？"
    },
    {
      "id": 15,
      "model": "파우스트",
      "content": "虽然也委托过其他的收尾人和从业者，但每次都失败了，我们是他们找的第六家。"
    },
    {
      "id": 16,
      "model": "그레고르",
      "content": "嗯嗯……是这么回事吗……？"
    },
    {
      "id": 17,
      "model": "베르길리우스",
      "content": "不过我们的口碑开始传开了这件事……是无法否定的事实。"
    },
    {
      "id": 18,
      "model": "단테",
      "content": "<这次的委托是要处理什么样的扭曲？>"
    },
    {
      "id": 19,
      "model": "파우스트",
      "content": "据说T公司内连续发生了未解决事件。一部分人称其为……"
    },
    {
      "id": 20,
      "model": "파우스트",
      "content": "“时间杀人时间”。似乎已经出现好几个受害者了。"
    },
    {
      "id": 21,
      "model": "단테",
      "content": "<时间杀人时间……>"
    },
    {
      "id": 22,
      "model": "T사4등급",
      "teller": "4级征收人员",
      "title": "T公司",
      "content": "就像字面意思那样。"
    },
    {
      "id": 23,
      "model": "T사4등급",
      "teller": "4级征收人员",
      "title": "T公司",
      "content": "我们的时间被扭曲杀害了。"
    },
    {
      "id": 24,
      "model": "T사4등급",
      "teller": "4级征收人员",
      "title": "T公司",
      "content": "时间对于我们T公司来说即是资产。不管发生多少诸如抢劫时间的事情，我们总能通过被抢走的时间追踪罪犯，但是这次的“时间杀人时间”却是时间本身凭空消失，因而无法完成追踪，是没有先例的重大案件。"
    },
    {
      "id": 25,
      "model": "T사4등급",
      "teller": "4级征收人员",
      "title": "T公司",
      "content": "因此为了解决时间杀人时间，我们以免除时间税为条件委托你们捕获扭曲。"
    },
    {
      "id": 26,
      "model": "돈키호테",
      "content": "呼……终于又到来了吗……吾不得不挺身而出的时刻。"
    },
    {
      "id": 27,
      "model": "돈키호테",
      "content": "根据吾最近所研读的书中记载，接受T公司都市梦魇级别以上委托的侦探们，都会在调查期间被授予“特别搜查官徽章”！只要持有此物，调查所需的各类必要事务就畅通无阻了……"
    },
    {
      "id": 28,
      "model": "로쟈",
      "content": "侦探？"
    },
    {
      "id": 29,
      "model": "돈키호테",
      "content": "吾在说收尾人们的事！！"
    },
    {
      "id": 30,
      "model": "T사4등급",
      "teller": "4级征收人员",
      "title": "T公司",
      "content": "……我们是有分发徽章的打算。"
    },
    {
      "id": 31,
      "model": "돈키호테",
      "content": "呀吼！这可是吾最想拿来收藏的东西之一啊！如果顺利完成了这次委托，能否把徽章送给吾呢？分为收藏用，观赏用，传教用的话最少需要三个……"
    },
    {
      "id": 32,
      "model": "히스클리프2",
      "content": "够了，吵死了！还有其他要问的吗？快给我麻利点解决掉。我已经厌倦钱的问题了。"
    },
    {
      "id": 33,
      "model": "T사4등급",
      "teller": "4级征收人员",
      "title": "T公司",
      "content": "……"
    },
    {
      "id": 34,
      "model": "베르길리우스",
      "content": "你们的干劲值得赞扬。但是……希望先能听我说完。"
    },
    {
      "id": 35,
      "model": "베르길리우스",
      "content": "问题是，这些人……他们并不希望你们十三个人聚在一起吵闹着调查案件。"
    },
    {
      "id": 36,
      "model": "T사4등급",
      "teller": "4级征收人员",
      "title": "T公司",
      "content": "我不能让你们整组都在街上闲逛，并且浪费我们居民们的宝贵时间。"
    },
    {
      "id": 37,
      "model": "T사4등급",
      "teller": "4级征收人员",
      "title": "T公司",
      "content": "除此之外，“特别搜查官徽章”可不是T公司能随便发发的东西。我们不能给他们十三个人都发放徽章。"
    },
    {
      "id": 38,
      "model": "오티스",
      "content": "嗯，我对此部分同意。"
    },
    {
      "id": 39,
      "content": "从很久之前就开始主张削减罪人数量的奥提斯最先面露喜色。"
    },
    {
      "id": 40,
      "model": "오티스",
      "content": "我们总是背着没用的行李四处移动，更早之前就应该像这样减负了。"
    },
    {
      "id": 41,
      "model": "오티스",
      "content": "由精英成员奔赴现场解决问题，候补人员坐在巴士上待命就够了。"
    },
    {
      "id": 42,
      "model": "베르길리우스",
      "content": "看来深信着自己也包括在那些精英里面啊，奥提斯。"
    },
    {
      "id": 43,
      "model": "오티스",
      "content": "那是理所当然的……"
    },
    {
      "id": 44,
      "model": "이스마엘",
      "content": "先把梦话放在一边……那么有多少人得到了许可呢？"
    },
    {
      "id": 45,
      "model": "베르길리우스",
      "content": "嗯……"
    },
    {
      "id": 46,
      "content": "维吉里乌斯摆出了一副不满的样子。"
    },
    {
      "id": 47,
      "model": "베르길리우스",
      "content": "3个人。包括经理在内，4个人参加此次调查比较合适。"
    },
    {
      "id": 48,
      "model": "이스마엘",
      "content": "那么少吗……"
    },
    {
      "id": 49,
      "model": "베르길리우스",
      "content": "连这也是，在经历了许多争论之后达成的妥协方案。接受吧。"
    },
    {
      "id": 50,
      "model": "오티스",
      "content": "哼，明明我和经理两个人就足够了。何必……"
    },
    {
      "id": 51,
      "model": "단테",
      "content": "<那么……应该由我来……选择这3个人吗……>"
    },
    {
      "id": 52,
      "content": "许多双眼睛注视着我。虽然已经习惯这种视线了，但这种必须做出选择的情况下感到的视线与之前并不相同。"
    },
    {
      "id": 53,
      "model": "베르길리우스",
      "content": "看来经理正深陷烦恼的样子啊……在进行多余考量的时候时间也会无谓地流逝。"
    },
    {
      "id": 54,
      "model": "베르길리우스",
      "content": "首先如果自己有意愿就举手吧。马上。"
    },
    {
      "id": 55,
      "model": "돈키호테",
      "content": "到底有何烦恼的理由啊啊啊！"
    },
    {
      "id": 56,
      "model": "로쟈",
      "content": "这次就让我上吧？"
    },
    {
      "id": 57,
      "model": "히스클리프2",
      "content": "喂，没必要问我的意见吧！马上就去！"
    },
    {
      "id": 58,
      "model": "뫼르소",
      "content": "嗯……"
    },
    {
      "id": 59,
      "model": "그레고르",
      "content": "啊，我不是在举手而只是在擦眼镜哦……"
    },
    {
      "id": 60,
      "content": "这不是能够简单解决的问题。虽然从后门前往郊区的时候有过一次经验，但和少数罪人一起行动还是相当令人不安……"
    },
    {
      "id": 61,
      "model": "베르길리우스",
      "content": "真是愁人啊……唉。"
    },
    {
      "id": 62,
      "model": "베르길리우스",
      "content": "那边擅自决定的限制也很多，也没有用来一一说明并进行讨论的时间，所以这次就由我来在此即刻挑选吧，但丁。"
    },
    {
      "id": 63,
      "content": "实际上，每位罪人对我来说都是同等的，不过根据时间与场合的不同可能会需要不同的罪人相助……"
    },
    {
      "id": 64,
      "model": "베르길리우스",
      "content": "你在听吗，但丁？我说我会立刻帮你挑好人选。"
    },
    {
      "id": 65,
      "content": "也许我不该单单考虑他们的个人能力，也得综合一下他们在一起行动时能够发挥出的协同作用。这么说来，我记得罗佳曾在巴士上说过，12月出生的人和8月出生的人相性比较不合。还有……"
    },
    {
      "id": 66,
      "model": "베르길리우스",
      "content": "……参与此次事件调查的人……"
    },
    {
      "id": 67,
      "content": "能在协助我的同时冷静地观测事件，同时能清晰地做出判断，理性而迅速地解决问题的人……"
    },
    {
      "id": 68,
      "content": "有吗？"
    },
    {
      "id": 69,
      "content": "这种罪人真的存在吗？"
    },
    {
      "id": 70,
      "content": "但我还是不得不做出选择……"
    },
    {
      "id": 71,
      "content": "呃，唔……"
    },
    {
      "id": 72,
      "model": "단테",
      "content": "<唉呀，我决定了！我选浮士德！默尔索！李箱！>"
    },
    {
      "id": 73,
      "model": "베르길리우스",
      "content": "……罗佳，良秀，鸿璐。"
    },
    {
      "id": 74,
      "model": "단테",
      "content": "<……？>"
    },
    {
      "id": 75,
      "content": "啊？什么？"
    },
    {
      "id": 76,
      "model": "파우스트",
      "content": "但丁选择了我、默尔索先生和李箱先生。"
    },
    {
      "id": 77,
      "model": "베르길리우스",
      "content": "你没听到我说什么吗，但丁。"
    },
    {
      "id": 78,
      "model": "베르길리우스",
      "content": "浮士德女士需要跟我一起谈论一些关于未来行程的事，李箱由于曾在T公司内研发过违禁物品，所以在会议中就已经将其除名了。"
    },
    {
      "id": 79,
      "model": "베르길리우스",
      "content": "而默尔索连手都没有举。"
    },
    {
      "id": 80,
      "model": "뫼르소",
      "content": "没有自愿参加的理由。"
    },
    {
      "id": 81,
      "model": "이상",
      "content": "但丁，你的这份心意令人感动。我绝不会忘记的。"
    },
    {
      "id": 82,
      "model": "단테",
      "content": "<不、不是……这……>"
    },
    {
      "id": 83,
      "model": "오티스",
      "content": "……"
    },
    {
      "id": 84,
      "model": "단테",
      "content": "<奥、奥提斯……不是你想的那样，毕竟剩下来的这些罪人们需要一个能够有效管理他们的人……>"
    },
    {
      "id": 85,
      "model": "오티스",
      "content": "啊，是。"
    },
    {
      "id": 86,
      "content": "我把气氛搞得一团糟。"
    },
    {
      "id": 87,
      "content": "以及，我无法想象出一同行动的景象的那三人也在看着我。"
    },
    {
      "id": 88,
      "model": "로쟈",
      "content": "哇，只有三个人，这不正是引人注目的最佳人数吗~嗯哼？"
    },
    {
      "id": 89,
      "model": "단테",
      "content": "<罗佳我倒是能理解，但你们两个又是为什么自愿参加……？>"
    },
    {
      "id": 90,
      "model": "료슈",
      "content": "有·趣。预感。"
    },
    {
      "id": 91,
      "model": "홍루",
      "content": "体验经历当然是越丰富多样越好啦。"
    },
    {
      "id": 92,
      "model": "돈키호테",
      "content": "呜欸！"
    },
    {
      "id": 93,
      "content": "……堂吉诃德悲痛地垂下了头。"
    },
    {
      "id": 94,
      "model": "돈키호테",
      "content": "因为吾的身高与汝等相较稍显矮小，向导老爷才没能察觉到吾的满腔热忱吧……呜呜……"
    },
    {
      "id": 95,
      "content": "堂吉诃德声泪俱下地诉说着尽管自己最先举起了手，但维吉里乌斯却连看都没看她一眼。"
    },
    {
      "id": 96,
      "content": "当然，这肯定不是她落选的原因……"
    },
    {
      "id": 97,
      "model": "돈키호테",
      "content": "呜……这是……吾留下的最后遗产。"
    },
    {
      "id": 98,
      "model": "로쟈",
      "content": "这是什么？书……放大镜……还有衣服？"
    },
    {
      "id": 99,
      "model": "돈키호테",
      "content": "这是吾珍贵的收藏……请务必小心使用……"
    },
    {
      "id": 100,
      "model": "홍루",
      "content": "啊~不过，你怎么有三套衣服？"
    },
    {
      "id": 101,
      "model": "돈키호테",
      "content": "那当然是为了收藏用，观赏用，传教用，不是吗……？"
    },
    {
      "id": 102,
      "model": "로쟈",
      "content": "《搜查集 - 十三个谜题的解决方法》……这儿还有签名。作者阿加莎……"
    },
    {
      "id": 103,
      "model": "로쟈",
      "content": "话说阿加莎是谁？"
    },
    {
      "id": 104,
      "model": "돈키호테",
      "content": "什么？！曾是Seven协会代表性人物的一阶收尾人……汝等竟无人知晓吗？"
    },
    {
      "id": 105,
      "model": "그레고르",
      "content": "不认识的人才占大多数吧，堂吉诃德……"
    },
    {
      "id": 106,
      "model": "료슈",
      "content": "衣服。累赘。"
    },
    {
      "id": 107,
      "model": "돈키호테",
      "content": "但若是不穿上这些就无法成为名侦探了！！！看，这特殊的胡子，理应由名侦探队长所佩戴。"
    },
    {
      "id": 108,
      "model": "홍루",
      "content": "阿加莎女士在这本书的前言处写道，成为名侦探的基本资质之一就是衣着要整洁光鲜。"
    },
    {
      "id": 109,
      "model": "그레고르",
      "content": "让这些随风去吧，堂吉诃德……"
    },
    {
      "id": 110,
      "model": "그레고르",
      "content": "话说回来……哎，别人也就算了，为什么以实玛利小姐也在候补席呢？"
    },
    {
      "id": 111,
      "model": "이스마엘",
      "content": "什么候不候补的……我连手都没举。"
    },
    {
      "id": 112,
      "model": "이스마엘",
      "content": "你觉得有多少能在不违反公司规定的情况下得到合理休假的机会？"
    },
    {
      "id": 113,
      "model": "이스마엘",
      "content": "虽然在看到被选出的成员后我有点后悔……不过，要是实在没办法，可以等我休息一会之后再去帮忙。"
    },
    {
      "id": 114,
      "model": "이스마엘",
      "content": "那，我们……"
    },
    {
      "id": 115,
      "model": "로쟈",
      "content": "嘿。“精英”……能这样叫我们吗？"
    },
    {
      "id": 116,
      "model": "이스마엘",
      "content": "……在自称“精英”成员们在T公司内四处奔波的时候，我们也找个地方歇歇脚吧。"
    },
    {
      "id": 117,
      "model": "베르길리우스",
      "content": "真是遗憾。"
    },
    {
      "id": 118,
      "model": "베르길리우스",
      "content": "T公司并未给予其余罪人们自由活动的许可。"
    },
    {
      "id": 119,
      "model": "T사4등급",
      "teller": "4级征收人员",
      "title": "T公司",
      "content": "由于他们身负100亿眼的巨额负债，我方不能在毫无安全保障的情况下将其释放。"
    },
    {
      "id": 120,
      "model": "베르길리우스",
      "content": "……看起来，拖欠时间税的人们好像有一处单独的房间作为临时住所。"
    },
    {
      "id": 121,
      "content": "……维吉里乌斯指向一处这么说着，那地方无论怎么看都像拘留所一般。"
    },
    {
      "id": 122,
      "model": "오티스",
      "content": "……"
    },
    {
      "id": 123,
      "model": "오티스",
      "content": "向导。那就是你所称的房间吗？"
    },
    {
      "id": 124,
      "model": "이스마엘",
      "content": "我……要被关进……拘留所了？"
    },
    {
      "id": 125,
      "model": "싱클레어",
      "content": "就是成为人质……的意思吧……"
    },
    {
      "id": 126,
      "model": "로쟈",
      "content": "总有一天这都会变成美好的回忆吧，那么我们走啦~好好看家哦~"
    },
    {
      "id": 127,
      "model": "히스클리프2",
      "content": "至少这监狱里还有点供暖……啊。"
    },
    {
      "id": 128,
      "model": "히스클리프2",
      "content": "但要是那群家伙不回来了会怎么样？"
    },
    {
      "id": 129,
      "model": "그레고르",
      "content": "这个嘛……也许在这待够100亿眼的时间之后，我们就能再相会吧……"
    },
    {
      "id": 130,
      "model": "오티스",
      "content": "……什么？！？！？！"
    },
    {
      "id": 131,
      "model": "오티스",
      "content": "喂！快回来！在这等着的时间都够在织机前编完一件超长织物了！"
    },
    {
      "id": 132,
      "model": "단테",
      "content": "<冷静点，我们会及时赶回来的……>"
    },
    {
      "id": 133,
      "model": "돈키호테",
      "content": "请成为名侦探然后凯旋吧，要将吾的话牢记于心啊啊啊！！！"
    },
    {
      "id": 134,
      "content": "在领到堂吉诃德所说的特别搜查官徽章后，随着我走向大门，身后的尖叫与高亢的声音也飘得越来越远……"
    },
    {
      "id": 135,
      "content": "有时，能听到谁在摇晃铁栏杆的声音，这让我稍稍感到心痛。"
    },
    {
      "id": 136,
      "model": "T사대표",
      "teller": "员工？",
      "title": "T公司",
      "content": "那么，出发吧？我们去见见第三位受害者！根据这份案件卷宗……啊哈，就在这儿。距离不远。"
    },
    {
      "id": 137,
      "model": "탐정로쟈",
      "content": "……诶？"
    },
    {
      "id": 138,
      "model": "T사대표",
      "teller": "员工？",
      "title": "T公司",
      "content": "“诶”个什么。案卷上写着，最初两起案件的受害者无受审能力。真是太可惜了。"
    },
    {
      "id": 139,
      "model": "탐정로쟈",
      "content": "不不，我想说……为什么你还要形影不离地跟着我们？我们不需要陪同人员，去去。"
    },
    {
      "id": 140,
      "model": "T사4등급",
      "teller": "4级征收人员",
      "title": "T公司",
      "content": "不，那是预定被分配到你们队伍中的人员。"
    },
    {
      "id": 141,
      "model": "T사4등급",
      "teller": "4级征收人员",
      "title": "T公司",
      "content": "我方计划派出一名内部员工加入队伍，以便及时收到进展报告。"
    },
    {
      "id": 142,
      "model": "탐정료슈",
      "content": "肮脏且纠缠不休。"
    },
    {
      "id": 143,
      "model": "T사4등급",
      "teller": "4级征收人员",
      "title": "T公司",
      "content": "……我方本计划派出一名2级人员，但你……"
    },
    {
      "id": 144,
      "model": "T사대표",
      "teller": "员工？",
      "title": "T公司",
      "content": "我？我是5级的。看到这名牌没？"
    },
    {
      "id": 145,
      "content": "这位喋喋不休的员工一边说着，一边从口袋里取出一枚闪闪发光的徽章进行展示。"
    },
    {
      "id": 146,
      "model": "T사4등급",
      "teller": "4级征收人员",
      "title": "T公司",
      "content": "……请、请原谅我的有眼无珠。毕竟很少有5级监察人员造访此处……"
    },
    {
      "id": 147,
      "model": "탐정로쟈",
      "content": "5级……？就那个家伙？"
    },
    {
      "id": 148,
      "model": "탐정홍루",
      "content": "5级的话，在公司员工里属于是最高级别了吧？"
    },
    {
      "id": 149,
      "model": "탐정로쟈",
      "content": "嗯……据我所知应该是这样的。"
    },
    {
      "id": 150,
      "model": "T사대표",
      "teller": "5级监察人员？",
      "title": "T公司",
      "content": "诶~也不全是这样的。根据巢的不同这种事也会有所不同。可能还有12级或者20级员工之类的地方吧？"
    },
    {
      "id": 151,
      "model": "T사대표",
      "teller": "5级监察人员？",
      "title": "T公司",
      "content": "好，这样就解决了吧？没什么问题了吧？那我们走吧。"
    },
    {
      "id": 152,
      "content": "我们目瞪口呆地看着先行一步打开大门出去的员工，随后匆匆地跟着他离开了征收所。"
    },
    {
      "id": 153,
      "place": "T公司小巷 某处",
      "model": "T사대표",
      "teller": "5级监察人员？",
      "title": "T公司",
      "content": "不觉得很厉害吗？所谓的时间杀人。他们超越了减速或是加速时间的范畴，而是就那么把时间抽走了。"
    },
    {
      "id": 154,
      "model": "탐정로쟈",
      "content": "所以……你的名字是……"
    },
    {
      "id": 155,
      "model": "탐정로쟈",
      "content": "麦？"
    },
    {
      "id": 156,
      "model": "T사대표",
      "teller": "麦",
      "title": "T公司",
      "content": "要怎么叫我随你们开心~名字什么的根本不重要吧。"
    },
    {
      "id": 157,
      "model": "탐정료슈",
      "content": "不。名字很重要。"
    },
    {
      "id": 158,
      "model": "단테",
      "content": "<话虽如此，我从来没听你叫过别人名字……>"
    },
    {
      "id": 159,
      "model": "탐정로쟈",
      "content": "明明就是来监视我们的，还说什么随我们开心……"
    },
    {
      "id": 160,
      "model": "T사대표",
      "teller": "麦",
      "title": "T公司",
      "content": "也是……那好，这样吧！"
    },
    {
      "id": 161,
      "model": "T사대표",
      "teller": "麦",
      "title": "T公司",
      "content": "你们啊~穿着侦探制服，那就把我当成协助你们的助手怎么样？"
    },
    {
      "id": 162,
      "model": "탐정로쟈",
      "content": "就算你这么说……"
    },
    {
      "id": 163,
      "content": "就在罗佳准备反驳的瞬间，一直呆望着空气抽着烟的良秀突然开了口。"
    },
    {
      "id": 164,
      "model": "탐정료슈",
      "content": "助手。带路。"
    },
    {
      "id": 165,
      "model": "T사대표",
      "teller": "助手",
      "title": "T公司",
      "content": "得令~"
    },
    {
      "id": 166,
      "model": "탐정홍루",
      "content": "请问一下，助手和仆人有何区别？以前雇佣来我家里工作的人们啊……"
    },
    {
      "id": 167,
      "model": "단테",
      "content": "<他们适应得也太快了……>"
    }
  ]
}