{
  "dataList": [
    {
      "id": 0,
      "place": "T公司钟表工厂",
      "model": "T사대표",
      "teller": "助手",
      "title": "T公司",
      "content": "本次事件的受害者是这家钟表工厂的……"
    },
    {
      "id": 1,
      "model": "탐정로쟈",
      "content": "慢着……！"
    },
    {
      "id": 2,
      "model": "탐정로쟈",
      "content": "看那非比寻常的服饰，精心打扮的胡子……受害者是这家工厂的厂长。对吧，助手？"
    },
    {
      "id": 3,
      "model": "T사대표",
      "teller": "助手",
      "title": "T公司",
      "content": "正确，侦探小姐。"
    },
    {
      "id": 4,
      "model": "탐정홍루",
      "content": "旗开得胜。"
    },
    {
      "id": 5,
      "model": "탐정로쟈",
      "content": "呼呼。"
    },
    {
      "id": 6,
      "model": "탐정로쟈",
      "content": "咳咳，我们是为解决时间杀人时间而来……"
    },
    {
      "id": 7,
      "model": "범블",
      "teller": "某钟表工厂厂长",
      "title": "T公司",
      "content": "#@$@$#(*&$^&*#&*^@!!@@$#@$?"
    },
    {
      "id": 8,
      "model": "탐정로쟈",
      "content": "你……你在说什么？"
    },
    {
      "id": 9,
      "model": "탐정료슈",
      "content": "良秀。侦探。"
    },
    {
      "id": 10,
      "model": "탐정홍루",
      "content": "这是位语速非常快的人呢。比默尔索先生之前吃了炸鸡后抒发感想时的语速还要快呢。"
    },
    {
      "id": 11,
      "model": "범블",
      "teller": "某钟表工厂厂长",
      "title": "T公司",
      "content": "#@$@$#!%!#%#@!@#$#%^!#$@#@#!@$#@$!!!"
    },
    {
      "id": 12,
      "content": "他怎么讲得这么快……？就像是被快进了一样，让人完全听不清他在说什么。"
    },
    {
      "id": 13,
      "model": "T사대표",
      "teller": "助手",
      "title": "T公司",
      "content": "那个人拥有很多时间。"
    },
    {
      "id": 14,
      "model": "탐정로쟈",
      "content": "拥有很多时间是什么意思？"
    },
    {
      "id": 15,
      "model": "T사대표",
      "teller": "助手",
      "title": "T公司",
      "content": "T公司居民的一天平均有20到28小时，但偶尔也会有像他这样很有钱的人。一天持有的时间多达四五十个小时……这样一来，对于时间比较少的人来说，他们看上去就相对更快。这种人没准可以假装挠挠而偷偷挖鼻子不被发现。"
    },
    {
      "id": 16,
      "model": "탐정로쟈",
      "content": "噫恶……"
    },
    {
      "id": 17,
      "model": "범블",
      "teller": "某钟表工厂厂长",
      "title": "T公司",
      "content": "#@$@(*%(*#^@))$&*^@%<@$!!!"
    },
    {
      "id": 18,
      "model": "탐정료슈",
      "content": "……"
    },
    {
      "id": 19,
      "content": "我迅速给罗佳使了个眼色。这场对话要是再继续下去，恐怕那个厂长就要被良秀折·脖了。"
    },
    {
      "id": 20,
      "content": "虽说是使眼色，但我其实也只是晃了晃我头上的火焰而已。"
    },
    {
      "id": 21,
      "model": "탐정로쟈",
      "content": "那个，可以请你再稍微放慢点语速吗？不然你可能要再次以受害者的身份被发现了呢……也许这次是以断气了的状态……"
    },
    {
      "id": 22,
      "content": "他以极快的速度焦急地左右摇晃着脑袋，然后取出了一个录音机开始重播他说过的话。"
    },
    {
      "id": 23,
      "model": "범블",
      "teller": "钟表工厂厂长",
      "title": "T公司",
      "content": "你们好喔。我是在T公司经营这家钟表工厂的班布尔呢。"
    },
    {
      "id": 24,
      "model": "범블",
      "teller": "班布尔",
      "title": "T公司",
      "content": "为了能够互相沟通只能选择这种方法啦，还请您谅解嘞。"
    },
    {
      "id": 25,
      "model": "범블",
      "teller": "班布尔",
      "title": "T公司",
      "content": "我的一天里有52个小时嘞。虽然最多的时候买过一天100个小时呢，但最近工厂的经济情况有些不良诶。"
    },
    {
      "id": 26,
      "model": "탐정로쟈",
      "content": "五……五十二个小时？！"
    },
    {
      "id": 27,
      "model": "범블",
      "teller": "班布尔",
      "title": "T公司",
      "content": "我这里听大家说话都是慢吞吞的嘞。虽然有些着急呀，但是毕竟是帮忙解决这件事的各位侦探呢，我不会计较那么多的喔。"
    },
    {
      "id": 28,
      "model": "탐정로쟈",
      "content": "等等。一天有52个小时，那是怎样的人生啊？"
    },
    {
      "id": 29,
      "model": "범블",
      "teller": "班布尔",
      "title": "T公司",
      "content": "那可真是丰富而充实的人生呢。我可以比大家多做很多事情喔。比如，保持充足的睡眠，从而使皮肤变得极其光滑细腻欸……要来摸摸看吗啊？"
    },
    {
      "id": 30,
      "content": "为了证明他真的能多做很多事情，班布尔在我们听录音讨论的时候，把确认文件和通电话……甚至刷牙都完成了。"
    },
    {
      "id": 31,
      "model": "탐정료슈",
      "content": "不·关。说重点。"
    },
    {
      "id": 32,
      "model": "범블",
      "teller": "班布尔",
      "title": "T公司",
      "content": "那是某个傍晚的事情了呀。"
    },
    {
      "id": 33,
      "model": "범블",
      "teller": "班布尔",
      "title": "T公司",
      "content": "那天我像往常一样匆忙地赶着路嘞。因为有一个重要的约定哇。"
    },
    {
      "id": 34,
      "model": "범블",
      "teller": "班布尔",
      "title": "T公司",
      "content": "然后突然间……！"
    },
    {
      "id": 35,
      "model": "탐정로쟈",
      "content": "就被袭击了？！"
    },
    {
      "id": 36,
      "model": "범블",
      "teller": "班布尔",
      "title": "T公司",
      "content": "没有哦。是我想起了我切好放在家里桌上的培根哟~本来打算拿23区的紫色食盐腌一下的呢~！"
    },
    {
      "id": 37,
      "model": "탐정홍루",
      "content": "是我家中的二姑母经常用的盐呢。"
    },
    {
      "id": 38,
      "model": "탐정료슈",
      "content": "重点。"
    },
    {
      "id": 39,
      "model": "범블",
      "teller": "班布尔",
      "title": "T公司",
      "content": "啊啊，然后在我一边看着钟塔上的时间一边烦恼着要不要回家的瞬间呀……"
    },
    {
      "id": 40,
      "model": "범블",
      "teller": "班布尔",
      "title": "T公司",
      "content": "就被时间杀人魔突然袭击了哦。"
    },
    {
      "id": 41,
      "model": "탐정료슈",
      "content": "钟塔？"
    },
    {
      "id": 42,
      "model": "T사대표",
      "teller": "助手",
      "title": "T公司",
      "content": "在T公司，每片区域都设有可以确认以A公司时间为基准时间的12座钟塔。每个人拥有的时间都不一样，所以每天都要校准自己钟表的时间呀。想知道准确时间的话就只能看钟塔了。"
    },
    {
      "id": 43,
      "model": "탐정료슈",
      "content": "嚯……"
    },
    {
      "id": 44,
      "model": "탐정홍루",
      "content": "真是不可思议呢~"
    },
    {
      "id": 45,
      "model": "탐정로쟈",
      "content": "那个真的有那么重要吗？让我看看，总之……先跟我说说特征？"
    },
    {
      "id": 46,
      "model": "범블",
      "teller": "班布尔",
      "title": "T公司",
      "content": "唔，大概……穿着西服……"
    },
    {
      "id": 47,
      "model": "탐정로쟈",
      "content": "嗯……西服吗……配上时间杀人魔这名字还蛮帅的嘛。"
    },
    {
      "id": 48,
      "model": "범블",
      "teller": "班布尔",
      "title": "T公司",
      "content": "那可是价值约5800万眼的西服哟。虽然是定制的但是穿起来意外地很舒服哇。"
    },
    {
      "id": 49,
      "model": "탐정로쟈",
      "content": "嗯……？"
    },
    {
      "id": 50,
      "model": "범블",
      "teller": "班布尔",
      "title": "T公司",
      "content": "还长得很帅而且留着细细的小胡子哦。"
    },
    {
      "id": 51,
      "model": "탐정로쟈",
      "content": "那个，我没问你的特征……"
    },
    {
      "id": 52,
      "model": "탐정료슈",
      "content": "离折·脖还有一次。"
    },
    {
      "id": 53,
      "model": "범블",
      "teller": "班布尔",
      "title": "T公司",
      "content": "啊~那个人呀……"
    },
    {
      "id": 54,
      "model": "범블",
      "teller": "班布尔",
      "title": "T公司",
      "content": "我记不太清了呃。总之就是眨眼间过来袭击了我……"
    },
    {
      "id": 55,
      "model": "탐정료슈",
      "content": "时间被谋杀的瞬间，是什么感觉？有感到痛苦吗？"
    },
    {
      "id": 56,
      "model": "단테",
      "content": "<那种事情不该笑着问吧……>"
    },
    {
      "id": 57,
      "model": "범블",
      "teller": "班布尔",
      "title": "T公司",
      "content": "没有哇。只是……"
    },
    {
      "id": 58,
      "model": "범블",
      "teller": "班布尔",
      "title": "T公司",
      "content": "转眼间100个小时就这样消失了呀。因为这种事错过了重要的约定，我蒙受的损失可不是一星半点哟！"
    },
    {
      "id": 59,
      "model": "탐정로쟈",
      "content": "欸！100个小时也就是整整一周就那么消失了吗？"
    },
    {
      "id": 60,
      "model": "범블",
      "teller": "班布尔",
      "title": "T公司",
      "content": "欸？不是哦。对我来说100小时差不多就是两天咯。但是，就算这样我也损失重大呢。"
    },
    {
      "id": 61,
      "model": "T사대표",
      "teller": "助手",
      "title": "T公司",
      "content": "挖走时间什么的，有那种发明的话，别说今年的发明家奖了，变成暴发户也是有可能的呢。感觉奖金很可观哦。T公司对发明家们的奖励可是很积极的。"
    },
    {
      "id": 62,
      "model": "T사대표",
      "teller": "助手",
      "title": "T公司",
      "content": "以前T公司的代表亲自颁奖。那个人原本也是发明家，所以有点把那人的精神传承下去的意味呢。我亲眼见过他，还要到了签名哟？"
    },
    {
      "id": 63,
      "model": "탐정로쟈",
      "content": "所以，助手……犯人是获奖发明家的其中之一吗？"
    },
    {
      "id": 64,
      "model": "T사대표",
      "teller": "助手",
      "title": "T公司",
      "content": "话说回来，所有发明都必须在T公司的技术局登记。啊，也可能有一些例外。比如之前，有个叫九人会的团体持有未登记的发明。整个T公司上下都被翻了个底朝天哇~大家为了抓住他们总是在四处奔波，还要参加会议什么的，而我就……"
    },
    {
      "id": 65,
      "model": "탐정홍루",
      "content": "居然闹得那么大吗？李箱先生……一定过得艰难吧。"
    },
    {
      "id": 66,
      "model": "탐정로쟈",
      "content": "等等，然后呢？技术局有登记过那种发明吗？"
    },
    {
      "id": 67,
      "model": "T사대표",
      "teller": "助手",
      "title": "T公司",
      "content": "没有哦。我也是第一次见到。"
    },
    {
      "id": 68,
      "model": "탐정로쟈",
      "content": "哈……你早说啊……"
    },
    {
      "id": 69,
      "model": "단테",
      "content": "<也许这只是扭曲的力量呢……>"
    },
    {
      "id": 70,
      "content": "另一边，我看出良秀完全没有听我们说的话。她只是从窗户眺望着工厂外面，一边吸着烟，一边吐出一句话。"
    },
    {
      "id": 71,
      "model": "탐정료슈",
      "content": "没有凶手，也没有尸体。"
    },
    {
      "id": 72,
      "model": "단테",
      "content": "<当然了……又没有人死去，我们现在正要开始寻找杀人魔呢。>"
    },
    {
      "id": 73,
      "model": "탐정홍루",
      "content": "犯人会是谁呢？"
    },
    {
      "id": 74,
      "model": "범블",
      "teller": "班布尔",
      "title": "T公司",
      "content": "难道那个人是在觊觎我帅气的西服哦！"
    },
    {
      "id": 75,
      "model": "탐정료슈",
      "content": "驳回。你那西服真丑。"
    },
    {
      "id": 76,
      "model": "범블",
      "teller": "班布尔",
      "title": "T公司",
      "content": "欸……"
    },
    {
      "id": 77,
      "model": "탐정료슈",
      "content": "还有……要是我打算杀了你的话……"
    },
    {
      "id": 78,
      "model": "범블",
      "teller": "班布尔",
      "title": "T公司",
      "content": "我……我吗？为什么哇？"
    },
    {
      "id": 79,
      "model": "탐정료슈",
      "content": "就必须移动得和你一样快。"
    },
    {
      "id": 80,
      "model": "탐정료슈",
      "content": "不然就没法准确命中要害。"
    },
    {
      "id": 81,
      "content": "良秀先是慢慢地走着，突然猛地提高速度向他冲了过去。"
    },
    {
      "id": 82,
      "content": "班布尔吓得连忙后退，可即使持有的时间有差距，良秀仍然先一步挥舞起刀鞘架在了班布尔的脖子上。"
    },
    {
      "id": 83,
      "model": "범블",
      "teller": "班布尔",
      "title": "T公司",
      "content": "啊呀！"
    },
    {
      "id": 84,
      "model": "탐정료슈",
      "content": "……就像这样。"
    },
    {
      "id": 85,
      "model": "단테",
      "content": "<……！>"
    },
    {
      "id": 86,
      "model": "탐정로쟈",
      "content": "哇啊……我刚刚真的以为他要被刀鞘砍了……"
    },
    {
      "id": 87,
      "model": "탐정홍루",
      "content": "如果那样的话，就当犯人是良秀小姐，把事件解决吧~"
    },
    {
      "id": 88,
      "model": "범블",
      "teller": "班布尔",
      "title": "T公司",
      "content": "吓……吓死人了哇！"
    },
    {
      "id": 89,
      "model": "범블",
      "teller": "班布尔",
      "title": "T公司",
      "content": "这样想的话唔……那家伙应该是没有击中我的要害哦……"
    },
    {
      "id": 90,
      "model": "범블",
      "teller": "班布尔",
      "title": "T公司",
      "content": "他好像就是像刚才那样突然出现了哟……"
    },
    {
      "id": 91,
      "model": "T사대표",
      "teller": "助手",
      "title": "T公司",
      "content": "原来如此，所以他并不是随机袭击目标。"
    },
    {
      "id": 92,
      "model": "탐정료슈",
      "content": "一开始鬼·胡就被盯上了。"
    },
    {
      "id": 93,
      "model": "단테",
      "content": "<……>"
    },
    {
      "id": 94,
      "content": "辛克莱缺席而留下的空洞比我想象中要大得多。"
    },
    {
      "id": 95,
      "model": "탐정료슈",
      "content": "鬼话连篇的胡子佬……的意思。啧，那家伙不在真是不方便。"
    },
    {
      "id": 96,
      "model": "범블",
      "teller": "班布尔",
      "title": "T公司",
      "content": "不可能呐……说到底根本没有人会恨我哇……"
    },
    {
      "id": 97,
      "model": "단테",
      "content": "<似乎很有可能呢……>"
    },
    {
      "id": 98,
      "model": "범블",
      "teller": "班布尔",
      "title": "T公司",
      "content": "也有可能是羡慕我有这样的西服啦，想试穿一下哟！"
    },
    {
      "id": 99,
      "model": "탐정홍루",
      "content": "也有可能是那群员工中的一人？"
    },
    {
      "id": 100,
      "model": "탐정홍루",
      "content": "阿加莎女士的书中有写……犯人总是近在咫尺！"
    },
    {
      "id": 101,
      "content": "虽然不知道堂吉诃德给我们的书到底有没有用，但从刚才开始就看到鸿璐拿出来读了好几次，看来很有趣。"
    },
    {
      "id": 102,
      "content": "……回巴士之后我也读读看吧。"
    },
    {
      "id": 103,
      "model": "탐정로쟈",
      "content": "说不定有用……！"
    },
    {
      "id": 104,
      "model": "탐정로쟈",
      "content": "所以犯人是！"
    },
    {
      "id": 105,
      "model": "탐정로쟈",
      "content": "因为太恨厂长，所以想要夺走他的时间！"
    },
    {
      "id": 106,
      "model": "범블",
      "teller": "班布尔",
      "title": "T公司",
      "content": "不不不呀。那种事情不可能的啦。如你所见哇……"
    },
    {
      "id": 107,
      "model": "탐정로쟈",
      "content": "怎……怎么了？那些人……"
    },
    {
      "id": 108,
      "model": "탐정로쟈",
      "content": "在以……非常慢的速度工作？"
    },
    {
      "id": 109,
      "model": "T사대표",
      "teller": "助手",
      "title": "T公司",
      "content": "啊，那样的工人一天有十小时左右的时间。就算如此，大部分时间也都要在工厂里度过。"
    },
    {
      "id": 110,
      "model": "탐정로쟈",
      "content": "……诶？"
    },
    {
      "id": 111,
      "model": "범블",
      "teller": "班布尔",
      "title": "T公司",
      "content": "各位呀，这个月的生产量只比上个月增加了13%了啦！我不是说过很多次了嘛，这样就不能留下足够的利润呀！"
    },
    {
      "id": 112,
      "content": "班布尔焦急地叫着。工人们为了能做出仰视班布尔这一简单的动作，必须要抬头很长一段时间。"
    },
    {
      "id": 113,
      "model": "감속더미",
      "teller": "工厂的工人",
      "title": "T公司",
      "content": "但……是……厂……长……我……们……已……经……不……能……再……快……了……"
    },
    {
      "id": 114,
      "model": "범블",
      "teller": "班布尔",
      "title": "T公司",
      "content": "啊真是的，烦死了呐！有动嘴的时间不如给我多组装一些出来喔呀。"
    },
    {
      "id": 115,
      "model": "범블",
      "teller": "班布尔",
      "title": "T公司",
      "content": "$#%%><*()(&*&^(&%*(&$#^$^%!"
    },
    {
      "id": 116,
      "model": "범블",
      "teller": "班布尔",
      "title": "T公司",
      "content": "本来齿轮的采购突然中断就已经让我担心得要死了哇！"
    },
    {
      "id": 117,
      "model": "범블",
      "teller": "班布尔",
      "title": "T公司",
      "content": "$#%#$^$#^$$#(&*^%$&^*(&&><%#^!"
    },
    {
      "id": 118,
      "content": "多亏了旁边的录音机，我们才能听懂他的话，但实际上他说得太快了，所以没有人能听懂他的话。"
    },
    {
      "id": 119,
      "model": "탐정로쟈",
      "content": "那个……班布尔先生。"
    },
    {
      "id": 120,
      "model": "탐정로쟈",
      "content": "你知道吗？你说的话，对那些人来说……实在太快了。到底怎么才能听得懂呢？"
    },
    {
      "id": 121,
      "model": "범블",
      "teller": "班布尔",
      "title": "T公司",
      "content": "何出此言，是他们太慢了呃。在这个繁忙劳碌的都市里，只有像我这样迅速且利落地生活的人才能获得成功噢！"
    },
    {
      "id": 122,
      "model": "탐정로쟈",
      "content": "什么……这本来就说不通吧……"
    },
    {
      "id": 123,
      "model": "탐정로쟈",
      "content": "这些时间不足且如此迟缓的人们该怎样……迅速且利落地活下去呢？"
    },
    {
      "id": 124,
      "model": "단테",
      "content": "<罗佳，无论如何……>"
    },
    {
      "id": 125,
      "model": "단테",
      "content": "<像他那样的人是无法理解你说的话的。他是在T公司出生长大的人……>"
    },
    {
      "id": 126,
      "model": "탐정로쟈",
      "content": "……"
    },
    {
      "id": 127,
      "model": "탐정로쟈",
      "content": "助手，你也是5级员工吧？你认为那是正常的吗？"
    },
    {
      "id": 128,
      "model": "T사대표",
      "teller": "助手",
      "title": "T公司",
      "content": "正常？"
    },
    {
      "id": 129,
      "model": "T사대표",
      "teller": "助手",
      "title": "T公司",
      "content": "难道侦探大人要把都市所有的巢都巡视一遍？从A公司到Z公司的巢为止？"
    },
    {
      "id": 130,
      "model": "탐정로쟈",
      "content": "不是那样……但是……"
    },
    {
      "id": 131,
      "model": "T사대표",
      "teller": "助手",
      "title": "T公司",
      "content": "你有这样想过吗？所谓正常，其实有可能是正在受苦的人们虚构的幻想。"
    },
    {
      "id": 132,
      "model": "T사대표",
      "teller": "助手",
      "title": "T公司",
      "content": "也就是说啊，不管是哪个巢，都是存在痛苦的。"
    },
    {
      "id": 133,
      "model": "탐정로쟈",
      "content": "哈。至少我看出来了，对于一天有50个小时的班布尔先生来说，痛苦是不存在的东西。"
    },
    {
      "id": 134,
      "model": "범블",
      "teller": "班布尔",
      "title": "T公司",
      "content": "好过分哟，我也是有所谓的痛苦的哦。"
    },
    {
      "id": 135,
      "model": "범블",
      "teller": "班布尔",
      "title": "T公司",
      "content": "我明明在焦急地等着某件事情完成啦，但时间却迟迟没有变化呀，真是让人不耐烦哇。"
    },
    {
      "id": 136,
      "content": "班布尔这样说着，同时仔细地捻着自己的胡子和头发，轻轻地抚摸着自己的外套。"
    }
  ]
}