{
  "dataList": [
    {
      "id": 0,
      "place": "T公司钟表工厂",
      "model": "탐정홍루",
      "content": "转换一下思路吧。"
    },
    {
      "id": 1,
      "model": "탐정홍루",
      "content": "罗佳小姐，你觉得讨厌富人的……通常都是什么样的人呢？"
    },
    {
      "id": 2,
      "model": "탐정홍루",
      "content": "不过家人要除外。如果我真的突然离奇身亡了，那么凶手肯定是我家人中的一个。不然就是希斯克利夫先生……吧？呼呼。"
    },
    {
      "id": 3,
      "model": "단테",
      "content": "<……真是个危险的玩笑。>"
    },
    {
      "id": 4,
      "model": "탐정로쟈",
      "content": "犯人直奔班布尔先生而去……但这里的员工们无法那样快速行动。他们身上也没有扭曲的迹象。"
    },
    {
      "id": 5,
      "model": "탐정료슈",
      "content": "是啊，如果犯人在这群蜗牛之中的话，钟表头应该早就发现了。"
    },
    {
      "id": 6,
      "model": "탐정로쟈",
      "content": "那么犯人就是……没有太多时间的，对T公司的时间富翁们不满的外部人员。"
    },
    {
      "id": 7,
      "model": "탐정홍루",
      "content": "也可能是对T公司的巢本身抱有不满的人。"
    },
    {
      "id": 8,
      "model": "탐정홍루",
      "content": "另外……虽然如但丁经理所说，这可能是扭曲的力量。但说不定也有可能是犯人持有未在技术局登记过的发明。"
    },
    {
      "id": 9,
      "model": "탐정료슈",
      "content": "那么，犯人可能还不止一个。"
    },
    {
      "id": 10,
      "model": "탐정로쟈",
      "content": "可能不止一个人……等等。这么说的话，我知道……有个大概符合要求的团体。"
    },
    {
      "id": 11,
      "model": "탐정로쟈",
      "content": "哎呀，不可能吧？那些家伙已经……不会再进行这种直接行动了。就算是在J公司也……"
    },
    {
      "id": 12,
      "model": "T사대표",
      "teller": "助手",
      "title": "T公司",
      "content": "哇，真巧啊。我最近也经常听说一个会从事那种活动的团体。"
    },
    {
      "id": 13,
      "content": "不久之后，在小巷子里……"
    },
    {
      "id": 14,
      "place": "T公司小巷 某处",
      "model": "T사2등급",
      "teller": "2级征收人员",
      "title": "T公司",
      "content": "对巢不满的人？"
    },
    {
      "id": 15,
      "model": "T사2등급",
      "teller": "2级征收人员",
      "title": "T公司",
      "content": "你们是在找圣愚？"
    },
    {
      "id": 16,
      "model": "탐정로쟈",
      "content": "……！"
    },
    {
      "id": 17,
      "model": "탐정홍루",
      "content": "啊，想起来了。是罗佳小姐的朋友创建的团体吧？"
    },
    {
      "id": 18,
      "content": "罗佳突然停下了脚步。"
    },
    {
      "id": 19,
      "model": "탐정로쟈",
      "content": "圣愚……"
    },
    {
      "id": 20,
      "model": "탐정로쟈",
      "content": "这里也有吗？"
    },
    {
      "id": 21,
      "model": "T사2등급",
      "teller": "2级征收人员",
      "title": "T公司",
      "content": "您知道那个团体嘛。"
    },
    {
      "id": 22,
      "model": "T사2등급",
      "teller": "2级征收人员",
      "title": "T公司",
      "content": "我听说他们在多个巢都有所活动。出现在T公司境内也就是最近的事情。"
    },
    {
      "id": 23,
      "model": "T사2등급",
      "teller": "2级征收人员",
      "title": "T公司",
      "content": "所以像我这样的T公司直属员工会对所有可疑的人进行盘查。"
    },
    {
      "id": 24,
      "model": "T사2등급",
      "teller": "2级征收人员",
      "title": "T公司",
      "content": "我都快无聊死了。因为一直都在同一个地方盘查……"
    },
    {
      "id": 25,
      "model": "탐정로쟈",
      "content": "所以……圣愚在这里都做了些什么？"
    },
    {
      "id": 26,
      "model": "T사2등급",
      "teller": "2级征收人员",
      "title": "T公司",
      "content": "都是一些小偷小摸的勾当。偷钱，偷时间之类的……"
    },
    {
      "id": 27,
      "model": "T사2등급",
      "teller": "2级征收人员",
      "title": "T公司",
      "content": "哦，听说他们偶尔也会接受那些没钱没时间的人的委托，做一些侦探工作……"
    },
    {
      "id": 28,
      "model": "T사2등급",
      "teller": "2级征收人员",
      "title": "T公司",
      "content": "等等，那边的人！你为什么这么鬼鬼祟祟的？检查！"
    },
    {
      "id": 29,
      "model": "T사시민",
      "teller": "路过的市民",
      "title": "20区",
      "content": "什么……因为那个在抽烟的人恶狠狠地盯着我看……！"
    },
    {
      "id": 30,
      "model": "탐정료슈",
      "content": "……"
    },
    {
      "id": 31,
      "model": "탐정로쟈",
      "content": "……圣愚，他们在哪？"
    },
    {
      "id": 32,
      "model": "T사2등급",
      "teller": "2级征收人员",
      "title": "T公司",
      "content": "嗯……不是很难回答，他们在……"
    },
    {
      "id": 33,
      "model": "단테",
      "content": "<鸿璐！！！>"
    },
    {
      "id": 34,
      "content": "只是往小巷里瞄了一眼，突如其来的爆炸就夺走了鸿璐的性命……"
    },
    {
      "id": 35,
      "model": "T사대표",
      "teller": "助手",
      "title": "T公司",
      "content": "说曹操，曹操到……早知如此，就该先激活徽章的那个功能？"
    },
    {
      "id": 36,
      "model": "단테",
      "content": "<那个功能……？>"
    },
    {
      "id": 37,
      "model": "탐정로쟈",
      "content": "哎……但丁，还没开始战斗就要辛苦你了啊。"
    },
    {
      "id": 38,
      "model": "탐정로쟈",
      "content": "快点复活他吧。"
    },
    {
      "id": 39,
      "model": "단테",
      "content": "<嗯……现在就倒转时钟。>"
    },
    {
      "id": 40,
      "model": "T사2등급",
      "teller": "2级征收人员",
      "title": "T公司",
      "content": "等等，你能复活他吗……？"
    },
    {
      "id": 41,
      "model": "유로지비멤버1",
      "teller": "细致的活动成员",
      "title": "20区 圣愚",
      "content": "是那里！那里安装的炸弹爆炸了！"
    },
    {
      "id": 42,
      "model": "유로지비멤버2",
      "teller": "过激的活动成员",
      "title": "20区 圣愚",
      "content": "果然在这个时间来征税啊……这些肮脏的表链子……！"
    },
    {
      "id": 43,
      "model": "탐정로쟈",
      "content": "既然互相都知道没有时间解释了……那就之后再说吧。"
    }
  ]
}