{
  "dataList": [
    {
      "id": 0,
      "place": "T公司小巷 某处",
      "model": "유로지비멤버1",
      "teller": "细致的活动成员",
      "title": "20区 圣愚",
      "content": "啧，撤退！"
    },
    {
      "id": 1,
      "model": "T사대표",
      "teller": "助手",
      "title": "T公司",
      "content": "喂，参与奖。"
    },
    {
      "id": 2,
      "model": "단테",
      "content": "<参与奖……？是在说我吗？>"
    },
    {
      "id": 3,
      "model": "T사대표",
      "teller": "助手",
      "title": "T公司",
      "content": "刚刚那是怎么做到的？滴答滴答转一下时钟就能倒转受伤朋友们的时间诶。我长这么大从来没见过这种技术呢。"
    },
    {
      "id": 4,
      "model": "단테",
      "content": "<那是……>"
    },
    {
      "id": 5,
      "model": "탐정료슈",
      "content": "企业机密。知道太多会受苦的。"
    },
    {
      "id": 6,
      "model": "T사대표",
      "teller": "助手",
      "title": "T公司",
      "content": "真不可思议……你们不惧怕时间吗？"
    },
    {
      "id": 7,
      "model": "T사대표",
      "teller": "助手",
      "title": "T公司",
      "content": "在非隔离空间里将单一个体的时间倒退的方法是不存在的。如果不是那么就说明我的探究尚不完全。不对，那是十分严重的问题。因为我属于作风严谨的那一类。"
    },
    {
      "id": 8,
      "model": "탐정로쟈",
      "content": "现在最严重的不是我们在这种情况下还悠闲地聊天吗？快追上去吧，但丁！"
    },
    {
      "id": 9,
      "model": "T사대표",
      "teller": "助手",
      "title": "T公司",
      "content": "稍微等一下呀，哪里悠闲了！这真的非常严重……抓捕几个不良分子根本算不上是问题。唔，既然首脑还没派人来，那就说明不是真正的生命复苏，果然应该是和操控时间有关的方法……"
    },
    {
      "id": 10,
      "model": "T사대표",
      "teller": "助手",
      "title": "T公司",
      "content": "是像TT2协议那样……也不太对啊。那是只有在隔离空间内才有可能实施的，并非能适用于个体的技术。"
    },
    {
      "id": 11,
      "model": "T사대표",
      "teller": "助手",
      "title": "T公司",
      "content": "那么是注入了从哪里抽来的时间？唔……嗯，这还算合理。毕竟如果是倒带的方式，也不该像那样复活。果然你实际上也不能倒回时间或者加速时间。对吧？"
    },
    {
      "id": 12,
      "model": "단테",
      "content": "<就算你列出一连串难懂的词汇来问我……>"
    },
    {
      "id": 13,
      "model": "T사대표",
      "teller": "助手",
      "title": "T公司",
      "content": "而且这看起来也挺痛苦的……不过，虽说也不知道能不能说是好事，但是有个好消息给你。本来想在带你去后巷之类的危险区域的时候再进行说明的……但看上去稍微有些迟了。你可以转一转徽章背后的小发条吗？"
    },
    {
      "id": 14,
      "content": "不管我做出什么反应都在喋喋不休的员工伸手指向我们戴着的徽章。"
    },
    {
      "id": 15,
      "model": "T사대표",
      "teller": "助手",
      "title": "T公司",
      "content": "接受了侦探委托的收尾人不一定都有自保能力。所以，特别搜查官徽章和装备在T公司高级员工服装上的东西有相似的功能。"
    },
    {
      "id": 16,
      "model": "T사대표",
      "teller": "助手",
      "title": "T公司",
      "content": "这份功能名为黄金时间。一旦转动发条，在装备者陷入濒死情况时就能将身体恢复速度加速至最大限度。虽然和你能做到的相比是微不足道，但也很厉害吧？"
    },
    {
      "id": 17,
      "model": "단테",
      "content": "<也就是说……不用回拨我的指针也可以吗？>"
    },
    {
      "id": 18,
      "model": "T사대표",
      "teller": "助手",
      "title": "T公司",
      "content": "当然，一次使用之后，需要花费一些时间才能恢复到可使用状态，所以那时候只能由参与奖你来忍痛复活他们了。"
    },
    {
      "id": 19,
      "model": "탐정로쟈",
      "content": "也就是在我们遍体鳞伤之前是不会有任何举措的……对吧？哈。"
    },
    {
      "id": 20,
      "model": "탐정료슈",
      "content": "这样……更好。呼。"
    },
    {
      "id": 21,
      "model": "T사대표",
      "teller": "助手",
      "title": "T公司",
      "content": "那么，快追上去吧！"
    },
    {
      "id": 22,
      "content": "不久之后……"
    },
    {
      "id": 23,
      "place": "阴暗的T公司小巷",
      "model": "단테",
      "content": "<哈、哈……那些家伙，跑到哪儿去了……？>"
    },
    {
      "id": 24,
      "model": "탐정로쟈",
      "content": "我明明确定他们是跑到这里来了的……"
    },
    {
      "id": 25,
      "model": "탐정료슈",
      "content": "啧，脚印断了。在那个无聊的说明上浪费太多时间了。"
    },
    {
      "id": 26,
      "model": "탐정로쟈",
      "content": "话说回来助手，你这么悠闲地跟着我们真的没问题吗？"
    },
    {
      "id": 27,
      "model": "T사대표",
      "teller": "助手",
      "title": "T公司",
      "content": "怎么了？我不喜欢跑步诶。"
    },
    {
      "id": 28,
      "model": "탐정로쟈",
      "content": "逮捕圣愚不是你的工作吗？"
    },
    {
      "id": 29,
      "model": "T사대표",
      "teller": "助手",
      "title": "T公司",
      "content": "是吗？我觉得我现在的任务不是逮捕圣愚，而是监视你们逮捕时间杀人魔哦？"
    },
    {
      "id": 30,
      "model": "탐정로쟈",
      "content": "你是任职于T公司的员工吧！"
    },
    {
      "id": 31,
      "model": "T사대표",
      "teller": "助手",
      "title": "T公司",
      "content": "算了，就算我有在努力帮助四处奔波的侦探们抓圣愚吧。可那样就能彻底解决T公司的问题，把这里变成宜居之地吗？反正抓不到主谋，他们又会再一次扩张开的。"
    },
    {
      "id": 32,
      "model": "탐정료슈",
      "content": "狡辩。彻·清不就好了？"
    },
    {
      "id": 33,
      "model": "T사대표",
      "teller": "助手",
      "title": "T公司",
      "content": "如果彻底清扫，或许会有更加危险的帮派顶替他们。到时候那位在后方的征收人员朋友可能就要陷入比无聊的盘问艰苦得多的情况了。努力奔波的我也一样。"
    },
    {
      "id": 34,
      "model": "탐정로쟈",
      "content": "那……"
    },
    {
      "id": 35,
      "model": "T사대표",
      "teller": "助手",
      "title": "T公司",
      "content": "以及听说那是你的朋友所在的团体。不是应该希望我不要逮捕他们吗？"
    },
    {
      "id": 36,
      "model": "탐정홍루",
      "content": "说得对。我也以为罗佳小姐会更欢迎圣愚一点的。"
    },
    {
      "id": 37,
      "model": "단테",
      "content": "<总、总之既然脚印断了，不如回到负责检查的员工那里问问有没有可疑的人吧。>"
    },
    {
      "id": 38,
      "model": "탐정로쟈",
      "content": "……也好。"
    },
    {
      "id": 39,
      "content": "之前见过的T公司员工一动不动地站在我们面前。"
    },
    {
      "id": 40,
      "model": "탐정홍루",
      "content": "真可怜，这么晚了还在值班。"
    },
    {
      "id": 41,
      "model": "T사대표",
      "teller": "助手",
      "title": "T公司",
      "content": "这就是上班族的人生了。"
    },
    {
      "id": 42,
      "model": "탐정료슈",
      "content": "……不。"
    },
    {
      "id": 43,
      "model": "탐정료슈",
      "content": "这家伙被干掉了。我听不到呼吸声。"
    },
    {
      "id": 44,
      "model": "탐정홍루",
      "content": "是时间杀人魔的手法吧！"
    },
    {
      "id": 45,
      "model": "단테",
      "content": "<时间杀人魔在这么短的时间里来过了？>"
    },
    {
      "id": 46,
      "model": "탐정료슈",
      "content": "她本身完全是。停止状态。"
    },
    {
      "id": 47,
      "model": "탐정료슈",
      "content": "即使手上不沾血亦可致人于死地。"
    },
    {
      "id": 48,
      "model": "탐정료슈",
      "content": "真是一种洁癖性质的艺术……"
    },
    {
      "id": 49,
      "model": "탐정홍루",
      "content": "虽然在我们看来像是停止了……"
    },
    {
      "id": 50,
      "model": "탐정홍루",
      "content": "但对她而言，这只是一刹那。"
    },
    {
      "id": 51,
      "model": "탐정홍루",
      "content": "犯人要将众多的时间用在什么地方呢？"
    },
    {
      "id": 52,
      "model": "단테",
      "content": "<大家，这里是事件现场所以不要碰尸体……不对，不要碰受害者……>"
    },
    {
      "id": 53,
      "model": "T사대표",
      "teller": "助手",
      "title": "T公司",
      "content": "呜哇，看看这个。好像是发生了时空转移重叠现象。根本碰不到诶。"
    },
    {
      "id": 54,
      "model": "탐정로쟈",
      "content": "不是，你在这时候说什么感想……"
    },
    {
      "id": 55,
      "model": "단테",
      "content": "<罗佳，那里！>"
    },
    {
      "id": 56,
      "content": "我循着如今已十分熟悉的扭曲的气息回头望去，能隐约看见渐渐在雾中消失的奇怪身影，但很快便完全消失了。"
    },
    {
      "id": 57,
      "model": "탐정로쟈",
      "content": "那边的，停下！！"
    },
    {
      "id": 58,
      "model": "단테",
      "content": "<你能追上吗，良秀？>"
    },
    {
      "id": 59,
      "model": "탐정료슈",
      "content": "我拒绝当你的猎狗。仅限这次配合你。"
    },
    {
      "id": 60,
      "model": "T사대표",
      "teller": "助手",
      "title": "T公司",
      "content": "哦，她很快呢。"
    },
    {
      "id": 61,
      "model": "탐정홍루",
      "content": "良秀小姐一遇到有趣的事情就跑得很快呢。"
    },
    {
      "id": 62,
      "model": "T사대표",
      "teller": "助手",
      "title": "T公司",
      "content": "我很久没见过像你们这样只盯着前方拼命奔跑的人了呢。"
    },
    {
      "id": 63,
      "model": "T사대표",
      "teller": "助手",
      "title": "T公司",
      "content": "这里的人们也许只会弯着腰，一边低头盯着地面一边行走。"
    },
    {
      "id": 64,
      "model": "T사대표",
      "teller": "助手",
      "title": "T公司",
      "content": "人们一定只有在看钟塔的时候才会抬起头吧。"
    },
    {
      "id": 65,
      "model": "T사대표",
      "teller": "助手",
      "title": "T公司",
      "content": "但或许以前也有过大家都挺直腰杆走路的时候……"
    },
    {
      "id": 66,
      "model": "탐정로쟈",
      "content": "我可能知道为什么会成这样。"
    },
    {
      "id": 67,
      "model": "탐정로쟈",
      "content": "因为他们都很无精打采。"
    },
    {
      "id": 68,
      "model": "탐정로쟈",
      "content": "因为他们意识到即使自己奔跑到气喘吁吁，也什么都不会改变……"
    },
    {
      "id": 69,
      "model": "탐정홍루",
      "content": "确实，像默尔索先生那样保持均匀的呼吸法是很困难的呢。"
    },
    {
      "id": 70,
      "model": "탐정로쟈",
      "content": "啊哈哈……我不是那个意思啦。"
    },
    {
      "id": 71,
      "model": "단테",
      "content": "<话说这个人……仔细看看她的表情。>"
    },
    {
      "id": 72,
      "model": "단테",
      "content": "<还记得吗？就是刚刚她对路过的人大喊“检查！”时的那副表情。>"
    },
    {
      "id": 73,
      "model": "탐정로쟈",
      "content": "是的呢，她可能是看到了可疑之人，在准备盘查的时候被袭击了吧……等她恢复了我们得问问她。"
    },
    {
      "id": 74,
      "model": "탐정홍루",
      "content": "但我们也不知道……她何时才能恢复呢。"
    },
    {
      "id": 75,
      "content": "不久之后……"
    },
    {
      "id": 76,
      "model": "탐정료슈",
      "content": "接着。"
    },
    {
      "id": 77,
      "model": "유로지비멤버1",
      "teller": "晕厥的活动成员",
      "title": "20区 圣愚",
      "content": "……"
    },
    {
      "id": 78,
      "model": "단테",
      "content": "<……还活着吧？>"
    },
    {
      "id": 79,
      "model": "탐정로쟈",
      "content": "那个……良秀，不管怎么看……"
    },
    {
      "id": 80,
      "model": "탐정로쟈",
      "content": "不觉得这身服装跟刚刚逃走的犯人不一样嘛？"
    },
    {
      "id": 81,
      "model": "탐정로쟈",
      "content": "而且这个人是刚刚见过的圣愚成员其中之一吧……"
    },
    {
      "id": 82,
      "model": "탐정료슈",
      "content": "穿着打扮什么的只是外壳而已。"
    },
    {
      "id": 83,
      "model": "탐정료슈",
      "content": "这家伙，看到我就逃跑了。"
    },
    {
      "id": 84,
      "model": "탐정료슈",
      "content": "喂，睁开眼睛。"
    },
    {
      "id": 85,
      "model": "유로지비멤버1",
      "teller": "准备逃跑的活动成员",
      "title": "20区 圣愚",
      "content": "呜……呃……可疑的……是你们那边吧……被拿着那样的刀追着的话……任谁都会逃跑的……"
    },
    {
      "id": 86,
      "model": "탐정료슈",
      "content": "呼，有很多种方式能让你吐出真相。"
    },
    {
      "id": 87,
      "model": "탐정료슈",
      "content": "第一种……"
    },
    {
      "id": 88,
      "model": "단테",
      "content": "<不能截肢。>"
    },
    {
      "id": 89,
      "model": "탐정료슈",
      "content": "……唔。"
    },
    {
      "id": 90,
      "model": "유로지비멤버1",
      "teller": "准备逃跑的活动成员",
      "title": "20区 圣愚",
      "content": "这附近是我们圣愚的地盘。你很快就会后悔把我带到这里来的。"
    },
    {
      "id": 91,
      "model": "유로지비멤버1",
      "teller": "准备逃跑的活动成员",
      "title": "20区 圣愚",
      "content": "呵呵……为了这种时候我准备了秘密武器……"
    },
    {
      "id": 92,
      "model": "단테",
      "content": "<小、小心点！>"
    },
    {
      "id": 93,
      "content": "……但是什么也没发生。"
    },
    {
      "id": 94,
      "model": "단테",
      "content": "<……你在做什么？>"
    },
    {
      "id": 95,
      "model": "유로지비멤버1",
      "teller": "准备逃跑的活动成员",
      "title": "20区 圣愚",
      "content": "这是召集周围同志的圣愚T公司支部五大杰作之一。便携振动调节式点灯型音波发射装置！"
    },
    {
      "id": 96,
      "model": "T사대표",
      "teller": "助手",
      "title": "T公司",
      "content": "这就是发明家们的问题所在。给发明起名字起的太长了。"
    },
    {
      "id": 97,
      "model": "유로지비멤버1",
      "teller": "准备逃跑的活动成员",
      "title": "20区 圣愚",
      "content": "你会为殴打我的后脑勺付出巨大代价的！"
    }
  ]
}