{
  "dataList": [
    {
      "id": 0,
      "place": "T公司小巷",
      "content": "我们在被打倒的圣愚成员的口袋里找出了纸条。在根据其中的内容进行讨论后……"
    },
    {
      "id": 1,
      "content": "我们成功追踪到了看起来像是他们的秘密基地的破旧建筑物前。"
    },
    {
      "id": 2,
      "model": "유로지비대장",
      "content": "你们终于找到这里了，T公司肮脏的表链子们和……那个时钟！"
    },
    {
      "id": 3,
      "model": "단테",
      "content": "<那个时钟……>"
    },
    {
      "id": 4,
      "model": "탐정로쟈",
      "content": "这是当然，我可是……名侦探。"
    },
    {
      "id": 5,
      "content": "罗佳撩起头发自信地说道，但我从她的声音中觉察到一丝迟疑。"
    },
    {
      "id": 6,
      "model": "탐정홍루",
      "content": "没错，我们是名侦探。"
    },
    {
      "id": 7,
      "model": "유로지비대장",
      "content": "虽然据点被发现是惨痛的失误，但你们看起来也没有那么强。"
    },
    {
      "id": 8,
      "model": "유로지비대장",
      "content": "竟然在对我们有利的地方战斗……你们应该做好心理准备了吧？"
    },
    {
      "id": 9,
      "model": "탐정로쟈",
      "content": "别担心我们。我们可是有5级员工跟着，是吧？"
    },
    {
      "id": 10,
      "model": "유로지비대장",
      "content": "那套服装、那从容的态度……可以看出两点，一是他很可能真的是5级员工，二是……"
    },
    {
      "id": 11,
      "model": "유로지비대장",
      "content": "你们把5级表链子带到这个简陋的秘密基地，可真没良心。"
    },
    {
      "id": 12,
      "model": "탐정로쟈",
      "content": "这跟良心有什么关系……？"
    },
    {
      "id": 13,
      "model": "탐정홍루",
      "content": "良心的事我不清楚，但这地方确实简陋。"
    },
    {
      "id": 14,
      "model": "T사대표",
      "teller": "助手",
      "title": "T公司",
      "content": "啊，那么为了公平就这么办吧。我不插手。"
    },
    {
      "id": 15,
      "model": "T사대표",
      "teller": "助手",
      "title": "T公司",
      "content": "要是我参加战斗的话，果然有些犯规吧。"
    },
    {
      "id": 16,
      "model": "유로지비대장",
      "content": "这……很公平。我接受你的提议。"
    },
    {
      "id": 17,
      "model": "단테",
      "content": "<为什么你们擅自决定了……？>"
    }
  ]
}