{
  "dataList": [
    {
      "id": 0,
      "place": "圣愚 秘密据点",
      "content": "在制服了圣愚成员后，我们避开周围人的目光，悄悄进入了据点。"
    },
    {
      "id": 1,
      "model": "다친유로지비대장",
      "content": "呃……"
    },
    {
      "id": 2,
      "model": "탐정료슈",
      "content": "投降，然后老实交代吧。"
    },
    {
      "id": 3,
      "model": "탐정료슈",
      "content": "我忍耐也是有限度的，也许很快就会杀了你。"
    },
    {
      "id": 4,
      "model": "단테",
      "content": "<糟糕……看来良秀也对扮演侦探没兴趣了……>"
    },
    {
      "id": 5,
      "model": "다친유로지비대장",
      "content": "我们已经投降了。但是不知道要我们交代什么。难道要坦白自己是圣愚吗？"
    },
    {
      "id": 6,
      "content": "正当我们在犹豫他是否真的什么都不知道的时候，罗佳却大摇大摆地走上前来，向圣愚队长伸出了食指。"
    },
    {
      "id": 7,
      "model": "탐정로쟈",
      "content": "来，你们一直很讨厌这座巢吧？"
    },
    {
      "id": 8,
      "model": "다친유로지비대장",
      "content": "……这是理所当然的。"
    },
    {
      "id": 9,
      "model": "탐정로쟈",
      "content": "还制造了没有在技术局登记的发明……是吧？"
    },
    {
      "id": 10,
      "model": "다친유로지비대장",
      "content": "那是因为……你看看这附近不就知道了吗？"
    },
    {
      "id": 11,
      "model": "T사대표",
      "teller": "助手",
      "title": "T公司",
      "content": "嗯，我可以看看这些发明吗？"
    },
    {
      "id": 12,
      "model": "다친유로지비대장",
      "content": "等等，你别随便乱碰……"
    },
    {
      "id": 13,
      "model": "T사대표",
      "teller": "助手",
      "title": "T公司",
      "content": "哦，这个刺猬玩具，其实是炸弹啊？会对接近的人进行扫描，若是未经许可的人，就会伸出刺……过一段时间，就会朝四面八方发射那些刺。"
    },
    {
      "id": 14,
      "model": "T사대표",
      "teller": "助手",
      "title": "T公司",
      "content": "但是这下面的螺丝拧太紧了，盲目地拧紧螺丝并不一定更好。如果是我的话，还会把刺孔做成六边形，而不是圆形。"
    },
    {
      "id": 15,
      "model": "다친유로지비대장",
      "content": "……摸一下就知道那么多？你确实不是普通的员工。"
    },
    {
      "id": 16,
      "model": "다친유로지비대장",
      "content": "反正这些大多是有很多不足之处的试验作品。其实……"
    },
    {
      "id": 17,
      "model": "탐정로쟈",
      "content": "你还有更危险、更具破坏性的发明是不是？"
    },
    {
      "id": 18,
      "model": "다친유로지비대장",
      "content": "可真固执啊。你想说什么？"
    },
    {
      "id": 19,
      "model": "탐정로쟈",
      "content": "然后发明出了能完全夺走时间的发明……"
    },
    {
      "id": 20,
      "model": "다친유로지비대장",
      "content": "什么……什么？"
    },
    {
      "id": 21,
      "model": "탐정로쟈",
      "content": "时间杀人时间的凶手……"
    },
    {
      "id": 22,
      "model": "탐정로쟈",
      "content": "……就是你们吧？"
    },
    {
      "id": 23,
      "model": "탐정로쟈",
      "content": "就算用过激一点的手段，你们也要把不合心意的东西砸个稀巴烂吗，不是吗？"
    },
    {
      "id": 24,
      "model": "다친유로지비대장",
      "content": "逻辑跳跃得有点过分了。你到底把我们圣愚当成什么了？"
    },
    {
      "id": 25,
      "model": "T사대표",
      "teller": "助手",
      "title": "T公司",
      "content": "看样子，你的朋友以前好像惹出过很多事吧？"
    },
    {
      "id": 26,
      "model": "탐정로쟈",
      "content": "……不，索尼亚他……"
    },
    {
      "id": 27,
      "model": "탐정로쟈",
      "content": "他总是知道该说什么，如何让人们同意他的观点，让人们加入他的事业。"
    },
    {
      "id": 28,
      "model": "탐정로쟈",
      "content": "因为听了他的话，改变一切感觉就像在嘴里融化糖果一样简单。"
    },
    {
      "id": 29,
      "model": "탐정로쟈",
      "content": "但是……他能改变什么呢？索尼亚行动不像他们那么积极。T公司的圣愚估计只是听了J公司的传闻，套用了他们的名号……"
    },
    {
      "id": 30,
      "model": "다친유로지비대장",
      "content": "从刚开始的推理就没有一个正确的……我们并不是冒牌货。还有……圣者大人已经给这个世界带来了许多改变。像你这样的侦探做梦也想象不到的众多的改变。"
    },
    {
      "id": 31,
      "model": "탐정로쟈",
      "content": "圣者……？"
    },
    {
      "id": 32,
      "model": "다친유로지비대장",
      "content": "是的，索尼亚大人建立了把圣愚扩张到所有巢这样伟大的功勋。虽然他被称为圣者不仅仅是因为这个原因。"
    },
    {
      "id": 33,
      "model": "탐정로쟈",
      "content": "圣愚……所有的巢？索尼亚？"
    },
    {
      "id": 34,
      "model": "다친유로지비대장",
      "content": "……"
    },
    {
      "id": 35,
      "model": "다친유로지비대장",
      "content": "既然是索尼亚大人的朋友，那我就说得更清楚一些。我们圣愚和那些案件没有关系。"
    },
    {
      "id": 36,
      "model": "탐정로쟈",
      "content": "索尼亚……"
    },
    {
      "id": 37,
      "model": "탐정료슈",
      "content": "哈，我们凭什么相信你说的是实话？"
    },
    {
      "id": 38,
      "model": "다친유로지비대장",
      "content": "首先，我们并没有“杀死时间”这么厉害的发明。我们可以偷走时间、夺取钟表，但杀死时间从常理来讲是不可能的。制造那样荒谬的东西一定会被技术局登门拜访。"
    },
    {
      "id": 39,
      "model": "다친유로지비대장",
      "content": "我不想引起那样的骚乱。"
    },
    {
      "id": 40,
      "model": "T사대표",
      "teller": "助手",
      "title": "T公司",
      "content": "为什么？现在也有不少人在巢里闹事。圣愚不是想要更多的骚乱吗？"
    },
    {
      "id": 41,
      "model": "다친유로지비대장",
      "content": "请不要把我们当成后巷黑帮。虽然我们当中确实也有一部分人想要制造那样的骚乱。"
    },
    {
      "id": 42,
      "model": "다친유로지비대장",
      "content": "我们曾经的一位成员主张要夺走T公司剩余的时间，平等地分配给我们的同志们。"
    },
    {
      "id": 43,
      "model": "다친유로지비대장",
      "content": "但这样也会给一无所有的人带来伤害。所以我们要遵从圣者的话，等待撕开富人喉咙的完美时机。"
    },
    {
      "id": 44,
      "model": "탐정로쟈",
      "content": "完美的时机……哈，真的是索尼亚传播出去的啊……"
    },
    {
      "id": 45,
      "model": "다친유로지비대장",
      "content": "……我从刚才开始就在想，你真的是圣者大人的朋友吗？"
    },
    {
      "id": 46,
      "model": "탐정홍루",
      "content": "当然是啦~甚至是他邀请她加入的对吧？"
    },
    {
      "id": 47,
      "model": "단테",
      "content": "<总之先回去吧？等找到证据之后再来……>"
    },
    {
      "id": 48,
      "model": "탐정홍루",
      "content": "但丁经理说要先回去。"
    },
    {
      "id": 49,
      "model": "T사대표",
      "teller": "助手",
      "title": "T公司",
      "content": "嗯？我们不逮捕他们吗？你们中有人不是刚刚还吵着说逮捕他们是我的职责吗？"
    },
    {
      "id": 50,
      "model": "탐정로쟈",
      "content": "……"
    },
    {
      "id": 51,
      "content": "罗佳带着无比忧郁的表情，没有回答助手的问题就走出了据点。就在耸了耸肩的助手和其他罪人也要跟着出去的时候，圣愚队长叫住了我们。"
    },
    {
      "id": 52,
      "model": "다친유로지비대장",
      "content": "等等。既然是圣者的朋友，作为侦探前辈，我可以给你几点建议。正好我想到了几件事。"
    },
    {
      "id": 53,
      "model": "T사대표",
      "teller": "助手",
      "title": "T公司",
      "content": "啊~对了，你们说过偶尔也会做侦探工作吧？所有的圣愚都是这样吗？"
    },
    {
      "id": 54,
      "model": "다친유로지비대장",
      "content": "不，只有20区的圣愚支部这样做……不管怎样，如果我是你的话，我会从寻找受害者们的共同点开始。"
    },
    {
      "id": 55,
      "model": "탐정로쟈",
      "content": "那是……为什么？"
    },
    {
      "id": 56,
      "model": "다친유로지비대장",
      "content": "T公司征收厅知道时间从哪里流出，又流向哪里。但这次不知道，所以抓不到凶手。"
    },
    {
      "id": 57,
      "model": "탐정홍루",
      "content": "但他们不是也没抓到圣愚的人吗？"
    },
    {
      "id": 58,
      "model": "다친유로지비대장",
      "content": "……被抓的人也很多。我不能告诉你更多信息，你只需要知道我们有能让我们继续在巢里活动的秘密手段就是了。"
    },
    {
      "id": 59,
      "model": "다친유로지비대장",
      "content": "总之，明明有可以不留痕迹地夺取时间的手段，你不觉得凶手消极得不可思议吗？"
    },
    {
      "id": 60,
      "model": "다친유로지비대장",
      "content": "这让我认为他们必须达成某种条件才能使用那种力量。另一种可能是他们有着某种信条，或者遵从着某种信仰体系……但受理念驱使的罪犯经常留下更多明显的线索以表明他们的信仰。"
    },
    {
      "id": 61,
      "model": "탐정홍루",
      "content": "哦……听起来好像是对的。你愿意加入我们的侦探团吗？"
    },
    {
      "id": 62,
      "model": "다친유로지비대장",
      "content": "……这些愚蠢的侦探到底是谁雇用的？"
    },
    {
      "id": 63,
      "model": "다친유로지비대장",
      "content": "唉，算了吧。你们现在可以出去了吗？"
    },
    {
      "id": 64,
      "model": "단테",
      "content": "<……我们已经知道了据点的位置，以后再来吧。>"
    }
  ]
}