{
  "dataList": [
    {
      "id": 0,
      "place": "T公司小巷",
      "model": "T사대표",
      "teller": "助手",
      "title": "T公司",
      "content": "好，无论那里发生了什么事，他们都辩称自己什么也没做，而时间杀人魔依然逍遥法外。你们准备怎么办，各位名侦探们？"
    },
    {
      "id": 1,
      "model": "탐정로쟈",
      "content": "但是……一眼看上去奇怪的只有那些家伙们。刚才的那家伙也走出据点了，我们去追他怎么样？"
    },
    {
      "id": 2,
      "model": "단테",
      "content": "<……你准备跟踪那个圣愚？>"
    },
    {
      "id": 3,
      "model": "T사대표",
      "teller": "助手",
      "title": "T公司",
      "content": "不逮捕而是顺便跟踪，这意见不错呢？"
    },
    {
      "id": 4,
      "model": "탐정료슈",
      "content": "浪费时间。一个个拷问更快。"
    },
    {
      "id": 5,
      "model": "탐정홍루",
      "content": "阿加莎女士书的第155页写到，名侦探绝不能怠慢潜伏任务。"
    },
    {
      "id": 6,
      "model": "단테",
      "content": "<你已经读到155页了？>"
    },
    {
      "id": 7,
      "model": "탐정홍루",
      "content": "呼呼，堂吉诃德小姐为了让我们成为名侦探而给了这本书呢。我在空闲时间读的哦。"
    },
    {
      "id": 8,
      "model": "탐정로쟈",
      "content": "……"
    },
    {
      "id": 9,
      "model": "탐정로쟈",
      "content": "即使圣愚偷窃了时间……也不会有什么改变。"
    },
    {
      "id": 10,
      "model": "탐정로쟈",
      "content": "你是因为那么想才没有去逮捕那些家伙们的吗？"
    },
    {
      "id": 11,
      "model": "T사대표",
      "teller": "助手",
      "title": "T公司",
      "content": "嗯？不，完全相反。"
    },
    {
      "id": 12,
      "model": "T사대표",
      "teller": "助手",
      "title": "T公司",
      "content": "我想要看到改变。"
    },
    {
      "id": 13,
      "model": "탐정로쟈",
      "content": "改变……？"
    },
    {
      "id": 14,
      "model": "T사대표",
      "teller": "助手",
      "title": "T公司",
      "content": "据说圣愚起始于一个没人关注的无趣小团体。"
    },
    {
      "id": 15,
      "model": "T사대표",
      "teller": "助手",
      "title": "T公司",
      "content": "但在好几次扩张之后，他们不知不觉间成为了好几个巢中难以处理的头疼麻烦。"
    },
    {
      "id": 16,
      "model": "T사대표",
      "teller": "助手",
      "title": "T公司",
      "content": "T公司中最近出现了这样一句话。“没有时间，只剩不满的你，来加入圣愚吧。”"
    },
    {
      "id": 17,
      "model": "T사대표",
      "teller": "助手",
      "title": "T公司",
      "content": "与接受不合理的生活的大部分人不同，他们并没有逃避，而是下定了改变的决心。"
    },
    {
      "id": 18,
      "model": "T사대표",
      "teller": "助手",
      "title": "T公司",
      "content": "正因如此，才会好奇。如此迫切的期望，最终会实现什么。"
    },
    {
      "id": 19,
      "model": "탐정로쟈",
      "content": "……"
    },
    {
      "id": 20,
      "model": "탐정료슈",
      "content": "即便如此，不过是挣扎而已。"
    },
    {
      "id": 21,
      "model": "탐정로쟈",
      "content": "哈啊……"
    },
    {
      "id": 22,
      "model": "탐정로쟈",
      "content": "那个，这里真的有想要认真解决这起事件的人吗？"
    },
    {
      "id": 23,
      "model": "탐정료슈",
      "content": "这起事件……"
    },
    {
      "id": 24,
      "model": "탐정료슈",
      "content": "有着破坏性的美学。不无聊，我很喜欢。"
    },
    {
      "id": 25,
      "model": "탐정홍루",
      "content": "我遵循家中长辈的嘱咐，要去见识尽可能多的事情。最好还是听他们的话呢。"
    },
    {
      "id": 26,
      "model": "탐정료슈",
      "content": "……听起来麻烦至极。"
    },
    {
      "id": 27,
      "model": "탐정료슈",
      "content": "这世上有许多东西都自以为是地自称为家族。"
    },
    {
      "id": 28,
      "model": "탐정홍루",
      "content": "呼呼，良秀小姐还是第一次这么说呢。"
    },
    {
      "id": 29,
      "model": "탐정로쟈",
      "content": "就凭你们这种半吊子的心态……"
    },
    {
      "id": 30,
      "model": "탐정로쟈",
      "content": "到底……该怎么解决呢？"
    },
    {
      "id": 31,
      "model": "T사대표",
      "teller": "助手",
      "title": "T公司",
      "content": "不要紧。"
    },
    {
      "id": 32,
      "model": "T사대표",
      "teller": "助手",
      "title": "T公司",
      "content": "大多数人都是抱着半吊子的心态活着。我深切渴求着什么东西的时候也是很久以前了。"
    },
    {
      "id": 33,
      "model": "탐정로쟈",
      "content": "不，我……"
    },
    {
      "id": 34,
      "model": "탐정로쟈",
      "content": "不是“大多数人”。"
    },
    {
      "id": 35,
      "model": "탐정로쟈",
      "content": "我是……"
    },
    {
      "id": 36,
      "content": "罗佳小声嘀咕着，而从远处传来了像是快步奔跑的声音。"
    },
    {
      "id": 37,
      "model": "단테",
      "content": "<犯人果然是圣愚……？>"
    },
    {
      "id": 38,
      "model": "유로지비대장",
      "content": "哇啊！！"
    },
    {
      "id": 39,
      "model": "탐정료슈",
      "content": "……可疑的人出现了。这次绝不会让他们逃走。"
    },
    {
      "id": 40,
      "model": "탐정홍루",
      "content": "来吧，要去追他吗？良秀小姐若是能像默尔索先生那样一边保持呼吸一边奔跑的话，我想你这次就能抓住他哦~"
    },
    {
      "id": 41,
      "model": "단테",
      "content": "<罗佳，我们也该……>"
    },
    {
      "id": 42,
      "content": "罗佳突然站起来，看着我。"
    },
    {
      "id": 43,
      "content": "她的目光十分黯淡。"
    },
    {
      "id": 44,
      "model": "탐정로쟈",
      "content": "但丁，你说……如果我当时在赌场跟着索尼亚走了……"
    },
    {
      "id": 45,
      "model": "탐정로쟈",
      "content": "会有什么变化吗？"
    },
    {
      "id": 46,
      "model": "단테",
      "content": "<……你为什么问这个？>"
    },
    {
      "id": 47,
      "model": "탐정로쟈",
      "content": "不，我只是……"
    },
    {
      "id": 48,
      "model": "탐정로쟈",
      "content": "一看到索尼亚的目标在逐渐成型，而我却止步不前，就总感觉……"
    },
    {
      "id": 49,
      "content": "苦恼了一番应该如何表述后，罗佳终于开口……"
    },
    {
      "id": 50,
      "model": "탐정로쟈",
      "content": "真奇怪啊。"
    },
    {
      "id": 51,
      "content": "真是奇怪的感觉。"
    }
  ]
}