{
  "dataList": [
    {
      "id": 0,
      "place": "T公司小巷",
      "model": "탐정료슈",
      "content": "晚了，时钟。"
    },
    {
      "id": 1,
      "content": "和先行出发的两名罪人汇合时，他们已经找到了潜伏场所，弓起身子并屏住了呼吸。"
    },
    {
      "id": 2,
      "model": "탐정홍루",
      "content": "我们先走一步去吸引他的注意力！应该能把那家伙逼到这边来。"
    },
    {
      "id": 3,
      "model": "단테",
      "content": "<良秀和鸿璐去了那边……只要我们巧妙地突袭成功就能完成任务了。>"
    },
    {
      "id": 4,
      "model": "탐정로쟈",
      "content": "是啊……"
    },
    {
      "id": 5,
      "model": "단테",
      "content": "<罗佳，你怎么了？>"
    },
    {
      "id": 6,
      "model": "탐정로쟈",
      "content": "我一想到索尼亚……"
    },
    {
      "id": 7,
      "model": "탐정로쟈",
      "content": "就回想起了那些自己没能做到的事情。仅此而已。"
    },
    {
      "id": 8,
      "model": "단테",
      "content": "<罗佳……>"
    },
    {
      "id": 9,
      "model": "탐정로쟈",
      "content": "啊~哎呀，没什么啦！现在开始做也不晚啦。我只要在这里帅气地逮住犯人就好啦。"
    },
    {
      "id": 10,
      "model": "탐정로쟈",
      "content": "啊，一直等着好无聊啊~但我必须得潇洒地抓住他。"
    },
    {
      "id": 11,
      "model": "T사대표",
      "teller": "助手",
      "title": "T公司",
      "content": "振作得挺快啊。心态不错嘛。"
    },
    {
      "id": 12,
      "model": "탐정로쟈",
      "content": "情感不就是这样吗~时时刻刻都会改变呢。"
    },
    {
      "id": 13,
      "model": "T사대표",
      "teller": "助手",
      "title": "T公司",
      "content": "是吗？我不那么想哦。情感可不是随着时间在改变。"
    },
    {
      "id": 14,
      "model": "T사대표",
      "teller": "助手",
      "title": "T公司",
      "content": "正因为情感在变化，所以时间才会流逝。"
    },
    {
      "id": 15,
      "model": "탐정로쟈",
      "content": "哼~你说得太难懂啦。"
    },
    {
      "id": 16,
      "model": "탐정로쟈",
      "content": "现在我只想……在我“啪”的一声逮住圣愚的犯人后，被表扬一番呢~"
    },
    {
      "id": 17,
      "model": "탐정로쟈",
      "content": "我想……成为名侦探。"
    },
    {
      "id": 18,
      "model": "시간살인마",
      "teller": "？？？",
      "title": "？？？",
      "content": "那你的机会来了。"
    },
    {
      "id": 19,
      "model": "탐정로쟈",
      "content": "……！"
    },
    {
      "id": 20,
      "model": "시간살인마",
      "teller": "？？？",
      "title": "？？？",
      "content": "那个能集大家的赞扬于一身的机会。"
    },
    {
      "id": 21,
      "model": "단테",
      "content": "<……！>"
    },
    {
      "id": 22,
      "model": "탐정로쟈",
      "content": "长风衣……帽子……"
    },
    {
      "id": 23,
      "model": "탐정로쟈",
      "content": "你是……"
    },
    {
      "id": 24,
      "model": "탐정홍루",
      "content": "罗佳小姐~但丁经理~他往你们那边跑了！"
    },
    {
      "id": 25,
      "model": "탐정로쟈",
      "content": "时间杀人魔啊……"
    },
    {
      "id": 26,
      "model": "시간살인마",
      "content": "没错。"
    },
    {
      "id": 27,
      "model": "탐정로쟈",
      "content": "……！"
    },
    {
      "id": 28,
      "model": "단테",
      "content": "<偏偏是在良秀和鸿璐在远处的时候来了……>"
    },
    {
      "id": 29,
      "model": "시간살인마",
      "content": "不过，要修正的地方……有两个。"
    },
    {
      "id": 30,
      "model": "시간살인마",
      "content": "其一。我……已不再被圣愚这样的团体所束缚。"
    },
    {
      "id": 31,
      "model": "시간살인마",
      "content": "甚至在他们之间，时间也没有被公平地使用，这让我很不满意。而那就是我行动的原因。"
    },
    {
      "id": 32,
      "model": "시간살인마",
      "content": "其二。我并不只是在进行谋杀时间这种毫无意义的行为。"
    },
    {
      "id": 33,
      "model": "시간살인마",
      "content": "我取出了濒死的时间……并用在了十分需要它的人们身上。"
    },
    {
      "id": 34,
      "model": "시간살인마",
      "content": "你们倒不如喊我时间圣者。"
    },
    {
      "id": 35,
      "model": "탐정로쟈",
      "content": "你在……说什么东西？别说胡话了……"
    },
    {
      "id": 36,
      "model": "시간살인마",
      "content": "你似乎完全没有理解我的意图呢，真是个渴求赞扬的可怜鬼。"
    },
    {
      "id": 37,
      "model": "시간살인마",
      "content": "这是对你们的无知而进行的修正，同时也是我们最后的警告。"
    },
    {
      "id": 38,
      "model": "시간살인마",
      "content": "我警告你们，如果想要抓到我……不，我们，就要付出相应的时间作为代价。"
    },
    {
      "id": 39,
      "model": "탐정로쟈",
      "content": "这是威胁吗？哈，你觉得这样我们就会害怕吗？"
    },
    {
      "id": 40,
      "model": "탐정로쟈",
      "content": "不管是多么疯狂的杀人魔……你至今为止的行动也是遵循着一定模式的。不管那是你的信念，还是你武器的弱点，你都没法杀死我的时间。"
    },
    {
      "id": 41,
      "model": "탐정로쟈",
      "content": "这就是名侦探的敏锐推理！呼呼。"
    },
    {
      "id": 42,
      "model": "시간살인마",
      "content": "对了一半。但是要修正的地方又多了两个。"
    },
    {
      "id": 43,
      "model": "시간살인마",
      "content": "其一。杀死时间的人不是我，而是你们。"
    },
    {
      "id": 44,
      "model": "시간살인마",
      "content": "然后是其二。我们的确不能从每个人的身上都夺走时间……但是可以夺走你的。"
    },
    {
      "id": 45,
      "model": "시간살인마",
      "content": "因为你，现在……"
    },
    {
      "id": 46,
      "model": "시간살인마",
      "content": "感到特别无聊。"
    },
    {
      "id": 47,
      "model": "탐정로쟈",
      "content": "……欸？"
    },
    {
      "id": 48,
      "model": "시간살인마",
      "content": "你只是在等待时间不是吗。一边消磨时间，一边杀死它。"
    },
    {
      "id": 49,
      "model": "시간살인마",
      "content": "我们便拿走那些走向死亡的时间。"
    },
    {
      "id": 50,
      "model": "탐정로쟈",
      "content": "哈……哈哈……"
    },
    {
      "id": 51,
      "model": "시간살인마",
      "content": "如果你挥下那柄斧子……也许能切下我们的一小块肉。但是……"
    },
    {
      "id": 52,
      "model": "시간살인마",
      "content": "我们也可以……切下你的人生。"
    },
    {
      "id": 53,
      "model": "시간살인마",
      "content": "你会在半个世纪后，时钟报出下午四点时，好像什么也没有发生似地醒过来吧。"
    },
    {
      "id": 54,
      "model": "시간살인마",
      "content": "然后，那因杀死时间而感到的后悔将蜂拥而至，你将毫无保留地感受着那份差异感……渐渐绝望。"
    },
    {
      "id": 55,
      "model": "시간살인마",
      "content": "你会……回想起那无聊的每分每秒。"
    },
    {
      "id": 56,
      "model": "탐정로쟈",
      "content": "……"
    },
    {
      "id": 57,
      "model": "시간살인마",
      "content": "你好像害怕了。那是我，也是我们喜欢的眼神。"
    },
    {
      "id": 58,
      "content": "现场只剩下僵住的罗佳和无能为力的我，没人能阻止想要离开的时间杀人魔。"
    },
    {
      "id": 59,
      "model": "탐정료슈",
      "content": "那家伙，哪去了？"
    },
    {
      "id": 60,
      "model": "탐정로쟈",
      "content": "我……还以为能亲手抓住他……但当我面对他时……"
    },
    {
      "id": 61,
      "model": "탐정료슈",
      "content": "啧，你们把他放跑了？"
    },
    {
      "id": 62,
      "model": "단테",
      "content": "<他威胁了罗佳。说要夺走她的时间……>"
    },
    {
      "id": 63,
      "model": "탐정홍루",
      "content": "这也太……"
    },
    {
      "id": 64,
      "model": "탐정로쟈",
      "content": "而且……他早就知道。我感到特别……"
    },
    {
      "id": 65,
      "model": "탐정로쟈",
      "content": "……没事。"
    },
    {
      "id": 66,
      "content": "……罗佳似乎决定不说出“无聊”这个词，把它咽了回去。"
    },
    {
      "id": 67,
      "model": "탐정료슈",
      "content": "真可悲。"
    },
    {
      "id": 68,
      "model": "탐정로쟈",
      "content": "良秀……不像你，我的时间……很重要。"
    },
    {
      "id": 69,
      "model": "탐정로쟈",
      "content": "我不是来对这起事件评头论足的，也不是被人逼着来这里的，而是真的想解决这起事件才自愿前来的。我和你们都不一样。"
    },
    {
      "id": 70,
      "content": "我还担心良秀会因为这些话而对罗佳挥起刀鞘，但她似乎没有在听罗佳的话……"
    },
    {
      "id": 71,
      "model": "탐정료슈",
      "content": "……真无聊。"
    },
    {
      "id": 72,
      "content": "她只是点起了烟，目不转睛地望着钟塔。"
    },
    {
      "id": 73,
      "content": "可以说还好没事吧……"
    },
    {
      "id": 74,
      "model": "탐정홍루",
      "content": "罗佳小姐……"
    },
    {
      "id": 75,
      "model": "탐정로쟈",
      "content": "抱歉，我大概已经厌倦了装出一副傻笑的样子了……"
    }
  ]
}