{
  "dataList": [
    {
      "id": 0,
      "place": "T公司小巷 某处",
      "content": "虽然平常都是罗佳来缓解气氛……"
    },
    {
      "id": 1,
      "model": "탐정로쟈",
      "content": "……"
    },
    {
      "id": 2,
      "content": "可一旦她本人也消沉起来，竟会变得如此糟糕。空气中弥漫着令人无法忽视的寒意。"
    },
    {
      "id": 3,
      "content": "如果在巴士上，还有李箱或者格里高尔会缓和一下气氛……但良秀和鸿璐都不是在乎气氛的人，自然也不会停止搜查。"
    },
    {
      "id": 4,
      "model": "단테",
      "content": "<这个人定格的姿势还挺有动感的……>"
    },
    {
      "id": 5,
      "model": "탐정료슈",
      "content": "熟人作案。"
    },
    {
      "id": 6,
      "model": "단테",
      "content": "<你怎么知道？>"
    },
    {
      "id": 7,
      "model": "탐정료슈",
      "content": "眼睛。看了还不明白吗？"
    },
    {
      "id": 8,
      "model": "탐정료슈",
      "content": "这是被自己认识的老鼠咬死时那种震惊的眼神。"
    },
    {
      "id": 9,
      "model": "단테",
      "content": "<虽然还没死呢……>"
    },
    {
      "id": 10,
      "model": "탐정홍루",
      "content": "说起来，他和之前的遗体有些不同？"
    },
    {
      "id": 11,
      "model": "단테",
      "content": "<也不能说是遗体，但是怎么了？>"
    },
    {
      "id": 12,
      "model": "탐정홍루",
      "content": "他戴着的围巾被撕成两半了。"
    },
    {
      "id": 13,
      "model": "탐정홍루",
      "content": "或许是不喜欢他的穿着风格？"
    },
    {
      "id": 14,
      "model": "탐정로쟈",
      "content": "圣愚们……必须活得比他人愚钝。如此一来，便能看见他人从未知晓的道路。"
    },
    {
      "id": 15,
      "model": "단테",
      "content": "<……罗佳？>"
    },
    {
      "id": 16,
      "model": "탐정로쟈",
      "content": "用索尼亚的话来说。围巾是用于隐藏那些的枷锁。因为心怀理想之人不得不被束缚。"
    },
    {
      "id": 17,
      "model": "T사대표",
      "teller": "助手",
      "title": "T公司",
      "content": "但你却没戴围巾呢。"
    },
    {
      "id": 18,
      "model": "탐정로쟈",
      "content": "哈哈……那条围巾不太合我口味……"
    },
    {
      "id": 19,
      "model": "탐정홍루",
      "content": "那么把这条围巾撕成两半的意思是……"
    },
    {
      "id": 20,
      "model": "탐정로쟈",
      "content": "犯人曾经是圣愚的成员……我们得回到圣愚据点。有些事要问问了。"
    },
    {
      "id": 21,
      "content": "不久之后……"
    },
    {
      "id": 22,
      "place": "圣愚 秘密据点前",
      "model": "유로지비멤버2",
      "teller": "愤怒的活动成员",
      "title": "20区 圣愚",
      "content": "可恶……队长居然被干掉了……！"
    },
    {
      "id": 23,
      "model": "유로지비멤버2",
      "teller": "愤怒的活动成员",
      "title": "20区 圣愚",
      "content": "啊？最近有没有人退出？"
    },
    {
      "id": 24,
      "model": "유로지비멤버2",
      "teller": "愤怒的活动成员",
      "title": "20区 圣愚",
      "content": "虽然还没有退出……但最近有些不来了的家伙。"
    },
    {
      "id": 25,
      "model": "유로지비멤버2",
      "teller": "愤怒的活动成员",
      "title": "20区 圣愚",
      "content": "有没有人说过要夺走T公司多余的时间然后平均分配？"
    },
    {
      "id": 26,
      "model": "유로지비멤버2",
      "teller": "愤怒的活动成员",
      "title": "20区 圣愚",
      "content": "啊对，有这么个人。自从他的弟弟……因为事故死了之后，他看上去就有点奇怪。"
    },
    {
      "id": 27,
      "model": "탐정로쟈",
      "content": "没有人赞同他的计划吗？"
    },
    {
      "id": 28,
      "model": "유로지비멤버2",
      "teller": "愤怒的活动成员",
      "title": "20区 圣愚",
      "content": "有肯定是有的，不过不行啊。我们可是圣愚。在圣者大人宣告之前都不能草率行事的。"
    },
    {
      "id": 29,
      "model": "탐정로쟈",
      "content": "……是吗？"
    },
    {
      "id": 30,
      "model": "탐정료슈",
      "content": "那家伙在哪？"
    },
    {
      "id": 31,
      "model": "유로지비멤버2",
      "teller": "愤怒的活动成员",
      "title": "20区 圣愚",
      "content": "谁知道。他只留下一句“我会一直看着你们”之类的吓人话就消失了，不过这应该代表他还在T公司里吧。"
    },
    {
      "id": 32,
      "model": "유로지비멤버2",
      "teller": "愤怒的活动成员",
      "title": "20区 圣愚",
      "content": "……还有，我们队长还能回来的对吧？"
    },
    {
      "id": 33,
      "place": "阴暗的T公司小巷",
      "model": "단테",
      "content": "<一直……看着……>"
    },
    {
      "id": 34,
      "model": "탐정료슈",
      "content": "呼……"
    },
    {
      "id": 35,
      "model": "탐정료슈",
      "content": "时钟。"
    },
    {
      "id": 36,
      "model": "단테",
      "content": "<嗯？>"
    },
    {
      "id": 37,
      "model": "탐정료슈",
      "content": "我在杀人之后，一般会点根烟。"
    },
    {
      "id": 38,
      "model": "단테",
      "content": "<但感觉你平常也一直在抽……>"
    },
    {
      "id": 39,
      "model": "탐정료슈",
      "content": "理由是，在香烟燃尽的四分钟间……"
    },
    {
      "id": 40,
      "model": "탐정료슈",
      "content": "看着生命随香烟一起缓缓燃尽，很享受。"
    },
    {
      "id": 41,
      "model": "탐정료슈",
      "content": "四分钟。我知道这烟全部烧完需要的时间是四分钟。"
    },
    {
      "id": 42,
      "model": "탐정료슈",
      "content": "但那个时钟却只过了两分钟。"
    },
    {
      "id": 43,
      "model": "탐정로쟈",
      "content": "欸？那不可能啊？"
    },
    {
      "id": 44,
      "model": "탐정로쟈",
      "content": "为什么这一带的人们……没有注意到……时钟坏掉了呢？"
    },
    {
      "id": 45,
      "model": "탐정료슈",
      "content": "不止一次。"
    },
    {
      "id": 46,
      "model": "탐정료슈",
      "content": "自从这个侦探游戏开始后，我的香烟全部燃尽消耗的时间总是两分钟。"
    },
    {
      "id": 47,
      "model": "T사대표",
      "teller": "助手",
      "title": "T公司",
      "content": "是不是有人说过这是因为人们变得无精打采来着？"
    },
    {
      "id": 48,
      "place": "过去，T公司钟表工厂",
      "model": "범블",
      "teller": "班布尔",
      "title": "T公司",
      "content": "我明明在焦急地等着某件事情完成啦，但时间却迟迟没有变化呀，真是让人不耐烦哇。"
    },
    {
      "id": 49,
      "place": "过去，T公司小巷 某处",
      "model": "T사2등급",
      "teller": "2级征收人员",
      "title": "T公司",
      "content": "我都快无聊死了。因为一直都在同一个地方盘查……"
    },
    {
      "id": 50,
      "place": "阴暗的T公司小巷",
      "model": "탐정로쟈",
      "content": "助手……第一和第二个受害者……被袭击的时候正在做什么？"
    },
    {
      "id": 51,
      "model": "T사대표",
      "teller": "助手",
      "title": "T公司",
      "content": "嗯……一个人是在买13种口味的棒棒糖时被袭击的，而另一个人则是在读漫画时。那本漫画的主人公是T公司的发明家，相当值得一读哦。"
    },
    {
      "id": 52,
      "model": "탐정로쟈",
      "content": "T公司之中……有很多钟塔吗？"
    },
    {
      "id": 53,
      "model": "T사대표",
      "teller": "助手",
      "title": "T公司",
      "content": "T公司共有12座钟塔。不过这附近只有一座。"
    },
    {
      "id": 54,
      "model": "탐정로쟈",
      "content": "受害者们被时间杀人的地点……都在这座钟塔附近吧？"
    },
    {
      "id": 55,
      "model": "T사대표",
      "teller": "助手",
      "title": "T公司",
      "content": "没错，侦探小姐。"
    },
    {
      "id": 56,
      "model": "탐정로쟈",
      "content": "如果他让钟塔的时间变慢了……"
    },
    {
      "id": 57,
      "model": "탐정로쟈",
      "content": "让这附近所有经过的人们都感到无聊的话……？"
    },
    {
      "id": 58,
      "model": "T사대표",
      "teller": "助手",
      "title": "T公司",
      "content": "无聊啊……那就是可以盗取时间的前提条件吗。"
    },
    {
      "id": 59,
      "model": "탐정료슈",
      "content": "钟塔。"
    },
    {
      "id": 60,
      "model": "탐정료슈",
      "content": "那片景色正好适合点上一支烟。"
    },
    {
      "id": 61,
      "model": "T사대표",
      "teller": "助手",
      "title": "T公司",
      "content": "啊。我都忘记提了，你们知道没有任何证据是不能逮捕他的吧，各位侦探？"
    },
    {
      "id": 62,
      "model": "탐정로쟈",
      "content": "欸？"
    },
    {
      "id": 63,
      "model": "T사대표",
      "teller": "助手",
      "title": "T公司",
      "content": "你们必须抓到犯罪现场。如果你们贸然进攻，觉得某人是犯人就逮捕他的话，可能会出现问题的。"
    },
    {
      "id": 64,
      "model": "탐정로쟈",
      "content": "什么，你是说要我们被那家伙袭击吗？只是为了抓他个现行？"
    },
    {
      "id": 65,
      "model": "탐정로쟈",
      "content": "你知道吗？那家伙能夺取时间。"
    },
    {
      "id": 66,
      "model": "탐정로쟈",
      "content": "搞不好你在数周、数月、甚至数年后才会再度睁开眼睛。"
    },
    {
      "id": 67,
      "model": "탐정로쟈",
      "content": "也不知道但丁……能不能把那些时间完全拨回……"
    },
    {
      "id": 68,
      "model": "T사대표",
      "teller": "助手",
      "title": "T公司",
      "content": "虽然是个遗憾的消息，但那不是你们应该承担的责任吗？"
    },
    {
      "id": 69,
      "model": "탐정로쟈",
      "content": "你……真的想要抓到犯人吗？"
    },
    {
      "id": 70,
      "model": "탐정로쟈",
      "content": "还是说……你只是对犯人夺取时间的方法感兴趣？"
    },
    {
      "id": 71,
      "model": "T사대표",
      "teller": "助手",
      "title": "T公司",
      "content": "没错，名侦探。"
    },
    {
      "id": 72,
      "model": "T사대표",
      "teller": "助手",
      "title": "T公司",
      "content": "哈啊……我一直以为这个都市里没有我不知道的发明。"
    },
    {
      "id": 73,
      "model": "T사대표",
      "teller": "助手",
      "title": "T公司",
      "content": "我知晓T公司中所有机器的构造。"
    },
    {
      "id": 74,
      "model": "T사대표",
      "teller": "助手",
      "title": "T公司",
      "content": "我也知道你那留在牢房里的同事曾经在这里制作的奇怪发明。"
    },
    {
      "id": 75,
      "model": "T사대표",
      "teller": "助手",
      "title": "T公司",
      "content": "比起让那件发明被T公司的专利局抓到，我更想看到它在都市中传播开来。所以即使在他逃去后巷的时候，我也没有积极地去逮捕他。绝不是因为太麻烦了。"
    },
    {
      "id": 76,
      "model": "T사대표",
      "teller": "助手",
      "title": "T公司",
      "content": "所以，对你的回答为“是”。就像九人会那时候一样，我对搜查犯人没有兴趣。我只是很好奇时间杀人的方法。发明家们大概都是这种感觉。可以说是老毛病了吧。"
    },
    {
      "id": 77,
      "model": "탐정료슈",
      "content": "同意。"
    },
    {
      "id": 78,
      "model": "탐정로쟈",
      "content": "和这样的家伙在一起……我该怎么……"
    },
    {
      "id": 79,
      "model": "탐정홍루",
      "content": "助手大人。"
    },
    {
      "id": 80,
      "model": "탐정홍루",
      "content": "我有一些在意的事情。"
    },
    {
      "id": 81,
      "model": "탐정홍루",
      "content": "默尔索先生站上时间秤绞刑架的时候，机器不是发出了特别刺耳的声音吗？"
    },
    {
      "id": 82,
      "model": "T사대표",
      "teller": "助手",
      "title": "T公司",
      "content": "那位沉默寡言的朋友吗？没有错。"
    },
    {
      "id": 83,
      "model": "탐정홍루",
      "content": "如果您知晓所有机器构造的话，那您也知道其为什么会发生故障吗？"
    },
    {
      "id": 84,
      "model": "T사대표",
      "teller": "助手",
      "title": "T公司",
      "content": "嗯，当然。"
    },
    {
      "id": 85,
      "model": "탐정홍루",
      "content": "那个绞刑架为何没能拿走默尔索先生100亿眼的时间呢？是因为其坏掉了吗？"
    },
    {
      "id": 86,
      "model": "T사대표",
      "teller": "助手",
      "title": "T公司",
      "content": "说什么呢，我设计的机器不会出问题。大部分时候。"
    },
    {
      "id": 87,
      "model": "탐정홍루",
      "content": "那就不是机器，而是默尔索先生或是我们的问题了吧……？"
    },
    {
      "id": 88,
      "model": "단테",
      "content": "<……？>"
    },
    {
      "id": 89,
      "model": "T사대표",
      "teller": "助手",
      "title": "T公司",
      "content": "不得了。穿着侦探服玩侦探游戏，不知不觉间你还真像那么回事了啊。"
    },
    {
      "id": 90,
      "model": "탐정홍루",
      "content": "多亏了阿加莎女士，她说名侦探的基本要素之一就是永无止境的探求心。呼呼。"
    },
    {
      "id": 91,
      "content": "但是解决时间税问题的条件不是抓住犯人吗……正当我如此思考之时，5级员工像是察觉到我的担忧一般补充道。"
    },
    {
      "id": 92,
      "model": "T사대표",
      "teller": "助手",
      "title": "T公司",
      "content": "当然，这并不是说我不会帮你们逮捕犯人。虽然简单，但我有一个计划。"
    },
    {
      "id": 93,
      "model": "T사대표",
      "teller": "助手",
      "title": "T公司",
      "content": "现在，仔细听好……"
    }
  ]
}