{
  "dataList": [
    {
      "id": 0,
      "place": "钟塔",
      "model": "시간살인마",
      "content": "你曾因于眼前逝去的每一分每一秒而感到惋惜，甚至痛哭流涕吗？"
    },
    {
      "id": 1,
      "model": "시간살인마",
      "content": "你曾因秒针牵动的每一次心跳而痛苦不堪，就此祈求心脏停止跳动吗？"
    },
    {
      "id": 2,
      "model": "시간살인마",
      "content": "你们不可能经历过吧……因为你们的时间是那么充裕……"
    },
    {
      "id": 3,
      "content": "于是，时间杀人魔逃进了突然出现的晃动着的空间。"
    },
    {
      "id": 4,
      "model": "뫼르소",
      "content": "看来这是和我们至今见过的心象镜像迷宫相同的空间。"
    },
    {
      "id": 5,
      "model": "탐정로쟈",
      "content": "……"
    },
    {
      "id": 6,
      "model": "탐정로쟈",
      "content": "但丁，顺便说一下，我……第一次觉得好奇……"
    },
    {
      "id": 7,
      "model": "탐정로쟈",
      "content": "我们所使用的这些时间……你的时间……"
    },
    {
      "id": 8,
      "model": "탐정로쟈",
      "content": "它们是从哪里来的？"
    },
    {
      "id": 9,
      "model": "단테",
      "content": "<那是……>"
    },
    {
      "id": 10,
      "content": "我只想着把时钟拨回去，并不知道随之而去的时间来自何方。"
    },
    {
      "id": 11,
      "model": "탐정료슈",
      "content": "管·他·的。"
    },
    {
      "id": 12,
      "model": "탐정로쟈",
      "content": "……是啊。嘛，谁会在乎呢？"
    },
    {
      "id": 13,
      "content": "我希望我能够回答她，但实际上我自己也什么都不知道……"
    },
    {
      "id": 14,
      "content": "经过良秀简短的总结，那些无从知晓答案的疑问戛然而止了。"
    },
    {
      "id": 15,
      "model": "오티스",
      "content": "心象镜像迷宫……"
    },
    {
      "id": 16,
      "model": "오티스",
      "content": "进去看看吧。"
    }
  ]
}