{
  "dataList": [
    {
      "id": 0,
      "place": "钟塔",
      "model": "단테",
      "content": "<所以……>"
    },
    {
      "id": 1,
      "model": "단테",
      "content": "<这计划真的管用吗？>"
    },
    {
      "id": 2,
      "model": "단테",
      "content": "<虽然说是计划，但也只是10分钟匆匆忙忙想出来的……>"
    },
    {
      "id": 3,
      "model": "탐정료슈",
      "content": "啧，烦人。"
    },
    {
      "id": 4,
      "model": "탐정로쟈",
      "content": "……嘘。快藏起来。"
    },
    {
      "id": 5,
      "model": "시간살인마",
      "content": "……"
    },
    {
      "id": 6,
      "model": "탐정홍루",
      "content": "您好。我等很久啦。"
    },
    {
      "id": 7,
      "model": "단테",
      "content": "<……>"
    },
    {
      "id": 8,
      "model": "탐정로쟈",
      "content": "……对着杀人魔问好……？"
    },
    {
      "id": 9,
      "model": "시간살인마",
      "content": "真是有趣的会面……面对我们，你还能心平气和地打招呼。"
    },
    {
      "id": 10,
      "model": "시간살인마",
      "content": "你们一直在跟踪我们吗？"
    },
    {
      "id": 11,
      "model": "탐정홍루",
      "content": "呼呼。当然。你们在比我想象的更为接近的地方呢。"
    },
    {
      "id": 12,
      "model": "시간살인마",
      "content": "看来……你也是想通过侦探游戏来消磨时间的其中一人。"
    },
    {
      "id": 13,
      "model": "탐정홍루",
      "content": "是，说的没错。您知道有效利用时间的方法吗？"
    },
    {
      "id": 14,
      "model": "시간살인마",
      "content": "我会教给你的。当然，前提是能交出你的时间……"
    },
    {
      "id": 15,
      "model": "시간살인마",
      "content": "啊，等等……你说什么？30小时？又不是小孩子开玩笑。那么点完全不够。"
    },
    {
      "id": 16,
      "model": "시간살인마",
      "content": "考虑考虑我们因为这些家伙四处逃跑而消失的时间！要是有那些时间，我们原本能得到更多时间的。拿走300小时才划算。"
    },
    {
      "id": 17,
      "model": "시간살인마",
      "content": "赞成。既然他们也与T公司肮脏的表链子们合作，就这样送回去他们也只会继续对我们穷追不舍。有必要杀鸡儆猴。"
    },
    {
      "id": 18,
      "model": "시간살인마",
      "content": "我也赞成。要我说干脆切个正好能被12整除的时间……"
    },
    {
      "id": 19,
      "model": "시간살인마",
      "content": "总而言之，尽量往深了刺不就好了！要是像之前那个厂长一样刺歪了，只拿到100小时的话就麻烦了。"
    },
    {
      "id": 20,
      "model": "시간살인마",
      "content": "都安静。时间由我来决定。尽可能往深处切，拿走1000小时。这么多分给大家也绰绰有余。"
    },
    {
      "id": 21,
      "model": "시간살인마",
      "content": "不过，这1000小时里我们也许会失去味觉？不过反正痛苦也会被平均分担，把1000小时按照人数分割的话……还是能接受的。"
    },
    {
      "id": 22,
      "model": "단테",
      "content": "<怎么回事……总感觉，像是同一个人不停切换成不同的人格在讲话……>"
    },
    {
      "id": 23,
      "content": "在我对犯人的奇妙举动抱有疑问时，鸿璐的行动也突然变得奇怪起来。"
    },
    {
      "id": 24,
      "content": "就像是放下了什么包袱……又或者是心态变得轻松了一样……"
    },
    {
      "id": 25,
      "model": "탐정홍루",
      "content": "1000小时啊……"
    },
    {
      "id": 26,
      "model": "탐정홍루",
      "content": "眨眼之后，1000小时就会过去吗？"
    },
    {
      "id": 27,
      "model": "시간살인마",
      "content": "没错，而且毫无痛苦。不过睁眼之后等待你的只有绝望。"
    },
    {
      "id": 28,
      "model": "탐정홍루",
      "content": "那……我也赞成。"
    },
    {
      "id": 29,
      "model": "탐정홍루",
      "content": "请拿走吧。"
    },
    {
      "id": 30,
      "model": "단테",
      "content": "<……！>"
    },
    {
      "id": 31,
      "model": "탐정로쟈",
      "content": "他不是……真心这么说的吧？"
    },
    {
      "id": 32,
      "model": "탐정료슈",
      "content": "能切碎时间的剃刀吗。"
    },
    {
      "id": 33,
      "model": "T사대표",
      "teller": "助手",
      "title": "T公司",
      "content": "那就是抽取时间的核心吧。虽然不是发明，而是扭曲的力量……"
    },
    {
      "id": 34,
      "model": "T사대표",
      "teller": "助手",
      "title": "T公司",
      "content": "但是也好帅啊？扭曲能拥有那种力量吗？拥有把脑海中梦想的方法化作现实的力量？"
    },
    {
      "id": 35,
      "model": "시간살인마",
      "content": "……！"
    },
    {
      "id": 36,
      "model": "탐정홍루",
      "content": "……"
    },
    {
      "id": 37,
      "content": "如同时间真正停止一般的寂静……比我想象的要更为漫长。"
    },
    {
      "id": 38,
      "model": "시간살인마",
      "content": "为什么，切不开你的时间？"
    },
    {
      "id": 39,
      "model": "탐정홍루",
      "content": "按计划进行啦。完全没有变化。"
    },
    {
      "id": 40,
      "model": "탐정홍루",
      "content": "即使眨眼之后，世界也一如我所知哦？"
    },
    {
      "id": 41,
      "model": "시간살인마",
      "content": "什、什么……！"
    },
    {
      "id": 42,
      "model": "시간살인마",
      "content": "我们中了陷阱，一群蠢货！还没搞清楚吗？"
    },
    {
      "id": 43,
      "model": "탐정료슈",
      "content": "现·逮。"
    },
    {
      "id": 44,
      "model": "단테",
      "content": "<呼……真是万幸……>"
    },
    {
      "id": 45,
      "content": "大约30分钟前……"
    },
    {
      "id": 46,
      "place": "30分钟前，T公司小巷",
      "model": "T사대표",
      "teller": "助手",
      "title": "T公司",
      "content": "和我刚刚所说的一样，时间秤绞刑架并没有坏。问题出在你们身上。"
    },
    {
      "id": 47,
      "model": "T사대표",
      "teller": "助手",
      "title": "T公司",
      "content": "你们12人的时间，已经归属在某人的时间里了。所以……"
    },
    {
      "id": 48,
      "model": "단테",
      "content": "<某人的时间？难道是我的？>"
    },
    {
      "id": 49,
      "model": "T사대표",
      "teller": "助手",
      "title": "T公司",
      "content": "悬吊时间的时间秤绞刑架发生了多重参考错误。"
    },
    {
      "id": 50,
      "model": "탐정로쟈",
      "content": "总之就是说，我们已经活在但丁的时间里了……所以没办法悬吊我们的时间？"
    },
    {
      "id": 51,
      "model": "단테",
      "content": "<我完全不知道……>"
    },
    {
      "id": 52,
      "model": "탐정홍루",
      "content": "既然我们不知道……"
    },
    {
      "id": 53,
      "model": "탐정홍루",
      "content": "时间杀人魔也肯定无从得知。"
    },
    {
      "id": 54,
      "model": "탐정홍루",
      "content": "那么，当时间杀人魔出现，并试图切取我的时间时……"
    },
    {
      "id": 55,
      "model": "탐정홍루",
      "content": "就由罗佳小姐和良秀小姐闪亮登场，把他现场逮捕就好啦。"
    },
    {
      "id": 56,
      "content": "……我们就这么做了个陷阱计划。"
    },
    {
      "id": 57,
      "model": "단테",
      "content": "<即使如此，但万一……>"
    },
    {
      "id": 58,
      "model": "단테",
      "content": "<鸿璐的时间被取走了该怎么办？>"
    },
    {
      "id": 59,
      "model": "탐정홍루",
      "content": "没关系的，但丁经理。"
    },
    {
      "id": 60,
      "model": "탐정홍루",
      "content": "一切都会顺利的。"
    },
    {
      "id": 61,
      "model": "T사대표",
      "teller": "助手",
      "title": "T公司",
      "content": "哈啊……光是T公司的其中一座钟塔故障了这事被传出去，就足够在大街小巷引起一阵子骚动了。"
    },
    {
      "id": 62,
      "model": "T사대표",
      "teller": "助手",
      "title": "T公司",
      "content": "无人怀疑其准确性的大家的时钟，其实传达了错误的时间。感觉光是旁观这一骚动都会很有意思。"
    },
    {
      "id": 63,
      "model": "단테",
      "content": "<……我会努力不出故障的。>"
    },
    {
      "id": 64,
      "model": "T사대표",
      "teller": "助手",
      "title": "T公司",
      "content": "滴答，滴答……"
    },
    {
      "id": 65,
      "model": "T사대표",
      "teller": "助手",
      "title": "T公司",
      "content": "我说参与奖啊，我曾经很讨厌时钟指针的声音。"
    },
    {
      "id": 66,
      "model": "T사대표",
      "teller": "助手",
      "title": "T公司",
      "content": "也不知道是从什么时候开始的，那声音于我而言就像是苦痛在循环往复一样。就好像……形似指针的刀刃在削砍我一样。一把……时间之刃。"
    },
    {
      "id": 67,
      "model": "T사대표",
      "teller": "助手",
      "title": "T公司",
      "content": "但你的音色稍微有些不同……只是听着似乎就能怀抱起新的梦想。毫无痛苦。"
    },
    {
      "id": 68,
      "model": "T사대표",
      "teller": "助手",
      "title": "T公司",
      "content": "嘛，所以呢……我感觉应该向你道个谢。"
    },
    {
      "id": 69,
      "model": "단테",
      "content": "<虽然不知道你想感谢什么……不过比起那些，可以告诉他我有一个请求吗？>"
    },
    {
      "id": 70,
      "model": "탐정홍루",
      "content": "但丁经理有一个请求。"
    },
    {
      "id": 71,
      "model": "T사대표",
      "teller": "助手",
      "title": "T公司",
      "content": "是吗，说吧。"
    },
    {
      "id": 72,
      "model": "단테",
      "content": "<差不多……要开始一场苦战了。毕竟我有不少经验了。>"
    },
    {
      "id": 73,
      "model": "단테",
      "content": "<现在……是时候放其他罪人们回来了。>"
    },
    {
      "id": 74,
      "place": "再次，在钟塔",
      "model": "이스마엘",
      "content": "结果还是在快抓到犯人之前才把我们放出来……"
    },
    {
      "id": 75,
      "model": "이스마엘",
      "content": "经理，和那三个人的行动如何？还轻松吗？"
    },
    {
      "id": 76,
      "model": "오티스",
      "content": "我相信……您会对我的缺席深有感悟。"
    },
    {
      "id": 77,
      "model": "싱클레어",
      "content": "我在那间牢房里……待得浑身疼……再也不想进去了……"
    },
    {
      "id": 78,
      "model": "히스클리프2",
      "content": "那家伙就是那个什么时间杀人魔吗？"
    },
    {
      "id": 79,
      "model": "파우스트",
      "content": "那是我们应当处理的扭曲。"
    }
  ]
}