{
  "dataList": [
    {
      "id": 0,
      "place": "钟塔",
      "model": "다친시간살인마변신",
      "content": "……"
    },
    {
      "id": 1,
      "model": "T사대표",
      "teller": "助手",
      "title": "T公司",
      "content": "如果再给我10分钟，不，1分钟，就算几秒也……"
    },
    {
      "id": 2,
      "model": "T사대표",
      "teller": "助手",
      "title": "T公司",
      "content": "如果时间再稍微多一些，我能改变的肯定比现在多得多……！"
    },
    {
      "id": 3,
      "model": "T사대표",
      "teller": "助手",
      "title": "T公司",
      "content": "……我曾经也有过这样的想法。"
    },
    {
      "id": 4,
      "model": "다친시간살인마변신",
      "content": "所……以……呢……"
    },
    {
      "id": 5,
      "model": "다친시간살인마변신",
      "content": "你……为了……改变……做过些什么？"
    },
    {
      "id": 6,
      "model": "T사대표",
      "teller": "助手",
      "title": "T公司",
      "content": "虽然难以置信……"
    },
    {
      "id": 7,
      "model": "T사대표",
      "teller": "助手",
      "title": "T公司",
      "content": "这一切都是由我改变的。"
    },
    {
      "id": 8,
      "model": "다친시간살인마변신",
      "content": "……"
    },
    {
      "id": 9,
      "model": "T사대표",
      "teller": "助手",
      "title": "T公司",
      "content": "我知道我知道，你们一定想问“这能叫改变吗？”对吧。结果跟别的地方没有区别，成为了一个同样充满痛苦的巢。"
    },
    {
      "id": 10,
      "model": "T사대표",
      "teller": "助手",
      "title": "T公司",
      "content": "所以……听着，好好听着。归根结底，消除痛苦的最完美的方法是……"
    },
    {
      "id": 11,
      "model": "T사대표",
      "teller": "助手",
      "title": "T公司",
      "content": "将时间停止。"
    },
    {
      "id": 12,
      "model": "단테",
      "content": "<停止时间……？>"
    },
    {
      "id": 13,
      "content": "助手露出了苦涩的表情，没有再多说什么。"
    },
    {
      "id": 14,
      "content": "不仅语言不通，罪人们又得忙着控制住无力化的时间杀人魔以防他逃跑……恐怕对话很难继续下去了。"
    },
    {
      "id": 15,
      "content": "一如往常，LCA的特别作战小组没过多久就赶到现场，简单交谈过后……"
    },
    {
      "id": 16,
      "content": "随着扭曲的时间杀人魔被贴上了复杂的分类编号并回收……"
    },
    {
      "id": 17,
      "content": "时间杀人时间终于尘埃落定。"
    },
    {
      "id": 18,
      "content": "但是……"
    },
    {
      "id": 19,
      "place": "T公司钟表工厂",
      "model": "범블",
      "teller": "班布尔",
      "title": "T公司",
      "content": "抓住了犯人真是太好了呢~"
    },
    {
      "id": 20,
      "model": "범블",
      "teller": "班布尔",
      "title": "T公司",
      "content": "啊，我的肖像画终于完成了呢~怎么样？帅吧？"
    },
    {
      "id": 21,
      "model": "범블",
      "teller": "班布尔",
      "title": "T公司",
      "content": "你们还是这~么慢！大家动作快一点吧~！"
    },
    {
      "id": 22,
      "content": "正如那位员工当时所说，T公司丝毫没有改变。"
    },
    {
      "id": 23,
      "place": "附近的时间征收所",
      "model": "탐정로쟈",
      "content": "为什么……你会自愿去当引出那个杀人魔的诱饵，鸿璐？"
    },
    {
      "id": 24,
      "model": "탐정로쟈",
      "content": "其实我……非常害怕。因为一想到我的时间会在我感觉到之前就消失掉……"
    },
    {
      "id": 25,
      "model": "탐정홍루",
      "content": "我只是……想要多理解一点。"
    },
    {
      "id": 26,
      "model": "탐정홍루",
      "content": "对我来说，世界……总是充满了我无法理解的东西。"
    },
    {
      "id": 27,
      "model": "탐정홍루",
      "content": "其实到现在我仍然不理解。明明时间无论如何都会一点点消失，可为什么大家都拼了命地想要抓住它呢？"
    },
    {
      "id": 28,
      "model": "탐정로쟈",
      "content": "……是啊？"
    },
    {
      "id": 29,
      "model": "탐정홍루",
      "content": "尽管如此，我至少明白了一件事。"
    },
    {
      "id": 30,
      "model": "탐정홍루",
      "content": "罗佳小姐理解那个人。遇到那个人的时候，罗佳小姐不仅仅是在害怕……"
    },
    {
      "id": 31,
      "model": "탐정홍루",
      "content": "同时你也能理解那种感受……所以才没能抓住他吧。"
    },
    {
      "id": 32,
      "model": "탐정로쟈",
      "content": "你是……怎么知道的？"
    },
    {
      "id": 33,
      "model": "탐정홍루",
      "content": "当我的哥哥姐姐们第一次要杀我的时候，为什么我完全没有反抗呢……而看着罗佳小姐时我回想起来了。"
    },
    {
      "id": 34,
      "model": "탐정홍루",
      "content": "不仅仅是感到害怕……"
    },
    {
      "id": 35,
      "model": "탐정홍루",
      "content": "而且我觉得自己能理解他们的感受。"
    },
    {
      "id": 36,
      "model": "탐정료슈",
      "content": "恐惧达到极点，触及本源的那一刻。"
    },
    {
      "id": 37,
      "model": "탐정료슈",
      "content": "那是宝贵的……美好的瞬间。"
    },
    {
      "id": 38,
      "teller": "T公司记者",
      "title": "T公司",
      "content": "来……来……请大家都站在一起。"
    },
    {
      "id": 39,
      "model": "돈키호테",
      "content": "难……难道说……"
    },
    {
      "id": 40,
      "teller": "T公司记者",
      "title": "T公司",
      "content": "我们将为解决了在整个T公司引起轩然大波的时间杀人时间的一等功臣们撰写一篇特辑报道。为此我想给侦探们拍一张合影。"
    },
    {
      "id": 41,
      "model": "돈키호테",
      "content": "怎……怎会有如此可喜之事！"
    },
    {
      "id": 42,
      "model": "탐정로쟈",
      "content": "……"
    },
    {
      "id": 43,
      "model": "단테",
      "content": "<罗佳，你怎么那种表情？>"
    },
    {
      "id": 44,
      "model": "탐정로쟈",
      "content": "哈哈，把我也拍进去真的没事吗。"
    },
    {
      "id": 45,
      "model": "탐정로쟈",
      "content": "毕竟到最后我都没有做出什么贡献。"
    },
    {
      "id": 46,
      "model": "탐정홍루",
      "content": "但是罗佳小姐，最后我们成功抓到凶手了吧~这是大家共同努力、取得胜利的结果哦。"
    },
    {
      "id": 47,
      "model": "단테",
      "content": "<罗佳，鸿璐，良秀，大家都很棒。>"
    },
    {
      "id": 48,
      "model": "탐정로쟈",
      "content": "不是大家，应该是他们俩吧。我因为害怕犯人而畏畏缩缩的……真不像话。"
    },
    {
      "id": 49,
      "model": "탐정홍루",
      "content": "在优秀的侦探身后，总会有优秀的助手。"
    },
    {
      "id": 50,
      "model": "탐정로쟈",
      "content": "哈，真会说笑~这也是那位阿加莎女士说的吗？"
    },
    {
      "id": 51,
      "model": "탐정홍루",
      "content": "不是哦，这是我刚刚说的。"
    },
    {
      "id": 52,
      "model": "탐정로쟈",
      "content": "……"
    },
    {
      "id": 53,
      "model": "탐정료슈",
      "content": "只有我才能那样苦·笑。"
    },
    {
      "id": 54,
      "model": "탐정료슈",
      "content": "笑吧，侦探。"
    },
    {
      "id": 55,
      "model": "탐정로쟈",
      "content": "哈……哈哈……"
    },
    {
      "id": 56,
      "teller": "T公司记者",
      "title": "T公司",
      "content": "来来，再靠近一点点。"
    },
    {
      "id": 57,
      "model": "탐정로쟈",
      "content": "……可什么都没做的我，面对那些尝试着想要改变什么的人们……"
    },
    {
      "id": 58,
      "model": "탐정로쟈",
      "content": "真的有阻止他们的资格吗？"
    },
    {
      "id": 59,
      "content": "似乎只有我听到了罗佳的喃喃自语。"
    },
    {
      "id": 60,
      "teller": "T公司记者",
      "title": "T公司",
      "content": "那么，一，二！"
    },
    {
      "id": 61,
      "model": "돈키호테",
      "content": "等等！！！"
    },
    {
      "id": 62,
      "content": "咔嚓！"
    },
    {
      "id": 63,
      "place": "T公司小巷 某处",
      "model": "마이",
      "teller": "麦",
      "title": "T公司",
      "content": "代表，时间差不多了……"
    },
    {
      "id": 64,
      "model": "진짜T사대표",
      "teller": "代表？",
      "title": "T公司",
      "content": "啊，麦。谢谢你的衣服。干干净净完全没有弄脏，所以不用洗也可以哦。"
    },
    {
      "id": 65,
      "model": "단테",
      "content": "<代表……？他什么时候换的衣服……>"
    },
    {
      "id": 66,
      "model": "진짜T사대표",
      "teller": "代表？",
      "title": "T公司",
      "content": "我久违地度过了愉快的一天。感谢你，参与奖。"
    },
    {
      "id": 67,
      "model": "진짜T사대표",
      "teller": "代表？",
      "title": "T公司",
      "content": "偶尔也想像这样体验一下公司之外的事情呢。"
    },
    {
      "id": 68,
      "model": "단테",
      "content": "<不是感谢我们帮忙解决了事件……？>"
    },
    {
      "id": 69,
      "model": "진짜T사대표",
      "teller": "代表？",
      "title": "T公司",
      "content": "嗯~考虑到你的能力和有效的指挥，也许能拿到一等……不对？既然自己都不清楚原理，那应该算是特别奖吧。毕竟你的时钟很不可思议，但和我熟知的时间也没有太大差异。"
    },
    {
      "id": 70,
      "model": "진짜T사대표",
      "teller": "代表？",
      "title": "T公司",
      "content": "就用个小知识来代替奖金好了……不论如何利用时间都会伴随着代价，你最好牢记这一点。我也正因为这个而头疼呢……"
    },
    {
      "id": 71,
      "model": "진짜T사대표",
      "teller": "代表？",
      "title": "T公司",
      "content": "啊，还有件需要感谢你的事。"
    },
    {
      "id": 72,
      "model": "진짜T사대표",
      "teller": "代表？",
      "title": "T公司",
      "content": "我的梦想重新开始流动了。"
    },
    {
      "id": 73,
      "model": "진짜T사대표",
      "teller": "代表？",
      "title": "T公司",
      "content": "那天，在边界尽头与星星连接，诚恳地许下心愿后，我以为自己的梦想会就此止步。"
    },
    {
      "id": 74,
      "model": "진짜T사대표",
      "teller": "代表？",
      "title": "T公司",
      "content": "如果能再来一次，我想许下其他愿望……本以为已经许愿过的我不会再有机会了。"
    },
    {
      "id": 75,
      "content": "一提到星星，我脑海中不知为何浮现出和罪人定下契约时看到的那颗星星。"
    },
    {
      "id": 76,
      "model": "진짜T사대표",
      "teller": "代表？",
      "title": "T公司",
      "content": "我本以为自己无法再次和星星连接，也无法将时间倒回到那一刻。所以我的梦想才停滞了。卑劣的我清楚地知道，自己的梦想丧失了前进方向。"
    },
    {
      "id": 77,
      "model": "진짜T사대표",
      "teller": "代表？",
      "title": "T公司",
      "content": "但我错了。我亲眼目睹了时间以自己不曾知晓的形式回溯。据我的推测，时间自然是无法回溯的，但仍然留有一丝可能。"
    },
    {
      "id": 78,
      "model": "진짜T사대표",
      "teller": "代表？",
      "title": "T公司",
      "content": "能够切除时间的扭曲也是如此。同样证明着在时间的领域仍有我未曾触及的知识。"
    },
    {
      "id": 79,
      "model": "진짜T사대표",
      "teller": "代表？",
      "title": "T公司",
      "content": "因此，原本安安稳稳毫无波动的我的梦想，再次澎湃起来。"
    },
    {
      "id": 80,
      "model": "진짜T사대표",
      "teller": "代表？",
      "title": "T公司",
      "content": "你们不畏惧时间的态度也令我印象深刻。"
    },
    {
      "id": 81,
      "model": "진짜T사대표",
      "teller": "代表？",
      "title": "T公司",
      "content": "我每天都在思考相似的事。即使在我死后，时间也依然会流动，那真是太、太……"
    },
    {
      "id": 82,
      "model": "진짜T사대표",
      "teller": "代表？",
      "title": "T公司",
      "content": "太过恐怖了。"
    },
    {
      "id": 83,
      "model": "진짜T사대표",
      "teller": "代表？",
      "title": "T公司",
      "content": "但我并未由于畏惧死亡而去研究永生。既然时间的流逝处于无止尽的变化之中，那死与灭亡想必也会在试图逃避死与灭亡的道路中静静等候吧。"
    },
    {
      "id": 84,
      "model": "진짜T사대표",
      "teller": "代表？",
      "title": "T公司",
      "content": "时间的流逝处于无止尽的变化之中，那想要阻止这变化，就必须连同时间的流逝一并阻止。"
    },
    {
      "id": 85,
      "model": "진짜T사대표",
      "teller": "代表？",
      "title": "T公司",
      "content": "对啊，问题就在这里。最终直至时间停止之前，一切变化都将汇集成一股洪流。"
    },
    {
      "id": 86,
      "model": "단테",
      "content": "<我完全没听懂你想说什么……>"
    },
    {
      "id": 87,
      "model": "파우스트",
      "content": "但丁似乎没能完全理解您的意思。"
    },
    {
      "id": 88,
      "model": "진짜T사대표",
      "teller": "代表？",
      "title": "T公司",
      "content": "嗯？啊、啊啊。不好意思！因为你不管说什么都只有滴答声，我就一不小心把心声都说出来了。算了，对于新兴公司的执行经理而言应该也很难理解。是吧？"
    },
    {
      "id": 89,
      "model": "파우스트",
      "content": "合计100亿眼的时间累进税已经彻底处理好了吗？"
    },
    {
      "id": 90,
      "model": "진짜T사대표",
      "teller": "代表？",
      "title": "T公司",
      "content": "嗯，已经免除了。要是没有这次事件，你们所有人一辈子都要生活在4小时里了呢。敢相信吗？只是睡个觉，醒来时已经是两天后了诶。当然那也是以你们能适用每日四小时最低保障制度为前提的……"
    },
    {
      "id": 91,
      "model": "파우스트",
      "content": "虽然难以完全相信，但总之我可以接受。那么……"
    },
    {
      "id": 92,
      "model": "진짜T사대표",
      "teller": "代表？",
      "title": "T公司",
      "content": "啊，差点忘了。贵公司不是亲自给我递交过一份目录嘛。我想购买其中的独石。越多越好。"
    },
    {
      "id": 93,
      "model": "베르길리우스",
      "content": "……"
    },
    {
      "id": 94,
      "model": "진짜T사대표",
      "teller": "代表？",
      "title": "T公司",
      "content": "恭喜。成功做了一笔交易哦？那个还挺贵的，你们是不是能得到譬如销售冠军一类的奖励啊？"
    },
    {
      "id": 95,
      "model": "파우스트",
      "content": "……明白了。我们会如实转达您的请求。"
    },
    {
      "id": 96,
      "model": "베르길리우스",
      "content": "独石……你想怎么使用……"
    },
    {
      "id": 97,
      "model": "진짜T사대표",
      "teller": "代表？",
      "title": "T公司",
      "content": "保密。在这片看不见星星的天空之下，待它成真之前最好还是藏在心底吧。"
    },
    {
      "id": 98,
      "model": "진짜T사대표",
      "teller": "代表？",
      "title": "T公司",
      "content": "走吧，麦。"
    },
    {
      "id": 99,
      "model": "마이",
      "teller": "麦",
      "title": "T公司",
      "content": "好的，休伯特代表。"
    },
    {
      "id": 100,
      "model": "베르길리우스",
      "content": "公司的前进方向越来越难以理解了啊，浮士德女士。"
    },
    {
      "id": 101,
      "model": "베르길리우스",
      "content": "如今已经不满足于贩卖针对扭曲现象的劳动力，甚至开始贩卖独石了吗？"
    },
    {
      "id": 102,
      "model": "파우스트",
      "content": "……"
    },
    {
      "id": 103,
      "model": "베르길리우스",
      "content": "独石本身也并不是能够自由买卖的货物，而是和之前大楼那次一样需要由我们进行回收的物品才对吧。"
    },
    {
      "id": 104,
      "model": "베르길리우스",
      "content": "你应该明白吧？贩卖能主动引发扭曲的物品……会引起怎样的后果。"
    },
    {
      "id": 105,
      "model": "파우스트",
      "content": "不论如何，世上都存在太多能够致人于死地的技术。"
    },
    {
      "id": 106,
      "model": "파우스트",
      "content": "归根结底……那之中的大多数起初都是为人类创造的技术。"
    },
    {
      "id": 107,
      "model": "파우스트",
      "content": "只是……取决于如何使用。"
    },
    {
      "id": 108,
      "model": "베르길리우스",
      "content": "你认为能用套话敷衍了事吗，这是……"
    },
    {
      "id": 109,
      "model": "파우스트",
      "content": "维吉里乌斯。"
    },
    {
      "id": 110,
      "model": "베르길리우스",
      "content": "……"
    },
    {
      "id": 111,
      "model": "파우스트",
      "content": "看样子你还是明白的。我，以及你的立场。"
    },
    {
      "id": 112,
      "model": "파우스트",
      "content": "以及我们只能这么做。"
    },
    {
      "id": 113,
      "model": "베르길리우스",
      "content": "哈啊。"
    },
    {
      "id": 114,
      "model": "파우스트",
      "content": "我们确确实实，会抵达自己的期望。"
    },
    {
      "id": 115,
      "model": "베르길리우스",
      "content": "……好吧。"
    },
    {
      "id": 116,
      "content": "伴随着浮士德与维吉里乌斯之间弥漫着微妙气氛的对话，巴士又一次出发。"
    },
    {
      "id": 117,
      "place": "梅菲斯托费勒斯 内部",
      "model": "로쟈",
      "content": "……哦~你已经在装裱了吗？"
    },
    {
      "id": 118,
      "content": "自从回到巴士以来，罗佳就一直高声向其他罪人们搭话。"
    },
    {
      "id": 119,
      "model": "돈키호테",
      "content": "正是……如此！看！如此一来便是一张完美的剪报！"
    },
    {
      "id": 120,
      "model": "이상",
      "content": "哦哦，那么要将其装饰在何处？"
    },
    {
      "id": 121,
      "content": "堂吉诃德将印着自己照片的新闻剪下来，平平整整地摊开，覆盖上一层薄膜，随后装裱进了不知从何而来的相框里。"
    },
    {
      "id": 122,
      "content": "虽然自己的样子被拍得模模糊糊的，但她看上去还是发自内心感到喜悦……"
    },
    {
      "id": 123,
      "model": "돈키호테",
      "content": "嗯哼~虽然吾想将其装饰在这巴士中，但首次“成就”弥足珍贵，还是应当妥善保管在吾的房间内！"
    },
    {
      "id": 124,
      "model": "그레고르",
      "content": "真的可以吗……明明你整个都糊掉了。"
    },
    {
      "id": 125,
      "model": "로쟈",
      "content": "真是的，你看看你~我们小不点不都说没问题了嘛~"
    },
    {
      "id": 126,
      "model": "돈키호테",
      "content": "无妨！毕竟这是吾等的成就！"
    },
    {
      "id": 127,
      "model": "로쟈",
      "content": "没错~我、我们的……成就！哈哈……"
    },
    {
      "id": 128,
      "content": "虽然罗佳在尽可能地装作无事发生，表现出开朗的样子……"
    },
    {
      "id": 129,
      "model": "단테",
      "content": "<……>"
    },
    {
      "id": 130,
      "content": "但我能明显看出那是伪装出的样子，这让我不由得感到心痛。"
    },
    {
      "id": 131,
      "content": "而且，我目前能做的也不过是转换气氛。"
    },
    {
      "id": 132,
      "model": "단테",
      "content": "<……可以替我问问我们接下来的目的地吗，浮士德？>"
    },
    {
      "id": 133,
      "model": "파우스트",
      "content": "维吉里乌斯。但丁在……"
    },
    {
      "id": 134,
      "content": "至少聊聊有关下一次目的地的事，能够自然而然地冲淡之前发生的事吧。"
    },
    {
      "id": 135,
      "content": "我带着这样的想法提出了疑问。"
    },
    {
      "id": 136,
      "model": "베르길리우스",
      "content": "啊。我现在隐隐约约可以猜到了。是想询问目的地吧。"
    },
    {
      "id": 137,
      "content": "幸好，我的预想是正确的……新的话题成功引起了罪人们的关注。"
    },
    {
      "id": 138,
      "model": "베르길리우스",
      "content": "下一个目的地……"
    },
    {
      "id": 139,
      "content": "不过，比起转换气氛……"
    },
    {
      "id": 140,
      "model": "베르길리우스",
      "content": "是WARP列车，但丁。"
    },
    {
      "id": 141,
      "content": "似乎更像是带来了新的风暴……"
    }
  ]
}