{
  "dataList": [
    {
      "id": 0,
      "place": "心象镜像迷宫",
      "model": "시간살인마변신",
      "content": "啧，刚才开始就尽在耍些小把戏……"
    },
    {
      "id": 1,
      "model": "시간살인마변신",
      "content": "你之前说的那个，现在用上不是正好吗？"
    },
    {
      "id": 2,
      "model": "시간살인마변신",
      "content": "但……那是不是有点太费时间了？"
    },
    {
      "id": 3,
      "model": "시간살인마변신",
      "content": "共同分担的时间支出也太多了吧！"
    },
    {
      "id": 4,
      "model": "시간살인마변신",
      "content": "各位，都安静一下……"
    },
    {
      "id": 5,
      "model": "시간살인마변신",
      "content": "在这里拖延时间本身就是一种损失。"
    },
    {
      "id": 6,
      "model": "시간살인마변신",
      "content": "只要这个攻击成功，他们就一定会死的……"
    },
    {
      "id": 7,
      "model": "시간살인마변신",
      "content": "与今后料理他们可能损失的时间相比，我们在这里一起消耗时间反倒更有价值。"
    }
  ]
}