{
  "dataList": [
    {
      "id": 0,
      "place": "心象镜像迷宫",
      "model": "시간살인마",
      "content": "哈！急得我有点看不下去了。喂！"
    },
    {
      "id": 1,
      "model": "시간살인마",
      "content": "让我们也能看得见战斗吧！"
    },
    {
      "id": 2,
      "model": "시간살인마",
      "content": "妈的……没想到会暴露出我真正的样子啊……"
    },
    {
      "id": 3,
      "content": "分不清是他脑袋里的多重人格在说话还是真的有“很多人”在说话，房间里各种各样的声音此起彼伏。"
    },
    {
      "id": 4,
      "content": "陷入劣势的时间杀人魔抓住了他长风衣的尾端……"
    },
    {
      "id": 5,
      "model": "탐정료슈",
      "content": "……！"
    }
  ]
}