{
  "dataList": [
    {
      "id": 0,
      "place": "心象镜像迷宫",
      "model": "단테",
      "content": "<这是犯人的心象……>"
    },
    {
      "id": 1,
      "content": "21分钟。"
    },
    {
      "id": 2,
      "content": "你摔落到地面所花费的时间，是21分钟。"
    },
    {
      "id": 3,
      "model": "시살동생",
      "teller": "弟弟",
      "title": "T公司",
      "content": "哥哥，是时候退出那个什么圣愚的活动了吧？"
    },
    {
      "id": 4,
      "model": "시살동생",
      "teller": "弟弟",
      "title": "T公司",
      "content": "我们本来就没有多少时间了……制造未许可的发明去为难时间征收人员，这样能改变什么！像以前一样心怀梦想吧。哥哥，你不是想成为专利局直属的发明家吗？"
    },
    {
      "id": 5,
      "content": "目前只需静静等待时机到来。当时机来临的那一刻……"
    },
    {
      "id": 6,
      "model": "시살동생",
      "teller": "弟弟",
      "title": "T公司",
      "content": "但哥哥也不知道那要到什么时候吧。说不定要等到我们死后呢，那样还有意义吗？"
    },
    {
      "id": 7,
      "model": "시살동생",
      "teller": "弟弟",
      "title": "T公司",
      "content": "干脆试试参加1级发明家资格考试嘛。或者往展览会提交作品看看。要是拿到今年的发明家奖的话就能大赚一笔了。"
    },
    {
      "id": 8,
      "content": "……"
    },
    {
      "id": 9,
      "model": "시살동생",
      "teller": "弟弟",
      "title": "T公司",
      "content": "……我听说，其他巢的人都生活在同样的24小时里。"
    },
    {
      "id": 10,
      "model": "시살동생",
      "teller": "弟弟",
      "title": "T公司",
      "content": "如果能赚到很多钱，移居到其他巢的话……我们不是也能活在24小时里了吗？"
    },
    {
      "id": 11,
      "model": "시살동생",
      "teller": "弟弟",
      "title": "T公司",
      "content": "那样一来，就算睡个大懒觉一天也不会结束。我觉得那会是特别美好的一天。"
    },
    {
      "id": 12,
      "content": "我总是满嘴借口。"
    },
    {
      "id": 13,
      "content": "尽管我深深厌恶这里的体制，却依旧以不知方法为借口，毫无作为。"
    },
    {
      "id": 14,
      "content": "尽管我知道拿到资格证之后的生活一定会更好，却依旧以时间不足为借口，不去尝试。"
    },
    {
      "id": 15,
      "content": "而某天早晨，弟弟把我叫过去。"
    },
    {
      "id": 16,
      "model": "시살동생",
      "teller": "弟弟",
      "title": "T公司",
      "content": "我先把时间借给哥哥，只留下两小时左右就行。有这么多时间，应该足够参加考试了。"
    },
    {
      "id": 17,
      "model": "시살동생",
      "teller": "弟弟",
      "title": "T公司",
      "content": "考试到下午两点就结束了对吧？那之后我们在钟塔前面碰头。借走的时间到那时候再还给我就好啦。"
    },
    {
      "id": 18,
      "content": "于是我得到了富足的一天。"
    },
    {
      "id": 19,
      "content": "即使考试已经结束，太阳仍未落下。"
    },
    {
      "id": 20,
      "content": "我的感觉也不错。"
    },
    {
      "id": 21,
      "content": "我觉得自己又能梦想着源源不断地做出想要的发明了，就像以前读过的漫画里那样。"
    },
    {
      "id": 22,
      "content": "以任何人都能避开的速度，缓慢驶过的车。"
    },
    {
      "id": 23,
      "content": "那一定，是和我一样活在10小时里的司机吧。"
    },
    {
      "id": 24,
      "content": "但弟弟没能躲开。"
    },
    {
      "id": 25,
      "content": "就因为他把时间借给了我，"
    },
    {
      "id": 26,
      "content": "本就缓慢的一天变得更加迟缓。"
    },
    {
      "id": 27,
      "content": "随后"
    },
    {
      "id": 28,
      "content": "缓缓地"
    },
    {
      "id": 29,
      "content": "飞向空中。"
    },
    {
      "id": 30,
      "content": "我在被赋予的时间内拼尽全身力气狂奔，也没能够到他。"
    },
    {
      "id": 31,
      "content": "一如既往。"
    },
    {
      "id": 32,
      "content": "不论分给我多少时间，一切都不曾改变。"
    },
    {
      "id": 33,
      "content": "毕竟无论何时，我的人生总在仓促中度过，一切的流逝都只需短短一瞬。"
    },
    {
      "id": 34,
      "content": "……在弟弟停止呼吸的街道上，我漫无目的地走着。"
    },
    {
      "id": 35,
      "teller": "吃着棒棒糖的T公司居民",
      "title": "T公司",
      "content": "嗯……好想尝遍这款棒棒糖的所有口味……"
    },
    {
      "id": 36,
      "teller": "无精打采的T公司居民",
      "title": "T公司",
      "content": "好想早点看到下一话诶，要是能来个谁在出下一卷的时候把我喊醒就好了。"
    },
    {
      "id": 37,
      "content": "这座都市里……"
    },
    {
      "id": 38,
      "model": "범블",
      "teller": "T公司钟表工厂厂长",
      "title": "T公司",
      "content": "我早就等不及看到自己的肖像画了哦~尤其是一定得把我如同鸟儿羽毛一样轻轻上翘的那一抹胡子强调出来呀……但时间过得太慢，我都快无聊死了哦。"
    },
    {
      "id": 39,
      "model": "T사2등급",
      "teller": "2级征收人员",
      "title": "T公司",
      "content": "哈啊~才三点吗？这无聊至极的盘查工作什么时候才是个头啊……"
    },
    {
      "id": 40,
      "content": "有太多人满不在乎地任由时间死去。"
    },
    {
      "id": 41,
      "model": "유로지비대장",
      "content": "正如圣者大人所言，时机一定会到来……我知道你也觉得无聊，但别再问要到什么时候了。你觉得我挑衅了那些征收人还能全身而退？"
    },
    {
      "id": 42,
      "content": "我只是不知方法。我只是时间不足。"
    },
    {
      "id": 43,
      "content": "如果把他们的时间给我和弟弟的话。"
    },
    {
      "id": 44,
      "content": "弟弟就不会死了。"
    },
    {
      "id": 45,
      "content": "对啊，弟弟说的没错。"
    },
    {
      "id": 46,
      "content": "一味等待，时机是不会到来的。"
    },
    {
      "id": 47,
      "content": "是时候行动了。"
    },
    {
      "id": 48,
      "content": "那些杀死时间的人们……"
    },
    {
      "id": 49,
      "content": "全都……"
    },
    {
      "id": 50,
      "model": "시간살인마",
      "content": "乍一看普普通通的时钟，其中众多齿轮运转的速度也都不尽相同。"
    },
    {
      "id": 51,
      "model": "시간살인마",
      "content": "有活在44小时一天中的人……就必定有活在4小时中的人吧。"
    },
    {
      "id": 52,
      "model": "시간살인마",
      "content": "我，我们。和圣愚不同，我们知道如何行动。"
    },
    {
      "id": 53,
      "model": "탐정로쟈",
      "content": "……"
    },
    {
      "id": 54,
      "model": "히스클리프2",
      "content": "所以就……变成那样了？"
    },
    {
      "id": 55,
      "model": "시간살인마",
      "content": "这里是人人都享有同等时间的、仅属于我们的巢。"
    },
    {
      "id": 56,
      "model": "시간살인마",
      "content": "仅属于我，以及与我心怀相同痛苦的人们。"
    },
    {
      "id": 57,
      "model": "뫼르소",
      "content": "就算如此，你也无法把时间杀人及一系列行为全部正当化。"
    },
    {
      "id": 58,
      "model": "시간살인마",
      "content": "我只是说，我并非杀人魔。"
    },
    {
      "id": 59,
      "model": "시간살인마",
      "content": "不如说杀死时间的，正是这都市的居民！"
    },
    {
      "id": 60,
      "model": "시간살인마",
      "content": "没有人质疑这座塔的时钟是否迟缓。他们只会抱怨“今天的时间过得真慢，好无聊啊随便消磨下时间吧”！"
    },
    {
      "id": 61,
      "model": "시간살인마",
      "content": "然后……让时间白白流逝……"
    },
    {
      "id": 62,
      "model": "시간살인마",
      "content": "那些逝去的时间将由我、由我们挽回。那又……有什么不好？"
    }
  ]
}