{
  "dataList": [
    {
      "id": 0,
      "place": "心象镜像迷宫",
      "model": "시간살인마변신",
      "content": "不、不可能！这样的攻击都起不了效，一定是又耍了什么把戏！"
    },
    {
      "id": 1,
      "model": "시간살인마변신",
      "content": "等一下，你之前从我身上拿走了五小时，为什么又要从我身上拿走三小时？你只从那家伙身上拿走了两小时。"
    },
    {
      "id": 2,
      "model": "시간살인마변신",
      "content": "只要处理完眼前的敌人我就还给你。现在先把精力集中在战斗上。"
    },
    {
      "id": 3,
      "model": "시간살인마변신",
      "content": "什么时候算处理完？三小时内？四小时内？这场战斗比我预想的久多了！"
    },
    {
      "id": 4,
      "model": "시간살인마변신",
      "content": "我知道。所以别舍不得了，多花点时间……"
    },
    {
      "id": 5,
      "model": "시간살인마변신",
      "content": "我最多给你一个小时，剩下的你就从别人那里拿吧。上次也是分成十二份之后剩下的……"
    },
    {
      "id": 6,
      "model": "시간살인마변신",
      "content": "别说多余的话了！连基本加减法都做不好的文盲……"
    },
    {
      "id": 7,
      "model": "시간살인마변신",
      "content": "哈？真敢说啊？刚刚是谁说的？之前新来的那个吗？"
    },
    {
      "id": 8,
      "model": "단테",
      "content": "<他们自顾自地开始了内讧。>"
    },
    {
      "id": 9,
      "model": "탐정홍루",
      "content": "啊，我明白了。你的意思是现在是我们唯一的机会对吧？"
    }
  ]
}