{
  "dataList": [
    {
      "id": 0,
      "place": "？？？",
      "content": "嗯，再从头梳理一遍吧。"
    },
    {
      "id": 1,
      "content": "我们为了前往下一个目的地——P公司，而乘坐了WARP列车……"
    },
    {
      "id": 2,
      "content": "进入了头等舱的冬眠胶囊舱里……"
    },
    {
      "id": 3,
      "content": "眨眼之间就到了P公司，事情本来应该是这样发展的……"
    },
    {
      "id": 4,
      "model": "파우스트",
      "content": "但丁，听得到吗？现在……"
    },
    {
      "id": 5,
      "content": "视野恢复后，我看到本应一起进入冬眠的浮士德正用不知所措的眼神注视着我……"
    },
    {
      "id": 6,
      "content": "我意识到WARP列车还在运行中，而我们正处于被丢在了不知何处的次元空间里……"
    },
    {
      "id": 7,
      "content": "的情况……当中？"
    },
    {
      "id": 8,
      "model": "파우스트",
      "content": "但丁，我知道你现在很混乱……"
    },
    {
      "id": 9,
      "content": "为什么……"
    },
    {
      "id": 10,
      "model": "단테",
      "content": "<……为什么，事情会变成这样啊？>"
    },
    {
      "id": 11,
      "content": "首先……"
    },
    {
      "id": 12,
      "content": "……让我们将时光倒流，回到这起令人头痛的事件的开端。"
    },
    {
      "id": 13,
      "content": "几天前……"
    },
    {
      "id": 14,
      "place": "梅菲斯托费勒斯 内部",
      "model": "베르길리우스",
      "content": "下一个目的地……是WARP列车，但丁。"
    },
    {
      "id": 15,
      "model": "단테",
      "content": "<……诶？>"
    },
    {
      "id": 16,
      "content": "是的，全部都是从这里开始的。"
    },
    {
      "id": 17,
      "content": "在T公司发生的事件的热度尚未消散前……我为了转换气氛而抛出的关于下个目的地的问题，成为了一切的开端。"
    },
    {
      "id": 18,
      "model": "돈키호테",
      "content": "吾吾吾吾吾……吾没听错吧！？"
    },
    {
      "id": 19,
      "model": "베르길리우스",
      "content": "我确信你听得一清二楚，堂吉诃德。"
    },
    {
      "id": 20,
      "model": "베르길리우스",
      "content": "你们现在将要前往T公司的WARP列车车站。"
    },
    {
      "id": 21,
      "model": "돈키호테",
      "content": "WA！WARP列车车站一定是出了什么问题吧！吾等的任务，肯定就是前去解决那个问题吧！"
    },
    {
      "id": 22,
      "model": "그레고르",
      "content": "难道是WARP列车车站出现扭曲了？"
    },
    {
      "id": 23,
      "model": "베르길리우스",
      "content": "看来你们已经不再抵触做些副业了呢。不过，并不是那样。"
    },
    {
      "id": 24,
      "model": "베르길리우스",
      "content": "为了前往P公司，我们要乘坐WARP列车。字面意思。"
    },
    {
      "id": 25,
      "teller": "罪人们",
      "title": "LCB",
      "content": "……"
    },
    {
      "id": 26,
      "content": "所有罪人都很震惊，不过这也在情理之中。"
    },
    {
      "id": 27,
      "content": "虽说并没有罪人曾经在W公司任职过，但……"
    },
    {
      "id": 28,
      "model": "단테",
      "content": "<我们真的……要乘坐那辆列车吗？>"
    },
    {
      "id": 29,
      "content": "通过人格所得知的信息，能让我们在某种程度上了解到WARP列车的运行方式。"
    },
    {
      "id": 30,
      "content": "起初我打算对罪人们隐瞒这些信息，但是……我认为还是将信息分享出来，并让大家发表自己的意见和看法会更有帮助，于是我决定分享一部分我与人格间的对话。"
    },
    {
      "id": 31,
      "model": "이상",
      "content": "关于使用人格时的记忆，与其说是模糊不清，不如说是几乎没有了……"
    },
    {
      "id": 32,
      "model": "뫼르소",
      "content": "嗯。从经理和人格之间的对话记录来看，WARP列车的原理确实多少有些低效且怪异。"
    },
    {
      "id": 33,
      "model": "홍루",
      "content": "啊~说是10秒就能到达，但实际上要运行很~长的时间，然后会把乘客的记忆全部清除掉对吗？"
    },
    {
      "id": 34,
      "model": "싱클레어",
      "content": "我、我还听说乘客之间会互相撕裂和破坏。因为他们没法忍耐无聊……"
    },
    {
      "id": 35,
      "model": "료슈",
      "content": "听起来我可以久违地欣赏到一幅杰作了。"
    },
    {
      "id": 36,
      "model": "단테",
      "content": "<……>"
    },
    {
      "id": 37,
      "content": "尽管通过人格卡能让罪人们使用他们的人格，但该人格的记忆、思想、或是信仰并不会转移给罪人。"
    },
    {
      "id": 38,
      "content": "有一次，浮士德曾谈到过有关此事的危险性时，说过会采取一系列步骤来预防和过滤此类危险。"
    },
    {
      "id": 39,
      "content": "多亏于此，即使使用了曾经将我们置于危险境地的强大敌人的人格，罪人们也并没有受到他们的影响而被转变……"
    },
    {
      "id": 40,
      "content": "相对的，罪人们无法记下从人格中获取的新情报这件事，某种意义上来说会有些遗憾，因此我会将重要的信息记录下来，并经常与罪人们分享。"
    },
    {
      "id": 41,
      "model": "단테",
      "content": "<因为我的声音无法很好地透过玻璃窗传达出去，所以几乎都是我在单方面地听那边说的话……>"
    },
    {
      "id": 42,
      "content": "不过很多罪人都拥有W公司的人格，因此收集相关信息并不难。"
    },
    {
      "id": 43,
      "content": "但是……嗯……"
    },
    {
      "id": 44,
      "model": "베르길리우스",
      "content": "……"
    },
    {
      "id": 45,
      "content": "也许对所有人来说，在这点上真的无知是福吧……"
    },
    {
      "id": 46,
      "model": "파우스트",
      "content": "大家对此所产生的种种动摇与反对，已在预料当中。"
    },
    {
      "id": 47,
      "model": "돈키호테",
      "content": "浮士德小姐？！汝早就已经知道这件事了吗？！为什么不早些告诉吾呢！"
    },
    {
      "id": 48,
      "model": "파우스트",
      "content": "因为浮士德无所不知。当然，大家提出的问题也已经准备好解决方案了。"
    },
    {
      "id": 49,
      "model": "이스마엘",
      "content": "无法改变要乘坐列车的事实，又有什么办法可取呢？"
    },
    {
      "id": 50,
      "model": "싱클레어",
      "content": "巴士、这辆巴士该怎么办？！没办法把巴士塞进列车里吧！"
    },
    {
      "id": 51,
      "model": "카론",
      "content": "卡戎也反对。不乘梅菲乘坐别的，谁来给梅菲喂饭呢。"
    },
    {
      "id": 52,
      "model": "베르길리우스",
      "content": "……浮士德女士。"
    },
    {
      "id": 53,
      "model": "파우스트",
      "content": "WARP列车的车尾有货运车厢。梅菲斯托费勒斯会被固定在该车厢内，随我们共同移动。"
    },
    {
      "id": 54,
      "model": "파우스트",
      "content": "同时，LCB所属人员……"
    },
    {
      "id": 55,
      "model": "파우스트",
      "content": "将乘坐头等舱进行移动。"
    },
    {
      "id": 56,
      "content": "随着浮士德的发言，巴士中又弥漫开来一股不同于先前的气氛。"
    },
    {
      "id": 57,
      "model": "히스클리프",
      "content": "头等舱似乎只给有钱人坐吧，不是吗？"
    },
    {
      "id": 58,
      "model": "히스클리프",
      "content": "就算是普通列车上也会有坐在头等舱里洋洋得意的人，而其他人有的甚至挤在货运车厢里，因为他们连买一张经济舱车票的钱都没有……"
    },
    {
      "id": 59,
      "model": "싱클레어",
      "content": "为、为什么盯着我看……？我从来没坐过头等舱……"
    },
    {
      "id": 60,
      "model": "로쟈",
      "content": "我听说头等舱的票价抵得上一个翼员工三四个月的起薪……咱们公司的财务真的不会出问题吗？"
    },
    {
      "id": 61,
      "model": "파우스트",
      "content": "公司的财务状况无需担忧。"
    },
    {
      "id": 62,
      "model": "그레고르",
      "content": "私人胶囊舱……这词用得还挺花哨，我听说头等舱会为每个乘客都提供这种席位……"
    },
    {
      "id": 63,
      "model": "파우스트",
      "content": "那是宣传中包含的描述。严格来说，应该称其为急速冬眠胶囊舱。"
    },
    {
      "id": 64,
      "model": "파우스트",
      "content": "因为WARP列车在设计上使得乘客可以轻松承受住“实际上”移动所花费的时间，所以他们可以获得眨眼之间就能到达目的地的体验。"
    },
    {
      "id": 65,
      "model": "이상",
      "content": "非常感谢公司的深厚关怀。为了让我们不受舟车劳顿之苦，斥重金为我们购置了高价的席位……"
    },
    {
      "id": 66,
      "model": "로쟈",
      "content": "确实诶，通常的话~我还以为只有向导先生和卡戎会被安排到头等舱里。"
    },
    {
      "id": 67,
      "model": "오티스",
      "content": "嗯，与其如此大费周章让所有人都入座头等舱，不如只让经理和他最忠实的助手入座才好。"
    },
    {
      "id": 68,
      "model": "이스마엘",
      "content": "怎么大家都这么大惊小怪的……我们正要前往下一个任务地点，我们必须得考虑到WARP列车的特殊性，并且做好相应的准备。"
    },
    {
      "id": 69,
      "model": "싱클레어",
      "content": "没错……！以实玛利小姐说得对，就算头等舱再好，WARP列车本身也是个怪异且令人不快的地方，我也很担心……"
    },
    {
      "id": 70,
      "model": "이스마엘",
      "content": "值得注意的是，头等舱处在经济舱的乘客无法贸然进入的空间。不，倒不如说他们连头等舱的门都打不开。"
    },
    {
      "id": 71,
      "content": "不知何时手握头等舱宣传册的以实玛利眼睛闪闪发光地说道……"
    },
    {
      "id": 72,
      "model": "이스마엘",
      "content": "所以我们乘上列车后，可以与世无争地放松心情闭上眼睛。之前经济情况良好的时候，听说还会发放纪念品……"
    },
    {
      "id": 73,
      "model": "싱클레어",
      "content": "啊……"
    },
    {
      "id": 74,
      "model": "돈키호테",
      "content": "苦难总是常伴冒险旅途……但即使是享有盛名的英雄也需要合上双目休息片刻……！不能总是躺在简陋不堪的旅店里。唔唔……头等舱……"
    },
    {
      "id": 75,
      "content": "显然，大家都对头等舱充满了好奇心。"
    },
    {
      "id": 76,
      "content": "如果能乘坐头等舱，那么乘坐WARP列车也没什么大不了，我觉得这种气氛正在逐渐形成。"
    },
    {
      "id": 77,
      "model": "뫼르소",
      "content": "要我乘我便乘。"
    },
    {
      "id": 78,
      "model": "료슈",
      "content": "一定要乘坐头等舱吗？在那里就没有鉴赏阿鼻叫唤的乐趣了啊。"
    },
    {
      "id": 79,
      "content": "当然，维吉里乌斯忽略了良秀提出的问题。"
    },
    {
      "id": 80,
      "model": "베르길리우스",
      "content": "很好，那就当你们都同意了，出发吧。"
    },
    {
      "id": 81,
      "model": "돈키호테",
      "content": "那个……"
    },
    {
      "id": 82,
      "model": "돈키호테",
      "content": "吾还有一个最重要的问题……"
    },
    {
      "id": 83,
      "model": "히스클리프",
      "content": "是什么？支支吾吾的可不像你。"
    },
    {
      "id": 84,
      "content": "堂吉诃德压低自己的声音，小心翼翼地说起来。"
    },
    {
      "id": 85,
      "model": "돈키호테",
      "content": "那个……头等舱的席位……"
    },
    {
      "id": 86,
      "model": "돈키호테",
      "content": "听说要把鞋子脱掉才能入座，当真吗？"
    },
    {
      "id": 87,
      "model": "로쟈",
      "content": "……你是从哪听来这些奇怪的谣言的……"
    },
    {
      "id": 88,
      "model": "돈키호테",
      "content": "这才不是谣言！吾前些天听到路过的人们的对话……"
    },
    {
      "id": 89,
      "model": "돈키호테",
      "content": "“你知道乘坐头等舱时要光着脚吗？”其中一人这么问，“当然知道啊，你觉得我会不知道吗？”另一人这么回应道……"
    },
    {
      "id": 90,
      "model": "돈키호테",
      "content": "这是真的吗，以实玛利小姐？"
    },
    {
      "id": 91,
      "model": "이스마엘",
      "content": "为、为什么问我……我也没坐过啊……"
    },
    {
      "id": 92,
      "model": "이스마엘",
      "content": "宣传册上……好像没有记载这样的内容……请稍等一下。"
    },
    {
      "id": 93,
      "model": "돈키호테",
      "content": "绝对不能让这种事情发生……吾的驽骍难得绝对一刻都不能与吾分开……！吾决不会将吾的驽骍难得放在希斯克利夫先生那丑陋而俗气的鞋子旁……"
    },
    {
      "id": 94,
      "model": "히스클리프",
      "content": "你这家伙……"
    },
    {
      "id": 95,
      "model": "돈키호테",
      "content": "尊敬的猩红凝视老爷，拜托了……就让驽骍难得与吾一同乘坐吧啊啊啊……"
    },
    {
      "id": 96,
      "model": "베르길리우스",
      "content": "……"
    },
    {
      "id": 97,
      "content": "我本以为维吉里乌斯听到这个问题会像往常一样不耐烦地回应……但他却以相当严肃的语调，并带着“别让我逐一解释这些事”的表情说道。"
    },
    {
      "id": 98,
      "model": "베르길리우스",
      "content": "鞋子……不要脱……"
    }
  ]
}