{
  "dataList": [
    {
      "id": 0,
      "place": "T公司 WARP列车 站台",
      "model": "단테",
      "content": "<真宽敞啊……>"
    },
    {
      "id": 1,
      "content": "这是我第一次看到W公司WARP列车站台时的感想。"
    },
    {
      "id": 2,
      "model": "돈키호테",
      "content": "呜吼！这里就是！！"
    },
    {
      "id": 3,
      "content": "听到不用和驽骍难得分开的消息后，顿时恢复了活力的堂吉诃德大声叫喊道。"
    },
    {
      "id": 4,
      "model": "단테",
      "content": "<所以说，这么宽敞的建筑……每个巢里都有一个吗？>"
    },
    {
      "id": 5,
      "model": "히스클리프",
      "content": "我怎么会知道……喂，你知道些什么吗？"
    },
    {
      "id": 6,
      "content": "希斯克利夫来到我身边，用下巴指了指默尔索并问道。"
    },
    {
      "id": 7,
      "model": "뫼르소",
      "content": "……"
    },
    {
      "id": 8,
      "model": "뫼르소",
      "content": "所有WARP列车站台都以其造型与所在巢的特征相配而闻名，而站台的造型本身也被不少人称赞为都市的著名景点之一。"
    },
    {
      "id": 9,
      "content": "……希斯克利夫非常自然地把默尔索当成了活体字典。"
    },
    {
      "id": 10,
      "model": "돈키호테",
      "content": "默尔索先生，默尔索先生……！"
    },
    {
      "id": 11,
      "model": "돈키호테",
      "content": "那位是从西部来的收尾人吗？"
    },
    {
      "id": 12,
      "model": "뫼르소",
      "content": "嗯……"
    },
    {
      "id": 13,
      "model": "뫼르소",
      "content": "不对。那人的服装并非皮革和金属防具，而是由布料制成的。这种织物风格常见于南北方，但在西部很少见，因为是东部的服饰……"
    },
    {
      "id": 14,
      "model": "돈키호테",
      "content": "还请慢一点说，吾必须记下笔记……！"
    },
    {
      "id": 15,
      "model": "돈키호테",
      "content": "那么北部呢？那边因为天气寒冷会穿厚重的服装，吾在杂志上看到过！"
    },
    {
      "id": 16,
      "model": "뫼르소",
      "content": "那只需要观察一下眼前之人就能明白。"
    },
    {
      "id": 17,
      "model": "돈키호테",
      "content": "嗯？"
    },
    {
      "id": 18,
      "model": "돈키호테",
      "content": "呜哦哦哦！！！！"
    },
    {
      "id": 19,
      "model": "북부창",
      "teller": "？？？",
      "title": "？？？",
      "content": "哇啊啊啊啊！！！！！"
    },
    {
      "id": 20,
      "content": "一方发出了惊讶的感叹声，而另一方则是焦躁的叹息声，持续了整整3秒。"
    },
    {
      "id": 21,
      "model": "북부창",
      "teller": "北部收尾人",
      "title": "？？？",
      "content": "怎么回事？！你几乎要把我耳膜喊破了！"
    },
    {
      "id": 22,
      "model": "히스클리프",
      "content": "但我们这里也是啊……？"
    },
    {
      "id": 23,
      "model": "북부창",
      "teller": "北部收尾人",
      "title": "？？？",
      "content": "我可是扩展了鼓膜的可听音域的！！！差点以为自己要疯了……"
    },
    {
      "id": 24,
      "model": "북부창",
      "teller": "北部收尾人",
      "title": "？？？",
      "content": "为什么你们要像第一次坐WARP列车的乡巴佬那样集体把道堵住啊？"
    },
    {
      "id": 25,
      "model": "북부창",
      "teller": "北部收尾人",
      "title": "？？？",
      "content": "本来就因为在远征中错失目标而烦得要死了……"
    },
    {
      "id": 26,
      "model": "로쟈",
      "content": "有……有那么明显吗？就是我们第一次乘车这件事。"
    },
    {
      "id": 27,
      "model": "북부창",
      "teller": "北部收尾人",
      "title": "？？？",
      "content": "而且WARP列车的往返票还是我自掏腰包的！"
    },
    {
      "id": 28,
      "model": "그레고르",
      "content": "哎呀……小心点……像你那样用四只手挥舞武器的话……"
    },
    {
      "id": 29,
      "model": "돈키호테",
      "content": "那……那个，吾可以再详细观察一下汝的服饰吗？哦哦没错，这个姿势！！既然如此就这么保持5分钟左右吧……！"
    },
    {
      "id": 30,
      "model": "북부창",
      "teller": "北部收尾人",
      "title": "？？？",
      "content": "你认真的吗！！！"
    },
    {
      "id": 31,
      "content": "给我们留下了义体手臂印象的北部收尾人冲我们发了几分钟的火后，去了另一个站台。"
    },
    {
      "id": 32,
      "model": "돈키호테",
      "content": "果然……都市很大，怪人们也很多啊……"
    },
    {
      "id": 33,
      "model": "이스마엘",
      "content": "虽然我觉得那人肯定也在想一样的事情……"
    },
    {
      "id": 34,
      "model": "싱클레어",
      "content": "装有全身义体的人果然在都市里数量众多吧……"
    },
    {
      "id": 35,
      "content": "就在那时，维吉里乌斯慢慢地向我们走来。"
    },
    {
      "id": 36,
      "model": "베르길리우스",
      "content": "就这样，到了之后再见吧。"
    },
    {
      "id": 37,
      "model": "돈키호테",
      "content": "唔诶？！伟大的猩红凝视不和吾等一同前往吗？"
    },
    {
      "id": 38,
      "model": "베르길리우스",
      "content": "根据W公司的政策，被赋予色彩之人必须乘坐另行准备的列车。"
    },
    {
      "id": 39,
      "model": "로쟈",
      "content": "头等舱上还有头等舱？"
    },
    {
      "id": 40,
      "model": "이스마엘",
      "content": "似乎不管去哪，特色都有着翼级别的特殊对待。"
    },
    {
      "id": 41,
      "model": "카론",
      "content": "卡戎想回去。梅菲，会觉得寂寞。"
    },
    {
      "id": 42,
      "model": "베르길리우스",
      "content": "……我不是在给你买了三次不同口味的糖果时说过了吗。货运车厢是不能坐人的，卡戎。"
    },
    {
      "id": 43,
      "model": "베르길리우스",
      "content": "那么，浮士德女士。"
    },
    {
      "id": 44,
      "model": "파우스트",
      "content": "……在。"
    },
    {
      "id": 45,
      "content": "维吉里乌斯一脸意味深长地对着浮士德点了点头，带着看上去有些不愉快的卡戎离开了。"
    },
    {
      "id": 46,
      "model": "파우스트",
      "content": "但丁，我们走这边……"
    },
    {
      "id": 47,
      "content": "随后，我们也跟着浮士德的指引，走向了列车门。"
    },
    {
      "id": 48,
      "place": "WARP列车 头等舱 车厢",
      "model": "그레고르",
      "content": "哇塞……"
    },
    {
      "id": 49,
      "model": "로쟈",
      "content": "哇啊……颜色也变回来一点了欸？"
    },
    {
      "id": 50,
      "model": "돈키호테",
      "content": "哦、哦哦……"
    },
    {
      "id": 51,
      "model": "로쟈",
      "content": "而且~这就是传说中的迎宾餐点和赠饮吗……！当然了，都花了那么多钱，至少也得要有这些东西才对嘛……"
    },
    {
      "id": 52,
      "content": "看到这个摆满了高大又昂贵的胶囊舱的房间，大家都惊讶的不得了。"
    },
    {
      "id": 53,
      "content": "好像说是急速冬眠吧……它们真的会像字面意思那样冻住我们的身体吗？"
    },
    {
      "id": 54,
      "model": "단테",
      "content": "<浮士德，这个冬眠装置确定安全吗？>"
    },
    {
      "id": 55,
      "model": "파우스트",
      "content": "“安全”，还请解释一下。"
    },
    {
      "id": 56,
      "model": "단테",
      "content": "<这些机器应该会把人类冻得硬邦邦的对吧……真的能复原吗？>"
    },
    {
      "id": 57,
      "model": "파우스트",
      "content": "虽然其会让人进入暂时的死亡状态，但细胞也会毫发无损地被冻结。一般情况下没有问题。"
    },
    {
      "id": 58,
      "model": "파우스트",
      "content": "浮士德知道该型号完全解决了冻结时会产生的密度增加以及水分子结晶锐化等会导致细胞损伤的问题。"
    },
    {
      "id": 59,
      "model": "단테",
      "content": "<……虽然我有一半没能理解，总之它是安全的对吧。>"
    },
    {
      "id": 60,
      "model": "파우스트",
      "content": "至少据浮士德所知如此。即使有问题出现，最后抵达时大家也会恢复原状，和没有问题也没有区别。"
    },
    {
      "id": 61,
      "model": "히스클리프",
      "content": "喂，你能把“是安全的”说这么长也是有才啊，有才。"
    },
    {
      "id": 62,
      "model": "파우스트",
      "content": "没错，浮士德具有一切方面的才能。"
    },
    {
      "id": 63,
      "model": "단테",
      "content": "<……>"
    },
    {
      "id": 64,
      "content": "但我觉得问题也没有因此而解决……正在我思考之时，有一句话突然引起了我的注意。"
    },
    {
      "id": 65,
      "model": "단테",
      "content": "<至少据浮士德所知……就是说也有可能出错吗？>"
    },
    {
      "id": 66,
      "model": "파우스트",
      "content": "浮士德一般不会出错。但也并非神明。"
    },
    {
      "id": 67,
      "model": "파우스트",
      "content": "这世上存在着浮士德尚未获取的信息。因此即便说出了事实，也有可能和实际不符。"
    },
    {
      "id": 68,
      "model": "단테",
      "content": "<好吧……>"
    },
    {
      "id": 69,
      "model": "그레고르",
      "content": "不过头等舱还是不错的……明明P公司是位于最北端的地区，我们却能在眨眼之间到达。"
    },
    {
      "id": 70,
      "model": "돈키호테",
      "content": "呼哈！呼哈！呼哈！准备好了吗？驽骍难得啊！从现在起要开始漫长的旅程了……"
    },
    {
      "id": 71,
      "model": "로쟈",
      "content": "不过……堂吉诃德。"
    },
    {
      "id": 72,
      "model": "로쟈",
      "content": "你……洗过……鞋子吗？"
    },
    {
      "id": 73,
      "model": "단테",
      "content": "<怎么突然这么问，罗佳？>"
    },
    {
      "id": 74,
      "model": "로쟈",
      "content": "不是，回想一下。我们被一直困在那头鲸肚子里的时候……记得吗？"
    },
    {
      "id": 75,
      "model": "로쟈",
      "content": "那头鲸爆炸的时候……各种各样的碎片四处飞溅啊。衣服上鞋子上都是！"
    },
    {
      "id": 76,
      "model": "이스마엘",
      "content": "……没错。"
    },
    {
      "id": 77,
      "model": "로쟈",
      "content": "所以我们为了洗那沾满了血和肉的衣服费了不少工夫……"
    },
    {
      "id": 78,
      "model": "이스마엘",
      "content": "虽然那不是什么美好的回忆……但是没错……"
    },
    {
      "id": 79,
      "model": "로쟈",
      "content": "那个时候，堂吉诃德直到最后都忍住没有脱下那双运动鞋！"
    },
    {
      "id": 80,
      "model": "이스마엘",
      "content": "……这么一听好像看上去确实有点脏。"
    },
    {
      "id": 81,
      "model": "돈키호테",
      "content": "汝等见过将自己的爱马随意放开的骑士吗？"
    },
    {
      "id": 82,
      "model": "그레고르",
      "content": "虽然从一开始我就没见过什么骑士啊……？"
    },
    {
      "id": 83,
      "model": "돈키호테",
      "content": "若是如此的话！从现在开始，给吾看好、听好、以及记好了！"
    },
    {
      "id": 84,
      "model": "오티스",
      "content": "哼，他们真是一刻都安静不下来啊。"
    },
    {
      "id": 85,
      "model": "홍루",
      "content": "哇哦~话说奥提斯女士也在这种地方待过吗~？"
    },
    {
      "id": 86,
      "model": "오티스",
      "content": "嗯，以前我也经常被提供与这里相似的VIP席位。没什么好大惊小怪的。"
    },
    {
      "id": 87,
      "content": "在座位上抖着腿的奥提斯突然问了浮士德一个问题。"
    },
    {
      "id": 88,
      "model": "오티스",
      "content": "……喂，你确定头等舱连一次事故也没发生过吗？"
    },
    {
      "id": 89,
      "model": "파우스트",
      "content": "为了避免在各位之中引起不安，就不列举WARP列车相关的事故发生记录了。"
    },
    {
      "id": 90,
      "model": "오티스",
      "content": "……什么意……"
    },
    {
      "id": 91,
      "content": "哔——"
    },
    {
      "id": 92,
      "model": "이스마엘",
      "content": "哦，看起来要出发了。"
    },
    {
      "id": 93,
      "teller": "列车播报员",
      "title": "W公司",
      "content": "此为开往P公司的PW-612号WARP列车。列车即将停止登车。"
    },
    {
      "id": 94,
      "content": "各自吃着欢迎套餐，或是到处参观头等舱的罪人们，在听到广播后开始忙了起来。"
    },
    {
      "id": 95,
      "model": "파우스트",
      "content": "那么，在事情变得太迟之前进入胶囊舱吧。"
    },
    {
      "id": 96,
      "model": "단테",
      "content": "<这、这个。为什么这个……>"
    },
    {
      "id": 97,
      "content": "虽然其他罪人们全都进入了胶囊舱……"
    },
    {
      "id": 98,
      "content": "但不知为何，似乎只有我一个人感到慌乱。"
    },
    {
      "id": 99,
      "model": "파우스트",
      "content": "您在紧张吗，但丁？"
    },
    {
      "id": 100,
      "model": "단테",
      "content": "<似乎是这样……>"
    },
    {
      "id": 101,
      "teller": "列车播报员",
      "title": "W公司",
      "content": "列车将在10分钟后开始跃迁。"
    },
    {
      "id": 102,
      "model": "파우스트",
      "content": "请让我来帮您吧。总之先以向内部靠去的姿势站起来……"
    },
    {
      "id": 103,
      "content": "浮士德熟练地引导着我，按下了内侧的按钮，关上了胶囊舱的门。"
    },
    {
      "id": 104,
      "model": "파우스트",
      "content": "请不要过度担心。"
    },
    {
      "id": 105,
      "model": "파우스트",
      "content": "……我们很快就会再见的，但丁。"
    },
    {
      "id": 106,
      "content": "虽然我觉得浮士德似乎小小地叹了口气，但在我真的听到什么之前，门就密封上了……"
    },
    {
      "id": 107,
      "teller": "列车播报员",
      "title": "W公司",
      "content": "此班列车现在开始跃迁。请确认您的安全带已经系好。"
    },
    {
      "id": 108,
      "content": "我在胶囊舱中充满气体之前看到的最后一件事，就是浮士德进入了我对面的胶囊舱。"
    },
    {
      "id": 109,
      "content": "……之后我就不知道了。"
    },
    {
      "id": 110,
      "content": "“我们很快就会再见的”……这句话肯定还有别的意思。"
    },
    {
      "id": 111,
      "model": "단테",
      "content": "<……？>"
    },
    {
      "id": 112,
      "model": "파우스트",
      "content": "但丁，醒醒。但丁……"
    },
    {
      "id": 113,
      "content": "即便如此，有一件事我确实很快就知道了……"
    },
    {
      "id": 114,
      "model": "파우스트",
      "content": "……这种情况在预料之外。"
    },
    {
      "id": 115,
      "content": "事情复杂起来了，还特别恶劣。"
    }
  ]
}