{
  "dataList": [
    {
      "id": 0,
      "place": "WARP列车 头等舱 车厢",
      "model": "단테",
      "content": "<到站了吗……？>"
    },
    {
      "id": 1,
      "model": "단테",
      "content": "<真的一瞬间就到了……看来并不是夸大其词啊。>"
    },
    {
      "id": 2,
      "content": "浮士德像往常一样，面无表情地看着我。"
    },
    {
      "id": 3,
      "content": "所以直到那一刻前，我都完全没能意识到事情复杂起来了。"
    },
    {
      "id": 4,
      "model": "파우스트",
      "content": "不。我们并未抵达。"
    },
    {
      "id": 5,
      "model": "단테",
      "content": "<嗯？>"
    },
    {
      "id": 6,
      "content": "但当我的意识逐渐清醒过来……并因为这个意料之外的答案产生疑惑时，便静静地看着浮士德。"
    },
    {
      "id": 7,
      "content": "这时，我终于意识到，浮士德的表情比起平时要更加焦虑不安。"
    },
    {
      "id": 8,
      "model": "단테",
      "content": "<所以……这辆列车现在还在“运行中”吗？>"
    },
    {
      "id": 9,
      "model": "파우스트",
      "content": "是的。"
    },
    {
      "id": 10,
      "model": "단테",
      "content": "<那……我们现在在哪？>"
    },
    {
      "id": 11,
      "model": "파우스트",
      "content": "……我认为我们正漂流在具体坐标未知的某一次元当中。"
    },
    {
      "id": 12,
      "content": "这句平淡托出的话，却让我感到脊背发凉，不由咽了口唾沫。"
    },
    {
      "id": 13,
      "content": "我会亲身经历自己最初所担心的问题吗？这样的念头闪过我的脑海。"
    },
    {
      "id": 14,
      "model": "단테",
      "content": "<……这样啊。>"
    },
    {
      "id": 15,
      "content": "接着，我脑海中浮现出的是……"
    },
    {
      "id": 16,
      "content": "没错，这可能也是浮士德的预想情况之一吧。"
    },
    {
      "id": 17,
      "content": "从现在起，浮士德很快就会指导我该如何行动以应对这一情况了吧。"
    },
    {
      "id": 18,
      "model": "단테",
      "content": "<……这也是全部计划中的一部分吧，浮士德？>"
    },
    {
      "id": 19,
      "model": "파우스트",
      "content": "……"
    },
    {
      "id": 20,
      "content": "今天的浮士德，沉默的时间比以往要长。"
    },
    {
      "id": 21,
      "model": "파우스트",
      "content": "半对，半错。"
    },
    {
      "id": 22,
      "content": "留下这样的话后，浮士德留下陷入混乱当中的我，走向胶囊舱，将其中的罪人们一个个地叫醒。"
    },
    {
      "id": 23,
      "model": "그레고르",
      "content": "哦，已经到站了吗？真的是眨眼之间就……"
    },
    {
      "id": 24,
      "model": "파우스트",
      "content": "不。"
    },
    {
      "id": 25,
      "model": "로쟈",
      "content": "哦，怎么。真的已经到站了吗？真的是眨眼间就……"
    },
    {
      "id": 26,
      "model": "파우스트",
      "content": "不。"
    },
    {
      "id": 27,
      "model": "싱클레어",
      "content": "哇。到、到站了吗？一点也不像我想得那么吓……"
    },
    {
      "id": 28,
      "model": "파우스트",
      "content": "不。"
    },
    {
      "id": 29,
      "model": "이상",
      "content": "哦……"
    },
    {
      "id": 30,
      "model": "파우스트",
      "content": "不。"
    },
    {
      "id": 31,
      "model": "이상",
      "content": "我还没有发言呢……"
    },
    {
      "id": 32,
      "content": "为取回颜色而开心的短促欢呼伴随着叙述目前情况的平淡声音，再然后陷入长时间的沉默中……就这样反复了大约10次之后……"
    },
    {
      "id": 33,
      "model": "파우스트",
      "content": "但丁，我知道你现在很混乱……总之我认为现在有必要再次详细解释一下目前的情况。"
    },
    {
      "id": 34,
      "content": "……就这样，回到现在。"
    },
    {
      "id": 35,
      "model": "이스마엘",
      "content": "所以说……"
    },
    {
      "id": 36,
      "model": "이스마엘",
      "content": "列车现在还在运行……"
    },
    {
      "id": 37,
      "model": "히스클리프",
      "content": "我们被扔在了某个根本都不知道是哪的次元空间当中……？"
    },
    {
      "id": 38,
      "model": "돈키호테",
      "content": "哦哦……这听起来还挺戏剧性的……"
    },
    {
      "id": 39,
      "model": "그레고르",
      "content": "最重要的是……你早就知道，浮士德，一切会这样发展……"
    },
    {
      "id": 40,
      "model": "파우스트",
      "content": "……是的。"
    },
    {
      "id": 41,
      "model": "이스마엘",
      "content": "哈……"
    },
    {
      "id": 42,
      "model": "그레고르",
      "content": "你……想干嘛啊？到底？"
    },
    {
      "id": 43,
      "content": "罪人们中间开始出现了一些抱怨的声音。"
    },
    {
      "id": 44,
      "content": "当然，浮士德和维吉里乌斯事先就知道会发生什么却对我们有所隐瞒的事有很多。"
    },
    {
      "id": 45,
      "model": "그레고르",
      "content": "开什么玩笑？这儿可不是个计划出差错还能直接打开门撤出去的地方！"
    },
    {
      "id": 46,
      "model": "뫼르소",
      "content": "如果打开门，在数秒内躯体就会支离破碎。"
    },
    {
      "id": 47,
      "model": "로쟈",
      "content": "但，小浮……我们接下来要做的都在计划当中，对吧？"
    },
    {
      "id": 48,
      "model": "파우스트",
      "content": "……"
    },
    {
      "id": 49,
      "model": "로쟈",
      "content": "……对吧？"
    },
    {
      "id": 50,
      "content": "至今为止，浮士德对大多数问题的回答都是游刃有余，但这次沉默的时间要比以往长得多。"
    },
    {
      "id": 51,
      "model": "히스클리프",
      "content": "搞什么，这家伙怎么就在那呆站着？"
    },
    {
      "id": 52,
      "content": "浮士德朝我瞥了一眼。"
    },
    {
      "id": 53,
      "content": "有什么……不方便在罪人们面前说的事吗？"
    },
    {
      "id": 54,
      "model": "단테",
      "content": "<……各位，稍等一下。>"
    },
    {
      "id": 55,
      "content": "我又想起她曾说过发生了预料之外的情况……"
    },
    {
      "id": 56,
      "content": "罪人们怒不可遏，对浮士德的信任度掉到谷底也是可以理解的。"
    },
    {
      "id": 57,
      "model": "단테",
      "content": "<总之先来整理一下情况吧。>"
    },
    {
      "id": 58,
      "content": "但如果在这种情况下任由产生的争执与摩擦继续发展下去，想要让大家的关系和好如初便再无可能。"
    },
    {
      "id": 59,
      "content": "然后……"
    },
    {
      "id": 60,
      "model": "파우스트",
      "content": "……"
    },
    {
      "id": 61,
      "content": "我并不认为浮士德是怀揣着恶意做出这样的事的。"
    },
    {
      "id": 62,
      "content": "首先我得安抚一下罪人们的情绪，然后再去问问浮士德事情的来龙去脉。如果能够发现问题所在，我们就可以想办法将其解决了。"
    },
    {
      "id": 63,
      "model": "단테",
      "content": "<浮士德，将此事从头说起吧。好让我们大家都能了解。>"
    },
    {
      "id": 64,
      "model": "단테",
      "content": "<让我们先听完她怎么说再下判断。好吗，各位？>"
    },
    {
      "id": 65,
      "model": "이스마엘",
      "content": "……如果你如此判断的话。那就这样吧。"
    },
    {
      "id": 66,
      "model": "히스클리프",
      "content": "也是……一直在这里生气也解决不了多少问题。"
    },
    {
      "id": 67,
      "model": "파우스트",
      "content": "感谢大家。那么……"
    },
    {
      "id": 68,
      "content": "过了一段时间……"
    },
    {
      "id": 69,
      "content": "浮士德所说的事情可以概括如下。"
    },
    {
      "id": 70,
      "content": "当然，事情的开端，是边狱公司高层的合同和命令，并且是促成现如今情况的决定性因素。"
    },
    {
      "id": 71,
      "content": "边狱公司处理扭曲相关委托的消息以及广受赞誉的宣传报道流传到了W公司。"
    },
    {
      "id": 72,
      "content": "当W公司内部无法处理列车上反复出现的一系列可能是由于未知扭曲而引起的事件时，他们便委托上门请求我们来解决此事。"
    },
    {
      "id": 73,
      "model": "파우스트",
      "content": "扭曲现象本来应当是不会产生问题的。如果与我们掌握的信息相吻合的话，那么在WARP列车到站时，经由W公司所采取的措施，扭曲就会恢复成乘客的原状。"
    },
    {
      "id": 74,
      "model": "파우스트",
      "content": "但是……"
    },
    {
      "id": 75,
      "content": "真正的问题在于，有的乘客会消失。"
    },
    {
      "id": 76,
      "model": "돈키호테",
      "content": "消失……？！就算想这么做，在这辆列车上也做不到吧！"
    },
    {
      "id": 77,
      "model": "파우스트",
      "content": "包含这部分在内，我们需要探明这起事件的前因后果。"
    },
    {
      "id": 78,
      "model": "단테",
      "content": "<W公司没提供什么信息以助于我们开始行动吗？>"
    },
    {
      "id": 79,
      "model": "파우스트",
      "content": "……这点似乎是造成此次误解的最主要原因。"
    },
    {
      "id": 80,
      "content": "W公司由于顾忌到自身奇点技术会泄露，所以并没有分享列车相关的事宜。"
    },
    {
      "id": 81,
      "content": "也许这就是为什么他们会找上我们边狱公司这样一家新兴公司来着手处理……"
    },
    {
      "id": 82,
      "content": "要不是通过人格卡获得了一些最基本的信息，我们甚至可能连从哪儿开始着手解决委托都摸不清。"
    },
    {
      "id": 83,
      "content": "浮士德一边拿出一张印有W公司标志的钥匙卡向罪人们展示，一边继续说道。"
    },
    {
      "id": 84,
      "model": "파우스트",
      "content": "不过，我得到了一张主钥匙卡。使用这个可以随时打开或关闭这些冬眠胶囊舱……"
    },
    {
      "id": 85,
      "model": "파우스트",
      "content": "委托完成之后，我相信我们就可以如在梅菲斯托费勒斯讨论过的那样，乘坐冬眠胶囊舱安全抵达目的地。"
    },
    {
      "id": 86,
      "model": "히스클리프",
      "content": "这些翼有一个算一个都这样，哈……"
    },
    {
      "id": 87,
      "model": "홍루",
      "content": "嗯~我觉得把所有重要线索都隐藏起来，让人们自己寻找谜底多少有些不近人情了吧……"
    },
    {
      "id": 88,
      "model": "홍루",
      "content": "至少在T公司，他们给了一个帅气的徽章，而且他们的公司代表还作为助手为我们解答了很多事情。"
    },
    {
      "id": 89,
      "model": "싱클레어",
      "content": "浮、浮士德小姐一定很操劳吧……"
    },
    {
      "id": 90,
      "content": "听完解释后，一些罪人叹了口气，了解并接受了事情的原委。"
    },
    {
      "id": 91,
      "model": "그레고르",
      "content": "……呼。要是能给点暗示就好了。"
    },
    {
      "id": 92,
      "model": "이스마엘",
      "content": "是啊，我理解你的意思了。但浮士德小姐你的一举一动，也并非时刻都在监控之下吧？"
    },
    {
      "id": 93,
      "model": "파우스트",
      "content": "那是……"
    },
    {
      "id": 94,
      "model": "이스마엘",
      "content": "哈啊……"
    },
    {
      "id": 95,
      "content": "有些罪人还是感到不满，不过这也在意料之中。"
    },
    {
      "id": 96,
      "model": "파우스트",
      "content": "……我今后会将你们的意见作为参考的。"
    },
    {
      "id": 97,
      "model": "단테",
      "content": "<……>"
    },
    {
      "id": 98,
      "content": "……我能做的就到这了。浮士德的所作所为让罪人们感到失望，是无可争辩的事实。"
    },
    {
      "id": 99,
      "content": "但她可是浮士德，我相信她已经想好了各种办法来打破现状。"
    },
    {
      "id": 100,
      "model": "오티스",
      "content": "嗯。那么，我们现在该如何是好？"
    },
    {
      "id": 101,
      "model": "로쟈",
      "content": "是啊~既然事情已经发生了就没办法啦。而且我们似乎并不会在这金属盒子里烂上千百万年。"
    },
    {
      "id": 102,
      "model": "파우스트",
      "content": "……关于那方面，我必须与经理讨论一番。"
    },
    {
      "id": 103,
      "content": "讨论？"
    },
    {
      "id": 104,
      "content": "这可不像是浮士德会说的话……"
    },
    {
      "id": 105,
      "model": "단테",
      "content": "<要……讨论点什么，浮士德？>"
    },
    {
      "id": 106,
      "model": "파우스트",
      "content": "我建议我们小点声为好，但丁。"
    },
    {
      "id": 107,
      "model": "단테",
      "content": "<为……为何我们要窃窃私语……>"
    },
    {
      "id": 108,
      "content": "看着浮士德暗暗压低声音的样子，我心中先前掀起的不安开始越来越高涨……"
    },
    {
      "id": 109,
      "model": "파우스트",
      "content": "……我与Gesellschaft……我的意思是，我与浮士德，断开连接了。"
    },
    {
      "id": 110,
      "model": "단테",
      "content": "<……什么？>"
    },
    {
      "id": 111,
      "model": "파우스트",
      "content": "我正处于……无法阅览浮士德的信息的状态。"
    },
    {
      "id": 112,
      "content": "不好的预感，竟就这样成真了。"
    }
  ]
}