{
  "dataList": [
    {
      "id": 0,
      "place": "WARP列车 头等舱 车厢",
      "model": "단테",
      "content": "<无法……阅览情报？>"
    },
    {
      "id": 1,
      "model": "파우스트",
      "content": "正如字面意思。就是指……无法获得任何平时能够获取的浮士德的意见与情报。"
    },
    {
      "id": 2,
      "model": "단테",
      "content": "<……啊！莫非是上次说到的，现在还不能接触的情报之类的……>"
    },
    {
      "id": 3,
      "model": "파우스트",
      "content": "不能排除那种可能性，但是那一点也无法确定……"
    },
    {
      "id": 4,
      "content": "浮士德对情报做出的回答一直都明确而整洁。"
    },
    {
      "id": 5,
      "content": "好像从没有用这种不明确的语气……单单讲述推测。"
    },
    {
      "id": 6,
      "model": "단테",
      "content": "<那……现在的“浮士德”……>"
    },
    {
      "id": 7,
      "model": "파우스트",
      "content": "是的。现在……只在使用我所拥有的知识。"
    },
    {
      "id": 8,
      "model": "단테",
      "content": "<……！>"
    },
    {
      "id": 9,
      "model": "파우스트",
      "content": "原因不明……虽然对在次元间移动时会发生的问题做好了充足准备，但是可能浮士德没有考虑到这种不可预测的次元连接。或是即使有考虑过也还未能进行交叉观察。"
    },
    {
      "id": 10,
      "model": "파우스트",
      "content": "如果那也不是……不，没什么。"
    },
    {
      "id": 11,
      "model": "파우스트",
      "content": "直到上车为止，都没有得到过关于与浮士德的连接会断开的情报。说实话……"
    },
    {
      "id": 12,
      "model": "파우스트",
      "content": "正在感受到一部分困惑。"
    },
    {
      "id": 13,
      "model": "단테",
      "content": "<……我暂且知道了。>"
    },
    {
      "id": 14,
      "content": "情况彻底变了。"
    },
    {
      "id": 15,
      "content": "在WARP列车的胶囊舱关闭前，让我别太担心的浮士德的身影浮现在眼前。"
    },
    {
      "id": 16,
      "model": "단테",
      "content": "<不过是状况变得有些不利。完全可以解决的……>"
    },
    {
      "id": 17,
      "content": "我几乎像说给自己听似的嘟哝起来。"
    },
    {
      "id": 18,
      "content": "作为经理我能做到的只有当下让他们放心并策划后事。就如浮士德对先前的我做的一样。"
    },
    {
      "id": 19,
      "model": "단테",
      "content": "<如果你的推测正确，只要下车，连接的问题自然会解决……>"
    },
    {
      "id": 20,
      "model": "단테",
      "content": "<而且，要是实在没办法也可以试着转动时钟。>"
    },
    {
      "id": 21,
      "model": "단테",
      "content": "<所以别太担心。我们有你所知道的知识，还有我的时钟……也有罪人们在……>"
    },
    {
      "id": 22,
      "content": "虽然总觉得越说越没有自信。但可能是这个回答就足够了，浮士德点了点头。"
    },
    {
      "id": 23,
      "model": "파우스트",
      "content": "……是，我明白了。"
    },
    {
      "id": 24,
      "model": "파우스트",
      "content": "还有……罪人们……"
    },
    {
      "id": 25,
      "model": "파우스트",
      "content": "光是身处行驶中的WARP列车貌似就足够感到混乱了……所以不必特意与他们分享浮士德的现状为好。"
    },
    {
      "id": 26,
      "model": "단테",
      "content": "<嗯……>"
    },
    {
      "id": 27,
      "model": "히스클리프",
      "content": "什么，那就是把这列车的门砸破了也全得死？"
    },
    {
      "id": 28,
      "model": "이스마엘",
      "content": "唉，所以说靠希斯克利夫先生的力气连砸都砸不破啊！"
    },
    {
      "id": 29,
      "model": "싱클레어",
      "content": "十……十亿年都要待在这里……哈、哈哈……"
    },
    {
      "id": 30,
      "model": "단테",
      "content": "<嗯……看来那样做比较好。>"
    },
    {
      "id": 31,
      "model": "그레고르",
      "content": "所以？接下来要干什么？把客舱从头到尾搜查一遍……之类的吗？"
    },
    {
      "id": 32,
      "model": "파우스트",
      "content": "整体框架可以说是对的。"
    },
    {
      "id": 33,
      "content": "浮士德轻咳一声转换了周围的气氛，缓缓地继续说明了下去。"
    },
    {
      "id": 34,
      "model": "파우스트",
      "content": "首先……这辆列车自开始运行，以A公司标准时间为基准已经过了三天。"
    },
    {
      "id": 35,
      "model": "파우스트",
      "content": "……我则依照边狱公司和W公司的合同内容，获取了配置在胶囊舱内的主钥匙卡，并设定其在三天后自动打开。"
    },
    {
      "id": 36,
      "model": "그레고르",
      "content": "哈……三天。"
    },
    {
      "id": 37,
      "model": "싱클레어",
      "content": "明明只觉得自己闭了下眼睛再睁开了而已……看来冬眠就是这种感觉……"
    },
    {
      "id": 38,
      "model": "파우스트",
      "content": "众所周知，不存在从经济舱车厢进入头等舱车厢的方法，所以此处毫无变化。"
    },
    {
      "id": 39,
      "model": "파우스트",
      "content": "但是结合我的推测与W公司贫瘠的说明……可以认为经济舱已经有“状况”在发生。"
    },
    {
      "id": 40,
      "model": "히스클리프",
      "content": "那啥……是说他们自个拳脚相交互相扯掉手脚，那种事？"
    },
    {
      "id": 41,
      "model": "이스마엘",
      "content": "不，应该不是……不太可能短短三天就变成那种样子……而且应该不会把我们投到那种环境里去。"
    },
    {
      "id": 42,
      "model": "파우스트",
      "content": "很准确。据我所想，估计……"
    },
    {
      "id": 43,
      "model": "돈키호테",
      "content": "哦、哦哦。请稍等！"
    },
    {
      "id": 44,
      "content": "浮士德正想着再说下去的一刹那，堂吉诃德将食指举到嘴前发出了让他们安静下来的信号。"
    },
    {
      "id": 45,
      "model": "돈키호테",
      "content": "不觉得……能听见什么声音吗？"
    },
    {
      "id": 46,
      "model": "돈키호테",
      "content": "是抓挠声……不，是敲击声吗？在这门的对面分明……"
    },
    {
      "id": 47,
      "content": "堂吉诃德聚精会神地将耳朵对着通向经济舱的门，用好奇与惊愕交杂的眼神看着我们。"
    },
    {
      "id": 48,
      "model": "돈키호테",
      "content": "看来那边有什么……嗯？浮士德小姐？"
    },
    {
      "id": 49,
      "model": "파우스트",
      "content": "……"
    },
    {
      "id": 50,
      "content": "这阵绝不友好的声音，使罪人们同时用不安的眼神望向了浮士德……"
    },
    {
      "id": 51,
      "content": "而浮士德宛如陷入了片刻沉思闭上了眼睛。"
    },
    {
      "id": 52,
      "model": "파우스트",
      "content": "请稍微让开一些，堂吉诃德。看来还是亲眼看看再去应对比较好。"
    },
    {
      "id": 53,
      "content": "说着，浮士德从怀里掏出了主钥匙卡，走向了门旁的面板。"
    },
    {
      "id": 54,
      "model": "히스클리프",
      "content": "什么，等等。你是要把这扇门打开？"
    },
    {
      "id": 55,
      "model": "파우스트",
      "content": "我决定试着听从希斯克利夫先生平时的建议。"
    },
    {
      "id": 56,
      "model": "파우스트",
      "content": "有时比起苦恼，直接出手争斗可能会有更好的结果。"
    },
    {
      "id": 57,
      "model": "히스클리프",
      "content": "呃，嗯？建议？啊，好吧。也没什么……不对的……但是这是突然怎么了？"
    },
    {
      "id": 58,
      "model": "파우스트",
      "content": "反正……不去亲自见证，我估计也什么都推断不出来。"
    },
    {
      "id": 59,
      "content": "滴滴——"
    },
    {
      "id": 60,
      "content": "一阵干巴巴的提示音响起。"
    },
    {
      "id": 61,
      "teller": "？？？",
      "title": "？？？",
      "content": "咿呀啊啊啊！！！"
    },
    {
      "id": 62,
      "content": "某些丑陋而恐怖的东西就向我们扑来。"
    }
  ]
}