{
  "dataList": [
    {
      "id": 0,
      "place": "WARP列车 经济舱 车厢",
      "model": "돈키호테",
      "content": "浮士德小姐，这些人……虽然是乘客的样子……"
    },
    {
      "id": 1,
      "model": "돈키호테",
      "content": "却像是一群无法明辨是非，也不存在理性的人……"
    },
    {
      "id": 2,
      "model": "이스마엘",
      "content": "就像是被那头鲸所白化了一样……"
    },
    {
      "id": 3,
      "content": "直到最后还在犹豫是否要与他们战斗的堂吉诃德沮丧地低下了头。"
    },
    {
      "id": 4,
      "content": "若是像往常一样……"
    },
    {
      "id": 5,
      "content": "在开战之前，浮士德应该会把这些要面对的人的信息告诉堂吉诃德了吧。"
    },
    {
      "id": 6,
      "content": "若是如此，堂吉诃德就不会抱着会杀害无辜者的想法参加战斗了吧。"
    },
    {
      "id": 7,
      "model": "파우스트",
      "content": "……"
    },
    {
      "id": 8,
      "content": "浮士德环视四周，开始了搜索。"
    },
    {
      "id": 9,
      "model": "이상",
      "content": "你今日似乎格外注意四周，浮士德女士。"
    },
    {
      "id": 10,
      "model": "이스마엘",
      "content": "没错。要在平时，你肯定在我们还在观察的时候就已经得出结论了吧？"
    },
    {
      "id": 11,
      "content": "罪人们一个两个，都开始觉得浮士德有和平常不同的违和感……"
    },
    {
      "id": 12,
      "content": "这样下去，他们早晚会发现浮士德身上出了问题。"
    },
    {
      "id": 13,
      "model": "파우스트",
      "content": "……堂吉诃德。"
    },
    {
      "id": 14,
      "model": "파우스트",
      "content": "这些人没有死去。"
    },
    {
      "id": 15,
      "model": "돈키호테",
      "content": "……嗯？"
    },
    {
      "id": 16,
      "model": "파우스트",
      "content": "请仔细看看。你能看见碎片与碎片之间被什么东西连在一起了对吧？"
    },
    {
      "id": 17,
      "model": "돈키호테",
      "content": "嗯……"
    },
    {
      "id": 18,
      "model": "돈키호테",
      "content": "啊啊……！"
    },
    {
      "id": 19,
      "model": "파우스트",
      "content": "此处空间的时间似乎是静止的。因此，没有导致死亡的……断裂产生，躯体间仍保持着联系。"
    },
    {
      "id": 20,
      "content": "万幸的是……"
    },
    {
      "id": 21,
      "content": "虽然花了一段时间，但浮士德还是如往常那样提供了信息。"
    },
    {
      "id": 22,
      "model": "단테",
      "content": "<你看，我说过我们能做到的……！>"
    },
    {
      "id": 23,
      "model": "로쟈",
      "content": "嗯？你说什么？"
    },
    {
      "id": 24,
      "model": "단테",
      "content": "<啊，没什么……>"
    },
    {
      "id": 25,
      "content": "但是……也有没那么好骗的罪人。"
    },
    {
      "id": 26,
      "model": "이상",
      "content": "嗯……"
    },
    {
      "id": 27,
      "model": "이상",
      "content": "时间停滞了是吗……"
    },
    {
      "id": 28,
      "model": "파우스트",
      "content": "……"
    },
    {
      "id": 29,
      "content": "看到李箱突然陷入了思索，浮士德的嘴唇微微动了一下。"
    },
    {
      "id": 30,
      "content": "相处久了我也开始了解她了。……虽然只有一瞬间，但那是“糟了”的表情。"
    },
    {
      "id": 31,
      "model": "이상",
      "content": "此处的时间缓慢到了从这个次元外观测近乎停止的程度……是不是这么看比较好。"
    },
    {
      "id": 32,
      "model": "파우스트",
      "content": "是的。李箱先生的意见很合理。"
    },
    {
      "id": 33,
      "model": "싱클레어",
      "content": "欸……浮士德小姐也有犯错的时候吗？"
    },
    {
      "id": 34,
      "model": "단테",
      "content": "<李、李箱果然是时间现象领域的专家呢。都这样了，李箱能不能顺便更为详细地解释一下呢？>"
    },
    {
      "id": 35,
      "model": "이상",
      "content": "哦，我很乐意，如果您允许的话。"
    },
    {
      "id": 36,
      "content": "李箱似乎有些高兴地继续说道。"
    },
    {
      "id": 37,
      "content": "……这样就放心了。"
    },
    {
      "id": 38,
      "model": "이상",
      "content": "简单说来，此班列车上不存在死亡。"
    },
    {
      "id": 39,
      "model": "로쟈",
      "content": "是不是省略得有点多了……？"
    },
    {
      "id": 40,
      "model": "이상",
      "content": "啊，补充一下……"
    },
    {
      "id": 41,
      "model": "돈키호테",
      "content": "……确有其事！此人的心脏仍在跳动！"
    },
    {
      "id": 42,
      "content": "堂吉诃德看上去像是在侧耳聆听碎片之中的躯干，然后释然般地大叫道。"
    },
    {
      "id": 43,
      "model": "이상",
      "content": "他们就如同分散的拼图碎片，无法活动，仅仅只能在地上翻滚。"
    },
    {
      "id": 44,
      "model": "이상",
      "content": "身体分离的过程已然进行，但这辆列车上的存在却会被保留，并被不断延续……"
    },
    {
      "id": 45,
      "model": "이상",
      "content": "因此他们只是握有无限变细也不会断裂的生命之丝，如此散落着。"
    },
    {
      "id": 46,
      "model": "돈키호테",
      "content": "虽然吾不是很理解复杂的解释……总之他们没有死吧！"
    },
    {
      "id": 47,
      "model": "파우스트",
      "content": "这些人的碎片各自连接在一起，这意味着不管如何混杂，只要沿着连接碎片的线将它们收集起来，就能一一锁定乘客。"
    },
    {
      "id": 48,
      "model": "파우스트",
      "content": "自然……我们也可以推测出W公司清扫人员这一职位产生的理由。"
    },
    {
      "id": 49,
      "model": "오티스",
      "content": "是因为需要有人将这些拼图区分并组装起来……"
    },
    {
      "id": 50,
      "model": "단테",
      "content": "<因为那种事就产生了这个职业，有些残酷了……>"
    },
    {
      "id": 51,
      "model": "그레고르",
      "content": "翼所做的事情有什么是不残酷的吗？"
    },
    {
      "id": 52,
      "model": "단테",
      "content": "<但是……如果这趟列车最终到站的话，乘客们会被全部分类，像是无事发生一般恢复原样的吧？>"
    },
    {
      "id": 53,
      "content": "回想起人格们所说的话，他们都做着收集碎片，让乘客恢复到刚刚乘车时的状态的工作。"
    },
    {
      "id": 54,
      "content": "作为亲眼所见的感想，我觉得这很残酷……"
    },
    {
      "id": 55,
      "model": "돈키호테",
      "content": "呼……听闻这话吾就安心了。"
    },
    {
      "id": 56,
      "content": "看着松了一口气的堂吉诃德，虽然浮士德有些笨拙，但我明白了她刚刚想要说什么。"
    },
    {
      "id": 57,
      "content": "也许现在的浮士德想用自己的方式去安慰堂吉诃德。"
    },
    {
      "id": 58,
      "content": "如果是之前的浮士德，会觉得这个行为根本没有必要……"
    },
    {
      "id": 59,
      "model": "파우스트",
      "content": "但丁。"
    },
    {
      "id": 60,
      "model": "단테",
      "content": "<怎么了？>"
    },
    {
      "id": 61,
      "model": "파우스트",
      "content": "……"
    },
    {
      "id": 62,
      "model": "단테",
      "content": "<啊，是要说秘密吗。>"
    },
    {
      "id": 63,
      "model": "파우스트",
      "content": "……对，我在收集信息。"
    },
    {
      "id": 64,
      "model": "단테",
      "content": "<如果我能回答上来的话……>"
    },
    {
      "id": 65,
      "content": "浮士德眼神阴郁地看了一会儿碎片的方位，就那么盯着，然后低语道。"
    },
    {
      "id": 66,
      "model": "파우스트",
      "content": "它们是扭曲，还是异想体呢？"
    },
    {
      "id": 67,
      "model": "단테",
      "content": "<啊……我也正想问你呢。>"
    },
    {
      "id": 68,
      "content": "这些东西和人类也不一样……所以我有一种在怪物身上感受到的感觉。"
    },
    {
      "id": 69,
      "content": "没法解释的模糊感觉，或者说是感受。"
    },
    {
      "id": 70,
      "content": "我之前确实在哪里有过这种感觉……但不清楚具体位置在哪。"
    },
    {
      "id": 71,
      "content": "可以确定的是，这和从异想体和扭曲……以及罪种身上感受到的氛围完全不同。"
    },
    {
      "id": 72,
      "model": "단테",
      "content": "<非要说的话……和扭曲的感觉比较接近。>"
    },
    {
      "id": 73,
      "model": "단테",
      "content": "<抱歉，但总之我觉得不是其中任何一种。>"
    },
    {
      "id": 74,
      "model": "파우스트",
      "content": "不能确定吗？"
    },
    {
      "id": 75,
      "model": "단테",
      "content": "<虽然很难解释……虽然其和扭曲十分相似……但就是不同。>"
    },
    {
      "id": 76,
      "model": "단테",
      "content": "<不过你会这么问我……也就是说浮士德不知道吧。>"
    },
    {
      "id": 77,
      "model": "파우스트",
      "content": "如果是浮士德的话，也许会知道……但至少现在的我并不清楚。"
    },
    {
      "id": 78,
      "model": "단테",
      "content": "<……我总觉得很抱歉。>"
    },
    {
      "id": 79,
      "model": "파우스트",
      "content": "没必要这么想，但丁。"
    },
    {
      "id": 80,
      "model": "파우스트",
      "content": "虽然这是不确定的信息，但我也因此得出了一个推论。"
    },
    {
      "id": 81,
      "model": "파우스트",
      "content": "还有……"
    },
    {
      "id": 82,
      "model": "파우스트",
      "content": "亲手收集信息以得出合乎逻辑的结论也比预想中要……"
    },
    {
      "id": 83,
      "content": "浮士德手中握着肉块碎片说道。"
    },
    {
      "id": 84,
      "model": "히스클리프",
      "content": "……那家伙刚才是不是一个人拿着肉块笑起来了？"
    },
    {
      "id": 85,
      "model": "료슈",
      "content": "嚯，终于觉醒了吗。"
    }
  ]
}