{
  "dataList": [
    {
      "id": 0,
      "place": "WARP列车 经济舱 车厢",
      "content": "浮士德的信息收集告一段落后……"
    },
    {
      "id": 1,
      "content": "打开通往下一间车舱的门时，嘈杂的声音扑面而来。"
    },
    {
      "id": 2,
      "model": "홍루",
      "content": "似乎除了我们以外还有其他的幸存者？"
    },
    {
      "id": 3,
      "model": "돈키호테",
      "content": "看来是陷入危险的乘客们，此身就来救……啊哇！"
    },
    {
      "id": 4,
      "model": "북부대검",
      "teller": "？？？",
      "title": "？？？",
      "content": "喂，喂，别乱闯进来！你们是谁？"
    },
    {
      "id": 5,
      "content": "取而代之的……是一个有着四只手臂的家伙突然挡在了我们面前。"
    },
    {
      "id": 6,
      "model": "파우스트",
      "content": "……突然跳出来了呢。"
    },
    {
      "id": 7,
      "content": "浮士德似乎被那人的手臂推到，稍微踉跄着后退了几步。"
    },
    {
      "id": 8,
      "model": "북부대검",
      "teller": "？？？",
      "title": "？？？",
      "content": "从我的角度看，你们也是突然跳出来的吧？"
    },
    {
      "id": 9,
      "model": "그레고르",
      "content": "……那个，能不能把那柄吓人的大刀先收起来？"
    },
    {
      "id": 10,
      "model": "북부대검",
      "teller": "？？？",
      "title": "？？？",
      "content": "哪里吓人了？我这是为了保护那些人才拿着的。"
    },
    {
      "id": 11,
      "model": "북부대검",
      "teller": "？？？",
      "title": "？？？",
      "content": "什么呀，现在还装着那种旧式的生物型义体吗，真是的……"
    },
    {
      "id": 12,
      "model": "그레고르",
      "content": "……要不我来让你看看旧式有时也能绽放最耀眼的光芒……？"
    },
    {
      "id": 13,
      "model": "돈키호테",
      "content": "汝……从汝的打扮来看，像是北部的人！"
    },
    {
      "id": 14,
      "model": "히스클리프",
      "content": "现在是说这个的时候吗！"
    },
    {
      "id": 15,
      "model": "히스클리프",
      "content": "总之，我们好像都被卷入这起事故中了，能把路让开吗？"
    },
    {
      "id": 16,
      "model": "북부대검",
      "teller": "？？？",
      "title": "？？？",
      "content": "……"
    },
    {
      "id": 17,
      "content": "那个人从上到下细细地打量了我们一番。"
    },
    {
      "id": 18,
      "model": "북부대검",
      "teller": "？？？",
      "title": "？？？",
      "content": "你觉得我会相信你们这群家伙放你们进去吗？你们有证据证明自己没被咬过吗？我可不会让我为保护这里而付出的努力付之东流……"
    },
    {
      "id": 19,
      "model": "히스클리프",
      "content": "被咬过，是什么意思？"
    },
    {
      "id": 20,
      "model": "북부대검",
      "teller": "？？？",
      "title": "？？？",
      "content": "一脸茫然的表情啊？如果你们是经济舱乘客的话绝对——"
    },
    {
      "id": 21,
      "model": "북부대검",
      "teller": "？？？",
      "title": "？？？",
      "content": "等下……"
    },
    {
      "id": 22,
      "model": "북부대검",
      "teller": "？？？",
      "title": "？？？",
      "content": "你们这群家伙……是从头等舱来的？"
    },
    {
      "id": 23,
      "model": "이스마엘",
      "content": "是的，我们刚从胶囊舱中苏醒过来。"
    },
    {
      "id": 24,
      "model": "북부대검",
      "teller": "？？？",
      "title": "？？？",
      "content": "嗯……我看看……嗯嗯……头等舱啊……早说不得了。"
    },
    {
      "id": 25,
      "model": "북부대검",
      "teller": "萨莎",
      "title": "多裂纹事务所",
      "content": "我叫萨莎。是多裂纹事务所的代表。"
    },
    {
      "id": 26,
      "content": "随后，那个叫萨莎的人放下了武器，让开了被堵住的道路。"
    },
    {
      "id": 27,
      "model": "파우스트",
      "content": "萨莎，你一直都待在这节客车厢里吗？"
    },
    {
      "id": 28,
      "model": "북부대검",
      "teller": "萨莎",
      "title": "多裂纹事务所",
      "content": "嗯？嘛……是的……"
    },
    {
      "id": 29,
      "model": "북부대검",
      "teller": "萨莎",
      "title": "多裂纹事务所",
      "content": "我的收尾人事务所接到了来自T公司的委托，所以我就过来一下，谁知道这列车就这样出故障了……不，真是出故障了吗？"
    },
    {
      "id": 30,
      "model": "북부대검",
      "teller": "萨莎",
      "title": "多裂纹事务所",
      "content": "不会饿也不会困……感觉有些不对劲。"
    },
    {
      "id": 31,
      "model": "싱클레어",
      "content": "明明装载了那么多义体……还会有那种感觉吗……？"
    },
    {
      "id": 32,
      "model": "북부대검",
      "teller": "萨莎",
      "title": "多裂纹事务所",
      "content": "啊。我比较享受吃和睡的感觉，所以我很留心在这些方面所使用的部件。我还是能感受到饿和困的。"
    },
    {
      "id": 33,
      "model": "파우스트",
      "content": "除此之外，还发生过什么事吗？"
    },
    {
      "id": 34,
      "model": "북부대검",
      "teller": "萨莎",
      "title": "多裂纹事务所",
      "content": "啊，对了！还发生了一件非常糟糕的事！"
    },
    {
      "id": 35,
      "model": "오티스",
      "content": "真聒噪……你就不能静下来说话吗？"
    },
    {
      "id": 36,
      "model": "이스마엘",
      "content": "至少别让你那几条手臂到处挥舞嗡嗡响就好了……"
    },
    {
      "id": 37,
      "model": "북부대검",
      "teller": "萨莎",
      "title": "多裂纹事务所",
      "content": "做不太到……我的义手在战斗中全坏了，所以我换上了新部件正在校准。要是想让它们尽快跟别的部位同步的话，就得这样不断地摆动它们。"
    },
    {
      "id": 38,
      "model": "북부대검",
      "teller": "萨莎",
      "title": "多裂纹事务所",
      "content": "总之呢，我不知道发生了什么事……突然列车上的乘客们就都变成了怪物。"
    },
    {
      "id": 39,
      "model": "북부대검",
      "teller": "萨莎",
      "title": "多裂纹事务所",
      "content": "不知道是谁……也没法交流。"
    },
    {
      "id": 40,
      "model": "북부대검",
      "teller": "萨莎",
      "title": "多裂纹事务所",
      "content": "幸运的是我跟那群人乘坐的车厢里怪物比较少，我把怪物大卸八块后就带他们到了这个……空荡荡的客车厢里。"
    },
    {
      "id": 41,
      "teller": "焦虑不安的乘客",
      "title": "？？？",
      "content": "呜呜……"
    },
    {
      "id": 42,
      "teller": "发疯的乘客",
      "title": "？？？",
      "content": "3201抹红色……3202抹红色……"
    },
    {
      "id": 43,
      "model": "파우스트",
      "content": "……尽管这些乘客有异变的风险，你还是选择要保护他们。"
    },
    {
      "id": 44,
      "model": "돈키호테",
      "content": "这是天经地义的！收尾人就是要挺身而出保护弱小！"
    },
    {
      "id": 45,
      "model": "북부대검",
      "teller": "萨莎",
      "title": "多裂纹事务所",
      "content": "我观察了这些乘客三天。迄今为止他们没有一个产生异变。"
    },
    {
      "id": 46,
      "model": "북부대검",
      "teller": "萨莎",
      "title": "多裂纹事务所",
      "content": "过了这节客车厢你就会见到真正的人间地狱……他们不断往前涌来，我猜是列车后方出了什么事，然后如野火般蔓延到了前方。"
    },
    {
      "id": 47,
      "model": "파우스트",
      "content": "……了解了。"
    },
    {
      "id": 48,
      "model": "북부대검",
      "teller": "萨莎",
      "title": "多裂纹事务所",
      "content": "我的事就说这么多。那你们呢？是什么让坐头等舱的富人们来到普通人待的地方了？"
    },
    {
      "id": 49,
      "model": "북부대검",
      "teller": "萨莎",
      "title": "多裂纹事务所",
      "content": "不管这里发生了什么，你们那尊贵的头等舱都不会放任何人进去的吧？"
    },
    {
      "id": 50,
      "model": "파우스트",
      "content": "我们是受雇于W公司前来解决本次的事件的……"
    },
    {
      "id": 51,
      "model": "파우스트",
      "content": "嗯……"
    },
    {
      "id": 52,
      "model": "돈키호테",
      "content": "收尾人！"
    },
    {
      "id": 53,
      "model": "파우스트",
      "content": "没错……是收尾人。"
    },
    {
      "id": 54,
      "content": "浮士德在窘境之下接受了堂吉诃德的说法。"
    },
    {
      "id": 55,
      "model": "북부대검",
      "teller": "萨莎",
      "title": "多裂纹事务所",
      "content": "哈。全员头等舱啊……你们的事务所可真有钱。"
    },
    {
      "id": 56,
      "model": "북부대검",
      "teller": "萨莎",
      "title": "多裂纹事务所",
      "content": "不对，等会……难道说W公司从一开始就知道会发生这种事？"
    },
    {
      "id": 57,
      "model": "북부대검",
      "teller": "萨莎",
      "title": "多裂纹事务所",
      "content": "嗯，不过你们真的是接到了来自翼的委托吗？有点不可信啊……"
    },
    {
      "id": 58,
      "model": "파우스트",
      "content": "正如您也清楚明白的一样，对收尾人们来说最重要的事就是合同及合同的履行。"
    },
    {
      "id": 59,
      "model": "파우스트",
      "content": "其次，W公司相较于其他翼来说更注重安全方面的问题。"
    },
    {
      "id": 60,
      "model": "북부대검",
      "teller": "萨莎",
      "title": "多裂纹事务所",
      "content": "……啊哈，看来是签了保密协议的。算了，我可不想跟Öufi协会扯上关系……不过呢，你们有什么证据证明吗？"
    },
    {
      "id": 61,
      "model": "파우스트",
      "content": "这是从W公司事先获得的主钥匙卡。用它可以打开列车上大多数的门。"
    },
    {
      "id": 62,
      "content": "浮士德从口袋里掏出主钥匙卡展示给对方。不过，也没有别的手段能证明我们是接受了W公司的委托吧……"
    },
    {
      "id": 63,
      "model": "북부대검",
      "teller": "萨莎",
      "title": "多裂纹事务所",
      "content": "钥匙卡？就是用这个打开了头等舱到经济舱的通道吗……还有W公司的标志在上面，用料真高级……看来是真的接受了委托啊？"
    },
    {
      "id": 64,
      "model": "북부대검",
      "teller": "萨莎",
      "title": "多裂纹事务所",
      "content": "懂了，我不深究了。这种没钱赚的活我才不想掺和。"
    },
    {
      "id": 65,
      "model": "북부대검",
      "teller": "萨莎",
      "title": "多裂纹事务所",
      "content": "为了解决这事……你们要去后方吧？"
    },
    {
      "id": 66,
      "model": "파우스트",
      "content": "是的。"
    },
    {
      "id": 67,
      "content": "直到这时，那个人才从挡住我们的地方移开，并用没拿大剑的手臂指了指对面的门。"
    },
    {
      "id": 68,
      "model": "북부대검",
      "teller": "萨莎",
      "title": "多裂纹事务所",
      "content": "想死我也不拦着了~或者你们要是够厉害，说不定能保住所有人成功而归。"
    },
    {
      "id": 69,
      "model": "돈키호테",
      "content": "感谢汝的鼓励，收尾人萨莎！"
    },
    {
      "id": 70,
      "model": "돈키호테",
      "content": "这里就交给汝了，请代吾保护这些人的安全！"
    },
    {
      "id": 71,
      "model": "북부대검",
      "teller": "萨莎",
      "title": "多裂纹事务所",
      "content": "……"
    },
    {
      "id": 72,
      "model": "열차아이",
      "teller": "充满好奇心的孩子",
      "title": "？？？",
      "content": "大姐姐……你要去把后面的这些怪物都打倒吗？"
    },
    {
      "id": 73,
      "model": "돈키호테",
      "content": "嗯？"
    },
    {
      "id": 74,
      "content": "在快要抵达车厢的尽头时，有一位小乘客拉住了堂吉诃德的衣角。"
    },
    {
      "id": 75,
      "model": "돈키호테",
      "content": "嗯嗯！没错！"
    },
    {
      "id": 76,
      "model": "열차아이",
      "teller": "充满好奇心的孩子",
      "title": "？？？",
      "content": "哇……！那，大姐姐是有名的收尾人吗？"
    },
    {
      "id": 77,
      "model": "돈키호테",
      "content": "那是当然！吾可是声名显赫的！收尾人！"
    },
    {
      "id": 78,
      "model": "열차아이",
      "teller": "充满好奇心的孩子",
      "title": "？？？",
      "content": "哇啊~我！我也想像大姐姐一样当收尾人……"
    },
    {
      "id": 79,
      "teller": "焦虑不安的乘客",
      "title": "？？？",
      "content": "请您见谅，让您困扰了……真的，对不起。我的孩子她……"
    },
    {
      "id": 80,
      "model": "돈키호테",
      "content": "嗯哼哼，不必多虑。这没什么~多缠着吾一会也可以~你是想要成为收尾人吧~"
    },
    {
      "id": 81,
      "model": "파우스트",
      "content": "列车上有你这样的人真是太好了。可以救下那样幼小的孩子。"
    },
    {
      "id": 82,
      "model": "북부대검",
      "teller": "萨莎",
      "title": "多裂纹事务所",
      "content": "这说的什么话？既然我们立场一致，就没必要说场面话了吧。"
    },
    {
      "id": 83,
      "model": "북부대검",
      "teller": "萨莎",
      "title": "多裂纹事务所",
      "content": "我就是想收点每个人的紧急保护费。怎么都净说些莫名其妙的话？"
    },
    {
      "id": 84,
      "model": "파우스트",
      "content": "……我了解了。"
    },
    {
      "id": 85,
      "model": "단테",
      "content": "<……这事最好别让堂吉诃德知道。>"
    },
    {
      "id": 86,
      "model": "이스마엘",
      "content": "……浮士德小姐，我有点改观了。"
    },
    {
      "id": 87,
      "model": "파우스트",
      "content": "什么……意思？"
    },
    {
      "id": 88,
      "model": "이스마엘",
      "content": "你是有意而为之吧？你明知道那个人保护乘客不是纯粹出于善心，却还是选择隐瞒事实以顺从堂吉诃德小姐。"
    },
    {
      "id": 89,
      "model": "파우스트",
      "content": "……"
    },
    {
      "id": 90,
      "model": "이스마엘",
      "content": "我还以为又会吵起来变得麻烦，这样挺好的。"
    },
    {
      "id": 91,
      "model": "이스마엘",
      "content": "你看到没？她的眼睛熠熠生辉……虽然平时也是这样，但今天堂吉诃德小姐的热情格外高涨。"
    },
    {
      "id": 92,
      "model": "파우스트",
      "content": "眼睛……"
    },
    {
      "id": 93,
      "content": "浮士德再次大步走向萨莎，抛出了一个问题。"
    },
    {
      "id": 94,
      "model": "파우스트",
      "content": "还有一件令我在意的事。"
    },
    {
      "id": 95,
      "model": "북부대검",
      "teller": "萨莎",
      "title": "多裂纹事务所",
      "content": "一个问题30万眼。"
    },
    {
      "id": 96,
      "model": "파우스트",
      "content": "……“我们立场一致”。这种说法可真令人遗憾。"
    },
    {
      "id": 97,
      "model": "파우스트",
      "content": "如果我们的委托成功解决，我们可以在向W公司的报告中提及在行动中有着积极进行协助的合作事务所。"
    },
    {
      "id": 98,
      "model": "북부대검",
      "teller": "萨莎",
      "title": "多裂纹事务所",
      "content": "什、什么啊……你认真的？"
    },
    {
      "id": 99,
      "model": "북부대검",
      "teller": "萨莎",
      "title": "多裂纹事务所",
      "content": "你想问点什么？"
    },
    {
      "id": 100,
      "model": "파우스트",
      "content": "你打倒的那些怪物里，眼睛都是红色的吗？"
    },
    {
      "id": 101,
      "content": "听到这个问题，萨莎悬着的手臂都停了下来，她像是在苦思冥想着或是回忆些什么……过了一会儿，她开口了。"
    },
    {
      "id": 102,
      "model": "북부대검",
      "teller": "萨莎",
      "title": "多裂纹事务所",
      "content": "……嗯，怎么说呢？虽说到处都是红色的怪物……眼睛的颜色很重要吗？"
    },
    {
      "model": "북부대검",
      "teller": "萨莎",
      "title": "多裂纹事务所",
      "content": "总之呢，我的义眼是红色的……那位乘客的眼睛也是红色的……哦，在那儿拿着剑的那家伙的眼睛也是红色的对吧？"
    },
    {
      "id": 103,
      "model": "북부대검",
      "teller": "萨莎",
      "title": "多裂纹事务所",
      "content": "嗯，这就是能赚到钱的重要情报吗？"
    },
    {
      "id": 104,
      "model": "파우스트",
      "content": "不，没什么。"
    },
    {
      "id": 105,
      "model": "파우스트",
      "content": "这个问题无关紧要。"
    },
    {
      "id": 106,
      "content": "浮士德向萨莎小鞠了一躬，然后打开了通往下一节车厢的门。"
    },
    {
      "id": 107,
      "teller": "？？？",
      "title": "？？？",
      "content": "唔呃呃……"
    },
    {
      "id": 108,
      "model": "료슈",
      "content": "（口哨声）"
    },
    {
      "id": 109,
      "content": "果然，展现在我们面前的是地狱般的景象。"
    }
  ]
}