{
  "dataList": [
    {
      "id": 0,
      "place": "WARP列车 经济舱 车厢",
      "model": "싱클레어",
      "content": "哈啊……在狭窄的地方战斗还挺累的……"
    },
    {
      "id": 1,
      "model": "홍루",
      "content": "也没办法啦~像我们这样使用长柄武器的人在狭窄的地方战斗会很容易受伤呢。"
    },
    {
      "id": 2,
      "content": "虽然一开始遭遇的敌人差不多，但是持续打倒数量众多的敌人肯定会使罪人感到疲惫。"
    },
    {
      "id": 3,
      "model": "싱클레어",
      "content": "浮士德小姐，那些东西……到底是……什么？"
    },
    {
      "id": 4,
      "model": "파우스트",
      "content": "……"
    },
    {
      "id": 5,
      "model": "로쟈",
      "content": "对对，我也一直很在意。为什么一直不告诉我们？"
    },
    {
      "id": 6,
      "model": "파우스트",
      "content": "那些是……"
    },
    {
      "id": 7,
      "model": "그레고르",
      "content": "那些是……？"
    },
    {
      "id": 8,
      "model": "파우스트",
      "content": "你们觉得那些是什么呢？"
    },
    {
      "id": 9,
      "model": "싱클레어",
      "content": "诶？"
    },
    {
      "id": 10,
      "model": "싱클레어",
      "content": "我、我刚刚才问了一样的问题……？"
    },
    {
      "id": 11,
      "model": "싱클레어",
      "content": "啊，难道是这样吗……"
    },
    {
      "id": 12,
      "model": "싱클레어",
      "content": "您是把思考的机会让给我们了对吧？！"
    },
    {
      "id": 13,
      "content": "浮士德当然不会肯定或否定，但辛克莱似乎接受了自己的想法。"
    },
    {
      "id": 14,
      "model": "싱클레어",
      "content": "嗯……战斗了好几次，感觉应该能弄清楚什么。"
    },
    {
      "id": 15,
      "model": "싱클레어",
      "content": "那些怪物……不像是对我们感到愤怒，或者觉得碍事才袭击我们的。"
    },
    {
      "id": 16,
      "model": "돈키호테",
      "content": "正是如此！他们仅仅是饥渴地向着某处猛烈突进！"
    },
    {
      "id": 17,
      "model": "이스마엘",
      "content": "不过……在这辆列车里应该不会感到饥饿和口渴才对……"
    },
    {
      "id": 18,
      "model": "뫼르소",
      "content": "他们的攻击模式并非基于理性思考。可以解释为他们将攻击本能向我们发泄。"
    },
    {
      "id": 19,
      "model": "오티스",
      "content": "嗯……"
    },
    {
      "id": 20,
      "model": "파우스트",
      "content": "以及？还有呢？"
    },
    {
      "id": 21,
      "model": "싱클레어",
      "content": "还有……？还有……他们……唔……他们的眼睛好像都是红色的……"
    },
    {
      "id": 22,
      "model": "이상",
      "content": "他们全身也有大面积是红色。"
    },
    {
      "id": 23,
      "model": "료슈",
      "content": "闻起来是血。他们像是由血做成的。"
    },
    {
      "id": 24,
      "model": "이상",
      "content": "那么应当说是血液凝固……结晶化会较为准确。"
    },
    {
      "id": 25,
      "model": "파우스트",
      "content": "没错，感谢各位。都是有意义的信息。"
    },
    {
      "id": 26,
      "content": "随后浮士德靠近我悄悄说道。"
    },
    {
      "id": 27,
      "model": "단테",
      "content": "<你……你知道什么了吗？>"
    },
    {
      "id": 28,
      "model": "파우스트",
      "content": "这次只是运气好，但丁。"
    },
    {
      "id": 29,
      "model": "파우스트",
      "content": "虽然这次在搭乘列车之前……阅览关于目的地的信息时顺手获取的情报也派上了用场……"
    },
    {
      "id": 30,
      "model": "파우스트",
      "content": "但丁的建议是对的……罪人们可以获取和分辨有利信息，成为一大助力。"
    },
    {
      "id": 31,
      "model": "단테",
      "content": "<也就是说……你想到彻底解决这种情况的方法了？>"
    },
    {
      "id": 32,
      "model": "파우스트",
      "content": "虽然难以断定……但也能作为一个起点。"
    },
    {
      "id": 33,
      "content": "浮士德这么说着，再次面向罪人们开口。"
    },
    {
      "id": 34,
      "model": "파우스트",
      "content": "……现在开始提供解决现状的方法。"
    },
    {
      "id": 35,
      "model": "로쟈",
      "content": "诶？除了一股脑地向前突进以外还有别的方法？"
    },
    {
      "id": 36,
      "model": "파우스트",
      "content": "这一过程本身不会改变，但关于最后本次委托的目的……以及如何完成W公司的委托，应该能有所头绪。"
    },
    {
      "id": 37,
      "model": "파우스트",
      "content": "在本次列车……以及持续在WARP列车中引发相似事件的存在……"
    },
    {
      "id": 38,
      "model": "파우스트",
      "content": "有极高概率，是血魔。"
    }
  ]
}