{
  "dataList": [
    {
      "id": 0,
      "place": "WARP列车 经济舱 车厢",
      "model": "단테",
      "content": "<等等，你说血魔……>"
    },
    {
      "id": 1,
      "content": "那是……什么？"
    },
    {
      "id": 2,
      "model": "돈키호테",
      "content": "血魔……是何物？"
    },
    {
      "id": 3,
      "model": "그레고르",
      "content": "嗯……你居然不知道吗。我以为你对这种神奇的东西无所不知呢。"
    },
    {
      "id": 4,
      "model": "돈키호테",
      "content": "吾从未听闻过所谓血魔！？或许是记载在了某篇被吾看漏的报道之中？！"
    },
    {
      "id": 5,
      "content": "堂吉诃德似乎真的完全没有头绪，她若有所思地皱起眉头。"
    },
    {
      "id": 6,
      "model": "싱클레어",
      "content": "我也以为现实中不存在这样的怪物……只是被当成鬼故事吓人……我记得他们应该害怕大蒜和阳光之类的……"
    },
    {
      "id": 7,
      "model": "홍루",
      "content": "哦~和我听说的稍微有点不同呢。我听说他们害怕大蒜和阳光只是传言，实际上害怕的是水。"
    },
    {
      "id": 8,
      "model": "파우스트",
      "content": "……"
    },
    {
      "id": 9,
      "model": "오티스",
      "content": "……我也收到过关于血魔的报告。那是我还在任职指挥官的时候的事情了。"
    },
    {
      "id": 10,
      "model": "오티스",
      "content": "他们驱使的副产物……我也见过。"
    },
    {
      "id": 11,
      "model": "오티스",
      "content": "……虽然我的记忆很模糊……但我敢肯定他们不是这种形态。"
    },
    {
      "id": 12,
      "model": "료슈",
      "content": "手指里也有那种叫做血魔的家伙。不过那家伙驱使的不是这种橡胶手套似的东西。"
    },
    {
      "id": 13,
      "model": "료슈",
      "content": "但有些不对劲。那家伙不会像这样胡乱增加渣滓。"
    },
    {
      "id": 14,
      "model": "료슈",
      "content": "你也知道吧？"
    },
    {
      "id": 15,
      "model": "파우스트",
      "content": "……是的。看来罪人中也有拥有相关经历的人。那么无须冗长的解释便可以结束。"
    },
    {
      "id": 16,
      "model": "파우스트",
      "content": "正如各位所说，我们目前面对的敌人并非血魔。"
    },
    {
      "id": 17,
      "model": "파우스트",
      "content": "而是未能成为血魔眷属的类似残渣的存在……信息显示，在相关人士中他们被称作血袋。"
    },
    {
      "id": 18,
      "model": "료슈",
      "content": "嗯，差不多是叫那个。"
    },
    {
      "id": 19,
      "model": "단테",
      "content": "<为什么叫这个名字……>"
    },
    {
      "id": 20,
      "model": "파우스트",
      "content": "正如开始所说的，WARP列车内的乘客不会通过正常手段消失。"
    },
    {
      "id": 21,
      "model": "파우스트",
      "content": "虽然关于WARP列车以及W公司并未完全掌握……但即使我们所拥有的信息量已经十分可观，也无法从中找出例外的情况。"
    },
    {
      "id": 22,
      "model": "파우스트",
      "content": "于是我将我们从未遭遇过的存在作为变量加入理论之中，得到了一个新的推论。"
    },
    {
      "id": 23,
      "model": "이스마엘",
      "content": "那么，就是说那位血魔可以让乘客消失吗？"
    },
    {
      "id": 24,
      "model": "파우스트",
      "content": "应该说比较接近于挥发。"
    },
    {
      "id": 25,
      "model": "이스마엘",
      "content": "挥发……"
    },
    {
      "id": 26,
      "model": "파우스트",
      "content": "在WARP列车中，即使乘客们反复进行各种暴力行为，最后也能恢复原状。"
    },
    {
      "id": 27,
      "model": "파우스트",
      "content": "虽然暴力的形式多种多样……但在那之中也存在同类相食的形式。"
    },
    {
      "id": 28,
      "model": "싱클레어",
      "content": "呕……"
    },
    {
      "id": 29,
      "model": "파우스트",
      "content": "然而，由于行驶中的列车时间几乎静止，消化过程也相当于无法进行，因此他们最后也可以被复原。"
    },
    {
      "id": 30,
      "model": "오티스",
      "content": "嗯。就算被吃进了嘴里，只要剖开腹部通过那个类似血管的结构将相互连接的肉块组合起来就可以了。"
    },
    {
      "id": 31,
      "model": "파우스트",
      "content": "但是血袋不同。盲目追求血液的人们会通过吸收被害者的血液来维持自己的存在……"
    },
    {
      "id": 32,
      "model": "파우스트",
      "content": "作为维持存在的代价，血液会被逐渐消耗。"
    },
    {
      "id": 33,
      "model": "그레고르",
      "content": "啊？你刚刚不是说不会消化吗？"
    },
    {
      "id": 34,
      "model": "파우스트",
      "content": "根据推测……血魔和血袋摄取血液的行为与获取能量的进食本质上完全不同。"
    },
    {
      "id": 35,
      "model": "파우스트",
      "content": "对他们而言，血液是蕴藏了感情、成就、金钱、存在价值……即维持自我所需要的众多内容的某种存在。因此只要他们有意，便可以消耗血液，进行类似于消化或是别的行为。"
    },
    {
      "id": 36,
      "model": "히스클리프",
      "content": "那什么，所以呢。我完全没听懂是什么意思啊？"
    },
    {
      "id": 37,
      "model": "이상",
      "content": "……此刻，希斯克利夫虽身处于时间的间隙，但却仍可感受到愤怒、哀伤以及喜悦。"
    },
    {
      "id": 38,
      "model": "히스클리프",
      "content": "啊？那确实……是这样没错。"
    },
    {
      "id": 39,
      "model": "이상",
      "content": "虽不知那是被转移还是被磨灭，总之可以认为是过去的情感已经消失。"
    },
    {
      "id": 40,
      "model": "이상",
      "content": "乘客们的生存意志与存在价值也会如此在静止的时间夹缝中逐渐消失吧？对血魔而言的血液也相似……浮士德女士正在说明这一点。"
    },
    {
      "id": 41,
      "model": "그레고르",
      "content": "原来如此……所以才说那像是“蒸发”一样对吧？"
    },
    {
      "id": 42,
      "model": "이스마엘",
      "content": "构成乘客的素材……和肉相联系的血液消失了，那也就没办法收集肉块了对吧。"
    },
    {
      "id": 43,
      "model": "뫼르소",
      "content": "这一推测并无漏洞。"
    },
    {
      "id": 44,
      "content": "……一阵短暂的沉默。"
    },
    {
      "id": 45,
      "content": "一下子接受了太多信息。我们暂时不清楚要怎样将这些信息组合成结论。"
    },
    {
      "id": 46,
      "model": "이상",
      "content": "我有几个疑问。"
    },
    {
      "id": 47,
      "content": "率先打破沉默的是李箱。"
    },
    {
      "id": 48,
      "model": "이상",
      "content": "之前说到血袋是由血魔制造而成？若是如此，又是通过怎样的方式……"
    },
    {
      "id": 49,
      "model": "파우스트",
      "content": "……目前对相关信息的接触受到了限制。"
    },
    {
      "id": 50,
      "content": "浮士德避开李箱的视线回答。"
    },
    {
      "id": 51,
      "content": "……没办法。如果告诉大家浮士德的状况也只会带来不安，我和浮士德都不希望这样。"
    },
    {
      "id": 52,
      "model": "이상",
      "content": "限制……啊，我明白了。你过去也有说过……"
    },
    {
      "id": 53,
      "model": "파우스트",
      "content": "虽然只是推测……但制作血袋应该需要某种接触。否则最为棘手的我们便不会平安无事。"
    },
    {
      "id": 54,
      "model": "이상",
      "content": "嗯，在理。"
    },
    {
      "id": 55,
      "model": "돈키호테",
      "content": "既然如此！那名为血魔的暴虐之徒正潜藏于这辆列车的某处吗！"
    },
    {
      "id": 56,
      "model": "파우스트",
      "content": "没错。如果我们相信之前见到的收尾人所说的话，那这些血袋很有可能正从列车尾部的车厢接近……"
    },
    {
      "id": 57,
      "model": "파우스트",
      "content": "也就是说，想要前进就必定会和血魔当面对峙吧。"
    },
    {
      "id": 58,
      "model": "돈키호테",
      "content": "很好！这是为无辜乘客们报仇雪恨的机会，吾绝不会错过！"
    },
    {
      "id": 59,
      "model": "파우스트",
      "content": "……但丁。"
    },
    {
      "id": 60,
      "content": "堂吉诃德意志高昂，其他罪人觉得有了明确的目标是好事……站在他们之中的浮士德对我轻轻点头。"
    },
    {
      "id": 61,
      "model": "단테",
      "content": "<……那么，就出发吧。>"
    },
    {
      "id": 62,
      "content": "这是根据现有情报判断得出的最好方法了。"
    },
    {
      "id": 63,
      "content": "总而言之……先前进吧。"
    }
  ]
}