{
  "dataList": [
    {
      "id": 0,
      "place": "WARP列车 经济舱 车厢",
      "model": "돈키호테",
      "content": "请、请止步！经理老爷！看看那人！那人还活着！"
    },
    {
      "id": 1,
      "content": "睁大双眼的堂吉诃德迅速跑过去。"
    },
    {
      "id": 2,
      "model": "W사정리요원",
      "teller": "清扫人员",
      "title": "W公司",
      "content": "什、什么……别过来！该死的……！"
    },
    {
      "id": 3,
      "model": "그레고르",
      "content": "喂、喂。我们……不是那些怪物。你没事吧？"
    },
    {
      "id": 4,
      "model": "W사정리요원",
      "teller": "清扫人员",
      "title": "W公司",
      "content": "……诶？！"
    },
    {
      "id": 5,
      "model": "W사정리요원",
      "teller": "清扫人员",
      "title": "W公司",
      "content": "你也开始转变了吗……？变成虫肢怪物……呃。"
    },
    {
      "id": 6,
      "model": "그레고르",
      "content": "啊？不是，这是……"
    },
    {
      "id": 7,
      "content": "格里高尔想再回答什么，但又很快无可奈何地苦笑着低下了头。"
    },
    {
      "id": 8,
      "model": "그레고르",
      "content": "好吧，算了……你会误会也很正常。这只手臂，一眼看上去确实分不出是义体还是怪物吧。"
    },
    {
      "id": 9,
      "model": "뫼르소",
      "content": "即使同为生物型义体，像这般无骨骼的旧式型号最近在都市也十分罕见，因此会混淆也很合理。"
    },
    {
      "id": 10,
      "model": "W사정리요원",
      "teller": "清扫人员",
      "title": "W公司",
      "content": "啊……是义体……"
    },
    {
      "id": 11,
      "model": "W사정리요원",
      "teller": "清扫人员",
      "title": "W公司",
      "content": "太好了，我还以为那些疯子又打过来了……正如你们所见，我的腿现在变成这幅样子……只能藏在这里……"
    },
    {
      "id": 12,
      "model": "오티스",
      "content": "那么W公司的员工为什么会乘坐这辆列车？"
    },
    {
      "id": 13,
      "model": "단테",
      "content": "<确实……根据人格们的说法，自从知道WARP列车真实情况的那一瞬间就应该连看都不想看了吧……>"
    },
    {
      "id": 14,
      "model": "W사정리요원",
      "teller": "清扫人员",
      "title": "W公司",
      "content": "各位是接受了外部委托前来的收尾人吗……？我们得到了要帮助各位解决事件的命令。"
    },
    {
      "id": 15,
      "model": "W사정리요원",
      "teller": "清扫人员",
      "title": "W公司",
      "content": "虽说是我们……现在也只剩我一个了……同事们在之前的车厢一个接一个失去理智……最后……"
    },
    {
      "id": 16,
      "model": "돈키호테",
      "content": "怎么会……浮士德小姐！难道没有将血袋复原的方法吗？"
    },
    {
      "id": 17,
      "model": "파우스트",
      "content": "十分抱歉。那些信息现在无法阅览。"
    },
    {
      "id": 18,
      "content": "虽然她的语气十分平淡，但总有种难以抹去的忧郁感。"
    },
    {
      "id": 19,
      "model": "파우스트",
      "content": "……或许是太依赖浮士德了。"
    },
    {
      "id": 20,
      "content": "浮士德隐隐约约嘟哝了一句。"
    },
    {
      "id": 21,
      "content": "……我也不知道此刻能怎样帮助罪人。"
    },
    {
      "id": 22,
      "content": "或许是因为过于习惯了才没能注意到，我也相当依赖于浮士德的信息。对于如何解决这样的情况，我个人束手无策……"
    },
    {
      "id": 23,
      "content": "不对，应该说我在依靠所有罪人们。"
    },
    {
      "id": 24,
      "content": "如果罪人们各自失去了他们的能力，我还能好好管理他们吗？还能带领他们做出正确的选择吗？"
    },
    {
      "id": 25,
      "content": "瞬间，这一疑问裹挟着恐惧涌上心头。"
    },
    {
      "id": 26,
      "model": "W사정리요원",
      "teller": "清扫人员",
      "title": "W公司",
      "content": "算了……没事。咳。"
    },
    {
      "id": 27,
      "content": "员工拖着受伤的腿痛苦地向某处前进，随后拉开了某个小小的拉杆……"
    },
    {
      "id": 28,
      "model": "료슈",
      "content": "在这种空间里居然能完美地隐藏这样的东西。"
    },
    {
      "id": 29,
      "content": "看上去十分普通的乘务员用椅附近的墙壁打开了。"
    },
    {
      "id": 30,
      "model": "돈키호테",
      "content": "这是？！难道这之中隐藏了能够打倒血魔的秘密武器……！"
    },
    {
      "id": 31,
      "model": "오티스",
      "content": "和在头等舱看到的胶囊舱相似，但为什么会在这里……？"
    },
    {
      "id": 32,
      "content": "清扫人员瘫坐进打开的墙壁中类似冬眠舱一样的地方。"
    },
    {
      "id": 33,
      "model": "W사정리요원",
      "teller": "清扫人员",
      "title": "W公司",
      "content": "哎……稍微好点了。"
    },
    {
      "id": 34,
      "model": "돈키호테",
      "content": "嗯？汝这是做什么？"
    },
    {
      "id": 35,
      "model": "W사정리요원",
      "teller": "清扫人员",
      "title": "W公司",
      "content": "W公司为了应付这种情况，准备了员工用的小型冬眠舱啊。"
    },
    {
      "id": 36,
      "model": "돈키호테",
      "content": "原来如此！那么……嗯？"
    },
    {
      "id": 37,
      "model": "W사정리요원",
      "teller": "清扫人员",
      "title": "W公司",
      "content": "祝你们好运……剩下的就拜托你们了……"
    },
    {
      "id": 38,
      "content": "他只留下这一句话，就将胶囊舱从内部啪一下关上了。"
    },
    {
      "id": 39,
      "content": "最后，装着那个冬眠舱的门也彻底关闭……原本的空间又一次恢复原状，变回了简单的椅子和血肉模糊的墙壁。"
    },
    {
      "id": 40,
      "model": "단테",
      "content": "<他走了……>"
    },
    {
      "id": 41,
      "model": "로쟈",
      "content": "他走了呢……"
    },
    {
      "id": 42,
      "model": "파우스트",
      "content": "他已经走了。"
    },
    {
      "id": 43,
      "content": "我们茫然地看向W公司员工离开的地方。"
    },
    {
      "id": 44,
      "content": "这种时候也只能……"
    },
    {
      "id": 45,
      "model": "단테",
      "content": "<……往下一节车厢前进吧。>"
    },
    {
      "id": 46,
      "content": "继续前进吧。"
    }
  ]
}