{
  "dataList": [
    {
      "id": 0,
      "place": "WARP列车 经济舱 车厢",
      "content": "又一场战斗结束后，我突然注意到脚边有一个闪烁的东西。"
    },
    {
      "id": 1,
      "model": "그레고르",
      "content": "嗯……？这是什么？"
    },
    {
      "id": 2,
      "content": "在与货运车厢相连的最后一节客车里，我们看到了一个带有T公司标志的奇怪的盒子。"
    },
    {
      "id": 3,
      "model": "돈키호테",
      "content": "此乃T公司之标志……！"
    },
    {
      "id": 4,
      "model": "이상",
      "content": "似乎已经在战斗中被破坏了。"
    },
    {
      "id": 5,
      "model": "로쟈",
      "content": "那个代表……是叫休伯特吧？我记得他说过和其他翼有很多合作。"
    },
    {
      "id": 6,
      "model": "로쟈",
      "content": "果然和W公司也……"
    },
    {
      "id": 7,
      "model": "이상",
      "content": "不仅是T公司，翼之间常常会保持良好关系，进行双向合作。"
    },
    {
      "id": 8,
      "model": "이상",
      "content": "倒不如说……我们边狱公司尚且名不见经传，有人如此迫切地向我们寻求合作，的确非同寻常。"
    },
    {
      "id": 9,
      "model": "로쟈",
      "content": "哈，看来W公司也已经彻底衰败了。"
    },
    {
      "id": 10,
      "model": "로쟈",
      "content": "就像这损坏后露出来的墙一样……"
    },
    {
      "id": 11,
      "model": "로쟈",
      "content": "啊！说到损坏……这里本就乱七八糟的，你们不觉得吗？"
    },
    {
      "id": 12,
      "content": "就像是犯了错误一样，罗佳的声音低沉了下来，又恢复了正常。她突然转换话题的样子令我在意。"
    },
    {
      "id": 13,
      "model": "뫼르소",
      "content": "可以看到四处散落着带有血块的义体部件以及碎片，能确认这里就是大多数义体收尾人搭乘的车厢。"
    },
    {
      "id": 14,
      "content": "……不管怎么说，先从眼前的问题开始解决吧。"
    },
    {
      "id": 15,
      "model": "이스마엘",
      "content": "之前说去T公司远征的收尾人事务所说不准就是这些人呢。"
    },
    {
      "id": 16,
      "model": "이스마엘",
      "content": "有很多相同型号的义体呢……"
    },
    {
      "id": 17,
      "model": "돈키호테",
      "content": "唔……有些事务所仅会雇用使用义体之收尾人。"
    },
    {
      "id": 18,
      "model": "싱클레어",
      "content": "诶？难道说，他是……"
    },
    {
      "id": 19,
      "content": "走在战斗结束后的客房里的辛克莱仿佛看到了什么不该看到的东西一样，发出了惊恐的声音。"
    },
    {
      "id": 20,
      "model": "돈키호테",
      "content": "啊啊……！其乃吾等于站台上相遇之人……！"
    },
    {
      "id": 21,
      "model": "오티스",
      "content": "是那个和我们吵架的人。"
    },
    {
      "id": 22,
      "model": "그레고르",
      "content": "说是来远征，结果失败了吗……有这么多收尾人的话，确实可以称得上货真价实的远征了。"
    },
    {
      "id": 23,
      "model": "돈키호테",
      "content": "光损坏的手臂总数便已有十数条……乃是通过不断更换预先备好的手臂来战斗的吗？"
    },
    {
      "id": 24,
      "model": "단테",
      "content": "<也许正因如此……周围好像散落着很多坏了的义足和义肢。>"
    },
    {
      "id": 25,
      "model": "오티스",
      "content": "我认为那一定是在抵抗其他血袋时留下的痕迹，经理。"
    },
    {
      "id": 26,
      "model": "오티스",
      "content": "在战争时，类似的例子有很多。义体无论何时都可以更换，所以在资金允许的范围内……不必小心保护也能放心战斗。"
    },
    {
      "id": 27,
      "model": "오티스",
      "content": "当然，那种家伙往往因为没保护好自己而早早战死。"
    },
    {
      "id": 28,
      "model": "단테",
      "content": "<是这样吗……>"
    },
    {
      "id": 29,
      "model": "파우스트",
      "content": "看来对于同一种情况，可以有各种各样的理解。我会记住这两种意见的。"
    },
    {
      "id": 30,
      "model": "오티스",
      "content": "嗯，态度很好。像你这样的员工总能存活到最后。"
    },
    {
      "id": 31,
      "model": "파우스트",
      "content": "嗯，是啊。那可真是太好了。"
    },
    {
      "id": 32,
      "content": "一边生硬地回答着，一边忙于某事的浮士德脸上，显露出了明显的疲惫。"
    },
    {
      "id": 33,
      "model": "단테",
      "content": "<浮士德……你还好吗？>"
    },
    {
      "id": 34,
      "content": "明明浮士德平常几乎没有表情变化……她还好吗？"
    },
    {
      "id": 35,
      "model": "파우스트",
      "content": "身体上没有问题，不过……嗯，是啊。"
    },
    {
      "id": 36,
      "model": "파우스트",
      "content": "如同在孤立的海上随意抛网的状况并不令人愉快。"
    },
    {
      "id": 37,
      "model": "파우스트",
      "content": "……平常只要对查阅到的情报进行简单的推理，就能得到明确的结论。"
    },
    {
      "id": 38,
      "content": "浮士德的第二句话的声音，轻得连我也只能勉强听清。"
    },
    {
      "id": 39,
      "model": "이스마엘",
      "content": "啊，我明白你的意思。"
    },
    {
      "id": 40,
      "model": "이스마엘",
      "content": "在漆黑宁静的湖面上，即便为了获取食物而抛网，不安依然不断积聚。"
    },
    {
      "id": 41,
      "model": "이스마엘",
      "content": "这里到底是哪里，甚至这里是否能捕获到什么……完全不知道。"
    },
    {
      "id": 42,
      "model": "이상",
      "content": "我也有如同躺在无形的墓穴中的感觉。仅靠眼前的景象和鼻尖的血腥味，无法判断前进的道路。"
    },
    {
      "id": 43,
      "content": "大概是听到了前一半的内容，以实玛利和李箱走了过来，说了些安慰浮士德的话。"
    },
    {
      "id": 44,
      "model": "이스마엘",
      "content": "但是……这好像是浮士德小姐第一次说这样的话？"
    },
    {
      "id": 45,
      "model": "이스마엘",
      "content": "不，准确来说应该是今天的浮士德小姐感觉与平日不同……"
    },
    {
      "id": 46,
      "model": "파우스트",
      "content": "那是……"
    },
    {
      "id": 47,
      "model": "이스마엘",
      "content": "啊，并不是说不好。倒不如说感觉稍微温和一些，还挺好的。"
    },
    {
      "id": 48,
      "model": "이상",
      "content": "这是我从未见过的样子……十分新鲜。"
    },
    {
      "id": 49,
      "model": "파우스트",
      "content": "……是吗。"
    },
    {
      "id": 50,
      "content": "浮士德只是静静地闭上了眼。"
    },
    {
      "id": 51,
      "model": "뫼르소",
      "content": "根据站台上的宣传册，这辆列车由十二节客车和一节货车组成。"
    },
    {
      "id": 52,
      "model": "뫼르소",
      "content": "现在到达的是第十一节车厢。除去梅菲斯托费勒斯所在的第十三节车厢，还剩下一节。"
    },
    {
      "id": 53,
      "model": "단테",
      "content": "<那么……>"
    },
    {
      "id": 54,
      "model": "뫼르소",
      "content": "我们很有可能会直面制造这些血袋的血魔。"
    },
    {
      "id": 55,
      "content": "就在那扇门之后……"
    },
    {
      "id": 56,
      "model": "히스클리프",
      "content": "就算这样，顶多就是这群家伙的头目罢了。有什么大的区别呢？"
    },
    {
      "id": 57,
      "model": "뫼르소",
      "content": "反而言之，正因为它能率领如此多血袋，将其视为高危的存在比较合理。"
    },
    {
      "id": 58,
      "model": "파우스트",
      "content": "虽然是鲜为人知的信息，但似乎存在专门处理血魔的收尾人。他们被称为血魔猎人……"
    },
    {
      "id": 59,
      "model": "파우스트",
      "content": "如果信息属实，那么它应该是一个麻烦得需要专家来处理的存在。"
    },
    {
      "id": 60,
      "model": "홍루",
      "content": "仔细想想的话……这些血袋是盲目地跟随着血魔的某种军队对吧？"
    },
    {
      "id": 61,
      "model": "오티스",
      "content": "能够制造出不用担心士气低下或是逃走的军队的人……无论是战斗还是日常生活中，这样的人都有着非同一般的能力。"
    },
    {
      "id": 62,
      "content": "罪人们互相交换着各种意见，包括对威力的预测，以及应当采取什么战略等。"
    },
    {
      "id": 63,
      "content": "然后。"
    },
    {
      "id": 64,
      "model": "돈키호테",
      "content": "勿要再管！！吾等不正是要前往抓捕导致此令人激愤之状况的罪犯吗！此刻其也可能正在蒸发血液不是吗！"
    },
    {
      "id": 65,
      "model": "돈키호테",
      "content": "是否强大，吾不在乎……吾必亲手将其斩杀！动作快些！"
    },
    {
      "id": 66,
      "content": "在堂吉诃德的怒吼下，罪人们的低语渐渐平息了下来。"
    },
    {
      "id": 67,
      "model": "단테",
      "content": "<……是的。而且击败血魔也是解决委托的关键。>"
    },
    {
      "id": 68,
      "content": "我和罪人们一起，打开了通往最后一节客车的大门。"
    }
  ]
}