{
  "dataList": [
    {
      "id": 0,
      "place": "WARP列车 经济舱 车厢",
      "model": "단테",
      "content": "<这里是……>"
    },
    {
      "id": 1,
      "model": "카세티",
      "teller": "？？？",
      "title": "？？？",
      "content": "为什么……大家都面带那样的表情？"
    },
    {
      "id": 2,
      "model": "카세티",
      "teller": "？？？",
      "title": "？？？",
      "content": "既然是前来觐见王子，就应竭尽全力露出最好的微笑才对。"
    },
    {
      "id": 3,
      "model": "파우스트",
      "content": "此人……应该就是这一切的罪魁祸首，也是我们此行要处理的血魔。"
    },
    {
      "id": 4,
      "model": "카세티",
      "teller": "？？？",
      "title": "？？？",
      "content": "跪伏，叩首，注意礼节！"
    },
    {
      "id": 5,
      "model": "그레고르",
      "content": "……你当自己谁啊？凭什么要我们做那种事？"
    },
    {
      "id": 6,
      "model": "카세티",
      "teller": "？？？",
      "title": "？？？",
      "content": "我只说一次，你们听清楚了。"
    },
    {
      "id": 7,
      "model": "카세티",
      "teller": "卡塞蒂",
      "title": "血魔",
      "content": "我名为卡塞蒂，乃是逃离家族的六代眷属，君临于尔等之上的真正王子！"
    },
    {
      "id": 8,
      "model": "돈키호테",
      "content": "此次列车之上发生的所有杀戮……皆是因汝而起吗？"
    },
    {
      "id": 9,
      "model": "카세티",
      "teller": "卡塞蒂",
      "title": "血魔",
      "content": "于王子面前询问如此多的问题实属无礼。但此刻我正好深感餍足，便放过你们一次吧。"
    },
    {
      "id": 10,
      "model": "카세티",
      "teller": "卡塞蒂",
      "title": "血魔",
      "content": "如你们所见，这辆列车是为举行盛大宴会所设的宴会厅。"
    },
    {
      "id": 11,
      "model": "카세티",
      "teller": "卡塞蒂",
      "title": "血魔",
      "content": "无论我如何制作血袋以供食用……人们都会不断地来到此地！我只需每次都尽情享受晚餐罢了！"
    },
    {
      "id": 12,
      "model": "이상",
      "content": "……他戴着娱乐用的面具。"
    },
    {
      "id": 13,
      "model": "오티스",
      "content": "如果真要接受对方的问候，露出全部面庞难道不是基本的礼仪吗？"
    },
    {
      "id": 14,
      "model": "카세티",
      "teller": "卡塞蒂",
      "title": "血魔",
      "content": "这……这副面具！"
    },
    {
      "id": 15,
      "model": "카세티",
      "teller": "卡塞蒂",
      "title": "血魔",
      "content": "取不下来。无法取下。不能取下！那样就无法成为王子了！"
    },
    {
      "id": 16,
      "model": "카세티",
      "teller": "卡塞蒂",
      "title": "血魔",
      "content": "面具后的我们姿态是如此丑陋，因此我们都将自己的面容隐藏起来。但只要我将你们的血全部吸干，一切就会恢复原样。只有这样，我才能揭下我的面具……"
    },
    {
      "id": 17,
      "model": "료슈",
      "content": "是谁把面具缝在你这家伙脸上的？手艺真不错。"
    },
    {
      "id": 18,
      "model": "카세티",
      "teller": "卡塞蒂",
      "title": "血魔",
      "content": "当然了，哈哈！这面具可是那位提到名字都要满怀敬畏的理发师大人亲手为我制作的！但是……但是真的很痛啊……"
    },
    {
      "id": 19,
      "model": "카세티",
      "teller": "卡塞蒂",
      "title": "血魔",
      "content": "不！我在笑啊！你看我笑得多开心啊！哈哈哈！哈！哈……我可是王子啊！"
    },
    {
      "id": 20,
      "model": "히스클리프",
      "content": "已经完全疯掉了啊。"
    },
    {
      "id": 21,
      "model": "히스클리프",
      "content": "笑够了吗？够了的话现在该我狠狠揍你几下了。"
    },
    {
      "id": 22,
      "model": "카세티",
      "teller": "卡塞蒂",
      "title": "血魔",
      "content": "我……我喜欢你们这样的人。"
    },
    {
      "id": 23,
      "model": "카세티",
      "teller": "卡塞蒂",
      "title": "血魔",
      "content": "是和那些哭着！喊着！趴在地上祈求我的饶恕的人不同的……"
    },
    {
      "id": 24,
      "model": "카세티",
      "teller": "卡塞蒂",
      "title": "血魔",
      "content": "会主动扑向我的？令人血脉偾张的！那种人！"
    },
    {
      "id": 25,
      "model": "히스클리프",
      "content": "看看周围吧。就剩你一个人了。你真觉得能赢我们吗？"
    },
    {
      "id": 26,
      "model": "파우스트",
      "content": "希斯克利夫先生，请不要放松警惕。对手是将列车上的大部分乘客变成血袋的人。"
    },
    {
      "id": 27,
      "model": "히스클리프",
      "content": "我可没放松警惕……不过，从后面车厢开始，我们都是把见得到的血袋都打爆了才走的吧。"
    },
    {
      "id": 28,
      "model": "카세티",
      "teller": "卡塞蒂",
      "title": "血魔",
      "content": "数字……是的，数字很重要。有多少来访者很重要！我记住了！"
    },
    {
      "id": 29,
      "model": "카세티",
      "teller": "卡塞蒂",
      "title": "血魔",
      "content": "我很强大，非常强大。在这新王国前，我无意退让分毫！"
    },
    {
      "id": 30,
      "model": "카세티",
      "teller": "卡塞蒂",
      "title": "血魔",
      "content": "只要坐在这个王座上，血袋们就会被送过来。你觉得别处还会有这样的乐园吗？你们明白我是怎样造就这个地方的吗！"
    },
    {
      "id": 31,
      "model": "카세티",
      "teller": "卡塞蒂",
      "title": "血魔",
      "content": "啊啊，若亲族们能够见到此景将会多么欣喜，这份丰饶……这份快乐……这份自由……"
    },
    {
      "id": 32,
      "model": "카세티",
      "teller": "卡塞蒂",
      "title": "血魔",
      "content": "但是这里是我的王国！我不会把它交给任何人！"
    },
    {
      "id": 33,
      "model": "파우스트",
      "content": "我有些困惑。"
    },
    {
      "id": 34,
      "model": "파우스트",
      "content": "虽然只是推测，但那位血魔看上去几乎没有离开过这节车厢……"
    },
    {
      "id": 35,
      "model": "파우스트",
      "content": "也许他的影响力强大到不止能够波及到所有车厢的程度……"
    },
    {
      "id": 36,
      "model": "홍루",
      "content": "只要坐在这里血袋就会被送过来是在说……"
    },
    {
      "id": 37,
      "model": "북부대검",
      "teller": "萨莎",
      "title": "多裂纹事务所",
      "content": "等等！"
    },
    {
      "id": 38,
      "model": "카세티",
      "teller": "卡塞蒂",
      "title": "血魔",
      "content": "咦！！！"
    },
    {
      "id": 39,
      "content": "手忙脚乱地跑来我们所在车厢的是……"
    },
    {
      "id": 40,
      "content": "在前面的车厢里遇见过的收尾人，萨莎。"
    },
    {
      "id": 41,
      "content": "突然闯入的萨莎吓得卡塞蒂弯下了腰，蜷缩在他的王座上。"
    },
    {
      "id": 42,
      "model": "돈키호테",
      "content": "汝难道！是为助吾等一臂之力才赶来的吗！"
    },
    {
      "id": 43,
      "model": "돈키호테",
      "content": "看那边！那位血魔便是此一切之罪魁祸首！"
    },
    {
      "id": 44,
      "model": "돈키호테",
      "content": "只要将其击倒，汝所保护之乘客便可全部从列车中安全逃离！"
    },
    {
      "id": 45,
      "model": "파우스트",
      "content": "血魔……"
    },
    {
      "id": 46,
      "model": "파우스트",
      "content": "如果这里还存在着……不是血袋也能保持理智的血魔的话……"
    },
    {
      "id": 47,
      "model": "북부대검",
      "teller": "萨莎",
      "title": "多裂纹事务所",
      "content": "哇啊……居然都到这里来了？接下翼的委托的收尾人果然不同凡响啊？"
    },
    {
      "id": 48,
      "model": "북부대검",
      "teller": "萨莎",
      "title": "多裂纹事务所",
      "content": "我……我也曾拼尽全力战斗到最后了。直到剩下我一个人……"
    },
    {
      "id": 49,
      "model": "로쟈",
      "content": "你在说什么呢？"
    },
    {
      "id": 50,
      "model": "북부대검",
      "teller": "萨莎",
      "title": "多裂纹事务所",
      "content": "最后，这四只手臂里，有三只被硬生生拔掉了。"
    },
    {
      "id": 51,
      "model": "북부대검",
      "teller": "萨莎",
      "title": "多裂纹事务所",
      "content": "但是，很奇怪啊。我都只剩一只手了。"
    },
    {
      "id": 52,
      "model": "북부대검",
      "teller": "萨莎",
      "title": "多裂纹事务所",
      "content": "却还是想着，啊啊……我还不想死啊……什么的……"
    },
    {
      "id": 53,
      "model": "단테",
      "content": "<……>"
    },
    {
      "id": 54,
      "model": "북부대검",
      "teller": "萨莎",
      "title": "多裂纹事务所",
      "content": "所以我求饶了。只要能让我活下去……"
    },
    {
      "id": 55,
      "model": "파우스트",
      "content": "快躲开，堂吉诃德！"
    },
    {
      "id": 56,
      "model": "북부대검",
      "teller": "萨莎",
      "title": "多裂纹事务所",
      "content": "无论什么我都愿意做。"
    },
    {
      "id": 57,
      "content": "浮士德慌乱的叫喊声还没结束，萨莎的全身就已经遍布红色的晶体，挥起她的大剑向罪人们砍了下去。"
    },
    {
      "id": 58,
      "model": "히스클리프",
      "content": "……唔！"
    },
    {
      "id": 59,
      "model": "카세티",
      "teller": "卡塞蒂",
      "title": "血魔",
      "content": "我……"
    },
    {
      "id": 60,
      "model": "카세티",
      "teller": "卡塞蒂",
      "title": "血魔",
      "content": "我说过的吧！不要没有预告地突然冲出来！"
    },
    {
      "id": 61,
      "model": "카세티",
      "teller": "卡塞蒂",
      "title": "血魔",
      "content": "也说过很多次了，你不知道这该死的手臂有多吵吗！让我以为是家人来找我了！"
    },
    {
      "id": 62,
      "model": "북부대검혈귀",
      "teller": "萨莎",
      "title": "血魔",
      "content": "非常抱歉。卡塞蒂大人。"
    },
    {
      "id": 63,
      "model": "카세티",
      "teller": "卡塞蒂",
      "title": "血魔",
      "content": "啊……介绍一下。这位就是我到外面来之后，为了王国的未来所制造的第一名眷属……"
    },
    {
      "id": 64,
      "model": "카세티",
      "teller": "卡塞蒂",
      "title": "血魔",
      "content": "与我一同筑起我的王国……我的家族的，忠实的仆人……"
    },
    {
      "id": 65,
      "model": "북부대검혈귀",
      "teller": "萨莎",
      "title": "血魔",
      "content": "如您所言，选拔出强大的人并送至此处……但是我等所处的车厢内的人类，品质实在太过低劣……因而将头等舱的人们送来卡塞蒂大人面前。"
    },
    {
      "id": 66,
      "model": "파우스트",
      "content": "眷属……"
    },
    {
      "id": 67,
      "model": "파우스트",
      "content": "你，能明白眷属到底是什么吗？"
    },
    {
      "id": 68,
      "model": "북부대검혈귀",
      "teller": "萨莎",
      "title": "血魔",
      "content": "不能，但是我可以告诉你的是。"
    },
    {
      "id": 69,
      "model": "북부대검혈귀",
      "teller": "萨莎",
      "title": "血魔",
      "content": "那位大人的血进入我身体的瞬间……我如同重获新生。"
    },
    {
      "id": 70,
      "model": "파우스트",
      "content": "眷属……类似于扭曲和异想体创造出的下位个体。"
    },
    {
      "id": 71,
      "model": "파우스트",
      "content": "未掌握准确情报便贸然接受，是因为当时已经走投无路了吧。"
    },
    {
      "id": 72,
      "model": "북부대검혈귀",
      "teller": "萨莎",
      "title": "血魔",
      "content": "也许，我在变成眷属前……大概就是那样想的吧。"
    },
    {
      "id": 73,
      "model": "돈키호테",
      "content": "汝……是那位血魔的手下吗？"
    },
    {
      "id": 74,
      "model": "돈키호테",
      "content": "与吾等初次相遇时便是了吗……？"
    },
    {
      "id": 75,
      "model": "북부대검혈귀",
      "teller": "萨莎",
      "title": "血魔",
      "content": "被你问起红色眼睛的时候，我可是怕得要死啊。即使被怀疑的仅仅是单纯红色的义眼。"
    },
    {
      "id": 76,
      "model": "돈키호테",
      "content": "那、那……受汝保护的那些乘客们……"
    },
    {
      "id": 77,
      "model": "카세티",
      "teller": "卡塞蒂",
      "title": "血魔",
      "content": "我说过吧。数量……数量很重要。"
    },
    {
      "id": 78,
      "model": "카세티",
      "teller": "卡塞蒂",
      "title": "血魔",
      "content": "队伍……自然是越长越好。"
    },
    {
      "id": 79,
      "teller": "血袋们",
      "title": "血袋",
      "content": "叽咿咿……"
    },
    {
      "id": 80,
      "content": "从萨莎背后出现的十几个血袋逼近了我们。……而在那之中，有一个非常矮的血袋。"
    },
    {
      "id": 81,
      "content": "突然，我脑海中闪过了那个向堂吉诃德伸出手的孩子。"
    },
    {
      "id": 82,
      "model": "단테",
      "content": "<……>"
    },
    {
      "id": 83,
      "content": "虽然知道萨莎是血魔的时候，我就已经意识到乘客们不可能安然无恙了……但是我也不想以这种方式和他们相见。"
    },
    {
      "id": 84,
      "model": "돈키호테",
      "content": "……"
    },
    {
      "id": 85,
      "model": "돈키호테",
      "content": "那孩子也在……"
    },
    {
      "id": 86,
      "model": "북부대검혈귀",
      "teller": "萨莎",
      "title": "血魔",
      "content": "我知道，她说过长大之后想当收尾人吧。"
    },
    {
      "id": 87,
      "model": "북부대검혈귀",
      "teller": "萨莎",
      "title": "血魔",
      "content": "不过比起当收尾人，当血袋能活得更轻松呢。作为收尾人活到现在的我可以保证。"
    },
    {
      "id": 88,
      "model": "돈키호테",
      "content": "……闭上汝的嘴。"
    },
    {
      "id": 89,
      "model": "북부대검혈귀",
      "teller": "萨莎",
      "title": "血魔",
      "content": "梦想着成为一位满怀正义的著名收尾人的话，最后一定会失望的。要么就是早早死掉。"
    },
    {
      "id": 90,
      "model": "돈키호테",
      "content": "吾已言明要汝闭嘴！"
    },
    {
      "id": 91,
      "content": "萨莎在说完前，堂吉诃德就已经拿起长枪冲了过去。"
    }
  ]
}