{
  "dataList": [
    {
      "id": 0,
      "place": "WARP列车 经济舱 车厢",
      "model": "카세티혈귀",
      "teller": "卡塞蒂",
      "title": "血魔",
      "content": "好痛……好痛……好痛啊……！"
    },
    {
      "id": 1,
      "model": "카세티혈귀",
      "teller": "卡塞蒂",
      "title": "血魔",
      "content": "啊啊，我说过喜欢热血沸腾的人类。但这……太痛了……！"
    },
    {
      "id": 2,
      "model": "그레고르",
      "content": "这家伙，就算被打得四分五裂也还能粘回来……可恶……"
    },
    {
      "id": 3,
      "model": "싱클레어",
      "content": "哈啊……再这样下去……很难……镇压吧……"
    },
    {
      "id": 4,
      "content": "话音刚落，心力交瘁的格里高尔和辛克莱瘫倒在地。在绝对不会死亡的WARP列车内部特性的影响下，血魔的再生能力变成了巨大的阻碍。"
    },
    {
      "id": 5,
      "content": "虽然和在K公司检查站以及呼啸山庄地下的经历很像，但这次的战斗要更加漫长，似乎漫无尽头。罪人们虽然与那时相比获得了成长，但是也快到极限了。"
    },
    {
      "id": 6,
      "model": "돈키호테다침",
      "content": "……"
    },
    {
      "id": 7,
      "content": "其中堂吉诃德格外难以抑制愤怒，不断地对着正在恢复的血魔突刺。"
    },
    {
      "id": 8,
      "model": "카세티혈귀",
      "teller": "卡塞蒂",
      "title": "血魔",
      "content": "我……十分……十分饥饿……"
    },
    {
      "id": 9,
      "model": "돈키호테다침",
      "content": "只是因为饥饿就进行如此多的屠戮吗！汝认为这足以成为借口吗？"
    },
    {
      "id": 10,
      "model": "카세티혈귀",
      "teller": "卡塞蒂",
      "title": "血魔",
      "content": "闭嘴！你、你根本不懂。"
    },
    {
      "id": 11,
      "model": "카세티혈귀",
      "teller": "卡塞蒂",
      "title": "血魔",
      "content": "这、这两百年间……所进食的血……是多么令人作呕……不、不要！我不想回忆起来！"
    },
    {
      "id": 12,
      "model": "카세티혈귀",
      "teller": "卡塞蒂",
      "title": "血魔",
      "content": "闭嘴，缄默！不对，对不起……请给我喝一口……"
    },
    {
      "id": 13,
      "model": "카세티혈귀",
      "teller": "卡塞蒂",
      "title": "血魔",
      "content": "咕唔……毫无意义……不论你再刺我多少次……"
    },
    {
      "id": 14,
      "model": "돈키호테다침",
      "content": "直至汝彻底被击垮成肉泥为止，吾的攻击都不会停止！！！"
    },
    {
      "id": 15,
      "content": "然而……这位血魔……在无止尽的穿刺中无止尽地恢复。"
    },
    {
      "id": 16,
      "model": "단테",
      "content": "<恢复得太快了……再这样下去的话……>"
    },
    {
      "id": 17,
      "model": "카세티혈귀",
      "teller": "卡塞蒂",
      "title": "血魔",
      "content": "咕……眷属……我的子嗣！！！"
    },
    {
      "id": 18,
      "model": "카세티혈귀",
      "teller": "卡塞蒂",
      "title": "血魔",
      "content": "是我赐予你新一次生命，邀你参与这场宴会……！"
    },
    {
      "id": 19,
      "model": "카세티혈귀",
      "teller": "卡塞蒂",
      "title": "血魔",
      "content": "因此你也应尽你的职责！回报你父亲的恩赐！"
    },
    {
      "id": 20,
      "model": "북부대검혈귀",
      "teller": "萨莎",
      "title": "血魔",
      "content": "我……我应该做什么……"
    },
    {
      "id": 21,
      "model": "카세티혈귀",
      "teller": "卡塞蒂",
      "title": "血魔",
      "content": "找到他们的弱点。正如你向我乞怜一样……也令他们只能跪倒在我面前……！"
    },
    {
      "id": 22,
      "model": "북부대검혈귀",
      "teller": "萨莎",
      "title": "血魔",
      "content": "……"
    },
    {
      "id": 23,
      "model": "북부대검혈귀",
      "teller": "萨莎",
      "title": "血魔",
      "content": "要、要说……有什么在意的地方……"
    },
    {
      "id": 24,
      "content": "萨莎对卡塞蒂的话感到困惑，开始环顾四周……"
    },
    {
      "id": 25,
      "model": "북부대검혈귀",
      "teller": "萨莎",
      "title": "血魔",
      "content": "那些人……和我们这些义体收尾人采取了相似的战斗方式。"
    },
    {
      "id": 26,
      "model": "다친파우스트",
      "content": "……？"
    },
    {
      "id": 27,
      "model": "북부대검혈귀",
      "teller": "萨莎",
      "title": "血魔",
      "content": "……义体持有者们会觉得，只是丢一两条手脚无伤大雅，然后逐渐丧失对生命的重视……"
    },
    {
      "id": 28,
      "model": "북부대검혈귀",
      "teller": "萨莎",
      "title": "血魔",
      "content": "他们也像是有好几条命一样在轻率地行动。"
    },
    {
      "id": 29,
      "model": "단테",
      "content": "<……！>"
    },
    {
      "id": 30,
      "model": "북부대검혈귀",
      "teller": "萨莎",
      "title": "血魔",
      "content": "因为没有需要守护的东西所以才能集中精神战斗……"
    },
    {
      "id": 31,
      "model": "북부대검혈귀",
      "teller": "萨莎",
      "title": "血魔",
      "content": "最后，呵呵……才会像这样把重要的东西轻易弄丢啊。"
    },
    {
      "id": 32,
      "content": "萨莎用仅剩的一只手臂从地上捡起的是……"
    },
    {
      "id": 33,
      "content": "浮士德在之前的车厢给我们看过的主钥匙卡。"
    },
    {
      "id": 34,
      "model": "다친파우스트",
      "content": "……！"
    },
    {
      "id": 35,
      "model": "다친파우스트",
      "content": "阻止她，堂吉诃德！"
    },
    {
      "id": 36,
      "model": "북부대검혈귀",
      "teller": "萨莎",
      "title": "血魔",
      "content": "父亲啊……我向您献上此物……！"
    },
    {
      "id": 37,
      "model": "돈키호테다침",
      "content": "唔……"
    },
    {
      "id": 38,
      "content": "堂吉诃德立刻飞奔向萨莎……但她用一只胳膊将堂吉诃德用力推开……"
    },
    {
      "id": 39,
      "content": "这期间正在抵抗卡塞蒂的以实玛利和默尔索相继倒下，主钥匙卡被交到了卡塞蒂手上。"
    },
    {
      "id": 40,
      "model": "북부대검혈귀",
      "teller": "萨莎",
      "title": "血魔",
      "content": "这是前往头等舱的钥匙……如此一来便能制造更多的血袋……令王国繁荣……"
    },
    {
      "id": 41,
      "model": "단테",
      "content": "<怎么会……>"
    },
    {
      "id": 42,
      "content": "卡塞蒂饶有兴趣地看着递交到自己手中的主钥匙卡。"
    },
    {
      "id": 43,
      "content": "要是没了那个，我们就得被关在这个地方数千年，直到列车到站。"
    },
    {
      "id": 44,
      "model": "다친파우스트",
      "content": "但丁……"
    },
    {
      "id": 45,
      "model": "다친파우스트",
      "content": "如今无法阅览浮士德情报的我……"
    },
    {
      "id": 46,
      "model": "다친파우스트",
      "content": "也尽了最大的努力，试图渡过本次难关。"
    },
    {
      "id": 47,
      "model": "다친파우스트",
      "content": "然而……"
    },
    {
      "id": 48,
      "model": "다친파우스트",
      "content": "在主钥匙卡被那人得手的情况下……一切变得更加难以确定。"
    },
    {
      "id": 49,
      "model": "다친파우스트",
      "content": "其原因可能是……"
    },
    {
      "id": 50,
      "content": "浮士德像是深入探寻了这一切开始的源头，随后缓缓呼气。"
    },
    {
      "id": 51,
      "model": "다친파우스트",
      "content": "至今为止都太过依靠浮士德了吧。"
    },
    {
      "id": 52,
      "model": "단테",
      "content": "<……>"
    },
    {
      "id": 53,
      "content": "浮士德认为自己无论遇到什么情况都能通过“浮士德”获取信息。因此，她还不习惯像这样需要依靠自己进行判断的情况吧。"
    },
    {
      "id": 54,
      "content": "但是……即使没有那些帮助，浮士德也是极其优秀的罪人。"
    },
    {
      "id": 55,
      "model": "단테",
      "content": "<我觉得我也一样……太依靠那个完美的浮士德了。>"
    },
    {
      "id": 56,
      "model": "단테",
      "content": "<但是只要和罪人们一起搜集各式各样的信息……最后浮士德也会一如既往地提出优秀的方案。>"
    },
    {
      "id": 57,
      "model": "다친파우스트",
      "content": "……"
    },
    {
      "id": 58,
      "model": "단테",
      "content": "<或许……不确定性对我们来说并不算是大问题吧。>"
    },
    {
      "id": 59,
      "model": "단테",
      "content": "<你以前说过吧。没有计划也是一种计划。>"
    },
    {
      "id": 60,
      "model": "다친파우스트",
      "content": "……是吗。"
    },
    {
      "id": 61,
      "model": "다친파우스트",
      "content": "我在浮士德之中，也是格外相信不确定性的浮士德。"
    },
    {
      "id": 62,
      "model": "다친파우스트",
      "content": "主钥匙卡被夺走不过是众多不确定性之中的一个……"
    },
    {
      "id": 63,
      "model": "다친파우스트",
      "content": "可以确定的是……"
    },
    {
      "id": 64,
      "model": "다친파우스트",
      "content": "他们和我们……都很迫切。既然如此……"
    },
    {
      "id": 65,
      "model": "다친파우스트",
      "content": "只能……进行交涉。"
    },
    {
      "id": 66,
      "model": "카세티혈귀",
      "teller": "卡塞蒂",
      "title": "血魔",
      "content": "来吧……看看他们的样子，那人应当有恢复的能力……"
    },
    {
      "id": 67,
      "model": "카세티혈귀",
      "teller": "卡塞蒂",
      "title": "血魔",
      "content": "现在……从现在起不准再恢复他们……懂了吗？"
    },
    {
      "id": 68,
      "model": "카세티혈귀",
      "teller": "卡塞蒂",
      "title": "血魔",
      "content": "否则我就让这钥匙化作齑粉！"
    },
    {
      "id": 69,
      "model": "돈키호테다침",
      "content": "经……经理老爷……"
    },
    {
      "id": 70,
      "model": "돈키호테다침",
      "content": "交涉……那难道不是在向恶人妥协吗……！"
    },
    {
      "id": 71,
      "content": "一眼就能看出堂吉诃德身受重伤，罪人们也失去了意识。"
    },
    {
      "id": 72,
      "content": "在堂吉诃德也无法行动的现在，能正常进行对话和行动的就只有最后一次转动时钟恢复过来的浮士德。"
    },
    {
      "id": 73,
      "model": "단테",
      "content": "<好……就这么做吧……>"
    },
    {
      "id": 74,
      "model": "다친파우스트",
      "content": "那么……卡塞蒂，可以换个地方吗？"
    },
    {
      "id": 75,
      "model": "다친파우스트",
      "content": "只有我和但丁经理一同前往。事先声明，我们不会在那里攻击你。"
    },
    {
      "id": 76,
      "content": "卡塞蒂一定也因为刚刚堂吉诃德的胡乱刺击和罪人们的攻击而精疲力尽。"
    },
    {
      "id": 77,
      "content": "对于浮士德提出的前往没有其他人的场所这一建议，卡塞蒂也表现出了兴趣。"
    },
    {
      "id": 78,
      "model": "카세티혈귀",
      "teller": "卡塞蒂",
      "title": "血魔",
      "content": "没……没有其他人的地方？"
    },
    {
      "id": 79,
      "model": "다친파우스트",
      "content": "没错。正如你所知，就是这前方的货运车厢。我们可以在那里针对互相的诉求进行协商。"
    },
    {
      "id": 80,
      "model": "카세티혈귀",
      "teller": "卡塞蒂",
      "title": "血魔",
      "content": "那么那个……那个混蛋时钟就是你们的王。对吧？而你是他的仆从。"
    },
    {
      "id": 81,
      "model": "다친파우스트",
      "content": "是的。"
    },
    {
      "id": 82,
      "model": "카세티혈귀",
      "teller": "卡塞蒂",
      "title": "血魔",
      "content": "好……那这是王与王之间的平等交流！"
    },
    {
      "id": 83,
      "model": "돈키호테다침",
      "content": "经理老爷……"
    },
    {
      "id": 84,
      "model": "단테",
      "content": "<堂吉诃德……在这里等一小会。>"
    },
    {
      "id": 85,
      "content": "随后我们离开了倒在地上的罪人们，以及用空洞的眼神望着我们的堂吉诃德……慢慢走向货运车厢里。"
    },
    {
      "id": 86,
      "model": "단테",
      "content": "<浮士德，为什么要去货运车厢……>"
    },
    {
      "id": 87,
      "model": "다친파우스트",
      "content": "但丁……这是我第一次……"
    },
    {
      "id": 88,
      "model": "다친파우스트",
      "content": "想尝试赌一把。"
    },
    {
      "id": 89,
      "model": "단테",
      "content": "<诶？！>"
    },
    {
      "id": 90,
      "content": "伴随着浮士德的话语，车门关上了。"
    }
  ]
}