{
  "dataList": [
    {
      "id": 0,
      "place": "WARP列车 经济舱 车厢",
      "model": "북부대검혈귀",
      "teller": "萨莎",
      "title": "血魔",
      "content": "咯啊……"
    },
    {
      "id": 1,
      "model": "카세티",
      "teller": "卡塞蒂",
      "title": "血魔",
      "content": "真烦啊……我未经允许制作的第一名眷属，竟然是这么劣等的家伙……"
    },
    {
      "id": 2,
      "model": "북부대검혈귀",
      "teller": "萨莎",
      "title": "血魔",
      "content": "我祈求您的原谅……父亲啊……"
    },
    {
      "id": 3,
      "model": "카세티",
      "teller": "卡塞蒂",
      "title": "血魔",
      "content": "……退下吧。幸好还能为我运来血袋……"
    },
    {
      "id": 4,
      "model": "카세티",
      "teller": "卡塞蒂",
      "title": "血魔",
      "content": "子嗣的丑态应由他的亲族负责……"
    },
    {
      "id": 5,
      "model": "료슈",
      "content": "鬼扯。"
    },
    {
      "id": 6,
      "content": "说完话之后，卡塞蒂向倒地的血袋们伸出了手……"
    },
    {
      "id": 7
    },
    {
      "id": 8,
      "model": "카세티혈귀",
      "teller": "卡塞蒂",
      "title": "血魔",
      "content": "呼……久违的、几近遗忘的饱腹之感……"
    },
    {
      "id": 9,
      "content": "凝固的血液将他的全身武装了起来，向我们展示着足以令人全身发麻的强大敌意。"
    },
    {
      "id": 10,
      "model": "파우스트",
      "content": "……他看上去似乎是通过收集血液来增强自己的力量。"
    },
    {
      "id": 11,
      "model": "카세티혈귀",
      "teller": "卡塞蒂",
      "title": "血魔",
      "content": "虽然力量尚未完全恢复……但这种程度，正与已然成王的我之游行相称……你不这么认为吗？"
    },
    {
      "id": 12,
      "model": "카세티혈귀",
      "teller": "卡塞蒂",
      "title": "血魔",
      "content": "来吧！挑战我吧！妄图加害于王的反叛者们！"
    }
  ]
}