{
  "dataList": [
    {
      "id": 0,
      "place": "梅菲斯托费勒斯 内部",
      "model": "단테",
      "content": "<所以这条通道直接连接到梅菲斯托费勒斯……>"
    },
    {
      "id": 1,
      "model": "카세티혈귀",
      "teller": "卡塞蒂",
      "title": "血魔",
      "content": "对，问题一开始就出在这里……这……这该死的巴士影响了我的睡眠！"
    },
    {
      "id": 2,
      "model": "카세티혈귀",
      "teller": "卡塞蒂",
      "title": "血魔",
      "content": "要不是货运车厢被这辆巴士挤满了……我也没打算这么早进行游行，也没打算制造眷属……"
    },
    {
      "id": 3,
      "model": "다친파우스트",
      "content": "……但丁。"
    },
    {
      "id": 4,
      "model": "단테",
      "content": "<嗯？>"
    },
    {
      "id": 5,
      "model": "다친파우스트",
      "content": "连接恢复了。"
    },
    {
      "id": 6,
      "content": "连接……？"
    },
    {
      "id": 7,
      "content": "我没能理解突然而来的耳语，侧头看向浮士德。浮士德并没有从血魔身上移开视线，而是用更小的声音说起了话。"
    },
    {
      "id": 8,
      "model": "다친파우스트",
      "content": "乘上梅菲斯托费勒斯之后……我与浮士德的连接恢复了。"
    },
    {
      "id": 9,
      "model": "단테",
      "content": "<……！>"
    },
    {
      "id": 10,
      "model": "단테",
      "content": "<你早就知道这么做会有用？>"
    },
    {
      "id": 11,
      "model": "다친파우스트",
      "content": "不。正如我刚才所说，这是一场赌博。我对假设非常不确定，甚至连概率都无法计算。"
    },
    {
      "id": 12,
      "model": "다친파우스트",
      "content": "真的成功以后，我有点明白为什么罗佳喜欢赌博了。"
    },
    {
      "id": 13,
      "content": "微笑着开着玩笑的浮士德不知想起了什么，面色再次变得凝重起来。"
    },
    {
      "id": 14,
      "model": "다친파우스트",
      "content": "连接成功后，我本想立刻就遗漏了进入WARP列车就会断联的重要情报这一点，对Gesellschaft的管理员浮士德们提出抗议……"
    },
    {
      "id": 15,
      "model": "다친파우스트",
      "content": "但我首先需要找到解决这个状况的办法。我认为这大约是有意的遗漏……但我希望它不是。"
    },
    {
      "id": 16,
      "content": "浮士德这样说着，向前走了一些与血魔交谈了起来。"
    },
    {
      "id": 17,
      "model": "다친파우스트",
      "content": "……让我们来进行谈判吧。要怎么做才能让你把主钥匙卡还给我们？"
    },
    {
      "id": 18,
      "model": "카세티혈귀",
      "teller": "卡塞蒂",
      "title": "血魔",
      "content": "本来……我所想的是把你们做成血袋之后再一滴不剩地喝光……但你们和普通人有所不同……"
    },
    {
      "id": 19,
      "model": "카세티혈귀",
      "teller": "卡塞蒂",
      "title": "血魔",
      "content": "我希望我的王国能不被发现地、安静地……持续很长一段时间。而你们的目标是离开这儿，对吧？"
    },
    {
      "id": 20,
      "model": "카세티혈귀",
      "teller": "卡塞蒂",
      "title": "血魔",
      "content": "拿上钥匙卡……回到你们之前在的……头等舱，而我们就在这里继续若无其事地生活！"
    },
    {
      "id": 21,
      "model": "카세티혈귀",
      "teller": "卡塞蒂",
      "title": "血魔",
      "content": "等到列车到站，你们就离开列车。我们回到各自该在的地方！怎么样？"
    },
    {
      "id": 22,
      "model": "다친파우스트",
      "content": "如同无事发生过一般……"
    },
    {
      "id": 23,
      "model": "단테",
      "content": "<……浮士德，那我们最开始接受的委托……>"
    },
    {
      "id": 24,
      "model": "다친파우스트",
      "content": "我们无论是记忆还是痕迹都会被全部消除，甚至无法汇报委托的成败。"
    },
    {
      "id": 25,
      "model": "다친파우스트",
      "content": "如果我们击败了血魔，至少W公司会告知我们事件已经解决……"
    },
    {
      "id": 26,
      "model": "다친파우스트",
      "content": "……当下的情况会使我们连最简单的暗示都无法传达，这意味着委托失败。"
    },
    {
      "id": 27,
      "model": "다친파우스트",
      "content": "但最重要的是确保你和罪人们的精神稳定。"
    },
    {
      "id": 28,
      "model": "단테",
      "content": "<……>"
    },
    {
      "id": 29,
      "content": "我们至今为止也不是没有失败过。但……"
    },
    {
      "id": 30,
      "model": "단테",
      "content": "<但……这辆列车上的乘客呢……还有以后乘坐它的乘客呢？>"
    },
    {
      "id": 31,
      "content": "我突然想起了因为无法忍受不义之举而挺身而出的，堂吉诃德的脸。"
    },
    {
      "id": 32,
      "model": "다친파우스트",
      "content": "……"
    },
    {
      "id": 33,
      "content": "浮士德并未回答。"
    },
    {
      "id": 34,
      "content": "而且……我明白那沉默所具有的意义。"
    },
    {
      "id": 35,
      "model": "단테",
      "content": "<只能……放弃吗？>"
    },
    {
      "id": 36,
      "content": "虽然是无辜之人的牺牲，但不能优先于我们的安全考虑。"
    },
    {
      "id": 37,
      "content": "这就是浮士德……以及公司的行事方针。"
    },
    {
      "id": 38,
      "content": "但是……"
    },
    {
      "id": 39,
      "model": "돈키호테다침",
      "content": "那……不行……"
    },
    {
      "id": 40,
      "model": "단테",
      "content": "<堂、堂吉诃德……>"
    },
    {
      "id": 41,
      "content": "看上去无论如何都无法正常行动的堂吉诃德摇摇晃晃地走进了货运车厢。"
    },
    {
      "id": 42,
      "model": "돈키호테다침",
      "content": "老爷……这个卑鄙恶毒的家伙……吾等不能像什么也没发生一样……放他离开……"
    },
    {
      "id": 43,
      "model": "카세티혈귀",
      "teller": "卡塞蒂",
      "title": "血魔",
      "content": "那、那家伙又……"
    },
    {
      "id": 44,
      "model": "카세티혈귀",
      "teller": "卡塞蒂",
      "title": "血魔",
      "content": "所……所以你想大家永远被困在这列车上吗？我……我可知道……只要我破坏掉这把钥匙……你们就会在这里，在这无尽的时间中……"
    },
    {
      "id": 45,
      "model": "돈키호테다침",
      "content": "吾不在乎……与其对恶人的暴行熟视无睹而向前离去……吾宁愿在此地对汝继续进行处决……"
    },
    {
      "id": 46,
      "content": "浮士德与我一起拉住了堂吉诃德。平时她肯定会甩开我们继续扑上去，但现在的她却已经没有那么做的力量了。"
    },
    {
      "id": 47,
      "model": "돈키호테다침",
      "content": "浮士德小姐……松开吾……经理老爷也不要这样做……"
    },
    {
      "id": 48,
      "model": "단테",
      "content": "<堂吉诃德……如果钥匙没有了，其他罪人们将忍受数千年的痛苦。>"
    },
    {
      "id": 49,
      "model": "돈키호테다침",
      "content": "吾……吾会讲很多很多在杂志上看到的有趣的故事……只要吾等一并努力的话，无论何等漫长的岁月……都能撑过去的吧……"
    },
    {
      "id": 50,
      "model": "다친파우스트",
      "content": "我认为你也明白这是无法解决的，堂吉诃德。"
    },
    {
      "id": 51,
      "model": "돈키호테다침",
      "content": "那、那一定有其他办法……吧？"
    },
    {
      "id": 52,
      "model": "돈키호테다침",
      "content": "浮士德小姐和经理老爷不都是充满智慧的人吗……真的没有能够使恶人得到惩罚……也能使罪人们不受伤害的方法吗……"
    },
    {
      "id": 53,
      "model": "파우스트",
      "content": "……"
    },
    {
      "id": 54,
      "content": "堂吉诃德的挣扎逐渐变得微弱起来。那样的姿态并非接受，而更像是失望。"
    },
    {
      "id": 55,
      "model": "단테",
      "content": "<等、等一下！堂吉诃德，快躲开！>"
    },
    {
      "id": 56,
      "content": "在劝说堂吉诃德的过程中，血魔已经不知不觉地接近了我们。注意到血魔的我和浮士德急忙松开了堂吉诃德。"
    },
    {
      "id": 57,
      "content": "但……我们察觉得太迟了。"
    },
    {
      "id": 58,
      "model": "카세티혈귀",
      "teller": "卡塞蒂",
      "title": "血魔",
      "content": "啊啊……亲族啊，请原谅我未经允许再一次……"
    },
    {
      "id": 59,
      "model": "카세티혈귀",
      "teller": "卡塞蒂",
      "title": "血魔",
      "content": "从此刻起……你将成为我的第二名眷属！"
    },
    {
      "id": 60,
      "content": "发出莫名其妙叫声的卡塞蒂扑了上来，把尖锐的獠牙深深扎进了堂吉诃德的脖颈。"
    },
    {
      "id": 61,
      "model": "단테",
      "content": "<……！>"
    },
    {
      "id": 62,
      "model": "다친파우스트",
      "content": "……我没想到会以这样的方式解决……"
    },
    {
      "id": 63,
      "model": "단테",
      "content": "<浮士德……？什么解决……？>"
    },
    {
      "id": 64,
      "model": "다친파우스트",
      "content": "……根据我以前所阅读过，并于刚刚再次查阅的资料而言……"
    },
    {
      "id": 65,
      "model": "다친파우스트",
      "content": "但丁，请不要离开我的身后。"
    },
    {
      "id": 66,
      "model": "다친파우스트",
      "content": "另外，现在发生的事情绝不能让另外的罪人知……"
    },
    {
      "id": 67,
      "model": "돈키호테다침",
      "content": "啊。"
    },
    {
      "id": 68,
      "content": "在那一瞬间，堂吉诃德微微在空中升起的鞋带开始自行解开……"
    },
    {
      "id": 69,
      "content": "自行脱下的鞋掉在地上，赤裸双足的堂吉诃德用混乱的眼神望着它。"
    },
    {
      "id": 70,
      "content": "然后……"
    },
    {
      "id": 71,
      "model": "돈키호테다침",
      "content": "啊啊啊啊啊啊！"
    },
    {
      "id": 72,
      "model": "돈키호테다침",
      "content": "嘎啊啊啊啊啊啊啊啊啊啊啊啊！驽骍难得！！！！！！"
    },
    {
      "id": 73,
      "content": "这样的疑问一直存在于我的脑海之中。"
    },
    {
      "id": 74,
      "place": "过去，梅菲斯托费勒斯内部",
      "model": "단테",
      "content": "<堂吉诃德，你为什么总是如此珍视那双运动鞋？>"
    },
    {
      "id": 75,
      "model": "돈키호테",
      "content": "嗯？运动鞋？啊……"
    },
    {
      "id": 76,
      "model": "돈키호테",
      "content": "汝指的是驽骍难得吗？"
    },
    {
      "id": 77,
      "model": "단테",
      "content": "<啊……是的……>"
    },
    {
      "id": 78,
      "model": "돈키호테",
      "content": "吾！与驽骍难得一起历经过无数的冒险。无论悲伤与欢喜，无论遭遇何等的苦难，不知从何时起其便成为了一直守护于吾身边的友人。"
    },
    {
      "id": 79,
      "content": "不知从何时起……？"
    },
    {
      "id": 80,
      "model": "돈키호테",
      "content": "来，经理老爷也和驽骍难得打个招呼吧！"
    },
    {
      "id": 81,
      "model": "단테",
      "content": "<不、不用了……>"
    },
    {
      "id": 82,
      "model": "돈키호테",
      "content": "好了好了，不要害羞嘛！"
    },
    {
      "id": 83,
      "model": "카론",
      "content": "有脏脏的味道。小女孩正在用臭味折磨滴答。"
    },
    {
      "id": 84,
      "model": "돈키호테",
      "content": "驽骍难得可不臭！别看驽骍难得这副模样它可是非常干净的……！而且，吾也不是小——"
    },
    {
      "id": 85,
      "model": "카론",
      "content": "躲避躲避。"
    },
    {
      "id": 86,
      "place": "过去，但丁的房间",
      "model": "단테",
      "content": "<堂吉诃德，你该不会穿着那双运动鞋……不，穿着驽骍难得睡觉吧？>"
    },
    {
      "id": 87,
      "model": "돈키호테",
      "content": "哦，经理老爷！还会关心驽骍难得的安危，真是亲切啊！"
    },
    {
      "id": 88,
      "content": "我省略了罪人们举报说看到她穿着睡衣和驽骍难得在走廊上逛来逛去这一部分。"
    },
    {
      "id": 89,
      "model": "돈키호테",
      "content": "当然，无论是在入眠之时还是处于任何情况下，吾与驽骍难得都不会分开！"
    },
    {
      "id": 90,
      "model": "돈키호테",
      "content": "并非只在必要之时才去寻找，而是任何瞬间都一同经历的关系。"
    },
    {
      "id": 91,
      "content": "无论什么人格，堂吉诃德的人格都穿着名为驽骍难得的运动鞋。"
    },
    {
      "id": 92,
      "model": "단테",
      "content": "<你就没脱下过它吗？>"
    },
    {
      "id": 93,
      "model": "돈키호테",
      "content": "脱下它是什么意思？是要把驽骍难得摘下来吗？经理老爷也会说些莫名其妙的话啊！"
    },
    {
      "id": 94,
      "place": -1,
      "content": "堂吉诃德用迷惑的眼神看着我，仿佛驽骍难得不可能被脱下来是什么常识一样。"
    },
    {
      "id": 95,
      "content": "它不仅仅是堂吉诃德最爱的一双运动鞋而已……她那把超出常识的事情当作是理所当然的态度……"
    },
    {
      "id": 96,
      "content": "对于堂吉诃德来说，驽骍难得意味着什么呢？"
    },
    {
      "id": 97,
      "content": "那个被称为驽骍难得的，到底是什么东西？"
    },
    {
      "id": 98,
      "place": "梅菲斯托费勒斯 内部",
      "model": "단테",
      "content": "<呃呃呃……！>"
    },
    {
      "id": 99,
      "content": "强大的压力向各个方向展开。"
    },
    {
      "id": 100,
      "content": "强烈的血腥气在巴士中弥漫开来。"
    },
    {
      "id": 101,
      "content": "……然后，只余黑暗。"
    },
    {
      "id": 102,
      "model": "카세티혈귀",
      "teller": "卡塞蒂",
      "title": "血魔",
      "content": "这……这不可能……"
    },
    {
      "id": 103,
      "content": "在黑暗之中，声音成为了唯一的光芒。"
    },
    {
      "id": 104,
      "model": "카세티혈귀",
      "teller": "卡塞蒂",
      "title": "血魔",
      "content": "您是……二代眷属……为何迄今为止没有放出过任何一点摇曳……"
    },
    {
      "id": 105,
      "content": "我似乎确实看到了什么东西在摇曳着。"
    },
    {
      "id": 106,
      "content": "红色的……似乎是长长的羽毛装饰之类的东西 。"
    },
    {
      "id": 107,
      "content": "在那摇曳之物的缝隙之中……我似乎看见了红色的眼睛。"
    },
    {
      "id": 108,
      "model": "실루엣돈키호테",
      "teller": "堂吉诃德？",
      "title": "？？？",
      "content": "不孝之举。此乃禁忌。"
    },
    {
      "id": 109,
      "content": "虽然熟悉，但是听到的声音比平时要更为低沉、厚重。"
    },
    {
      "id": 110,
      "content": "那个声音是向下方发出的。"
    },
    {
      "id": 111,
      "content": "向着跪在地上……看上去极度脆弱的血魔。"
    },
    {
      "id": 112,
      "model": "카세티혈귀",
      "teller": "卡塞蒂",
      "title": "血魔",
      "content": "祈求先祖大人降下一抹慈悲，祈求二代眷属大人降下一抹慈悲，祈求二代眷属大人降下一抹慈——"
    },
    {
      "id": 113,
      "model": "실루엣돈키호테",
      "teller": "堂吉诃德？",
      "title": "？？？",
      "content": "无礼之徒。"
    },
    {
      "id": 114,
      "model": "카세티혈귀",
      "teller": "卡塞蒂",
      "title": "血魔",
      "content": "嘎啊……"
    },
    {
      "id": 115,
      "content": "跪在地上的血魔脸上泛起一团团血块，然后封上了他的嘴并凝固定型。"
    },
    {
      "id": 116,
      "model": "실루엣돈키호테",
      "teller": "堂吉诃德？",
      "title": "？？？",
      "content": "你这种东西，没有与我交流的资格。"
    },
    {
      "id": 117,
      "model": "실루엣돈키호테",
      "teller": "堂吉诃德？",
      "title": "？？？",
      "content": "不……"
    },
    {
      "id": 118,
      "model": "실루엣돈키호테",
      "teller": "堂吉诃德？",
      "title": "？？？",
      "content": "犯下背叛鲜血的忤逆之罪的人仍站在我的面前，这本身就是不可容忍的。"
    },
    {
      "id": 119,
      "model": "카세티혈귀",
      "teller": "卡塞蒂",
      "title": "血魔",
      "content": "唔！唔呃！唔唔呃！！！"
    },
    {
      "id": 120,
      "model": "실루엣돈키호테",
      "teller": "堂吉诃德？",
      "title": "？？？",
      "content": "凝固，再融化吧。"
    },
    {
      "id": 121,
      "content": "随着话音落下，卡塞蒂的身体慢慢变成血水，流了下来。"
    },
    {
      "id": 122,
      "content": "迅速而又沉重，就像某日掉在滚烫的地面上的堂吉诃德最爱的冰淇淋一般，残酷地融化着。"
    },
    {
      "id": 123,
      "model": "단테",
      "content": "<……>"
    },
    {
      "id": 124,
      "model": "실루엣돈키호테",
      "teller": "堂吉诃德？",
      "title": "？？？",
      "content": "……啊。"
    },
    {
      "id": 125,
      "model": "실루엣돈키호테",
      "teller": "堂吉诃德？",
      "title": "？？？",
      "content": "你。"
    },
    {
      "id": 126,
      "content": "不久后，堂吉诃德将目光转向仍坐在地上的我。"
    },
    {
      "id": 127,
      "content": "随后，面带同情的神色……"
    },
    {
      "id": 128,
      "model": "실루엣돈키호테",
      "teller": "堂吉诃德？",
      "title": "？？？",
      "content": "这样啊……你就是那个约定的时钟吗……"
    },
    {
      "id": 129,
      "content": "说了一些我无法理解的话。"
    },
    {
      "id": 130,
      "model": "실루엣돈키호테",
      "teller": "堂吉诃德？",
      "title": "？？？",
      "content": "把驽骍难得给吾……"
    },
    {
      "id": 131,
      "content": "驽骍难得……"
    },
    {
      "id": 132,
      "model": "실루엣돈키호테",
      "teller": "堂吉诃德？",
      "title": "？？？",
      "content": "拜托了……"
    },
    {
      "id": 133,
      "model": "단테",
      "content": "<……>"
    },
    {
      "id": 134,
      "content": "我小心地靠近堂吉诃德，伸手捡起她的鞋子……"
    },
    {
      "id": 135,
      "content": "为赤脚踩在地上的堂吉诃德一只一只地穿上。"
    },
    {
      "id": 136,
      "model": "실루엣돈키호테",
      "teller": "堂吉诃德？",
      "title": "？？？",
      "content": "啊……总有一天……"
    },
    {
      "id": 137,
      "content": "然后，堂吉诃德轻轻地呼出一口气，身体摇摇欲坠……"
    },
    {
      "id": 138,
      "content": "就那么倒在了地上。"
    }
  ]
}