{
  "dataList": [
    {
      "id": 0,
      "content": "不久之后……"
    },
    {
      "id": 1,
      "place": "梅菲斯托费勒斯 内部",
      "model": "이스마엘",
      "content": "刚刚到底发生了什么……有人能给我解释一下吗？"
    },
    {
      "id": 2,
      "content": "我明白罪人们陷入混乱和震惊是理所应当的。"
    },
    {
      "id": 3,
      "content": "转动时钟，把包括浮士德和堂吉诃德在内的全体罪人都恢复原状……"
    },
    {
      "id": 4,
      "content": "眼前只有被强行突入的货运车厢以及凄惨地融化的卡塞蒂的残骸。"
    },
    {
      "id": 5,
      "model": "뫼르소",
      "content": "由于与血魔的不断战斗，大多数人员都处于失去意识的状态。"
    },
    {
      "id": 6,
      "model": "뫼르소",
      "content": "经理的处理措施是适当的。"
    },
    {
      "id": 7,
      "model": "그레고르",
      "content": "嘛，应该是吧……"
    },
    {
      "id": 8,
      "model": "단테",
      "content": "<那个……大家战斗得很不错……>"
    },
    {
      "id": 9,
      "model": "뫼르소",
      "content": "然而。"
    },
    {
      "id": 10,
      "model": "뫼르소",
      "content": "此处对于“大多数人员”的定义为除3人以外的人员，因此如需说明，最好对该部分人员进行询问。"
    },
    {
      "id": 11,
      "model": "단테",
      "content": "<等一下……>"
    },
    {
      "id": 12,
      "model": "오티스",
      "content": "什么？！"
    },
    {
      "id": 13,
      "model": "로쟈",
      "content": "那三个人是谁？"
    },
    {
      "id": 14,
      "model": "뫼르소",
      "content": "浮士德。"
    },
    {
      "id": 15,
      "model": "파우스트",
      "content": "……"
    },
    {
      "id": 16,
      "model": "뫼르소",
      "content": "经理。"
    },
    {
      "id": 17,
      "model": "단테",
      "content": "<呃……> "
    },
    {
      "id": 18,
      "model": "뫼르소",
      "content": "以及还没有清醒过来的堂吉诃德。"
    },
    {
      "id": 19,
      "model": "이스마엘",
      "content": "什么嘛，原来是这样啊？"
    },
    {
      "id": 20,
      "model": "단테",
      "content": "<说得没错……啊哈哈……这些你都是什么时候观察到的，真的……>"
    },
    {
      "id": 21,
      "model": "뫼르소",
      "content": "在失去意识之前，我通过听到的脚步声和声音分析出来的。"
    },
    {
      "id": 22,
      "model": "히스클리프",
      "content": "所以后来怎么样了？那家伙怎么还不省人事？"
    },
    {
      "id": 23,
      "model": "파우스트",
      "content": "似乎陷入了沉睡。她没有生命危险，很快就会清醒过来的。"
    },
    {
      "id": 24,
      "content": "……当然，我记得全部的事情。堂吉诃德所突然发生的……变化，以及血魔与他的眷属被她消灭得一干二净这件事。"
    },
    {
      "id": 25,
      "content": "但我仍记得浮士德给我留下的最后一句话。"
    },
    {
      "id": 26,
      "place": "过去，梅菲斯托费勒斯内部",
      "model": "파우스트",
      "content": "另外，现在发生的事情绝不能让另外的罪人知……"
    },
    {
      "id": 27,
      "place": "梅菲斯托费勒斯 内部",
      "model": "파우스트",
      "content": "……"
    },
    {
      "id": 28,
      "content": "在尚未清醒的堂吉诃德和保持沉默的浮士德之间，罪人们的目光自然而然地集中到了我身上。"
    },
    {
      "id": 29,
      "model": "단테",
      "content": "<那个……呃……怎么说呢……>"
    },
    {
      "id": 30,
      "model": "싱클레어",
      "content": "啊，这么说来……"
    },
    {
      "id": 31,
      "model": "싱클레어",
      "content": "最重要的钥匙卡……去哪儿了？"
    },
    {
      "id": 32,
      "model": "단테",
      "content": "<最后拿着钥匙卡的好像是卡塞蒂……>"
    },
    {
      "id": 33,
      "model": "료슈",
      "content": "现在已经像那样融化掉了。"
    },
    {
      "id": 34,
      "model": "로쟈",
      "content": "那他手里的钥匙卡怎么样了……？"
    },
    {
      "id": 35,
      "model": "단테",
      "content": "<……>"
    },
    {
      "id": 36,
      "model": "뫼르소",
      "content": "已经成了半液体的状态。和他的指骨混在了一起。好像是中指的指骨。"
    },
    {
      "id": 37,
      "content": "呃……那……"
    },
    {
      "id": 38,
      "model": "싱클레어",
      "content": "大家请冷静……！请冷静！保持冷静！！！"
    },
    {
      "id": 39,
      "model": "그레고르",
      "content": "哈啊……烟……我应该多带点烟的……"
    },
    {
      "id": 40,
      "model": "히스클리프",
      "content": "呃……我们为什么不用蛮力打开这些门呢？"
    },
    {
      "id": 41,
      "model": "파우스트",
      "content": "即使没有主钥匙卡，也可以解决当下的状况。"
    },
    {
      "id": 42,
      "model": "히스클리프",
      "content": "什、怎、怎么做？"
    },
    {
      "id": 43,
      "model": "파우스트",
      "content": "让你们完全理解解决方案大概需要五个小时。因此让我来简单地说明一下。"
    },
    {
      "id": 44,
      "model": "히스클리프",
      "content": "……这下又变得臭屁起来了。"
    },
    {
      "id": 45,
      "model": "파우스트",
      "content": "我们可以利用梅菲斯托费勒斯的后门。"
    },
    {
      "id": 46,
      "content": "能够否定充满自信的浮士德的话的人，在巴士上并不存在。"
    },
    {
      "id": 47,
      "content": "因此我们就这样背着堂吉诃德向后门的走廊走去……"
    },
    {
      "id": 48,
      "content": "到达了我们最终的目的地。"
    },
    {
      "id": 49,
      "model": "베르길리우스",
      "content": "……"
    },
    {
      "id": 50,
      "model": "베르길리우스",
      "content": "真是一副……让人不得不问发生了什么事的鬼样子。"
    },
    {
      "id": 51,
      "model": "카론",
      "content": "扑簌扑簌。"
    },
    {
      "id": 52,
      "content": "随着罪人们的脚步，有沙砾和贝壳的碎片之类的东西从他们身上掉落下来。"
    },
    {
      "id": 53,
      "model": "로쟈",
      "content": "解释……我后面的人会解释的……"
    },
    {
      "id": 54,
      "model": "이상",
      "content": "说到这是怎么回事……咳……嘴里满是沙尘……"
    },
    {
      "id": 55,
      "content": "刚才……"
    },
    {
      "id": 56,
      "place": "巴士的后门",
      "content": "在走向巴士后门的过程中，浮士德介绍了一下计划的概要。"
    },
    {
      "id": 57,
      "model": "파우스트",
      "content": "简而言之，就是我们将在列车之外的空间来度过时间。"
    },
    {
      "id": 58,
      "model": "파우스트",
      "content": "只需要A公司标准时间10秒。在现有的维度上度过这段时间，列车自然就会到站了吧。"
    },
    {
      "id": 59,
      "content": "一边这么说着一边在后门中前进的浮士德，突然在走廊上停下了脚步。"
    },
    {
      "id": 60,
      "model": "로쟈",
      "content": "等等，等等……这么多扇门，你都不犹豫一下就这么打开，没问题吗？"
    },
    {
      "id": 61,
      "model": "파우스트",
      "content": "是，是这扇门没错。安全完全能够得到保障。"
    },
    {
      "id": 62,
      "model": "히스클리프",
      "content": "不是，呃……至少得告诉我们打开这扇门之后会有什么吧。"
    },
    {
      "id": 63,
      "model": "파우스트",
      "content": "我没有……特意去确认那以上的信息。"
    },
    {
      "id": 64,
      "model": "파우스트",
      "content": "这是对以后的日子而言有必要的……面对意料之外事情的经验。"
    },
    {
      "id": 65,
      "model": "히스클리프",
      "content": "啥？喂，等等……"
    },
    {
      "id": 66,
      "content": "浮士德没等希斯克利夫的话说完就推开了门。"
    },
    {
      "id": 67,
      "model": "파우스트",
      "content": "现在，所有人进入这扇门……"
    },
    {
      "id": 68,
      "place": "？？？",
      "content": "随着浮士德坚定的话语，我们走进了一个古老的废弃医院……"
    },
    {
      "id": 69,
      "model": "이스마엘",
      "content": "这跟沙尘暴没什么区别吧……"
    },
    {
      "id": 70,
      "model": "로쟈",
      "content": "什、什么啊。这里不是室内吗？到底怎么回事啊？"
    },
    {
      "id": 71,
      "model": "싱클레어",
      "content": "呜哇，眼睛……眼睛睁不开了！"
    },
    {
      "id": 72,
      "model": "그레고르",
      "content": "呸呸，嘴里进沙子了……等等，难道是沙尘暴吗？可是天花板不是装得好好的吗？！"
    },
    {
      "id": 73,
      "model": "파우스트",
      "content": "5……4……3……2……1……"
    },
    {
      "id": 74,
      "content": "在猛烈的沙尘暴之中，罪人们发出了不满的声音……"
    },
    {
      "id": 75,
      "content": "但浮士德仍毫不在意地继续计数，并和来的时候一样匆忙地带我们离开了这里。"
    },
    {
      "id": 76,
      "place": "巴士的后门",
      "content": "所以……"
    },
    {
      "id": 77,
      "content": "我们又回到了抵达了P公司站台的WARP列车内。"
    },
    {
      "id": 78,
      "place": "WARP列车 经济舱 车厢",
      "content": "虽然列车还没有完全恢复正常……"
    },
    {
      "id": 79,
      "content": "但总算是浑身沾满沙子地回来了。"
    },
    {
      "id": 80,
      "model": "싱클레어",
      "content": "天啊……我还以为我们没法到站了……"
    },
    {
      "id": 81,
      "model": "W사정리요원2",
      "teller": "清扫人员",
      "title": "W公司",
      "content": "居、居然是正常的乘客？怎么会……？"
    },
    {
      "id": 82,
      "content": "就连看到正在回收肉块的W公司清扫人员们的样子也让人感动。"
    },
    {
      "id": 83,
      "model": "파우스트",
      "content": "我们是受贵公司委托乘坐WARP列车的边狱公司所属职员。"
    },
    {
      "id": 84,
      "model": "W사정리요원2",
      "teller": "清扫人员",
      "title": "W公司",
      "content": "啊……原来是组长事先向我们知会过的那些人啊。他们还真允许你们留着记忆啊……？"
    },
    {
      "id": 85,
      "model": "홍루",
      "content": "对了，那边的冬眠舱里还有职员在睡觉呢~"
    },
    {
      "id": 86,
      "model": "W사정리요원2",
      "teller": "清扫人员",
      "title": "W公司",
      "content": "啊，那个……我从来没见过它被使用，总之我先去确认一下吧。"
    },
    {
      "id": 87,
      "content": "清扫人员进入了座椅后面隐藏的空间。"
    },
    {
      "id": 88,
      "content": "在那之中是……"
    },
    {
      "id": 89,
      "model": "W사정리요원2",
      "teller": "清扫人员",
      "title": "W公司",
      "content": "哈……？这里面没有任何人。"
    },
    {
      "id": 90,
      "model": "로쟈",
      "content": "嗯？难道不是这里吗？"
    },
    {
      "id": 91,
      "model": "뫼르소",
      "content": "就是这个地方。但却没有人进入过这里……"
    },
    {
      "id": 92,
      "model": "W사정리요원2",
      "teller": "清扫人员",
      "title": "W公司",
      "content": "果然不可能没问题吧……那个，你们是不是看错了？"
    },
    {
      "id": 93,
      "model": "단테",
      "content": "<不可能……>"
    },
    {
      "id": 94,
      "model": "파우스트",
      "content": "也许是由于我们过度疲劳而看错了。那我们就先离开了。"
    },
    {
      "id": 95,
      "content": "在罪人们提出疑问之前，浮士德果断地打断了对话。"
    },
    {
      "id": 96,
      "content": "这番举动的意义，我再理解不过了……于是我默默地跟着浮士德向外走去。"
    },
    {
      "id": 97,
      "place": "P公司 WARP列车站台",
      "model": "돈키호테",
      "content": "嗯……？到……到了吗？"
    },
    {
      "id": 98,
      "model": "히스클리프",
      "content": "今天你真是睡了太长时间了……终于醒了吗？"
    },
    {
      "id": 99,
      "model": "베르길리우스",
      "content": "……我知道了。详细的情况在乘坐巴士时再听。"
    },
    {
      "id": 100,
      "model": "파우스트",
      "content": "明白。相关事项的报告会通过LCCA向W公司提交……"
    },
    {
      "id": 101,
      "content": "提前到达并等待着我们的维吉里乌斯面有不豫地与浮士德交谈着列车内部发生的事情。"
    },
    {
      "id": 102,
      "model": "베르길리우스",
      "content": "……我现在要和卡戎去看着他们把梅菲斯托费勒斯和列车解除连接。"
    },
    {
      "id": 103,
      "model": "베르길리우스",
      "content": "看经理的分针好像在表示有什么话要对你说。给你们两个留出空间吧。"
    },
    {
      "id": 104,
      "model": "파우스트",
      "content": "……"
    },
    {
      "id": 105,
      "content": "维吉里乌斯离开之后，我终于可以向浮士德追问。"
    },
    {
      "id": 106,
      "model": "단테",
      "content": "<为什么……要那么做？>"
    },
    {
      "id": 107,
      "content": "……在堂吉诃德脱下靴子之后，浮士德因巨大的压力而全身爆裂。"
    },
    {
      "id": 108,
      "content": "她仿佛将此视为必然的结果一般。"
    },
    {
      "id": 109,
      "model": "파우스트",
      "content": "因为这比起让你的身体爆裂是个更好的选择。"
    },
    {
      "id": 110,
      "model": "단테",
      "content": "<哈啊……>"
    },
    {
      "id": 111,
      "model": "파우스트",
      "content": "在几乎确信自己很可能会死的情况下，最终却还是让你不得不转动了指针，我感到很抱歉。"
    },
    {
      "id": 112,
      "model": "단테",
      "content": "<不……我并不是想责怪你……>"
    },
    {
      "id": 113,
      "model": "단테",
      "content": "<你是什么时候知道的？那……>"
    },
    {
      "id": 114,
      "model": "단테",
      "content": "<堂吉诃德是……>"
    },
    {
      "id": 115,
      "model": "파우스트",
      "content": "……如果问这个的话，我从LCB成立时就已经知晓了。维吉里乌斯也是一样。"
    },
    {
      "id": 116,
      "model": "단테",
      "content": "<……果然。>"
    },
    {
      "id": 117,
      "model": "파우스트",
      "content": "但LCA高层下达的指示为，要在适当的时刻向经理开放信息。"
    },
    {
      "id": 118,
      "model": "단테",
      "content": "<……刚才就是那个恰当的时机吗？>"
    },
    {
      "id": 119,
      "model": "파우스트",
      "content": "……出于我个人的判断，是的。"
    },
    {
      "id": 120,
      "model": "파우스트",
      "content": "当时，包括与浮士德在内的所有联系均已中断，因此无法得到公司本部的许可。"
    },
    {
      "id": 121,
      "model": "단테",
      "content": "<这样啊……>"
    },
    {
      "id": 122,
      "model": "이상",
      "content": "……"
    },
    {
      "id": 123,
      "model": "이상",
      "content": "虽然不知道具体原因……"
    },
    {
      "id": 124,
      "model": "이상",
      "content": "回来了。"
    },
    {
      "id": 125,
      "content": "“回来了”，这句话中似乎蕴含着非常多的意思。"
    },
    {
      "id": 126,
      "content": "“回来”的，是终于到达的WARP列车车站，是推测着即将到来的任务内容的罪人们的日常，抑或是……"
    },
    {
      "id": 127,
      "content": "再次与“浮士德”连结在一起的浮士德……"
    },
    {
      "id": 128,
      "model": "파우스트",
      "content": "……是的。"
    },
    {
      "id": 129,
      "content": "浮士德静静地肯定了李箱模糊不清的话语。"
    },
    {
      "id": 130,
      "model": "이상",
      "content": "就把这当作是玩笑来听吧……"
    },
    {
      "id": 131,
      "model": "이상",
      "content": "我何时才能与她再见面呢？"
    },
    {
      "id": 132,
      "model": "파우스트",
      "content": "……"
    },
    {
      "id": 133,
      "content": "浮士德用不可思议的眼神看着李箱。"
    },
    {
      "id": 134,
      "model": "이상",
      "content": "那会是……"
    },
    {
      "id": 135,
      "model": "이상",
      "content": "会是一次很愉快的会面，不是吗？"
    },
    {
      "id": 136,
      "content": "留下了一些既熟悉又陌生的话语后，李箱回去了。"
    },
    {
      "id": 137,
      "model": "단테",
      "content": "<哎哟……>"
    },
    {
      "id": 138,
      "content": "在WARP列车上发生的骚动非常短暂，但从中得到的信息堆积如山。"
    },
    {
      "id": 139,
      "content": "但……"
    },
    {
      "id": 140,
      "content": "比起思考今后在P公司即将面对的困难，我决定还是再享受一下这份宁静……"
    },
    {
      "id": 141,
      "model": "돈키호테",
      "content": "所以……我们是怎么到P公司的？咳咳……为什么我的喉咙这么干？"
    },
    {
      "id": 142,
      "model": "이스마엘",
      "content": "哈啊……我累得没法解释了……"
    },
    {
      "id": 143,
      "model": "로쟈",
      "content": "小不点……你可是错过了一场伟大的冒险。"
    },
    {
      "id": 144,
      "model": "돈키호테",
      "content": "哈啊啊啊啊？！"
    },
    {
      "id": 145,
      "model": "싱클레어",
      "content": "啊，托您的福，刚刚残留在耳朵里的最后一点沙子掉出来了。"
    },
    {
      "id": 146,
      "content": "罪人们看着吵闹的堂吉诃德，笑了起来。"
    },
    {
      "id": 147,
      "content": "在新的地点，P公司所在的16区，我们会遇到什么样的事件尚未可知……"
    },
    {
      "id": 148,
      "content": "我们无论如何都能做到。"
    },
    {
      "id": 149,
      "content": "就像相信具有不确定性的列车上的浮士德一样，同样的信念在我心中燃起。"
    },
    {
      "id": 150,
      "content": "在那个瞬间，我的视线与浮士德相遇。"
    },
    {
      "id": 151,
      "content": "浮士德面带若隐若现的微笑，向我点头致意。如同回应她一般，我也向浮士德轻轻点了点头。"
    },
    {
      "id": 152,
      "content": "……是时候再次向金枝进发了。"
    }
  ]
}