{
  "dataList": [
    {
      "id": 0,
      "place": "？？？",
      "model": "단테",
      "content": "<好好解决了呢……>"
    },
    {
      "id": 1,
      "model": "오티스",
      "content": "不愧是执行经理。您的指挥能力真是在不断进步。甚至让我回想起了服役时期的日子。"
    },
    {
      "id": 2,
      "model": "단테",
      "content": "<嗯。谢谢。>"
    },
    {
      "id": 3,
      "model": "로쟈",
      "content": "呼，这里没有零食什么的吗？一直在战斗，我都快饿死了。"
    },
    {
      "id": 4,
      "model": "호엔하임실루엣",
      "content": "测试中要保持空腹。"
    },
    {
      "id": 5,
      "model": "호엔하임실루엣",
      "content": "下一项测试是……"
    },
    {
      "id": 6,
      "model": "그레고르",
      "content": "早知道就让默尔索先生给我按摩一次了。这到底是谁的主意？"
    },
    {
      "id": 7,
      "model": "이스마엘",
      "content": "……真要说的话，这是由格里高尔先生的休假申请导致的后果呢。但反正都似乎是必须要做的事情罢了。"
    },
    {
      "id": 8,
      "model": "그레고르",
      "content": "啊，真是的……要去找更根本的原因啊。"
    },
    {
      "id": 9,
      "model": "파우스트",
      "content": "……"
    },
    {
      "id": 10,
      "content": "就算去寻找更根本的原因，也不会有所改变。"
    },
    {
      "id": 11,
      "content": "正如以实玛利所说，这一切……都是从格里高尔不经意间伸的一个懒腰开始的。"
    }
  ]
}