{
  "dataList": [
    {
      "id": 0,
      "place": "？？？",
      "content": "透过玻璃窗可以看到，罪人们在宽敞的室内运用各种技巧激烈地战斗着。"
    },
    {
      "id": 1,
      "model": "오티스",
      "content": "你们这些脑子空空的蠢货！一起冲向奄奄一息的敌人是要做什么！"
    },
    {
      "id": 2,
      "model": "파우스트",
      "content": "浮士德率先向那个实体发起了攻击。这完全是太迟扑向敌人的各位的失策。"
    },
    {
      "id": 3,
      "model": "이상",
      "content": "抱、抱歉。但我在想若不尽快处理掉会很麻烦……"
    },
    {
      "id": 4,
      "model": "홍루",
      "content": "大家都很默契呢~"
    },
    {
      "id": 5,
      "content": "罪人们在没有我指挥的情况下展开的战斗……比我想象的还要不堪……"
    },
    {
      "id": 6,
      "model": "오티스",
      "content": "妈的……我说过都给我好好听从我的作战指挥吧！"
    },
    {
      "id": 7,
      "model": "히스클리프",
      "content": "喂……你难不成忘了，根据你的指挥作战后，那家伙回来时脑袋是怎么就留了一层皮和脖子相连的吗？！"
    },
    {
      "id": 8,
      "model": "오티스",
      "content": "咳。那属于是不可避免的牺牲。"
    },
    {
      "id": 9,
      "model": "돈키호테",
      "content": "吾、吾没事的……吾代为承受了攻击……此般……才是真英雄啊……咳啊！"
    },
    {
      "id": 10,
      "model": "로쟈",
      "content": "堂吉！！！"
    },
    {
      "id": 11,
      "content": "最终，不敌攻势的堂吉诃德倒下了。"
    },
    {
      "id": 12,
      "content": "“不该这么行动”……虽然我很想像这样说几句帮助他们，但目前我无法这么做。"
    },
    {
      "id": 13,
      "content": "我身旁的这位研究员，会在数据收集完毕前阻止我做出相关行动。"
    },
    {
      "id": 14,
      "model": "호엔하임실루엣",
      "content": "这位应对危机的反应速度特别迅速啊……"
    },
    {
      "id": 15,
      "model": "단테",
      "content": "<那个……>"
    },
    {
      "id": 16,
      "model": "단테",
      "content": "<我现在能帮帮他们了吗？>"
    },
    {
      "id": 17,
      "model": "호엔하임실루엣",
      "content": "别急得打转了，静下心来。这一阶段已经接近尾声了。"
    },
    {
      "id": 18,
      "model": "호엔하임실루엣",
      "content": "嗯。数据收集到这种程度应该足够了。从现在起你可以负责指挥了，经理。"
    },
    {
      "id": 19,
      "model": "단테",
      "content": "<……>"
    },
    {
      "id": 20,
      "content": "虽然有很多话想说……"
    },
    {
      "id": 21,
      "content": "但还是先帮助罪人们把罪种全部打倒再说吧。"
    }
  ]
}