{
  "dataList": [
    {
      "id": 0,
      "content": "……"
    },
    {
      "id": 1,
      "place": "梅菲斯托费勒斯 内部",
      "model": "이스마엘",
      "content": "刚才……发出的声音不像是人体能发出来的啊？"
    },
    {
      "id": 2,
      "model": "그레고르",
      "content": "嗯？啊……我只是在伸伸懒腰。嘛，最近经常能发出这动静。"
    },
    {
      "id": 3,
      "model": "싱클레어",
      "content": "啊？你说经常会……？"
    },
    {
      "id": 4,
      "model": "로쟈",
      "content": "这是岁月的声音，辛克……唉~我们的但丁虽然一直在让时间回溯，但我却感觉自己的骨头在一天天腐朽。"
    },
    {
      "id": 5,
      "model": "이스마엘",
      "content": "嗯，仔细想想，我也觉得我的身体最近与过往不同了……是因为我不断地死去然后复活吗……"
    },
    {
      "id": 6,
      "model": "단테",
      "content": "<连大家都这样了，那我呢……>"
    },
    {
      "id": 7,
      "content": "就在罪人们你一言我一语地抱怨着的时候，鸿璐精神抖擞地说出了一句话。"
    },
    {
      "id": 8,
      "model": "홍루",
      "content": "但是，这里最年长的堂吉诃德小姐仍旧活力十足呢。仔细想想，她活了几百年却没什么大变化呢？"
    },
    {
      "id": 9,
      "model": "단테",
      "content": "<……>"
    },
    {
      "id": 10,
      "model": "돈키호테",
      "content": "咳哼……"
    },
    {
      "id": 11,
      "model": "그레고르",
      "content": "嗯……"
    },
    {
      "id": 12,
      "model": "이스마엘",
      "content": "呃……"
    },
    {
      "id": 13,
      "content": "鸿璐猝不及防的沉重话题，使气氛变得凝重起来。"
    },
    {
      "id": 14,
      "model": "그레고르",
      "content": "咳哼……我本觉得可能需要点时间才能开始这个话题，没想到你直直地就提出来了啊，嗯……"
    },
    {
      "id": 15,
      "model": "홍루",
      "content": "啊……气氛好像变得尴尬了？我没想到你们会如此介意自己的年龄……"
    },
    {
      "id": 16,
      "model": "돈키호테",
      "content": "吾……吾一点也不介意！别、别那么……"
    },
    {
      "id": 17,
      "content": "不过，也有人完全不在意这气氛，面目狰狞地从远处走来。"
    },
    {
      "id": 18,
      "model": "히스클리프",
      "content": "喂，一边去。忘了那是指定给我的座位吗？找死吗？"
    },
    {
      "id": 19,
      "model": "이스마엘",
      "content": "有些人过于淡然……就好像他忘记了发生过什么一样……"
    },
    {
      "id": 20,
      "model": "싱클레어",
      "content": "这、这样的话，这是个反击他一直以来待你苛刻行为的大好时机吧？堂吉诃德小姐的话一定……"
    },
    {
      "id": 21,
      "model": "로쟈",
      "content": "辛克……之前我从没见过你的眼中如此闪亮……"
    },
    {
      "id": 22,
      "model": "돈키호테",
      "content": "吾……觉得现在的这种气氛是最好的。而且只要希斯克利夫并非恶人，吾就无意使用暴力……"
    },
    {
      "id": 23,
      "model": "히스클리프",
      "content": "大家别都叽叽喳喳的了，稳重一点好吗，啊？"
    },
    {
      "id": 24,
      "model": "이스마엘",
      "content": "在我看来这已经算得上是恶人了……"
    },
    {
      "id": 25,
      "model": "그레고르",
      "content": "那什么……在这种气氛下，你不觉得该那个了吗？"
    },
    {
      "id": 26,
      "model": "홍루",
      "content": "什么那个？"
    },
    {
      "id": 27,
      "model": "그레고르",
      "content": "啊，就是那个。前段时间也试着进行过的，但计划出了点差错，我们没能好好享受……"
    },
    {
      "id": 28,
      "model": "료슈",
      "content": "死亡竞赛。"
    },
    {
      "id": 29,
      "model": "그레고르",
      "content": "……才不是……虽然只有一小会，但我们曾在水边打排球不是。"
    },
    {
      "id": 30,
      "model": "뫼르소",
      "content": "综合上下文，他似乎想说“休假”一词。"
    },
    {
      "id": 31,
      "model": "로쟈",
      "content": "嗯嗯，我赞成。去让僵硬的身体放松一下，蒸个桑拿什么的……吧？"
    },
    {
      "id": 32,
      "model": "이스마엘",
      "content": "还在指望着我们的上司吗……"
    },
    {
      "id": 33,
      "model": "돈키호테",
      "content": "这么说来，默尔索之前是不是给汝做了很棒的按摩来着？"
    },
    {
      "id": 34,
      "model": "뫼르소",
      "content": "我熟知人体各处的主要肌肉与神经的所在位置。"
    },
    {
      "id": 35,
      "model": "이상",
      "content": "经过按摩后，几个星期都毫无知觉……"
    },
    {
      "id": 36,
      "model": "이상",
      "content": "因此，我理解了默尔索的观点，即最好的治疗便是消除疼痛感……"
    },
    {
      "id": 37,
      "model": "파우스트",
      "content": "……"
    },
    {
      "id": 38,
      "model": "파우스트",
      "content": "看来……时机已到呢。"
    },
    {
      "id": 39,
      "model": "파우스트",
      "content": "维吉里乌斯。"
    },
    {
      "id": 40,
      "model": "베르길리우스",
      "content": "……嗯。"
    },
    {
      "id": 41,
      "model": "베르길리우스",
      "content": "啊，我正想着这一天快到了。"
    },
    {
      "id": 42,
      "model": "카론",
      "content": "嗯，这一天已经到了。"
    },
    {
      "id": 43,
      "model": "싱클레어",
      "content": "……怎么突然变得这么严肃？"
    },
    {
      "id": 44,
      "model": "파우스트",
      "content": "正如罗佳小姐所说，即使时间回溯，每次的疲劳仍旧会持续累积。"
    },
    {
      "id": 45,
      "model": "파우스트",
      "content": "这就意味着总有一天，我们需要检查一下各自的状态。"
    },
    {
      "id": 46,
      "model": "단테",
      "content": "<到底为什么要营造这种气氛……？>"
    },
    {
      "id": 47,
      "model": "파우스트",
      "content": "其名为……"
    },
    {
      "id": 48,
      "model": "베르길리우스",
      "content": "边狱公司的……"
    },
    {
      "id": 49,
      "model": "카론",
      "content": "咕噜。吞咽的声音。"
    },
    {
      "id": 50,
      "model": "베르길파우",
      "teller": "浮士德&维吉里乌斯",
      "title": "LCB",
      "content": "定期体检。"
    },
    {
      "id": 51,
      "model": "단테",
      "content": "<……定期体检？>"
    },
    {
      "id": 52,
      "model": "베르길리우스",
      "content": "事实上，在很久前我就收到了来自上面的联系。他们要求我们协助把罪人们送去进行检查。"
    },
    {
      "id": 53,
      "model": "파우스트",
      "content": "但，选择合适的时间却是很困难的。"
    },
    {
      "id": 54,
      "model": "베르길리우스",
      "content": "催来催去令人生厌……我对每次都要应付他们感到很厌倦了。"
    },
    {
      "id": 55,
      "model": "히스클리프",
      "content": "检查？什么检查？"
    },
    {
      "id": 56,
      "model": "베르길리우스",
      "content": "没必要如此紧张，希斯克利夫。"
    },
    {
      "id": 57,
      "model": "베르길리우스",
      "content": "无论如何，这是大多数公司都要经历的流程。"
    },
    {
      "id": 58,
      "model": "단테",
      "content": "<虽然我自己没有经历过……但不应该只是确认一下身体的健康情况吗？>"
    },
    {
      "id": 59,
      "content": "“是这样吗，以实玛利？”我正打算这么说时，回头面向了罪人们……"
    },
    {
      "id": 60,
      "model": "이스마엘",
      "content": "……"
    },
    {
      "id": 61,
      "content": "以实玛利脸上挂着仿佛受到极大冲击的表情僵在原地。"
    },
    {
      "id": 62,
      "content": "我以为在社会生活中经历了很多的以实玛利，能够自信地列出种种常识……"
    },
    {
      "id": 63,
      "model": "이스마엘",
      "content": "定……定期体检是……"
    },
    {
      "id": 64,
      "model": "로쟈",
      "content": "啊~我懂，我懂。你要再说明一遍是吗？"
    },
    {
      "id": 65,
      "model": "로쟈",
      "content": "那就给你30秒的时间，要尽快哦？准备，开始！"
    },
    {
      "id": 66,
      "model": "이스마엘",
      "content": "不、不……"
    },
    {
      "id": 67,
      "model": "이스마엘",
      "content": "定期体检……唯……唯独……唯独那个……"
    },
    {
      "id": 68,
      "model": "이상",
      "content": "……罗佳女士，以实玛利女士的表情好像并无那个意思……"
    },
    {
      "id": 69,
      "model": "베르길리우스",
      "content": "啊，取决于收尾人各协会与事务所的性质与方针，采取定期体检的方法也各有不同。"
    },
    {
      "id": 70,
      "model": "이스마엘",
      "content": "在唯一的幸存者胜出之前，永不得结束……双手沾满同事的鲜血……"
    },
    {
      "id": 71,
      "model": "단테",
      "content": "<到底是经历了怎样的体检啊……>"
    },
    {
      "id": 72,
      "content": "脸色苍白的不止以实玛利一人。"
    },
    {
      "id": 73,
      "model": "그레고르",
      "content": "你们……知道什么是定期体检吗……？"
    },
    {
      "id": 74,
      "model": "그레고르",
      "content": "我是在问，你们做好无论发生什么……都要进行定期体检的觉悟了吗。"
    },
    {
      "id": 75,
      "model": "그레고르",
      "content": "忍受一切……的觉悟……"
    },
    {
      "id": 76,
      "model": "히스클리프",
      "content": "这家伙怎么了？脸上毫无血色啊……"
    },
    {
      "id": 77,
      "model": "싱클레어",
      "content": "真是，大家都太夸张了吧……也没有你们想得那么可怕。"
    },
    {
      "id": 78,
      "model": "싱클레어",
      "content": "我在上学时也会接受一年一度的健康体检。"
    },
    {
      "id": 79,
      "model": "로쟈",
      "content": "是什么样的体检？"
    },
    {
      "id": 80,
      "model": "싱클레어",
      "content": "把大家都聚集在一个房间里测量身高和体重之类的……嘛，还会进行简单的基本体能测试。"
    },
    {
      "id": 81,
      "model": "돈키호테",
      "content": "为、为什么要测试这些？"
    },
    {
      "id": 82,
      "model": "오티스",
      "content": "这还用问。于上级的立场来看，掌握士兵的状态并进行分析是理所当然的程序。"
    },
    {
      "id": 83,
      "model": "싱클레어",
      "content": "那个……学校里没有士兵来着……"
    },
    {
      "id": 84,
      "model": "히스클리프",
      "content": "但！这也没法解释为什么要知道啊！"
    },
    {
      "id": 85,
      "model": "히스클리프",
      "content": "究竟为什么要往人身上喷点臭不可闻的药品就为了看看衣服上有没有跳蚤啊！"
    },
    {
      "id": 86,
      "model": "단테",
      "content": "<这边看来也……在童年经历过相当严酷的体检呢……>"
    },
    {
      "id": 87,
      "model": "오티스",
      "content": "嗯，你也提了个显而易见的问题。"
    },
    {
      "id": 88,
      "model": "오티스",
      "content": "实际上，我一直在想他们什么时候才会开始测试我们。"
    },
    {
      "id": 89,
      "content": "奥提斯意气风发地站在罪人们面前，就好像她等了这一刻许久一般。"
    },
    {
      "id": 90,
      "model": "오티스",
      "content": "体检的目的……那当然是……"
    },
    {
      "id": 91,
      "model": "오티스",
      "content": "打算在我们当中选出真正的领导者！"
    },
    {
      "id": 92,
      "content": "……领导者？"
    },
    {
      "id": 93,
      "model": "이상",
      "content": "领……领导者的话，就是队长的意思吧？"
    },
    {
      "id": 94,
      "content": "那我呢？"
    },
    {
      "id": 95,
      "model": "오티스",
      "content": "请别产生不必要的误解，经理。"
    },
    {
      "id": 96,
      "model": "오티스",
      "content": "当然，我们的指挥就是但丁经理，毋庸置疑……"
    },
    {
      "id": 97,
      "model": "단테",
      "content": "<嗯……>"
    },
    {
      "id": 98,
      "model": "오티스",
      "content": "但一直以来，在我们中间总有着这样一场尖锐的论战。在我们之中究竟谁……"
    },
    {
      "id": 99,
      "model": "오티스",
      "content": "才能够担当罪人们的领导者的大任！！！"
    },
    {
      "id": 100,
      "model": "싱클레어",
      "content": "呃，那样的话……是以实玛利小姐吧？或者浮士德小姐……"
    },
    {
      "id": 101,
      "model": "홍루",
      "content": "嗯……我基本上也是那么想的。"
    },
    {
      "id": 102,
      "model": "오티스",
      "content": "……正是因为缺乏凝聚力，所以你们才会每次都并非脚踏实地，而是慌里慌张地对付敌人。"
    },
    {
      "id": 103,
      "model": "오티스",
      "content": "如果上级有命令，就毫无怨言地去做500个俯卧撑，或者在作战中即便身处困境，也会毫不犹豫地站出来尝试带领我方取得胜利的这种牺牲精神，在你们身上一点也看不到！"
    },
    {
      "id": 104,
      "model": "이스마엘",
      "content": "奥提斯女士，你在一个人较劲些什么……？"
    },
    {
      "id": 105,
      "model": "홍루",
      "content": "啊哈。总结一下，定期体检就是把罪人们关在一个小房间里，强迫着他们逐出优劣的活动吧？"
    },
    {
      "id": 106,
      "content": "鸿璐简单明了的总结，让大家再次安静了下来。"
    },
    {
      "id": 107,
      "model": "료슈",
      "content": "大逃杀。"
    },
    {
      "id": 108,
      "model": "료슈",
      "content": "正合我意。"
    },
    {
      "id": 109,
      "model": "히스클리프",
      "content": "……啊啊，来试着厮杀看看吧？你们知道的，我的拳头在后巷那可是出了名的。"
    },
    {
      "id": 110,
      "model": "이스마엘",
      "content": "还真是……确实有这种体检。我做好觉悟了。"
    },
    {
      "id": 111,
      "model": "단테",
      "content": "<不是……>"
    },
    {
      "id": 112,
      "model": "로쟈",
      "content": "那我们该去哪里呢？"
    },
    {
      "id": 113,
      "model": "파우스트",
      "content": "……"
    },
    {
      "id": 114,
      "model": "파우스트",
      "content": "要接受大逃……嗯。不，定期体检的话……"
    },
    {
      "id": 115,
      "content": "我总觉得这里面掺杂了天大的误解，但浮士德似乎放弃了纠正这一点。"
    },
    {
      "id": 116,
      "model": "파우스트",
      "content": "总之有必要先前往本部。"
    },
    {
      "id": 117,
      "model": "이상",
      "content": "本部是指……边狱公司的本部吗？"
    },
    {
      "id": 118,
      "model": "파우스트",
      "content": "是的，没错。"
    },
    {
      "id": 119,
      "model": "이스마엘",
      "content": "哦……只在传闻中出现的本部。在加入公司一年多后终于可以实地拜访了。"
    },
    {
      "id": 120,
      "model": "파우스트",
      "content": "现在正是出发的好时机。"
    },
    {
      "id": 121,
      "model": "돈키호테",
      "content": "现、现、现在？吾……吾还没有完全做好心理准备……能允许吾回房间收拾下东西吗？"
    },
    {
      "id": 122,
      "model": "이스마엘",
      "content": "本部在哪里？如果不是长途就太好了。"
    },
    {
      "id": 123,
      "model": "파우스트",
      "content": "这……"
    },
    {
      "id": 124,
      "model": "파우스트",
      "content": "是秘密。但我可以告诉你，那里是梅菲斯托费勒斯无法到达的地方。"
    },
    {
      "id": 125,
      "model": "그레고르",
      "content": "我说……如果你说现在就出发，而又说目的地在哪是个秘密，那该怎么过去呢？"
    },
    {
      "id": 126,
      "model": "오티스",
      "content": "这辆巴士无法到达的地方……难道说你的意思是我们又要去坐WARP列车吗？"
    },
    {
      "id": 127,
      "model": "돈키호테",
      "content": "WARP列车……吾可不想再乘了……"
    },
    {
      "id": 128,
      "model": "파우스트",
      "content": "嗯，此次旅程我们无需乘坐WARP列车。"
    },
    {
      "id": 129,
      "model": "이스마엘",
      "content": "那剩下的方法就只有……后门什么的了？"
    },
    {
      "id": 130,
      "model": "히스클리프",
      "content": "是啊，走那门不是更好吗。"
    },
    {
      "id": 131,
      "model": "이상",
      "content": "这不失为一个不错的主意。"
    },
    {
      "id": 132,
      "model": "이상",
      "content": "但，如果我们缺乏有关那门的信息，就无法明确将会到达的地点……"
    },
    {
      "id": 133,
      "model": "이상",
      "content": "亦或是，由于门的持续时间不稳定，部分人会到达完全不同的地方……"
    },
    {
      "id": 134,
      "model": "이상",
      "content": "又或者在途中门便关闭，旅途可能是有去无回。"
    },
    {
      "id": 135,
      "model": "싱클레어",
      "content": "嗯，你真觉得这是个不错的主意吗……？"
    },
    {
      "id": 136,
      "model": "히스클리프",
      "content": "哈……要这么说，我宁愿坐那辆该死的列车。至少下了车就会忘掉一切。"
    },
    {
      "id": 137,
      "model": "료슈",
      "content": "大……逃杀。"
    },
    {
      "id": 138,
      "model": "파우스트",
      "content": "所以……"
    },
    {
      "id": 139,
      "model": "파우스트",
      "content": "已经实施了一项研究，可以将你们送去想去的地方。"
    },
    {
      "id": 140,
      "model": "오티스",
      "content": "研究？是指改造了后门吗？"
    },
    {
      "id": 141,
      "model": "파우스트",
      "content": "确是相近。但准确来说并非是对后门进行了改造，而是只将其作为参考。"
    },
    {
      "id": 142,
      "model": "단테",
      "content": "<……我们不是一直在一起吗？你是什么时候抽空做的研究？>"
    },
    {
      "id": 143,
      "model": "파우스트",
      "content": "在移动中以及在都市中空闲等时……LCA与浮士德和试图成为新翼的公司进行了接触，并就后门的稳定化相关进行了各种合作研究。"
    },
    {
      "id": 144,
      "model": "그레고르",
      "content": "新翼……？是指打算填补L公司的空缺吗？"
    },
    {
      "id": 145,
      "model": "파우스트",
      "content": "敏锐的问题，但很遗憾方向有误，格里高尔。"
    },
    {
      "id": 146,
      "model": "파우스트",
      "content": "它剑指未来即将产生的空缺……即盯上不断变得脆弱的W公司席位的公司。"
    },
    {
      "id": 147,
      "model": "그레고르",
      "content": "W公司……"
    },
    {
      "id": 148,
      "model": "이스마엘",
      "content": "确实呢……确实有道理。W公司资金越来越短缺的消息已经传得沸沸扬扬了。这足以成为一个机会。"
    },
    {
      "id": 149,
      "model": "뫼르소",
      "content": "报纸也经常刊登专栏，密集报道W公司的财务危机。重点聚焦于神秘失踪事件。"
    },
    {
      "id": 150,
      "model": "오티스",
      "content": "为了成为翼，而在水面下运作着的公司吗。"
    },
    {
      "id": 151,
      "model": "오티스",
      "content": "但是……要在翼自身崩毁之前将其取代谈何容易。"
    },
    {
      "id": 152,
      "model": "오티스",
      "content": "他们必定也有详密计划。此外，与怀有这种野心的人们合作实在是。"
    },
    {
      "id": 153,
      "model": "오티스",
      "content": "……本部有意挑起翼际战争吗？"
    },
    {
      "id": 154,
      "model": "파우스트",
      "content": "……如今的我，未可知晓这些事情。"
    },
    {
      "id": 155,
      "model": "이상",
      "content": "别急着下定论，奥提斯女士。"
    },
    {
      "id": 156,
      "model": "이상",
      "content": "回想一下，W公司一直深陷内忧外患的泥潭，而且还曾经向我们寻求帮助……"
    },
    {
      "id": 157,
      "model": "이상",
      "content": "即便在未发生暴力事件之前便轰然倒塌也不无道理。"
    },
    {
      "id": 158,
      "model": "이상",
      "content": "如果技术本身的任一部分效率不足，那么最终结局便是损坏崩溃……"
    },
    {
      "id": 159,
      "model": "파우스트",
      "content": "幸运的是，此处的研究结果效率充分。虽然形态上与后门相似，但去除了走廊这一中间过渡，是被称作“传送门”，以门与门直接相连的形态所展现出的技术。"
    },
    {
      "id": 160,
      "model": "그레고르",
      "content": "哦。那没什么副作用吧？"
    },
    {
      "id": 161,
      "model": "파우스트",
      "content": "……并非如此。我也曾经历类似的苦恼。如所到达的坐标精度较差，或是维持时间极短，在途中时门便关闭将身体切断的情况也曾有发生。"
    },
    {
      "id": 162,
      "model": "파우스트",
      "content": "不过现在更为稳定，四肢被五分的情况也减少了。一般只会被切成两半。"
    },
    {
      "id": 163,
      "model": "이상",
      "content": "与被五分相比，两分确实较好……"
    },
    {
      "id": 164,
      "model": "단테",
      "content": "<二分也好五分也好，听起来都很可怕……>"
    },
    {
      "id": 165,
      "model": "돈키호테",
      "content": "呜呜……吾可不想左驽骍难得与右驽骍难得在分离的状态下到达本部……"
    },
    {
      "id": 166,
      "model": "베르길리우스",
      "content": "哎呀。"
    },
    {
      "id": 167,
      "model": "베르길리우스",
      "content": "看你喋喋不休地在这杞人忧天，这些天巴士上的生活似乎真的很无聊啊。"
    },
    {
      "id": 168,
      "model": "오티스",
      "content": "咳哼……"
    },
    {
      "id": 169,
      "model": "베르길리우스",
      "content": "啊，在你们浪费时间的时候，看来“研究成果”已经到了。"
    },
    {
      "id": 170,
      "content": "向窗外望去，我看到了一辆陌生的大型车辆。"
    },
    {
      "id": 171,
      "model": "로쟈",
      "content": "是那个吗……？连窗户都没有……"
    },
    {
      "id": 172,
      "model": "베르길리우스",
      "content": "吵死了。"
    },
    {
      "id": 173,
      "model": "베르길리우스",
      "content": "全员，下车。"
    }
  ]
}