{
  "dataList": [
    {
      "id": 0,
      "content": "从巴士下来后，我们立刻进入了一辆从未见过的移动装置。"
    },
    {
      "id": 1,
      "content": "布满复杂机械的金属空间中……在对面，还有一扇完全占据了整面墙的巨大的门。"
    },
    {
      "id": 2,
      "place": "神秘的移动车辆",
      "model": "싱클레어",
      "content": "这里是……"
    },
    {
      "id": 3,
      "model": "파우스트",
      "content": "在开发这款装置的过程中，P公司的协助是不可或缺的。"
    },
    {
      "id": 4,
      "model": "싱클레어",
      "content": "啊，这么说……"
    },
    {
      "id": 5,
      "model": "돈키호테",
      "content": "……是和切萨拉私下勾搭到一块了吗？"
    },
    {
      "id": 6,
      "model": "파우스트",
      "content": "……"
    },
    {
      "id": 7,
      "model": "돈키호테",
      "content": "哎呀~虽然吾很想在恢复精神后就去见她，向她夸耀完成了这英雄般的委托！可汝却私下去见了她，看来浮士德也有如此狡猾的一面啊！"
    },
    {
      "id": 8,
      "model": "파우스트",
      "content": "……下次会稍微考虑一下的。"
    },
    {
      "id": 9,
      "content": "浮士德似乎安心了些许……"
    },
    {
      "id": 10,
      "model": "돈키호테",
      "content": "嘛，作为替代！终于能去往一直心驰神往的边狱公——司本部了！也就算！扯平了！"
    },
    {
      "id": 11,
      "model": "파우스트",
      "content": "……虽然迄今为止没有叫各位去往本部的理由有很多……但一个个列举的话就太浪费时间了，就省略掉吧。"
    },
    {
      "id": 12,
      "model": "그레고르",
      "content": "呼……竟然省略掉了，帮大忙了。"
    },
    {
      "id": 13,
      "model": "파우스트",
      "content": "主要原因告知诸位，由于我们部门的特性为在都市中不断移动，作战配置也不定，所以让各位去本部的制约条件有很多。"
    },
    {
      "id": 14,
      "model": "로쟈",
      "content": "哪怕这样你也还是说了呢……？"
    },
    {
      "id": 15,
      "model": "오티스",
      "content": "等等。抛开这一点……为何一定要与P公司合作呢？"
    },
    {
      "id": 16,
      "model": "로쟈",
      "content": "啊，又要长篇大论了……"
    },
    {
      "id": 17,
      "model": "파우스트",
      "content": "P公司的奇点技术可以简要概括为：空间扭曲扩张技术。"
    },
    {
      "id": 18,
      "model": "싱클레어",
      "content": "这么说来……切萨拉小姐好像说过P公司奇点的原理和拉·曼却领很相似呢。"
    },
    {
      "id": 19,
      "model": "단테",
      "content": "<……是呢。拉·曼却领的内部比外面看上去要宽阔许多呢。>"
    },
    {
      "id": 20,
      "model": "이스마엘",
      "content": "啊，我正好也有个想问的问题。"
    },
    {
      "id": 21,
      "model": "이스마엘",
      "content": "空间扩张技术不是在其他翼中也是频繁使用的奇点吗？"
    },
    {
      "id": 22,
      "model": "이스마엘",
      "content": "怎么说呢……即便说它为P公司独有的特征，但该技术似乎已经在都市全域普遍应用了呢。"
    },
    {
      "id": 23,
      "model": "파우스트",
      "content": "这……真是个相当高水平的问题呢。"
    },
    {
      "id": 24,
      "model": "그레고르",
      "content": "真好啊，被表扬了~"
    },
    {
      "id": 25,
      "model": "파우스트",
      "content": "以实玛利小姐说得没错，扩张特定空间的技术也是其他翼经常使用的技术。"
    },
    {
      "id": 26,
      "model": "파우스트",
      "content": "这辆梅菲斯托费勒斯也是一辆使用空间扩张技术制造的巴士，但与P公司的奇点不同。"
    },
    {
      "id": 27,
      "model": "파우스트",
      "content": "P公司独有的空间扩张技术的最终目的是……"
    },
    {
      "id": 28,
      "model": "파우스트",
      "content": "制作出这个世界上最安全的场所。"
    },
    {
      "id": 29,
      "model": "파우스트",
      "content": "无论从外部施加何种冲击，建筑物都绝不会倒塌，内部也不会损坏。从而创造出一个完美守护的空间。"
    },
    {
      "id": 30,
      "model": "파우스트",
      "content": "因此，越是大量投资了的P公司技术，越是能在外部极限压力的冲击之下保持内部的完整。"
    },
    {
      "id": 31,
      "model": "파우스트",
      "content": "就像是另一个次元的空间一样，有着完全断绝了一切与外界的联系的效果。"
    },
    {
      "id": 32,
      "model": "파우스트",
      "content": "总之，这辆车的外部使用了P公司的奇点，可以保护我们在传送至本部的过程中免受任何形式的冲击。同时，它还拥有可容纳13人以上的空间。"
    },
    {
      "id": 33,
      "model": "로쟈",
      "content": "哦，如果它是一种传送到另一个次元空间的方式……不是有次元包这种东西吗？"
    },
    {
      "id": 34,
      "model": "싱클레어",
      "content": "呜呜呜……"
    },
    {
      "id": 35,
      "model": "로쟈",
      "content": "嗯？辛克，你怎么突然呻吟起来了？"
    },
    {
      "id": 36,
      "model": "싱클레어",
      "content": "我上学的时候，朋友之间流传着一个怪谈……"
    },
    {
      "id": 37,
      "model": "싱클레어",
      "content": "Девять协会的员工给一户人家派送包裹，就在他把目光移开的一瞬间……"
    },
    {
      "id": 38,
      "model": "싱클레어",
      "content": "某个好奇心旺盛的孩子，爬进了派送箱然后就那样……"
    },
    {
      "id": 39,
      "model": "싱클레어",
      "content": "我、我就说到这里吧……这个怪谈害我整整一周都没睡好觉。因为那情景总是出现在梦里……"
    },
    {
      "id": 40,
      "model": "그레고르",
      "content": "真是的，怪谈说到底也就只是怪谈而已……"
    },
    {
      "id": 41,
      "model": "이스마엘",
      "content": "那可未必……"
    },
    {
      "id": 42,
      "model": "파우스트",
      "content": "很遗憾，辛克莱整整一周噩梦的内容恐怕全都是事实。"
    },
    {
      "id": 43,
      "model": "파우스트",
      "content": "那次事件之后，하나协会和Девять协会都追加了许多规定以防止有人误入次元包后被派送。"
    },
    {
      "id": 44,
      "model": "이상",
      "content": "某种程度上，也可以说W公司使用的WARP技术是类似之物。"
    },
    {
      "id": 45,
      "model": "이상",
      "content": "虽然它们在将人传送到另一个次元这点上相同，但WARP是一种“包装”得更为安全，让人能够安心移动的技术。"
    },
    {
      "id": 46,
      "model": "파우스트",
      "content": "也许它们有些相通的联系吧。"
    },
    {
      "id": 47,
      "model": "로쟈",
      "content": "总之，只要我们有这辆移动装置，就能随时去往本部，对吧？"
    },
    {
      "id": 48,
      "model": "오티스",
      "content": "以后与上级的沟通和补给会变得更为容易吧。不过，办理将此移动装置运送至巢中的手续需要大量时间，这个问题解决了吗？"
    },
    {
      "id": 49,
      "model": "파우스트",
      "content": "不。"
    },
    {
      "id": 50,
      "model": "파우스트",
      "content": "作为替代，我们正计划利用P公司与新W公司的技术，在都市各巢中逐渐配置高效的移动设备。"
    },
    {
      "id": 51,
      "model": "파우스트",
      "content": "而这是为了能与边狱公司本部建立更为高效的实际联系。"
    },
    {
      "id": 52,
      "model": "이스마엘",
      "content": "所、所有的巢吗？"
    },
    {
      "id": 53,
      "model": "베르길리우스",
      "content": "当然不是那样。这仍然是处于测试中的模型。据说投入成本也高得吓人。"
    },
    {
      "id": 54,
      "content": "维吉里乌斯斩钉截铁地说。"
    },
    {
      "id": 55,
      "model": "파우스트",
      "content": "那么，开始运行。"
    },
    {
      "id": 56,
      "content": "随着浮士德操纵着内部的装置，先前见到的那扇巨大的门伴随着嘈杂的噪音开始震动起来。"
    },
    {
      "id": 57,
      "model": "돈키호테",
      "content": "那、那扇门为何突然摇晃起来了！？"
    },
    {
      "id": 58,
      "model": "이상",
      "content": "连接的能量……正朝那扇门处聚集。"
    },
    {
      "id": 59,
      "content": "随着周围面板上的计量表被填满，不断发出光芒的门渐渐打开。"
    },
    {
      "id": 60,
      "model": "파우스트",
      "content": "我来带路。"
    },
    {
      "id": 61,
      "content": "门一打开，浮士德就自然地迈了进去。"
    },
    {
      "id": 62,
      "model": "단테",
      "content": "<跟、跟上。>"
    },
    {
      "id": 63,
      "place": -1,
      "content": "在一阵复杂的机械声和奇怪的低鸣声之后……"
    },
    {
      "id": 64,
      "model": "파우스트",
      "content": "……是的，我们到了。"
    },
    {
      "id": 65,
      "model": "파우스트",
      "content": "欢迎来到边狱公司本部。这里是……"
    },
    {
      "id": 66,
      "content": "眼前到处都是身着独特装备忙碌地来来往往的人们。"
    },
    {
      "id": 67,
      "content": "耳边传来各处沉重的开门与关门声，并伴随着曾经时不时会感受到的异样的感觉。"
    },
    {
      "id": 68,
      "place": "LCE研究部 实验楼",
      "model": "파우스트",
      "content": "LCE部门的楼层。"
    },
    {
      "id": 69,
      "model": "단테",
      "content": "<……LCE？>"
    },
    {
      "id": 70,
      "model": "로쟈",
      "content": "哈……希望有一天我们能堂堂正正地从正门进入本部。"
    }
  ]
}