{
  "dataList": [
    {
      "id": 0,
      "place": "LCE研究部 实验楼",
      "content": "从那时起，我们接受了各种测试，包括利用嫉妒罪种的指挥能力测试……"
    },
    {
      "id": 1,
      "model": "돈키호테",
      "content": "经理老爷！吾拿了满分！"
    },
    {
      "id": 2,
      "model": "이상",
      "content": "嗯……没想到会输给堂吉诃德女士……我应该更精进学习……"
    },
    {
      "id": 3,
      "model": "그레고르",
      "content": "不，李箱先生。这是有关收尾人协会的问题啊。"
    },
    {
      "id": 4,
      "model": "로쟈",
      "content": "没错~巴士上只要有一位收尾人爱好者就够啦。"
    },
    {
      "id": 5,
      "content": "从每个领域的常识测试开始……"
    },
    {
      "id": 6,
      "model": "마튼",
      "content": "与人第一次见面时，您首先关注的是什么？"
    },
    {
      "id": 7,
      "model": "히스클리프",
      "content": "……眼神？战斗力？该死……这太难了。"
    },
    {
      "id": 8,
      "model": "알리사",
      "content": "您的领导风格是……"
    },
    {
      "id": 9,
      "model": "뫼르소",
      "content": "果断、重视目标。"
    },
    {
      "id": 10,
      "model": "싱클레어",
      "content": "默尔索先生吗……？"
    },
    {
      "id": 11,
      "content": "经历了大量莫名其妙的性格测试后，我们终于获得了一点休息时间。"
    },
    {
      "id": 12,
      "model": "호엔하임",
      "content": "下一步是对所有罪人进行基本体能测试。我们终于可以正式开始这次检查了。"
    },
    {
      "id": 13,
      "model": "싱클레어",
      "content": "那刚才给我们做的那些测试是什么！？"
    },
    {
      "id": 14,
      "model": "마튼",
      "content": "是为了收集LCE部门一直好奇的各种数据……换句话说是满足我们个人的私心。"
    },
    {
      "id": 15,
      "model": "알리사",
      "content": "即便如此，我们也从检查结果中搜集到了能为各位提供支援的必要信息，所以这段时间也是很有意义的。"
    },
    {
      "id": 16,
      "model": "알리사",
      "content": "好了，现在要快速进行一些集体检查，所以请大家在这里集合。"
    },
    {
      "id": 17,
      "model": "그레고르",
      "content": "这、这样站在这就行了吗？"
    },
    {
      "id": 18,
      "model": "이스마엘",
      "content": "看起来还有很多测试要做，让我们赶紧吧。"
    },
    {
      "id": 19,
      "model": "홍루",
      "content": "说来他们给的这套衣服穿起来还挺舒服的。"
    },
    {
      "id": 20,
      "model": "히스클리프",
      "content": "的确，感觉当睡衣也没问题。"
    },
    {
      "id": 21,
      "model": "알리사",
      "content": "睡衣……？给你们穿的这些衣服是LCE的所有物，请务必在完成测试之后立即归还。"
    },
    {
      "id": 22,
      "model": "로쟈",
      "content": "啊，在正式开始之前，能稍微看一下我的手腕吗？感觉酸酸痛痛的，但也不会为了这点事就倒转时钟……"
    },
    {
      "id": 23,
      "model": "이상",
      "content": "我认为只因琐碎之事便拨动时钟不是什么好习惯……去拜托默尔索的话，他或许能帮到你。"
    },
    {
      "id": 24,
      "model": "뫼르소",
      "content": "若有需要，我随时准备提供必要的援助。"
    },
    {
      "id": 25,
      "model": "로쟈",
      "content": "诶，没事了。突然感觉好多了~"
    },
    {
      "id": 26,
      "model": "알리사",
      "content": "请站直。我可以看到所有踮起脚尖的人，所以请停止这种行为。"
    },
    {
      "id": 27,
      "model": "싱클레어",
      "content": "我……我站得好好的哦？"
    },
    {
      "id": 28,
      "model": "돈키호테",
      "content": "唔唔嗯……"
    },
    {
      "id": 29,
      "model": "알리사",
      "content": "还有，那个……体检前大家能把香烟熄灭吗？"
    },
    {
      "id": 30,
      "model": "그레고르",
      "content": "啊，这只是……叼着而已，因为看起来很酷……"
    },
    {
      "id": 31,
      "model": "알리사",
      "content": "啊哈……"
    },
    {
      "id": 32,
      "model": "알리사",
      "content": "……那这一位……"
    },
    {
      "id": 33,
      "model": "료슈",
      "content": "勇气可嘉。滚。"
    },
    {
      "id": 34,
      "model": "알리사",
      "content": "好、好吧……那么基础的集体检查到此结束。"
    },
    {
      "id": 35,
      "model": "호엔하임",
      "content": "……"
    },
    {
      "id": 36,
      "model": "호엔하임",
      "content": "在进行体检之前，由于急着进行测试，我似乎忘掉了一件重要的事。"
    },
    {
      "id": 37,
      "model": "호엔하임",
      "content": "助手。"
    },
    {
      "id": 38,
      "model": "단테",
      "content": "<助手？>"
    },
    {
      "id": 39,
      "model": "호엔하임",
      "content": "我需要一位助手来协助我，以确保测试的顺利进行。"
    },
    {
      "id": 40,
      "model": "로쟈",
      "content": "呃……你不是已经有两位助手了吗？就在你身后。"
    },
    {
      "id": 41,
      "model": "마튼",
      "content": "我们不是霍恩海姆先生的助手。我们是助理研究员。"
    },
    {
      "id": 42,
      "model": "호엔하임",
      "content": "是的，这两种工作之间的差异是巨大的。"
    },
    {
      "id": 43,
      "model": "호엔하임",
      "content": "我希望你们中的一位能担任协助体检的助手……"
    },
    {
      "id": 44,
      "content": "罗佳突然举起了手。"
    },
    {
      "id": 45,
      "model": "호엔하임",
      "content": "我本来不打算接受自荐的，但是……既然你举手了，那就发言吧。"
    },
    {
      "id": 46,
      "model": "로쟈",
      "content": "我就算啦。这种事不合我的性子~哦，不过让我当研究员就值得一试了。我有点喜欢这套衣服。"
    },
    {
      "id": 47,
      "content": "罗佳说着，还眼馋地摆弄着研究员的衣服。"
    },
    {
      "id": 48,
      "model": "알리사",
      "content": "别……别这样……"
    },
    {
      "id": 49,
      "model": "호엔하임",
      "content": "……虽然我根本没考虑过，但会作为参考的。"
    },
    {
      "id": 50,
      "model": "파우스트",
      "content": "我也拒绝。"
    },
    {
      "id": 51,
      "model": "파우스트",
      "content": "通常，担任助手的职位意味着其能力不如其所协助的研究员霍恩海姆。"
    },
    {
      "id": 52,
      "model": "호엔하임",
      "content": "我同样没有想过选择你，但我再次感谢你热情的发言。"
    },
    {
      "id": 53,
      "model": "히스클리프",
      "content": "啧，反正让同类聚在一起，肯定会像得了不互相挑刺就会全身长疹的病一样大吵大闹吧。"
    },
    {
      "id": 54,
      "model": "싱클레어",
      "content": "我……我在学生时代担任副班长，协助班长工作，是一个勤奋的模范学生……"
    },
    {
      "id": 55,
      "model": "이상",
      "content": "嗯……嗯……"
    },
    {
      "id": 56,
      "model": "그레고르",
      "content": "为什么大伙都这么紧张呢？"
    },
    {
      "id": 57,
      "model": "그레고르",
      "content": "你们真想当他的助手吗……？多管闲事可是会很麻烦的哦？"
    },
    {
      "id": 58,
      "model": "싱클레어",
      "content": "但是不知道为什么我觉得自己必须被选上……"
    },
    {
      "id": 59,
      "model": "호엔하임",
      "content": "好，我已经决定了。先说好，所有选择标准完全只是基于我的主观意见。"
    },
    {
      "id": 60,
      "model": "호엔하임",
      "content": "那里，那位橙发罪人……"
    },
    {
      "id": 61,
      "content": "以实玛利仿佛等待了许久，自信地大步走到最前面，差点把我撞倒。"
    },
    {
      "id": 62,
      "model": "단테",
      "content": "<哎呀……>"
    },
    {
      "id": 63,
      "model": "이스마엘",
      "content": "请放心，霍恩海姆先生。如果您阅览过我的资料，您一定知道，我在过去工作过的协会与事务所中，很少辜负他人的期望。"
    },
    {
      "id": 64,
      "model": "이스마엘",
      "content": "另外，如果我有机会提交调动申请到本部工作……这能计入我的履历吗？"
    },
    {
      "id": 65,
      "model": "그레고르",
      "content": "你那野心还没消失啊？我还以为你已经放弃了。"
    },
    {
      "id": 66,
      "model": "호엔하임",
      "content": "……我指的是那位橙发罪人后面的罪人。因为你站得太靠前挡住了，我没法看到他。"
    },
    {
      "id": 67,
      "model": "이스마엘",
      "content": "……"
    },
    {
      "id": 68,
      "content": "所有的目光都转向希斯克利夫，他正心不在焉地挠着自己的鼻梁。"
    },
    {
      "id": 69,
      "model": "히스클리프",
      "content": "咋了……"
    },
    {
      "id": 70,
      "model": "히스클리프",
      "content": "我……我？"
    },
    {
      "id": 71,
      "content": "不过……看起来以实玛利比希斯克利夫更震惊。"
    },
    {
      "id": 72,
      "model": "이스마엘",
      "content": "为……为什么？为什么不是我，却是那……那种……"
    },
    {
      "id": 73,
      "model": "호엔하임",
      "content": "大多数研究者常常会犯一个根本性的错误。"
    },
    {
      "id": 74,
      "model": "호엔하임",
      "content": "他们认为，教育水平越高，履历越是辉煌，人才就越优秀。"
    },
    {
      "id": 75,
      "model": "이스마엘",
      "content": "这……这不是常识吗？至少在研究工作上……"
    },
    {
      "id": 76,
      "model": "호엔하임",
      "content": "但是你知道吗，大多数伟大的发现都是从即兴和直觉中诞生的？"
    },
    {
      "id": 77,
      "model": "호엔하임",
      "content": "说的完全就是这个人。"
    },
    {
      "id": 78,
      "model": "히스클리프",
      "content": "呃……呃……"
    },
    {
      "id": 79,
      "model": "호엔하임",
      "content": "怎么样，希斯克利夫。有你那一往无前的直觉和热情洋溢的气势，我认为你完全有资格代表我指挥和领导这些人。"
    },
    {
      "id": 80,
      "model": "히스클리프",
      "content": "啊……是……是那样吗？"
    },
    {
      "id": 81,
      "content": "希斯克利夫挠着头回答。"
    },
    {
      "id": 82,
      "model": "로쟈",
      "content": "现在说实话，李箱先生。你也有点期待被选中，不是吗？"
    },
    {
      "id": 83,
      "model": "이상",
      "content": "……"
    },
    {
      "id": 84,
      "model": "이상",
      "content": "时代的主流总是在改变，这是不可避免的命运……"
    },
    {
      "id": 85,
      "model": "이상",
      "content": "终有一日退隐至回忆和过往的领域，也是知识分子之道理……"
    },
    {
      "id": 86,
      "content": "李箱非常沮丧地垂着眼回答。"
    },
    {
      "id": 87,
      "model": "호엔하임",
      "content": "我很高兴你能成为我的新助手。"
    },
    {
      "id": 88,
      "model": "히스클리프",
      "content": "那么……我该从哪里……咳……开始做起呢？"
    },
    {
      "id": 89,
      "model": "호엔하임",
      "content": "没什么困难的。你只需要把你那自由奔放的气质原封不动地发挥出来就行。"
    },
    {
      "id": 90,
      "model": "마튼",
      "content": "啊，现在我明白他在做什么了。"
    },
    {
      "id": 91,
      "model": "마튼",
      "content": "霍恩海姆肯定知道该哄住谁才能让事情更轻松顺利地进行。"
    },
    {
      "id": 92,
      "content": "马顿像是只让我听到一样，小声细语道。"
    }
  ]
}