{
  "dataList": [
    {
      "id": 0,
      "place": "LCE研究部 实验楼",
      "model": "호엔하임",
      "teller": "？？？",
      "title": "？？？",
      "content": "……"
    },
    {
      "id": 1,
      "model": "파우스트",
      "content": "……"
    },
    {
      "id": 2,
      "model": "호엔하임",
      "teller": "？？？",
      "title": "？？？",
      "content": "……"
    },
    {
      "id": 3,
      "model": "파우스트",
      "content": "……"
    },
    {
      "id": 4,
      "model": "호엔하임",
      "teller": "？？？",
      "title": "？？？",
      "content": "……"
    },
    {
      "id": 5,
      "model": "히스클리프",
      "content": "都打算闭嘴到什么时候！总有个人要先开口自我介绍吧！"
    },
    {
      "id": 6,
      "model": "호엔하임",
      "teller": "？？？",
      "title": "？？？",
      "content": "好像没有人会替我介绍，所以我还是自报名号吧。"
    },
    {
      "id": 7,
      "model": "호엔하임",
      "content": "我是这所公司的首席研究员，霍恩海姆。"
    },
    {
      "id": 8,
      "model": "파우스트",
      "content": "准确地说，他是LCE部门的首席研究员。"
    },
    {
      "id": 9,
      "model": "호엔하임",
      "content": "更准确地说，包括整个边狱公司。"
    },
    {
      "id": 10,
      "model": "파우스트",
      "content": "更加准确地说，最主要的原因是我和李箱先生作为罪人的身份，被排除于研究员外。"
    },
    {
      "id": 11,
      "model": "파우스트",
      "content": "毕竟总有人需要留下来做研究。"
    },
    {
      "id": 12,
      "model": "홍루",
      "content": "看来二位是朋友关系啊？"
    },
    {
      "id": 13,
      "model": "파우스트",
      "content": "虽然没有定义关系的想法，但若追究，只能说是需要不情愿地定期联系的关系。"
    },
    {
      "id": 14,
      "model": "호엔하임",
      "content": "这是彼此认识后初次达成的一致意见。"
    },
    {
      "id": 15,
      "model": "호엔하임",
      "content": "听说我们部门联系了多次。为了此次的定期体检。"
    },
    {
      "id": 16,
      "model": "파우스트",
      "content": "还以为您早已了解，但我们LCB部门的特点便是需要行动于都市四处。并非是能及时回复的状态。"
    },
    {
      "id": 17,
      "model": "호엔하임",
      "content": "是的，我知道。就如同自动应答机一样反复回复像刚才那样的话。"
    },
    {
      "id": 18,
      "model": "단테",
      "content": "<嗯……>"
    },
    {
      "id": 19,
      "model": "호엔하임",
      "content": "嗯，那么想必这边就是担任边狱公司罪人们的执行经理一职的但丁经理吧。"
    },
    {
      "id": 20,
      "model": "단테",
      "content": "<你好……像这样，即便问好也只能听见滴答声吧。>"
    },
    {
      "id": 21,
      "model": "파우스트",
      "content": "经理向您问好。"
    },
    {
      "id": 22,
      "model": "호엔하임",
      "content": "我也很高兴见到你，领导别人无论何时都是辛劳且痛苦的。特别是和连话都说不通的人一起工作。"
    },
    {
      "id": 23,
      "model": "호엔하임",
      "content": "和我们部门的研究员交流时，我甚至怀疑我们说的是否是同种语言。"
    },
    {
      "id": 24,
      "model": "오티스",
      "content": "但是……有些特殊。这些人的衣服……"
    },
    {
      "model": "호엔하임",
      "content": "啊，提前介绍一下。分别是马顿和阿莉莎。少数直属于我的研究员。"
    },
    {
      "id": 25,
      "model": "싱클레어",
      "content": "从异想体中提取的吗？但怎么……"
    },
    {
      "id": 26,
      "model": "호엔하임",
      "content": "我很高兴你能认出来。"
    },
    {
      "id": 27,
      "model": "이스마엘",
      "content": "是旧L公司的……装备吗？"
    },
    {
      "id": 28,
      "model": "뫼르소",
      "content": "虽然捕捉到了部分相似之处，但似乎并非完全相同的存在。"
    },
    {
      "id": 29,
      "model": "호엔하임",
      "content": "没错，是以边狱公司的方式提取出来的。如你所见，成功了。"
    },
    {
      "id": 30,
      "model": "파우스트",
      "content": "……虽然收到了制作出边狱公司式E.G.O装备的消息，但亲眼见到还是第一次。"
    },
    {
      "id": 31,
      "model": "이스마엘",
      "content": "那意思是……你们收容着异想体。"
    },
    {
      "id": 32,
      "model": "단테",
      "content": "<怪不得从刚才起就感知到了异想体的动静……>"
    },
    {
      "id": 33,
      "model": "단테",
      "content": "<……呃，等等。也能感知到扭曲和罪种……>"
    },
    {
      "id": 34,
      "model": "파우스트",
      "content": "没错，毕竟也都是LCE部门收容与研究的对象。"
    },
    {
      "id": 35,
      "model": "파우스트",
      "content": "嗯……"
    },
    {
      "id": 36,
      "content": "浮士德像一个严格的审核员一样，静静地观察着霍恩海姆穿着的E.G.O装备。"
    },
    {
      "id": 37,
      "model": "파우스트",
      "content": "嗯……"
    },
    {
      "id": 38,
      "model": "파우스트",
      "content": "除了收尾有些混乱以外，整体的E.G.O提取完成度还不错。"
    },
    {
      "id": 39,
      "model": "호엔하임",
      "content": "多谢你的感想。"
    },
    {
      "id": 40,
      "model": "호엔하임",
      "content": "为了把这个提取好，经历了数千次的实验和失败。"
    },
    {
      "id": 41,
      "model": "호엔하임",
      "content": "但我最终做到了。和平常一样。"
    },
    {
      "id": 42,
      "model": "이스마엘",
      "content": "……"
    },
    {
      "id": 43,
      "model": "이스마엘",
      "content": "你的员工明明就在后面听着，你是不是太露骨地说“我”了？"
    },
    {
      "id": 44,
      "model": "알리사",
      "content": "习惯了……"
    },
    {
      "id": 45,
      "model": "히스클리프",
      "content": "我快疯了……到哪都只有这帮自以为是的家伙。"
    },
    {
      "id": 46,
      "model": "히스클리프",
      "content": "再这么下去我就真打算宰掉其中一个人了，不能赶快完事回巴士去吗？"
    },
    {
      "id": 47,
      "model": "호엔하임",
      "content": "这边也和你的想法一样。"
    },
    {
      "id": 48,
      "model": "호엔하임",
      "content": "毕竟是入职以来第一次团体体检，堆着的事情不止一两件……各位。"
    },
    {
      "id": 49,
      "model": "파우스트",
      "content": "浮士德也不希望在此浪费无意义的时间。请开始吧。"
    },
    {
      "id": 50,
      "model": "호엔하임",
      "content": "那么……第一项是危机应对能力测试。"
    },
    {
      "id": 51,
      "model": "이스마엘",
      "content": "呃，他刚刚好像按下了什么东西……"
    },
    {
      "id": 52,
      "model": "단테",
      "content": "<危机应对能力……？>"
    },
    {
      "id": 53,
      "content": "霍恩海姆的话音刚落，研究室的墙壁咔哧咔哧地晃动，将除了我、维吉里乌斯和卡戎以外的所有罪人关在里面。"
    },
    {
      "id": 54,
      "model": "이스마엘",
      "content": "这只是偷袭吧！？"
    },
    {
      "id": 55,
      "model": "호엔하임",
      "content": "对，这是一次分析被偷袭时行动方式和对策能力的测试。"
    },
    {
      "id": 56,
      "model": "단테",
      "content": "<这都是商量好的吗，维吉里乌斯？！>"
    },
    {
      "id": 57,
      "model": "베르길리우스",
      "content": "你看起来很着急……但丁。不过，对于没料到会这样，我和你都是一样的。"
    },
    {
      "id": 58,
      "model": "베르길리우스",
      "content": "这时候只需要想着他们的意图是正确的，就行了。"
    },
    {
      "id": 59,
      "model": "베르길리우스",
      "content": "我和卡戎去办公室喝杯茶……结束了就和浮士德女士过来叫我们。"
    },
    {
      "id": 60,
      "model": "단테",
      "content": "<……>"
    },
    {
      "id": 61,
      "model": "카론",
      "content": "卡戎。也想吃蛋糕。"
    },
    {
      "id": 62,
      "model": "마튼",
      "content": "啊。上次的庆祝派对后还有剩的。请到这边来。"
    },
    {
      "id": 63,
      "content": "维吉里乌斯和卡戎在员工的指引下进入了办公室。"
    },
    {
      "id": 64,
      "model": "단테",
      "content": "<……都叫体检了。那就赶紧做完吧。>"
    }
  ]
}