{
  "dataList": [
    {
      "id": 0,
      "place": "LCE研究部 实验楼",
      "content": "希斯克利夫顺着霍恩海姆的意愿，看起来真的想要毫无保留地发挥他的气质。"
    },
    {
      "id": 1,
      "model": "후디히스",
      "content": "喂！都给我排好队。站成一列！"
    },
    {
      "id": 2,
      "model": "홍루",
      "content": "但是希斯克利夫先生不是也和我们一起接受检查吗？"
    },
    {
      "id": 3,
      "model": "후디히스",
      "content": "是、是这样但……我是助手！"
    },
    {
      "id": 4,
      "model": "이스마엘",
      "content": "你是什么时候开始戴着眼镜的？"
    },
    {
      "id": 5,
      "model": "호엔하임",
      "content": "这是研究者的基本素养之一。"
    },
    {
      "id": 6,
      "model": "호엔하임",
      "content": "特别是像这样推一下眼镜，可以营造出有着更具学术性和知识素养的氛围。"
    },
    {
      "id": 7,
      "model": "마튼",
      "content": "想着“今天中午吃点什么好呢？”的同时扶着眼镜框，看起来就会像是在思考着更高层次的烦恼，也是一样的道理。"
    },
    {
      "id": 8,
      "model": "후디히스",
      "content": "喂，如果不想彼此都受累，就把烟给我灭了。"
    },
    {
      "id": 9,
      "model": "료슈",
      "content": "好久没听见猪在嗷嗷叫的声音了。"
    },
    {
      "id": 10,
      "model": "후디히스",
      "content": "哎呦，让你灭就灭！！！！"
    },
    {
      "id": 11,
      "model": "단테",
      "content": "<意外地有用啊……？>"
    },
    {
      "id": 12,
      "model": "호엔하임",
      "content": "嗯……现在总算可以开始测试了。"
    },
    {
      "id": 13,
      "model": "알리사",
      "content": "此次测试的核心是……"
    },
    {
      "id": 14,
      "model": "알리사",
      "content": "入职前的身体能力与现在有多少差距。"
    },
    {
      "id": 15,
      "model": "단테",
      "content": "<嗯，所以就是看比入职前成长了多少……>"
    },
    {
      "id": 16,
      "content": "虽然早料到会这样并抛出了话题，但成长这个词足以在罪人中引起骚动。"
    },
    {
      "id": 17,
      "model": "오티스",
      "content": "于我而言，经理。我自豪于在我的人生中时时刻刻带着成长一词。"
    },
    {
      "id": 18,
      "model": "오티스",
      "content": "因此我可以更严厉与犀利地向对方施以指责的鞭策。"
    },
    {
      "id": 19,
      "model": "단테",
      "content": "<那种叫做成长吗？>"
    },
    {
      "id": 20,
      "model": "이상",
      "content": "嗯……"
    },
    {
      "id": 21,
      "model": "이상",
      "content": "我好像习得了在思考空间上让步。"
    },
    {
      "id": 22,
      "model": "이상",
      "content": "比如在往日，我只是为更多事物赋予意义而被思想所蚕食……"
    },
    {
      "id": 23,
      "model": "이상",
      "content": "如今我想接受着活下去。"
    },
    {
      "id": 24,
      "model": "단테",
      "content": "<哇哦……>"
    },
    {
      "id": 25,
      "model": "이상",
      "content": "因此有时……变得会更轻松地思考。"
    },
    {
      "id": 26,
      "model": "이상",
      "content": "顺其……自然。不是很好吗。"
    },
    {
      "id": 27,
      "model": "단테",
      "content": "<啊……那个……是啊，也有那种成长……>"
    },
    {
      "id": 28,
      "model": "싱클레어",
      "content": "我……没有以前那么挑食了。"
    },
    {
      "id": 29,
      "model": "싱클레어",
      "content": "握力好像也增强了许多……"
    },
    {
      "id": 30,
      "model": "로쟈",
      "content": "哦~"
    },
    {
      "id": 31,
      "model": "싱클레어",
      "content": "看看这里。手掌上好像还长了茧。"
    },
    {
      "id": 32,
      "model": "이스마엘",
      "content": "嘛，就算不那么证明……"
    },
    {
      "id": 33,
      "model": "이스마엘",
      "content": "我们面对的敌人越来越强是不变的事实。"
    },
    {
      "id": 34,
      "model": "이스마엘",
      "content": "毕竟我们的一年与别人的一年并不相同。"
    },
    {
      "id": 35,
      "model": "이상",
      "content": "虽然残酷，但同时也是意义深远的一年。"
    },
    {
      "id": 36,
      "model": "단테",
      "content": "<嗯，不管怎样，时间必然伴随着成长……>"
    },
    {
      "id": 37,
      "model": "싱클레어",
      "content": "是啊，彼此之间变得更加亲密也是如此。"
    },
    {
      "id": 38,
      "model": "그레고르",
      "content": "亲密啊，真是好词啊，那个。"
    },
    {
      "id": 39,
      "model": "호엔하임",
      "content": "啊啊。因为随着暖心的故事好像出现了什么误会，所以我打断一下。"
    },
    {
      "id": 40,
      "model": "호엔하임",
      "content": "先说结论……"
    },
    {
      "id": 41,
      "model": "호엔하임",
      "content": "你们在入职的同时所有能力值都向下。变化了。即向下平均化。"
    },
    {
      "id": 42,
      "model": "후디히스",
      "content": "向下……平均化？"
    },
    {
      "id": 43,
      "model": "호엔하임",
      "content": "简单来说所有在这里的各位……对，都变得和11号罪人差不多。"
    },
    {
      "id": 44,
      "model": "싱클레어",
      "content": "……为什么那个例子偏偏是我？"
    },
    {
      "id": 45,
      "model": "호엔하임",
      "content": "啊，如果你刚刚说的亲密指的是这个，那看来你选择了一个不错的单词。"
    },
    {
      "id": 46,
      "model": "후디히스",
      "content": "喂，撤回你说的话。"
    },
    {
      "id": 47,
      "model": "싱클레어",
      "content": "……撤回。"
    },
    {
      "id": 48,
      "model": "싱클레어",
      "content": "话虽如此，希斯克利夫先生终究和我是一个水平啊？"
    },
    {
      "id": 49,
      "model": "로쟈",
      "content": "呜哇，我听到我们辛克的胆子膨胀到爆炸的声音……"
    },
    {
      "id": 50,
      "model": "후디히스",
      "content": "我……操——"
    },
    {
      "id": 51,
      "model": "이스마엘",
      "content": "等一下！我需要问问理由。"
    },
    {
      "id": 52,
      "model": "이스마엘",
      "content": "向下平均化的理由，是金枝吗？我们和但丁经理签订契约时连接的锁链……"
    },
    {
      "id": 53,
      "model": "호엔하임",
      "content": "没错，金枝拥有的力量之一是连接的力量。"
    },
    {
      "id": 54,
      "model": "호엔하임",
      "content": "平等的，均等的，一定的。"
    },
    {
      "id": 55,
      "model": "호엔하임",
      "content": "还有……差不多的。"
    },
    {
      "id": 56,
      "model": "싱클레어",
      "content": "……"
    },
    {
      "id": 57,
      "content": "……感觉霍恩海姆的视线有点针对性。"
    },
    {
      "id": 58,
      "model": "호엔하임",
      "content": "可以认为这与脑叶公司使用的逆卡巴拉抑制器相似。"
    },
    {
      "id": 59,
      "model": "오티스",
      "content": "好在揭晓了。就是因为这样，我奥提斯在入职的同时变弱了。"
    },
    {
      "id": 60,
      "model": "돈키호테",
      "content": "汝一直都知道吗？"
    },
    {
      "id": 61,
      "model": "오티스",
      "content": "没错！本来我能在数秒内让你们全员失去战斗能力。"
    },
    {
      "id": 62,
      "model": "이스마엘",
      "content": "为什么是让我们失去战斗能力……？"
    },
    {
      "id": 63,
      "model": "그레고르",
      "content": "真是的，不能证明就随便说话让人很难办啊。"
    },
    {
      "id": 64,
      "model": "그레고르",
      "content": "呵……挥一挥就杀掉许多人的胳膊在入职后变得平静下来。原来不是心理问题啊……"
    },
    {
      "id": 65,
      "model": "단테",
      "content": "<格里高尔……>"
    },
    {
      "id": 66,
      "model": "후디히스",
      "content": "现在吵来吵去，一点用都没有！到底还是变得和这家伙差不多嘛。"
    },
    {
      "id": 67,
      "model": "싱클레어",
      "content": "都长出……茧子了……"
    },
    {
      "id": 68,
      "model": "이상",
      "content": "尽、尽管如此……归于金枝的力量，肯定有积极的事情发生。"
    },
    {
      "id": 69,
      "content": "在敏感的氛围中李箱小心翼翼地站了出来。"
    },
    {
      "id": 70,
      "model": "이상",
      "content": "在大湖能够打败白鲸，想必也是多亏其心脏插着金枝吧？"
    },
    {
      "id": 71,
      "model": "로쟈",
      "content": "什么，是那样吗？"
    },
    {
      "id": 72,
      "model": "파우스트",
      "content": "正确。那白鲸若拥有其原本的力量，也许我们到现在还在其腹中进行战斗。"
    },
    {
      "id": 73,
      "model": "파우스트",
      "content": "此外，不能看作完全平等和统一的向下。"
    },
    {
      "id": 74,
      "model": "로쟈",
      "content": "也是……和辛克差不多的话我也不可能一个脑瓜崩就让希斯安静下来吧。那真的很方便来着。"
    },
    {
      "id": 75,
      "model": "후디히스",
      "content": "……"
    },
    {
      "id": 76,
      "model": "파우스트",
      "content": "继续前文，某些特性即便使用金枝的力量也无法压制。"
    },
    {
      "id": 77,
      "model": "파우스트",
      "content": "即被认作各自“个性”的特性。"
    },
    {
      "id": 78,
      "model": "홍루",
      "content": "啊~所以在T公司工厂，良秀小姐展示给班布尔先生的刀法才如此令人惊叹啊。"
    },
    {
      "id": 79,
      "model": "료슈",
      "content": "呵……无须多言。"
    },
    {
      "id": 80,
      "model": "단테",
      "content": "<本来就没多过吧。>"
    },
    {
      "id": 81,
      "model": "호엔하임",
      "content": "如果入职后你们变强了，那平均值也会上升一定量。测定那种程度也是这次测试的目的之一。"
    },
    {
      "id": 82,
      "model": "이스마엘",
      "content": "测试打算怎么进行？在一些区域有着只需要扫描一下人就能分析出大部分健康状态的机器。"
    },
    {
      "id": 83,
      "model": "호엔하임",
      "content": "即使不借助机器也有数十、数百种分析能力值的方法。特别是我知道一个最适合你们的方法。"
    },
    {
      "id": 84,
      "model": "단테",
      "content": "<最适合的方法……？>"
    },
    {
      "id": 85,
      "model": "호엔하임",
      "content": "我们在百忙中专门抽出时间定做了LCB罪人专用型方案。"
    },
    {
      "id": 86,
      "model": "알리사",
      "content": "这非常辛苦。"
    },
    {
      "id": 87,
      "model": "그레고르",
      "content": "罪人专用型……听着不太像好话啊……"
    },
    {
      "id": 88,
      "model": "호엔하임",
      "content": "我们……"
    },
    {
      "id": 89,
      "model": "호엔하임",
      "content": "将运用罪种，还有扭曲。"
    },
    {
      "id": 90,
      "model": "로쟈",
      "content": "什么啊……还以为要说什么很厉害的东西，有点扫兴了……"
    },
    {
      "id": 91,
      "model": "이스마엘",
      "content": "是啊……我还以为你们会想出更划时代的方法。"
    },
    {
      "id": 92,
      "model": "호엔하임",
      "content": "……助手？"
    },
    {
      "id": 93,
      "model": "후디히스",
      "content": "喂，都太吵了！别说废话快进去！"
    }
  ]
}