{
  "dataList": [
    {
      "id": 0,
      "place": "LCE研究部 实验楼",
      "model": "후디히스",
      "content": "那个，呃……最开始是……"
    },
    {
      "id": 1,
      "content": "不知什么时候，希斯克利夫一边翻动着纸张，一边念了起来。"
    },
    {
      "id": 2,
      "content": "……多么陌生的景象。"
    },
    {
      "id": 3,
      "model": "후디히스",
      "content": "你，还有你！进去。"
    },
    {
      "id": 4,
      "content": "助手希斯克利夫指着的是鸿璐和辛克莱。"
    },
    {
      "id": 5,
      "model": "호엔하임",
      "content": "喂、喂。听得清楚吗？"
    },
    {
      "id": 6,
      "model": "호엔하임",
      "content": "正如各位所知，罪种是连扭曲都无法成为的个体。"
    },
    {
      "id": 7,
      "model": "싱클레어",
      "content": "……"
    },
    {
      "id": 8,
      "model": "홍루",
      "content": "看起来我们又要和罪种战斗了呢。"
    },
    {
      "id": 9,
      "model": "싱클레어",
      "content": "啊，从刚才开始我就很在意……"
    },
    {
      "id": 10,
      "model": "싱클레어",
      "content": "这不就和毫无理由地杀人……差不多吗？"
    },
    {
      "id": 11,
      "model": "싱클레어",
      "content": "它们都被收容了，也就是说，它们并不会对任何人造成伤害……"
    },
    {
      "id": 12,
      "model": "후디히스",
      "content": "他怎么突然变得这么感性了？喂，到现在为止我们可是杀了无数那种家伙啊！"
    },
    {
      "id": 13,
      "model": "싱클레어",
      "content": "但那时是无可避免的任务情况，而且……"
    },
    {
      "id": 14,
      "model": "홍루",
      "content": "你认为为了生存而杀人，和为了杀人而杀人是不一样的吗？"
    },
    {
      "id": 15,
      "model": "싱클레어",
      "content": "……是。"
    },
    {
      "id": 16,
      "model": "호엔하임",
      "content": "……"
    },
    {
      "id": 17,
      "model": "호엔하임",
      "content": "我能理解。人类的记忆本来就注定是有限的。除了极少数的例外，大多数人连昨天的事情都很容易忘记。"
    },
    {
      "id": 18,
      "model": "호엔하임",
      "content": "但丁，你认为你现在领导的是哪些人呢？"
    },
    {
      "id": 19,
      "model": "호엔하임",
      "content": "鉴于可能产生沟通方面的误解，我提供几个选项。1，家人。2，朋友。3，同事。"
    },
    {
      "id": 20,
      "model": "단테",
      "content": "<嗯……最……最接近同事？>"
    },
    {
      "id": 21,
      "model": "홍루",
      "content": "他说“3，同事。”呢~"
    },
    {
      "id": 22,
      "content": "大概是听到了我们的对话，鸿璐贴在收容单元的玻璃上，举起了3这个数字。"
    },
    {
      "id": 23,
      "model": "호엔하임",
      "content": "错误。这本就是一个找出不在选项中的正确答案的题目。"
    },
    {
      "id": 24,
      "model": "호엔하임",
      "content": "正确答案是“罪人们”，不属于任何选项。"
    },
    {
      "id": 25,
      "model": "싱클레어",
      "content": "我知道，不过……"
    },
    {
      "id": 26,
      "model": "호엔하임",
      "content": "单纯地知道和接受它，是两个不同的问题。"
    },
    {
      "id": 27,
      "model": "호엔하임",
      "content": "当生活变得足够轻松，开始有些闲暇时，人们会忘记自己原本的位置。必须有人偶尔这样提醒他们。"
    },
    {
      "id": 28,
      "model": "호엔하임",
      "content": "被囚禁在边狱公司的人们，依然被锁链和脚镣束缚着。因此，他们自然没有拒绝的权利。"
    },
    {
      "id": 29,
      "model": "호엔하임",
      "content": "或者，这样考虑会更好。把这当作是任务的延续，这样或许能带来一丝安慰。"
    },
    {
      "id": 30,
      "model": "단테",
      "content": "<……>"
    },
    {
      "id": 31,
      "model": "단테",
      "content": "<虽然他们确实被称作罪人，但这种说法……>"
    },
    {
      "id": 32,
      "model": "파우스트",
      "content": "……"
    },
    {
      "id": 33,
      "model": "호엔하임",
      "content": "不需要翻译。看气氛，我大概可以猜到说了什么。"
    },
    {
      "id": 34,
      "model": "호엔하임",
      "content": "但丁，你也不是在没有任何条件的情况下与这里签订的合同吧？"
    },
    {
      "id": 35,
      "model": "호엔하임",
      "content": "你的记忆，你的头，以及你的过去。"
    },
    {
      "id": 36,
      "model": "호엔하임",
      "content": "你一定有很多想找到的东西。正因如此，你才能忍受担任经理的职责。"
    },
    {
      "id": 37,
      "model": "단테",
      "content": "<……>"
    },
    {
      "id": 38,
      "model": "호엔하임",
      "content": "换句话说，房间里没有任何人有权抱怨或拒绝。"
    },
    {
      "id": 39,
      "model": "단테",
      "content": "<浮士德，难道……>"
    },
    {
      "id": 40,
      "model": "파우스트",
      "content": "是的，他本就是这样。"
    },
    {
      "id": 41,
      "model": "이스마엘",
      "content": "那个，虽然我不该说，但你身边应该有不少人讨厌你吧？"
    },
    {
      "id": 42,
      "model": "호엔하임",
      "content": "越优秀的人，越容易树敌。好了，我们开始测试吧。积压的任务可不止一两件。"
    },
    {
      "id": 43,
      "model": "호엔하임",
      "content": "在战斗进行时，其他罪人只需观看这块玻璃窗上投影的罪种相关的展示。"
    },
    {
      "id": 44,
      "model": "호엔하임",
      "content": "这些内容是以大多数人的平均知识水平为基础准备的，如果你觉得它无聊或难懂，那么你可以认为自己的水平在平均以下。"
    },
    {
      "id": 45,
      "model": "후디히스",
      "content": "根本不难啊？我全都懂啊？"
    },
    {
      "id": 46,
      "model": "이스마엘",
      "content": "还没开始呢。"
    },
    {
      "id": 47,
      "model": "호엔하임",
      "content": "正如你们所知，罪种可以分为七种类别，你们至今所见的最高也不过是第三阶段。<size=80%>目前为止是这样……</size>"
    },
    {
      "id": 48,
      "model": "돈키호테",
      "content": "为何阁下要在话语末尾以听不清的低声加上“目前为止”这一句？"
    },
    {
      "id": 49,
      "model": "호엔하임",
      "content": "不错的指出。像我们这样的研究者，习惯不给任何事物设限。"
    },
    {
      "id": 50,
      "model": "그레고르",
      "content": "换句话说，只是尚未被观测到，但可能会出现超过第三阶段的情况，对吧？"
    },
    {
      "id": 51,
      "model": "호엔하임",
      "content": "确实如此。我们倾向于不设下那样随意的限制。"
    },
    {
      "id": 52,
      "model": "호엔하임",
      "content": "……总之，第一个罪种是红色的暴怒罪种。"
    },
    {
      "id": 53,
      "model": "호엔하임",
      "content": "火这种东西，一旦开始燃烧，就会一直燃烧下去，直到没有可以燃烧的东西为止。"
    },
    {
      "id": 54,
      "model": "홍루",
      "content": "也就是怒火中烧。字面意义上的。"
    },
    {
      "id": 55,
      "model": "홍루",
      "content": "这么一想，辛克莱先生有时也会表现出类似的情感呢？那时，你喊得连身体都动不了了。"
    },
    {
      "id": 56,
      "model": "싱클레어",
      "content": "……嗯。"
    },
    {
      "id": 57,
      "model": "싱클레어",
      "content": "反倒是鸿璐先生……好像从没见过你生气的样子呢。"
    },
    {
      "id": 58,
      "model": "홍루",
      "content": "啊哈……"
    },
    {
      "id": 59,
      "model": "홍루",
      "content": "如果明白了没有意义，火也就不会被点燃了呢。"
    },
    {
      "id": 60,
      "model": "싱클레어",
      "content": "啊……原来……是这样啊……！"
    },
    {
      "id": 61,
      "model": "싱클레어",
      "content": "无论希斯克利夫先生和奥提斯女士对我多么苛刻……"
    },
    {
      "id": 62,
      "model": "싱클레어",
      "content": "对那种事表达愤怒……是完全没有意义的……虽然“不小心”踩了希斯克利夫先生的脚时，我确实有点开心……"
    },
    {
      "id": 63,
      "model": "단테",
      "content": "<什……你们明白了什么……>"
    },
    {
      "id": 64,
      "model": "홍루",
      "content": "是的，正是如此。"
    }
  ]
}