{
  "dataList": [
    {
      "id": 0,
      "place": "LCE研究部 实验楼",
      "model": "후디히스",
      "content": "接下来……你们三个！进去！"
    },
    {
      "id": 1,
      "model": "그레고르",
      "content": "不用大喊大叫我们也听得见……"
    },
    {
      "id": 2,
      "model": "호엔하임",
      "content": "下一个罪种是怠惰。"
    },
    {
      "id": 3,
      "model": "호엔하임",
      "content": "岩石虽然坚硬，但也仅此而已。没有任何方向，只是静止在那里。我称之为惯性。"
    },
    {
      "model": "호엔하임",
      "content": "如果没人推动，它们就不会离开原地。还有什么能比这更怠惰呢？"
    },
    {
      "id": 4,
      "model": "파우스트",
      "content": "……"
    },
    {
      "id": 5,
      "model": "뫼르소",
      "content": "每天规律且重复的生活是高效的。"
    },
    {
      "id": 6,
      "model": "그레고르",
      "content": "呃……被夹在这两人中间，突然让我觉得自己非常懒惰而且无能。"
    },
    {
      "id": 7,
      "model": "파우스트",
      "content": "将浮士德作为比较对象并不合适。不仅仅是格里高尔先生，都市中大多数人都会被认为比浮士德更无能。"
    },
    {
      "id": 8,
      "model": "뫼르소",
      "content": "嗯。"
    },
    {
      "id": 9,
      "model": "그레고르",
      "content": "……懒惰的部分先抛开不谈，但我要收回无能这句话。"
    },
    {
      "id": 10,
      "model": "그레고르",
      "content": "大家，看好了。我的手臂还没生锈呢。"
    },
    {
      "id": 11,
      "model": "뫼르소",
      "content": "先行冲进去是危险的。但，已经走了啊。"
    },
    {
      "id": 12,
      "model": "파우스트",
      "content": "……这场战斗似乎比预想的要困难。我们去帮忙吧。"
    }
  ]
}