{
  "dataList": [
    {
      "id": 0,
      "place": "LCE研究部 实验楼",
      "model": "호엔하임",
      "content": "接下来是暴食。"
    },
    {
      "id": 1,
      "model": "호엔하임",
      "content": "植物的根系在土壤之中生长挖掘，吸取养分。"
    },
    {
      "id": 2,
      "model": "호엔하임",
      "content": "关键在于，得到了养分却不满足于此。吸收的养分越多，根系就愈加宽阔发达。一切都是为了获取更多的养分。"
    },
    {
      "id": 3,
      "model": "후디히스",
      "content": "先等会。这是什么？"
    },
    {
      "id": 4,
      "content": "希斯克利夫又开始翻动手里的文件，翻过了几页后，向着霍恩海姆喊道。"
    },
    {
      "id": 5,
      "model": "후디히스",
      "content": "这样子一个个对付不同的罪种，得多久才能做完啊。就不能像把罪人配对测试一样，把不同的罪种也配对起来吗？"
    },
    {
      "id": 6,
      "model": "오티스",
      "content": "哈！这么快就露底了？竟然还问出如此简单的问题。"
    },
    {
      "id": 7,
      "model": "오티스",
      "content": "难道你不知道办每件事都有程序吗？我也不喜欢这一系列的流程，但如果是为了进行准确的检查，完全有必要忍耐。"
    },
    {
      "id": 8,
      "model": "호엔하임",
      "content": "嗯。这是个不错的提议。"
    },
    {
      "id": 9,
      "model": "오티스",
      "content": "……什么？"
    },
    {
      "id": 10,
      "model": "호엔하임",
      "content": "好吧，既然日程如此紧迫，看起来也没必要一个个去对付那些罪种了。就听从助手的意见吧。"
    },
    {
      "id": 11,
      "model": "후디히스",
      "content": "嗯，啊？真的？"
    },
    {
      "id": 12,
      "model": "단테",
      "content": "<明明是你自己提出来的，怎么还一副惊讶的样子……>"
    },
    {
      "id": 13,
      "model": "오티스",
      "content": "如果根本不需要一个个去应对，为什么一开始没有把它们配对？"
    },
    {
      "id": 14,
      "model": "알리사",
      "content": "因为分别对每种个体测试的准确度更高。"
    },
    {
      "id": 15,
      "model": "알리사",
      "content": "研究结果表明，如果多种个体一起进行测试，误差率会增加0.06%。"
    },
    {
      "id": 16,
      "model": "오티스",
      "content": "误差当然是越小越好。照原样进行下去不是更好吗？"
    },
    {
      "id": 17,
      "model": "후디히스",
      "content": "哎干，就别纠结那点了吧！"
    },
    {
      "id": 18,
      "model": "로쟈",
      "content": "好啦~奥提斯，算了算了。嗯？"
    },
    {
      "id": 19,
      "model": "오티스",
      "content": "啧。就因为这种掉以轻心的态度……"
    },
    {
      "id": 20,
      "model": "단테",
      "content": "<0.06%而已，应该没问题吧？>"
    },
    {
      "id": 21,
      "model": "오티스",
      "content": "……即使要承担些许误差，为了追求效率也是必要的决断。我遵从经理的判断。"
    },
    {
      "id": 22,
      "model": "후디히스",
      "content": "……"
    },
    {
      "id": 23,
      "model": "로쟈",
      "content": "……"
    },
    {
      "id": 24,
      "model": "호엔하임",
      "content": "那就一并讲解忧郁吧。"
    },
    {
      "id": 25,
      "model": "호엔하임",
      "content": "各位有没有潜入过深水里？单纯沉下去并不是难事。"
    },
    {
      "model": "호엔하임",
      "content": "但是……下潜得越深，就越难再浮上来。那种紧紧束缚全身的压迫感，还有无论怎么挣扎都抓不住任何东西的虚无感。这就是所谓的忧郁。"
    },
    {
      "id": 26,
      "model": "오티스",
      "content": "这家公司屈指可数的优点之一，就是不会让你有时间沉沦在那种情绪里，而是不断前进。正因如此，我对他们会履行合同多了几分信心。"
    },
    {
      "id": 27,
      "model": "로쟈",
      "content": "跟我可不一样呢~我上了巴士之后，还是感觉自己深陷在一片深不见底的泥沼里。当然，那也是我自己心甘情愿沉下去的。"
    },
    {
      "id": 28,
      "model": "오티스",
      "content": "……并非自愿的沉溺，只是还没找到浮上来的办法吧？"
    },
    {
      "id": 29,
      "model": "로쟈",
      "content": "哈哈……被一个不了解情况的人说这种话，还真是不舒服啊。"
    },
    {
      "id": 30,
      "model": "후디히스",
      "content": "……咳咳。那么，既然都准备好了，差不多该进去了吧？"
    },
    {
      "id": 31,
      "model": "호엔하임",
      "content": "助手，你也跟着一起进去吧。你也应该做检查的。"
    },
    {
      "id": 32,
      "model": "후디히스",
      "content": "啊？我也要？"
    },
    {
      "id": 33,
      "model": "후디히스",
      "content": "好啊……一直动脑筋真有点费劲。赶紧把这事儿解决吧！"
    }
  ]
}