{
  "dataList": [
    {
      "id": 0,
      "place": "LCE研究部 实验楼",
      "model": "후디히스",
      "content": "什么嘛，没啥大不了的。那你俩进去！"
    },
    {
      "id": 1,
      "model": "이스마엘",
      "content": "和良秀小姐一起吗？啊……请多指教了。"
    },
    {
      "id": 2,
      "model": "료슈",
      "content": "希·换。"
    },
    {
      "id": 3,
      "model": "이스마엘",
      "content": "欸？"
    },
    {
      "id": 4,
      "model": "싱클레어",
      "content": "她、她说希望换个人……"
    },
    {
      "id": 5,
      "model": "이스마엘",
      "content": "不是，良秀小姐你为什么也这么说啊？"
    },
    {
      "id": 6,
      "model": "료슈",
      "content": "哼。我对你那钝鱼叉不感兴趣。"
    },
    {
      "id": 7,
      "model": "료슈",
      "content": "现在的鱼叉连那瘦家伙都没法刺穿吧。"
    },
    {
      "id": 8,
      "model": "단테",
      "content": "<霍恩海姆的话……还是很容易就能刺穿的吧。>"
    },
    {
      "id": 9,
      "model": "료슈",
      "content": "哼。还不如重看一次那个血魔的战斗呢。"
    },
    {
      "id": 10,
      "model": "돈키호테",
      "content": "是、是在说吾吗？那个……呃……有些许困扰啊……"
    },
    {
      "id": 11,
      "model": "후디히스",
      "content": "她说想要换人，可以吗？"
    },
    {
      "id": 12,
      "model": "호엔하임",
      "content": "当然不行。"
    },
    {
      "id": 13,
      "model": "후디히스",
      "content": "听到了吗？总之进去吧。"
    },
    {
      "id": 14,
      "model": "료슈",
      "content": "啧。"
    },
    {
      "id": 15,
      "model": "이스마엘",
      "content": "嘛，虽然鱼叉确实没有打磨得像以前那样锋利了……我也不否认自己收敛了锐气。"
    },
    {
      "id": 16,
      "model": "이스마엘",
      "content": "但既然我们同乘一条船，我就不打算拖后腿。必要的时候，我总是会做好将鱼叉打磨锋利的准备。"
    },
    {
      "id": 17,
      "model": "료슈",
      "content": "……哼。"
    },
    {
      "id": 18,
      "model": "료슈",
      "content": "……一旦你在战斗中出丑，我就立马换人。"
    },
    {
      "id": 19,
      "model": "후디히스",
      "content": "都说了吧，不能换人的！"
    },
    {
      "id": 20,
      "model": "호엔하임",
      "content": "到傲慢罪种了吧。"
    },
    {
      "id": 21,
      "content": "霍恩海姆仿佛从刚刚开始，就对罪人们的争吵充耳不闻，而是淡淡地告知了他们下一个步骤。"
    },
    {
      "id": 22,
      "model": "호엔하임",
      "content": "车轮是技术的象征，也是人类试图前进的方向本身。车轮傲慢地追求着连自然都未能产生的完美的圆，无尽地转动着。"
    },
    {
      "id": 23,
      "model": "파우스트",
      "content": "因此，即使其撕扯肉块、碾过草地……它也毫不在乎。"
    },
    {
      "id": 24,
      "model": "이스마엘",
      "content": "那个……与其说是傲慢，不如说是自信吧？没有什么事是呆在原地就能完成的吧。"
    },
    {
      "id": 25,
      "model": "호엔하임",
      "content": "傲慢也是一种过度自信。特别是那些走在所有人前面的人，或者是未曾失败过的人，容易变得傲慢。"
    },
    {
      "id": 26,
      "model": "이스마엘",
      "content": "哈啊，就像是霍恩海姆先生一样的人吧？"
    },
    {
      "id": 27,
      "model": "호엔하임",
      "content": "……嘛，也有这种看法吧。下一个是色欲。"
    },
    {
      "id": 28,
      "model": "단테",
      "content": "<很自然地转移了话题呢……>"
    },
    {
      "id": 29,
      "model": "호엔하임",
      "content": "色欲比起它原本的意思，不如说是……没错，想要大规模传播构成自己的东西，可能接近于繁殖欲望。"
    },
    {
      "id": 30,
      "model": "호엔하임",
      "content": "当然，这个概念并非仅限于此。仅从词语本身的意思解释，容易被对肉体的理解所束缚……"
    },
    {
      "id": 31,
      "model": "이상",
      "content": "想要分享自己的知识、想要共享自己的想法、想要自己的某些东西被众人所认可。你是在说，这些也是色欲的一种吗？"
    },
    {
      "id": 32,
      "model": "호엔하임",
      "content": "了不起。与智者的交流总是顺畅而有益的。"
    },
    {
      "id": 33,
      "model": "후디히스",
      "content": "……"
    },
    {
      "id": 34,
      "model": "이스마엘",
      "content": "希斯克利夫，老实承认吧。你完全听不懂他们在说什么吧？"
    },
    {
      "id": 35,
      "model": "료슈",
      "content": "不用特意去问也知道吧。"
    },
    {
      "id": 36,
      "model": "후디히스",
      "content": "……闭嘴，进去。"
    }
  ]
}