{
  "dataList": [
    {
      "id": 0,
      "place": "LCE研究部 实验楼",
      "model": "돈키호테",
      "content": "也就是说……现在仅剩李箱与吾未接受测试了吗？"
    },
    {
      "id": 1,
      "model": "이상",
      "content": "我们的对手应为嫉妒罪种。"
    },
    {
      "id": 2,
      "model": "호엔하임",
      "content": "大家应该都遇到过静电问题吧？"
    },
    {
      "id": 3,
      "model": "돈키호테",
      "content": "……唔。这与嫉妒有何关系？"
    },
    {
      "id": 4,
      "model": "호엔하임",
      "content": "若是谁曾体会过嫉妒的情绪，便会明白那种感受与静电的相似之处。"
    },
    {
      "id": 5,
      "model": "돈키호테",
      "content": "嗯……吾尚未解汝之意……"
    },
    {
      "id": 6,
      "model": "이상",
      "content": "啊，原来如此。"
    },
    {
      "id": 7,
      "model": "이상",
      "content": "较为浅显的解释是……堂吉诃德女士，你是否一直十分憧憬那些强大的特色收尾人？"
    },
    {
      "id": 8,
      "model": "돈키호테",
      "content": "没错，无人能及！"
    },
    {
      "id": 9,
      "model": "이상",
      "content": "那么……请想象你正于他们的签名会上排队，心中澎湃着期待。"
    },
    {
      "id": 10,
      "model": "돈키호테",
      "content": "唔哦哦哦……吾已身临其境！然后呢？！"
    },
    {
      "id": 11,
      "model": "이상",
      "content": "然而，在你即将收到签名之时，签名会却戛然而止。"
    },
    {
      "id": 12,
      "model": "돈키호테",
      "content": "为何命运与吾开如此玩笑？！"
    },
    {
      "id": 13,
      "model": "이상",
      "content": "此刻，你会对那在你之前，得到了最后的签名的那位粉丝抱有何种感情？"
    },
    {
      "id": 14,
      "model": "돈키호테",
      "content": "那当然是……吾将无比羡慕……心中刺痛不已……哦哦？！"
    },
    {
      "id": 15,
      "model": "호엔하임",
      "content": "你也真的……和我们是同一类人啊，都那么喜欢解释说明。"
    },
    {
      "id": 16,
      "model": "후디히스",
      "content": "那边的两个！差不多别扯了赶紧进去！"
    },
    {
      "id": 17,
      "model": "돈키호테",
      "content": "那、那吾等便即刻开始新的冒险！"
    },
    {
      "id": 18,
      "model": "이상",
      "content": "嗯。我将与你同行。"
    }
  ]
}