{
  "dataList": [
    {
      "id": 0,
      "content": "这次事件的起因是李箱不经意间的一句话。"
    },
    {
      "id": 1,
      "content": "最后的体检结束后不久……"
    },
    {
      "id": 2,
      "place": "LCE研究部 实验楼",
      "model": "마튼",
      "content": "请大家离开房间，里面要清理一下。"
    },
    {
      "id": 3,
      "model": "이상",
      "content": "啊，抱歉……堂吉诃德女士……"
    },
    {
      "id": 4,
      "model": "돈키호테",
      "content": "请再稍等片刻……！驽骍难得的鞋带松了……"
    },
    {
      "id": 5,
      "model": "이스마엘",
      "content": "什么……？之前我帮你系了七个结啊？"
    },
    {
      "id": 6,
      "model": "돈키호테",
      "content": "啊，那个……就吾之驽骍难得的装饰而言过于凶狠了……因此吾将一边重新绑成了蝴蝶结的模样！"
    },
    {
      "id": 7,
      "model": "로쟈",
      "content": "也是，那个是有点不太好看~蝴蝶结很可爱嘛。"
    },
    {
      "id": 8,
      "model": "이스마엘",
      "content": "唉……"
    },
    {
      "id": 9,
      "model": "이상",
      "content": "……我突然有些好奇……"
    },
    {
      "id": 10,
      "model": "이상",
      "content": "如今的堂吉诃德女士若是脱下驽骍难得会如何？"
    },
    {
      "id": 11,
      "model": "돈키호테",
      "content": "嗯？何出此言，驽骍难得乃吾永远之爱马，命运与共之伙伴！无人能将吾等分开！"
    },
    {
      "id": 12,
      "model": "이상",
      "content": "虽然我想问的是浮士德女士，但谢谢你的解答……"
    },
    {
      "id": 13,
      "content": "而浮士德的回答则点燃了导火索。"
    },
    {
      "id": 14,
      "model": "파우스트",
      "content": "我不知道。"
    },
    {
      "id": 15,
      "model": "로쟈",
      "content": "诶……？"
    },
    {
      "id": 16,
      "model": "파우스트",
      "content": "因为缺乏相关的数据，这是理所当然的结论。"
    },
    {
      "id": 17,
      "model": "로쟈",
      "content": "那么……现在确认一下不就好了！还有能比在这里的实验室更适合调查的机会吗？"
    },
    {
      "id": 18,
      "model": "파우스트",
      "content": "不推荐这么做。"
    },
    {
      "id": 19,
      "model": "이스마엘",
      "content": "没错，听说之前在那辆列车上脱下鞋子之后，不也是发生了很可怕的事情吗？"
    },
    {
      "id": 20,
      "model": "단테",
      "content": "<是啊……>"
    },
    {
      "id": 21,
      "model": "돈키호테",
      "content": "那是……！"
    },
    {
      "id": 22,
      "model": "돈키호테",
      "content": "违背了吾之意愿，出于不可避免的原因，驽骍难得自行脱下了！"
    },
    {
      "id": 23,
      "model": "이스마엘",
      "content": "嘛，半斤八两啦……"
    },
    {
      "id": 24,
      "model": "호엔하임",
      "content": "嗯，我已经知道那个人的鞋子就如同其核心一般重要了……"
    },
    {
      "id": 25,
      "model": "돈키호테",
      "content": "非也，勿将吾当作一具无用的空壳！"
    },
    {
      "id": 26,
      "model": "그레고르",
      "content": "暂时脱一下子应该没关系吧？"
    },
    {
      "id": 27,
      "model": "호엔하임",
      "content": "LCE部门需要准确的测试数据。"
    },
    {
      "id": 28,
      "model": "호엔하임",
      "content": "仅仅对“空壳”进行测试是毫无意义的。"
    },
    {
      "id": 29,
      "model": "돈키호테",
      "content": "……空……壳……！"
    },
    {
      "id": 30,
      "model": "파우스트",
      "content": "请不要故意挑衅，霍恩海姆。关于上次我们所经历的事件，您尚未接到明确的报告。"
    },
    {
      "id": 31,
      "model": "파우스트",
      "content": "这意味着可能会发生出乎意料的突发情况。"
    },
    {
      "id": 32,
      "model": "호엔하임",
      "content": "我的实验室建得可坚固了。"
    },
    {
      "id": 33,
      "model": "호엔하임",
      "content": "一般的异想体都难以破坏。"
    },
    {
      "id": 34,
      "model": "호엔하임",
      "content": "我不会强迫你，但如果你不愿意脱鞋，那就只能在研究日志上如此记录："
    },
    {
      "id": 35,
      "model": "호엔하임",
      "content": "“由于该罪人对脱鞋表示极度恐惧，因此只能十分遗憾地将不完整的测试结果记录在研究日志中……”"
    },
    {
      "id": 36,
      "model": "돈키호테",
      "content": "恐惧……？恐惧……？！"
    },
    {
      "id": 37,
      "model": "호엔하임",
      "content": "顺便一提，研究日志的保管期限是……"
    },
    {
      "id": 38,
      "model": "알리사",
      "content": "至少十年。"
    },
    {
      "id": 39,
      "model": "호엔하임",
      "content": "没错，你胆小鬼的记录将至少保留十年。"
    },
    {
      "id": 40,
      "model": "돈키호테",
      "content": "……"
    },
    {
      "id": 41,
      "model": "마튼",
      "content": "结果值N/A……原因……受试者因恐惧而不敢参与。"
    },
    {
      "id": 42,
      "model": "돈키호테",
      "content": "吾细细思虑过后……认为驽骍难得也需要一些休息时间。"
    },
    {
      "id": 43,
      "model": "돈키호테",
      "content": "并且，吾要展示给大家看。堂吉诃德就算没有了驽骍难得的帮助，她的内心深处依然是堂吉诃德！"
    },
    {
      "id": 44,
      "model": "단테",
      "content": "<浮士德，这样真的没问题吗……？>"
    },
    {
      "id": 45,
      "model": "파우스트",
      "content": "霍恩海姆……如果你有一天被边狱公司开除了，我认为其中原因应该是你那不负责任的好奇心。"
    },
    {
      "id": 46,
      "content": "听起来不妙啊……"
    },
    {
      "id": 47,
      "model": "호엔하임",
      "content": "这是作为研究者最大的荣幸。"
    },
    {
      "id": 48,
      "model": "로쟈",
      "content": "万一发生了什么事，李箱会马上给你穿上鞋子的。"
    },
    {
      "id": 49,
      "model": "이상",
      "content": "我已在准备中……"
    },
    {
      "id": 50,
      "model": "돈키호테",
      "content": "大家别用这么期待的眼神看着吾嘛，吾会和平时别无二致的……！"
    },
    {
      "id": 51,
      "content": "堂吉诃德气冲冲地开始解开鞋带。"
    },
    {
      "id": 52,
      "model": "돈키호테",
      "content": "……"
    },
    {
      "id": 53,
      "model": "돈키호테",
      "content": "唔嗯，七重结……果然很难解开……以实玛利，为何要系得如此结实呢？"
    },
    {
      "id": 54,
      "model": "이스마엘",
      "content": "因为我希望它们再也不要被解开了……"
    },
    {
      "id": 55,
      "model": "돈키호테",
      "content": "这样啊……来……好了。驽骍难得啊，先休息一下吧……"
    },
    {
      "id": 56,
      "model": "돈키호테",
      "content": "现在吾……"
    },
    {
      "id": 57,
      "place": -1,
      "model": "돈키호테",
      "content": "……"
    },
    {
      "id": 58,
      "content": "我也是，罪人们也是。虽然内心有些不安……但并未激烈地阻止实验。"
    },
    {
      "id": 59,
      "content": "是因为无论在WARP列车上还是在拉·曼却领中，脱下了驽骍难得的堂吉诃德都没有失去理性吗？"
    },
    {
      "id": 60,
      "content": "抑或是认为现在的驽骍难得……只不过是为了掩盖血魔特征的工具，并不会对接受了自己是桑丘的堂吉诃德产生多少影响呢。"
    },
    {
      "id": 61,
      "content": "无论是哪一个理由，都无法掩盖我们心中的那一抹不安。"
    },
    {
      "id": 62,
      "content": "直接面对作为二代眷属的堂吉诃德……桑丘，并亲身体验过其危险性的，并不是这些研究者们……"
    },
    {
      "id": 63,
      "content": "而是我们。"
    },
    {
      "id": 64,
      "content": "<color=#cc2424>母亲……</color>"
    },
    {
      "id": 65,
      "model": "혈귀목소리",
      "content": "<color=#cc2424>母亲……</color>"
    },
    {
      "id": 66,
      "model": "혈귀목소리",
      "content": "<color=#cc2424>我们仍在不断死去。</color>"
    },
    {
      "id": 67,
      "model": "혈귀목소리",
      "content": "<color=#cc2424>请满足我们吧……！</color>"
    },
    {
      "id": 68,
      "model": "혈귀목소리",
      "content": "<color=#cc2424>请您用人类的血……人类的血……</color>"
    },
    {
      "id": 69,
      "place": "LCE研究部 实验楼",
      "model": "단테",
      "content": "<呜……>"
    },
    {
      "id": 70,
      "content": "无数呐喊的声音在脑海中回响着。"
    },
    {
      "id": 71,
      "content": "这是他所怀抱过的所有子嗣的声音……"
    },
    {
      "id": 72,
      "content": "同时，也许是从成为血魔的那一刻起就已铭刻的本能。"
    },
    {
      "id": 73,
      "content": "“传播这种疾病，不断渴求血液，创造出更多的家人。”"
    },
    {
      "id": 74,
      "content": "那些呼喊、渴望、愿想。"
    },
    {
      "id": 75,
      "content": "此刻，所有存在于过去的眷属们……"
    },
    {
      "id": 76,
      "content": "跪在堂吉诃德面前。"
    },
    {
      "id": 77,
      "place": -1,
      "model": "혈귀목소리",
      "content": "<color=#cc2424>啊啊……母亲。</color>"
    },
    {
      "id": 78,
      "model": "혈귀목소리",
      "content": "<color=#cc2424>位于您之下的我们……</color>"
    },
    {
      "id": 79,
      "model": "혈귀목소리",
      "content": "<color=#cc2424>究竟何时才能尽情地饮血呢……</color>"
    },
    {
      "id": 80,
      "place": "LCE研究部 实验楼",
      "model": "단테",
      "content": "<……必须饮血。>"
    },
    {
      "id": 81,
      "model": "단테",
      "content": "<家人们理应享用的所有血液……>"
    },
    {
      "id": 82,
      "model": "단테",
      "content": "<全部。由我。>"
    },
    {
      "id": 83,
      "model": "이스마엘",
      "content": "但丁？但丁，清醒点！"
    },
    {
      "id": 84,
      "model": "후디히스",
      "content": "这、这跟之前在那栋大楼里脑袋上的火烧起来的时候感觉很像啊？"
    },
    {
      "id": 85,
      "content": "……必须，必须振作起来才行……"
    },
    {
      "id": 86,
      "model": "단테",
      "content": "<干渴……>"
    },
    {
      "id": 87,
      "content": "我应该是感觉不到干渴的身体才对，在这里感到干渴也太奇怪了……！"
    },
    {
      "id": 88,
      "model": "단테",
      "content": "<哈、哈啊……现、现在没事了。>"
    },
    {
      "id": 89,
      "model": "파우스트",
      "content": "……你看到了什么，但丁。"
    },
    {
      "id": 90,
      "model": "단테",
      "content": "<……要让堂吉诃德恢复正常，就必须想办法平息她的干渴。>"
    },
    {
      "id": 91,
      "model": "단테",
      "content": "<要平息所有眷属的干渴……与欲求……>"
    },
    {
      "id": 92,
      "model": "그레고르",
      "content": "不好了。这里有没有多余的血？至少让她先喝点那个——"
    },
    {
      "id": 93,
      "model": "마튼",
      "content": "啊，我们有一些备用的血液样品。你们需要吗？"
    },
    {
      "id": 94,
      "model": "오티스",
      "content": "该死……你把执行经理的话当耳旁风了吗！所有的干渴都涌上来了，就凭这里的几个血液样本怎么可能解决……"
    },
    {
      "id": 95,
      "model": "싱클레어",
      "content": "总得想办法阻止一下！总比什么都不做要好……"
    },
    {
      "id": 96,
      "model": "후디히스",
      "content": "只要让她再穿上鞋子不就行了吗？！"
    },
    {
      "id": 97,
      "model": "그레고르",
      "content": "那个，李箱先生！鞋子！穿上鞋子！"
    },
    {
      "id": 98,
      "model": "이상",
      "content": "我做不到！有种奇异的压力让我根本无法靠近！"
    },
    {
      "id": 99,
      "model": "료슈",
      "content": "呼……这烟挺高级的。味道很好。"
    },
    {
      "id": 100,
      "model": "알리사",
      "content": "上、上次用奖金买的高级香烟……"
    },
    {
      "id": 101,
      "model": "호엔하임",
      "content": "真厉害啊。明明还处于饥饿状态，居然能记录下这种数值……"
    },
    {
      "id": 102,
      "model": "후디히스",
      "content": "什么，你……是知道会变成这样所以才怂恿她的吗？"
    },
    {
      "id": 103,
      "model": "호엔하임",
      "content": "我预想过很多结果，其中也有类似的预测……但我没想到会发展成这样的事态。"
    },
    {
      "id": 104,
      "model": "후디히스",
      "content": "那你怎么还这么沉着冷静？！那家伙要怎么办？！你又没跟她打过架！"
    },
    {
      "id": 105,
      "model": "호엔하임",
      "content": "咋咋呼呼的又能有什么意义？如果出现了意料之外的结果，就先进行资料分析，之后再惊讶也不迟。"
    },
    {
      "id": 106,
      "model": "호엔하임",
      "content": "但是……"
    },
    {
      "id": 107,
      "model": "호엔하임",
      "content": "就这样实施收容措施可不算是解决办法。最后还是得由你们来阻止吧？"
    },
    {
      "id": 108,
      "model": "파우스트",
      "content": "……"
    },
    {
      "id": 109,
      "model": "파우스트",
      "content": "是为好奇心支付代价的时候了。"
    }
  ]
}