{
  "dataList": [
    {
      "id": 0,
      "model": "산초",
      "teller": "堂吉诃德？",
      "title": "？？？",
      "content": "我……"
    },
    {
      "id": 1,
      "model": "산초",
      "teller": "堂吉诃德？",
      "title": "？？？",
      "content": "必须成为大家的……母亲……家人们的……干渴……"
    },
    {
      "id": 2,
      "model": "베르길리우스3",
      "content": "不。在这里你无需成为任何人的母亲……"
    },
    {
      "id": 3,
      "model": "베르길리우스3",
      "content": "你只是一名罪人。"
    }
  ]
}