{
  "dataList": [
    {
      "id": 0,
      "place": "LCE研究部 实验楼",
      "model": "다친베르길리우스",
      "content": "这次事件我不会追究任何人，但丁。"
    },
    {
      "id": 1,
      "model": "단테",
      "content": "<……>"
    },
    {
      "id": 2,
      "model": "다친베르길리우스",
      "content": "因为对于曾经的一代眷属留给3号罪人堂吉诃德的，名为驽骍难得的抑制器的信息收集得过于贫乏……"
    },
    {
      "id": 3,
      "model": "다친베르길리우스",
      "content": "公司也无法进行正确的预测吧。"
    },
    {
      "id": 4,
      "model": "다친베르길리우스",
      "content": "……那么。"
    },
    {
      "id": 5,
      "content": "虽然并没有看过几次维吉里乌斯战斗的样子，但至少这次似乎是他看起来最累的一次……"
    },
    {
      "id": 6,
      "content": "我老老实实地回拨了指针。"
    },
    {
      "id": 7,
      "content": "一段时间后……"
    },
    {
      "id": 8,
      "model": "돈키호테",
      "content": "……"
    },
    {
      "id": 9,
      "model": "단테",
      "content": "<堂吉诃德……你完全失去意识了吗？或者说记忆……>"
    },
    {
      "id": 10,
      "model": "돈키호테",
      "content": "经理老爷，吾之记忆……"
    },
    {
      "id": 11,
      "model": "돈키호테",
      "content": "毫无问题。"
    },
    {
      "id": 12,
      "model": "돈키호테",
      "content": "从吾脱下鞋起……就能听到声音。"
    },
    {
      "id": 13,
      "model": "단테",
      "content": "<……只是声音吗？>"
    },
    {
      "id": 14,
      "model": "돈키호테",
      "content": "……汝又一次看见了吾吗。"
    },
    {
      "id": 15,
      "model": "돈키호테",
      "content": "是啊，众多的声音。"
    },
    {
      "id": 16,
      "model": "이스마엘",
      "content": "声……声音吗？"
    },
    {
      "id": 17,
      "model": "돈키호테",
      "content": "是我的……家人们的声音。"
    },
    {
      "id": 18,
      "model": "싱클레어",
      "content": "但是……拉·曼却领的血魔们应该已经……"
    },
    {
      "id": 19,
      "content": "辛克莱小心翼翼地嘟哝着。"
    },
    {
      "id": 20,
      "content": "拉·曼却领崩溃时，其中的血魔们应该已经全部死亡了。"
    },
    {
      "id": 21,
      "content": "也就是说，身为堂吉诃德的下位眷属的血魔们大多已经死亡。"
    },
    {
      "id": 22,
      "model": "돈키호테",
      "content": "那是……事实，但是……虽然不知道怎么说明，但是那是我……记忆在血液里的声音。"
    },
    {
      "id": 23,
      "model": "돈키호테",
      "content": "那其中像是有我熟悉的声音，也有我曾经珍视之人的声音。"
    },
    {
      "id": 24,
      "model": "돈키호테",
      "content": "无关我的意志，父亲的位置成了我的。或许说我已经在那个位置了才对。"
    },
    {
      "id": 25,
      "model": "돈키호테",
      "content": "随后不仅是我……忍耐至今的干渴，连带着子嗣们的干渴……都一同袭来。"
    },
    {
      "id": 26,
      "model": "그레고르",
      "content": "干渴……"
    },
    {
      "id": 27,
      "model": "돈키호테",
      "content": "对，我也感到干渴。"
    },
    {
      "id": 28,
      "model": "돈키호테",
      "content": "身为血魔，这是当然的。"
    },
    {
      "id": 29,
      "model": "돈키호테",
      "content": "结果，我在无数的压力下失去了理智……"
    },
    {
      "id": 30,
      "model": "돈키호테",
      "content": "并非作为罪人堂吉诃德，而是作为上位眷属之血魔……作为堂吉诃德，伤害了汝等。"
    },
    {
      "id": 31,
      "model": "싱클레어",
      "content": "堂吉诃德小姐，这……不是你的错……"
    },
    {
      "id": 32,
      "model": "돈키호테",
      "content": "不，这种说辞已经没有了意义……"
    },
    {
      "id": 33,
      "content": "堂吉诃德静静地低头看着已经彻底系好的自己的鞋子。"
    },
    {
      "id": 34,
      "model": "호엔하임",
      "content": "上层预计定期为你提供人工血包。"
    },
    {
      "id": 35,
      "content": "正在这时，远处在写着什么的霍恩海姆静静地走过来。"
    },
    {
      "id": 36,
      "model": "호엔하임",
      "content": "成分和普通的血液几乎没有差别……供给方面也不会有问题。"
    },
    {
      "id": 37,
      "model": "돈키호테",
      "content": "……"
    },
    {
      "id": 38,
      "model": "호엔하임",
      "content": "你该不会觉得不摄取血液，仅凭意志就能抑制你的冲动吧。"
    },
    {
      "id": 39,
      "model": "돈키호테",
      "content": "……实际上，吾至今都完美忍耐住了。"
    },
    {
      "id": 40,
      "model": "호엔하임",
      "content": "没错。并且这总有一天也可能成为点燃与LCB对峙的大型炸弹的引线。"
    },
    {
      "id": 41,
      "model": "호엔하임",
      "content": "正如你今天尝试的那样，那个抑制器能被多么轻易地取下。"
    },
    {
      "id": 42,
      "model": "파우스트",
      "content": "你是为了消除隐患而强行进行实验吗，霍恩海姆。"
    },
    {
      "id": 43,
      "model": "후디히스",
      "content": "比起那个，感觉这家伙更像是单纯地想要解决疑问……"
    },
    {
      "id": 44,
      "model": "호엔하임",
      "content": "只是时机正好而已。早晚都会通过相似的方式排除隐患的。如果我掌握了这种危险要素，那么或许会申请强制传唤。"
    },
    {
      "id": 45,
      "model": "호엔하임",
      "content": "反之，正因为知之甚少才能获得更多的信息。"
    },
    {
      "id": 46,
      "model": "돈키호테",
      "content": "……"
    },
    {
      "id": 47,
      "model": "호엔하임",
      "content": "将关于血魔的报告与本次实验结果对照，可以进行数个分析。"
    },
    {
      "id": 48,
      "model": "호엔하임",
      "content": "例如，你所体验到的混杂着全体下位眷属欲求的干渴。"
    },
    {
      "id": 49,
      "model": "호엔하임",
      "content": "的确，在拉·曼却领一事中，家族中的所有眷属都迎来死亡时，你应当也听到了子嗣们的声音吧。"
    },
    {
      "id": 50,
      "model": "돈키호테",
      "content": "……你想说什么？"
    },
    {
      "id": 51,
      "model": "호엔하임",
      "content": "寄宿在“血”里的强大拘束力。"
    },
    {
      "id": 52,
      "model": "호엔하임",
      "content": "根据LCD的协助报告所示，血液并非单纯的营养来源，而是某种包含了无形的价值的事物。"
    },
    {
      "id": 53,
      "model": "호엔하임",
      "content": "本以为只是一份模棱两可的报告，但在那边被叫做现场推理队长的家伙说出来的内容又更是令人惊讶。"
    },
    {
      "id": 54,
      "model": "호엔하임",
      "content": "他们的欲求……也就是干渴，可以说是溶解镌刻在了家族血液中。独自一人背负过于沉重，普通情况下就会通过增加家人来分担这份重担……"
    },
    {
      "id": 55,
      "model": "호엔하임",
      "content": "当家族血脉中只剩下一人存活时，原本分散的事物被聚集回一点，那么也许就很难保持理智了。"
    },
    {
      "id": 56,
      "model": "호엔하임",
      "content": "必须重振家族的责任、压力、义务……"
    },
    {
      "id": 57,
      "model": "호엔하임",
      "content": "而那些又无法向任何方向升华，只是变为不断加剧的干渴、干渴、干渴……"
    },
    {
      "id": 58,
      "model": "호엔하임",
      "content": "那种无形的价值对你们血魔而言是以血来保存的，真是令人惊讶。"
    },
    {
      "id": 59,
      "model": "호엔하임",
      "content": "仅仅用干渴一词是不能引发这等现象的。这点是我的失误。"
    },
    {
      "id": 60,
      "model": "돈키호테",
      "content": "……"
    },
    {
      "id": 61,
      "model": "호엔하임",
      "content": "我尊重你想要克服本能的努力。但还是推荐你以后不要疏于摄取提供的血包。"
    },
    {
      "id": 62,
      "model": "돈키호테",
      "content": "……知道了。"
    },
    {
      "id": 63,
      "model": "돈키호테",
      "content": "但是……总有一天……吾想从驽骍难得上下来……"
    },
    {
      "id": 64,
      "model": "돈키호테",
      "content": "双脚踏在地面上行走……"
    },
    {
      "id": 65,
      "model": "호엔하임",
      "content": "不过我能从中确定一个积极的事实。"
    },
    {
      "id": 66,
      "model": "돈키호테",
      "content": "是什么……"
    },
    {
      "id": 67,
      "model": "호엔하임",
      "content": "即使你想脱下鞋子，也会有至死，甚至死后也要阻止你的人。"
    },
    {
      "id": 68,
      "model": "호엔하임",
      "content": "换言之，没有需要其他部门单独控制你的必要。"
    },
    {
      "id": 69,
      "model": "돈키호테",
      "content": "……"
    },
    {
      "id": 70,
      "model": "호엔하임",
      "content": "这是我亲眼所见的事实，报告上就这么写吧。"
    },
    {
      "id": 71,
      "model": "호엔하임",
      "content": "虽然仍处于不稳定状态……但是凭借其本人的努力，以及周围环境的协助……完全可以控制。"
    },
    {
      "id": 72,
      "model": "호엔하임",
      "content": "再次强调，我尊重你的努力。"
    },
    {
      "id": 73,
      "model": "호엔하임",
      "content": "因为我从来没有尝试过。"
    },
    {
      "id": 74,
      "model": "돈키호테",
      "content": "……"
    },
    {
      "id": 75,
      "content": "堂吉诃德稍微调整了呼吸，随后又一次以平和的眼神站在罪人们面前。"
    },
    {
      "id": 76,
      "content": "不过，也许是她还有些低落……语气让我想起在拉·曼却领的时候。"
    },
    {
      "id": 77,
      "model": "돈키호테",
      "content": "诸位，抱歉。此后吾会努力……避免把驽骍难得……这双鞋脱下来。"
    },
    {
      "id": 78,
      "model": "후디히스",
      "content": "喂，你的重点错了。"
    },
    {
      "id": 79,
      "model": "후디히스",
      "content": "应该是总有一天要努力脱下那双黄色运动鞋才对。"
    },
    {
      "id": 80,
      "model": "돈키호테",
      "content": "……"
    },
    {
      "id": 81,
      "model": "돈키호테",
      "content": "没错。"
    },
    {
      "id": 82,
      "content": "她轻轻地，浅笑了一声。"
    },
    {
      "id": 83,
      "model": "돈키호테",
      "content": "说起来，经理老爷。"
    },
    {
      "id": 84,
      "model": "돈키호테",
      "content": "汝莫非，有何事瞒着吾吗？"
    },
    {
      "id": 85,
      "model": "단테",
      "content": "<什、什么事？>"
    },
    {
      "id": 86,
      "model": "돈키호테",
      "content": "……"
    },
    {
      "id": 87,
      "model": "단테",
      "content": "<应该……没有吧。>"
    },
    {
      "id": 88,
      "content": "浮士德和我的目光交汇并不是偶然。"
    },
    {
      "id": 89,
      "content": "尽管不知道这个选择是否正确……"
    },
    {
      "id": 90,
      "content": "浮士德像是在说干得好一样轻轻点头，我也不再发出滴答声。"
    },
    {
      "id": 91,
      "model": "돈키호테",
      "content": "嗯……那样便好。"
    },
    {
      "id": 92,
      "model": "단테",
      "content": "<……>"
    },
    {
      "id": 93,
      "content": "只是，看着仿佛无事发生一样回头的堂吉诃德的背影……我内心的不安难以消散。"
    }
  ]
}