{
  "dataList": [
    {
      "id": 0,
      "place": "LCE研究部 实验楼",
      "model": "호엔하임",
      "content": "似乎已经结束了，各位罪人到这里集合吧。"
    },
    {
      "id": 1,
      "content": "霍恩海姆让罪人们排成一排，开口说道。"
    },
    {
      "id": 2,
      "model": "호엔하임",
      "content": "现在，体检全部结束了。"
    },
    {
      "id": 3,
      "model": "호엔하임",
      "content": "这样就可以将各位入职前的数据，与现在的状态有效地进行比较了。"
    },
    {
      "id": 4,
      "model": "그레고르",
      "content": "也就是说终于……"
    },
    {
      "id": 5,
      "model": "호엔하임",
      "content": "没错，我们连各位入职前的战斗能力数值都能测定出来了。"
    },
    {
      "id": 6,
      "model": "오티스",
      "content": "哦吼……结果如何？"
    },
    {
      "id": 7,
      "model": "호엔하임",
      "content": "我先说清楚，排列这些没什么意义。如各位所知，你们的状态其实都差不多……"
    },
    {
      "id": 8,
      "model": "후디히스",
      "content": "有意义吧！得搞清楚谁才是真正的大哥吧！"
    },
    {
      "id": 9,
      "model": "오티스",
      "content": "虽然只是假设，但万一有经理不在的时候，必须要确认谁才有资格去领导罪人们啊！"
    },
    {
      "id": 10,
      "model": "단테",
      "content": "<那……那种事都……>"
    },
    {
      "id": 11,
      "model": "료슈",
      "content": "我不听比我弱的人的话。"
    },
    {
      "id": 12,
      "model": "그레고르",
      "content": "嗯……让我第一个去做自我介绍，可能不是偶然的吧……"
    },
    {
      "id": 13,
      "content": "想要确认原本排名的强烈好奇心在罪人们中间扩散开来。"
    },
    {
      "id": 14,
      "model": "단테",
      "content": "<我……我也说不定在失忆以前……>"
    },
    {
      "id": 15,
      "model": "이스마엘",
      "content": "这可不是什么流行。"
    },
    {
      "id": 17,
      "model": "호엔하임",
      "content": "……无论何种团队，都难免有比较排名的欲望。"
    },
    {
      "id": 18,
      "model": "호엔하임",
      "content": "若这种欲望被错误地表达出来，就可能会导致类似学生时期偷吃别人的午餐之类的行为。仅仅是因为那人考得比自己要高。"
    },
    {
      "id": 19,
      "model": "로쟈",
      "content": "你这该不会是经验之谈吧……？"
    },
    {
      "id": 20,
      "model": "호엔하임",
      "content": "无论如何，我认为向诸位隐瞒测试结果是毫无意义的。"
    },
    {
      "id": 21,
      "model": "호엔하임",
      "content": "长篇大论解释起来太麻烦了，总之你们站位的顺序就是那个顺序。"
    },
    {
      "id": 23,
      "content": "一瞬间，排成一列的所有罪人都陷入了寂静……"
    },
    {
      "id": 24,
      "content": "所有的视线同时转向了排在队伍最前方的人。"
    },
    {
      "id": 25,
      "model": "이상",
      "content": "……"
    },
    {
      "id": 26,
      "content": "我可以断言，那一瞬间的寂静比我迄今为止所经历过的任何一次都要来得更为漫长与沉重。"
    },
    {
      "id": 27,
      "model": "이상",
      "content": "嗯嗯……"
    },
    {
      "id": 28,
      "model": "이상",
      "content": "尽管我已经努力隐藏自己了，但我还是希望你们能明白外表并不能代表一切。"
    },
    {
      "id": 29,
      "model": "이상",
      "content": "如果在我心中还存在富足的话……也许在今天的测试中，我能将它们展现出来。"
    },
    {
      "id": 30,
      "model": "이상",
      "content": "这就是我所要说明的……以上。"
    },
    {
      "id": 31,
      "model": "싱클레어",
      "content": "呃……李箱先生……"
    },
    {
      "id": 32,
      "model": "이상",
      "content": "我衷心希望你们有一天……也能如我一般插上翅膀。"
    },
    {
      "id": 33,
      "model": "싱클레어",
      "content": "李箱先生……那个……你好像把顺序看反了……"
    },
    {
      "id": 34,
      "model": "호엔하임",
      "content": "啊，这个顺序是顺着我视线的方向来排列的。"
    },
    {
      "id": 35,
      "model": "호엔하임",
      "content": "从这里看去，那个举着巨大骑枪的罪人才是队伍的首位。 "
    },
    {
      "id": 36,
      "model": "이상",
      "content": "……"
    },
    {
      "id": 37,
      "model": "싱클레어",
      "content": "刚刚你说的话很帅气呢。让我们……一起努力吧，李箱先生……"
    },
    {
      "id": 38,
      "model": "돈키호테",
      "content": "……"
    },
    {
      "id": 39,
      "model": "돈키호테",
      "content": "这、这真是……太难为情了……咳咳……被如此多热烈的目光所注视……"
    },
    {
      "id": 40,
      "model": "로쟈",
      "content": "不能说是热烈而应该说是担忧……吧？"
    },
    {
      "id": 41,
      "model": "돈키호테",
      "content": "……吾会注意的……"
    },
    {
      "id": 42,
      "content": "也许是因为先前的事件，没有罪人再对此次的结果提出异议。"
    },
    {
      "id": 43,
      "model": "오티스",
      "content": "我又思考了一下，以后我们最好还是……像以前一样把指挥权交给……以实玛利吧。"
    },
    {
      "id": 44,
      "content": "奥提斯咬着牙艰难地说道。"
    },
    {
      "id": 47,
      "model": "돈키호테",
      "content": "同意！吾也是比起队长更想作为队长的守卫或侍从！自古以来，这样的配角都更受欢迎。"
    },
    {
      "id": 50,
      "model": "호엔하임",
      "content": "很高兴看到你们和平地达成了一致。那么，让我们进入下一阶段吧。"
    },
    {
      "id": 51,
      "model": "그레고르",
      "content": "等一下……"
    },
    {
      "id": 52,
      "model": "그레고르",
      "content": "我们是不是都忽略掉了什么重要的事情？"
    },
    {
      "id": 53,
      "model": "로쟈",
      "content": "这个世界就是这样，只有第一和倒一会被记住，格雷格……我连自己是第几名都已经忘了……"
    },
    {
      "id": 54,
      "model": "그레고르",
      "content": "不，我说的不是那个……"
    },
    {
      "id": 55,
      "model": "그레고르",
      "content": "我根本没被放进那个排名里啊……"
    },
    {
      "id": 56,
      "model": "로쟈",
      "content": "哦，这样吗？"
    },
    {
      "id": 57,
      "model": "후디히스",
      "content": "有十二个人呢，干嘛要挨个追究排名呢。算了吧。"
    },
    {
      "id": 58,
      "model": "그레고르",
      "content": "不、就算这样……你也不能跟赶苍蝇似的把我赶走吧……"
    },
    {
      "id": 59,
      "model": "이스마엘",
      "content": "呃，大概和我或者希斯克利夫差不多吧。"
    },
    {
      "id": 60,
      "content": "以实玛利用完全失去兴趣的语气回答道。"
    },
    {
      "id": 61,
      "model": "호엔하임",
      "content": "啊，你就是那个长着奇怪的虫子手臂的罪人啊。"
    },
    {
      "id": 62,
      "model": "호엔하임",
      "content": "你只能用研究者最讨厌的那个单词来描述。"
    },
    {
      "id": 63,
      "model": "호엔하임",
      "content": "例外处理。"
    },
    {
      "id": 64,
      "model": "마튼",
      "content": "呃……"
    },
    {
      "id": 65,
      "model": "알리사",
      "content": "呃呃……"
    },
    {
      "id": 66,
      "model": "이상",
      "content": "呃呃呃唔……"
    },
    {
      "id": 67,
      "model": "파우스트",
      "content": "……"
    },
    {
      "id": 68,
      "model": "단테",
      "content": "<真的很讨厌啊……>"
    },
    {
      "id": 69,
      "model": "호엔하임",
      "content": "也就是说，你处于无法随意排名的特殊状态，所以没有包括在这个排序中。"
    },
    {
      "id": 70,
      "model": "호엔하임",
      "content": "暂且认为你处于潜藏着能力的状态。"
    },
    {
      "id": 71,
      "model": "그레고르",
      "content": "如……如果能正确地引出那所谓的潜藏能力，我也有成为第一的可能吗？"
    },
    {
      "id": 72,
      "model": "호엔하임",
      "content": "反过来说，也许会成为最后一名吧。毕竟是潜藏的能力啊。"
    },
    {
      "id": 73,
      "model": "이상",
      "content": "不必如此烦心，格里高尔。时机一到你自然就会明了。"
    },
    {
      "id": 74,
      "model": "그레고르",
      "content": "偏偏是被最后一名安慰了，真是无话可说啊……"
    }
  ]
}