{
  "dataList": [
    {
      "id": 0,
      "content": "一段时间后……"
    },
    {
      "id": 1,
      "place": "LCE研究部 实验楼",
      "model": "호엔하임",
      "content": "接下来要进行的是，关于编号的讨论。"
    },
    {
      "id": 2,
      "model": "호엔하임",
      "content": "扭曲也像异想体一样，经常伴随着确定危险等级的工作。你们制作的观察日志能派上用场。"
    },
    {
      "id": 3,
      "model": "호엔하임",
      "content": "我的研究员们很难……解析某些罪人的笔迹。"
    },
    {
      "id": 4,
      "model": "마튼",
      "content": "有一次，我们就一个字讨论了三小时。"
    },
    {
      "id": 5,
      "model": "후디히스",
      "content": "嘿……就连那个该死的家庭教师也放弃纠正我的字体了。"
    },
    {
      "id": 6,
      "content": "希斯克利夫骄傲地咧嘴一笑，摸了摸鼻梁。"
    },
    {
      "id": 7,
      "model": "호엔하임",
      "content": "你们一定都很清楚，目前的编号系统存在一个相当大的疏漏。"
    },
    {
      "id": 8,
      "model": "호엔하임",
      "content": "由于异想体是旧L公司的造物，我们的分类系统也沿用了他们的方法。"
    },
    {
      "id": 9,
      "model": "호엔하임",
      "content": "然而，旧L公司衡量危险等级的标准，是其能源生产量。"
    },
    {
      "id": 10,
      "model": "호엔하임",
      "content": "异想体的攻击性、出逃能力、受害规模越大，能源产量也越高，基于此进行测定……而不是以综合战斗力为标准。"
    },
    {
      "id": 11,
      "model": "호엔하임",
      "content": "这就是为什么尽管某些异想体可能会杀死多个更高级别的员工，也会被分配到相对较低的危险等级。"
    },
    {
      "id": 12,
      "model": "이스마엘",
      "content": "说到底，他们是一家能源公司。以能源作为分级标准是很自然的。"
    },
    {
      "id": 13,
      "model": "호엔하임",
      "content": "然而，在这里，异想体和扭曲都必须通过战斗才能镇压。因此，这与旧L公司制定的危险等级标准有很多不一致的地方。"
    },
    {
      "id": 14,
      "model": "로쟈",
      "content": "嗯，我之前好像听谁说过……光是开场白就这么长的话，得小心应对才行……"
    },
    {
      "id": 15,
      "model": "호엔하임",
      "content": "因此，有必要对扭曲的危险等级和编号重新进行整理。"
    },
    {
      "id": 16,
      "model": "홍루",
      "content": "哇，原来如此？所以谁会去做这件事情呢？"
    },
    {
      "id": 17,
      "model": "호엔하임",
      "content": "……这么天真地提出答案如此明显的问题，真是令人尴尬。"
    },
    {
      "id": 18,
      "model": "이스마엘",
      "content": "……就是说我们连“否决权”都没有的意思。"
    },
    {
      "id": 19,
      "model": "로쟈",
      "content": "慢着慢着~你们就这样以研究的名义把活丢给我们吗？"
    },
    {
      "id": 20,
      "model": "파우스트",
      "content": "这就是研究者的特权。"
    },
    {
      "id": 21,
      "model": "후디히스",
      "content": "喂、喂。不懂的家伙才会这么讲！"
    },
    {
      "id": 22,
      "model": "후디히스",
      "content": "这些都是为了……更好地解决扭曲，并将其研究……"
    },
    {
      "id": 23,
      "model": "호엔하임",
      "content": "<size=80%>说反了，助手。</size>"
    },
    {
      "id": 24,
      "model": "후디히스",
      "content": "啊……是为了更好地研究扭曲，并将其解决。反正就是得研究扭曲的意思！"
    },
    {
      "id": 25,
      "model": "이스마엘",
      "content": "霍恩海姆真是牵着他的鼻子走啊……"
    },
    {
      "id": 26,
      "model": "호엔하임",
      "content": "根据LCD现场推理队长的说法，扭曲的进程就如同疾病发展一样，分为早期、中期，以及晚期。"
    },
    {
      "id": 27,
      "model": "호엔하임",
      "content": "在扭曲现象的尽头，则是成为异想体的结局。"
    },
    {
      "id": 28,
      "model": "호엔하임",
      "content": "当扭曲发展为异想体时，其一切个性都将被抹除，转而被异想体的共性所取代。"
    },
    {
      "id": 29,
      "model": "파우스트",
      "content": "因此，我们无法逆转任何已经转变为异想体的扭曲。它们已经失去了在扭曲阶段所具有的可逆性。"
    },
    {
      "id": 30,
      "model": "그레고르",
      "content": "所以……若是不加干预，时间杀人魔那样的扭曲最终也会成为异想体对吧？"
    },
    {
      "id": 31,
      "model": "호엔하임",
      "content": "如果你是在指个体HE-6-PI-20-01的话，那么是的。"
    },
    {
      "id": 32,
      "model": "호엔하임",
      "content": "不过这些还只是推测。因为该个体并非被收容在这里，因此我无法确定其发展为异想体的必然性。"
    },
    {
      "id": 33,
      "model": "뫼르소",
      "content": "嗯。正确的评估。"
    },
    {
      "id": 34,
      "model": "홍루",
      "content": "噢？边狱公司没有收容时间杀人魔吗？"
    },
    {
      "id": 35,
      "model": "호엔하임",
      "content": "我希望有，但T公司非常坚持其对该实体的所有权，根本没有交涉的余地。我也对时间杀人魔的能力非常感兴趣……但可惜，事与愿违。"
    },
    {
      "id": 36,
      "model": "이스마엘",
      "content": "等等，所以那个HE……什么的，是新的编号格式吗？"
    },
    {
      "id": 37,
      "model": "호엔하임",
      "content": "当然。扭曲的起源是不稳定、不确定的实体，很难从其中观测到任何情报。因此，我们决定以其罪孽属性和伤害能力预期来进行评定。"
    },
    {
      "id": 38,
      "model": "파우스트",
      "content": "罪孽属性……“PI”，意为怠惰。"
    },
    {
      "id": 39,
      "model": "이상",
      "content": "就像罪种的分类那样。"
    },
    {
      "id": 40,
      "model": "호엔하임",
      "content": "严格来讲，它们同属于一个分支。这并非是某种模仿，确切的说，是因为罪种既是扭曲的源头，也是副产物，因此其属性会被继承。"
    },
    {
      "id": 41,
      "model": "료슈",
      "content": "那伤害能力预期呢？"
    },
    {
      "id": 42,
      "model": "이스마엘",
      "content": "战斗力……之类的。我印象中异想体的危险等级是通过脑啡肽产率而确定的，而这种分类对我们这种战斗人员没什么意义。"
    },
    {
      "id": 43,
      "model": "호엔하임",
      "content": "将战斗力数值化是一件很微妙的事情。实体强弱之分因人而异，因此线性的排名高低没有任何意义。"
    },
    {
      "id": 44,
      "model": "호엔하임",
      "content": "因此，我们将计算边狱公司员工在与其战斗时可能遭受的最大损失。"
    },
    {
      "id": 45,
      "model": "호엔하임",
      "content": "由于罪人的特殊性，时间杀人魔无法对你们构成太大威胁。但他却可以轻而易举地对那些LCC部门的人造成致命伤害。"
    },
    {
      "id": 46,
      "model": "호엔하임",
      "content": "因此，我们将其评定为1到10之间较高的6。当然，这并非是一种十全十美的评价体系，这些数值也仅供参考。"
    },
    {
      "id": 47,
      "model": "이상",
      "content": "这个标准也会被应用到异想体的分级当中吗？"
    },
    {
      "id": 48,
      "model": "호엔하임",
      "content": "是的。我们会把风险等级和伤害能力预期写在他们的分类编码之前。"
    },
    {
      "id": 49,
      "model": "호엔하임",
      "content": "说到这里，我有想给你们看的东西。"
    },
    {
      "id": 50,
      "model": "싱클레어",
      "content": "是……什么？"
    },
    {
      "id": 51,
      "model": "호엔하임",
      "content": "除了独石之外还能是什么呢？这是边狱公司的潜在价值最高的业务。"
    },
    {
      "id": 52,
      "model": "호엔하임",
      "content": "从这个角度来讲，独石的运输、管理以及各类流程规范确实是一项真正辉煌的成就。"
    },
    {
      "id": 53,
      "model": "이상",
      "content": "该实体的本质极其危险。我无法确定能否正确使用它……"
    },
    {
      "id": 54,
      "model": "호엔하임",
      "content": "极其危险？这里没什么事情是不危险的。"
    },
    {
      "id": 55,
      "model": "호엔하임",
      "content": "危险与否，终究取决于其程度。"
    },
    {
      "id": 56,
      "model": "호엔하임",
      "content": "而你也清楚，独石的作用是其可以强行引发扭曲。"
    },
    {
      "id": 57,
      "model": "호엔하임",
      "content": "这就像是散落在都市各地的金枝，独石最初仅由都市后巷中的手指和帮派掌控，而现在则被大大小小的公司所收集……就像疾病般蔓延。"
    },
    {
      "id": 58,
      "model": "마튼",
      "content": "我们现在也知道它是某些翼的高价值目标。"
    },
    {
      "id": 59,
      "model": "호엔하임",
      "content": "幸运的是，我们早在他们之前就开始回收并研究这些独石。因此，我们现在已经能够对其进行加工和出售，不断扩展我们的公司业务。"
    },
    {
      "id": 60,
      "model": "호엔하임",
      "content": "若是再晚一点，我们就会和翼产生利益冲突。如此侥幸。"
    },
    {
      "id": 61,
      "model": "호엔하임",
      "content": "真要是那样的话，我们现在就得跟翼正面对峙了。"
    },
    {
      "id": 62,
      "model": "단테",
      "content": "<……>"
    },
    {
      "id": 63,
      "model": "이스마엘",
      "content": "我只是好奇，如果我们被都市指定了灾害评级会怎么样？"
    },
    {
      "id": 64,
      "model": "로쟈",
      "content": "以实？我可不想知道这个问题的答案。"
    },
    {
      "id": 65,
      "model": "이스마엘",
      "content": "我是说……由于一些合同要求，我们可能会与协会为敌……到那时知道我们的评级是件很重要的事情。"
    },
    {
      "id": 66,
      "model": "오티스",
      "content": "……知道也无妨。"
    },
    {
      "id": 67,
      "model": "호엔하임",
      "content": "我看看。从传闻到都市之星……我觉得你们应该能被评为都市恶疾或者都市梦魇。"
    },
    {
      "id": 68,
      "model": "료슈",
      "content": "还不到都·星？"
    },
    {
      "id": 69,
      "model": "호엔하임",
      "content": "你们倒是似乎很想得到评级……嗯。"
    },
    {
      "id": 70,
      "model": "호엔하임",
      "content": "诚然，复活能力和人格技术的潜力都构成较大威胁。表面上看非常难缠。但……你们也有非常明显的弱点。"
    },
    {
      "id": 71,
      "model": "파우스트",
      "content": "是的。我们的任何优势都将随经理的死亡而一同消失。"
    },
    {
      "content": "霍恩海姆慢慢转过来看向我，浮士德和其他罪人也一同投来目光。"
    },
    {
      "id": 72,
      "model": "싱클레어",
      "content": "若是其被我们保护呢……？"
    },
    {
      "id": 73,
      "model": "호엔하임",
      "content": "你能如此乐观地想象你的敌人，还真是让我惊讶。"
    },
    {
      "id": 74,
      "model": "호엔하임",
      "content": "收尾人齐格飞和幼兄里卡多的事情暂且先按下不表。若是3号罪人突然以全力攻击经理……你们真的以为自己能保护其安全吗？"
    },
    {
      "id": 75,
      "model": "돈키호테",
      "content": "……"
    },
    {
      "id": 76,
      "model": "호엔하임",
      "content": "不能。只是，各位，他们不会。经理的存活是这世界的流向……"
    },
    {
      "id": 77,
      "model": "파우스트",
      "content": "说的够多了，霍恩海姆。再多说一句，浮士德就要和你讨论有关纪律问题了。"
    },
    {
      "id": 78,
      "model": "호엔하임",
      "content": "还没到？噢……好吧，你们有足够成为都市之星的潜力。但……你们最好还是不要获得灾害评级。"
    },
    {
      "id": 79,
      "model": "호엔하임",
      "content": "当然，还请各位不要忘记，这一切都建立在边狱公司持续提供支持的前提之上。"
    }
  ]
}