{
  "dataList": [
    {
      "id": 0,
      "place": "LCE研究部 实验楼",
      "model": "호엔하임",
      "content": "现在体检也进入最后的阶段了啊。"
    },
    {
      "id": 1,
      "model": "호엔하임",
      "content": "根据迄今为止传达的信息越过障碍……"
    },
    {
      "id": 2,
      "model": "호엔하임",
      "content": "这也是证明我的假设的机会。"
    },
    {
      "id": 3,
      "model": "단테",
      "content": "<什么假设？>"
    },
    {
      "id": 4,
      "model": "호엔하임",
      "content": "不必担心。我的假设从未出错，基本上。"
    },
    {
      "id": 5,
      "model": "호엔하임",
      "content": "本次的实验，是由我亲自设计并主导的。"
    },
    {
      "id": 6,
      "model": "호엔하임",
      "content": "也只不过是受研究者的好奇心与本能驱使罢了。"
    },
    {
      "id": 7,
      "model": "로쟈",
      "content": "这个人……说出来的话真令人不安……"
    },
    {
      "id": 8,
      "model": "호엔하임",
      "content": "看到在这儿的独石了吧？"
    },
    {
      "id": 9,
      "model": "이스마엘",
      "content": "看到了，清清楚楚……"
    },
    {
      "id": 10,
      "model": "호엔하임",
      "content": "啊，放心。操作是由研究员们负责的。"
    },
    {
      "id": 11,
      "model": "그레고르",
      "content": "要……要启动它吗？"
    },
    {
      "id": 12,
      "model": "호엔하임",
      "content": "不会对你用的，放轻松。"
    },
    {
      "id": 13,
      "model": "호엔하임",
      "content": "我也知道这个实验不会有志愿者。"
    },
    {
      "id": 14,
      "model": "이스마엘",
      "content": "难道，你要说我们连对这个实验的否决权都没有……如果你要扭曲我们其中任意一人的话。"
    },
    {
      "id": 15,
      "model": "후디히스",
      "content": "等等，就算我是你的助手，我也不会让你这么干的啊？"
    },
    {
      "id": 16,
      "model": "오티스",
      "content": "是的。但如果无论如何都要如此，可以把我们中最弱的罪人……"
    },
    {
      "id": 17,
      "model": "단테",
      "content": "<……>"
    },
    {
      "id": 18,
      "model": "오티스",
      "content": "嗯，没什么。是我失言了。"
    },
    {
      "id": 19,
      "model": "호엔하임",
      "content": "我自己来当实验对象。"
    },
    {
      "id": 20,
      "model": "오티스",
      "content": "你刚是说，要把自己……把自己变成扭曲？"
    },
    {
      "id": 21,
      "model": "호엔하임",
      "content": "你们不好奇吗？自己会变成怎样的扭曲，难道都不曾想象过吗？"
    },
    {
      "id": 22,
      "model": "후디히스",
      "content": "不，我一点也不好奇……这不是什么有趣的事情。"
    },
    {
      "id": 23,
      "model": "호엔하임",
      "content": "说话别那么咬牙切齿的，助手。养成习惯的话对牙齿很不好哦。"
    },
    {
      "id": 24,
      "model": "이스마엘",
      "content": "……假如你最终只变成了罪种该怎么办？"
    },
    {
      "id": 25,
      "model": "이스마엘",
      "content": "你要自己走向……可能变成就在刚才，我们为“测试”拼死奋战所打倒的那些罪种的路吗？"
    },
    {
      "id": 26,
      "model": "호엔하임",
      "content": "确实有这种可能。"
    },
    {
      "id": 27,
      "model": "호엔하임",
      "content": "要是真那样了，也只能说明我就这点水平了吧。"
    },
    {
      "id": 28,
      "model": "호엔하임",
      "content": "不过是个半吊子的空壳。"
    },
    {
      "id": 29,
      "model": "호엔하임",
      "content": "要是那样的话，这里的员工会把我转移到收容单元之类的地方。还会打赌我变成了哪种罪种。"
    },
    {
      "id": 30,
      "model": "마튼",
      "content": "组长赌是暴食，我赌是嫉妒，她赌是怠惰。"
    },
    {
      "id": 31,
      "model": "싱클레어",
      "content": "但无论如何……"
    },
    {
      "id": 32,
      "model": "호엔하임",
      "content": "这么想吧。我若是要变成罪种，那大概像是……输掉了概率游戏吧。"
    },
    {
      "id": 34,
      "model": "호엔하임",
      "content": "当然……“输掉”的定义取决于届时的我，不过……如果我仅仅只变成了罪种……"
    },
    {
      "id": 35,
      "model": "호엔하임",
      "content": "也就意味着我的人生毫无价值吧。"
    },
    {
      "id": 36,
      "content": "霍恩海姆的话……充满了一种并不能单单用对自己极为苛刻一词便能解释得通的感觉。"
    },
    {
      "id": 37,
      "model": "호엔하임",
      "content": "公司可能会把变成罪种的我转移到收容单元里去吧，但我有不同意见。那样的话我希望你们能立即在现场处理掉我。"
    },
    {
      "id": 38,
      "model": "호엔하임",
      "content": "我明白，我不是那种谁一见面就能喜欢上的人。跟各位的关系也没有特别好。所以这事应该不会有太大抵触吧。"
    },
    {
      "id": 39,
      "model": "호엔하임",
      "content": "但是，像小辛这样情感丰富的罪人可能会反感……"
    },
    {
      "id": 40,
      "model": "호엔하임",
      "content": "变成了罪种的话，也就相当于身为霍恩海姆的实体已经死了。因此，不必因为杀死他所产生的副产物罪种，而怀有不必要的负罪感。"
    },
    {
      "id": 41,
      "model": "파우스트",
      "content": "……"
    },
    {
      "id": 42,
      "model": "이스마엘",
      "content": "但如果……发生了预想之外的事情呢？"
    },
    {
      "id": 43,
      "model": "이스마엘",
      "content": "无论怎么说这都关乎人命，没有什么手册指南之类的东西吗……"
    },
    {
      "id": 44,
      "model": "호엔하임",
      "content": "很简单。二择一。成，或不成。"
    },
    {
      "id": 45,
      "model": "파우스트",
      "content": "你还在坚持那套荒唐的50:50理论吗。"
    },
    {
      "id": 46,
      "model": "호엔하임",
      "content": "我和大多数研究者不同，是一个想要玩弄数理统计学的人。"
    },
    {
      "id": 47,
      "model": "호엔하임",
      "content": "研究中是有浪漫存在的。比起伏案工作，通过实验获得尽可能多的实际案例样本更令人兴奋。"
    },
    {
      "id": 48,
      "model": "호엔하임",
      "content": "要是不成的话，立刻把我处理掉就好……之后的事情就由各个员工自行处理了。比如处理掉那件大衣口袋里的钥匙和柜子里放的文件……"
    },
    {
      "id": 49,
      "model": "알리사",
      "content": "好，我们记下了。"
    },
    {
      "id": 50,
      "model": "호엔하임",
      "content": "假如，我成功变成了扭曲，那么我们就成功了一半。"
    },
    {
      "id": 51,
      "model": "호엔하임",
      "content": "我都开始羡慕你们了。能够亲眼目睹我扭曲的结果。"
    },
    {
      "id": 52,
      "model": "이스마엘",
      "content": "哈啊……"
    },
    {
      "id": 53,
      "model": "호엔하임",
      "content": "如果，你们认真听了我至今为止的说明的话，那大概能够推测出我的扭曲以及与先前所说规则所对应的编号。"
    },
    {
      "id": 54,
      "model": "호엔하임",
      "content": "我不抱太大期待。因为我最近意识到大多数人点头不是因为他们明白我在说什么，不过是一种社交辞令而已。"
    },
    {
      "id": 55,
      "model": "마튼",
      "content": "……点头。"
    },
    {
      "id": 56,
      "model": "호엔하임",
      "content": "然后呢，在此的经理会开启通往我心象迷宫的入口。"
    },
    {
      "id": 57,
      "model": "호엔하임",
      "content": "之后……将通过镜像迷宫抵达我的最深处，就像迄今为止对付其他扭曲一样来对付变成扭曲的我。"
    },
    {
      "id": 58,
      "model": "호엔하임",
      "content": "希望你们能镇压我并将我带回。"
    },
    {
      "id": 59,
      "model": "료슈",
      "content": "嗯，四肢分离。"
    },
    {
      "id": 60,
      "model": "호엔하임",
      "content": "……如果成功做到这点，我可能会在心象迷宫外陷入昏迷状态，不过运气好的话很快就能恢复意识。"
    },
    {
      "id": 61,
      "model": "그레고르",
      "content": "昏迷状态？不是，那没问题吗？"
    },
    {
      "id": 62,
      "model": "호엔하임",
      "content": "据推测这可能因人而异。我并不知道需要多长时间才能恢复到原来的状态。"
    },
    {
      "id": 63,
      "model": "마튼",
      "content": "这么说来，你们曾对付过的金笠也是像那样恢复到原来的状态的。"
    },
    {
      "id": 64,
      "model": "오티스",
      "content": "金笠……他变回来了吗？"
    },
    {
      "id": 65,
      "model": "알리사",
      "content": "他在我们这安全地收容中呢。"
    },
    {
      "id": 66,
      "model": "호엔하임",
      "content": "啊，独石的启动已经准备完毕了。"
    },
    {
      "id": 67,
      "model": "호엔하임",
      "content": "我可以自信地说，我即使变成了扭曲也仍旧优秀出彩。"
    },
    {
      "id": 68,
      "model": "후디히스",
      "content": "等等，就这样而已吗？"
    },
    {
      "id": 69,
      "model": "홍루",
      "content": "看来没有变成罪种呢。"
    },
    {
      "id": 70,
      "model": "뒤틀린호엔하임",
      "content": "是啊……然后，这样……"
    },
    {
      "id": 71,
      "model": "뒤틀린호엔하임",
      "content": "我仍然能够听到他们的声音……"
    },
    {
      "id": 72,
      "model": "뒤틀린호엔하임",
      "content": "我还……记得。"
    },
    {
      "id": 73,
      "model": "마튼",
      "content": "我确信他能变回来，但……他的身体在剧烈摇晃。"
    },
    {
      "id": 74,
      "model": "단테",
      "content": "<……别担心，我们绝对会把他带回来的。>"
    },
    {
      "id": 75,
      "model": "파우스트",
      "content": "经理说绝对会把他带回来。"
    },
    {
      "id": 76,
      "model": "알리사",
      "content": "真令人放心。那么，这个就拜托了。"
    },
    {
      "id": 77,
      "model": "단테",
      "content": "<笔记本？上面写了什么对我们有帮助的东西吗？>"
    },
    {
      "id": 78,
      "model": "알리사",
      "content": "你可以在他面前读出写在上面的东西。他说那是一种……像密码之类的东西。"
    },
    {
      "id": 79,
      "model": "단테",
      "content": "<我说话的声音滴答滴答的……默尔索，能请你来读吗？>"
    },
    {
      "id": 80,
      "model": "뫼르소",
      "content": "遵从您的命令。"
    },
    {
      "id": 81,
      "content": "默尔索点点头接过纸，依次读出了那些意义不明的词语。"
    },
    {
      "id": 82,
      "model": "뫼르소",
      "content": "脑叶公司。5分钟。可能性。期待。右臂。"
    },
    {
      "id": 83,
      "content": "在默尔索读出这五个词语后。"
    },
    {
      "id": 84,
      "content": "就好像是开启大门的密码，扭曲的霍恩海姆周边开始出现熟悉的传送门。"
    },
    {
      "id": 85,
      "content": "透过闪动的帷幕般的空间，熟悉与陌生的景色断断续续地出现又消失。"
    },
    {
      "id": 86,
      "content": "在我们驻足凝视时，霍恩海姆已经进入了传送门中，虽身已不在，但声音仍在实验室内回响。"
    },
    {
      "id": 87,
      "model": "뒤틀린호엔하임",
      "content": "即便是我不想展现，也没人感兴趣的过去，也会在这里暴露出来吧。"
    },
    {
      "id": 88,
      "model": "뒤틀린호엔하임",
      "content": "我明白为了实验必须忍下这些。但是……"
    },
    {
      "id": 89,
      "place": -1,
      "model": "뒤틀린호엔하임",
      "content": "<color=#ffffa1>尽管如此，我也没有必要暴露所有细节。</color>"
    },
    {
      "id": 90,
      "place": "过去，脑叶公司支部？",
      "model": "뒤틀린호엔하임",
      "content": "<color=#ffffa1>反正……都已经过去了。</color>"
    }
  ]
}