{
  "dataList": [
    {
      "id": 0,
      "place": "过去，脑叶公司支部？",
      "model": "검열된직원",
      "content": "……"
    },
    {
      "id": 1,
      "model": "단테",
      "content": "<为什么这些人的样子……>"
    },
    {
      "id": 3,
      "model": "뒤틀린호엔하임",
      "content": "<color=#ffffa1>万幸，看样子我能自主控制部分审查内容。</color>"
    },
    {
      "id": 4,
      "model": "뒤틀린호엔하임",
      "content": "<color=#ffffa1>各位的目的是进行扭曲分类以及到达心象迷宫最深处，让我变回原状。</color>"
    },
    {
      "id": 5,
      "model": "뒤틀린호엔하임",
      "content": "<color=#ffffa1>而不是挖掘我的过去。</color>"
    },
    {
      "id": 7,
      "model": "그레고르",
      "content": "这里是……"
    },
    {
      "id": 8,
      "model": "이상",
      "content": "令人熟悉的……空间……"
    },
    {
      "id": 9,
      "model": "검열된직원",
      "content": "你……我们……"
    },
    {
      "id": 10,
      "model": "이상",
      "content": "他们想传达什么？"
    },
    {
      "id": 11,
      "model": "뒤틀린호엔하임",
      "content": "<color=#ffffa1>肯定很难进行正常的沟通吧。毕竟你们是在心象迷宫里。</color>"
    },
    {
      "id": 12,
      "model": "후디히스",
      "content": "不是，那你倒是想个办法啊！"
    },
    {
      "id": 13,
      "model": "뒤틀린호엔하임",
      "content": "<color=#ffffa1>很遗憾，如果能做得到，我可能就把这里变成更感兴趣的空间了。比如变成据说存在着世间一切书籍的图书馆之类的地方……</color>"
    },
    {
      "id": 14,
      "model": "이스마엘",
      "content": "你……曾经……在脑叶公司工作吗？"
    },
    {
      "id": 15,
      "model": "뒤틀린호엔하임",
      "content": "<color=#ffffa1>不过是我过去的职业生涯之一罢了。</color>"
    },
    {
      "id": 16,
      "model": "검열된직원",
      "content": "把我……我们……"
    },
    {
      "id": 17,
      "content": "别说对话了，被审查的员工们甚至开始施压似的挥舞着武器堵住道路。"
    },
    {
      "id": 18,
      "content": "既然如此……想要前进就只能打倒这些人。"
    },
    {
      "id": 19,
      "model": "단테",
      "content": "<没办法了。战斗吧……>"
    }
  ]
}