{
  "dataList": [
    {
      "id": 0,
      "place": "过去，霍恩海姆的研究室",
      "model": "검열된호엔과거동료",
      "content": "终于得到了，今年的最优秀部门奖。"
    },
    {
      "id": 1,
      "model": "호엔하임과거",
      "content": "对，我终于做到了。"
    },
    {
      "id": 2,
      "model": "검열된호엔과거동료",
      "content": "……"
    },
    {
      "id": 3,
      "model": "호엔하임과거",
      "content": "当然，你的协助也派上了些用处。以及……其他员工们也是……"
    },
    {
      "id": 4,
      "model": "검열된호엔과거동료",
      "content": "你就承认吧。虽然公司内对你的评价有点微妙，但是最近对你打招呼的员工确实变多了吧。这也是我这“右臂”尽职尽责的功劳呢。"
    },
    {
      "id": 5,
      "model": "호엔하임과거",
      "content": "确实……观察异想体的时候你靠直觉唐突提出的观点……的确有用。"
    },
    {
      "id": 6,
      "model": "검열된호엔과거동료",
      "content": "这正是可能性啊。"
    },
    {
      "id": 7,
      "model": "검열된호엔과거동료",
      "content": "就是你录取我时感受到的那个。"
    },
    {
      "id": 8,
      "model": "뒤틀린호엔하임",
      "content": "<color=#ffffa1>很抱歉在这和平的气氛里泼冷水……</color>"
    },
    {
      "id": 9,
      "model": "뒤틀린호엔하임",
      "content": "<color=#ffffa1>在那之后的几年间都无事发生，时光便匆匆流逝了。</color>"
    },
    {
      "id": 10,
      "model": "뒤틀린호엔하임",
      "content": "<color=#ffffa1>随着数次的最优秀部门奖、晋升与共同研究，一起流逝了。</color>"
    },
    {
      "id": 11,
      "place": "过去，脑叶公司支部？",
      "model": "뒤틀린호엔하임",
      "content": "<color=#ffffa1>而万事有为应有尽。</color>"
    },
    {
      "id": 12,
      "model": "뒤틀린호엔하임",
      "content": "<color=#ffffa1>人尽皆知的脑叶公司的结局。</color>"
    },
    {
      "id": 13,
      "model": "검열된직원",
      "content": "你……我们……"
    },
    {
      "id": 14,
      "model": "뒤틀린호엔하임",
      "content": "<color=#ffffa1>所以，这些人到底在向我叫喊什么……不用听都知道。</color>"
    },
    {
      "id": 15,
      "model": "검열된직원",
      "content": "你……把我们……"
    },
    {
      "id": 16,
      "model": "뒤틀린호엔하임",
      "content": "<color=#ffffa1>那只能是无穷无尽的怨言。</color>"
    },
    {
      "id": 17,
      "model": "검열된직원",
      "content": "你……把我们……抛弃了……"
    },
    {
      "id": 18,
      "model": "단테",
      "content": "<……！>"
    },
    {
      "id": 19,
      "model": "이상",
      "content": "旧L公司的终结……"
    },
    {
      "id": 20,
      "model": "그레고르",
      "content": "是尤莉小姐……以前说过的。"
    },
    {
      "id": 21,
      "model": "그레고르",
      "content": "支部在瞬间崩溃，员工们和异想体一起被关在里面……"
    },
    {
      "id": 22,
      "model": "검열된호엔과거동료",
      "content": "怎么了……那是什么声音？"
    },
    {
      "id": 24,
      "model": "호엔하임과거",
      "content": "我……"
    },
    {
      "id": 25,
      "model": "검열된호엔과거동료",
      "content": "支部在摇晃。为什么……"
    },
    {
      "id": 26,
      "teller": "广播",
      "title": "L公司",
      "content": "[即刻起100秒后，设施掩埋开始。]"
    },
    {
      "id": 27,
      "teller": "广播",
      "title": "L公司",
      "content": "[尚未避难的员工，请迅速从建筑内撤离。]"
    },
    {
      "id": 28,
      "teller": "广播",
      "title": "L公司",
      "content": "[倒数开始。95……94……]"
    },
    {
      "id": 29,
      "model": "검열된호엔과거동료",
      "content": "据说有向地上的逃生舱来了，只有一个空位，下一次装置……要到5分钟后才会来。"
    },
    {
      "id": 30,
      "model": "호엔하임과거",
      "content": "我……我……"
    },
    {
      "id": 31,
      "place": "过去，脑叶公司支部？",
      "model": "호엔하임과거",
      "content": "听好了。"
    },
    {
      "id": 32,
      "model": "호엔하임과거",
      "content": "你也许会觉得很绝情，但是通常来说能够在这种灾害中幸存的情况是极少数。"
    },
    {
      "id": 33,
      "model": "호엔하임과거",
      "content": "如果只考虑公平性的话，也许还有人会选择抽签之类的原始方法……"
    },
    {
      "id": 34,
      "model": "호엔하임과거",
      "content": "如果在野蛮人聚集的场所，或许会通过力量这一逻辑来决定幸存者吧。"
    },
    {
      "id": 35,
      "model": "호엔하임과거",
      "content": "幸运的是，这个部门里全是聪明人，所以我有一个提议。"
    },
    {
      "id": 36,
      "model": "호엔하임과거",
      "content": "像各位一样一无是处，只能将一边奔波于三流公司一边偿还完欠款作为人生目标的人们……"
    },
    {
      "id": 37,
      "model": "호엔하임과거",
      "content": "以及与生存下来的年岁成正比，产出了留下杰出业绩的论文以及研究成绩的我……"
    },
    {
      "id": 38,
      "model": "호엔하임과거",
      "content": "哪一方更有价值？"
    },
    {
      "id": 39,
      "model": "뒤틀린호엔하임",
      "content": "<color=#ffffa1>对，这就是结局。</color>"
    },
    {
      "id": 40,
      "model": "뒤틀린호엔하임",
      "content": "<color=#ffffa1>90秒后支部崩塌，而我丢下了部门的员工们独自一人搭乘逃生电梯幸存了下来。</color>"
    },
    {
      "id": 41,
      "model": "이스마엘",
      "content": "你为什么能那么……淡然地……"
    },
    {
      "id": 42,
      "model": "뒤틀린호엔하임",
      "content": "<color=#ffffa1>愤怒只不过是种丑陋的感情。</color>"
    },
    {
      "id": 43,
      "model": "뒤틀린호엔하임",
      "content": "<color=#ffffa1>正因为我总能冷静理智地生活，才得以站在如今的位置。</color>"
    },
    {
      "id": 44,
      "content": "霍恩海姆的心象迷宫中的支部开始崩溃瓦解。"
    },
    {
      "id": 45,
      "content": "在我看来，那就像是他的心也在崩溃一样。"
    },
    {
      "id": 46,
      "model": "뒤틀린호엔하임",
      "content": "<color=#ffffa1>来，现在来见成为扭曲的我吧。</color>"
    },
    {
      "id": 47,
      "model": "뒤틀린호엔하임",
      "content": "<color=#ffffa1>那样一来实验才会结束。</color>"
    },
    {
      "id": 48,
      "model": "단테",
      "content": "<如果就这么打倒了成为扭曲的他……>"
    },
    {
      "id": 49,
      "model": "단테",
      "content": "<他也不能回归原样。我有这种预感。>"
    },
    {
      "id": 50,
      "model": "이스마엘",
      "content": "我也……赞同。"
    },
    {
      "id": 51,
      "model": "이스마엘",
      "content": "直觉告诉我……我们还没能看见全部……"
    }
  ]
}