{
  "dataList": [
    {
      "id": 0,
      "place": "过去，脑叶公司支部？",
      "model": "로쟈",
      "content": "但是这个人，真的扭曲了吗？"
    },
    {
      "id": 1,
      "model": "로쟈",
      "content": "听他说话的语气，和平常好像没什么差别……"
    },
    {
      "id": 2,
      "model": "파우스트",
      "content": "扭曲对理性的影响根据人的不同，差异也会千差万别。"
    },
    {
      "id": 3,
      "model": "그레고르",
      "content": "真是，不管怎么说到处审查也有点……"
    },
    {
      "id": 4,
      "model": "홍루",
      "content": "但是……霍恩海姆先生，这里是心象迷宫。"
    },
    {
      "id": 5,
      "model": "홍루",
      "content": "即使您不想给我们看，最后我们也会凭借但丁经理的能力看到。"
    },
    {
      "id": 6,
      "model": "뒤틀린호엔하임",
      "content": "<color=#ffffa1>合理的意见。</color>"
    },
    {
      "id": 7,
      "model": "뒤틀린호엔하임",
      "content": "<color=#ffffa1>那么，这样如何？</color>"
    },
    {
      "id": 8,
      "model": "뒤틀린호엔하임",
      "content": "<color=#ffffa1>既然难以避免，不如简短地给你们看好了。看完了就立刻来见我。</color>"
    },
    {
      "id": 9,
      "model": "뒤틀린호엔하임",
      "content": "<color=#ffffa1>这个故事，是从那人进入我的研究室开始的。</color>"
    },
    {
      "id": 10,
      "model": "뒤틀린호엔하임",
      "content": "<color=#ffffa1>对，我被分配了个人研究室。那是只有精英研究员才能拥有的为数不多的特权之一。</color>"
    },
    {
      "id": 11,
      "model": "이스마엘",
      "content": "……真的在擅自推动话题啊。"
    },
    {
      "id": 12,
      "place": "过去，霍恩海姆的研究室",
      "model": "호엔과거동료그림자",
      "content": "……先生。"
    },
    {
      "id": 13,
      "model": "호엔과거동료그림자",
      "content": "霍恩海姆先生。"
    },
    {
      "id": 14,
      "model": "뒤틀린호엔하임",
      "content": "<color=#ffffa1>那么，这人带着什么表情来着。</color>"
    },
    {
      "id": 15,
      "model": "뒤틀린호엔하임",
      "content": "<color=#ffffa1>我记得应该是这样吧。</color>"
    },
    {
      "id": 16,
      "model": "뒤틀린호엔하임",
      "content": "<color=#ffffa1>算了，怎么样都行。按照原计划进行审查就好。</color>"
    },
    {
      "id": 17,
      "model": "검열된호엔과거동료",
      "content": "我有些话想跟你说。"
    },
    {
      "id": 18,
      "model": "호엔하임과거",
      "content": "等等，你难道是过来对我发火的吗？"
    },
    {
      "id": 19,
      "model": "검열된호엔과거동료",
      "content": "什么？"
    },
    {
      "id": 20,
      "model": "호엔하임과거",
      "content": "想发火的话就先说。我已经预料到了。保持了3个月也算是不错的记录了。能在工作里不和任何人产生冲突。"
    },
    {
      "id": 21,
      "model": "호엔하임과거",
      "content": "啊，如果想辞职的话比起我还是和人事部说会比较顺利。"
    },
    {
      "id": 22,
      "model": "검열된호엔과거동료",
      "content": "不是，我不是那意思……"
    },
    {
      "id": 23,
      "model": "검열된호엔과거동료",
      "content": "我只是想来道谢。"
    },
    {
      "id": 24,
      "model": "검열된호엔과거동료",
      "content": "我听说是你录用了后巷出身的我。"
    },
    {
      "id": 25,
      "model": "검열된호엔과거동료",
      "content": "怎么说呢，那不就代表你看到了我的可能性吗。至今为止都没有一个人发现过。"
    },
    {
      "id": 26,
      "model": "뒤틀린호엔하임",
      "content": "<color=#ffffa1>当然，肯定不是因为可能性之类的宏大理由。</color>"
    },
    {
      "id": 27,
      "model": "뒤틀린호엔하임",
      "content": "<color=#ffffa1>堂堂一翼不可能因为那种理由录用后巷出身的人。</color>"
    },
    {
      "id": 28,
      "model": "뒤틀린호엔하임",
      "content": "<color=#ffffa1>虽然不为外人所知，但脑叶公司的选择标准实际上是“创伤”。</color>"
    },
    {
      "id": 29,
      "model": "뒤틀린호엔하임",
      "content": "<color=#ffffa1>越是拥有可怖且难以克服的心理阴影的人，优先顺序就越高。</color>"
    },
    {
      "id": 30,
      "model": "뒤틀린호엔하임",
      "content": "<color=#ffffa1>因此后巷出身的比例也就自然而然地增多了。</color>"
    },
    {
      "id": 31,
      "model": "호엔하임과거",
      "content": "……我收到你的感谢了，吉米。你可以走了。"
    },
    {
      "id": 32,
      "model": "검열된호엔과거동료",
      "content": "不过我不叫吉米诶。"
    },
    {
      "id": 33,
      "model": "검열된호엔과거동료",
      "content": "说来，为什么霍恩海姆先生为什么总喜欢一个人待着？"
    },
    {
      "id": 34,
      "model": "호엔하임과거",
      "content": "你可能会感到惊讶，但我很享受一个人待着的时间。这只是和常人相异的数百个不同之处的其中之一。"
    },
    {
      "id": 35,
      "model": "검열된호엔과거동료",
      "content": "那么啊，那个……你需不需要一个能言听计从的“右臂”呢？"
    },
    {
      "id": 36,
      "model": "호엔하임과거",
      "content": "我的右臂可还是好好的……"
    },
    {
      "id": 37,
      "model": "검열된호엔과거동료",
      "content": "霍恩海姆先生，你相信可能性吗？"
    },
    {
      "id": 38,
      "model": "뒤틀린호엔하임",
      "content": "<color=#ffffa1>这么一看，他真是个不听人话的员工啊。</color>"
    },
    {
      "id": 39,
      "model": "검열된호엔과거동료",
      "content": "正因为你我才会相信。所以才会这么思考。“只要这么继续努力下去，总有一天我也能去巢里吧？”什么的。就这么一点点地改变围绕着我的世界。"
    },
    {
      "id": 40,
      "model": "검열된호엔과거동료",
      "content": "正如我能入职脑叶公司一样。"
    },
    {
      "id": 41,
      "model": "검열된호엔과거동료",
      "content": "所以，我想在你身边再待一会。"
    },
    {
      "id": 42,
      "model": "호엔하임과거",
      "content": "像我这样有才的研究员自然拥有可能性，但像你一样各项能力都停留于平庸的人能够成功的概率应该极其低微。"
    },
    {
      "id": 43,
      "model": "호엔하임과거",
      "content": "比起普遍的可能性，我只相信自己。而且概率论之类的数理统计学是我最讨厌的领域。"
    },
    {
      "id": 44,
      "model": "호엔하임과거",
      "content": "所以不论是左膀还是右臂都还是我自己管理为好。辛苦你了。"
    },
    {
      "id": 45,
      "model": "검열된호엔과거동료",
      "content": "……你知道吗？"
    },
    {
      "id": 46,
      "model": "검열된호엔과거동료",
      "content": "我啊，就是不深思直接突进的类型。"
    },
    {
      "id": 47,
      "model": "호엔하임과거",
      "content": "毕竟不加思考的自由奔放，是后巷出身之人唯一的特长。"
    },
    {
      "id": 48,
      "model": "호엔하임과거",
      "content": "……又或者，你是想通过暴力行为来胁迫我？"
    },
    {
      "id": 49,
      "model": "검열된호엔과거동료",
      "content": "不，我说的是这次新移交来的异想体的事。"
    },
    {
      "id": 50,
      "model": "검열된호엔과거동료",
      "content": "那个的管理方法稍微有点特别。它能读取对方的心，不管是理论的作战还是其他的都毫无用处。"
    },
    {
      "id": 51,
      "model": "호엔하임과거",
      "content": "……"
    },
    {
      "id": 52,
      "model": "검열된호엔과거동료",
      "content": "要不要一起瞄准……今年的最优秀部门奖？"
    },
    {
      "id": 53,
      "model": "호엔하임과거",
      "content": "你，还挺擅长交涉的。"
    },
    {
      "id": 54,
      "model": "검열된호엔과거동료",
      "content": "这是后巷出身的我唯一的长处。"
    },
    {
      "id": 55,
      "model": "뒤틀린호엔하임",
      "content": "<color=#ffffa1>对啊，承认吧。那时候的我有些无聊。</color>"
    },
    {
      "id": 56,
      "place": "过去，脑叶公司支部？",
      "model": "뒤틀린호엔하임",
      "content": "<color=#ffffa1>回头想想，进行那种毫无意义的对话并不是什么好选择。</color>"
    },
    {
      "id": 57,
      "model": "검열된직원",
      "content": "……你……我们……"
    },
    {
      "id": 58,
      "model": "검열된직원",
      "content": "……弃了……"
    },
    {
      "id": 59,
      "model": "뒤틀린호엔하임",
      "content": "<color=#ffffa1>哎呀，我过去的产物们似乎发起攻击了。</color>"
    },
    {
      "id": 60,
      "model": "뒤틀린호엔하임",
      "content": "<color=#ffffa1>或许，真正加害于他们的人是我吧。</color>"
    }
  ]
}