{
  "dataList": [
    {
      "id": 0,
      "place": "过去，脑叶公司支部",
      "model": "검열된호엔과거동료",
      "content": "据说有向地上的逃生舱来了，只有一个空位，下一次装置……要到5分钟后才会来。"
    },
    {
      "id": 1,
      "model": "호엔하임과거",
      "content": "我、我……"
    },
    {
      "id": 2,
      "model": "호엔과거동료",
      "content": "我不认为……你是看中了我的可能性才选择了我。"
    },
    {
      "id": 3,
      "model": "호엔과거동료",
      "content": "但是，我相信你最后或许会因为这个选择而发现我的可能性。"
    },
    {
      "id": 4,
      "model": "호엔과거동료",
      "content": "我期待着只要继续努力下去，总有一天会变好的。"
    },
    {
      "id": 5,
      "model": "호엔하임과거",
      "content": "我……不能把大家留在这里……自己逃跑。"
    },
    {
      "id": 6,
      "model": "호엔과거동료",
      "content": "“右臂”的职责本来就是这样啊。"
    },
    {
      "id": 7,
      "model": "호엔과거동료",
      "content": "请带着你所发现的我的可能性，前往地上吧。"
    },
    {
      "id": 8,
      "model": "호엔하임과거",
      "content": "可是……约翰……你会……"
    },
    {
      "id": 9,
      "model": "호엔과거동료",
      "teller": "约翰",
      "content": "算了，总有一天……下一次机会就会到来吧？"
    },
    {
      "id": 10,
      "place": "过去，霍恩海姆的研究室",
      "model": "뒤틀린호엔하임",
      "content": "愤怒……是多么丑陋的感情。"
    },
    {
      "id": 11,
      "model": "뒤틀린호엔하임",
      "content": "所以，我在那所支部的入口，什么都没有做。"
    },
    {
      "id": 12,
      "model": "뒤틀린호엔하임",
      "content": "只是……"
    },
    {
      "id": 13,
      "model": "뒤틀린호엔하임",
      "content": "铭记。"
    },
    {
      "id": 14,
      "model": "뒤틀린호엔하임",
      "content": "铭记被我抛弃的人们。"
    },
    {
      "id": 15,
      "content": "……心象迷宫似乎正在慢慢关闭。"
    },
    {
      "id": 16,
      "content": "不久之后……"
    },
    {
      "id": 17,
      "place": "LCE研究部 实验楼",
      "model": "호엔하임",
      "content": "我平安回来了啊。"
    },
    {
      "id": 18,
      "model": "마튼",
      "content": "欢迎回来，组长。"
    },
    {
      "id": 19,
      "model": "호엔하임",
      "content": "……"
    },
    {
      "id": 20,
      "model": "호엔하임",
      "content": "我……实际上，也许是想要成为希斯克利夫那样的人。"
    },
    {
      "id": 21,
      "model": "이스마엘",
      "content": "您在说什么？我们可是希望希斯克利夫先生能不要那么希斯克利夫。"
    },
    {
      "id": 22,
      "model": "호엔하임",
      "content": "因为不把世界当做数字游戏，转而去赌那一抹难以捉摸的可能性并没有那么简单。"
    },
    {
      "id": 23,
      "model": "호엔하임",
      "content": "虽然不像是个研究员……但也有作为人类的浪漫吧。"
    },
    {
      "id": 24,
      "model": "호엔하임",
      "content": "我的实验到此结束。结果是……"
    },
    {
      "id": 25,
      "model": "로쟈",
      "content": "成功了吧？多亏了我们呢。"
    },
    {
      "id": 26,
      "model": "호엔하임",
      "content": "不，失败了。"
    },
    {
      "id": 27,
      "model": "호엔하임",
      "content": "唯有相信自己才是答案，这是我自己的假设。"
    },
    {
      "id": 28,
      "model": "호엔하임",
      "content": "万一我的假设是正确的，那么我……还依然会是扭曲。"
    },
    {
      "id": 29,
      "model": "호엔하임",
      "content": "所以，应该这么说吧。谢谢你们让我失败。"
    },
    {
      "id": 30,
      "model": "파우스트",
      "content": "……"
    },
    {
      "id": 31,
      "model": "호엔하임",
      "content": "我的扭曲分类，似乎是被推定为HE-5-SU了。"
    },
    {
      "id": 32,
      "model": "호엔하임",
      "content": "普普通通到令人遗憾，不过也没办法。"
    },
    {
      "id": 33,
      "model": "호엔하임",
      "content": "说到底，这世界还是必须在这样普通的人们身上寻找可能性。"
    },
    {
      "id": 34,
      "model": "파우스트",
      "content": "……那么开始移动吧。梅菲斯托费勒斯已经做好了出发准备。"
    },
    {
      "id": 35,
      "content": "霍恩海姆的研究员们向我们挥手。"
    },
    {
      "id": 36,
      "model": "싱클레어",
      "content": "总有一天……我们还能见面吧？"
    },
    {
      "id": 37,
      "model": "이스마엘",
      "content": "呃，我就算了。"
    },
    {
      "id": 38,
      "model": "호엔하임",
      "content": "万事有为应有尽。就把此时此刻当做最后一瞬吧。"
    },
    {
      "id": 39,
      "model": "그레고르",
      "content": "直到最后都这样，真是……"
    },
    {
      "id": 40,
      "place": -1,
      "content": "最后，随着LCE的研究员们推动眼镜的动作，传送门激活了。"
    },
    {
      "id": 41,
      "content": "明明只走出了几步，四周的景色瞬间有了变化，我们回到了移动装置上。"
    },
    {
      "id": 42,
      "content": "这么说来，到最后也没问一下格里高尔的骨头会嘎吱嘎吱响的原因。"
    },
    {
      "id": 43,
      "content": "我们知道的是，罪人们都降到了差不多平均的水平……以及他们各自都怀揣着自己的可能性。"
    },
    {
      "id": 44,
      "content": "各自回想着在LCE里的遭遇，我们回到了卡戎和维吉里乌斯等待着的巴士。"
    }
  ]
}