{
  "dataList": [
    {
      "id": 0,
      "place": "过去，霍恩海姆的研究室",
      "content": "我们抵达了霍恩海姆的研究室前。"
    },
    {
      "id": 1,
      "model": "뒤틀린호엔하임",
      "content": "也许这就是我最后的指令了。"
    },
    {
      "id": 2,
      "model": "뒤틀린호엔하임",
      "content": "成功镇压我后平安回到原来的地方，或是镇压失败后将我收容，观察随后的结果也可以。"
    },
    {
      "id": 3,
      "model": "단테",
      "content": "<……>"
    },
    {
      "id": 4,
      "content": "话音刚落，希斯克利夫突然向前迈出一步。"
    },
    {
      "id": 5,
      "model": "후디히스",
      "content": "霍恩海姆，你……"
    },
    {
      "id": 6,
      "model": "후디히스",
      "content": "还在，相信可能性吗？"
    },
    {
      "id": 7,
      "model": "뒤틀린호엔하임",
      "content": "……"
    },
    {
      "id": 8,
      "model": "후디히스",
      "content": "我信。"
    },
    {
      "id": 9,
      "model": "후디히스",
      "content": "我靠着这份相信活着。"
    },
    {
      "id": 10,
      "model": "후디히스",
      "content": "你手下的研究员们全都是后巷出身对吧？我刚刚听他们说了。"
    },
    {
      "id": 11,
      "model": "후디히스",
      "content": "虽然你一年到头都让人讨厌，但也是多亏了你……他们才能相信世界上也有值得追求的东西，然后带着那份信念继续研究。"
    },
    {
      "id": 12,
      "model": "뒤틀린호엔하임",
      "content": "……"
    }
  ]
}