{
  "dataList": [
    {
      "id": 0,
      "place": "梅菲斯托费勒斯 内部",
      "model": "로쟈",
      "content": "哈啊……但丁，你有没有看到昨天吃剩的蛋糕去哪儿了？"
    },
    {
      "id": 1,
      "model": "단테",
      "content": "<……嗯？我吃不了东西，所以也没注意……>"
    },
    {
      "id": 2,
      "model": "로쟈",
      "content": "呜……已经被堂吉捷足先登了吗……？"
    },
    {
      "id": 3,
      "content": "都说过最好是在我的房间里聚嘛~\n一边这么说着，罗佳揉了揉惺忪的睡眼，慢慢向后门走去。"
    },
    {
      "id": 4,
      "model": "단테",
      "content": "<……>"
    },
    {
      "id": 5,
      "content": "在罪人们经历了LCE的各种骚乱后不久，巴士内不知不觉中迎来了新年。"
    },
    {
      "id": 6,
      "place": "昨日，梅菲斯托费勒斯 内部",
      "content": "来自都市四面八方的罪人，不论繁简，都会在这天共同庆祝新年的到来。大家似乎正盘算着在巴士上举行一个简单的新年聚会……"
    },
    {
      "id": 7,
      "model": "돈키호테",
      "content": "甚好！那便由吾来担任主持！"
    },
    {
      "id": 8,
      "content": "堂吉诃德猛地站起，两眼放光地大声喊道。新年聚会就这样被定了下来。"
    },
    {
      "id": 9,
      "model": "그레고르",
      "content": "又来……？之前你说要过圣诞节，然后跑进后门搞的一团糟……"
    },
    {
      "id": 10,
      "model": "돈키호테",
      "content": "咳咳……彼时只是为了用带回的装饰品装点巴士，并无其他非分之想……"
    },
    {
      "id": 11,
      "content": "堂吉诃德瞥向辛克莱，尴尬地挠了挠后脑勺。"
    },
    {
      "id": 12,
      "model": "싱클레어",
      "content": "嗯？啊啊……我真的已经没事了，哈哈……"
    },
    {
      "id": 13,
      "model": "돈키호테",
      "content": "嗯，我……咳。吾先前的做法为大家带来很多困扰——诚然！吾并非刻意为之~只是在想转换下气氛会比较好……"
    },
    {
      "id": 14,
      "content": "……以前的她可能会沉迷于装饰而毫不在意辛克莱的感受。但如今的堂吉诃德也开始留心起身边的人了。"
    },
    {
      "id": 15,
      "model": "로쟈",
      "content": "哎~这是我们一起度过的第一个新年，难道不值得庆祝吗？肯定要听到钟声响起，才算跨年了对吧~"
    },
    {
      "id": 16,
      "model": "이상",
      "content": "要与各位一同迎来新年的第一缕曙光。实在是值得纪念。"
    },
    {
      "id": 17,
      "model": "료슈",
      "content": "除夕夜的跨年荞麦也十分经典。"
    },
    {
      "id": 18,
      "model": "돈키호테",
      "content": "呜呜，大家都如此热情，属实温暖吾心……！"
    },
    {
      "id": 19,
      "model": "돈키호테",
      "content": "来隆重准备吧！还会有噼里啪啦之烟花放个不停！以及许多珍馐美味……"
    },
    {
      "id": 20,
      "model": "베르길리우스",
      "content": "卡戎，离下一次预定停靠还有多久？"
    },
    {
      "id": 21,
      "model": "카론",
      "content": "梅菲接下来要连续跑三天。傻瓜才会在很快的路上停车。"
    },
    {
      "id": 22,
      "model": "베르길리우스",
      "content": "……听到了吧。"
    },
    {
      "id": 23,
      "content": "维吉里乌斯冷漠地托着下巴，用嘲讽的语气说道。"
    },
    {
      "id": 24,
      "model": "돈키호테",
      "content": "啊啊……"
    },
    {
      "id": 25,
      "model": "돈키호테",
      "content": "明年……吾当提前买好……"
    },
    {
      "id": 26,
      "content": "虽然堂吉诃德那隆重的气氛转换计划化为了泡影，但……"
    },
    {
      "id": 27,
      "content": "取而代之的是，罗佳拿出自己珍藏的蛋糕和饼干，简单地举行了新年聚会。"
    },
    {
      "id": 28,
      "place": "梅菲斯托费勒斯 内部",
      "content": "就这样，我们一同眺望着都市里冉冉升起的新年第一轮朝阳，之后便沉沉睡去……"
    },
    {
      "id": 29,
      "content": "当大家揉着惺忪睡眼醒来时，映在巴士外的风景已经彻底改变了。"
    },
    {
      "id": 30,
      "content": "那是……像巨大铁板聚集在一起般的奇异空间。"
    },
    {
      "id": 31,
      "model": "이상",
      "content": "是H公司……吗？"
    },
    {
      "id": 32,
      "content": "正如罪人们所感受到的那样，映入眼帘的景色……与迄今为止见过的其他巢截然不同。"
    },
    {
      "id": 33,
      "model": "단테",
      "content": "<那全部都是一栋建筑吗……？>"
    },
    {
      "id": 34,
      "model": "히스클리프",
      "content": "如果那就是整个巢的话……这里怎么会有后巷？那种程度的话，就算覆盖H公司管理下的所有占地面积，都还绰绰有余吧？"
    },
    {
      "id": 35,
      "model": "이스마엘",
      "content": "……算了，本来也没指望。从这些蠢话来看，你应该压根没碰过指南吧。"
    },
    {
      "id": 36,
      "model": "이스마엘",
      "content": "这么说吧，那不是巢。那整栋建筑都是8区。"
    },
    {
      "id": 37,
      "model": "홍루",
      "content": "H公司管它叫做鸿园哦。"
    },
    {
      "id": 38,
      "model": "홍루",
      "content": "巢在建筑的正中央，后巷在它周围。"
    },
    {
      "id": 39,
      "model": "그레고르",
      "content": "呃呃……所以你是说他们就那样挤在里面生活吗？在那种连光都照不进来的地方？"
    },
    {
      "id": 40,
      "model": "히스클리프",
      "content": "呵……不过嘛，至少不用担心淋雨了。"
    },
    {
      "id": 41,
      "model": "돈키호테",
      "content": "哪、哪里！且让吾也一观！"
    },
    {
      "id": 42,
      "model": "단테",
      "content": "<……>"
    },
    {
      "id": 43,
      "content": "在那些晚一点醒来的罪人们一个接一个地聚在一起、看向窗外的时候，我悄悄地注视着鸿璐的脸。"
    },
    {
      "id": 44,
      "content": "他会不会正深陷烦恼之中呢？我很担心。"
    },
    {
      "id": 45,
      "content": "当然，按顺序即将轮到自己的罪人大多都会这样，但在这一年的时间里，从鸿璐那里听到的“故乡故事”始终都很灰暗。"
    },
    {
      "id": 46,
      "model": "홍루",
      "content": "呼呼，实际生活并没有你想象中那么糟糕哦~"
    },
    {
      "id": 47,
      "content": "然而，鸿璐却像往常一样，脸上带着平静而轻松的微笑。"
    },
    {
      "id": 48,
      "content": "那是自从我们第一次见面以来，一次也没有变过的表情。"
    },
    {
      "id": 49,
      "content": "也许就像鸿璐总是若无其事地接受一切一样，这可能只是文化差异而已……"
    },
    {
      "id": 50,
      "content": "不，现在想这些也无济于事。"
    },
    {
      "id": 51,
      "content": "总之我现在该做的是，比平时更仔细地关注鸿璐……"
    },
    {
      "id": 52,
      "content": "然后，作为经理，当我能帮助他的时刻到来时，我会尽最大的努力。"
    },
    {
      "id": 53,
      "content": "而且……"
    },
    {
      "id": 54,
      "model": "로쟈",
      "content": "哇……离近点一看不是比想象中还要大很多嘛……？"
    },
    {
      "id": 55,
      "model": "돈키호테",
      "content": "此等规模即使在过去的任何冒险中也未曾见过……！"
    },
    {
      "id": 56,
      "content": "如果我的努力还不够的话，其他罪人们也一定会助我一臂之力的。"
    },
    {
      "id": 57,
      "model": "단테",
      "content": "<在哪呢，让我也看看。>"
    },
    {
      "id": 58,
      "content": "我一边收拾心情，一边向那些跟口香糖一样贴在玻璃窗上的罪人们走去。"
    }
  ]
}