{
  "dataList": [
    {
      "id": 0,
      "place": "8区后巷 入口",
      "model": "그레고르",
      "content": "从入口开始就这样了……唉，未来会有多艰难简直可以预见啊。"
    },
    {
      "id": 1,
      "model": "로쟈",
      "content": "哎，好歹热了热身，也不算太糟糕吧。"
    },
    {
      "id": 2,
      "model": "이스마엘",
      "content": "这可不像是什么能敷衍过去的问题……"
    },
    {
      "id": 3,
      "content": "正如以实玛利所言，今天的情况完全不同于以往那种和来历不明的家伙争执的情况。"
    },
    {
      "id": 4,
      "content": "这帮受雇于人的家伙明确地以鸿璐为目标，试图除掉他。"
    },
    {
      "id": 5,
      "content": "而且也没有隐瞒接受委托的事实，公然说了出来，看来幕后主使完全没有隐藏自身存在的意思……"
    },
    {
      "id": 6,
      "content": "那么……是不是和贾惜春之前说的家族继承人有关？"
    },
    {
      "id": 7,
      "model": "이스마엘",
      "content": "虽然不知道背后是谁，但好像是对鸿璐先生有什么怨恨。"
    },
    {
      "id": 8,
      "model": "오티스",
      "content": "这样的战斗很可能还会再发生几次。"
    },
    {
      "id": 9,
      "model": "돈키호테",
      "content": "吾等必将克之！"
    },
    {
      "id": 10,
      "model": "오티스",
      "content": "那不是重点……再多想想。"
    },
    {
      "id": 11,
      "model": "단테",
      "content": "<看来，他们似乎认为鸿璐是带了个什么东西过来参加家主评审……>"
    },
    {
      "id": 12,
      "model": "단테",
      "content": "<事情肯定不会就此了结。既然已经打算除掉竞争对手……>"
    },
    {
      "id": 13,
      "model": "오티스",
      "content": "不愧是执行经理。真是和经理相称的准确洞察。"
    },
    {
      "id": 14,
      "model": "로쟈",
      "content": "嗯~今天的奉承有些老套哦，奥提斯女士？"
    },
    {
      "id": 15,
      "model": "오티스",
      "content": "难道夸人做得好也算奉承了？你们干出点成果的时候不也……"
    },
    {
      "id": 16,
      "model": "베르길리우스",
      "content": "废话真多。再这么等下去我脖子都要酸了。"
    },
    {
      "id": 17,
      "model": "베르길리우스",
      "content": "公司好像已经预料到了会有这种冲突……所以派了人过来。"
    },
    {
      "id": 18,
      "content": "维吉里乌斯指向我们身后的瞬间，那边传来了声音。"
    },
    {
      "id": 19,
      "teller": "？？？",
      "title": "？？？",
      "content": "哎呀，各位还是这么磨蹭呢。"
    },
    {
      "id": 20,
      "teller": "？？？",
      "title": "？？？",
      "content": "这可不是计划里定好的地方。突然被叫到后巷来，我都有点慌乱了。"
    },
    {
      "id": 21,
      "content": "一个难以忘却的……熟悉的声音。"
    },
    {
      "id": 22,
      "model": "뉴소드",
      "content": "好久不见。各位。"
    },
    {
      "id": 23,
      "model": "뉴파일럿",
      "content": "那、那个，我也在……嘿嘿。"
    },
    {
      "id": 24,
      "content": "向着听到声音的方向转身望去，我们看见了那期盼能再次相见的，令人怀念的面孔。"
    }
  ]
}