{
  "dataList": [
    {
      "id": 0,
      "content": "当我们离开巴士后……"
    },
    {
      "id": 1,
      "place": "8区后巷 入口",
      "model": "그레고르",
      "content": "哎呦……最后还是在这儿下车了。"
    },
    {
      "id": 2,
      "model": "이스마엘",
      "content": "应该向H公司提出正式抗议才行。他们为什么要在直达巢的高速公路的入口进行那种施工？"
    },
    {
      "id": 3,
      "model": "이상",
      "content": "尽管进行施工的原因各式各样……但至少应设置可从远处辨认的警告标志……呜。"
    },
    {
      "id": 4,
      "model": "돈키호테",
      "content": "若不是卡戎的神勇漂移……呜呜，吾想都不敢想！吾从未想过可能会以此等方式结束冒险……"
    },
    {
      "id": 5,
      "content": "罪人们纷纷表达自己的不满也不足为奇吧。"
    },
    {
      "id": 6,
      "content": "因为当我们试图通过入口时，由于道路被杂乱的铁板挡住了，所以为了避免就这么直冲冲撞上去，导致所有人都在巴士里滚来滚去……"
    },
    {
      "id": 7,
      "model": "로쟈",
      "content": "但好在还有一条通往内部的小路~不然就要陷入阻止卡戎在高速公路上倒车的窘境之中了吧？"
    },
    {
      "id": 8,
      "model": "로쟈",
      "content": "不过……看起来要想抵达巢，就得穿过这条蜿蜒曲折的巷子了吧。"
    },
    {
      "id": 9,
      "model": "단테",
      "content": "<几乎没有光照啊……>"
    },
    {
      "id": 10,
      "content": "一下巴士，我们就看到了微弱灯光下的街道。"
    },
    {
      "id": 11,
      "content": "无需他人说明，我也明白这里就是H公司的后巷了。"
    },
    {
      "id": 12,
      "model": "히스클리프",
      "content": "从表面上看还挺华丽的……算了，住人的地方都是一样的啊。"
    },
    {
      "id": 13,
      "model": "로쟈",
      "content": "确实呢。是熟悉的风景啊。真叫人厌烦。"
    },
    {
      "id": 14,
      "model": "돈키호테",
      "content": "此处之巢给人的感觉也是如此吗……？"
    },
    {
      "id": 15,
      "model": "파우스트",
      "content": "不，准确而言这是8区后巷独有的景色。"
    },
    {
      "id": 16,
      "content": "后巷中人们的模样，与我们所经过的其他区并没有什么不同。"
    },
    {
      "id": 17,
      "content": "仿佛被什么追赶般匆忙行走之人，亦或是身体不适般不快地盯着地面行走之人，这般景象在都市里好像随处可见。"
    },
    {
      "id": 18,
      "content": "如果要说这里有什么引人注目的独有特征的话……"
    },
    {
      "id": 19,
      "model": "단테",
      "content": "<怎么说呢……有些看似像是在4区见过的旧G公司士兵的人们……>"
    },
    {
      "id": 20,
      "model": "그레고르",
      "content": "……嗯？怎么了？是那些人吗……？"
    },
    {
      "id": 21,
      "content": "皮肤上附着或生长着并不像是义体的、过于生物质的东西的人映入眼帘。"
    },
    {
      "id": 22,
      "model": "그레고르",
      "content": "完全不一样吧。首先他们看上去就都不像是虫子吧，经理兄……"
    },
    {
      "id": 23,
      "model": "그레고르",
      "content": "啊，就你不带偏见地看待这事来说，我得说声谢谢。"
    },
    {
      "id": 24,
      "model": "파우스트",
      "content": "那是8区特有的治疗法。"
    },
    {
      "id": 25,
      "model": "이스마엘",
      "content": "啊……！难道这里就是只要涂上不明的蓝色药膏并用绷带包扎好，第二天被撕裂的皮肤就会痊愈的传闻的发源地吗？"
    },
    {
      "id": 26,
      "model": "파우스트",
      "content": "……必须补充的一点是，这种理解多少有些偏差。"
    },
    {
      "id": 27,
      "model": "파우스트",
      "content": "那全都是H公司的奇点“丸”的活用方法之一。"
    },
    {
      "id": 28,
      "model": "싱클레어",
      "content": "丸、丸是……？"
    },
    {
      "id": 29,
      "model": "뫼르소",
      "content": "所指的应该是丸药，以药材制成的丸状药物。"
    },
    {
      "id": 30,
      "model": "파우스트",
      "content": "正是如此。H公司……鸿园生命工程集团生产含有治疗精华的丸。"
    },
    {
      "id": 31,
      "model": "파우스트",
      "content": "这种丸既可以直接服用，也可以溶于水后，以“膏”的形态涂抹使用……又或是稀释后浸入绷带中用作包扎治疗。"
    },
    {
      "id": 32,
      "model": "이스마엘",
      "content": "啊哈……这就是那传闻的由来。"
    },
    {
      "id": 33,
      "model": "싱클레어",
      "content": "这样啊……说到治疗法，呃……我就想到了K公司。"
    },
    {
      "id": 34,
      "model": "파우스트",
      "content": "K公司专注于状态的恢复。旨在恢复到原初的状态。"
    },
    {
      "id": 35,
      "model": "파우스트",
      "content": "而在8区的后巷，居民们利用制作好的丸药，发展出了独属于各自的秘方。这里的治疗并不专注于被治疗者个人的具体状态，而是着眼于以秘方技术为基础改善状态。"
    },
    {
      "id": 36,
      "model": "파우스트",
      "content": "从某种意义上来说……使用变化或发展等词可能更恰当一些。"
    },
    {
      "id": 37,
      "model": "싱클레어",
      "content": "那么那些人……是经过治疗后的状态吗？"
    },
    {
      "id": 38,
      "content": "辛克莱指向的人群中，确实并没有人流血或是跛行。"
    },
    {
      "id": 39,
      "content": "但有许多人都恍惚着，或是抓挠着变形的部分。"
    },
    {
      "id": 40,
      "model": "홍루",
      "content": "啊……那些人是“常客”呢。"
    },
    {
      "id": 41,
      "content": "意外的是，回答的人并不是浮士德或默尔索，而是鸿璐。"
    },
    {
      "id": 42,
      "model": "단테",
      "content": "<常客？>"
    },
    {
      "id": 43,
      "model": "홍루",
      "content": "没错。我从小时候起就听说过。那些人是习惯了医馆的神秘治疗，一年到头反复拜访的人们。"
    },
    {
      "id": 44,
      "model": "홍루",
      "content": "我曾听说成为常客的人，虽然乍一看上去会比其他人要更加健壮，但副作用会不断地增加，让他们看起来十分奇怪。"
    },
    {
      "id": 45,
      "model": "뫼르소",
      "content": "嗯。如果采用大量不同体系的手术方法，各方法之间产生冲突的概率也必然会增长。"
    },
    {
      "id": 46,
      "model": "홍루",
      "content": "很多没有生命保险的人们，可能也会用低廉的价格来使用这里的服务吧~"
    },
    {
      "id": 47,
      "model": "이상",
      "content": "生命……保险？"
    },
    {
      "id": 48,
      "model": "홍루",
      "content": "没错，保险还含有当客户死亡时使其起死回生的特约条款。"
    },
    {
      "id": 49,
      "model": "단테",
      "content": "<虽然这话由我来说有点奇怪……>"
    },
    {
      "id": 50,
      "model": "단테",
      "content": "<但复活不是首脑的禁忌吗？>"
    },
    {
      "id": 51,
      "model": "파우스트",
      "content": "通过生命保险起死回生，并不在首脑禁忌中指定的复活范围之内。"
    },
    {
      "id": 52,
      "model": "오티스",
      "content": "并非完全复活……而是考虑到功能退化的大脑复生。恐怕是这样来判断的吧。"
    },
    {
      "id": 53,
      "model": "파우스트",
      "content": "与经理的回溯时针不同，生命保险有着除非大脑完整，否则将无法起死回生的致命缺陷。而且脑中的信息在传递过程中……还可能会大量缺失。"
    },
    {
      "id": 54,
      "model": "이스마엘",
      "content": "缺失……这么说，包含那些人的外貌变化在内的一系列情况，也可能并不是由于“治疗”的副作用所导致了。"
    },
    {
      "id": 55,
      "model": "홍루",
      "content": "嗯……也许吧，但我听说一般进行一两次恢复手术并不会产生太大的改变。"
    },
    {
      "id": 56,
      "model": "홍루",
      "content": "对于住在后巷中的人来说，续保费用可能相当昂贵……"
    },
    {
      "id": 57,
      "model": "홍루",
      "content": "如果投保人看上去都像那样可怜的话，那肯定就没人愿意投保了吧？"
    },
    {
      "id": 58,
      "model": "삼삼",
      "teller": "？？？",
      "title": "？？？",
      "content": "……是啊，对有钱人来说……他们的境遇看上去实在是悲惨可怜吧？"
    },
    {
      "id": 59,
      "model": "삼삼",
      "teller": "？？？",
      "title": "？？？",
      "content": "你很快也会陷入同样的境地，还是把你的怜悯收着吧。"
    },
    {
      "id": 60,
      "model": "오티스",
      "content": "……说明你的身份。"
    },
    {
      "id": 61,
      "content": "在如不速之客般打断我们的声音传来的方向，有一群莫名散发险恶意图的人们正盯着我们。"
    },
    {
      "id": 62,
      "model": "삼삼",
      "teller": "？？？",
      "title": "？？？",
      "content": "那张脸，毫无疑问是豪门望族贾家的少爷吧。"
    },
    {
      "id": 63,
      "model": "로쟈",
      "content": "鸿璐，是熟人吗？"
    },
    {
      "id": 64,
      "model": "홍루",
      "content": "嗯……不。我和后巷没什么往来……与诸位是初次见面呢~"
    },
    {
      "id": 65,
      "model": "삼삼",
      "teller": "？？？",
      "title": "？？？",
      "content": "里里外外都在忙着优雅地过神仙日子，不认识我们这种人也是理所当然的吧。"
    },
    {
      "id": 66,
      "model": "삼삼",
      "teller": "？？？",
      "title": "？？？",
      "content": "算了，没差。反正我们要做的就是按委托要求，抢走提交给家主评审的东西。"
    },
    {
      "id": 67,
      "model": "이스마엘",
      "content": "家主评审……是不是有什么误会。"
    },
    {
      "id": 68,
      "model": "그레고르",
      "content": "似乎有不少人……唔呃，真是开局不利啊……"
    },
    {
      "id": 69,
      "model": "삼삼",
      "teller": "？？？",
      "title": "？？？",
      "content": "不。"
    },
    {
      "id": 70,
      "model": "삼삼",
      "teller": "？？？",
      "title": "？？？",
      "content": "一拥而上并非我们事务所的行事风格。"
    },
    {
      "id": 71,
      "model": "삼삼",
      "teller": "三三",
      "title": "三斧事务所",
      "content": "三斧事务所第三子，三三向贾家贾宝玉阁下申请决斗。"
    },
    {
      "id": 72,
      "model": "삼삼",
      "teller": "三三",
      "title": "三斧事务所",
      "content": "规则为，胜者可从对手处取走想要之物。"
    },
    {
      "id": 73,
      "model": "싱클레어",
      "content": "决斗……？"
    },
    {
      "id": 74,
      "model": "돈키호테",
      "content": "决、决决决斗的话！"
    },
    {
      "id": 75,
      "model": "돈키호테",
      "content": "吾曾听说东部Cinq协会的收尾人老爷们发起决斗时只需喊出自身所属与名字，而不用投掷手套！虽然三斧事务所是底层中的底层，但也是真真正正的收尾人！这才是真正的决斗申请！"
    },
    {
      "id": 76,
      "model": "이스마엘",
      "content": "……哈啊。"
    },
    {
      "id": 77,
      "model": "히스클리프",
      "content": "也就是说要一对一吧？"
    },
    {
      "id": 78,
      "model": "단테",
      "content": "<虽然看起来并不是很强……浮士德，你怎么想？>"
    },
    {
      "id": 79,
      "model": "파우스트",
      "content": "同意。看起来对方并非拥有能击败鸿璐先生的实力。"
    },
    {
      "id": 80,
      "model": "홍루",
      "content": "嗯~我想没问题的。去去就回，但丁阁下。"
    },
    {
      "id": 81,
      "model": "단테",
      "content": "<欸，真的没问题吧？我并不觉得你弱，但……>"
    },
    {
      "id": 82,
      "model": "홍루",
      "content": "没问题的。决斗的话，我小时候就已经经历过10来次了。"
    },
    {
      "id": 83,
      "model": "삼삼",
      "teller": "三三",
      "title": "三斧事务所",
      "content": "哈！不愧是大家出身，已经有过几次经验了啊……"
    },
    {
      "id": 84,
      "model": "홍루",
      "content": "啊……我觉得你好像有些误会。"
    },
    {
      "id": 85,
      "model": "홍루",
      "content": "是一天10次哦。啊，不对。奶奶偶尔会取消掉，所以实际上要少一些？"
    },
    {
      "id": 86,
      "model": "삼삼",
      "teller": "三三",
      "title": "三斧事务所",
      "content": "什……什么？"
    },
    {
      "id": 87,
      "model": "홍루",
      "content": "边狱公司鸿璐……嗯。不。"
    },
    {
      "id": 88,
      "model": "홍루",
      "content": "贾家宝玉接受决斗。"
    },
    {
      "id": 89,
      "content": "正当对手为鸿璐过往的经历感到困惑时，鸿璐游刃有余地向前迈进……"
    },
    {
      "id": 90,
      "content": "鸿璐并未表现出一丝一毫的攻击性，以轻松的姿态站了一段时间，随后感到纳闷似地歪了歪头。"
    },
    {
      "id": 91,
      "model": "홍루",
      "content": "嗯……不攻上来吗？"
    },
    {
      "id": 92,
      "model": "삼삼",
      "teller": "三三",
      "title": "三斧事务所",
      "content": "嗯？"
    },
    {
      "id": 93,
      "model": "홍루",
      "content": "啊哈……您先请。我总是先让两招的。"
    },
    {
      "id": 94,
      "model": "삼삼",
      "teller": "三三",
      "title": "三斧事务所",
      "content": "让……？咕唔唔……"
    },
    {
      "id": 95,
      "model": "삼삼",
      "teller": "三三",
      "title": "三斧事务所",
      "content": "啧。你那傲慢的态度会让你小命不保的！"
    },
    {
      "id": 96,
      "content": "叫作三三的男人高昂地叫喊着冲向了鸿璐，大约过了……1分钟左右。"
    },
    {
      "id": 97,
      "model": "삼삼",
      "teller": "三三",
      "title": "三斧事务所",
      "content": "怎么……可能……"
    },
    {
      "id": 98,
      "content": "与爆燃一般猛烈进攻的三三截然不同，鸿璐显得像是去野餐一般轻松随和。"
    },
    {
      "id": 99,
      "content": "闲庭信步，从容不迫……"
    },
    {
      "id": 100,
      "content": "三三的拳头被轻松躲过，像是微风拂过，那攻击只稍微擦到了鸿璐的衣领，并没有造成任何实质性的伤害……"
    },
    {
      "id": 101,
      "content": "当我们注视着他手脚如同抚风一般灵动的动作，三三不知何时就倒在了地上。"
    },
    {
      "id": 102,
      "model": "돈키호테",
      "content": "嗯？鸿璐，汝平时都在隐藏自己的实力吗？！"
    },
    {
      "id": 103,
      "model": "홍루",
      "content": "我总是在拼尽全力战斗哦？"
    },
    {
      "id": 104,
      "model": "돈키호테",
      "content": "但、但是……一招不受就能获胜……那可是完全不同的级别啊！"
    },
    {
      "id": 105,
      "model": "홍루",
      "content": "嗯……但以前战斗时，是在不同的地区，武器也各有不同……啊，甚至对手也是一些无法预测的人。"
    },
    {
      "id": 106,
      "model": "료슈",
      "content": "看破。"
    },
    {
      "id": 107,
      "model": "료슈",
      "content": "你，已经看穿那蠢货的招数了吧。"
    },
    {
      "id": 108,
      "model": "홍루",
      "content": "啊~是的。比武的老师中也有使用类似招数的人在。"
    },
    {
      "id": 109,
      "model": "홍루",
      "content": "大家都有熟能生巧的事不是吗？就是那种感觉。呼呼。"
    },
    {
      "id": 110,
      "model": "그레고르",
      "content": "我有点怀疑这根本不是一码事啊……"
    },
    {
      "id": 111,
      "model": "삼삼다침",
      "teller": "三三",
      "title": "三斧事务所",
      "content": "……"
    },
    {
      "id": 112,
      "model": "그레고르",
      "content": "所以……你输掉了决斗，得请你稍稍让出路来了。"
    },
    {
      "id": 113,
      "model": "그레고르",
      "content": "可以的话，我希望你可以不要做我们预想中你们会做的那种事情。"
    },
    {
      "id": 114,
      "model": "삼삼다침",
      "teller": "三三",
      "title": "三斧事务所",
      "content": "又没有合同事务所的公证……如果在这儿退下，我的委托人不会善罢甘休的……"
    },
    {
      "id": 115,
      "model": "삼삼다침",
      "teller": "三三",
      "title": "三斧事务所",
      "content": "呵……都在干嘛！全给我上！"
    },
    {
      "id": 116,
      "model": "료슈",
      "content": "嘁。支离破碎。"
    },
    {
      "id": 117,
      "model": "그레고르",
      "content": "……又是陷身于这种日常争斗，感觉我们都要熟能生巧了。"
    },
    {
      "id": 118,
      "content": "倒下的男人的痛喊声响起的同时，流氓们已然一齐向我们袭来。"
    }
  ]
}