{
  "dataList": [
    {
      "id": 0,
      "place": "8区后巷 入口",
      "model": "그레고르",
      "content": "索、索德小姐？！"
    },
    {
      "id": 1,
      "model": "이스마엘",
      "content": "还有皮利托……先生对吧？你也……"
    },
    {
      "id": 2,
      "model": "뉴소드",
      "content": "都怎么了，像看见鬼了一样……皮利托，你之前不是说过我的事了吗？"
    },
    {
      "id": 3,
      "model": "뉴파일럿",
      "content": "说、说过了！我记得很清楚！"
    },
    {
      "id": 4,
      "model": "그레고르",
      "content": "哦……！听说了，嗯。你还活着！"
    },
    {
      "id": 5,
      "content": "罪人们原本因惊讶而僵硬的表情逐渐舒缓……"
    },
    {
      "id": 6,
      "content": "安心与喜悦交织的微笑在每个人脸上洋溢开来。"
    },
    {
      "id": 7,
      "model": "뉴소드",
      "content": "哎，还是老样子啊。大家。"
    },
    {
      "id": 8,
      "model": "단테",
      "content": "<索德……能再次见到你真是太好了。>"
    },
    {
      "id": 9,
      "model": "뉴소드",
      "content": "您也是一如既往地滴答作响呢。"
    },
    {
      "id": 10,
      "content": "索德微笑的样子看起来和以前相差无几，但我们还是注意到了一点小小的变化。"
    },
    {
      "id": 11,
      "content": "例如她的制服与名牌与以往不同。"
    },
    {
      "id": 12,
      "model": "오티스",
      "content": "听说你升职了。先祝贺你一下吧。"
    },
    {
      "id": 13,
      "model": "뉴소드",
      "content": "嗯……没错，哈哈。"
    },
    {
      "id": 14,
      "content": "……但她的嘴角和眼角却萦绕着微妙的忧郁。"
    },
    {
      "id": 15,
      "model": "그레고르",
      "content": "喂……！"
    },
    {
      "id": 16,
      "model": "오티스",
      "content": "我是在为她因能力受到认可而获得的晋升表示祝贺，有什么不妥吗？"
    },
    {
      "id": 17,
      "model": "그레고르",
      "content": "你也知道吧，这种晋升意味着什么……"
    },
    {
      "id": 18,
      "model": "오티스",
      "content": "那确实是意义重大了。手不染血的晋升又能有什么意义呢？"
    },
    {
      "id": 19,
      "model": "그레고르",
      "content": "……你这人真是……"
    },
    {
      "id": 20,
      "model": "오티스",
      "content": "那我问你。如果她周围的人都像你这样吞吞吐吐的话，她又能从谁身上得到哪怕一点点的肯定与安慰呢？"
    },
    {
      "id": 21,
      "model": "그레고르",
      "content": "……"
    },
    {
      "id": 22,
      "model": "뉴소드",
      "content": "哎，只是吞吞吐吐还算好啦~毕竟我偶尔还能听到有人窃窃私语，说我是通过出卖同伴的性命换来的晋升。"
    },
    {
      "id": 23,
      "model": "뉴소드",
      "content": "在这一点上我得谢谢您，奥提斯女士。"
    },
    {
      "id": 24,
      "model": "오티스",
      "content": "……哼。"
    },
    {
      "id": 25,
      "model": "뉴소드",
      "content": "其实严格意义上来说，我除了大脑以外的部分都经历了死而复生。如果我的大脑遭到了破坏，就算是K公司的安瓿也无力回天。"
    },
    {
      "id": 26,
      "model": "싱클레어",
      "content": "……！那、那么埃菲先生是不是也……"
    },
    {
      "id": 27,
      "model": "뉴소드",
      "content": "埃菲最先被强制植入义体的部位，就是头部。"
    },
    {
      "id": 28,
      "model": "뉴소드",
      "content": "……这是验尸官的结论。"
    },
    {
      "id": 29,
      "model": "싱클레어",
      "content": "……"
    },
    {
      "id": 30,
      "model": "이스마엘",
      "content": "……好像不管是K公司的安瓿，还是生命保险……都无法复原大脑受到损伤的投保人。"
    },
    {
      "id": 31,
      "model": "뉴소드",
      "content": "……是这样的。"
    },
    {
      "id": 32,
      "model": "뉴소드",
      "content": "算了算了。我们难得一见，这种伤心的话题还是到此为止吧。"
    },
    {
      "id": 33,
      "model": "뉴소드",
      "content": "既然是来工作的，那就得干活了。让我们过渡到工作的话题吧，皮利托？"
    },
    {
      "id": 34,
      "model": "뉴파일럿",
      "content": "啊啊！好的！"
    },
    {
      "id": 35,
      "model": "뉴파일럿",
      "content": "所、所以说……我呢，偶然间结识到了贾家的相关人员！所以我把他带过来了！"
    },
    {
      "id": 36,
      "model": "뉴소드",
      "content": "……"
    },
    {
      "id": 37,
      "model": "그레고르",
      "content": "喂……这、这就结束了？"
    },
    {
      "id": 38,
      "model": "뉴파일럿",
      "content": "结、结束了。"
    },
    {
      "id": 39,
      "content": "正当众人因为无法得出任何情报的离谱简报，而哑口无言的时候……"
    },
    {
      "id": 40,
      "content": "好不容易打起精神的以实玛利看向了索德。"
    },
    {
      "id": 41,
      "model": "이스마엘",
      "content": "……索德小姐。可以拜托您说明一下详情吗？"
    },
    {
      "id": 42,
      "model": "뫼르소",
      "content": "这段发言使人意识到普及六何分析法的重要性与必要性。"
    },
    {
      "id": 43,
      "model": "뉴소드",
      "content": "哈哈。看来回去之后我们需要谈很多话了，皮利托。"
    },
    {
      "id": 44,
      "model": "뉴파일럿",
      "content": "呃……难道我又做错什么了！？"
    },
    {
      "id": 45,
      "model": "그레고르",
      "content": "嘘。嘘！皮利托先生。安静点。不然你的麻烦只会越来越多……"
    },
    {
      "id": 46,
      "content": "虽然格里高尔提醒了皮利托，但从索德那微微皱起的眉头来看，为时已晚。"
    },
    {
      "id": 47,
      "model": "뉴소드",
      "content": "……在下一轮重要作战开始之前，需要先找到H公司的相关人员。"
    },
    {
      "id": 48,
      "model": "뉴소드",
      "content": "这次我们事前观测科也依旧参与了行动……并成功与其中某人搭上了线。"
    },
    {
      "id": 49,
      "model": "홍루",
      "content": "噢~莫非是我们家族的人？"
    },
    {
      "id": 50,
      "model": "뉴소드",
      "content": "不是。毕竟这并非易事，而正当我们因此浪费时间的时候，皮利托通过另一种方式建立了人脉。"
    },
    {
      "id": 51,
      "model": "뉴소드",
      "content": "所以我还没少夸奖他来着……"
    },
    {
      "id": 52,
      "model": "뉴파일럿",
      "content": "呜呜……"
    },
    {
      "id": 53,
      "model": "뉴소드",
      "content": "咳。协助者曾经在贾家工作，但如今却离开了家族经营起了住宿行业。"
    },
    {
      "id": 54,
      "model": "오티스",
      "content": "那么一来就是远离了家族内部的斗争。与那些向我们发动攻击的人不同，会对我们有确实的帮助。"
    },
    {
      "id": 55,
      "model": "뉴소드",
      "content": "是的。而且皮利托报告说此人依旧对家族的人们心怀善意。"
    },
    {
      "id": 56,
      "teller": "？？？",
      "title": "？？？",
      "content": "虽说我已离开家族，但家族仍有恩于我，怎能忘恩负义？"
    },
    {
      "id": 57,
      "content": "仿佛是在回应索德的言语，陌生的嗓音从一旁传来。"
    },
    {
      "id": 58,
      "model": "경도",
      "content": "在此见过宝玉少爷的各位亲友。鄙人名唤庆涛。"
    },
    {
      "id": 59,
      "content": "此人一本正经地自我介绍了一番，说罢便将双手以一种奇怪的方式合了起来。"
    },
    {
      "id": 60,
      "model": "단테",
      "content": "<……啊，这是本地人行礼的方式吗？>"
    },
    {
      "id": 61,
      "model": "홍루",
      "content": "这是抱拳礼。是在有礼貌地表示他对我们没有敌意。"
    },
    {
      "id": 62,
      "model": "돈키호테",
      "content": "嗯！骑士之间相互握手的理由也与此一致！汝果然心怀骑士之道！"
    },
    {
      "id": 63,
      "model": "경도",
      "content": "嗯，确实如此！我还在担心少爷的同伴是何许人也，看来是些深谙西部知识的人。"
    },
    {
      "id": 64,
      "model": "경도",
      "content": "能为鄙人贫瘠的见解润以涓涓细流，实在感激不尽。"
    },
    {
      "id": 65,
      "model": "단테",
      "content": "<……>"
    },
    {
      "id": 66,
      "model": "단테",
      "content": "<有种熟悉的感觉？>"
    },
    {
      "id": 67,
      "model": "로쟈",
      "content": "不对吧，她最近变得更简洁一些了……相比之下那个人太天花乱坠了。不是吗？"
    },
    {
      "id": 68,
      "model": "단테",
      "content": "<那确实。他这个该怎么说呢，让人有点尴尬……>"
    },
    {
      "id": 69,
      "model": "싱클레어",
      "content": "两位，究竟在说些什么……？"
    },
    {
      "id": 70,
      "model": "경도",
      "content": "居然能通过钟表的滴答声进行沟通，虽说鄙人早就略有耳闻……"
    },
    {
      "id": 71,
      "model": "경도",
      "content": "如今亲眼所见，实属不可思议。即使路途短暂，倒也不会枯燥无味了。哈哈！"
    },
    {
      "id": 72,
      "model": "로쟈",
      "content": "那种拍马屁的感觉是不是有些相似……？"
    },
    {
      "id": 73,
      "model": "오티스",
      "content": "难不成，现在说的是我吗，你这家伙……？"
    },
    {
      "id": 74,
      "model": "뉴소드",
      "content": "咳咳……"
    },
    {
      "id": 75,
      "content": "或许是对自己一直以来的奉承感到自负……"
    },
    {
      "id": 76,
      "content": "奥提斯以颇为不快的表情摇着头向我靠近。"
    },
    {
      "id": 77,
      "model": "오티스",
      "content": "怎能说是相似呢？这是误会，执行经理！"
    },
    {
      "id": 78,
      "model": "오티스",
      "content": "我从未进行过那种只是一味堆砌华丽辞藻，华而不实的赞美……！"
    },
    {
      "id": 79,
      "model": "뉴소드",
      "content": "接下来的指引将由这位接手。那么，我们就……"
    },
    {
      "id": 80,
      "content": "索德呆呆地望着站在远处的维吉里乌斯，停下了话语。"
    },
    {
      "id": 81,
      "model": "뉴소드",
      "content": "我们终于见面了。猩红凝视大人……这一刻我等了好久。"
    },
    {
      "id": 82,
      "model": "뉴소드",
      "content": "想必埃菲也……"
    },
    {
      "id": 83,
      "model": "뉴파일럿",
      "content": "科、科长……"
    },
    {
      "id": 84,
      "model": "베르길리우스",
      "content": "……"
    },
    {
      "id": 85,
      "content": "维吉里乌斯应该是注意到了这道视线，向着索德微微点头后，便向着此处慢慢走来。"
    },
    {
      "id": 86,
      "model": "베르길리우스",
      "content": "索德科长。"
    },
    {
      "id": 87,
      "model": "베르길리우스",
      "content": "没必要拖太长时间。虽然我不介意帮你们那边工作上的忙，但还是让我们尽快完事吧。"
    },
    {
      "id": 88,
      "model": "뉴소드",
      "content": "这可是让人激动万分的第一次合作，请您再花点时间在上面吧~"
    },
    {
      "id": 89,
      "model": "그레고르",
      "content": "帮忙……？你是说向导老兄？"
    },
    {
      "id": 90,
      "model": "뉴소드",
      "content": "是的，很遗憾这次的计划不是由各位，而是由猩红凝视与我们一同处理LCC的业务。"
    },
    {
      "id": 91,
      "model": "카론",
      "content": "我们会坐着梅菲前往。布隆布隆。"
    },
    {
      "id": 92,
      "model": "뉴소드",
      "content": "嗯……或许没那么遗憾？回想起来与各位一同执行的任务每次都很艰苦……"
    },
    {
      "id": 93,
      "model": "로쟈",
      "content": "那、那时候嘛~"
    },
    {
      "id": 94,
      "model": "뉴소드",
      "content": "哈哈，只是开个玩笑而已。以后有机会的话我们再一起共事吧。"
    },
    {
      "id": 95,
      "model": "뉴파일럿",
      "content": "科长，我们的时间不多了……！"
    },
    {
      "id": 96,
      "model": "이스마엘",
      "content": "不是，临走前……至少得说明一下情况吧，维吉里乌斯先生？"
    },
    {
      "id": 97,
      "model": "베르길리우스",
      "content": "……详情就拜托浮士德小姐说明了。我很忙。"
    },
    {
      "id": 98,
      "model": "파우스트",
      "content": "就这样吧。"
    },
    {
      "id": 99,
      "content": "维吉里乌斯没有掩藏不满的表情，转身走向梅菲斯托费勒斯。"
    },
    {
      "id": 100,
      "model": "뉴소드",
      "content": "那么，后会有期。"
    },
    {
      "id": 101,
      "model": "뉴파일럿",
      "content": "下、下次……我也会变得可以独当一面的！"
    },
    {
      "id": 102,
      "model": "뉴파일럿",
      "content": "上、上次……实在是太悲催了……"
    },
    {
      "id": 103,
      "model": "뉴소드",
      "content": "皮利托，坐而言不如起而行。"
    },
    {
      "id": 104,
      "content": "索德与皮利托向我们默默行了个礼，随后便跟随维吉里乌斯离开了。"
    },
    {
      "id": 105,
      "content": "有几名罪人张了张嘴好似是想向他们说些什么，但最终什么话也没有说出口。"
    },
    {
      "id": 106,
      "content": "或许是因为他们也不清楚怎样告别才能不让气氛尴尬吧。"
    },
    {
      "id": 107,
      "model": "경도",
      "content": "那么，由我来带路吧。"
    },
    {
      "id": 108,
      "content": "又或者是因为，这个接下来将要负责我们去处的人站在旁边，让他们开不了口。"
    }
  ]
}