{
  "dataList": [
    {
      "id": 0,
      "place": "8区后巷 入口",
      "model": "뫼르소",
      "content": "那些冲上来的人似乎都已被消灭了。"
    },
    {
      "id": 1,
      "content": "战斗一结束，在远处藏身的协助者就急忙朝我们跑了过来。"
    },
    {
      "id": 2,
      "model": "오티스",
      "content": "……"
    },
    {
      "id": 3,
      "model": "경도",
      "content": "少爷！贵体无恙吧！"
    },
    {
      "id": 4,
      "model": "홍루",
      "content": "当然，毫发无损哦。"
    },
    {
      "id": 5,
      "model": "경도",
      "content": "虽说各位贵客都拥有着出色的武功……但其中少爷您的身手最为耀眼啊！"
    },
    {
      "id": 6,
      "model": "경도",
      "content": "鄙人，叹为观止！少爷竟练得这般武艺！"
    },
    {
      "id": 7,
      "model": "싱클레어",
      "content": "不是说贾家人从小……就要接受严酷的训练吗……"
    },
    {
      "id": 8,
      "model": "경도",
      "content": "咳，鄙人以为少爷在离开家族之后就不再修炼了……"
    },
    {
      "id": 9,
      "model": "싱클레어",
      "content": "话说……他们怎么知道我们在这的……？"
    },
    {
      "id": 10,
      "model": "경도",
      "content": "啊，鄙人认为……并不是因为我们被跟踪了。"
    },
    {
      "id": 11,
      "model": "경도",
      "content": "而是在后巷扎根之人……认出了少爷的尊容才袭击了我们。"
    },
    {
      "id": 12,
      "model": "홍루",
      "content": "嗯~我的脸好像没那么出名吧？"
    },
    {
      "id": 13,
      "model": "경도",
      "content": "家主选拔之日近在眼前，在鸿园中何人不识集家族长辈宠爱于一身的少爷您的面容呢。"
    },
    {
      "id": 14,
      "model": "경도",
      "content": "他们定是觉得您身上带着贵重之物才发动了袭击。"
    },
    {
      "id": 15,
      "content": "家主……贾惜春好像也说过类似的话。"
    },
    {
      "id": 16,
      "model": "홍루",
      "content": "……嗯~"
    },
    {
      "id": 17,
      "model": "홍루",
      "content": "大家都误会了呢。长辈们想要的贵重之物……我一件也没带回来。"
    },
    {
      "id": 18,
      "model": "경도",
      "content": "果然少爷直到现在都……？"
    },
    {
      "id": 19,
      "model": "홍루",
      "content": "毕竟我对那些东西一点兴趣也没有嘛~"
    },
    {
      "id": 20,
      "model": "홍루",
      "content": "而且其他兄弟姐妹比我更适合家主之位吧。"
    },
    {
      "id": 21,
      "model": "경도",
      "content": "哈啊，怎么会……"
    },
    {
      "id": 22,
      "model": "경도",
      "content": "咳，不。那真是万幸。"
    },
    {
      "id": 23,
      "model": "이상",
      "content": "……万幸吗？"
    },
    {
      "id": 24,
      "model": "경도",
      "content": "啊……因为参加家主选拔是非常危险的事。少爷不参加的话鄙人心里也算是踏实了些。"
    },
    {
      "id": 25,
      "model": "단테",
      "content": "<倒是知道是哪方面万幸了……>"
    },
    {
      "id": 26,
      "model": "그레고르",
      "content": "总之算是解决了一群……暂时能消停一会了吧？"
    },
    {
      "id": 27,
      "model": "로쟈",
      "content": "……怎么突然说那种令人不安的话，格雷格？"
    },
    {
      "id": 28,
      "model": "료슈",
      "content": "呵呵。"
    },
    {
      "id": 29,
      "model": "싱클레어",
      "content": "良、良秀小姐发笑的话我也开始觉得不安了。"
    },
    {
      "id": 30,
      "model": "경도",
      "content": "请不要担心。我们将走更幽僻的路，在到达前会更安全一些。"
    },
    {
      "id": 31,
      "model": "오티스",
      "content": "……仍难以理解。这种容易被袭击的地方反而会没有敌人吗？"
    },
    {
      "id": 32,
      "model": "경도",
      "content": "鸿园的构造与其他地区截然不同。"
    },
    {
      "id": 33,
      "model": "오티스",
      "content": "……姑且跟着你。"
    },
    {
      "id": 34,
      "content": "奥提斯似乎无话可说，轻轻闭了会眼睛，然后把头转向以实玛利。"
    },
    {
      "id": 35,
      "model": "오티스",
      "content": "喂，以实玛利。你肯定在哪拿到了这里的手册吧？"
    },
    {
      "id": 36,
      "model": "이스마엘",
      "content": "……难不成，你想要一本吗？"
    },
    {
      "id": 37,
      "model": "오티스",
      "content": "除此之外还能有其他提问的理由吗？"
    },
    {
      "id": 38,
      "model": "이스마엘",
      "content": "不是……快一年了都没人听的话，突然有人听得进去当然会感到不可思议吧。总算是……"
    },
    {
      "id": 39,
      "model": "오티스",
      "content": "……如果你只想发表无用的感想，我就自己想办法获取信息。"
    },
    {
      "id": 40,
      "model": "이스마엘",
      "content": "啊，不。在这。"
    },
    {
      "id": 41,
      "model": "오티스",
      "content": "嗯。"
    },
    {
      "id": 42,
      "content": "奥提斯打开手册，仿佛不想落下手册上的任何内容一般皱着眉头，紧跟在向导的身后。"
    },
    {
      "id": 43,
      "content": "……她看上去怎样都无法消除疑心。"
    }
  ]
}