{
  "dataList": [
    {
      "id": 0,
      "place": "8区后巷 入口",
      "teller": "歌声",
      "title": "？？？",
      "content": "心藏怨艾深且阔，唯有涤净可解脱~"
    },
    {
      "id": 1,
      "teller": "歌声",
      "title": "？？？",
      "content": "若逢远客来访过，燃火门中星将落~"
    },
    {
      "id": 2,
      "model": "싱클레어",
      "content": "是、是这边没错吧？从刚刚起就一直传来奇怪的歌声……"
    },
    {
      "id": 3,
      "model": "경도",
      "content": "街上到处都是盯上了少爷的人，肯定也没法走正常的路吧。"
    },
    {
      "id": 4,
      "content": "正如他所说的，因为天色已暗所以再也没人袭击了。"
    },
    {
      "id": 5,
      "content": "虽然过往的行人太少也让我有些不安，但在现在的情况下，反而可能是件好事。"
    },
    {
      "id": 6,
      "model": "경도",
      "content": "那首歌……是几个月前在后巷流行起来的曲子。"
    },
    {
      "id": 7,
      "model": "그레고르",
      "content": "作为热门曲来说，这歌词稍微有点……诡异啊。"
    },
    {
      "id": 8,
      "model": "경도",
      "content": "某一天，人们开始口口传唱这些词句……从被灭门的孔家开始……"
    },
    {
      "id": 9,
      "model": "경도",
      "content": "咳咳。剩下的话不适合在这里说。等有机会了鄙人一定告诉各位。"
    },
    {
      "id": 10,
      "model": "홍루",
      "content": "以前有这首歌吗？"
    },
    {
      "id": 11,
      "model": "싱클레어",
      "content": "鸿璐先生是第一次听这首歌吗？"
    },
    {
      "id": 12,
      "model": "히스클리프",
      "content": "在温室里娇生惯养长大的小少爷还是第一次来后巷吧。那肯定没听过这种歌咯。"
    },
    {
      "id": 13,
      "model": "홍루",
      "content": "唔~虽然我不是第一次来后巷……但希斯克利夫先生说的也不算错。"
    },
    {
      "id": 14,
      "model": "홍루",
      "content": "我大部分时间都是在自己的屋子里度过的呢。"
    },
    {
      "id": 15,
      "model": "경도",
      "content": "那正是因为少爷您是如此重要的人啊。"
    },
    {
      "id": 16,
      "model": "경도",
      "content": "最为珍贵的璀璨宝玉，必须藏在主屋深处无人可以触及的隐秘场所才对吧！"
    },
    {
      "id": 17,
      "model": "오티스",
      "content": "……"
    },
    {
      "id": 18,
      "model": "오티스",
      "content": "我没那么过分吧……？"
    },
    {
      "id": 19,
      "model": "이상",
      "content": "……至少近期，不曾那样。"
    },
    {
      "id": 20,
      "model": "단테",
      "content": "<嗯……>"
    },
    {
      "id": 21,
      "content": "这么说来，他好像说自己以前在贾家工作过……"
    },
    {
      "id": 22,
      "model": "단테",
      "content": "<鸿璐，你认识他吗？>"
    },
    {
      "id": 23,
      "model": "홍루",
      "content": "我吗？嗯……"
    },
    {
      "id": 24,
      "model": "경도",
      "content": "……少爷？为何那样看着我的脸……"
    },
    {
      "id": 25,
      "model": "홍루",
      "content": "啊……"
    },
    {
      "id": 26,
      "content": "鸿璐像是想到了什么，将到嘴的话咽了回去后看向我。"
    },
    {
      "id": 27,
      "content": "随后……"
    },
    {
      "id": 28,
      "model": "홍루",
      "content": "没什么。我们只要沿着这个方向继续走就可以了吗？"
    },
    {
      "id": 29,
      "model": "경도",
      "content": "没错。还请放心，这里的地理环境鄙人了然于心。"
    },
    {
      "id": 30,
      "content": "鸿璐将话题轻轻带过后，对着我摇了摇头。"
    },
    {
      "id": 31,
      "content": "看他的态度……像是不想将我们拥有的情报与庆涛共享。"
    },
    {
      "id": 32,
      "model": "단테",
      "content": "<……有什么可疑之处吗？>"
    },
    {
      "id": 33,
      "model": "홍루",
      "content": "……"
    },
    {
      "id": 34,
      "model": "파우스트",
      "content": "……谨慎不会有错。即使他是协助者，也只是暂时的。"
    },
    {
      "id": 35,
      "model": "오티스",
      "content": "从皮利托那菜鸟的言行来看，我们还是保持警惕为好。"
    },
    {
      "id": 36,
      "content": "在鸿璐和向导说着什么时，浮士德和奥提斯来到我的身边。"
    },
    {
      "id": 37,
      "content": "确实，考虑到以往的经历……"
    },
    {
      "id": 38,
      "content": "也不能因为是协助者就完全信任他。"
    },
    {
      "id": 39,
      "content": "因为心里已经产生的不信任感，我与向导保持了一定距离后才对浮士德提问。"
    },
    {
      "id": 40,
      "model": "단테",
      "content": "<说起来，刚刚是要维吉里乌斯说明什么？虽然说了是要帮工作上的忙……>"
    },
    {
      "id": 41,
      "model": "파우스트",
      "content": "……是关于呼啸山庄一事的后续处理。"
    },
    {
      "id": 42,
      "model": "이스마엘",
      "content": "……啊。"
    },
    {
      "id": 43,
      "model": "파우스트",
      "content": "由于他违反了和公司签订的重要条款，可以理解为他正在承担相应的责任。"
    },
    {
      "id": 44,
      "content": "……我回忆起似乎已经过去很久的那件事。"
    },
    {
      "id": 45,
      "model": "단테",
      "content": "<那稍微有点可怜啊……他明明是在我们最危险的时候来帮忙的。>"
    },
    {
      "id": 46,
      "model": "히스클리프",
      "content": "哈？！是因为我那会儿的事才害得那家伙被带走的吗？！"
    },
    {
      "id": 47,
      "model": "경도",
      "content": "……各位贵客有什么问题吗？"
    },
    {
      "id": 48,
      "model": "로쟈",
      "content": "啊、啊哈哈！没什么啦！对吧，良秀？"
    },
    {
      "id": 49,
      "model": "히스클리프",
      "content": "噶！"
    },
    {
      "id": 50,
      "model": "료슈",
      "content": "屏·吸。蠢货。"
    },
    {
      "id": 51,
      "model": "로쟈",
      "content": "默尔索，咱们的希斯好像略微有点累，你能照看他一下吗？"
    },
    {
      "id": 52,
      "model": "뫼르소",
      "content": "可以。"
    },
    {
      "id": 53,
      "content": "瞬间，良秀用刀柄猛地捅向希斯克利夫的腹部，失去平衡的希斯克利夫就那么被默尔索抱了起来。"
    },
    {
      "id": 54,
      "model": "단테",
      "content": "<罗佳……？>"
    },
    {
      "id": 55,
      "model": "로쟈",
      "content": "我啊~很讨厌在大家说悄悄话的时候不看气氛地大喊大叫的人呢~"
    },
    {
      "id": 56,
      "model": "로쟈",
      "content": "但丁也一样吧？"
    },
    {
      "id": 57,
      "model": "단테",
      "content": "<嗯、嗯……>"
    },
    {
      "id": 58,
      "content": "总感觉要是不赞同会发生很不好的事情，我慌忙点头同意。"
    },
    {
      "id": 59,
      "content": "虽然我觉得哪怕不同意，罗佳也不会对我做一样的事……"
    },
    {
      "id": 60,
      "model": "파우스트",
      "content": "……这次罗佳和良秀的判断是正确的。我们不能将公司的机密内容透露给外人。"
    },
    {
      "id": 61,
      "model": "이스마엘",
      "content": "让我想起来之前他没举手就提问，结果被打晕了好一会的事情。看样子他还是一样不会看气氛。"
    },
    {
      "id": 62,
      "model": "오티스",
      "content": "嗯。没有造成伤亡，不错的安保措施。"
    },
    {
      "id": 63,
      "model": "로쟈",
      "content": "哼哼，我了不起吧？"
    },
    {
      "id": 64,
      "content": "……待遇降到底层的希斯克利夫虽然有些可怜，但也没办法。"
    },
    {
      "id": 65,
      "model": "경도",
      "content": "没什么大事就好……"
    },
    {
      "id": 66,
      "model": "경도",
      "content": "然恕我直言，眼下似乎遇上麻烦了。"
    },
    {
      "id": 67,
      "content": "我听了他的话环顾四周，发现我们不知不觉间被手持武器的人们包围了。"
    },
    {
      "id": 68,
      "model": "그레고르",
      "content": "喂，你不是说往这边走不会遇到袭击吗？"
    },
    {
      "id": 69,
      "model": "경도",
      "content": "鄙人自认为已经带领各位避开不少袭击了。但被一些直觉比较准的家伙觅得痕迹……也是难免的事呀。"
    },
    {
      "id": 70,
      "model": "오티스",
      "content": "啧。让你协助不就是为了预防这些事发生吗？"
    },
    {
      "id": 71,
      "model": "이스마엘",
      "content": "哎……是非对错等会儿再追究吧。总之……还是把他们先制服比较好。"
    },
    {
      "id": 72,
      "model": "뫼르소",
      "content": "嗯。需要让他们无法向外界透露我们在此处的信息。"
    },
    {
      "id": 73,
      "model": "로쟈",
      "content": "没错。但是，庆涛先生。你打算悄悄去哪儿呢？"
    },
    {
      "id": 74,
      "model": "경도",
      "content": "鄙人对战斗一窍不通，还是站在后方为好。而少爷和各位贵客都很强……"
    },
    {
      "id": 75,
      "content": "庆涛不知什么时候已经退到了我们身后。"
    },
    {
      "id": 76,
      "model": "단테",
      "content": "<……浮士德，有关于他们的情报吗？>"
    },
    {
      "id": 77,
      "model": "파우스트",
      "content": "有。不过，即使不需要Gesellschaft的信息，也能知道没有和他们谈判的余地。"
    },
    {
      "id": 78,
      "model": "오티스",
      "content": "……来了。"
    },
    {
      "id": 79,
      "model": "단테",
      "content": "<默尔索……可以把希斯克利夫叫醒然后放他下来了。>"
    },
    {
      "id": 80,
      "model": "뫼르소",
      "content": "我明白了。"
    }
  ]
}