{
  "dataList": [
    {
      "id": 0,
      "place": "8区后巷 入口",
      "content": "我们一边朝着某个方向不停狂奔……"
    },
    {
      "id": 1,
      "content": "……一边抵挡着源源不断的敌人。"
    },
    {
      "id": 2,
      "model": "히스클리프",
      "content": "喂！不是说到这前面就会走得轻松了吗！搞什么鬼？！"
    },
    {
      "id": 3,
      "model": "경도",
      "content": "看来他们是注意到了少爷那耀眼的尊容……"
    },
    {
      "id": 4,
      "model": "이스마엘",
      "content": "我们不是进入了人少的地方吗？怎么遇到的敌人比入口处的还多！？"
    },
    {
      "id": 5,
      "model": "경도",
      "content": "正如我所述……是少爷那……"
    },
    {
      "id": 6,
      "model": "이스마엘",
      "content": "要辩解的话至少找点别的借口啊……！"
    },
    {
      "id": 7,
      "model": "오티스",
      "content": "鉴于袭击者的所属各不相同，此人或许并未说谎……"
    },
    {
      "id": 8,
      "content": "由于找不出什么确凿的疑点，奥提斯面带困惑地摆弄着手册。"
    },
    {
      "id": 9,
      "model": "홍루",
      "content": "没有所属的人却来袭击贾家的成员……"
    },
    {
      "id": 10,
      "model": "홍루",
      "content": "最近后巷的各位变得相当大胆了呢。以前都只是在我们经过的时候跪伏在路边，连看到他们的脸都很难……现在好起来了呢！"
    },
    {
      "id": 11,
      "model": "히스클리프",
      "content": "哪里好了！我们到底还得走多久？"
    },
    {
      "id": 12,
      "model": "경도",
      "content": "……客栈就快到了，无须担心。"
    },
    {
      "id": 13,
      "content": "原本显得有些忧心忡忡的向导，此刻的神情似乎已经趋于稳定。"
    },
    {
      "id": 14,
      "content": "是因为他已经习惯了袭击，还是……"
    },
    {
      "id": 15,
      "model": "로쟈",
      "content": "说起来，从刚才起就一直提到的客栈……客栈是什么？"
    },
    {
      "id": 16,
      "model": "파우스트",
      "content": "是一种住宿场所。"
    },
    {
      "id": 17,
      "model": "로쟈",
      "content": "住宿……就像酒店吗？！"
    },
    {
      "id": 18,
      "model": "로쟈",
      "content": "呼呼，那应该是个很不错的地方吧？他们会给些迎宾餐点吗，像WARP列车时那样？"
    },
    {
      "id": 19,
      "model": "이스마엘",
      "content": "虽然不知道会不会那样……但客栈似乎也会卖酒和食物，也许我们能在那里吃上一顿。"
    },
    {
      "id": 20,
      "model": "그레고르",
      "content": "在那里的话，呃。应该不会再遇到这样的袭击了吧？"
    },
    {
      "id": 21,
      "model": "경도",
      "content": "居所不可侵。住宅区内部的争斗，自然是鸿园里本区本层的禁忌。"
    },
    {
      "id": 22,
      "model": "이상",
      "content": "禁忌……如此便能喘息片刻。"
    },
    {
      "id": 23,
      "content": "我看到浮士德挑了挑眉毛，像听到了什么荒唐的话一般朝我看来……之后去问问她吧。"
    },
    {
      "id": 24,
      "model": "그레고르",
      "content": "真是的，既然要选家主还是当主什么的，为什么不能到那时候再打打杀杀……"
    },
    {
      "id": 25,
      "model": "홍루",
      "content": "因为那样的话就太晚了。"
    },
    {
      "id": 26,
      "model": "그레고르",
      "content": "嗯……？太晚了？"
    },
    {
      "id": 27,
      "model": "홍루",
      "content": "是的，每一位家主候选人……前来时都一定带着极其珍贵的东西。"
    },
    {
      "id": 28,
      "model": "홍루",
      "content": "如果他们都相信自己的东西最为珍贵就好了，但是……"
    },
    {
      "id": 29,
      "model": "이스마엘",
      "content": "我明白了，是要抢夺其他候选人带来的东西对吧。毕竟别人带来的可能更加珍贵。"
    },
    {
      "id": 30,
      "model": "홍루",
      "content": "顺便~要是能把对方的性命也夺走的话，就能省去不少麻烦呢。"
    },
    {
      "id": 31,
      "model": "그레고르",
      "content": "……你们家族就是以这种逻辑运转的吗？"
    },
    {
      "id": 32,
      "model": "홍루",
      "content": "呼呼，其他家族好像也没什么不同吧？"
    },
    {
      "id": 33,
      "model": "히스클리프",
      "content": "……啧。"
    },
    {
      "id": 34,
      "model": "경도",
      "content": "打扰各位对谈，鄙人诚惶诚恐……"
    },
    {
      "id": 35,
      "model": "경도",
      "content": "但我们若不早些动身，只怕是会招来祸端。"
    },
    {
      "id": 36,
      "content": "向导如此说着，低头看向了从怀中取出的表。"
    },
    {
      "id": 37,
      "model": "경도",
      "content": "毕竟很快……就要入夜了。"
    }
  ]
}