{
  "dataList": [
    {
      "id": 0,
      "place": "8区后巷 某处",
      "model": "경도",
      "content": "好了，我们到了。"
    },
    {
      "id": 1,
      "model": "싱클레어",
      "content": "哈啊、哈啊……是这里吗……？"
    },
    {
      "id": 2,
      "content": "穿过令人眼花缭乱的蜿蜒小巷，不知不觉间，我们眼前出现了一片小楼杂乱地聚在一起的景象。"
    },
    {
      "id": 3,
      "content": "坐落于其正中的建筑物上，有着显眼的红灯笼和用难以辨认的文字潦草书写的门牌。"
    },
    {
      "id": 4,
      "model": "로쟈",
      "content": "比我想象中要寒碜呢……？让你们家少爷住这里，是不是有点寒酸了？"
    },
    {
      "id": 5,
      "model": "경도",
      "content": "那边是别的建筑。迎接各位贵客的地方是这里。"
    },
    {
      "id": 6,
      "model": "로쟈",
      "content": "果然是这样吧？我从鸿璐那里听说过了~至少在豪华这块……欸？"
    },
    {
      "id": 7,
      "content": "我们顺着庆涛手指的方向……看到了一栋外墙被涂得一片漆黑、如同小仓库般的建筑。"
    },
    {
      "id": 8,
      "content": "仅从外表来看，感觉它比梅菲斯托费勒斯还要小……"
    },
    {
      "id": 9,
      "model": "단테",
      "content": "<……我们真的都能挤进去吗？>"
    },
    {
      "id": 10,
      "model": "로쟈",
      "content": "那、那个……那栋楼别说是给你们少爷了，就算是给我们住也有点太破旧了吧？！"
    },
    {
      "id": 11,
      "model": "경도",
      "content": "这里是我管理的客栈中最近的地方……因为是在后巷之中，果然还是有很多不足……"
    },
    {
      "id": 12,
      "model": "경도",
      "content": "只能准备到这种程度，十分抱歉，少爷……"
    },
    {
      "id": 13,
      "model": "홍루",
      "content": "有时候条件不足也是难免的嘛~不过，看起来住一晚倒是没什么问题呢？"
    },
    {
      "id": 14,
      "model": "이스마엘",
      "content": "你疯了吗？我们甚至都不确定能不能全部进去……"
    },
    {
      "id": 15,
      "model": "경도",
      "content": "……虽然本想把各位贵宾请到中央区域的主宅里更好一点的地方的。"
    },
    {
      "id": 16,
      "model": "경도",
      "content": "但不管怎么说，眼下……"
    },
    {
      "id": 17,
      "model": "료슈",
      "content": "哦……清扫的浪潮。"
    },
    {
      "id": 18,
      "model": "단테",
      "content": "<嗯……不应该是从凌晨3点13分开始的吗……？看样子还有不少时间呢。>"
    },
    {
      "id": 19,
      "model": "이스마엘",
      "content": "对啊。现在我们应该有足够的时间赶到主宅吧？"
    },
    {
      "id": 20,
      "model": "이스마엘",
      "content": "根据H巢的观光指南来看，从这里到中央区域只需要一个小时左右……"
    },
    {
      "id": 21,
      "model": "경도",
      "content": "各位贵宾曾经光临过8区吗？"
    },
    {
      "id": 22,
      "model": "이스마엘",
      "content": "啊，没有。实际上我是第一次来这里。但是……"
    },
    {
      "id": 23,
      "model": "경도",
      "content": "既然如此，对于此处您未曾亲身经历的事情……又怎能仅凭一本书便轻易断言呢？"
    },
    {
      "id": 24,
      "model": "경도",
      "content": "无数密集而繁茂的钢铁森林。因建筑定期移动而时刻变化的道路。还有失去理智的后巷帮派和事务所的无差别袭击！"
    },
    {
      "id": 25,
      "model": "경도",
      "content": "对此地的现象妄加揣测无异于自取灭亡。连小孩子都明白这个道理。"
    },
    {
      "id": 26,
      "model": "이스마엘",
      "content": "……"
    },
    {
      "id": 27,
      "model": "경도",
      "content": "对于您的见识短浅，鄙人不禁深感痛惜。"
    },
    {
      "id": 28,
      "model": "단테",
      "content": "<总觉得……刚刚他和以实玛利解释大湖情况时的样子很像呢。>"
    },
    {
      "id": 29,
      "model": "이스마엘",
      "content": "请闭嘴吧，但丁。"
    },
    {
      "id": 30,
      "model": "오티스",
      "content": "不过既然手册中都写了的话，也就是说理论上是可行的吧？"
    },
    {
      "id": 31,
      "content": "这时，奥提斯突然插话道。"
    },
    {
      "id": 32,
      "content": "她一只手上不知何时拿到了以实玛利之前提到的那本H巢观光手册。"
    },
    {
      "id": 33,
      "model": "오티스",
      "content": "和连带路都做不好的你不同，如果由执行经理带领我们前进的话，我们肯定能在深宵到来前抵达。"
    },
    {
      "id": 34,
      "model": "단테",
      "content": "<……我吗？>"
    },
    {
      "id": 35,
      "model": "이상",
      "content": "看起来，没有办法达成共识啊……"
    },
    {
      "id": 36,
      "model": "경도",
      "content": "好吧。那鄙人就直说了吧。"
    },
    {
      "id": 37,
      "model": "경도",
      "content": "鄙人的本职是带领少爷和各位贵宾去往中央区域。而保护少爷的安全是我的使命。"
    },
    {
      "id": 38,
      "model": "경도",
      "content": "如果尝试勉强突围……没错，是可能的。在后巷深宵到来前抵达主宅，绝非不可能。"
    },
    {
      "id": 39,
      "model": "오티스",
      "content": "……嗯。"
    },
    {
      "id": 40,
      "model": "경도",
      "content": "然而！如果在此过程中少爷有可能遇见危险，那就是本末倒置。鄙人的任务目标并非尽快将少爷带到主宅，而是平安护送少爷，不是吗！"
    },
    {
      "id": 41,
      "model": "오티스",
      "content": "嚯！"
    },
    {
      "id": 42,
      "model": "경도",
      "content": "无论何事，在计划之中应当重视目的。现在还不知道威胁少爷安全的无赖们的袭击要持续到何时……因此鄙人判断就此继续前进是本末倒置。"
    },
    {
      "id": 43,
      "model": "오티스",
      "content": "你……不、你小子……！"
    },
    {
      "id": 44,
      "model": "오티스",
      "content": "真令人佩服啊。你准确遵守了作为计划一部分的人应当具备的原则。如果真心为应当辅佐之人着想，果然这样的态度才是正确的。"
    },
    {
      "id": 45,
      "model": "이스마엘",
      "content": "你怎么这时候和他看对眼了……？"
    },
    {
      "id": 46,
      "model": "오티스",
      "content": "我似乎误解你了。"
    },
    {
      "id": 47,
      "model": "경도",
      "content": "……嗯。"
    },
    {
      "id": 48,
      "model": "오티스",
      "content": "那些家伙说你先前的那些发言和我的很相似，让我一度十分恼火……"
    },
    {
      "id": 49,
      "model": "경도",
      "content": "嗯嗯！"
    },
    {
      "id": 50,
      "model": "오티스",
      "content": "但你只是在尽忠而已啊！"
    },
    {
      "id": 51,
      "model": "경도",
      "content": "哈哈哈！没想到会有人理解我的这份忠义之心。少爷选择友人的眼光也成长到十分出色的地步了呢，鄙人安心了。"
    },
    {
      "id": 52,
      "model": "오티스",
      "content": "哈哈哈！这小子真是！"
    },
    {
      "id": 53,
      "model": "그레고르",
      "content": "不知不觉间他们成为朋友了呢……"
    },
    {
      "id": 54,
      "model": "오티스",
      "content": "咳咳。略微有些激动了。总之，正如这位所说，就此继续前进很有可能遭遇袭击。"
    },
    {
      "id": 55,
      "model": "단테",
      "content": "<奥提斯……站到他那边去了呢……>"
    },
    {
      "id": 56,
      "content": "正当我这么想的时候，似乎和奥提斯的视线在一瞬间接触了。"
    },
    {
      "id": 57,
      "content": "她那严肃的表情，以及轻轻低头的姿态……"
    },
    {
      "id": 58,
      "content": "难、难道是打算离开吗？！要说“迄今为止感谢各位”了吗？！"
    },
    {
      "id": 59,
      "model": "오티스",
      "content": "这个旅馆的环境……看上去也比露营帐篷要好不少，在这里消解疲劳后再行动才是正确的吧。"
    },
    {
      "id": 60,
      "model": "이상",
      "content": "之前提出反对的人不就是奥提斯女士吗……"
    },
    {
      "id": 61,
      "model": "이스마엘",
      "content": "……唉，算了。大家似乎都接受了，总之进去吧。"
    },
    {
      "id": 62,
      "model": "경도",
      "content": "呼。能得到各位如此宽容的理解，鄙人实在不胜感激。"
    },
    {
      "id": 63,
      "content": "男人虽然嘴上十分坚决，但与之相反，他的脸上浮现出某种放心的表情，将拳掌合在一起行礼。"
    },
    {
      "id": 64,
      "model": "이상",
      "content": "现代建筑无法仅从外观估量……若是踏入内部，或许能目视到完全不同的场景。不必如此忧心……"
    },
    {
      "id": 65,
      "content": "伴随着罗佳“要是那样就好了呢~”的叹息声，我们走入了建筑物。"
    },
    {
      "id": 66,
      "place": "客栈 休息区",
      "model": "히스클리프",
      "content": "哦……？真的呢？里面意外地整洁呢。"
    },
    {
      "id": 67,
      "model": "이상",
      "content": "相当有古风之趣。整面墙上描绘的山水画作，确实让人感到独有的风情。"
    },
    {
      "id": 68,
      "model": "단테",
      "content": "<而且与外表不同，里面意外地宽敞呢。这里也使用了空间扩张技术之类的东西吗？>"
    },
    {
      "id": 69,
      "model": "파우스트",
      "content": "不。仅仅是因为周围堆叠的建筑物才显得狭小的吧。"
    },
    {
      "id": 70,
      "model": "경도",
      "content": "那么，鄙人已经将门打开了。请各位慢慢谈话，鄙人会在旁边的小屋中待命。"
    },
    {
      "id": 71,
      "content": "在罪人们兴奋的喧闹声中，男人浮现出生硬的微笑，离开了房间……"
    },
    {
      "id": 72,
      "model": "홍루",
      "content": "……"
    },
    {
      "id": 73,
      "content": "鸿璐从稍远一些的地方，望着如此离去的向导的背影。"
    },
    {
      "id": 74,
      "content": "他的表情，如同在观望云或花、亦或是风。"
    },
    {
      "id": 75,
      "content": "但他那眼瞳并未闪烁，仿佛观望到的云是乌云、花是枯花、风是骤风……"
    },
    {
      "id": 76,
      "model": "단테",
      "content": "<你有……什么在意的事情吗，鸿璐？>"
    },
    {
      "id": 77,
      "content": "我不经意地向鸿璐问道。"
    },
    {
      "id": 78,
      "model": "홍루",
      "content": "似乎还没有。"
    },
    {
      "id": 79,
      "model": "단테",
      "content": "<……嗯？>"
    },
    {
      "id": 80,
      "content": "还没有？"
    },
    {
      "id": 81,
      "teller": "？？？",
      "title": "？？？",
      "content": "哪怕是哥哥，似乎也觉得他可疑呢？"
    },
    {
      "id": 82,
      "content": "就在那时，从鸿璐稍微下方一点的地方传来了熟悉的声音。"
    },
    {
      "id": 83,
      "model": "홍루",
      "content": "哇，惜春！这么快就再会了呢？"
    },
    {
      "id": 84,
      "model": "가시춘",
      "title": "贾家",
      "content": "我说过的吧，感觉我们很快就会再度相见了。"
    },
    {
      "id": 85,
      "model": "웨이",
      "title": "贾家",
      "content": "您看上去一切都好，少爷。"
    },
    {
      "id": 86,
      "model": "홍루",
      "content": "卫先生看上去也身体康健呢。哎呀？这么说惜春也住在这里吗？"
    },
    {
      "id": 87,
      "model": "가시춘",
      "title": "贾家",
      "content": "本来我甚至都不会踏入这种地方的……"
    },
    {
      "id": 88,
      "model": "가시춘",
      "title": "贾家",
      "content": "但回主宅的道路入口处似乎开始建起了什么大型工程，我只能从后巷走了。"
    },
    {
      "id": 89,
      "content": "……被那个突如其来的工程打得措手不及的，似乎不止一个两个。"
    },
    {
      "id": 90,
      "model": "돈키호테",
      "content": "哦哦哦！汝、汝等！"
    },
    {
      "id": 91,
      "model": "가시춘",
      "title": "贾家",
      "content": "哇……"
    },
    {
      "id": 92,
      "content": "正得意洋洋地对鸿璐说着话的惜春，表情在一瞬间染上了困惑。"
    },
    {
      "id": 93,
      "model": "가시춘",
      "title": "贾家",
      "content": "那个人……又失去了记忆、再度与你们会合了吗？"
    },
    {
      "id": 94,
      "model": "홍루",
      "content": "不，堂吉诃德小姐和往常一样。"
    },
    {
      "id": 95,
      "model": "돈키호테",
      "content": "咳、咳咳……"
    },
    {
      "id": 96,
      "model": "가시춘",
      "title": "贾家",
      "content": "但是……她那愚笨的气质……"
    },
    {
      "id": 97,
      "model": "돈키호테",
      "content": "惜？春？！吾、吾等去那~边的休息室，稍微聊下迄今未能谈论之事吧……"
    },
    {
      "id": 98,
      "model": "가시춘",
      "title": "贾家",
      "content": "……"
    },
    {
      "id": 99,
      "model": "가시춘",
      "title": "贾家",
      "content": "啊，确实。稍等一下。"
    },
    {
      "id": 100,
      "content": "听到堂吉诃德记忆完整的话语后，贾惜春像是在思考什么一般，一动不动地凝视着她……"
    },
    {
      "id": 101,
      "content": "然后快速向她走近了几步。"
    },
    {
      "id": 102,
      "model": "가시춘",
      "title": "贾家",
      "content": "就这么办吧？也不错。卫，在我和这个人谈话的时候，去选好住宿的房间吧。"
    },
    {
      "id": 103,
      "model": "돈키호테",
      "content": "嗯……嗯？"
    },
    {
      "id": 104,
      "model": "가시춘",
      "title": "贾家",
      "content": "怎么了？不是要稍微聊下迄今未能谈论之事吗。"
    },
    {
      "id": 105,
      "model": "돈키호테",
      "content": "那个……经、经理老爷……！"
    },
    {
      "id": 106,
      "model": "파우스트",
      "content": "……人才流失可是会成为重大问责事项的，但丁。"
    },
    {
      "id": 107,
      "model": "단테",
      "content": "<如果能好好相处的话，不是挺好的吗？>"
    },
    {
      "id": 108,
      "model": "홍루",
      "content": "呵呵，看上去惜春很中意堂吉诃德小姐呢。竟然那样捉弄她。"
    },
    {
      "id": 109,
      "model": "이스마엘",
      "content": "我觉得她中意的不是堂吉诃德小姐，而是那时候见到的“堂吉诃德小姐的力量”……"
    },
    {
      "id": 110,
      "model": "웨이",
      "title": "贾家",
      "content": "小姐，您这样会让人困扰——"
    },
    {
      "id": 111,
      "model": "가시춘",
      "title": "贾家",
      "content": "明白了……待会再说吧。好了，走吧。"
    },
    {
      "id": 112,
      "content": "惜春就像是有些遗憾般小小叹了口气，向着大厅深处走去……"
    },
    {
      "id": 113,
      "model": "단테",
      "content": "<我们……也进去吧。>"
    },
    {
      "id": 114,
      "content": "我和罪人们也跟在后面，向旅馆的深处走去。"
    }
  ]
}