{
  "dataList": [
    {
      "id": 0,
      "place": "客栈 前堂",
      "model": "싱클레어",
      "content": "……"
    },
    {
      "id": 1,
      "model": "싱클레어",
      "content": "……"
    },
    {
      "id": 2,
      "content": "大家一边在客栈里四处打量，一边热闹地讨论着，唯独辛克莱看起来十分不安。"
    },
    {
      "id": 3,
      "model": "단테",
      "content": "<辛克莱？>"
    },
    {
      "id": 4,
      "model": "싱클레어",
      "content": "这、这里像是有些奇怪。"
    },
    {
      "id": 5,
      "model": "이상",
      "content": "在叫我吗？"
    },
    {
      "id": 6,
      "model": "로쟈",
      "content": "好久没听过这个笑话了~"
    },
    {
      "id": 7,
      "model": "싱클레어",
      "content": "我没在叫您……不、总之！就……就没有谁觉得这里有点奇怪吗？"
    },
    {
      "id": 8,
      "model": "로쟈",
      "content": "噢！没错，你提醒我了。我也在想是不是只有我觉得奇怪呢。"
    },
    {
      "id": 9,
      "model": "싱클레어",
      "content": "罗佳小姐……！"
    },
    {
      "id": 10,
      "model": "히스클리프",
      "content": "所以有什么奇怪的？"
    },
    {
      "id": 11,
      "model": "로쟈싱클",
      "content": "那当然是！"
    },
    {
      "id": 12,
      "model": "로쟈싱클",
      "content": "迎宾餐点也太少了吧！\n就是中间那张莫名其妙的桌子！"
    },
    {
      "id": 13,
      "model": "로쟈",
      "content": "……"
    },
    {
      "id": 14,
      "model": "싱클레어",
      "content": "……"
    },
    {
      "id": 15,
      "model": "로쟈",
      "content": "什、什么？说起来，为什么那种东西会出现在那里？"
    },
    {
      "id": 16,
      "model": "이상",
      "content": "色彩鲜艳，相当精致可爱。"
    },
    {
      "id": 17,
      "model": "이스마엘",
      "content": "不知道里面怎……"
    },
    {
      "id": 18,
      "model": "이스마엘",
      "content": "不对，什么啊。那个难看的桌子是怎么回事？"
    },
    {
      "id": 19,
      "content": "围绕客栈的内部装修展开的激烈讨论，随着罪人们都进入室内后终于平息了下来。"
    },
    {
      "id": 20,
      "content": "……当然，到最后也没有人弄清楚那张桌子的意义。"
    },
    {
      "id": 21,
      "model": "뫼르소",
      "content": "嗯。每走一步靴子上都会沾上黑色的物质。"
    },
    {
      "id": 22,
      "model": "파우스트",
      "content": "不只是地板。墙壁也一样，每次接触到都会沾染某种黑色的东西。"
    },
    {
      "id": 23,
      "model": "이상",
      "content": "以及，墙壁在奇怪地晃动着。到底是以何物筑成……"
    },
    {
      "id": 24,
      "model": "그레고르",
      "content": "嘛。应该就是没怎么好好打扫过吧……"
    },
    {
      "id": 25,
      "model": "히스클리프",
      "content": "虽然是那么回事，但又显得相当整洁啊……我经常去一些脏不拉几的地方溜达，所以其实蛮分得清一个地方到底有没有人打扫过的。"
    },
    {
      "id": 26,
      "model": "오티스",
      "content": "咳咳。每个房间里似乎都有一张床，经理。虽然简陋，但看起来还是可以休息一下的。"
    },
    {
      "id": 27,
      "model": "가시춘",
      "title": "贾家",
      "content": "呵。看来他们是真的没时间打扫啊？"
    },
    {
      "id": 28,
      "content": "在大厅外略微打量过后最后一个进来的贾惜春一脸震惊，看着里面愣了一会……"
    },
    {
      "id": 29,
      "model": "가시춘",
      "title": "贾家",
      "content": "……乱得我都说不出话了。"
    },
    {
      "id": 30,
      "content": "她撂下这句话后，就选了一个房间走了进去。"
    },
    {
      "id": 31,
      "model": "히스클리프",
      "content": "哈啊，反正我们不知道都经历过多少古怪的事情了。出什么事的话用拳头解决就行了吧。"
    },
    {
      "id": 32,
      "model": "그레고르",
      "content": "嗯，刚才那家伙可疑到连路边的小孩都能一眼看出来了吧……"
    },
    {
      "id": 33,
      "content": "包括希斯克利夫在内，已经有好几个罪人死心了似的，叹着气瘫坐在了地上。"
    },
    {
      "id": 34,
      "model": "단테",
      "content": "<算了，奇怪是奇怪了点，但好歹是有个能睡觉的地方了。>"
    },
    {
      "id": 35,
      "model": "파우스트",
      "content": "那么……但丁，看来是时候宣布休息了。"
    },
    {
      "id": 36,
      "content": "在巴士外面说这句话还是第一次。"
    },
    {
      "id": 37,
      "model": "단테",
      "content": "<啊，那个……我批准罪人结束工作。>"
    },
    {
      "id": 38,
      "model": "파우스트",
      "content": "好的，谢谢。从现在开始，你们最多有12个小时可供睡眠和休息，时间可能会有所变动。祝各位有个美好的夜晚。"
    },
    {
      "id": 39,
      "content": "话音刚落，罪人们有的进入了自己选好的房间，有的围着中间奇怪的桌子，开始度过他们的自由时间。"
    },
    {
      "id": 40,
      "model": "오티스",
      "content": "……"
    },
    {
      "id": 41,
      "content": "除了奥提斯。"
    },
    {
      "id": 42,
      "model": "단테",
      "content": "<……你是有什么想说的话吗？>"
    },
    {
      "id": 43,
      "model": "오티스",
      "content": "是的，经理。是关于刚才那个叫庆涛的人的事。"
    },
    {
      "id": 44,
      "model": "단테",
      "content": "<啊……就是你那个新朋友？我还觉得你们看上去挺合得来的呢？>"
    },
    {
      "id": 45,
      "model": "오티스",
      "content": "……什么？！那、那是不可能的！我不是打了“信号”吗？"
    },
    {
      "id": 46,
      "content": "信号……？"
    },
    {
      "id": 47,
      "model": "단테",
      "content": "<你不会是在说，你轻轻对我点头那两下吧？>"
    },
    {
      "id": 48,
      "model": "오티스",
      "content": "是的！无论我们对那个人提出多少疑点，他都能利用这里的地理情况轻而易举地欺骗我们。"
    },
    {
      "id": 49,
      "model": "오티스",
      "content": "倒不如趁这个机会假装友好，按照对方的意图去配合，这对情报不足的我方来说是最为安全的做法……"
    },
    {
      "id": 50,
      "model": "단테",
      "content": "<我……还以为你真的被那个可疑的家伙给说动了……>"
    },
    {
      "id": 51,
      "model": "오티스",
      "content": "我都已经不知道自己有多少年这类工作的经验了……怎么可能……还会被那么明显的间谍……唉，不对……"
    },
    {
      "id": 52,
      "content": "奥提斯看起来明显很失望，但她像是有更重要的事情要告诉我，只清了两三下嗓子，便继续说了下去。"
    },
    {
      "id": 53,
      "model": "오티스",
      "content": "咳咳，我不清楚那个人会站在我们这边多久……但我认为他是为了除掉鸿璐，也就是贾宝玉，才来接触LCCB的，这也是最合乎逻辑的推测。"
    },
    {
      "id": 54,
      "model": "오티스",
      "content": "皮利托，光看那个笨蛋新人的样子……就已经能作为充分的证据了。"
    },
    {
      "id": 55,
      "model": "단테",
      "content": "<……那，倒也没错。>"
    },
    {
      "id": 56,
      "model": "파우스트",
      "content": "浮士德也有情况要汇报。"
    },
    {
      "id": 57,
      "content": "不知从什么时候开始，浮士德悄悄加入了对话。"
    },
    {
      "id": 58,
      "model": "파우스트",
      "content": "我查阅了所有已知的禁忌，并没有找到居所不可侵这一禁忌。"
    },
    {
      "id": 59,
      "model": "단테",
      "content": "<所以果然，那也是……>"
    },
    {
      "id": 60,
      "model": "파우스트",
      "content": "说是谎言还为时过早。这片叫做鸿园的地方，根据区域的不同，禁忌似乎也有所改变。"
    },
    {
      "id": 61,
      "model": "오티스",
      "content": "但以目前的情况来看，那句话是真话的概率极低也是事实吧……"
    },
    {
      "id": 62,
      "model": "파우스트",
      "content": "这一点并不否认。"
    },
    {
      "id": 63,
      "model": "오티스",
      "content": "那样的话，我们现在应该已经在他们的计划之内了。恐怕之前持续不断的袭击也很可能是……计划好的游击战……"
    },
    {
      "id": 64,
      "model": "오티스",
      "content": "我们现在就可能身在陷阱之中，因为我们全员对这个后巷的了解都十分有限。"
    },
    {
      "id": 65,
      "model": "오티스",
      "content": "……但是，对方也过度低估了我们的战斗力。所以才会派出那种杂兵来袭击我们。"
    },
    {
      "id": 66,
      "model": "오티스",
      "content": "我们双方的情报都不充足。只要不放松警惕，就能摆脱这种处境。经理。"
    },
    {
      "id": 67,
      "model": "단테",
      "content": "<嗯……明白了。>"
    },
    {
      "id": 68,
      "model": "단테",
      "content": "<误会你了……抱歉。说实话，我有些半信半疑。>"
    },
    {
      "id": 69,
      "model": "오티스",
      "content": "……希望下次能得到您全部的信任。"
    },
    {
      "id": 70,
      "content": "奥提斯一边说着一边微微行了一礼，返回了自己的房间……"
    },
    {
      "id": 71,
      "content": "浮士德也说了一些关于庆涛的事，但没得到什么确凿的结果，对话也就此结束。"
    }
  ]
}