{
  "dataList": [
    {
      "id": 0,
      "place": "客栈 前堂",
      "content": "在与罪人们闲聊休息的时候，我发现鸿璐不见了。"
    },
    {
      "id": 1,
      "content": "也没见到他走进房间里啊……"
    },
    {
      "id": 2,
      "content": "正当我想去外面确认一下的时候，入住在门口附近的贾惜春和卫与我碰了个正着。"
    },
    {
      "id": 3,
      "model": "가시춘",
      "title": "贾家",
      "content": "夜深了。你连护卫都不带是打算去哪？"
    },
    {
      "id": 4,
      "model": "단테",
      "content": "<啊……我在找鸿璐。>"
    },
    {
      "id": 5,
      "model": "가시춘",
      "title": "贾家",
      "content": "……"
    },
    {
      "id": 6,
      "model": "가시춘",
      "title": "贾家",
      "content": "话说回来，我可听不懂你的滴答声。"
    },
    {
      "id": 7,
      "model": "단테",
      "content": "<啊，确实……>"
    },
    {
      "id": 8,
      "model": "가시춘",
      "title": "贾家",
      "content": "哼……"
    },
    {
      "id": 9,
      "content": "不通过罪人们的口译与我对话的人，大致分为两种。"
    },
    {
      "id": 10,
      "content": "一种是自说自话的人。"
    },
    {
      "id": 11,
      "content": "虽说他们压根就不是想和我对话，因此我会觉得比较轻松，但感觉他们也没把我当人看，所以心里会很不爽。就好像我变成了一块挂钟一样。"
    },
    {
      "id": 12,
      "content": "另一种则是理解非常准确，准到让我以为他们其实能听得懂我的话。"
    },
    {
      "id": 13,
      "content": "这类人的代表是维吉里乌斯。他不仅能通过滴答声的高低以及肢体动作等方面来推测，有时甚至会像堂吉诃德一样说我有表情什么的……"
    },
    {
      "id": 14,
      "content": "而通过如此简短的对话，就来尝试理解我的贾惜春……"
    },
    {
      "id": 15,
      "model": "가시춘",
      "title": "贾家",
      "content": "所以……你是想呼吸一下凌晨的空气？那个义体……没看出来，原来还保留着呼吸系统？"
    },
    {
      "id": 16,
      "content": "……则不属于以上的任何一种。"
    },
    {
      "id": 17,
      "model": "단테",
      "content": "<不、不对。不是那个意思，我只是因为鸿璐不见了所以在找他。>"
    },
    {
      "id": 18,
      "model": "가시춘",
      "title": "贾家",
      "content": "……摇头的话应该是在否定了。那你是肚子饿了吗？"
    },
    {
      "id": 19,
      "content": "她应该算是想要通过自己的努力来理解我的……新一类人吧。"
    },
    {
      "id": 20,
      "model": "웨이",
      "title": "贾家",
      "content": "小姐……还是把可以口译的人带来或叫醒比较合适……"
    },
    {
      "id": 21,
      "model": "가시춘",
      "title": "贾家",
      "content": "如果是重大事项的话，这个人肯定会先那样做的。比起那个，我第一次提问的时候你的那个手势是什么意思？就是像这样……把手指顶在……脸颊上的动作。"
    },
    {
      "id": 22,
      "content": "毕竟鸿璐一直都面带笑容……"
    },
    {
      "id": 23,
      "content": "我觉得只要描述出那个神态她就能理解，所以就试着那么做了。"
    },
    {
      "id": 24,
      "model": "웨이",
      "title": "贾家",
      "content": "嗯。是不是想表达可爱，或者美丽的意思……"
    },
    {
      "id": 25,
      "model": "단테",
      "content": "<什、什么……？>"
    },
    {
      "id": 26,
      "model": "단테",
      "content": "<我是想表达笑脸来着……这不太对啊……>"
    },
    {
      "id": 27,
      "model": "가시춘",
      "title": "贾家",
      "content": "滴答声好像变得更激烈了？看来是说对了。"
    },
    {
      "id": 28,
      "content": "尽管我的想法开始被曲解得愈发荒谬……"
    },
    {
      "id": 29,
      "content": "但在经过数轮试错之后……"
    },
    {
      "id": 30,
      "model": "가시춘",
      "title": "贾家",
      "content": "原来你是在找哥哥啊？"
    },
    {
      "id": 31,
      "content": "虽然途中一直向着奇怪的方向发展，但好在最终我还是成功传达了自己的想法。"
    },
    {
      "id": 32,
      "model": "가시춘",
      "title": "贾家",
      "content": "嗯……这个时候还没睡的话就很简单了。你去后面的休息室应该就能找到？"
    },
    {
      "id": 33,
      "model": "가시춘",
      "title": "贾家",
      "content": "不会太远的，他走不了多远。"
    },
    {
      "id": 34,
      "model": "가시춘",
      "title": "贾家",
      "content": "还以为你这么拼命是想说什么……嘁。"
    },
    {
      "id": 35,
      "content": "贾惜春的脸上好像写满了遗憾与失落。"
    },
    {
      "id": 36,
      "model": "가시춘",
      "title": "贾家",
      "content": "虽然我本来也有话想对你说……算了，太扫兴了。下次再说吧。"
    },
    {
      "id": 37,
      "content": "追问那股情感想必会耗费很长一段时间，我只得低头表达谢意，随后向着后面的门口走去……"
    },
    {
      "id": 38,
      "place": "客栈 休息区",
      "content": "鸿璐果然站在那里，眺望着窗外模糊的夜景。"
    },
    {
      "id": 39,
      "model": "단테",
      "content": "<你在这里做什么？>"
    },
    {
      "id": 40,
      "model": "홍루",
      "content": "呼呼。只是看看行人而已。"
    },
    {
      "id": 41,
      "content": "外面有几个人摇摇晃晃地在街上散步。"
    },
    {
      "id": 42,
      "content": "看到我也在望着外面发呆，鸿璐率先看透了我的内心并发起了对话。"
    },
    {
      "id": 43,
      "model": "홍루",
      "content": "您在担心我吗，但丁阁下？"
    },
    {
      "id": 44,
      "model": "단테",
      "content": "<嗯。毕竟这次轮到鸿璐你了。>"
    },
    {
      "id": 45,
      "model": "홍루",
      "content": "呼呼。确实是这样呢。不仅回到了H公司，有关家主选拔话题的谈论也越来越频繁了。"
    },
    {
      "id": 46,
      "model": "홍루",
      "content": "但是……不必为我操心。"
    },
    {
      "id": 47,
      "model": "홍루",
      "content": "毕竟，我对边狱公司一无所求。"
    },
    {
      "id": 48,
      "model": "단테",
      "content": "<真、真的么？！>"
    },
    {
      "id": 49,
      "model": "홍루",
      "content": "我没有像李箱先生一样隐藏自己的本意。"
    },
    {
      "id": 50,
      "model": "홍루",
      "content": "我并没有得到重新找回翅膀之类的美好承诺。"
    },
    {
      "id": 51,
      "model": "홍루",
      "content": "我只是认为这会成为一段新奇的经历，所以才加入了进来。"
    },
    {
      "id": 52,
      "model": "단테",
      "content": "<但是……虽然还不知道会发生什么，但我想某种会使你内心动摇的事件一定会发生。就算你别无所求，被卷入那种事情……>"
    },
    {
      "id": 53,
      "model": "홍루",
      "content": "或许吧。但，那样也没关系。我早就习惯于被他人的意愿所驱使了。"
    },
    {
      "id": 54,
      "model": "홍루",
      "content": "不管发生什么事情……我应该也做不到像大家那样。"
    },
    {
      "id": 55,
      "model": "홍루",
      "content": "我向来如此。不管是我身上发生了什么事，还是我周围发生了什么事。我只是……"
    },
    {
      "id": 56,
      "content": "鸿璐话音未落，意料之外的嗓音震耳欲聋。"
    },
    {
      "id": 57,
      "model": "히스클리프",
      "content": "喂，放开我！那家伙又在说些让人火大的话了！"
    },
    {
      "id": 58,
      "model": "그레고르",
      "content": "哎！小点声！"
    },
    {
      "id": 59,
      "model": "단테",
      "content": "<……你们在那干什么？>"
    },
    {
      "id": 60,
      "content": "躲在玄关门后的格里高尔与希斯克利夫摔倒在地，出现在了我的视野之中。"
    },
    {
      "id": 61,
      "model": "그레고르",
      "content": "就知道不该和这家伙一块来。就那么一会儿都没法忍住不冲出去……"
    },
    {
      "id": 62,
      "model": "단테",
      "content": "<你们到底是从什么时候开始……>"
    },
    {
      "id": 63,
      "model": "히스클리프",
      "content": "那当然是从一开始的时候！一开始还说得挺像样的，后来说啥？习惯于被他人的意愿驱使了？"
    },
    {
      "id": 64,
      "model": "홍루",
      "content": "哈哈……我不是故意惹希斯克利夫先生生气的。我只是实话实说而已。"
    },
    {
      "id": 65,
      "model": "히스클리프",
      "content": "啊……头都要气炸了。不是，虫子大叔。他都这么说了我还得忍着他吗？"
    },
    {
      "id": 66,
      "model": "그레고르",
      "content": "在我容忍的范围内你是不是该少用虫子大叔来称呼我？"
    },
    {
      "id": 67,
      "model": "히스클리프",
      "content": "不、我不是那个意思……"
    },
    {
      "id": 68,
      "model": "그레고르",
      "content": "哎哟。可算是清净点了。总之……很抱歉偷听你们谈话。作为补偿……告诉你们点有趣的东西吧，能借此放我们一马么？"
    },
    {
      "id": 69,
      "model": "단테",
      "content": "<……是什么？>"
    },
    {
      "id": 70,
      "content": "我无语地盯着格里高尔，只见他尴尬地揉了揉胳膊……随后猛地指向一根柱子。"
    },
    {
      "id": 71,
      "model": "그레고르",
      "content": "经理兄。你知道那根柱子后面躲着什么人吗？"
    },
    {
      "id": 72,
      "content": "与此同时，随着一阵嘈杂的声响，又有两个熟人出现在了眼前。"
    },
    {
      "id": 73,
      "model": "싱클레어",
      "content": "这、这是背叛啊！格里高尔先生！"
    },
    {
      "id": 74,
      "model": "료슈",
      "content": "话·没。"
    },
    {
      "id": 75,
      "model": "싱클레어",
      "content": "……她说这场对话没意思，本就打算回去睡觉了。"
    },
    {
      "id": 76,
      "model": "료슈",
      "content": "……？"
    },
    {
      "id": 77,
      "model": "싱클레어",
      "content": "啊、啊啊？不是这个意思吗？"
    },
    {
      "id": 78,
      "model": "료슈",
      "content": "本·回还没说出口……难道是能·升了吗？"
    },
    {
      "id": 79,
      "content": "良秀兴致盎然地看着辛克莱，随后砍向了玄关处的天花板。"
    },
    {
      "id": 80,
      "content": "随后……伴随着一阵不和谐的哗啦声，一团黑色的、墨汁一般的物质掉了下来，一同重重摔下来的还有罗佳和奥提斯。"
    },
    {
      "id": 81,
      "model": "료슈",
      "content": "不·独·死。"
    },
    {
      "id": 82,
      "model": "홍루",
      "content": "哇~来听我故事的人出乎意料地多呢？"
    },
    {
      "id": 83,
      "model": "오티스",
      "content": "……执行经理，我只是因为担心您的安危，为了保护您的安全才跟到了这里。我与那些为了一己私欲而偷听的人不一样！"
    },
    {
      "id": 84,
      "model": "로쟈",
      "content": "我只是闲着无聊~"
    },
    {
      "id": 85,
      "model": "단테",
      "content": "<……>"
    },
    {
      "id": 86,
      "model": "홍루",
      "content": "嗯。那我们要把话谈完吗，但丁阁下？"
    },
    {
      "id": 87,
      "model": "단테",
      "content": "<……>"
    },
    {
      "id": 88,
      "model": "단테",
      "content": "<都给我回房间去！>"
    }
  ]
}