{
  "dataList": [
    {
      "id": 0,
      "place": "融化的客栈房间",
      "model": "오티스",
      "content": "终于可以喘口气了吗……"
    },
    {
      "id": 1,
      "model": "단테",
      "content": "<总感觉他们好像并没有在全力战斗……但还是让他们逃了，真的没事吗……>"
    },
    {
      "id": 2,
      "model": "단테",
      "content": "<啊！堂吉诃德呢？！>"
    },
    {
      "id": 3,
      "model": "돈키호테",
      "content": "吾！吾在这儿呢！"
    },
    {
      "id": 4,
      "content": "堂吉诃德突然从外面的走廊闯了进来。"
    },
    {
      "id": 5,
      "model": "돈키호테",
      "content": "吾去确认了其他罪人那边有没有问题……那边好像也被袭击了。"
    },
    {
      "id": 6,
      "model": "돈키호테",
      "content": "大部分罪人都很好地应对了袭击，大概马上就会回到这边……"
    },
    {
      "id": 7,
      "model": "그레고르",
      "content": "……也有人被干掉了吗？"
    },
    {
      "id": 8,
      "model": "돈키호테",
      "content": "唔……辛克莱和李箱虽有战斗的痕迹，但似乎是因为慌乱，两人最终在互相绊倒之后便一命呜呼了……"
    },
    {
      "id": 9,
      "model": "오티스",
      "content": "丢人现眼……"
    },
    {
      "id": 10,
      "model": "돈키호테",
      "content": "至于希斯克利夫……"
    },
    {
      "id": 11,
      "model": "그레고르",
      "content": "那家伙不是很擅长打群架吗……？就连他也被干掉了？"
    },
    {
      "id": 12,
      "model": "히스클리프",
      "content": "谁被干掉了。"
    },
    {
      "id": 13,
      "model": "단테",
      "content": "<希斯克利夫……！>"
    },
    {
      "id": 14,
      "model": "돈키호테",
      "content": "嗯、嗯？"
    },
    {
      "id": 15,
      "model": "히스클리프",
      "content": "怎么一副见了鬼的表情啊，你。"
    },
    {
      "id": 16,
      "model": "돈키호테",
      "content": "在来这里之前，吾亲眼所见希斯克利夫后脑勺中了一刀来着……经理老爷这么快就已经回转时钟了吗？"
    },
    {
      "id": 17,
      "model": "단테",
      "content": "<没有……还没转呢。>"
    },
    {
      "id": 18,
      "model": "히스클리프",
      "content": "……"
    },
    {
      "id": 19,
      "model": "히스클리프",
      "content": "靠。怪不得总觉得后脑勺痒……"
    },
    {
      "id": 20,
      "content": "希斯克利夫伸手揉了揉后脑勺，连话都没说完便倒在了地上。"
    },
    {
      "id": 21,
      "content": "……从他不再呼吸的样子来看，好像已经死了。居然还能硬是一路走到这里来……"
    },
    {
      "id": 22,
      "model": "돈키호테",
      "content": "希斯克利夫！！！！"
    },
    {
      "id": 23,
      "model": "뫼르소",
      "content": "经理，其他罪人正在陆续集结。"
    },
    {
      "id": 24,
      "model": "오티스",
      "content": "……虽然是一群无可救药的家伙，但如果有机会补充战力，我认为还是补充一下比较好，执行经理。"
    },
    {
      "id": 25,
      "model": "오티스",
      "content": "另外，大厅那边还有战斗的噪音……我们最好尽快赶去会合。"
    },
    {
      "id": 26,
      "model": "단테",
      "content": "<……嗯。明白了。>"
    },
    {
      "id": 27,
      "content": "一如既往，时钟回转。"
    },
    {
      "id": 28,
      "content": "不久之后……"
    },
    {
      "id": 29,
      "place": "融化的客栈前堂",
      "model": "경도",
      "content": "喔喔，请大家在此留步吧。"
    },
    {
      "id": 30,
      "model": "오티스",
      "content": "……你？！"
    },
    {
      "id": 31,
      "content": "在奇怪地融化着的前堂里，可以看到好几个人的身影。"
    },
    {
      "id": 32,
      "model": "가시춘",
      "title": "贾家",
      "content": "呼……"
    },
    {
      "id": 33,
      "content": "在那之中，可以看见贾惜春正在和一个戴着斗笠的人缠斗。"
    },
    {
      "id": 34,
      "model": "가시춘",
      "title": "贾家",
      "content": "……已经动了杀心了吗。能够操纵黑兽的人居然这样露骨地盯着我们。"
    },
    {
      "id": 35,
      "content": "在那刀刃相击、头戴黑色斗笠的刺客身后……"
    },
    {
      "id": 36,
      "model": "경도",
      "content": "你们好像以为自己已经安全无虞了，便开始探寻那些幕后之事……然而我的主人早已准备好对策了。"
    },
    {
      "id": 37,
      "content": "正站着引我们到此处的协助者庆涛，以及举剑指着他的卫。"
    },
    {
      "id": 38,
      "model": "오티스",
      "content": "……是你的计谋吗。"
    },
    {
      "id": 39,
      "model": "경도",
      "content": "啊。是你啊。"
    },
    {
      "id": 40,
      "model": "오티스",
      "content": "虽然早就知道你心怀不轨了，但你还真是性急啊。"
    },
    {
      "id": 41,
      "model": "경도",
      "content": "您的直觉很敏锐啊。我还以为您已经对鄙人彻底放松警惕了呢。"
    },
    {
      "id": 42,
      "model": "오티스",
      "content": "……"
    },
    {
      "id": 43,
      "model": "경도",
      "content": "在H公司生存，享受荣华富贵的手段只有一个。"
    },
    {
      "id": 44,
      "model": "경도",
      "content": "即，选择家主候选人，并尽忠职守。可是……谁会愿意侍奉一位从小养尊处优、毫无野心的宝玉少爷呢？"
    },
    {
      "id": 45,
      "model": "히스클리프",
      "content": "闭上你那该死的嘴？！喂！你被那样胡说八道，还什么都不反驳吗！"
    },
    {
      "id": 46,
      "model": "홍루",
      "content": "嗯~但没有野心是事实哟？"
    },
    {
      "id": 47,
      "model": "히스클리프",
      "content": "你就一点自尊心都没有吗……怎么什么都缺啊。"
    },
    {
      "id": 48,
      "model": "가시춘",
      "title": "贾家",
      "content": "够了……安静点。不要一一回应那些显而易见的挑衅。"
    },
    {
      "id": 49,
      "model": "가시춘",
      "title": "贾家",
      "content": "卫。"
    },
    {
      "id": 50,
      "model": "웨이",
      "title": "贾家",
      "content": "我知道你没有操纵黑兽的能力。"
    },
    {
      "id": 51,
      "model": "웨이",
      "title": "贾家",
      "content": "所以，正如你所说的那样，快说你究竟选择侍奉了谁。"
    },
    {
      "id": 52,
      "model": "경도",
      "content": "……"
    },
    {
      "id": 53,
      "teller": "？？？",
      "title": "？？？",
      "content": "好了。他们不是很好奇吗。"
    },
    {
      "id": 54,
      "teller": "？？？",
      "title": "？？？",
      "content": "把剑收起来吧，子路。"
    },
    {
      "id": 55,
      "content": "从黑暗中传来了另一个陌生的声音。"
    },
    {
      "id": 56,
      "model": "자로",
      "teller": "？？？",
      "title": "？？？",
      "content": "……哈啊。"
    },
    {
      "id": 57,
      "model": "경도",
      "content": "少爷……？这样好吗……"
    },
    {
      "id": 58,
      "model": "사이화",
      "teller": "？？？",
      "title": "？？？",
      "content": "无妨。反正他们注定都会被朝露冲走，彻底清扫掉的。"
    },
    {
      "id": 59,
      "model": "사이화",
      "teller": "？？？",
      "title": "？？？",
      "content": "就算见到了余的真容，又能有什么改变呢？"
    },
    {
      "id": 60,
      "content": "随后，伴随着从容的脚步声，缓缓现身的人是……"
    },
    {
      "id": 61,
      "model": "가시춘",
      "title": "贾家",
      "content": "你没开玩笑吧？"
    },
    {
      "id": 62,
      "model": "홍루",
      "content": "原来如此……是你吗……"
    },
    {
      "id": 63,
      "model": "사이화",
      "teller": "？？？",
      "title": "？？？",
      "content": "对于那些至今仍未听闻余之名声的无知愚昧之辈，余便特别报上名号吧。"
    },
    {
      "id": 64,
      "model": "사이화",
      "title": "史家",
      "content": "史家，宜化。"
    },
    {
      "id": 65,
      "model": "사이화",
      "title": "史家",
      "content": "有力的家主候选人……应该这样自称才是正确的吧。"
    }
  ]
}