{
  "dataList": [
    {
      "id": 0,
      "place": "客栈 房间",
      "content": "小小的争执结束后。"
    },
    {
      "id": 1,
      "content": "大家正要返回各自房间时，奥提斯突然开始强烈反对。"
    },
    {
      "id": 2,
      "model": "오티스",
      "content": "真的没关系吗，经理……！"
    },
    {
      "id": 3,
      "model": "단테",
      "content": "<真的没关系……在巴士上也基本都是我守夜的吧。>"
    },
    {
      "id": 4,
      "model": "오티스",
      "content": "虽然是这样没错，但以前都没在这种来历不明的地方睡过觉吧……"
    },
    {
      "id": 5,
      "model": "이스마엘",
      "content": "反正你就住在隔壁不是吗……有什么事的话5秒之内应该赶得过来吧。"
    },
    {
      "id": 6,
      "model": "오티스",
      "content": "万一就差1秒钟的话……"
    },
    {
      "id": 7,
      "model": "로쟈",
      "content": "好了好了……副官姐姐~我们赶紧出去吧~"
    },
    {
      "id": 8,
      "content": "眼前出现了曾见过的光景，耳边传来拉拽的声音……再然后，响起了门被轻轻关上的声音。"
    },
    {
      "id": 9,
      "model": "단테",
      "content": "<真安静啊……>"
    },
    {
      "id": 10,
      "content": "房间里只剩下寂静，我坐在床的一角，暂时让自己放松了下来。"
    },
    {
      "id": 11,
      "content": "虽然和罪人们不同，我不需要睡眠，但我同样也会感到疲惫。所以我需要定期闭上眼睛，什么都不想，让我的大脑放空一段时间。"
    },
    {
      "id": 12,
      "content": "虽然嘴上说着习惯了，但回溯罪人们的时间带来的痛楚依旧难以忍受也是事实……"
    },
    {
      "id": 13,
      "content": "随着旅途越来越长，罪人们受伤也越来越频繁。随着他们变强，遇到的敌人也会越来越强，所以我的时钟总是匆忙地开始回溯。"
    },
    {
      "id": 14,
      "place": -1,
      "model": "단테",
      "content": "<……>"
    },
    {
      "id": 15,
      "content": "因此，我想起了星星。"
    },
    {
      "id": 16,
      "content": "为了复活罪人们，我每次都必须站在那扇巨大的门前，感受着寂静的颤动，注视着密密麻麻雕刻在上面的图案。"
    },
    {
      "id": 17,
      "content": "即使已经过去一年，我仍然丝毫无法理解它的含义……但当我什么都不想地去凝视它时，心中反而感到平静。"
    },
    {
      "id": 18,
      "content": "今天总觉得……像有一阵清凉的风刮过一样。"
    },
    {
      "id": 19,
      "content": "不对……说是清凉，但总觉得……"
    },
    {
      "id": 20,
      "model": "단테",
      "content": "<有点冷吧……？>"
    },
    {
      "id": 21,
      "content": "这样柔和的风是不可能推开那扇窗户的。如果是风推开的窗户，那不可能会这么安静。"
    },
    {
      "id": 22,
      "content": "而且最重要的是……这股寒气并不是从前方传来的。"
    },
    {
      "id": 23,
      "content": "我把视线移向窗户所在的方向，映入眼帘的是……"
    },
    {
      "id": 24,
      "place": "融化的客栈房间",
      "content": "突然融化的一面墙壁，和从里面飞跃而出的身份不明之人。"
    },
    {
      "id": 25,
      "model": "단테",
      "content": "<你、你是谁！？>"
    },
    {
      "id": 26,
      "model": "흑수묘",
      "teller": "？？？",
      "title": "？？？",
      "content": "……"
    },
    {
      "id": 27,
      "content": "不知道是不是因为生存本能驱使，我本能地从床上滚了下来试图逃命……"
    },
    {
      "id": 28,
      "content": "但不知何时，我颈首相连的地方已经紧邻着一条闪着寒光的细长刀刃。"
    },
    {
      "id": 29,
      "content": "被直接刺穿的话，连滴答声都发不出来就会死去的地方。"
    },
    {
      "id": 30,
      "content": "奥提斯过分的担忧突然浮现在了我的脑海里。"
    },
    {
      "id": 31,
      "content": "我的确应该……好好听她的话的。"
    },
    {
      "id": 32,
      "content": "正当我后悔没有听奥提斯的话，准备最后挣扎一下的时候……"
    },
    {
      "id": 33,
      "model": "흑수묘",
      "teller": "？？？",
      "title": "？？？",
      "content": "咕……"
    },
    {
      "id": 34,
      "model": "료슈",
      "content": "真是一把薄得可怜的刀。"
    },
    {
      "id": 35,
      "model": "료슈",
      "content": "用那玩意也能折·脖吗？"
    },
    {
      "id": 36,
      "content": "突然从天花板现身的良秀，挡下了袭击者的短刀。"
    },
    {
      "id": 37,
      "model": "단테",
      "content": "<良、良秀……！>"
    },
    {
      "id": 38,
      "model": "료슈",
      "content": "我以为会有好戏看就偷偷躲起来了……没想到会遇上用这种废物刀的野兽。"
    },
    {
      "id": 39,
      "content": "我听了这话后抬头望去，和刚才跟鸿璐说话时看到的一样，涂料从天花板上滴落，留下一个洞口……"
    },
    {
      "id": 40,
      "model": "오티스",
      "content": "经理！您没事吧！"
    },
    {
      "id": 41,
      "content": "……奥提斯也在啊。"
    },
    {
      "id": 42,
      "model": "오티스",
      "content": "告诉你可以在天花板躲着观察的，是我奥提斯！给我记住了！"
    },
    {
      "id": 43,
      "model": "료슈",
      "content": "别在那……胡言乱语了……赶紧过来帮忙。咕……"
    },
    {
      "id": 44,
      "model": "오티스",
      "content": "呵，明明称之为野兽，看来还挺棘手啊？"
    },
    {
      "id": 45,
      "model": "료슈",
      "content": "……如果是在上这辆巴士之前的话，我肯定能连这把刀一起，将其上半身劈成两半。"
    },
    {
      "id": 46,
      "place": "LCE研究部 实验楼",
      "model": "호엔하임",
      "content": "你们在入职的同时所有能力值都向下。变化了。即向下平均化。"
    },
    {
      "id": 47,
      "content": "忽然，霍恩海姆的话语在我脑海里闪过。"
    },
    {
      "id": 48,
      "content": "当时听到还有些似懂非懂……现在才明白是什么意思。"
    },
    {
      "id": 49,
      "place": "融化的客栈房间",
      "model": "료슈",
      "content": "难·信。真让人吃惊。"
    },
    {
      "id": 50,
      "content": "正当良秀喃喃自语，注意力集中在一旁的刀刃上时……"
    },
    {
      "id": 51,
      "content": "歹徒用另一只手拔出藏起来的另一把短刀，瞄准良秀的脖子划出一道弧线。"
    },
    {
      "id": 52,
      "model": "웨이",
      "title": "贾家",
      "content": "黑兽吗……"
    },
    {
      "id": 53,
      "content": "……要是没有破门而入的卫在的话，恐怕那把刀就已经划开良秀的脖子了。"
    },
    {
      "id": 54,
      "model": "웨이",
      "title": "贾家",
      "content": "谁指使你们的？"
    },
    {
      "id": 55,
      "model": "흑수묘",
      "teller": "？？？",
      "title": "？？？",
      "content": "……"
    },
    {
      "id": 56,
      "model": "웨이",
      "title": "贾家",
      "content": "……问了也是白费力气吗。"
    },
    {
      "id": 57,
      "model": "흑수묘",
      "teller": "？？？",
      "title": "？？？",
      "content": "光不入鸿园……星坠其中也……"
    },
    {
      "id": 58,
      "model": "웨이",
      "title": "贾家",
      "content": "……！啊……呃……"
    },
    {
      "id": 59,
      "content": "入侵者口中念叨着意义不明的语句，同时将手伸向自己怀中……"
    },
    {
      "id": 60,
      "model": "료슈",
      "content": "这家伙……难道，是符咒……"
    },
    {
      "id": 61,
      "model": "흑수묘",
      "teller": "？？？",
      "title": "？？？",
      "content": "……噶！"
    },
    {
      "id": 62,
      "model": "가시춘",
      "title": "贾家",
      "content": "卫！振作一点！"
    },
    {
      "id": 63,
      "model": "웨이",
      "title": "贾家",
      "content": "小姐！"
    },
    {
      "id": 64,
      "content": "正当歹徒口中的咕哝声渐渐高涨时……贾惜春突然出现，用扇子猛地打向了歹徒。"
    },
    {
      "id": 65,
      "model": "가시춘",
      "title": "贾家",
      "content": "你是打算让其把那些无聊的咒文全部念完吗？再晚一点，那个Q公司的符咒就要生效了啊！"
    },
    {
      "id": 66,
      "model": "웨이",
      "title": "贾家",
      "content": "十分抱歉……看来我还是会受那个咒语的影响……"
    },
    {
      "id": 67,
      "model": "가시춘",
      "title": "贾家",
      "content": "……你已经不是黑兽了。是我的亲信。记住，你不需要再被那种东西呼来喝去了。"
    },
    {
      "id": 68,
      "model": "웨이",
      "title": "贾家",
      "content": "……是。非常抱歉。"
    },
    {
      "id": 69,
      "model": "단테",
      "content": "<哈啊……哈啊……>"
    },
    {
      "id": 70,
      "content": "或许是因为缓解了紧张，我就这样倒在了床上。"
    },
    {
      "id": 71,
      "model": "가시춘",
      "title": "贾家",
      "content": "你……！啊，果然还是没法沟通吗……"
    },
    {
      "id": 72,
      "model": "웨이",
      "title": "贾家",
      "content": "那人没有伤害到他们。我在那之前将其阻止了……"
    },
    {
      "id": 73,
      "model": "가시춘",
      "title": "贾家",
      "content": "明白了。总之来者似乎只有一个人，先把灯打开……"
    },
    {
      "id": 74,
      "content": "咔哒。"
    },
    {
      "id": 75,
      "content": "随着灯光亮起，映入眼帘的是……"
    },
    {
      "id": 76,
      "model": "가시춘",
      "title": "贾家",
      "content": "这家伙，是“卯”……吗？！"
    },
    {
      "id": 77,
      "content": "戴着一顶黑色大斗笠的刺客倒在地上，以及……"
    },
    {
      "id": 78,
      "model": "단테",
      "content": "<墙壁……？！>"
    },
    {
      "id": 79,
      "content": "在我入睡前，那面虽然有些摇晃，但看起来相当坚固的墙，此刻像液体一样融化崩塌了。"
    },
    {
      "id": 80,
      "model": "웨이",
      "title": "贾家",
      "content": "果然这栋建筑本身……有什么不对劲。"
    },
    {
      "id": 81,
      "model": "가시춘",
      "title": "贾家",
      "content": "我知道这建筑肯定被动了什么手脚，但是……"
    },
    {
      "id": 82,
      "model": "웨이",
      "title": "贾家",
      "content": "为什么……会是黑兽。"
    },
    {
      "id": 83,
      "model": "가시춘",
      "title": "贾家",
      "content": "……他们有比我想象中更坚实的后盾。并不只是因为我们活跃于家主选拔才接近我们的。"
    },
    {
      "id": 84,
      "model": "가시춘",
      "title": "贾家",
      "content": "我不能理解的是……为什么会是卯，到底为什么……如果是为了取你项上这颗钟表头的话，应该出动更有效率的黑兽才对……"
    },
    {
      "id": 85,
      "model": "가시춘",
      "title": "贾家",
      "content": "……难道他们的目的并不是这个？"
    },
    {
      "id": 86,
      "model": "웨이",
      "title": "贾家",
      "content": "是的。黑兽……如果是卯的话，潜入这里的就肯定不止一人，就算没有黑兽“子”那种程度，说到底他们也是依靠群体行动的组织。"
    },
    {
      "id": 87,
      "model": "웨이",
      "title": "贾家",
      "content": "他们的目标恐怕是……包含小姐在内，抹杀所有今天投宿客栈的人。"
    },
    {
      "id": 88,
      "model": "가시춘",
      "title": "贾家",
      "content": "也就是说……嘁，想活着逃出去的话，得先确保自己处在一个不会被包围的空间。"
    },
    {
      "id": 89,
      "model": "돈키호테",
      "content": "但丁！！"
    },
    {
      "id": 90,
      "content": "一瞬间，门猛地一下被打开，罪人们涌了进来。"
    },
    {
      "id": 91,
      "model": "돈키호테",
      "content": "汝、汝等……"
    },
    {
      "id": 92,
      "model": "가시춘",
      "title": "贾家",
      "content": "要谢我的话之后再说吧。不立刻动身的话我们都会死在这的。卫！"
    },
    {
      "id": 93,
      "model": "웨이",
      "title": "贾家",
      "content": "是。"
    },
    {
      "id": 94,
      "model": "가시춘",
      "title": "贾家",
      "content": "要联系主宅那边的主力部队已经太晚了。想以少数人从这里活着突围的话……你懂的吧？"
    },
    {
      "id": 95,
      "model": "웨이",
      "title": "贾家",
      "content": "我明白了，小姐。"
    },
    {
      "id": 96,
      "content": "确认罪人们都进来后，像换班似的，贾惜春和卫冲了出去……"
    },
    {
      "id": 97,
      "content": "而面带复杂表情的奥提斯，喘着粗气警戒四周的堂吉诃德和格里高尔，还有已经浑身布满交战痕迹的默尔索站在我面前。"
    },
    {
      "id": 98,
      "model": "오티스",
      "content": "……实在没脸见人。竟然让其他所属的人来保护经理。"
    },
    {
      "id": 99,
      "model": "료슈",
      "content": "啧……"
    },
    {
      "id": 100,
      "model": "단테",
      "content": "<不，我应该听你的话的……>"
    },
    {
      "id": 101,
      "model": "뫼르소",
      "content": "根据墙壁溶解的形态来看，似乎是以相同的方式入侵了全部罪人。"
    },
    {
      "id": 102,
      "model": "단테",
      "content": "<……对了。你们也被那群戴着斗笠的人袭击了吗？>"
    },
    {
      "id": 103,
      "model": "돈키호테",
      "content": "并非只是一人来犯啊，经理老爷。虽是成群结队地袭来……但却安静得让人无法觉察到人数众多。差点就……"
    },
    {
      "id": 104,
      "model": "그레고르",
      "content": "哈啊……才不是差一点。我在来的路上瞥了几眼，咱们这边好几个人都被杀了。出来的时候被刀刺死的。"
    },
    {
      "id": 105,
      "model": "단테",
      "content": "<所以果然……他口中的那个禁忌……>"
    },
    {
      "id": 106,
      "model": "오티스",
      "content": "是的。他在说谎。"
    },
    {
      "id": 107,
      "model": "돈키호테",
      "content": "这个……呼。"
    },
    {
      "id": 108,
      "model": "돈키호테",
      "content": "此等夜袭之事，有违正义……但现在评判此事似乎不合时宜。"
    },
    {
      "id": 109,
      "model": "오티스",
      "content": "啊啊，没错。而且……"
    },
    {
      "id": 110,
      "model": "단테",
      "content": "<……！>"
    },
    {
      "id": 111,
      "model": "오티스",
      "content": "这些家伙好像还没打算放过我们呢。"
    }
  ]
}