{
  "dataList": [
    {
      "id": 0,
      "place": "融化的客栈前堂",
      "model": "사이화",
      "title": "史家",
      "content": "……等等！"
    },
    {
      "id": 1,
      "content": "正当中指干部的参战使得我们不得不面临一场苦战之时，一声叫喊突然猛地爆发出来。"
    },
    {
      "id": 2,
      "model": "사이화",
      "title": "史家",
      "content": "呵哈、呵哈哈哈！！！"
    },
    {
      "id": 3,
      "model": "그레고르",
      "content": "什么啊……那人，不是逃跑了吗？现在他又突然出现，还笑得前仰后合啊……？"
    },
    {
      "id": 4,
      "model": "히스클리프",
      "content": "忙来忙去一事无成，所以疯掉了吗？"
    },
    {
      "id": 5,
      "model": "사이화",
      "title": "史家",
      "content": "啊哈哈哈……啊哈，天啊。余是不是笑过头了。"
    },
    {
      "id": 6,
      "model": "사이화",
      "title": "史家",
      "content": "本以为会事与愿违……但到头来事情还是按计划进行，余怎么能不笑出来呢。"
    },
    {
      "id": 7,
      "model": "사이화",
      "title": "史家",
      "content": "你们也能听见吧……？在都市，在后巷！"
    },
    {
      "id": 8,
      "model": "사이화",
      "title": "史家",
      "content": "浪潮涌来的声音！"
    },
    {
      "id": 9,
      "model": "리카르도다침",
      "content": "……浪潮？"
    },
    {
      "id": 10,
      "content": "史宜化的话音刚落，在逐渐平息的战斗喧嚣中，一阵阵不祥的声音缓缓地渗透进来。"
    },
    {
      "id": 11,
      "content": "那是融化或吐出的声音，亦或是沸腾翻涌的声音……"
    },
    {
      "id": 12,
      "content": "若并非如此，也像是渗入或吸吮的动静。"
    },
    {
      "id": 13,
      "content": "四处撞击，支离破碎，不知何处是始终，与“浪潮”声如出一辙。"
    },
    {
      "id": 14,
      "model": "오티스",
      "content": "当前时间为3点21分……已经开始了。"
    },
    {
      "id": 15,
      "model": "싱클레어",
      "content": "后巷深宵……这个时间段还待在巴士外面，是第一次吧……？"
    },
    {
      "id": 16,
      "model": "파우스트",
      "content": "那次短暂踏足郊区时，时间已过凌晨4点，所以此次应该是第二次。"
    },
    {
      "id": 17,
      "model": "파우스트",
      "content": "因为当时是在郊区，所以不必多虑。"
    },
    {
      "id": 18,
      "model": "사이화",
      "title": "史家",
      "content": "咳呵呵呵……垃圾终于要被清扫了。"
    },
    {
      "id": 19,
      "model": "사이화",
      "title": "史家",
      "content": "此刻，余已期待许久！"
    },
    {
      "id": 20,
      "model": "리카르도다침",
      "content": "……所以那又怎样？"
    },
    {
      "id": 21,
      "model": "리카르도다침",
      "content": "难不成清道夫会触犯禁忌去帮你这家伙吗？"
    },
    {
      "id": 22,
      "model": "사이화",
      "title": "史家",
      "content": "你还没抓住重点啊，疯狂紫头人。"
    },
    {
      "id": 23,
      "model": "사이화",
      "title": "史家",
      "content": "子路，前往已准备好的地点。"
    },
    {
      "id": 24,
      "model": "자로",
      "title": "黑兽-卯",
      "content": "……"
    },
    {
      "id": 25,
      "model": "로쟈",
      "content": "……什么嘛？话说得倒是漂亮，不会就为了说这些才来的吧？"
    },
    {
      "id": 26,
      "content": "史宜化气势汹汹，仿佛终于要迎来一场真正的较量，却带着一副畅快的神情跑了出去。"
    },
    {
      "id": 27,
      "model": "리카르도다침",
      "content": "什么意思……他还真觉得那些清道夫会帮他啊？"
    },
    {
      "id": 28,
      "model": "단테",
      "content": "<浮士德。>"
    },
    {
      "id": 29,
      "model": "파우스트",
      "content": "的确。清道夫并不会踏入居住区。但是……"
    },
    {
      "id": 30,
      "model": "단테",
      "content": "<假如这里事实上并不是居住区的话……？>"
    },
    {
      "id": 31,
      "model": "로쟈",
      "content": "说什么呢？你看，这儿有墙壁、有床、有枕头被子，还有……"
    },
    {
      "id": 32,
      "model": "로쟈",
      "content": "虽然莫名感觉这墙壁好像软绵绵的，而且……"
    },
    {
      "id": 33,
      "model": "로쟈",
      "content": "快要……化掉……了？"
    },
    {
      "id": 34,
      "content": "并不只是罗佳，其他罪人们也纷纷意识到了什么，开始环顾四周的墙壁。"
    },
    {
      "id": 35,
      "content": "不知何时，客栈的墙壁已经悄然融化，消失得无影无踪。"
    },
    {
      "id": 36,
      "content": "就好像……我们停留的地方不过是一间画出来的房子。"
    },
    {
      "id": 37,
      "content": "当我们终于察觉到这一点时，那如同浪潮般的噪音已然逼近了我们的所在之处……"
    },
    {
      "id": 38,
      "place": "客栈 前堂？",
      "content": "与以往不同，这次他们不再只是绕过巴士，而是仿佛要渗透进来一般。"
    },
    {
      "id": 39,
      "model": "청소부A",
      "teller": "清道夫",
      "title": "？？？",
      "content": "3333333……"
    },
    {
      "id": 40,
      "model": "청소부C",
      "teller": "清道夫",
      "title": "？？？",
      "content": "45124111……555232200？"
    },
    {
      "id": 41,
      "model": "청소부A",
      "teller": "清道夫",
      "title": "？？？",
      "content": "3335114……9541723。"
    },
    {
      "id": 42,
      "model": "싱클레어",
      "content": "啊啊啊？！怎、怎么回事？！为、为、为什么啊啊啊啊？！"
    },
    {
      "id": 43,
      "model": "돈키호테",
      "content": "……！他们在……"
    },
    {
      "id": 44,
      "model": "리카르도다침",
      "content": "这、这……怎么可能？"
    },
    {
      "id": 45,
      "model": "리카르도다침",
      "content": "首脑的清道夫竟敢如此明目张胆地打破禁忌……？！"
    },
    {
      "id": 46,
      "model": "료슈",
      "content": "哼，看来要直面这浪潮了啊。"
    },
    {
      "id": 47,
      "model": "싱클레어",
      "content": "为、为什么您说得好像很期待一样？！我、我是说，我们得……"
    },
    {
      "id": 48,
      "model": "오티스",
      "content": "我们得梳理一下目前已知的情况。"
    },
    {
      "id": 49,
      "model": "오티스",
      "content": "确实……显然……"
    },
    {
      "id": 50,
      "model": "오티스",
      "content": "如果我们只是在这里干站着，肯定会被他们一并清扫掉……吧。"
    },
    {
      "id": 51,
      "model": "청소부C",
      "teller": "清道夫",
      "title": "？？？",
      "content": "4151919……"
    },
    {
      "id": 52,
      "model": "청소부A",
      "teller": "清道夫",
      "title": "？？？",
      "content": "772……"
    },
    {
      "id": 53,
      "model": "오티스",
      "content": "该死……除了战斗也别无他法了……哈啊。"
    }
  ]
}