{
  "dataList": [
    {
      "id": 0,
      "place": "融化的客栈前堂",
      "model": "히스클리프",
      "content": "呜啊？！"
    },
    {
      "id": 1,
      "content": "在激烈的战斗中……突然传来与气氛格格不入的音乐声。"
    },
    {
      "id": 2,
      "content": "是以前听过的……电子音乐。"
    },
    {
      "id": 3,
      "model": "작은형님그림자",
      "teller": "？？？",
      "title": "？？？",
      "content": "啊……终于。"
    },
    {
      "id": 4,
      "model": "작은형님",
      "teller": "里卡多",
      "title": "中指 幼兄",
      "content": "就为了找你们，我的发型又一次变得蓬乱了。"
    },
    {
      "id": 5,
      "model": "작은형님",
      "teller": "里卡多",
      "title": "中指 幼兄",
      "content": "第2条第11项……C行。对在账簿处刑过程中逃窜之人，实施撕裂双腿之刑。"
    },
    {
      "id": 6,
      "model": "작은형님",
      "teller": "里卡多",
      "title": "中指 幼兄",
      "content": "我花费了多少时间……就通过充分的痛苦来让你铭记于心吧。"
    },
    {
      "id": 7,
      "model": "히스클리프",
      "content": "那、那个混蛋怎么会在这里啊？！"
    },
    {
      "id": 8,
      "model": "히스클리프",
      "content": "你丫的是跟踪狂吗？！之前都一直跟着我们吗？！"
    },
    {
      "id": 9,
      "model": "작은형님",
      "teller": "里卡多",
      "title": "中指 幼兄",
      "content": "追个混账小偷怎么就被说得这么不堪了？托你这家伙的福，我的柔顺——到现在都还没找回来啊……！"
    },
    {
      "id": 10,
      "model": "사이화",
      "title": "史家",
      "content": "那、那是？！第三方势力吗？"
    },
    {
      "id": 11,
      "model": "가시춘",
      "title": "贾家",
      "content": "……你们，到底在哪儿惹来这种仇人的……？！"
    },
    {
      "id": 12,
      "model": "사이화",
      "title": "史家",
      "content": "子路，把那群人也收拾掉！"
    },
    {
      "id": 13,
      "model": "자로",
      "content": "……你完全没有搞明白现况呢。"
    },
    {
      "id": 14,
      "model": "사이화",
      "title": "史家",
      "content": "什么？！"
    },
    {
      "id": 15,
      "model": "자로",
      "content": "你不知道吗？那些人是……"
    },
    {
      "id": 16,
      "model": "가시춘",
      "title": "贾家",
      "content": "中指为什么会在这里？！"
    },
    {
      "id": 17,
      "content": "……中指的幼兄，里卡多。"
    },
    {
      "id": 18,
      "content": "不但一个个杀死了罪人们，还险些让我脑袋爆炸的……那个人。"
    },
    {
      "id": 19,
      "model": "단테",
      "content": "<浮士德……我现在还要做好那个准备吗……？>"
    },
    {
      "id": 20,
      "model": "파우스트",
      "content": "……不。起码现在不用。"
    },
    {
      "id": 21,
      "model": "파우스트",
      "content": "根据LCE的评价，罪人们的战力相比去年在大湖时已经有所增强。"
    },
    {
      "id": 22,
      "model": "파우스트",
      "content": "我们的胜率已经上升到不战而逃会显得可惜的程度。"
    },
    {
      "id": 23,
      "model": "로쟈",
      "content": "大、大概多高……？"
    },
    {
      "id": 24,
      "model": "파우스트",
      "content": "足以让我们……相信不确定性了。"
    },
    {
      "id": 25,
      "model": "작은형님",
      "teller": "里卡多",
      "title": "中指 幼兄",
      "content": "啊……可以把广播关掉了。"
    },
    {
      "id": 26,
      "model": "작은형님",
      "teller": "里卡多",
      "title": "中指 幼兄",
      "content": "虽然不知道你们为什么打起来……"
    },
    {
      "id": 27,
      "model": "작은형님",
      "teller": "里卡多",
      "title": "中指 幼兄",
      "content": "不过我特地来东部，是因为必须要亲手处刑那个混蛋。"
    },
    {
      "id": 28,
      "model": "작은형님",
      "teller": "里卡多",
      "title": "中指 幼兄",
      "content": "其实只要交给在东部活动的小子们就可以了……但，也没必要特地麻烦东部的长兄。"
    },
    {
      "id": 29,
      "model": "작은형님",
      "teller": "里卡多",
      "title": "中指 幼兄",
      "content": "所以，那个矮子先滚开。执行中指账簿是最优先的。"
    },
    {
      "id": 30,
      "model": "사이화",
      "title": "史家",
      "content": "矮子？！哈！聒噪，区区一个把脑袋染得花里胡哨的手指小喽啰！这里可是H公司！余、余可是……"
    },
    {
      "id": 31,
      "model": "작은형님",
      "teller": "里卡多",
      "title": "中指 幼兄",
      "content": "……"
    },
    {
      "id": 32,
      "model": "히스클리프",
      "content": "……哇。这真是，我只能说哇了。"
    },
    {
      "id": 33,
      "model": "오티스",
      "content": "愚钝害人……他完全看不清现在的形势。"
    },
    {
      "id": 34,
      "content": "里卡多带着既愤怒又惊讶的表情沉默地思考了一会……"
    },
    {
      "id": 35,
      "model": "작은형님",
      "teller": "里卡多",
      "title": "中指 幼兄",
      "content": "呼……真了不起。你创下了新纪录。"
    },
    {
      "id": 36,
      "model": "작은형님",
      "teller": "里卡多",
      "title": "中指 幼兄",
      "content": "你是第一个见到我15秒后名字就被写进账簿的混蛋，小鬼。"
    },
    {
      "id": 37,
      "content": "他颤抖着攥紧账簿，一笔一划地写着，就像是那每一笔都要算在账上一样。"
    },
    {
      "id": 38,
      "model": "작은형님",
      "teller": "里卡多",
      "title": "中指 幼兄",
      "content": "对毫无礼数的你……需要实施口裂之刑。"
    },
    {
      "id": 39,
      "model": "작은형님",
      "teller": "里卡多",
      "title": "中指 幼兄",
      "content": "小的们，你们负责抓住那个混蛋小偷！"
    },
    {
      "id": 40,
      "model": "사이화",
      "title": "史家",
      "content": "什、什么意思？！子路！"
    },
    {
      "id": 41,
      "model": "자로",
      "content": "哎……"
    },
    {
      "id": 42,
      "model": "작은형님",
      "teller": "里卡多",
      "title": "中指 幼兄",
      "content": "你又是谁……不，算了。试着阻止我吧。"
    },
    {
      "id": 43,
      "model": "작은형님",
      "teller": "里卡多",
      "title": "中指 幼兄",
      "content": "包括你在内，这里的所有人……都得即刻处刑！"
    },
    {
      "id": 44,
      "model": "싱클레어",
      "content": "我、我们是不是趁现在逃跑比较好啊……？"
    },
    {
      "id": 45,
      "model": "단테",
      "content": "<唔……看上去不太可能……>"
    },
    {
      "id": 46,
      "content": "即使里卡多猛地冲向子路和史宜化所在的方向……"
    },
    {
      "id": 47,
      "content": "他的手下也遵照他留下的指示，将我们团团包围。"
    },
    {
      "id": 48,
      "model": "이스마엘",
      "content": "所有人拿好武器。带着为大湖之败一雪前耻的心情……开战吧。"
    },
    {
      "id": 49,
      "model": "이스마엘",
      "content": "而且……我也得找那个混账算账呢。"
    }
  ]
}