{
  "dataList": [
    {
      "id": 0,
      "place": "融化的客栈前堂",
      "model": "단테",
      "content": "<……！>"
    },
    {
      "id": 1,
      "content": "正想着对面传来了很大的声响时，里卡多从那个方向出现了。"
    },
    {
      "id": 2,
      "model": "리카르도다침",
      "content": "虽然有听说过东部叫黑兽的家伙们挺难对付的……但其中还有尤其棘手的家伙啊。"
    },
    {
      "id": 3,
      "model": "리카르도다침",
      "content": "那家伙突然消失了……怎么做到的？"
    },
    {
      "id": 4,
      "model": "리카르도다침",
      "content": "算了……啧，也写进账簿里吧。"
    },
    {
      "id": 5,
      "model": "리카르도다침",
      "content": "还是按照原定计划……先把那个理发券小偷暴揍一顿吧！"
    }
  ]
}