{
  "dataList": [
    {
      "id": 0,
      "place": "融化的客栈前堂",
      "model": "가시춘",
      "title": "贾家",
      "content": "有力……？"
    },
    {
      "id": 1,
      "model": "사이화",
      "title": "史家",
      "content": "没错。能够指使黑兽的余，就是当之无愧的有力候选人。"
    },
    {
      "id": 2,
      "model": "사이화",
      "title": "史家",
      "content": "和说要寻找什么不死之河、四处浪费时间的你可相当不同，不是吗？"
    },
    {
      "id": 3,
      "model": "가시춘",
      "title": "贾家",
      "content": "……真是的，先从哪里开始反驳好呢。"
    },
    {
      "id": 4,
      "model": "가시춘",
      "title": "贾家",
      "content": "哈，和你还真是没什么好说的。我也不会叫你哥哥之类的。"
    },
    {
      "id": 5,
      "model": "가시춘",
      "title": "贾家",
      "content": "是谁呢？……环哥哥？不，无法想象环哥哥会和你这样的人有交集。"
    },
    {
      "id": 6,
      "model": "사이화",
      "title": "史家",
      "content": "你在说什么呢……？"
    },
    {
      "id": 7,
      "model": "가시춘",
      "title": "贾家",
      "content": "我在问你究竟投靠了谁？操控黑兽的一定另有其人。这可不是你能触及的东西。不是吗？"
    },
    {
      "id": 8,
      "model": "사이화",
      "title": "史家",
      "content": "你这小矬子……！"
    },
    {
      "id": 9,
      "model": "가시춘",
      "title": "贾家",
      "content": "你有资格说么……噗。"
    },
    {
      "id": 10,
      "model": "경도",
      "content": "宜化大人……？"
    },
    {
      "id": 11,
      "model": "단테",
      "content": "<这么说……幕后主使看起来不是我想象的那种大人物……>"
    },
    {
      "id": 12,
      "model": "오티스",
      "content": "看到那个卑鄙的叛徒慌张的样子，似乎确实如此。"
    },
    {
      "id": 13,
      "model": "사이화",
      "title": "史家",
      "content": "话不投机。喂，子路！把他们统统干掉！"
    },
    {
      "id": 14,
      "model": "자로",
      "content": "……原本下达的命令是暗杀。"
    },
    {
      "id": 15,
      "model": "자로",
      "content": "就这样公然攻击他们，砍下候选人的头颅……并不在讨论范围内。"
    },
    {
      "id": 16,
      "model": "사이화",
      "title": "史家",
      "content": "啧……！话怎么那么多！让你干就干！"
    },
    {
      "id": 17,
      "model": "자로",
      "content": "我可以进行以保护你为目的的战斗，其他免谈。"
    },
    {
      "id": 18,
      "model": "자로",
      "content": "黑兽只会听从手握项圈之人的命令。"
    },
    {
      "id": 19,
      "model": "단테",
      "content": "<听上去史宜化甚至不是下命令的人。>"
    },
    {
      "id": 20,
      "model": "이상",
      "content": "我在东部常听一言曰狐假虎威。怎么看都像是假借老虎威势的狐狸。"
    },
    {
      "id": 21,
      "model": "사이화",
      "title": "史家",
      "content": "那边的也给我闭嘴！"
    },
    {
      "id": 22,
      "model": "사이화",
      "title": "史家",
      "content": "妈的……黑兽这帮家伙，什么事都干不好……"
    },
    {
      "id": 23,
      "model": "자로",
      "content": "……"
    },
    {
      "id": 24,
      "model": "경도",
      "content": "宜化大人，反正黑兽只是一个备用方案而已。我们的实际计划是……"
    },
    {
      "id": 25,
      "model": "사이화",
      "title": "史家",
      "content": "嗯哼，说的也是。"
    },
    {
      "id": 26,
      "model": "사이화",
      "title": "史家",
      "content": "反正清扫工作会有其他人来做……！"
    },
    {
      "id": 27,
      "model": "파우스트",
      "content": "此人多次提及了清扫。"
    },
    {
      "id": 28,
      "model": "이스마엘",
      "content": "什么，难道你收买了清道夫吗？"
    },
    {
      "id": 29,
      "model": "사이화",
      "title": "史家",
      "content": "……！"
    },
    {
      "id": 30,
      "model": "경도",
      "content": "……"
    },
    {
      "id": 31,
      "model": "파우스트",
      "content": "……反应可疑，但此推测成立的可能性几乎为零。"
    },
    {
      "id": 32,
      "model": "파우스트",
      "content": "他们的最高指挥权属于首脑。换句话说，除了首脑之外，没有人可以对他们发号施令。"
    },
    {
      "id": 33,
      "model": "이스마엘",
      "content": "也是……嗯，确实是这样。"
    },
    {
      "id": 34,
      "model": "파우스트",
      "content": "除此之外，他们在后巷深宵期间也无法触及任何被指定为居住区的地方。"
    },
    {
      "id": 35,
      "model": "파우스트",
      "content": "这是从一开始就由首脑规定，无法改变的禁忌。"
    },
    {
      "id": 36,
      "model": "파우스트",
      "content": "为了让梅菲斯托费勒斯被认可为移动式居住空间，我们提交了各种文件，这一切都是为了利用这个禁忌。"
    },
    {
      "id": 37,
      "model": "사이화",
      "title": "史家",
      "content": "没错，正是如此。"
    },
    {
      "id": 38,
      "model": "사이화",
      "title": "史家",
      "content": "净说些废话让人不安……啧，气氛都搞砸了。"
    },
    {
      "id": 39,
      "model": "사이화",
      "title": "史家",
      "content": "该走了。反正，只是想露个脸。"
    },
    {
      "id": 40,
      "model": "사이화",
      "title": "史家",
      "content": "反正他们马上就要被清扫掉了，我也不必再记得他们了，哈哈哈！"
    },
    {
      "id": 41,
      "model": "경도",
      "content": "宜化大人……？"
    },
    {
      "id": 42,
      "model": "자로",
      "content": "……我们最好赶在他说出更多多余的话之前离开。"
    },
    {
      "id": 43,
      "content": "正如浮士德所说，他们太可疑了。"
    },
    {
      "id": 44,
      "content": "那样的气氛太过强烈，反而让我思考这是不是另一种高明的陷阱。"
    },
    {
      "id": 45,
      "content": "……但一切皆无定数时，总有一件事是能做的。"
    },
    {
      "id": 46,
      "model": "단테",
      "content": "<浮士德。>"
    },
    {
      "id": 47,
      "model": "파우스트",
      "content": "浮士德原本想先提议的……但看来您也有同样的想法呢。"
    },
    {
      "id": 48,
      "model": "단테",
      "content": "<嗯。那……奥提斯。>"
    },
    {
      "id": 49,
      "model": "오티스",
      "content": "在。"
    },
    {
      "id": 50,
      "model": "단테",
      "content": "<我们这边有十二位罪人、贾惜春和卫。>"
    },
    {
      "id": 51,
      "model": "단테",
      "content": "<而且我不认为那个名为卯的集团愿意参战……>"
    },
    {
      "id": 52,
      "model": "단테",
      "content": "<也就是说我们的敌人只有史宜化、我们的向导、和子路……那个暗杀者。>"
    },
    {
      "id": 53,
      "model": "단테",
      "content": "<我们的人数占上风……对吧？>"
    },
    {
      "id": 54,
      "model": "오티스",
      "content": "正确的战况判断。"
    },
    {
      "id": 55,
      "model": "사이화",
      "title": "史家",
      "content": "什么啊，那边在说些什么……？一直滴答滴答的……"
    },
    {
      "id": 56,
      "model": "경도",
      "content": "……"
    },
    {
      "id": 57,
      "content": "前向导似乎发现了什么端倪，和宜化拉开了距离，然后开始向某个方向逃跑。"
    },
    {
      "id": 58,
      "content": "我白天就在这么想了，但他逃跑的速度真是快得惊人。"
    },
    {
      "id": 59,
      "model": "홍루",
      "content": "……啊！"
    },
    {
      "id": 60,
      "model": "단테",
      "content": "<鸿璐？你想起什么事情了吗？>"
    },
    {
      "id": 61,
      "model": "홍루",
      "content": "是的。因为不是我们家族的成员，所以一时间没想起来呢~"
    },
    {
      "id": 62,
      "model": "홍루",
      "content": "是史家的宜化哥哥对吧？"
    },
    {
      "id": 63,
      "content": "……刚才他不是有自我介绍吗？"
    },
    {
      "id": 64,
      "model": "단테",
      "content": "<不管怎样……鸿璐，我现在要抓住那个人，问问他到底有什么企图……没问题吧？>"
    },
    {
      "id": 65,
      "model": "홍루",
      "content": "嗯~虽然我们不是一家人……但我觉得宜化哥哥不会介意的~"
    },
    {
      "id": 66,
      "model": "단테",
      "content": "<那就只剩一件事了……>"
    },
    {
      "id": 67,
      "model": "단테",
      "content": "<这种时候作为发号施令的人，应该说句帅气的话吧？>"
    },
    {
      "id": 68,
      "model": "홍루",
      "content": "哇，那听起来真的像是只有在故事里才能看到的精彩场景呢？"
    },
    {
      "id": 69,
      "content": "……奥提斯好像也这么说过。"
    },
    {
      "id": 70,
      "content": "即使在一边倒的战斗中，指挥官的一句话也能提升士气，从而改变作战的成功率。"
    },
    {
      "id": 71,
      "content": "所以，我决定引用某天鸿璐借给我的书中的将领的话。"
    },
    {
      "id": 72,
      "model": "단테",
      "content": "<……杀！>"
    }
  ]
}