{
  "dataList": [
    {
      "id": 0,
      "place": "8区后巷 客栈废墟",
      "model": "단테",
      "content": "<已经……不会再涌过来了吗……？>"
    },
    {
      "id": 1,
      "model": "오티스다침",
      "content": "当前时间为4点24分……后巷深宵还有大约10分钟，但第三波似乎已经结束了……这下应该可以喘口气了。"
    },
    {
      "id": 2,
      "model": "파우스트다침",
      "content": "建筑的重新排布似乎也结束了。稳定到了原本的状态。"
    },
    {
      "id": 3,
      "model": "오티스다침",
      "content": "我们……全都挺过来了。执行经理。"
    },
    {
      "id": 4,
      "model": "히스클리프다침2",
      "content": "结、结束了啊……"
    },
    {
      "id": 5,
      "content": "精疲力竭的罪人们一个两个都瘫坐在原地。"
    },
    {
      "id": 6,
      "content": "……虽然确实记得我们从未离开过客栈所处的位置，但那些痕迹似乎已经一丝不留地消失了。"
    },
    {
      "id": 7,
      "content": "简直就像做了有那种建筑存在的梦境一般……我们不知不觉间似乎站到了大楼的屋顶上。"
    },
    {
      "id": 8,
      "model": "그레고르다침",
      "content": "我还以为会被动弹不得地融化呢……哈啊，真是受不了啊……"
    },
    {
      "id": 9,
      "model": "히스클리프다침2",
      "content": "如果那个执着于头发的变态混蛋从一开始就不在的话，我们的力量也大概不够吧……哈啊，该说不说还得感谢他吗？"
    },
    {
      "id": 10,
      "model": "료슈다침",
      "content": "……哼。哪怕是直接面对他们，结果也只有这点程度啊。"
    },
    {
      "id": 11,
      "model": "돈키호테다침",
      "content": "……汝知晓彼等之事吗，良秀。"
    },
    {
      "id": 12,
      "model": "료슈다침",
      "content": "当·然。我听说过他们。"
    },
    {
      "id": 13,
      "model": "돈키호테다침",
      "content": "这般生物身上所散发出的血味……"
    },
    {
      "id": 14,
      "model": "돈키호테다침",
      "content": "虽然十分……稀薄……不、不。"
    },
    {
      "id": 15,
      "model": "돈키호테다침",
      "content": "莫要深思下去为好……"
    },
    {
      "id": 16,
      "model": "료슈다침",
      "content": "为何不？再多往深想想。"
    },
    {
      "id": 17,
      "model": "료슈다침",
      "content": "如果不抓住转瞬而过的想法，创意之类的东西就会死去吧。"
    },
    {
      "id": 18,
      "model": "돈키호테다침",
      "content": "我说过我不会去想了。"
    },
    {
      "id": 19,
      "model": "돈키호테다침",
      "content": "……吾希望汝不要催促。"
    },
    {
      "id": 20,
      "model": "료슈다침",
      "content": "哼，随你便。"
    },
    {
      "id": 21,
      "model": "료슈다침",
      "content": "无趣的家伙。"
    },
    {
      "id": 22,
      "model": "단테",
      "content": "<……我觉得现在并不是同伴间该互相争吵的场合。>"
    },
    {
      "id": 23,
      "content": "虽然堂吉诃德与良秀间的对话让人很在意，不过要是回到巴士上，想聊多少都可以吧。"
    },
    {
      "id": 24,
      "content": "……要是我们能活着回去的话。"
    },
    {
      "id": 25,
      "model": "단테",
      "content": "<史宜化……>"
    },
    {
      "id": 26,
      "model": "사이화",
      "title": "史家",
      "content": "老实说，余很惊讶。"
    },
    {
      "id": 27,
      "model": "사이화",
      "title": "史家",
      "content": "余还以为你们已经被清扫掉了呢……哈啊。"
    },
    {
      "id": 28,
      "content": "史宜化是想见证我们的末路，所以一直在等着吗……他转瞬间就出现在了我们眼前。"
    },
    {
      "id": 29,
      "content": "在浪潮扫荡的间隙里，他们达成了新的交易吗……名为卯的团体和子路都和刚刚的作壁上观截然不同，杀气腾腾地向我们逼近。"
    },
    {
      "id": 30,
      "model": "오티스다침",
      "content": "混……"
    },
    {
      "id": 31,
      "model": "오티스다침",
      "content": "执行经理，我们在短时间内经历了太多过度疲劳的激战了……"
    },
    {
      "id": 32,
      "model": "오티스다침",
      "content": "也许此建议并不忠诚……但若是可能的话还请您最好避免这场战斗。"
    },
    {
      "id": 33,
      "model": "히스클리프다침2",
      "content": "你觉得……那可能吗……"
    },
    {
      "id": 34,
      "content": "我环顾四周。"
    },
    {
      "id": 35,
      "content": "既有已经成了肉片的罪人，也有正在生死线上徘徊挣扎的罪人。"
    },
    {
      "id": 36,
      "content": "如果是罪人们的话……无论再复活多少次都是可以的吧。就像我迄今为止一直在做的那样。"
    },
    {
      "id": 37,
      "content": "但在如此密集的包围网里……在罪人们来得及保护我之前，也不是没有全军覆没的可能性。"
    },
    {
      "id": 38,
      "model": "사이화",
      "title": "史家",
      "content": "不过~余连这般情况都预料到了。"
    },
    {
      "id": 39,
      "model": "사이화",
      "title": "史家",
      "content": "如果没有被全部清扫掉的话，那就事后清理好了！"
    },
    {
      "id": 40,
      "model": "사이화",
      "title": "史家",
      "content": "完美的舞台啊。剩余的10分钟内，清道夫肯定不会来，也不会有任何人靠近。为什么呢？因为后巷深宵还没有结束呢！"
    },
    {
      "id": 41,
      "model": "사이화",
      "title": "史家",
      "content": "中指那帮碍事的家伙们也消失了……啊哈哈！"
    },
    {
      "id": 42,
      "model": "오티스다침",
      "content": "你这家伙……从哪里开始计划的？"
    },
    {
      "id": 43,
      "model": "사이화",
      "title": "史家",
      "content": "从哪里开始的？当然是从一开始！从那个堵住你们路的工程开始！"
    },
    {
      "id": 44,
      "model": "사이화",
      "title": "史家",
      "content": "骗了你们公司那个迟钝而不知世事的家伙也好，让那个连姓都没有的庆涛跟着你们也罢！还委托了三斧事务所向你们申请决斗！"
    },
    {
      "id": 45,
      "model": "사이화",
      "title": "史家",
      "content": "以及把你们的实时位置告诉其他势力……全都是余的手笔。"
    },
    {
      "id": 46,
      "model": "사이화",
      "title": "史家",
      "content": "这个连居住许可都没有取得的破烂旅馆也是，哈哈哈哈！是余收买了技术人员让他们建的！"
    },
    {
      "id": 47,
      "model": "단테",
      "content": "<……原来如此啊。>"
    },
    {
      "id": 48,
      "model": "가시춘",
      "title": "贾家",
      "content": "……"
    },
    {
      "id": 49,
      "model": "사이화",
      "title": "史家",
      "content": "啊哈哈！在余看来，真是十分完美的计划。"
    },
    {
      "id": 50,
      "model": "사이화",
      "title": "史家",
      "content": "如何，厉害吧？！很聪慧吧？！"
    },
    {
      "id": 51,
      "model": "사이화",
      "title": "史家",
      "content": "果然下一任家主的宝座是余……"
    },
    {
      "id": 52,
      "model": "가치우",
      "teller": "？？？",
      "title": "？？？",
      "content": "愚不可及。只有这句话你不该说出口。"
    },
    {
      "id": 53,
      "content": "从黑暗中响起了另一个声音。"
    },
    {
      "id": 54,
      "content": "那声音无比平静，听不出是敌意或是善意。"
    },
    {
      "id": 55,
      "content": "在那声音不断靠近的同时，从建筑移动形成的缝隙间，一束月光射了下来。"
    },
    {
      "id": 56,
      "content": "出现在那束光下的男人，手中提着一颗头颅。"
    },
    {
      "id": 57,
      "content": "那并未意识到死亡临近的眼神，以及从切断的脖子上滴落的血液。"
    },
    {
      "id": 58,
      "content": "那血就如同足迹一般留在地上，他则慢慢地朝我们靠近。"
    },
    {
      "id": 59,
      "model": "가시춘",
      "title": "贾家",
      "content": "……难道是，贾……丘？"
    },
    {
      "id": 60,
      "model": "가시춘",
      "title": "贾家",
      "content": "果然……是这样。他曾经联手的对象是……"
    },
    {
      "id": 61,
      "model": "사이화",
      "title": "史家",
      "content": "庆、庆涛的脑袋为什么在你的手上……"
    },
    {
      "id": 62,
      "model": "가치우",
      "teller": "贾丘",
      "title": "贾家",
      "content": "……因为他弃主而去了，我就再次把他带过来戴上项圈。"
    },
    {
      "id": 63,
      "model": "자공",
      "teller": "？？？",
      "title": "？？？",
      "content": "主公，有蛇。"
    },
    {
      "id": 64,
      "model": "가치우",
      "teller": "贾丘",
      "title": "贾家",
      "content": "不用管。也没有特意驱赶的理由。"
    },
    {
      "id": 65,
      "model": "사이화",
      "title": "史家",
      "content": "为、为何……"
    },
    {
      "id": 66,
      "model": "자공",
      "teller": "？？？",
      "title": "？？？",
      "content": "明明只是为了妨碍他们，你才被允许使用黑兽的……"
    },
    {
      "id": 67,
      "model": "자공",
      "teller": "？？？",
      "title": "？？？",
      "content": "哦，还是说。难道在你自己手握项圈的时候，觉得果然还是跟着史家更为有利吗？"
    },
    {
      "id": 68,
      "model": "사이화",
      "title": "史家",
      "content": "难、难道说……你一直全都知道？！"
    },
    {
      "id": 69,
      "model": "자공",
      "teller": "？？？",
      "title": "？？？",
      "content": "你所指的“全都”是什么呢。"
    },
    {
      "id": 70,
      "model": "자공",
      "teller": "？？？",
      "title": "？？？",
      "content": "与主公的知识相比，你的见识太过短浅，很难去正确理解呢。"
    },
    {
      "id": 71,
      "model": "자공",
      "teller": "？？？",
      "title": "？？？",
      "content": "不过……如果你指的是你向主公求助，说自己被史家抛弃这一点是谎言的话。"
    },
    {
      "id": 72,
      "model": "자공",
      "teller": "？？？",
      "title": "？？？",
      "content": "那当然……我们早就知道了。"
    },
    {
      "id": 73,
      "model": "사이화",
      "title": "史家",
      "content": "……咕！"
    },
    {
      "id": 74,
      "model": "사이화",
      "title": "史家",
      "content": "救、救命。不，请饶我一命……！"
    },
    {
      "id": 75,
      "model": "사이화",
      "title": "史家",
      "content": "我、我有个只有自己才知道的重要情报要说。史、史家里……"
    },
    {
      "id": 76,
      "model": "사이화",
      "title": "史家",
      "content": "有东部十剑……拇——"
    },
    {
      "id": 77,
      "content": "但史宜化没法继续说下去了。"
    },
    {
      "id": 78,
      "content": "因为从黑暗之中伸出了一把弯曲的长刃，唰地一下便斩断了他的脖子。"
    },
    {
      "id": 79,
      "model": "가치우",
      "teller": "贾丘",
      "title": "贾家",
      "content": "……宜化啊，我应该说过的吧，在选择词语的时候，要努力避免让人觉得难堪。"
    },
    {
      "id": 80,
      "model": "자공",
      "teller": "？？？",
      "title": "？？？",
      "content": "主公，这样一来，我觉得我们已经得到了希望获取的信息了。"
    },
    {
      "id": 81,
      "model": "가치우",
      "teller": "贾丘",
      "title": "贾家",
      "content": "哪怕不去追蛇也可以，子路。"
    },
    {
      "id": 82,
      "model": "자로",
      "teller": "子路",
      "title": "黑兽-卯",
      "content": "……"
    },
    {
      "id": 83,
      "content": "那个身材高大的男人如此告知了看上去是他亲信的人们，就这样走了一步，穿过黑暗，来到了我们面前。"
    },
    {
      "id": 84,
      "content": "然后带着神秘的表情，只是沉默地凝视着宜化滚落的脑袋和我们。"
    },
    {
      "id": 85,
      "content": "就像是……在观望着云或是草一样。"
    },
    {
      "id": 86,
      "model": "가치우",
      "teller": "贾丘",
      "title": "贾家",
      "content": "这些家伙就由我带走吧。"
    },
    {
      "id": 87,
      "content": "那个人捡起宜化滚落的头后，轻轻点了点头。"
    },
    {
      "id": 88,
      "model": "자공",
      "teller": "？？？",
      "title": "？？？",
      "content": "啊，请用。如果是简易保存绷带的话，这个头应该暂时不会腐烂吧。"
    },
    {
      "id": 89,
      "content": "他接过了其中一名亲信递来的绷带，用熟练的手法一圈圈包起了两个脑袋。"
    },
    {
      "id": 90,
      "content": "……并且完全没有给予我们任何关注。仿佛在说好像没有任何警戒的必要。"
    },
    {
      "id": 91,
      "model": "가치우",
      "teller": "贾丘",
      "title": "贾家",
      "content": "你们在事态平息后就回来。"
    },
    {
      "id": 92,
      "model": "자로",
      "teller": "子路",
      "title": "黑兽-卯",
      "content": "遵命。"
    },
    {
      "id": 93,
      "model": "가시춘",
      "title": "贾家",
      "content": "等、等等……你、你们。像这样突然冒出……"
    },
    {
      "id": 94,
      "model": "가치우",
      "teller": "贾丘",
      "title": "贾家",
      "content": "……"
    },
    {
      "id": 95,
      "content": "他依然没有回答，只是投来了空虚的目光。"
    },
    {
      "id": 96,
      "content": "接着，他拿着逐渐被血浸染的二人的脑袋，缓缓消失在了黑暗之中。"
    }
  ]
}