{
  "dataList": [
    {
      "id": 0,
      "place": "客栈 前堂？",
      "model": "파우스트다침",
      "content": "第二波结束。第三波……即将到来。"
    },
    {
      "id": 1,
      "content": "战斗十分艰难。里卡多和中指的成员们在熬过第二波后……也面露疲态。"
    },
    {
      "id": 2,
      "model": "베르너다침",
      "teller": "维尔纳",
      "title": "幼弟",
      "content": "大哥……非常抱歉。本来不应该让大哥出面，而是由我们处理掉的……"
    },
    {
      "id": 3,
      "model": "리카르도다침",
      "content": "不。我突然从南部跑过来，你还在这么复杂的H公司里为我带路，已经尽到本分了。"
    },
    {
      "id": 4,
      "model": "리카르도다침",
      "content": "哪怕是你……也想不到会和清道夫打照面吧。"
    },
    {
      "id": 5,
      "model": "베르너다침",
      "teller": "维尔纳",
      "title": "幼弟",
      "content": "咳……"
    },
    {
      "id": 6,
      "content": "我们能勉强在对他们而言也很棘手的清道夫浪潮里坚持下来的原因……借鸿璐的话来说，应该是因为习惯了吧。"
    },
    {
      "id": 7,
      "model": "이스마엘다침",
      "content": "天啊……要是没有以前的经验……我们早就没命了。"
    },
    {
      "id": 8,
      "content": "正如在迅速检查捕鲸叉刃的以实玛利所说，不管是无穷无尽的数量战还是看不到答案的持久战，幸好我们都经历过了。"
    },
    {
      "id": 9,
      "content": "那些经验无疑为我们如今支撑过清道夫浪潮派上了用场。"
    },
    {
      "id": 10,
      "content": "当然……"
    },
    {
      "id": 11,
      "model": "히스클리프다침2",
      "content": "哈啊……呼……这已经是第三轮了吗。"
    },
    {
      "id": 12,
      "model": "뫼르소다침",
      "content": "只能坚持下去了。"
    },
    {
      "id": 13,
      "content": "没人可以确定我们能否撑过第三波。"
    },
    {
      "id": 14,
      "model": "리카르도다침",
      "content": "等到第三轮浪潮结束之后，我一定要执行……！"
    },
    {
      "id": 15,
      "model": "이스마엘다침",
      "content": "哪怕这种情况下也听不到他嘴里吐出合作之类的单词啊。"
    },
    {
      "id": 16,
      "model": "리카르도다침",
      "content": "那当然不……噶！？"
    },
    {
      "id": 17,
      "content": "第三波开始。与此同时……建筑物也突然一同开始颤动。"
    },
    {
      "id": 18,
      "model": "그레고르다침",
      "content": "呜哇！？等……这怎么回事？"
    },
    {
      "id": 19,
      "model": "싱클레어다침",
      "content": "整、整个建筑都在动！"
    },
    {
      "id": 20,
      "model": "단테",
      "content": "<发生什么了！？>"
    },
    {
      "id": 21,
      "model": "이스마엘다침",
      "content": "……我好像说了让你们读手册吧。"
    },
    {
      "id": 22,
      "model": "이스마엘다침",
      "content": "在H公司，建筑物会定期进行移动。虽然这种情况……我也不清楚。"
    },
    {
      "id": 23,
      "model": "오티스다침",
      "content": "呼。幸好我们所在的建筑没有太大变动，经理。"
    },
    {
      "id": 24,
      "content": "奥提斯的话音未落，迎面被斜上突出的建筑击中的里卡多……已经飞出去很远了。"
    },
    {
      "id": 25,
      "model": "리카르도다침",
      "content": "混账……！这我也要记在账簿里的啊！！！"
    },
    {
      "id": 26,
      "content": "不只是里卡多。"
    },
    {
      "id": 27,
      "model": "베르너다침",
      "teller": "维尔纳",
      "title": "幼弟",
      "content": "大哥啊啊啊！！！"
    },
    {
      "id": 28,
      "content": "为了对抗浪潮集中在一起的中指全员……都像是被炮弹击中了一样飞向远方。"
    },
    {
      "id": 29,
      "content": "……不，应该说是坠落才对吧。"
    },
    {
      "id": 30,
      "model": "단테",
      "content": "<这、这到底是……>"
    },
    {
      "id": 31,
      "model": "파우스트다침",
      "content": "由于建筑的移动，可以确认我们周围的浪潮规模明显缩小。但丁，这是机会。"
    },
    {
      "id": 32,
      "model": "히스클리프다침2",
      "content": "哎。我还是搞不清发生了啥事，不过反正已经摆脱了那个烦人的跟踪狂……"
    },
    {
      "id": 33,
      "model": "싱클레어다침",
      "content": "这、这种规模……应该能撑过去吧。"
    },
    {
      "id": 34,
      "content": "罪人们眼中再次燃起了强烈的斗志。"
    },
    {
      "id": 35,
      "model": "단테",
      "content": "<试试看吧。这已经是……我们很熟悉的战斗了。>"
    }
  ]
}