{
  "dataList": [
    {
      "id": 0,
      "place": "8区后巷 客栈废墟",
      "model": "단테",
      "content": "<……>"
    },
    {
      "id": 1,
      "content": "情况完全没有好转。"
    },
    {
      "id": 2,
      "content": "光靠本能就感受得出来。他们散发的气场和之前在鸿园遇到的敌人完全不一样。"
    },
    {
      "id": 3,
      "model": "자공",
      "teller": "？？？",
      "title": "？？？",
      "content": "主公的意思……应该不是命我们打倒他们。"
    },
    {
      "id": 4,
      "model": "자공",
      "teller": "？？？",
      "title": "？？？",
      "content": "嗯，那么出于礼貌还是先由我自报家门吧。"
    },
    {
      "id": 5,
      "model": "자공",
      "teller": "子贡",
      "title": "贾家？",
      "content": "我名为子贡。只是主公、夫子的弟子。"
    },
    {
      "id": 6,
      "content": "主公、夫子……听到那人身份的瞬间，我突然想起庆涛那时的欲言又止。"
    },
    {
      "id": 7,
      "place": "8区后巷 入口",
      "teller": "歌声",
      "title": "？？？",
      "content": "若逢远客来访过，燃火门中星将落~"
    },
    {
      "id": 8,
      "model": "경도",
      "content": "那首歌……是几个月前在后巷流行起来的曲子。"
    },
    {
      "id": 9,
      "model": "경도",
      "content": "咳咳。剩下的话不适合在这里说。等有机会了鄙人一定告诉各位。"
    },
    {
      "id": 10,
      "place": "8区后巷 客栈废墟",
      "model": "단테",
      "content": "<……我是但丁。这些人的执行经理。>"
    },
    {
      "id": 11,
      "content": "我在那强烈的压力下做出回应。"
    },
    {
      "id": 12,
      "content": "因为我有一种强烈的预感，觉得必须至少了解一点关于那个人的信息。"
    },
    {
      "id": 13,
      "model": "파우스트다침",
      "content": "其在介绍自己为执行经理但丁。"
    },
    {
      "id": 14,
      "model": "자공",
      "teller": "子贡",
      "title": "贾家？",
      "content": "……我明白了。感谢你的坦率。"
    },
    {
      "id": 15,
      "model": "자공",
      "teller": "子贡",
      "title": "贾家？",
      "content": "子路，让卯撤下吧。我们暂时还不需要与他们起冲突。"
    },
    {
      "id": 16,
      "model": "자로",
      "title": "黑兽-卯",
      "content": "那好吧。"
    },
    {
      "id": 17,
      "content": "看来他们似乎对我们也抱有同样的想法。"
    },
    {
      "id": 18,
      "model": "자공",
      "teller": "子贡",
      "title": "贾家？",
      "content": "好了，我想我已经充分表现出与你们对话的诚意了。"
    },
    {
      "id": 19,
      "model": "자공",
      "teller": "子贡",
      "title": "贾家？",
      "content": "要是能与诸位结缘的话，对日后的计划也是大有裨益的，所以请尽情提问吧。"
    },
    {
      "id": 20,
      "model": "가시춘",
      "title": "贾家",
      "content": "你们……"
    },
    {
      "id": 21,
      "content": "这时，在那强大气场压制下的贾惜春仿佛等待已久一般，走了出来。"
    },
    {
      "id": 22,
      "model": "가시춘",
      "title": "贾家",
      "content": "……我们在后巷听到的那些可疑的歌谣……都是关于你们的？"
    },
    {
      "id": 23,
      "model": "가시춘",
      "title": "贾家",
      "content": "那些歌词……都是真的吗？"
    },
    {
      "id": 24,
      "model": "자공",
      "teller": "子贡",
      "title": "贾家？",
      "content": "啊啊。原来是想问这个吗。"
    },
    {
      "id": 25,
      "model": "자공",
      "teller": "子贡",
      "title": "贾家？",
      "content": "贾家的惜春……据说虽然能言善道，但却是个万虑千愁之人啊。"
    },
    {
      "id": 26,
      "model": "자공",
      "teller": "子贡",
      "title": "贾家？",
      "content": "……诚然，对于成大事者来说，这份器量还是太小了。"
    },
    {
      "id": 27,
      "model": "웨이",
      "title": "贾家",
      "content": "……！"
    },
    {
      "id": 28,
      "model": "가시춘",
      "title": "贾家",
      "content": "卫。别出面。"
    },
    {
      "id": 29,
      "model": "가시춘",
      "title": "贾家",
      "content": "如果需要反驳……我自有话对付。"
    },
    {
      "id": 30,
      "model": "웨이",
      "title": "贾家",
      "content": "……是。"
    },
    {
      "id": 31,
      "model": "가시춘",
      "title": "贾家",
      "content": "史宜化……那家伙……是你……派来追我们的对吧？"
    },
    {
      "id": 32,
      "model": "자공",
      "teller": "子贡",
      "title": "贾家？",
      "content": "嗯……虽然很接近，但有些不同。他是史家那边派来监视主公的间谍。"
    },
    {
      "id": 33,
      "model": "자공",
      "teller": "子贡",
      "title": "贾家？",
      "content": "因为品行浅薄，觉得反而是个能够刺探史家意图的机会，于是便将黑兽授予他驱使……"
    },
    {
      "id": 34,
      "model": "자공",
      "teller": "子贡",
      "title": "贾家？",
      "content": "一旦掌握力量之后，他便狂妄到以为自己可以成为代表史家的候选人了。"
    },
    {
      "id": 35,
      "model": "가시춘",
      "title": "贾家",
      "content": "……你们利用了他。"
    },
    {
      "id": 36,
      "model": "자공",
      "teller": "子贡",
      "title": "贾家？",
      "content": "正如他想利用我们一样。"
    },
    {
      "id": 37,
      "model": "자공",
      "teller": "子贡",
      "title": "贾家？",
      "content": "只是在手段上，我们要比他高明得多……不是吗。"
    },
    {
      "id": 38,
      "model": "가시춘",
      "title": "贾家",
      "content": "……现在你想对我们做什么？"
    },
    {
      "id": 39,
      "model": "가시춘",
      "title": "贾家",
      "content": "我不觉得……你要杀了我们……"
    },
    {
      "id": 40,
      "model": "자공",
      "teller": "子贡",
      "title": "贾家？",
      "content": "不做什么。"
    },
    {
      "id": 41,
      "model": "자공",
      "teller": "子贡",
      "title": "贾家？",
      "content": "就去完成你们的应尽之事吧。"
    },
    {
      "id": 42,
      "model": "가시춘",
      "title": "贾家",
      "content": "就这样放走竞争对手不管吗……？"
    },
    {
      "id": 43,
      "model": "자공",
      "teller": "子贡",
      "title": "贾家？",
      "content": "什么话。这里根本……看不到任何可称为竞争对手之人。"
    },
    {
      "id": 44,
      "model": "가시춘",
      "title": "贾家",
      "content": "……"
    },
    {
      "id": 45,
      "model": "단테",
      "content": "<……那样的话。>"
    },
    {
      "id": 46,
      "model": "자공",
      "teller": "子贡",
      "title": "贾家？",
      "content": "……？"
    },
    {
      "id": 47,
      "model": "단테",
      "content": "<为什么下令让宜化攻击我们？就像你说的，我们根本称不上竞争对手……>"
    },
    {
      "id": 48,
      "model": "파우스트다침",
      "content": "经理在询问下令让宜化袭击边狱公司的原因。"
    },
    {
      "id": 49,
      "model": "자공",
      "teller": "子贡",
      "title": "贾家？",
      "content": "……虽惧而求知。"
    },
    {
      "id": 50,
      "model": "자공",
      "teller": "子贡",
      "title": "贾家？",
      "content": "然其德未至……"
    },
    {
      "id": 51,
      "model": "자공",
      "teller": "子贡",
      "title": "贾家？",
      "content": "主公常说。人如果在困境中一无所获……那便不值一提。"
    },
    {
      "id": 52,
      "content": "子贡没有回答理由，只是留下了奇怪的话就从我们身边掠过了。"
    },
    {
      "id": 53,
      "model": "자공",
      "teller": "子贡",
      "title": "贾家？",
      "content": "那么便到此为止吧。"
    },
    {
      "id": 54,
      "model": "자공",
      "teller": "子贡",
      "title": "贾家？",
      "content": "希望你们……就像现在这样待在自己的界内。"
    },
    {
      "id": 55,
      "model": "자공",
      "teller": "子贡",
      "title": "贾家？",
      "content": "绘素巨幅之上……无意飞溅出的墨点，真是令人不悦啊。"
    },
    {
      "id": 56,
      "content": "说完这句话，子贡便消失在了建筑群投下的阴影中。"
    },
    {
      "id": 57,
      "content": "包括被称为子路的人在内的众多黑兽，也很快就这样静静地消失了。"
    },
    {
      "id": 58,
      "model": "오티스다침",
      "content": "……结束，了吗……"
    },
    {
      "id": 59,
      "model": "가시춘",
      "title": "贾家",
      "content": "哈啊……"
    },
    {
      "id": 60,
      "content": "在被折腾得一团糟的住所内，奥提斯已经失去了意识，其他罪人们则是喘着粗气或者已经没了呼吸。"
    },
    {
      "id": 61,
      "content": "以及瘫坐在地上的贾惜春，和照顾她的卫。"
    },
    {
      "id": 62,
      "content": "还有就是，脑袋还留在脖子上的幸运的我了。"
    },
    {
      "id": 63,
      "content": "无数次往返于生死边缘的危险夜晚，就这样落下了帷幕。"
    },
    {
      "id": 64,
      "content": "破晓时分……"
    },
    {
      "id": 65,
      "place": "8区后巷 内部",
      "model": "가시춘",
      "title": "贾家",
      "content": "……事情就是这样。不过因为哥哥当时已经死了，所以还不知道吧。"
    },
    {
      "id": 66,
      "model": "홍루",
      "content": "那位……丘大哥吗……？原来如此。"
    },
    {
      "id": 67,
      "content": "天亮了，我们拖着疲惫未消的身躯走到外面散了会步。"
    },
    {
      "id": 68,
      "content": "我们必须决定接下来的去向，还要商讨是否应该与同路的贾惜春一起同行。"
    },
    {
      "id": 69,
      "model": "가시춘",
      "title": "贾家",
      "content": "你该不会是忘了要如何摆出烦恼的表情了吧？"
    },
    {
      "id": 70,
      "model": "가시춘",
      "title": "贾家",
      "content": "怎么听到这种话还能面不改色的？"
    },
    {
      "id": 71,
      "model": "홍루",
      "content": "哈哈，怎么会呢。"
    },
    {
      "id": 72,
      "model": "가시춘",
      "title": "贾家",
      "content": "我们家族的人都是这样。哥哥你肯定也在心底藏着什么吧。"
    },
    {
      "id": 73,
      "model": "가시춘",
      "title": "贾家",
      "content": "如果你对我有什么图谋，现在就说。因为我可没时间和要成为敌人的家伙一起优哉游哉地散步。"
    },
    {
      "id": 74,
      "model": "홍루",
      "content": "惜春，我好像一直都说过的吧，我对家主的位置不……"
    },
    {
      "id": 75,
      "model": "가시춘",
      "title": "贾家",
      "content": "……知道了。即使那是谎言，我也知道你没有为这次评审做任何准备。"
    },
    {
      "id": 76,
      "model": "가시춘",
      "title": "贾家",
      "content": "……哼，那么换个话题。"
    },
    {
      "id": 77,
      "content": "与鸿璐并肩交谈的贾惜春似乎在思考下一个计划，于是放缓了脚步，向我靠近。"
    },
    {
      "id": 78,
      "model": "가시춘",
      "title": "贾家",
      "content": "你，就是我哥哥这边势力的头目了吧。关于我之前想和你谈谈的事情。"
    },
    {
      "id": 79,
      "model": "단테",
      "content": "<头目……？姑且……算是吧 。>"
    },
    {
      "id": 80,
      "content": "之前？是指在客栈里要说的那件事吗……？"
    },
    {
      "id": 81,
      "model": "가시춘",
      "title": "贾家",
      "content": "啊，哥哥。过来帮我翻译一下。"
    },
    {
      "id": 82,
      "model": "홍루",
      "content": "哈哈，不必多说，但丁阁下当然是我们的经理啦。"
    },
    {
      "id": 83,
      "model": "가시춘",
      "title": "贾家",
      "content": "好，那我提议。"
    },
    {
      "id": 84,
      "model": "가시춘",
      "title": "贾家",
      "content": "在这场家主之争中，加入我的阵营。你们来帮我。"
    },
    {
      "id": 85,
      "model": "단테",
      "content": "<……诶？>"
    },
    {
      "id": 86,
      "content": "那个……这样做没关系吗？"
    },
    {
      "id": 87,
      "model": "히스클리프",
      "content": "……这么做行吗？"
    },
    {
      "id": 88,
      "model": "가시춘",
      "title": "贾家",
      "content": "有什么不行的理由吗？"
    },
    {
      "id": 89,
      "model": "가시춘",
      "title": "贾家",
      "content": "你们是从清道夫手上都能挺过来的势力……"
    },
    {
      "id": 90,
      "model": "가시춘",
      "title": "贾家",
      "content": "虽说你们的目标就是回到主宅，但看起来还没决定好到那之后要做什么。"
    },
    {
      "id": 91,
      "model": "가시춘",
      "title": "贾家",
      "content": "哥哥也不打算自己当家主。"
    },
    {
      "id": 92,
      "model": "가시춘",
      "title": "贾家",
      "content": "那样的话，为什么不助我顺利成为家主呢？"
    },
    {
      "id": 93,
      "model": "가시춘",
      "title": "贾家",
      "content": "和其他哥哥姐姐不同，我一向快意恩仇。如果你不相信的话，那就用书面的……"
    },
    {
      "id": 94,
      "model": "단테",
      "content": "<浮士德，没问题吧？>"
    },
    {
      "id": 95,
      "model": "파우스트",
      "content": "……嗯。"
    },
    {
      "id": 96,
      "model": "파우스트",
      "content": "浮士德认为，至少贾惜春小姐的话里没有漏洞。"
    },
    {
      "id": 97,
      "model": "파우스트",
      "content": "就这样让盟友坐上一翼的顶点，对边狱公司来说也是一股极大的助力。"
    },
    {
      "id": 98,
      "model": "단테",
      "content": "<是吗……>"
    },
    {
      "id": 99,
      "model": "단테",
      "content": "<……那么，看起来也没有拒绝的理由。>"
    },
    {
      "id": 100,
      "content": "鸿璐在一旁慢慢地踱着步，静静地听完我们的谈话后，将内容整理成更易传达的形式转述给了贾惜春。"
    },
    {
      "id": 101,
      "model": "가시춘",
      "title": "贾家",
      "content": "哼，很好。"
    },
    {
      "id": 102,
      "model": "가시춘",
      "title": "贾家",
      "content": "本来，在这种缔结盟约的日子应该备下丰盛筵席，彼此共誓未来的。"
    },
    {
      "id": 103,
      "model": "가시춘",
      "title": "贾家",
      "content": "我请客。等靠近中央后，我们就找个客栈边吃边聊吧。"
    },
    {
      "id": 104,
      "model": "가시춘",
      "title": "贾家",
      "content": "但丁……对吧？今后还请多多关照。"
    },
    {
      "id": 105,
      "model": "단테",
      "content": "<嗯。这边也是。>"
    },
    {
      "id": 106,
      "content": "虽然仍有些茫然，但看见贾惜春爽快地伸出了手，我便握住那只手，缓缓地握了握。"
    },
    {
      "id": 107,
      "content": "这么一想……除了救下某人或是公司直接指定的同僚之外，这还是我们第一次自己选择同伴啊。"
    },
    {
      "id": 108,
      "content": "……正因为是第一个这样结交的同伴。"
    },
    {
      "id": 109,
      "content": "希望我们也能就此摆脱，同伴们总是迎来不幸结局的厄运。"
    },
    {
      "id": 110,
      "content": "筵席过后……"
    },
    {
      "id": 111,
      "content": "一出门，我们就看到梅菲斯托费勒斯停在客栈前。"
    },
    {
      "id": 112,
      "model": "그레고르",
      "content": "哎呀……每次都是坐在上面所以没多想过，但现在看它这样停在这里，真是说不出的违和啊。"
    },
    {
      "id": 113,
      "model": "가시춘",
      "title": "贾家",
      "content": "你们……平时就乘坐这种东西吗？"
    },
    {
      "id": 114,
      "model": "뉴소드",
      "content": "……很高兴看到大家没事。"
    },
    {
      "id": 115,
      "content": "索德和皮利托从巴士里走了下来。"
    },
    {
      "id": 116,
      "model": "그레고르",
      "content": "哦呃，那……事情顺利结束了吗？"
    },
    {
      "id": 117,
      "model": "오티스",
      "content": "该先说这个吗？听好了，你的后辈捅的那篓子……"
    },
    {
      "id": 118,
      "model": "뉴소드",
      "content": "……是的，浮士德女士已经向我进行了报告。"
    },
    {
      "id": 119,
      "model": "뉴소드",
      "content": "皮利托。"
    },
    {
      "id": 120,
      "model": "뉴파일럿",
      "content": "呃……是！"
    },
    {
      "id": 121,
      "content": "从他那唯唯诺诺的样子看来……他应该已经被索德狠狠骂过一顿了。"
    },
    {
      "id": 122,
      "model": "뉴파일럿",
      "content": "实、实在是非常抱歉……各位……"
    },
    {
      "id": 123,
      "model": "뉴파일럿",
      "content": "我以往只有扫荡作战的经验，参与情报作战还是第一次……"
    },
    {
      "id": 124,
      "model": "뉴소드",
      "content": "皮利托。我之前说过，道歉的时候还用借口蒙混过去的话会怎么样？"
    },
    {
      "id": 125,
      "model": "뉴파일럿",
      "content": "啊啊、啊啊啊！！！不是的！非常抱歉！"
    },
    {
      "id": 126,
      "model": "뉴파일럿",
      "content": "是庆涛这个人接近了我，告诉了我一个完全没想过的计划！"
    },
    {
      "id": 127,
      "model": "뉴파일럿",
      "content": "我以为能够用前辈们都意想不到的方法解决，所以有点急功近利了！"
    },
    {
      "id": 128,
      "model": "뉴소드",
      "content": "……我也很抱歉。我忽略了他作为一个新手，很有可能会犯这样的错误。"
    },
    {
      "id": 129,
      "model": "뉴소드",
      "content": "看起来我们都得好好写个检讨书了……"
    },
    {
      "id": 130,
      "model": "단테",
      "content": "<受到…… 处分啊。>"
    },
    {
      "id": 131,
      "model": "파우스트",
      "content": "从结果来看，LCB小队平安无事，所以处分应该不会太严重。只是，接下来大概会有半年的时间实际上要无薪工作了吧。"
    },
    {
      "id": 132,
      "model": "뉴소드",
      "content": "如果只是减薪就能了事的话就太好了……"
    },
    {
      "id": 133,
      "model": "뉴파일럿",
      "content": "下、下次！"
    },
    {
      "id": 134,
      "model": "뉴파일럿",
      "content": "下次我绝对会成长起来的……变成能帮到大家的人……呜、呜呜。"
    },
    {
      "id": 135,
      "model": "뉴소드",
      "content": "当然了，你当然会变成那样的。皮利托。"
    },
    {
      "id": 136,
      "model": "뉴소드",
      "content": "我会让你变成那样的。要加油哦？"
    },
    {
      "id": 137,
      "model": "뉴파일럿",
      "content": "啊……"
    },
    {
      "id": 138,
      "model": "뉴소드",
      "content": "我的部下……绝不会有人因为失误而死去或遭到开除。"
    },
    {
      "id": 139,
      "model": "싱클레어",
      "content": "……"
    },
    {
      "id": 140,
      "model": "단테",
      "content": "<……是的。>"
    },
    {
      "id": 141,
      "model": "로쟈",
      "content": "啊啊！这么说来，有件大事我觉得索德也应该知道一下……关于我们接下来要做的事~"
    },
    {
      "id": 142,
      "model": "뉴소드",
      "content": "啊，我正好是来传达这个消息的。刚刚，LCA向我们下达了今后的作战方针。"
    },
    {
      "id": 143,
      "content": "索德好像刚刚想起来一样，从怀中取出了一个小小的终端……"
    },
    {
      "id": 144,
      "content": "并开始读起了其上的文字。"
    },
    {
      "id": 145,
      "model": "뉴소드",
      "content": "在到达H公司中心后，LCB将作为候选人参与家主评审。"
    },
    {
      "id": 146,
      "model": "가시춘",
      "title": "贾家",
      "content": "哼，你不说我们也会去做的。现在，这个叫做巴士部队的势力，将成为我的——"
    },
    {
      "id": 147,
      "model": "뉴소드",
      "content": "参与者为以下罪人："
    },
    {
      "id": 148,
      "model": "뉴소드",
      "content": "6号罪人。鸿璐。"
    },
    {
      "id": 149,
      "model": "단테",
      "content": "<……啥？>"
    },
    {
      "id": 150,
      "place": -1,
      "content": "— 完 —"
    },
    {
      "id": 151,
      "model": "가시춘",
      "title": "贾家",
      "content": "……你说啥？！"
    },
    {
      "id": 152,
      "model": "가시춘",
      "title": "贾家",
      "content": "不、不带这样的！"
    },
    {
      "id": 153,
      "model": "가시춘",
      "title": "贾家",
      "content": "喂！你们这些家伙！把刚才吃下去的东西都给我吐出来！喂！"
    }
  ]
}