{
  "dataList": [
    {
      "id": 0,
      "model": "이상",
      "teller": "李箱",
      "title": "技术解放联盟",
      "content": "所以……这是入侵者？"
    },
    {
      "id": 1,
      "content": "孩子的声音相当干燥。"
    },
    {
      "id": 2,
      "content": "他的表情和声音无动于衷，就这样低头看着那个人从他眼前被带走。"
    },
    {
      "id": 3,
      "teller": "勤劳的队员",
      "title": "技术解放联盟",
      "content": "没错。他可能是想偷走设施的脑啡肽……才独自一人来到了支部的地下。"
    },
    {
      "id": 4,
      "model": "이상",
      "teller": "李箱",
      "title": "技术解放联盟",
      "content": "……明白了，退下吧。"
    },
    {
      "id": 5,
      "content": "也许他是那孩子的下属。把被绑着胳膊的人拖进房间的成员向孩子鞠了一躬，然后便离开了。"
    },
    {
      "id": 6,
      "model": "이상",
      "teller": "李箱",
      "title": "技术解放联盟",
      "content": "现在……你可以开始说话了。为什么要去那里？"
    },
    {
      "id": 7,
      "content": "当扇子合上后，被抓到的人便开始为自己辩护。"
    },
    {
      "id": 8,
      "teller": "被抓住的小偷",
      "title": "？？？",
      "content": "你、你是他们的老大吗？"
    },
    {
      "id": 9,
      "model": "이상",
      "teller": "李箱",
      "title": "技术解放联盟",
      "content": "……目前，姑且算是这样。"
    },
    {
      "id": 10,
      "teller": "被抓住的小偷",
      "title": "？？？",
      "content": "不是……你们没买下那座支部，而我也是冒着生命危险下来赚钱的，稍微分享一点都觉得可惜吗？"
    },
    {
      "id": 11,
      "content": "孩子的表情似乎变得更加无所谓。看上去像是不理解那人说的话。"
    },
    {
      "id": 12,
      "model": "이상",
      "teller": "李箱",
      "title": "技术解放联盟",
      "content": "或许你有所误解……"
    },
    {
      "id": 13,
      "teller": "被抓住的小偷",
      "title": "？？？",
      "content": "有什么误解！既然你们连这么个光鲜亮丽的实验室都建起来了……算了，反正这里应该也没剩下什么能给我装进口袋的脑啡肽。"
    },
    {
      "id": 14,
      "model": "이상",
      "teller": "李箱",
      "title": "技术解放联盟",
      "content": "这里，并非为收集脑啡肽而建立的设施……"
    },
    {
      "id": 15,
      "teller": "被抓住的小偷",
      "title": "？？？",
      "content": "那该是什么！"
    },
    {
      "id": 16,
      "content": "沙。"
    },
    {
      "id": 17,
      "content": "孩子像是不愿再听一样，一把将扇子展开。"
    },
    {
      "id": 18,
      "content": "先前还满怀不满说着话的那人，也被开扇声和刺鼻的香气所震慑，一下把话咽了回去。"
    },
    {
      "id": 19,
      "teller": "被抓住的小偷",
      "title": "？？？",
      "content": "干……干什么。仔细一看你，长得可真奇怪。头上还开着花……"
    },
    {
      "id": 20,
      "model": "이상",
      "teller": "李箱",
      "title": "技术解放联盟",
      "content": "这是……盛放之物。"
    },
    {
      "id": 21,
      "model": "이상",
      "teller": "李箱",
      "title": "技术解放联盟",
      "content": "曾几何时……我心中试图唤回的乡愁，凝聚成此种形态。"
    },
    {
      "id": 22,
      "content": "面对那人困惑的表情，孩子起身缓步接近。"
    },
    {
      "id": 23,
      "teller": "被抓住的小偷",
      "title": "？？？",
      "content": "噫，别、别过来！"
    },
    {
      "id": 24,
      "model": "이상",
      "teller": "李箱",
      "title": "技术解放联盟",
      "content": "无需恐惧。你，先前说过自己赌上了性命？"
    },
    {
      "id": 25,
      "content": "孩子看上去并没有任何攻击的想法。不如说他似乎在眺望着遥远的，渺远的某处。"
    },
    {
      "id": 26,
      "model": "이상",
      "teller": "李箱",
      "title": "技术解放联盟",
      "content": "你最近……是否见过真正的花？"
    },
    {
      "id": 27,
      "teller": "被抓住的小偷",
      "title": "？？？",
      "content": "……我觉得……大概没有直接见过。人造花倒是看过太多。"
    },
    {
      "id": 28,
      "model": "이상",
      "teller": "李箱",
      "title": "技术解放联盟",
      "content": "是……技术终于夺走了我们曾经以之为乐，为之欢笑的事物。"
    },
    {
      "id": 29,
      "model": "이상",
      "teller": "李箱",
      "title": "技术解放联盟",
      "content": "终有一天……将会失去。为追求方便与快捷，而忽视比技术更为重要的东西。"
    },
    {
      "id": 30,
      "model": "이상",
      "teller": "李箱",
      "title": "技术解放联盟",
      "content": "若是没有所谓技术，你如今也不会这样四处盗窃脑啡肽吧？"
    },
    {
      "id": 31,
      "content": "孩子的话令被抓住的那人睁大眼睛，十分困惑。"
    },
    {
      "id": 32,
      "teller": "被抓住的小偷",
      "title": "？？？",
      "content": "不，但是……"
    },
    {
      "id": 33,
      "teller": "被抓住的小偷",
      "title": "？？？",
      "content": "如果连技术都没了，我的命也压根得不到保障……吧？"
    },
    {
      "id": 34,
      "teller": "被抓住的小偷",
      "title": "？？？",
      "content": "虽然价格高得离谱，但是多亏了K公司出品的那个安瓶还是安瓿的，我才捡回了一条命……"
    },
    {
      "id": 35,
      "model": "이상",
      "teller": "李箱",
      "title": "技术解放联盟",
      "content": "……"
    },
    {
      "id": 36,
      "content": "孩子一时失语，随后像是想起了什么……"
    },
    {
      "id": 37,
      "model": "이상",
      "teller": "李箱",
      "title": "技术解放联盟",
      "content": "是，你所说亦是正解。"
    },
    {
      "id": 38,
      "content": "他笑着回答。"
    },
    {
      "id": 39,
      "teller": "被抓住的小偷",
      "title": "？？？",
      "content": "啊？"
    },
    {
      "id": 40,
      "model": "이상",
      "teller": "李箱",
      "title": "技术解放联盟",
      "content": "不知缘由，我虽已经自诩为这些人的领导者之一……但我的目标与他们略有不同。"
    },
    {
      "id": 41,
      "model": "이상",
      "teller": "李箱",
      "title": "技术解放联盟",
      "content": "当第一朵人造花卉被制作之时，当第一束烟火被研制之时……"
    },
    {
      "id": 42,
      "model": "이상",
      "teller": "李箱",
      "title": "技术解放联盟",
      "content": "这些曾经从未存在的事物首次出现在世上时，只会感到纯粹的欢愉与喜悦。"
    },
    {
      "id": 43,
      "model": "이상",
      "teller": "李箱",
      "title": "技术解放联盟",
      "content": "你是否也想品味这种滋味？"
    },
    {
      "id": 44,
      "teller": "被抓住的小偷",
      "title": "？？？",
      "content": "……你，脑袋有问题吗？"
    },
    {
      "id": 45,
      "model": "이상",
      "teller": "李箱",
      "title": "技术解放联盟",
      "content": "或许你所说也是一种正解。而……"
    },
    {
      "id": 46,
      "model": "이상",
      "teller": "李箱",
      "title": "技术解放联盟",
      "content": "我认为那条道路绚丽无比。因而，每当浮现出那想法，我内心的绽放便比任何时候都更为繁盛。"
    },
    {
      "id": 47,
      "content": "那孩子的心是坚定且清晰的。"
    },
    {
      "id": 48,
      "content": "似乎不论是谁，都无法使其折损。"
    }
  ]
}