{
  "dataList": [
    {
      "id": 0,
      "content": "铁马轰鸣向前，空气沉闷无比。"
    },
    {
      "id": 1,
      "content": "无人言语。我们皆患失语了吗？并非如此。乘上这铁马的个体均是孤身一人。不论与人相邻、与人相对，都不愿相谈。"
    },
    {
      "id": 2,
      "content": "无论从哪个角度来看，他们甚至连动动嘴唇的力气也都失去了。"
    },
    {
      "id": 3,
      "content": "只是双肩垂落、额头低沉，双眼空洞地望着，又或是轻叩着手中物件。"
    },
    {
      "id": 4,
      "content": "我与他们亦无不同。"
    },
    {
      "id": 5,
      "content": "这已然超脱我自身意识的铁马走走停停，而我静坐其中，时常目光涣散，视线中无人亦无物。"
    },
    {
      "id": 6,
      "content": "自上次休假起已经过去了多久。"
    },
    {
      "id": 7,
      "content": "计数毫无意义。或许根本无法计量。"
    },
    {
      "id": 8,
      "content": "这公司擅于窃取时间与记忆。"
    },
    {
      "id": 9,
      "content": "尽管清扫人员不曾使用其服务，但在拼凑那些破碎的血肉残肢时，我却分不清自己的身体是否也如他们一般崩坏。"
    },
    {
      "id": 10,
      "content": "或许是不觉间，我已完成了远超常人一生的工作。肉体积攒的疲累便是这一猜想真实的证明。"
    },
    {
      "id": 11,
      "content": "然而，即便事实如此，这又有何意义。"
    },
    {
      "id": 12,
      "content": "……我的人生与这铁马别无二致。"
    },
    {
      "id": 13,
      "content": "行路不凭双脚，操舵不凭双手，只是随波逐流。"
    },
    {
      "id": 14,
      "content": "仅仅携着难量的疲惫，在上班与下班间交替往复。"
    },
    {
      "id": 15,
      "content": "我正像这随心所欲、来去自如的铁马，那些堆积起的血肉来源于何人，他们又是因何缘由而乘上这辆宛若地狱的列车，这些与我毫无干系。"
    },
    {
      "id": 16,
      "content": "大同小异。"
    },
    {
      "id": 17,
      "content": "因此，那列车与这铁马又相去几何。"
    },
    {
      "id": 18,
      "content": "我猛然清醒过来，手掌伸向了腰间别着的匕首。我可能在未曾觉察时成为了那列车上的乘客，而我却无从知晓。若是那样……"
    },
    {
      "id": 19,
      "model": "안내방송",
      "teller": "广播",
      "title": "？？？",
      "content": "……站到了，开……边门。"
    },
    {
      "id": 20,
      "content": "铁马停止，人流上下。我呼出灼热的气息。"
    },
    {
      "id": 21,
      "content": "看来那令人厌烦的空想一定是又一次抓住了我。被惊吓的心绪越发沉重，最终覆于疲惫之上。"
    },
    {
      "id": 22,
      "content": "我……"
    },
    {
      "id": 23,
      "content": "我压低了印着公司标志的球帽，从座位站起。迎接工作。"
    },
    {
      "id": 24,
      "content": "除此之外，我别无选择。"
    },
    {
      "id": 25,
      "content": "有半日的任务是由我培训新晋的员工。这要比切碎乘客、收拾遗骸来得更轻快些。"
    },
    {
      "id": 26,
      "content": "稍感宽慰后，我离开了这铁马，走向列车。"
    },
    {
      "id": 27,
      "content": "再次感受到这一路脚步中并无自身意志，我的嘴角便浮出干枯苦涩的笑容。"
    }
  ]
}