{
  "dataList": [
    {
      "id": 0,
      "model": "이상",
      "teller": "李箱",
      "title": "裴廓德号",
      "content": "看！这样做是不是容易多了？"
    },
    {
      "id": 1,
      "model": "선원들",
      "teller": "船员们",
      "title": "裴廓德号",
      "content": "哦、哦哦……"
    },
    {
      "id": 2,
      "content": "这孩子正带着友善的微笑，用手指向某个东西。"
    },
    {
      "id": 3,
      "content": "那块木材曾被用来挂起船上的风帆，但它现在已被废弃，被当做了水手们的培训材料。"
    },
    {
      "id": 4,
      "content": "这块木材斑驳狼藉的表面上，布满了数百种武器穿刺劈砍的痕迹。"
    },
    {
      "id": 5,
      "content": "而在那其中最深的痕迹，正是由这孩子刚刚刻下的。"
    },
    {
      "id": 6,
      "model": "이상",
      "teller": "李箱",
      "title": "裴廓德号",
      "content": "诀窍在于敏捷。虽然曾有不要给武器增加重量的说法，但是……"
    },
    {
      "id": 7,
      "content": "孩子重新拿起梭镖，调整了架势。"
    },
    {
      "id": 8,
      "content": "虽然这杆梭镖又细又长，但被打磨得十分锋利，十分适合轻快地挥动。"
    },
    {
      "id": 9,
      "model": "이상",
      "teller": "李箱",
      "title": "裴廓德号",
      "content": "一旦你们的武器刺入了敌人体内，就立刻像我这样移动重心，然后……"
    },
    {
      "id": 10,
      "model": "당황하는 선원",
      "teller": "困惑的船员",
      "title": "裴廓德号",
      "content": "等、等一下……这么高难度的动作，我们不可能一下子就学得会吧？"
    },
    {
      "id": 11,
      "model": "어이없는 선원",
      "teller": "呆滞的船员",
      "title": "裴廓德号",
      "content": "是啊……你刚刚那种说法，简直就像是“你们只要照着课本学习，就能得第一名”一样难为人啊……"
    },
    {
      "id": 12,
      "model": "이상",
      "teller": "李箱",
      "title": "裴廓德号",
      "content": "……是吗？"
    },
    {
      "id": 13,
      "content": "孩子抚摸着下巴，露出了微妙的表情。"
    },
    {
      "id": 14,
      "content": "应该是觉得自己的说明方式对船员们行不通吧。"
    },
    {
      "id": 15,
      "content": "如果可能的话，他希望船员们能够通过这样的训练变得更强，从而在面对浪潮的时候有更高的概率存活下来……"
    },
    {
      "id": 16,
      "content": "但那不是什么容易的事情。"
    },
    {
      "id": 17,
      "content": "在面对浪潮、以及鲸的时候，总会有人倒下。"
    },
    {
      "id": 18,
      "content": "当场死亡或掉进湖中消失不见的船员们，反而算是幸运的。"
    },
    {
      "id": 19,
      "content": "能力平平的普通船员们若是在与鲸的战斗中受伤，就不得不眼睁睁地看着自己逐渐变成人鱼。"
    },
    {
      "id": 20,
      "content": "“……放下小船。”"
    },
    {
      "id": 21,
      "content": "船长经常对孩子下达这样的命令。"
    },
    {
      "id": 22,
      "content": "孩子太了解那个意图了。因为没有裴廓德号船长的命令，谁也不能死在这艘船上。"
    },
    {
      "id": 23,
      "content": "为了主张没有死或没有变成人鱼，需要掩盖那个事实的媒介。"
    },
    {
      "id": 24,
      "content": "起初孩子也反对那个命令。"
    },
    {
      "id": 25,
      "content": "难道不该为了生存而竭尽全力吗，难道本不该现在向着浪潮移动吗，那种事……"
    },
    {
      "id": 26,
      "content": "但是那孩子已经意识到了。"
    },
    {
      "id": 27,
      "content": "身为大副的自己，最终被置于了无法违背船长命令的位置。"
    },
    {
      "id": 28,
      "content": "所以孩子……附和着船员们无聊的玩笑。"
    },
    {
      "id": 29,
      "content": "虽然想继续开展这难懂的训练课程，以减少船长再次下达那种命令的时刻。"
    },
    {
      "id": 30,
      "content": "但看着船上的人数渐渐减少。他领悟到做那种事情毫无意义。"
    },
    {
      "id": 31,
      "model": "이상",
      "teller": "李箱",
      "title": "裴廓德号",
      "content": "……一旦此次航海结束。"
    },
    {
      "id": 32,
      "content": "他心中的愿望，被束缚在了一条狭窄的道路上。"
    },
    {
      "id": 33,
      "content": "他开始明白，为了尽早结束这次航海，就只能成为对船长的命令忠心耿耿的船副。"
    },
    {
      "id": 34,
      "content": "遵照裴廓德号船长，以实玛利的命令。"
    }
  ]
}