{
  "dataList": [
    {
      "id": 0,
      "content": "所谓艺术的本质，正如同破碎的镜片上漫反射出的各种颜色一般。"
    },
    {
      "id": 1,
      "content": "不可理解，不可预测，全然无迹可循……却如此不可思议地美丽。"
    },
    {
      "id": 2,
      "content": "因为任何事物都能被描画出来，因此任何想象都可以被具象为现实……"
    },
    {
      "id": 3,
      "content": "……即便是无法想象的事情，也能从观看某人的作品中领悟出灵感。"
    },
    {
      "id": 4,
      "content": "因此，选择环指与艺术，正是我人生中最为明智的决定。"
    },
    {
      "id": 5,
      "content": "也许我的一生自最初起就是一种艺术。"
    },
    {
      "id": 6,
      "content": "因为对我而言有许多令我感兴趣的事物，正如漫反射所致的七色光芒一般……"
    },
    {
      "id": 7,
      "content": "只是沉湎于一项技术……说到底，那种只在发布会上发表些预测范围内的“发现”的人生，从一开始就不适合我。"
    },
    {
      "id": 8,
      "content": "因此，受点彩派相邀，也是我人生中的一大幸事。"
    },
    {
      "id": 9,
      "content": "一个点包含着无限的宇宙。然后这些点逐渐增加，形成宇宙的集合。它们聚集在一起的样子，本身又会成为另一个宇宙……"
    },
    {
      "id": 10,
      "content": "点彩派的创作仅仅是注视着便能令我永远陷入思考，这种吸引对我来说不能不称之为是必然的。"
    },
    {
      "id": 11,
      "content": "在得到环指学徒这一高尚的称号之后，我便如同插上了人工的翅膀一般，尽情地享受着属于我的自由和可能性。"
    },
    {
      "id": 12,
      "content": "那真是一段愚蠢得令人发笑的日子啊。我的翅膀只需由我所亲手绘制出来就好这种事，那个迷恋于把无聊的机械零件组装在一起的、孩提时代的我，到死也不会知道吧。"
    },
    {
      "id": 13,
      "content": "啊……那些于愚蠢中浪费的时间，真是太可惜了。"
    },
    {
      "id": 14,
      "content": "那些把浑浑噩噩地度过的时间当作命运的、安于现状的日子。"
    },
    {
      "id": 15,
      "content": "拿起笔，去亲手重塑它们的样子吧。"
    },
    {
      "id": 16,
      "content": "无用的过去就此升华为艺术；曾被视为无价值之物一霎间被塑造为美丽。"
    },
    {
      "id": 17,
      "content": "虽然现在只是环指的一名学徒而已，但只要跟随创作无数杰作的大师之脚步……我的作品也能如同日新月异般急速进步吧。"
    },
    {
      "id": 18,
      "content": "此刻我的心情变得更加轻松，可以用毫无负担的心态去面对此次“课题评价”了。"
    },
    {
      "id": 19,
      "content": "……很快我就到达了评价现场。"
    },
    {
      "id": 20,
      "content": "令人不快、意义不明的作品，以及极度的不安感所笼罩下的人们的面貌。"
    },
    {
      "id": 21,
      "content": "他们的哀求声重叠在一起，在空间中回响。但对我而言，这只不过是嗡嗡作响的杂音罢了。"
    },
    {
      "id": 22,
      "content": "那大概只是为了保住性命，在恳求着我给予他们得以通过的评价吧。"
    },
    {
      "id": 23,
      "content": "答案是不及格。"
    },
    {
      "id": 24,
      "content": "都是些乏善可陈的东西。"
    },
    {
      "id": 25,
      "content": "但……"
    },
    {
      "id": 26,
      "content": "是啊，那并不意味着没有答案。"
    },
    {
      "id": 27,
      "content": "我把因不安而颤抖的居民们聚集在一起，告知他们我会对他们的作品进行评价。"
    },
    {
      "id": 28,
      "content": "是的，对这份“团体”作品的评价。"
    },
    {
      "id": 29,
      "content": "当然，他们的作品都是个人创作。但即便不成熟，只要有比他们见识更好的我的帮助……"
    },
    {
      "id": 30,
      "content": "……这份作品，一定会成为优秀的团体作品吧。"
    },
    {
      "id": 31,
      "content": "其中的一些人露出了困惑的表情。完美的理想状态。如果每个人都是这样一副表情，那就……太单调了。"
    },
    {
      "id": 32,
      "content": "而我是如此地喜悦……"
    },
    {
      "id": 33,
      "content": "如同点画一般，我巨大的画笔迅速地刺入了其中大多数素材的身体。"
    },
    {
      "id": 34,
      "content": "喷溅而出的，赤红色的颜料。"
    },
    {
      "id": 35,
      "content": "充满动摇、困惑、不安以及垂死挣扎的神态，无定形地倒在地板上的样子。"
    },
    {
      "id": 36,
      "content": "他们用这种方式准备了一份观众参与型团体作品，这一点令我心中充溢着激动。"
    },
    {
      "id": 37,
      "content": "我所能做的，也只有给他们一个极高的评价了。"
    },
    {
      "id": 38,
      "content": "这份作品的评价是……"
    },
    {
      "id": 39,
      "content": "A+。"
    }
  ]
}