{
  "dataList": [
    {
      "id": 0,
      "model": "이상",
      "teller": "李箱",
      "title": "安保部 员工",
      "content": "不，我已休息充分。虽然我确实经常被喊去工作，但我并不厌恶，所以请不要在意。"
    },
    {
      "id": 1,
      "content": "轻快的钟声响了两次。"
    },
    {
      "id": 2,
      "content": "没错，收容单元中只有孩子的声音和钟声混杂在一起。"
    },
    {
      "id": 3,
      "model": "이상",
      "teller": "李箱",
      "title": "安保部 员工",
      "content": "过度劳累吗……然而只有在平常工作不多之时，才会有这种感觉。而我这样已有一段时间了，所以也并非坏事。"
    },
    {
      "id": 4,
      "content": "可孩子却像是被询问了什么一般地回答着。"
    },
    {
      "id": 5,
      "content": "大概是那有着蝴蝶形脑袋的异想体能将对话直接传入员工的脑中吧。"
    },
    {
      "id": 6,
      "model": "이상",
      "teller": "李箱",
      "title": "安保部 员工",
      "content": "倒不如说，与你交谈不仅能够增长见闻，心情也会变得愉快。"
    },
    {
      "id": 7,
      "content": "……孩子所面对的异想体，是比较难对付的类型。"
    },
    {
      "id": 8,
      "content": "T-01-68，亡蝶葬仪。"
    },
    {
      "id": 9,
      "content": "因为它是会挑选管理自己的员工的那类异想体。"
    },
    {
      "id": 10,
      "content": "若是性格中太过缺少正义，就无法获得对话的价值……"
    },
    {
      "id": 11,
      "content": "而若是性格急躁的员工，很快就会感到疲惫不堪。"
    },
    {
      "id": 12,
      "content": "而在这一点上，孩子是非常适合管理此异想体的人才。"
    },
    {
      "id": 13,
      "content": "他不仅具备恰当的两种性格，而且他在抑制异想体的冲动时，并非是单纯地靠强压型的方法，而是通过讨论，在不知不觉中进行管理。"
    },
    {
      "id": 14,
      "content": "异想体看起来智商很高，足以明白那是一种管理方法，但也不会因此而损害心情。"
    },
    {
      "id": 15,
      "content": "无论如何，能和自己对话而不会精神崩溃的员工是很珍贵的。"
    },
    {
      "id": 16,
      "model": "이상",
      "teller": "李箱",
      "title": "安保部 员工",
      "content": "嗯……"
    },
    {
      "id": 17,
      "content": "有些沉闷的钟声响了一次。"
    },
    {
      "id": 18,
      "model": "이상",
      "teller": "李箱",
      "title": "安保部 员工",
      "content": "啊啊。我在看着停于你手背上的蝴蝶。"
    },
    {
      "id": 19,
      "model": "이상",
      "teller": "李箱",
      "title": "安保部 员工",
      "content": "确实……你曾说过，它们是无处可归，才会向你络绎而来的吧？"
    },
    {
      "id": 20,
      "content": "代替钟声的，是异想体头上那巨大蝴蝶的微微振翅。"
    },
    {
      "id": 21,
      "content": "以人类的行为来说，相当于点头。"
    },
    {
      "id": 22,
      "model": "이상",
      "teller": "李箱",
      "title": "安保部 员工",
      "content": "你死去的话……这些蝴蝶会再一次飞起来吗？"
    },
    {
      "id": 23,
      "model": "이상",
      "teller": "李箱",
      "title": "安保部 员工",
      "content": "就像一位坐着的人，起身站立那样。"
    },
    {
      "id": 24,
      "content": "难以理解孩子的话语。"
    },
    {
      "id": 25,
      "content": "他明知异想体不存在死亡却还是这么说，其意图也很难让人理解。"
    },
    {
      "id": 26,
      "content": "但是……"
    },
    {
      "id": 27,
      "content": "一声清脆的钟鸣，明白地宣告着本次工作确实取得了积极的成果。"
    },
    {
      "id": 28,
      "content": "异想体应该是非常喜欢那句话的含义吧。大概如此。"
    },
    {
      "id": 29,
      "model": "이상",
      "teller": "李箱",
      "title": "安保部 员工",
      "content": "嗯。那么我将先行离开。保重。下次再见。"
    },
    {
      "id": 30,
      "content": "短暂道别后，孩子走出了收容单元。"
    },
    {
      "id": 31,
      "content": "在正打算小憩一下的孩子身边……"
    },
    {
      "id": 32,
      "model": "료슈",
      "teller": "良秀",
      "title": "安保部 队长",
      "content": "还在做白日梦吗？"
    },
    {
      "id": 33,
      "model": "이상",
      "teller": "李箱",
      "title": "安保部 员工",
      "content": "……良秀队长。"
    },
    {
      "id": 34,
      "content": "担任安保部队长的另一个孩子正叼着烟盯着他看。"
    },
    {
      "id": 35,
      "model": "료슈",
      "teller": "良秀",
      "title": "安保部 队长",
      "content": "把异想体当作人类来对待，只会引来麻烦。"
    },
    {
      "id": 36,
      "model": "료슈",
      "teller": "良秀",
      "title": "安保部 队长",
      "content": "我说过不要让我说同·话。"
    },
    {
      "id": 37,
      "model": "이상",
      "teller": "李箱",
      "title": "安保部 员工",
      "content": "……只是给它受到像那样待遇的感觉而已。如你所熟知的一样，这个异想体……"
    },
    {
      "id": 38,
      "model": "료슈",
      "teller": "良秀",
      "title": "安保部 队长",
      "content": "至少把嘴角的弧度藏好……啧，现在可不是干这个的时候。"
    },
    {
      "id": 39,
      "teller": "广播",
      "title": "脑叶公司",
      "content": "[警告，考验：紫罗兰的黎明已经出现。一级警报已启动。各部门负责镇压的员工……]"
    },
    {
      "id": 40,
      "model": "이상",
      "teller": "李箱",
      "title": "安保部 员工",
      "content": "考验来临了。"
    },
    {
      "id": 41,
      "model": "료슈",
      "teller": "良秀",
      "title": "安保部 队长",
      "content": "没错。你跟我一起去。"
    },
    {
      "id": 42,
      "model": "이상",
      "teller": "李箱",
      "title": "安保部 员工",
      "content": "……不，此行为并无必要。"
    },
    {
      "id": 43,
      "content": "那孩子举起填满蝴蝶的枪，背对向队长。"
    },
    {
      "id": 44,
      "model": "료슈",
      "teller": "良秀",
      "title": "安保部 队长",
      "content": "啧。事情总是不按计划进行。"
    },
    {
      "id": 45,
      "model": "이상",
      "teller": "李箱",
      "title": "安保部 员工",
      "content": "这里本不就是无法让人如愿的公司吗？"
    },
    {
      "id": 46,
      "model": "료슈",
      "teller": "良秀",
      "title": "安保部 队长",
      "content": "……你就在这儿拦住那些东西。"
    },
    {
      "id": 47,
      "model": "료슈",
      "teller": "良秀",
      "title": "安保部 队长",
      "content": "如果这个部门的收容单元全部爆炸，就算你能留得一命我也会杀了你。明白了吗？"
    },
    {
      "id": 48,
      "model": "이상",
      "teller": "李箱",
      "title": "安保部 员工",
      "content": "我想避免以那种方式死亡……"
    },
    {
      "id": 49,
      "content": "那孩子一脸嫌弃地发射着蝴蝶子弹。"
    },
    {
      "id": 50,
      "content": "孩子现在已经是经验丰富的员工了，能够在维持对话的同时进行攻击。"
    },
    {
      "id": 51,
      "model": "이상",
      "teller": "李箱",
      "title": "安保部 员工",
      "content": "队长不打算帮忙吗？"
    },
    {
      "id": 52,
      "model": "료슈",
      "teller": "良秀",
      "title": "安保部 队长",
      "content": "我得去一趟情报部，找从中层转移来的“子弹”。"
    },
    {
      "id": 53,
      "model": "이상",
      "teller": "李箱",
      "title": "安保部 员工",
      "content": "子弹……我明白了。是主管和Sephirah为保护我们而发射的子弹。"
    },
    {
      "id": 54,
      "model": "료슈",
      "teller": "良秀",
      "title": "安保部 队长",
      "content": "哼。要是子弹能直接把不喜欢的家伙打爆的话不是更美吗？"
    },
    {
      "id": 55,
      "model": "료슈",
      "teller": "良秀",
      "title": "安保部 队长",
      "content": "但得让有用的人活下去。"
    },
    {
      "id": 56,
      "model": "료슈",
      "teller": "良秀",
      "title": "安保部 队长",
      "content": "看来控制部队长出于情报培训的目的，命令她的部下将子弹库存从中层转移到了上层。"
    },
    {
      "id": 57,
      "model": "이상",
      "teller": "李箱",
      "title": "安保部 员工",
      "content": "你是指浮士德队长吗？"
    },
    {
      "id": 58,
      "model": "이상",
      "teller": "李箱",
      "title": "安保部 员工",
      "content": "那样的话……那不是她的目的，而是借口。"
    },
    {
      "id": 59,
      "model": "이상",
      "teller": "李箱",
      "title": "安保部 员工",
      "content": "对于黎明等级的考验，不至于做那样的准备……一定是将要发生某种非常规的事件。"
    },
    {
      "id": 60,
      "model": "료슈",
      "teller": "良秀",
      "title": "安保部 队长",
      "content": "子弹爆在你身上就太可惜了。你还挺有用的。"
    },
    {
      "id": 61,
      "model": "이상",
      "teller": "李箱",
      "title": "安保部 员工",
      "content": "负责她部门的Sephirah说，你要一直保持优秀才能不发生心性的扭曲……"
    },
    {
      "id": 62,
      "model": "말쿠트",
      "title": "控制部 Sephirah",
      "content": "啊啊！能听到吗？上层员工！我是Malkuth哦！今天的考验由我来亲自负责，大家听我指挥！"
    },
    {
      "id": 63,
      "model": "료슈",
      "teller": "良秀",
      "title": "安保部 队长",
      "content": "她虽然计划非常周密，但脑子里还是缺一两根螺丝，那位队长想必也考虑到了紧急情况。"
    },
    {
      "id": 64,
      "model": "이상",
      "teller": "李箱",
      "title": "安保部 员工",
      "content": "嘛，结构越是致密，就越容易存在一两个无法察觉的漏洞。"
    },
    {
      "id": 65,
      "model": "말쿠트",
      "title": "控制部 Sephirah",
      "content": "培训部、情报部、安保部也是一样！明白吗？我相信你们都能处理好的！"
    },
    {
      "id": 66,
      "model": "료슈",
      "teller": "良秀",
      "title": "安保部 队长",
      "content": "哼。处理不好的家伙就不把他当作员工是吧。"
    },
    {
      "id": 67,
      "content": "身为队长的孩子说完这句话之后，轻盈地移动身体，消失在走廊对面。"
    },
    {
      "id": 68,
      "model": "이상",
      "teller": "李箱",
      "title": "安保部 员工",
      "content": "哈啊……"
    },
    {
      "id": 69,
      "content": "被独自留下的孩子将枪口转向紫色的奇特生物。"
    },
    {
      "id": 70,
      "model": "이상",
      "teller": "李箱",
      "title": "安保部 员工",
      "content": "理解的果实……你们也无处可去吗。"
    },
    {
      "id": 71,
      "content": "射出同样无处可去的蝴蝶，孩子只做自己该做的事情。"
    },
    {
      "id": 72,
      "model": "이상",
      "teller": "李箱",
      "title": "安保部 员工",
      "content": "我予你们以哀悼……请绽放吧，并成为彼此的归宿。"
    },
    {
      "id": 73,
      "content": "于庄严的沉默之中。"
    }
  ]
}