{
  "dataList": [
    {
      "id": 0,
      "content": "凡是提及拳法的核心，通常都在于了解人体的解剖结构。"
    },
    {
      "id": 1,
      "content": "实践演练，锻炼基础体力，击打沙袋……锻炼身体的方式可谓是多种多样。"
    },
    {
      "id": 2,
      "content": "然而直至我凭案提笔书写下这段文字时，才终于领悟到何为拳法。"
    },
    {
      "id": 3,
      "content": "只有在肉体疲惫不堪，全身散架似的成了一摊烂泥时，精神才会如银钱般清醒，你是否有过此种感受？"
    },
    {
      "id": 4,
      "content": "每逢那种时刻，我便满心欢喜。独自细细凝视人体构造的蓝图时，我的思想就像训练身体一样得到强化，思维间的联系也愈加紧密。"
    },
    {
      "id": 5,
      "content": "于我而言，肉体与建筑并无二致。"
    },
    {
      "id": 6,
      "content": "在翻阅协会图书馆内陈列着的无数记载知识的书卷时，最令我产生兴趣的是有关建筑的内容。"
    },
    {
      "id": 7,
      "content": "这被协会救下的孩童从图书馆内的“A”行翻阅至“H”行，随后发觉最令他印象深刻的两条关键词是建筑与人体……"
    },
    {
      "id": 8,
      "content": "无需解释两者多么相似。"
    },
    {
      "id": 9,
      "content": "墙体结构、桁架设计、无梁楼板结构。"
    },
    {
      "id": 10,
      "content": "将这些令人激动到难以表述的技巧草草书写在笔记上后，我意识到，这每一条内容都是经历长久的思考过程所得的切实结果。"
    },
    {
      "id": 11,
      "content": "同样，当我钻研那些建筑时也察觉到，一旦触及那坚固构造中脆弱的核心，它们便会轰然倒塌。"
    },
    {
      "id": 12,
      "content": "研究此类弱点使我乐在其中。"
    },
    {
      "id": 13,
      "content": "谈及原因，那是因为长久以来，每当更为完备的结构问世，仍有缺陷的结构便会轻而易举地被推翻，从而建立起崭新的结构。"
    },
    {
      "id": 14,
      "content": "随着年龄增长，我承担的协会工作逐渐增加，越是接近图书馆的“H”行，我的思考越为频繁。"
    },
    {
      "id": 15,
      "content": "带有缺陷的结构或许正以“人体”的名义行走于世。"
    },
    {
      "id": 16,
      "content": "我认为自己需要对此进行纠正。不单是协会如此命令，也是我身为研究员的性情使然。"
    },
    {
      "id": 17,
      "content": "躯体虽乍一见似乎都具有相同的构造，但在成长后却会转变为别的结构。"
    },
    {
      "id": 18,
      "content": "一些结构在物理层面逐渐变得不稳定，可却能够凭借作为钢筋与水泥的顽强意志而得以加固……"
    },
    {
      "id": 19,
      "content": "一些结构虽在物理层面十分稳固，其内部构造却令人唏嘘。"
    },
    {
      "id": 20,
      "content": "如此，其结构越是不足，弱点越是明显。"
    },
    {
      "id": 21,
      "content": "根据我的研究成果，仅需精确而有力的一击，即可使这些结构崩解，再重塑为正确的形态。"
    },
    {
      "id": 22,
      "content": "这即是拳派。"
    },
    {
      "id": 23,
      "content": "并非变化多端而无谓地破坏表层的钥匙，而是直击结构核心的拳。"
    },
    {
      "id": 24,
      "content": "这便是作为一个结构体的我醉心于“拳法”的原因。"
    }
  ]
}