{
  "dataList": [
    {
      "id": 0,
      "model": "이상",
      "teller": "李箱",
      "title": "臼齿事务所",
      "content": "你又要外出吗？"
    },
    {
      "id": 1,
      "model": "오티스",
      "teller": "奥提斯",
      "title": "臼齿事务所",
      "content": "“又”……什么的，这么说不太好吧。这是外勤。明白了吗？"
    },
    {
      "id": 2,
      "model": "이상",
      "teller": "李箱",
      "title": "臼齿事务所",
      "content": "我怎能不警惕，难道会让你在外出工作期间无节制地喝酒吗？"
    },
    {
      "id": 3,
      "model": "오티스",
      "teller": "奥提斯",
      "title": "臼齿事务所",
      "content": "那也是工作！为了和委托人协商业务，一些酒精也是必要的！"
    },
    {
      "id": 4,
      "model": "이상",
      "teller": "李箱",
      "title": "臼齿事务所",
      "content": "……我明白了。这次请尽量适可而止。"
    },
    {
      "id": 5,
      "model": "오티스",
      "teller": "奥提斯",
      "title": "臼齿事务所",
      "content": "嘁，为了这个事务所，你不知道我有多么努力地工作……"
    },
    {
      "id": 6,
      "content": "虽然孩子清楚地听到了那嘟囔抱怨的声音，但他选择了无视，没有回答。"
    },
    {
      "id": 7,
      "content": "因为他知道，即使和她争辩，最终也只会变成一场冗长无用的消耗战……"
    },
    {
      "id": 8,
      "content": "而且他也想过，再这样和自己的上司对着干，也不会有任何好处。"
    },
    {
      "id": 9,
      "model": "오티스",
      "teller": "奥提斯",
      "title": "臼齿事务所",
      "content": "嗯哼。总之，你知道我要出去就行了。"
    },
    {
      "id": 10,
      "model": "오티스",
      "teller": "奥提斯",
      "title": "臼齿事务所",
      "content": "李箱，我前天带回来的“那份工作”也快到时间了，在我们开始这份工作之前，请确保将必须要解决的工作全部做完。"
    },
    {
      "id": 11,
      "model": "이상",
      "teller": "李箱",
      "title": "臼齿事务所",
      "content": "……当然。"
    },
    {
      "id": 12,
      "content": "吧嗒。"
    },
    {
      "id": 13,
      "content": "上司外出后，孩子马上回到了自己的座位开始整理文件。"
    },
    {
      "id": 14,
      "content": "与从对话中就能感觉到的上司散漫随意的处事风格不同，孩子在业务时间中完全专心于工作这一点是人们所公认的。"
    },
    {
      "id": 15,
      "content": "不管周围发生了什么，他也能努力完成交予自己的工作，但是……"
    },
    {
      "id": 16,
      "model": "이상",
      "teller": "李箱",
      "title": "臼齿事务所",
      "content": "……"
    },
    {
      "id": 17,
      "content": "……他们不知道的是，他脑中交错的复杂想法。"
    },
    {
      "id": 18,
      "content": "孩子回忆起了自己进入事务所，艰难地完成委托的日子。"
    },
    {
      "id": 19,
      "content": "从对于任何人来说都微不足道的工作开始，一步步积累起来的日子。"
    },
    {
      "id": 20,
      "content": "因赶不上委托期限而战战兢兢的时候，因敌人数量超出预想而出现生命危险的时候。"
    },
    {
      "id": 21,
      "content": "这些点点滴滴积累起来，最终成功从一个翼，R公司拿到了工作，人们终于开始认可孩子的事务所了。"
    },
    {
      "id": 22,
      "content": "虽然他对那个事实感到很欣慰……"
    },
    {
      "id": 23,
      "content": "另一方面，担忧的想法一直困扰着孩子。"
    },
    {
      "id": 24,
      "content": "不靠谱的上司会没事吧……虽然她战斗的时候没有丝毫怠慢，也能顺利为事务所带回工作……"
    },
    {
      "id": 25,
      "content": "连自己都不认为有那样出色的能力，突然接受这么重要的工作真的没问题吗……之类的想法。"
    },
    {
      "id": 26,
      "model": "이상",
      "teller": "李箱",
      "title": "臼齿事务所",
      "content": "……呼。我想出去透透气。"
    },
    {
      "id": 27,
      "content": "孩子停下了正在工作的手，从座位上站了起来，轻轻地推开了窗户。"
    },
    {
      "id": 28,
      "content": "然后，他一边听着不绝的雨声，一边像是想要洗去心中附着的沉重不安一般，深深地叹了一口气。"
    },
    {
      "id": 29,
      "content": "……即便如此，对于挥之不去的莫名不安，他仍抱有疑虑。"
    }
  ]
}