{
  "dataList": [
    {
      "id": 0,
      "content": "嗯……"
    },
    {
      "id": 1,
      "content": "很久没去过市区了。"
    },
    {
      "id": 2,
      "content": "本以为今天我也会像往常一样从藏书室里挑书来读，毕竟自从升上3科，除了搬离个人房间的时候，我几乎没见过阳光。"
    },
    {
      "id": 3,
      "content": "若不是同僚们催促我不要一直待在屋里，偶尔也出去呼吸一下新鲜空气的话，今天大概也会是一如往常的一天。"
    },
    {
      "id": 4,
      "content": "但是，嘛……出来之后，感觉也不错。"
    },
    {
      "id": 5,
      "content": "原以为四周会很喧嚣，但因为沉浸于书籍中，那些声音反而变得像白噪音一般，有助于集中注意力了。"
    },
    {
      "id": 6,
      "content": "嗯……这茶的味道也非常不错，也许可以建议协会备上一些。"
    },
    {
      "id": 7,
      "content": "天空是人工装饰，因而有些蓝得不自然，算是一个缺点，但即便是人为制造的蓝，也让心情稍微愉快了些。"
    },
    {
      "id": 8,
      "content": "这么看来，被催促外出也有些不错的收获。"
    },
    {
      "id": 9,
      "content": "既然好不容易下定决心要去熟悉陌生的事物，那就一点点地去了解它吧。"
    },
    {
      "id": 10,
      "content": "……不过，要习惯和同僚们一边谈笑一边结伴而行的的文化，似乎还需要花些时间。"
    },
    {
      "id": 11,
      "content": "虽然我并没有特别抵触与他人的交际，但自从踏入协会以来，我都一直待在藏书室里。"
    },
    {
      "id": 12,
      "content": "多么……愚蠢。"
    },
    {
      "id": 13,
      "content": "我曾相信只要独自锻炼体魄，醉心于各种书籍，就能抵达更高的境界。"
    },
    {
      "id": 14,
      "content": "……但是，很长一段时间，我都没能从4科晋升。"
    },
    {
      "id": 15,
      "content": "单靠一人无法点燃火焰，连这最简单的命题都未曾领悟，却只想着替换更好的柴薪。从某种意义上来说，这情况也是理所应当的。"
    },
    {
      "id": 16,
      "content": "现在想来，南部4科传授手刀，或许也是为了帮助领悟那种道理。"
    },
    {
      "id": 17,
      "content": "将手像刀刃一样使用，我最初无法理解这样奇怪的教导……"
    },
    {
      "id": 18,
      "content": "在我领悟到只要不拘泥于单一的思想，火焰就可以从任何地方燃起之后，我终于得以晋升至3科。"
    },
    {
      "id": 19,
      "content": "……现在，我手握缠绕着火焰的剑。"
    },
    {
      "id": 20,
      "content": "剑刃上飘荡着火焰，它能轻而易举地将敌人焚烧殆尽。"
    },
    {
      "id": 21,
      "content": "此外，我也知道这些是六协会迄今为止众多工坊的努力汇聚而成的技术。"
    },
    {
      "id": 22,
      "content": "众人触手可及，却又并非人人皆可燃起的，六协会的火焰。"
    },
    {
      "id": 23,
      "content": "六协会的制式装备皆是如此，这些缠绕着火焰的武器任何人都能轻易地使用，但想要发挥它们真正的力量，则需要领悟。"
    },
    {
      "id": 24,
      "content": "从6科的护手开始一件件接过的装备积累起来，到1科时才算大功告成，大概是想以此来强调“齐心协力”的重要性吧。"
    },
    {
      "id": 25,
      "content": "只有一个人的话，再怎么自由地挥舞剑刃，最终也会失去火种，陷入危机。"
    },
    {
      "id": 26,
      "content": "若是通力合作，即使是木剑，也能借助同伴的火种，激起更强大的火焰。"
    },
    {
      "id": 27,
      "content": "我申请将我派遣去东部，也是出于类似的原因。"
    },
    {
      "id": 28,
      "content": "虽然地区、规矩、礼仪，以及每个科之间的本领差距都各有不同……"
    },
    {
      "id": 29,
      "content": "但如果能够知晓，最为重要的六协会的基本原则——和谐与温暖——在何处生根发芽的话。"
    },
    {
      "id": 30,
      "content": "能知晓他们是如何与他人交流，增进理解的话……我，也能够更进一步吧。"
    },
    {
      "id": 31,
      "content": "另外，顺便一提。"
    },
    {
      "id": 32,
      "content": "今天我应该也会找到，和那些催着我出门的同僚们更加接近的办法吧。"
    }
  ]
}