{
  "dataList": [
    {
      "id": 0,
      "model": "이상",
      "title": "Seven协会 6科",
      "content": "你的战斗方式想必是出自Zwei协会。"
    },
    {
      "id": 1,
      "teller": "苦恼的同事",
      "title": "Seven协会 6科",
      "content": "……啊，是的！我总是会在战斗中被您压制，所以……我这次尝试着更倾向于防守一些。"
    },
    {
      "id": 2,
      "model": "이상",
      "title": "Seven协会 6科",
      "content": "虽然这种想法无可指责……不过，你所用的武器叫什么名字？"
    },
    {
      "id": 3,
      "teller": "苦恼的同事",
      "title": "Seven协会 6科",
      "content": "啊，这是一柄刺剑……"
    },
    {
      "id": 4,
      "model": "이상",
      "title": "Seven协会 6科",
      "content": "那是一把剑刃极为轻薄的剑，而Zwei协会的武器是厚重且巨大的。"
    },
    {
      "id": 5,
      "model": "이상",
      "title": "Seven协会 6科",
      "content": "正是这样的武器特征让Zwei协会的成员能够巧妙的应用防御和反击的策略，而你用纤细的武器来模仿这种战斗风格无疑会十分困难。"
    },
    {
      "id": 6,
      "teller": "苦恼的同事",
      "title": "Seven协会 6科",
      "content": "啊……"
    },
    {
      "id": 7,
      "model": "이상",
      "title": "Seven协会 6科",
      "content": "举例而言，我采取了Cinq协会的战斗技巧。"
    },
    {
      "id": 8,
      "teller": "苦恼的同事",
      "title": "Seven协会 6科",
      "content": "哈？是吗？……啊，现在这么一想，确实和Cinq协会有相似之处。"
    },
    {
      "id": 9,
      "model": "이상",
      "title": "Seven协会 6科",
      "content": "你所需要采取的只有基础技巧。即使能够完美模仿别人所使用的流派，人人皆知的战斗技巧也会被轻易看穿。"
    },
    {
      "id": 10,
      "content": "这孩子一边说着，一边把剑插回剑鞘。"
    },
    {
      "id": 11,
      "model": "이상",
      "title": "Seven协会 6科",
      "content": "不要疏于观察。"
    },
    {
      "id": 12,
      "model": "이상",
      "title": "Seven协会 6科",
      "content": "只是一味模仿或者镜像复制的话，是无法成为属于自己的东西的。因此，我建议你通过再观察一次来掌握基础技巧。"
    },
    {
      "id": 13,
      "teller": "苦恼的同事",
      "title": "Seven协会 6科",
      "content": "非、非常感谢！"
    },
    {
      "id": 14,
      "content": "说完自己的建议，这孩子就走开了。"
    },
    {
      "id": 15,
      "content": "无论是一旁的陪同者，还是刚刚接受指导的孩子，大家总是会对李箱充满好感，大概就是这个原因。"
    },
    {
      "id": 16,
      "content": "他可能看起来冷漠无情，但在需要的时候，他从不吝于给出宝贵的建议。"
    },
    {
      "id": 17,
      "model": "이상",
      "title": "Seven协会 6科",
      "content": "……咖啡不错。"
    },
    {
      "id": 18,
      "content": "当然，他自己并没有想那么多。"
    }
  ]
}