{
  "dataList": [
    {
      "id": 0,
      "teller": "研究员",
      "title": "LCE研究部",
      "content": "啊……"
    },
    {
      "id": 1,
      "content": "研究员正追寻着嬉笑飞过的散发着蓝色微光的精灵，可四周的空间不知何时产生了变化。"
    },
    {
      "id": 2,
      "content": "当他惊觉不妙时，身后办公室的门早已伴随着咔嗒一声上了锁。"
    },
    {
      "id": 3,
      "model": "이상",
      "title": "LCE研究部",
      "content": "哎呀……门锁上了。"
    },
    {
      "id": 4,
      "model": "이상",
      "title": "LCE研究部",
      "content": "你啊，又被骗了吗？"
    },
    {
      "id": 5,
      "content": "孩子轻声地咯咯笑起来，向着被自己的E.G.O装备引诱而来的研究员说着。"
    },
    {
      "id": 6,
      "teller": "研究员",
      "title": "LCE研究部",
      "content": "这已经是第17次了……李箱先生。"
    },
    {
      "id": 7,
      "teller": "研究员",
      "title": "LCE研究部",
      "content": "算我拜托您不要再为了一点小事使用E.G.O装备了……每次都让我后怕，如果是真正的异想体我说不定就会被生吞了啊。"
    },
    {
      "id": 8,
      "model": "이상",
      "title": "LCE研究部",
      "content": "……抱歉。今日有不得不提交的报告，而我却仅仅只有两只手。"
    },
    {
      "id": 9,
      "teller": "研究员",
      "title": "LCE研究部",
      "content": "我也只有两只手啊……"
    },
    {
      "id": 10,
      "model": "이상",
      "title": "LCE研究部",
      "content": "那你也应当清楚。持续身着E.G.O装备便会逐步被其异想体的属性同化。"
    },
    {
      "id": 11,
      "model": "이상",
      "title": "LCE研究部",
      "content": "本身这便是被设计为根据感应度改变装备的功能……"
    },
    {
      "id": 12,
      "model": "이상",
      "title": "LCE研究部",
      "content": "我原本并不喜好欺骗他人，只是受到了这装备的影响……"
    },
    {
      "id": 13,
      "teller": "研究员",
      "title": "LCE研究部",
      "content": "那平常就请脱下来啊！"
    },
    {
      "id": 14,
      "model": "이상",
      "title": "LCE研究部",
      "content": "但作为研究者……"
    },
    {
      "id": 15,
      "content": "负责研究边狱公司的异想体以及扭曲，且负责提取脑啡肽的部门。"
    },
    {
      "id": 16,
      "content": "LCE。"
    },
    {
      "id": 17,
      "content": "虽然在研究和怪物没什么差别的东西的行业里，怪人多也是理所当然，但这部门的怪人比例尤其高。"
    },
    {
      "id": 18,
      "teller": "研究员",
      "title": "LCE研究部",
      "content": "如果只有一边抹除自己一边进行研究才算得上是研究者，那么我不就不合格了吗？"
    },
    {
      "id": 19,
      "model": "이상",
      "title": "LCE研究部",
      "content": "并、并非那种意思。"
    },
    {
      "id": 20,
      "content": "自不必多说，这孩子也是那种怪人之一。"
    },
    {
      "id": 21,
      "content": "即使休息日也照常上班，始终都亲自穿着E.G.O装备进行研究……实在是怪人中的怪人。"
    },
    {
      "id": 22,
      "model": "이상",
      "title": "LCE研究部",
      "content": "本次主要报告的研究课题是这位朋友，我不得不如此……而且也有以这样的方式才更为有用的事情……"
    },
    {
      "id": 23,
      "teller": "研究员",
      "title": "LCE研究部",
      "content": "……真是的，看样子我该给自己换个负责区域了。"
    },
    {
      "id": 24,
      "teller": "研究员",
      "title": "LCE研究部",
      "content": "你最好记住了，等我拿到E.G.O装备就让你也体验一下我的感受。"
    },
    {
      "id": 25,
      "model": "이상",
      "title": "LCE研究部",
      "content": "……想做便做吧。随后你或许也能体会到。我心中……是何种情感。"
    },
    {
      "id": 26,
      "teller": "研究员",
      "title": "LCE研究部",
      "content": "请闭嘴吧，快说我应该做什么。"
    },
    {
      "id": 27,
      "content": "……如果不喜欢孩子的蛮横，明明可以直接转身离开，但研究员却没那么做。"
    },
    {
      "id": 28,
      "content": "准确来说，是没能那么做……"
    },
    {
      "id": 29,
      "model": "이상",
      "title": "LCE研究部",
      "content": "只需将AFQ15564至30000的文件整理归纳……"
    },
    {
      "id": 30,
      "teller": "研究员",
      "title": "LCE研究部",
      "content": "你确定这能在一天内做完？"
    },
    {
      "id": 31,
      "model": "이상",
      "title": "LCE研究部",
      "content": "……只要有心便能做到。"
    },
    {
      "id": 32,
      "teller": "研究员",
      "title": "LCE研究部",
      "content": "物理意义上！完全不可能吧！"
    },
    {
      "id": 33,
      "content": "一忍再忍的研究员终于爆发，向着孩子怒吼。"
    },
    {
      "id": 34,
      "teller": "研究员",
      "title": "LCE研究部",
      "content": "说到底！为什么要做出这种机关锁？！一旦从内侧上锁后不做完工作就不能打开的门到底是为什么而存在的？"
    },
    {
      "id": 35,
      "model": "이상",
      "title": "LCE研究部",
      "content": "嗯。生而为人的我们，时常会在直面难以逾越的高墙时感到心灰意冷。"
    },
    {
      "id": 36,
      "model": "이상",
      "title": "LCE研究部",
      "content": "那既然已无路可逃，不如重整旗鼓……"
    },
    {
      "id": 37,
      "teller": "研究员",
      "title": "LCE研究部",
      "content": "那么想逼自己就请！一个人解决！"
    },
    {
      "id": 38,
      "teller": "研究员",
      "title": "LCE研究部",
      "content": "我今天也有该做的事情呢，所以……"
    },
    {
      "id": 39,
      "model": "이상",
      "title": "LCE研究部",
      "content": "唔……不。"
    },
    {
      "id": 40,
      "model": "이상",
      "title": "LCE研究部",
      "content": "你无事可做。"
    },
    {
      "id": 41,
      "teller": "研究员",
      "title": "LCE研究部",
      "content": "……什么？"
    },
    {
      "id": 42,
      "content": "啪。"
    },
    {
      "id": 43,
      "content": "一瞬间，办公室的照明尽数熄灭……"
    },
    {
      "id": 44,
      "content": "随即被红色灯光照亮。"
    },
    {
      "id": 45,
      "teller": "广播",
      "title": "边狱公司",
      "content": "[通知。异想体出逃，红色编码。办公楼通道C……]"
    },
    {
      "id": 46,
      "teller": "研究员",
      "title": "LCE研究部",
      "content": "啊……？这声音是……"
    },
    {
      "id": 47,
      "content": "异想体出逃对设施造成危害时会响起的警报声。"
    },
    {
      "id": 48,
      "content": "吸收了脑叶公司大部分内容的LCE部门……果然也有着相似的形式。"
    },
    {
      "id": 49,
      "content": "虽然声音似乎有所不同。"
    },
    {
      "id": 50,
      "teller": "研究员",
      "title": "LCE研究部",
      "content": "这是……一级警报吗？"
    },
    {
      "id": 51,
      "content": "研究员似乎相当动摇，带着不安的神色四处张望。"
    },
    {
      "id": 52,
      "content": "然而孩子像是遇到了预料之中的事情一般，毫无波动且严肃地开口。"
    },
    {
      "id": 53,
      "model": "이상",
      "title": "LCE研究部",
      "content": "你也是独当一面的研究员。即使是休息日，你也会照常上班，努力记录异想体实验报告。"
    },
    {
      "id": 54,
      "model": "이상",
      "title": "LCE研究部",
      "content": "那么能够使用属于这只异想体的E.G.O装备的实验品……一定让你倍感激动。"
    },
    {
      "id": 55,
      "content": "孩子的E.G.O装备的一边开始蠕动着生长，随后在不觉间变成了一柄巨锤的样子。"
    },
    {
      "id": 56,
      "content": "而后，似是悲伤，又像是下定决心一般……孩子脸上浮现出棱模两可的表情，站在一脸困惑的研究员面前。"
    },
    {
      "id": 57,
      "teller": "研究员",
      "title": "LCE研究部",
      "content": "你在……说什么？不对，比起这个……"
    },
    {
      "id": 58,
      "teller": "研究员",
      "title": "LCE研究部",
      "content": "异想体出逃了啊！就因为你、你的这个机关锁，我们都没法去紧急集合不是吗！"
    },
    {
      "id": 59,
      "model": "이상",
      "title": "LCE研究部",
      "content": "我的机关锁会在两种情况下解除。"
    },
    {
      "id": 60,
      "model": "이상",
      "title": "LCE研究部",
      "content": "其一是工作结束……另一种则是办公室内的异常现象消失时。"
    },
    {
      "id": 61,
      "model": "이상",
      "title": "LCE研究部",
      "content": "这次情况属于后者。"
    },
    {
      "id": 62,
      "teller": "研究员",
      "title": "？？？",
      "content": "……"
    },
    {
      "id": 63,
      "model": "이상",
      "title": "LCE研究部",
      "content": "距离你的记录被抹除，已经过去半月。"
    },
    {
      "id": 64,
      "model": "이상",
      "title": "LCE研究部",
      "content": "为了书写报告而提升自身的感应度……结果与装备间的共鸣被打破，最终被吞噬而成为了“诱饵”。"
    },
    {
      "id": 65,
      "model": "이상",
      "title": "LCE研究部",
      "content": "成为了异想体的一部分的你，自那以后便在部门内徘徊。"
    },
    {
      "id": 66,
      "teller": "研究员",
      "title": "？？？",
      "content": "……我吗？"
    },
    {
      "id": 67,
      "content": "孩子严肃地点头。"
    },
    {
      "id": 68,
      "content": "也没有其他办法了。"
    },
    {
      "id": 69,
      "content": "那名研究员是孩子相当珍重、作为真正的研究员培养的后辈。"
    },
    {
      "id": 70,
      "model": "이상",
      "title": "LCE研究部",
      "content": "起初，你与那身装备的共鸣性就不算好……却不知是受到什么的诱惑，执着于获得那身装备。"
    },
    {
      "id": 71,
      "model": "이상",
      "title": "LCE研究部",
      "content": "……因此，我只能利用我所有的空闲时间，专心于这身E.G.O与异想体的解析。"
    },
    {
      "id": 72,
      "model": "이상",
      "title": "LCE研究部",
      "content": "而此刻，你终于可以安息。"
    },
    {
      "id": 73,
      "teller": "？？？",
      "title": "？？？",
      "content": "……啊。"
    },
    {
      "id": 74,
      "content": "巨锤挥舞而下，自那之中出逃的异想体如喷涌一样跳出。"
    },
    {
      "id": 75,
      "content": "孩子沉默不语地再度挥下，随后又一次挥下。"
    },
    {
      "id": 76,
      "content": "这在处理异想体的公司中司空见惯……为了彻底镇压异想体，是如此地凄惨至极。"
    }
  ]
}