{
  "dataList": [
    {
      "id": 0,
      "model": "파우스트",
      "teller": "浮士德",
      "title": "控制部 队长",
      "content": "开始记录。"
    },
    {
      "id": 1,
      "model": "파우스트",
      "teller": "浮士德",
      "title": "控制部 队长",
      "content": "控制部队长浮士德，开始记录今日工作时间日志。"
    },
    {
      "id": 2,
      "model": "파우스트",
      "teller": "浮士德",
      "title": "控制部 队长",
      "content": "我现在的位置是……脑叶公司本部。上层控制部。"
    },
    {
      "id": 3,
      "model": "파우스트",
      "teller": "浮士德",
      "title": "控制部 队长",
      "content": "工作开始已有9天，自情报部开放已过了3天。"
    },
    {
      "id": 4,
      "model": "파우스트",
      "teller": "浮士德",
      "title": "控制部 队长",
      "content": "由于再过不久员工们便能结束工作……因此略微有些嘈杂。"
    },
    {
      "id": 5,
      "model": "파우스트",
      "teller": "浮士德",
      "title": "控制部 队长",
      "content": "开始管理任务时，将会再次开始录音。记录暂停。"
    },
    {
      "id": 6,
      "model": "파우스트",
      "teller": "浮士德",
      "title": "控制部 队长",
      "content": "……再次开始记录。"
    },
    {
      "id": 7,
      "model": "파우스트",
      "teller": "浮士德",
      "title": "控制部 队长",
      "content": "现在……我正在前去培训新员工的路上。"
    },
    {
      "id": 8,
      "model": "파우스트",
      "teller": "浮士德",
      "title": "控制部 队长",
      "content": "另外，主管委托我去管理昨天收容的新异想体。看来，原本部署在控制部的员工已经阵亡了。"
    },
    {
      "id": 9,
      "model": "파우스트",
      "teller": "浮士德",
      "title": "控制部 队长",
      "content": "虽然我们在招募新员工……"
    },
    {
      "id": 10,
      "model": "파우스트",
      "teller": "浮士德",
      "title": "控制部 队长",
      "content": "啊，请稍等……（沙沙作响）"
    },
    {
      "id": 11,
      "model": "파우스트",
      "teller": "浮士德",
      "title": "控制部 队长",
      "content": "雅各布，是你啊。为什么在收容单元门口徘徊……"
    },
    {
      "id": 12,
      "model": "제이콥",
      "teller": "雅各布",
      "title": "1级 员工",
      "content": "啊，浮士德队长……我、我这是第一次工作……稍微有点……害怕……"
    },
    {
      "id": 13,
      "model": "파우스트",
      "teller": "浮士德",
      "title": "控制部 队长",
      "content": "请安心，雅各布。这支部里没有什么异想体比你负责的更为安全的了。"
    },
    {
      "id": 14,
      "model": "제이콥",
      "teller": "雅各布",
      "title": "1级 员工",
      "content": "但是……这个，记录里写着的名字很可怕……"
    },
    {
      "id": 15,
      "model": "제이콥",
      "teller": "雅各布",
      "title": "1级 员工",
      "content": "一罪与百善……"
    },
    {
      "id": 16,
      "model": "제이콥",
      "teller": "雅各布",
      "title": "1级 员工",
      "content": "队长！要是那一罪落到我头上该怎么办啊？我、我还……"
    },
    {
      "id": 17,
      "model": "파우스트",
      "teller": "浮士德",
      "title": "控制部 队长",
      "content": "请冷静。那异想体不会如此行动。"
    },
    {
      "id": 18,
      "model": "파우스트",
      "teller": "浮士德",
      "title": "控制部 队长",
      "content": "只要遵照异想体图鉴里所写的进行洞察和沟通工作，就什么都不会发生。"
    },
    {
      "id": 19,
      "model": "제이콥",
      "teller": "雅各布",
      "title": "1级 员工",
      "content": "真、真的吗……"
    },
    {
      "id": 20,
      "model": "파우스트",
      "teller": "浮士德",
      "title": "控制部 队长",
      "content": "浮士德不会说谎。"
    },
    {
      "id": 21,
      "model": "제이콥",
      "teller": "雅各布",
      "title": "1级 员工",
      "content": "我、我明白了……非常感谢，队长。"
    },
    {
      "id": 22,
      "model": "파우스트",
      "teller": "浮士德",
      "title": "控制部 队长",
      "content": "……花费了一些时间。雅各布是刚被部署到控制部的新员工，对异想体的说明似乎让他不必要的恐慌了。"
    },
    {
      "id": 23,
      "model": "파우스트",
      "teller": "浮士德",
      "title": "控制部 队长",
      "content": "这就是队长的工作之一吧……相信主管先生一定也能够理解。"
    },
    {
      "id": 24,
      "model": "파우스트",
      "teller": "浮士德",
      "title": "控制部 队长",
      "content": "那么……移动到收容单元前时将会再次开始录音。"
    },
    {
      "id": 25,
      "model": "파우스트",
      "teller": "浮士德",
      "title": "控制部 队长",
      "content": "啊、啊。再次开始记录。"
    },
    {
      "id": 26,
      "model": "파우스트",
      "teller": "浮士德",
      "title": "控制部 队长",
      "content": "比预计到达时间稍迟了一些……我和Malkuth女士面谈了一会。"
    },
    {
      "id": 27,
      "model": "파우스트",
      "teller": "浮士德",
      "title": "控制部 队长",
      "content": "她问到了今日进行的管理工作的相关事宜，我对此进行了报告。"
    },
    {
      "id": 28,
      "model": "파우스트",
      "teller": "浮士德",
      "title": "控制部 队长",
      "content": "虽然没有料到她会要求精确到秒的预定完成时间，但多亏了有所记录，我才得以交付令人满意的回答。"
    },
    {
      "id": 29,
      "model": "파우스트",
      "teller": "浮士德",
      "title": "控制部 队长",
      "content": "毕竟她是负责管理整个部门的……作为部长的Sephirah，所以也不是不能理解。"
    },
    {
      "id": 30,
      "model": "파우스트",
      "teller": "浮士德",
      "title": "控制部 队长",
      "content": "总之……这里是T-01-54，俗称被遗弃的杀人魔的收容单元前。"
    },
    {
      "id": 31,
      "model": "파우스트",
      "teller": "浮士德",
      "title": "控制部 队长",
      "content": "根据至今为止的记录……只要工作结果不为差，就不会出现问题。"
    },
    {
      "id": 32,
      "model": "파우스트",
      "teller": "浮士德",
      "title": "控制部 队长",
      "content": "嗯……（翻阅文件的声音）工作记录显示，之前分配到此的员工对其进行了压迫工作。"
    },
    {
      "id": 33,
      "model": "파우스트",
      "teller": "浮士德",
      "title": "控制部 队长",
      "content": "结果……由于NE-BOX产生太多，它的头变成了类似于金属的东西……随后将那名员工的头敲碎致死……呼。"
    },
    {
      "id": 34,
      "model": "파우스트",
      "teller": "浮士德",
      "title": "控制部 队长",
      "content": "没有几人能正确理解其头部变成金属的原理，但这种不可知性才是异想体的特点。"
    },
    {
      "id": 35,
      "model": "파우스트",
      "teller": "浮士德",
      "title": "控制部 队长",
      "content": "至少通过记录可知，避免进行压迫工作较为妥当。"
    },
    {
      "id": 36,
      "model": "파우스트",
      "teller": "浮士德",
      "title": "控制部 队长",
      "content": "万一发生了什么……我也有物理抗性较高的E.G.O护甲，应该没有问题。"
    },
    {
      "id": 37,
      "model": "파우스트",
      "teller": "浮士德",
      "title": "控制部 队长",
      "content": "那么，工作完成后再进行录音。"
    },
    {
      "id": 38,
      "model": "파우스트",
      "teller": "浮士德",
      "title": "控制部 队长",
      "content": "……这里是浮士德。"
    },
    {
      "id": 39,
      "model": "파우스트",
      "teller": "浮士德",
      "title": "控制部 队长",
      "content": "工作成功了。"
    },
    {
      "id": 40,
      "model": "파우스트",
      "teller": "浮士德",
      "title": "控制部 队长",
      "content": "观察到它一边自言自语，一边低着头不安地颤抖，判断难以与其进行理性对话。"
    },
    {
      "id": 41,
      "model": "파우스트",
      "teller": "浮士德",
      "title": "控制部 队长",
      "content": "其看上去十分憔悴，于是我尝试提供对人类有营养价值的食物，对其进行本能工作。"
    },
    {
      "id": 42,
      "model": "파우스트",
      "teller": "浮士德",
      "title": "控制部 队长",
      "content": "结果为优。可以记录下本能工作对该异想体有效。"
    },
    {
      "id": 43,
      "model": "파우스트",
      "teller": "浮士德",
      "title": "控制部 队长",
      "content": "但是……并未确认到它的头变为金属的理由或征兆。"
    },
    {
      "id": 44,
      "model": "파우스트",
      "teller": "浮士德",
      "title": "控制部 队长",
      "content": "通过从该异想体提取出的E.G.O装备的特征可知，异想体的特性也会影响E.G.O装备的形态与特性。"
    },
    {
      "id": 45,
      "model": "파우스트",
      "teller": "浮士德",
      "title": "控制部 队长",
      "content": "啊，警报声……"
    },
    {
      "id": 46,
      "teller": "广播",
      "title": "脑叶公司",
      "content": "[警报，绿色的黎明考验出现。1级警报启动。请各部门负责镇压的员工立即移动至上层最下方右侧的电梯。]"
    },
    {
      "id": 47,
      "model": "파우스트",
      "teller": "浮士德",
      "title": "控制部 队长",
      "content": "终端传来了主管的召集命令。……已经到了会出现考验的时候了。"
    },
    {
      "id": 48,
      "model": "파우스트",
      "teller": "浮士德",
      "title": "控制部 队长",
      "content": "主管下达的命令会像这样显示在员工所持的终端上。由于命令十分频繁，因此需要时刻确认。"
    },
    {
      "id": 49,
      "model": "파우스트",
      "teller": "浮士德",
      "title": "控制部 队长",
      "content": "我也将前去与他们汇合以镇压考验。"
    },
    {
      "id": 50,
      "model": "파우스트",
      "teller": "浮士德",
      "title": "控制部 队长",
      "content": "我并没有特别担心。说不定在浮士德到达之前考验就会被镇压。"
    },
    {
      "id": 51,
      "model": "파우스트",
      "teller": "浮士德",
      "title": "控制部 队长",
      "content": "这次的主管应该还不知道……黎明的考验真的只是冰山一角，真的……"
    },
    {
      "id": 52,
      "model": "파우스트",
      "teller": "浮士德",
      "title": "控制部 队长",
      "content": "……不。或许这些信息会让其他查看这篇记录的人感到混乱，因此还是不说为好。"
    },
    {
      "id": 53,
      "model": "파우스트",
      "teller": "浮士德",
      "title": "控制部 队长",
      "content": "只是……浮士德决心熬过剩下的41天的工作，存活到最后……"
    },
    {
      "id": 54,
      "model": "파우스트",
      "teller": "浮士德",
      "title": "控制部 队长",
      "content": "记录到此为止吧。"
    },
    {
      "id": 55,
      "model": "파우스트",
      "teller": "浮士德",
      "title": "控制部 队长",
      "content": "那么……"
    },
    {
      "id": 56,
      "model": "파우스트",
      "teller": "浮士德",
      "title": "控制部 队长",
      "content": "浮士德，记录完毕。"
    }
  ]
}