{
  "dataList": [
    {
      "model": "파우스트",
      "title": "LCE研究部",
      "content": "……"
    },
    {
      "content": "LCE的一条平常的走廊。"
    },
    {
      "content": "正分析着数据的孩子，感受到背后有着不同寻常的视线正注视着自己。"
    },
    {
      "content": "她微微回首，发现视线来自昨天刚入职的新人研究员。"
    },
    {
      "content": "她好奇那位和高级研究员李箱同行的新人为何会两眼放光地望向这边。"
    },
    {
      "content": "孩子完全找不到头绪，直到那两人的对话道出了答案。"
    },
    {
      "teller": "新来的研究员",
      "title": "LCE研究部",
      "content": "虽然我觉得LCE的E.G.O看起来都很奇怪……"
    },
    {
      "teller": "新来的研究员",
      "title": "LCE研究部",
      "content": "但她身上的穿着看起来却很工整。就像工坊制造的装备一样。"
    },
    {
      "model": "이상",
      "title": "LCE研究部",
      "content": "这些不同于脑叶公司的E.G.O，有尾或鳞这种不属于人类的特征，让你感到异样也属实正常。"
    },
    {
      "model": "이상",
      "title": "LCE研究部",
      "content": "不过……不用如此羡慕。那套E.G.O……无人愿意穿上。"
    },
    {
      "teller": "新来的研究员",
      "title": "LCE研究部",
      "content": "诶！？明明那个E.G.O看起来很帅啊？"
    },
    {
      "model": "이상",
      "title": "LCE研究部",
      "content": "……因其会“砰”的一声爆炸。"
    },
    {
      "model": "이상",
      "title": "LCE研究部",
      "content": "或是在战斗中，亦或是在研究中……就是现在也说不准。"
    },
    {
      "teller": "新来的研究员",
      "title": "LCE研究部",
      "content": "那、那么……"
    },
    {
      "content": "实在听不下去了的孩子停下了笔，回过头来。"
    },
    {
      "model": "파우스트",
      "title": "LCE研究部",
      "content": "请不要向新来的研究员传播来历不明的怪谈。李箱先生。"
    },
    {
      "teller": "新来的研究员",
      "title": "LCE研究部",
      "content": "……你又在捉弄我吗？"
    },
    {
      "model": "파우스트",
      "title": "LCE研究部",
      "content": "我听说你难得地带着其他人一起……但是看来并不算什么有益的同行。"
    },
    {
      "model": "이상",
      "title": "LCE研究部",
      "content": "哈哈……"
    },
    {
      "model": "파우스트",
      "title": "LCE研究部",
      "content": "不过。他说的并不完全是谎言。这身E.G.O存在爆炸的可能是不争的事实。"
    },
    {
      "model": "파우스트",
      "title": "LCE研究部",
      "content": "只是，它已经过爆炸相关的安全测试……所以没必要害怕。"
    },
    {
      "teller": "新来的研究员",
      "title": "LCE研究部",
      "content": "嗯，那我也不觉得自己会想穿上它。"
    },
    {
      "teller": "新来的研究员",
      "title": "LCE研究部",
      "content": "风险会不会太高了？"
    },
    {
      "model": "파우스트",
      "title": "LCE研究部",
      "content": "……LCE所研究之物有大部分都充满了未知的危险。当接到高风险的研究课题时，逃跑是无法做出任何成果的吧。"
    },
    {
      "model": "파우스트",
      "title": "LCE研究部",
      "content": "潜心研究，揭示原理，承担风险并取得成果。"
    },
    {
      "model": "파우스트",
      "title": "LCE研究部",
      "content": "如果你想在这个LCE里通过研究取得成果的话……最好记住我说的话。"
    },
    {
      "teller": "新来的研究员",
      "title": "LCE研究部",
      "content": "……LCE处理的异想体、扭曲与E.G.O确实是我在其他公司从未听说过的未知领域。"
    },
    {
      "teller": "新来的研究员",
      "title": "LCE研究部",
      "content": "我会……谨记在心的。"
    },
    {
      "model": "이상",
      "title": "LCE研究部",
      "content": "别那么严厉。他仅入职两日而已……"
    },
    {
      "model": "파우스트",
      "title": "LCE研究部",
      "content": "李箱先生，你最好调整一下你与E.G.O的感应度。"
    },
    {
      "model": "이상",
      "title": "LCE研究部",
      "content": "咳。难得来了一个令人在意的后辈，因而我多了几分想要捉弄一下的想法。"
    },
    {
      "model": "파우스트",
      "title": "LCE研究部",
      "content": "嗯。那么，我就先行……"
    },
    {
      "content": "是因为她觉得已经说完该说的了吗。"
    },
    {
      "content": "打算从容离去的那个孩子，被研究员拦了下来。"
    },
    {
      "model": "이상",
      "title": "LCE研究部",
      "content": "啊，难道说……你要前往罪种实验室吗？"
    },
    {
      "model": "파우스트",
      "title": "LCE研究部",
      "content": "因为已经安排了战斗测试。"
    },
    {
      "model": "이상",
      "title": "LCE研究部",
      "content": "既然如此，能否带上我的后辈前往参观？他还未被分配工作，可我也不能带他去进行异想体的管理工作。"
    },
    {
      "model": "파우스트",
      "title": "LCE研究部",
      "content": "没问题。"
    },
    {
      "content": "常规企业的研究职务，一般都与战斗无缘。"
    },
    {
      "content": "正是因为这样，新人好奇地向孩子提出了问题。"
    },
    {
      "teller": "新来的研究员",
      "title": "LCE研究部",
      "content": "哦哦……原来也有许多战斗测试啊。"
    },
    {
      "model": "파우스트",
      "title": "LCE研究部",
      "content": "其能提高压迫工作效率，以及异想体与扭曲出逃时的镇压效率，更不用说那些通过战斗获得的各种额外数据。毕竟这些是有了成果保证的实验呢。"
    },
    {
      "content": "但这位新来的研究员的提问攻势还没有持续几分钟，那孩子就已经到了实验室前。"
    },
    {
      "content": "而在新人研究员隔着窗户仔细凝视其中之时，那孩子已经独自走进了实验室。"
    },
    {
      "content": "仿佛被什么东西所吸引着一般，罪种们包围了那孩子，并袭击了过来。"
    },
    {
      "teller": "新来的研究员",
      "title": "LCE研究部",
      "content": "没、没问题的吧？"
    },
    {
      "model": "파우스트",
      "title": "LCE研究部",
      "content": "没有观察到任何风险变量。那么……"
    },
    {
      "model": "파우스트",
      "title": "LCE研究部",
      "content": "感应度上升。开始共鸣。"
    },
    {
      "content": "孩子刹那间便飞向了天花板，与如同被吸引般突进而来的罪种们拉开了一段距离。"
    },
    {
      "content": "这是由于她与E.G.O的同化率——在这里称作感应度——提高了的缘故。"
    },
    {
      "content": "通常，即使感应度很高，也不可能复现孩子刚刚的动作……但LCE略微有所不同。"
    },
    {
      "teller": "新来的研究员",
      "title": "LCE研究部",
      "content": "有翼的E.G.O居然可以飞行吗？而不是单纯的装饰吗！？"
    },
    {
      "model": "파우스트",
      "title": "LCE研究部",
      "content": "一般并非如此。大多数有翼的E.G.O并不具备飞行能力。"
    },
    {
      "model": "파우스트",
      "title": "LCE研究部",
      "content": "尽管如此，与脑叶公司的E.G.O相比，只要能保持较高的感应度，就确实可以更灵活地利用异想体本身的特质。"
    },
    {
      "content": "通过理解异想体，并即使只是短暂地与其共感……"
    },
    {
      "content": "哪怕只是暂时的，孩子也能自愿地提高感应度。"
    },
    {
      "content": "从某种意义上来说，这是比脑叶公司的E.G.O……更为接近E.G.O的使用方式。"
    },
    {
      "teller": "新来的研究员",
      "title": "LCE研究部",
      "content": "所以我必须努力提高感应度才行啊。"
    },
    {
      "model": "파우스트",
      "title": "LCE研究部",
      "content": "虽然想法不错，但我并不鼓励过度投入其中。"
    },
    {
      "model": "파우스트",
      "title": "LCE研究部",
      "content": "越是研究和痴迷……E.G.O就越是会逐渐侵蚀其装备者。"
    },
    {
      "model": "파우스트",
      "title": "LCE研究部",
      "content": "就像这样。"
    },
    {
      "content": "随着罪种被她一个个所燃尽，孩子的一举一动也变得越来越华丽。"
    },
    {
      "content": "就像异想体……红焰蛾那般翩跹飞舞，向四周播撒火种。"
    },
    {
      "content": "就在那时，啪嗒……的声音响彻了实验室。"
    },
    {
      "content": "考虑到整个房间都燃起了火焰，这似乎没什么特别的……"
    },
    {
      "content": "但因为想到了刚刚那位研究员提到的怪谈，新来的研究员吓了一跳。"
    },
    {
      "teller": "新来的研究员",
      "title": "LCE研究部",
      "content": "难、难道要爆炸了吗？"
    },
    {
      "model": "파우스트",
      "title": "LCE研究部",
      "content": "在此之上再提升感应度到最大值的话，便会如此吧。"
    },
    {
      "model": "파우스트",
      "title": "LCE研究部",
      "content": "当然，我并没有那么做的打算。毕竟还有许多需要验证的事呢。"
    },
    {
      "content": "就在那股奇异的热量开始在她身体上聚集之时，孩子就像清空了自己的思绪一般闭上了眼睛……"
    },
    {
      "content": "燃烧的翅膀，和缠绕在武器上的火焰全都消失了。"
    },
    {
      "content": "就像是被那副身姿所吸引了一般，实验刚一结束，研究员就跑向了孩子身边。"
    },
    {
      "teller": "新来的研究员",
      "title": "LCE研究部",
      "content": "真厉害啊。你竟然能如此自由地与E.G.O感应。"
    },
    {
      "teller": "新来的研究员",
      "title": "LCE研究部",
      "content": "我未来也能成为像浮士德小姐一样的研究员吗？"
    },
    {
      "model": "파우스트",
      "title": "LCE研究部",
      "content": "这并非什么好想法。尽管看上去我好像能自由控制感应度……"
    },
    {
      "model": "파우스트",
      "title": "LCE研究部",
      "content": "但就算是浮士德，也无法避免侵蚀的影响。"
    },
    {
      "content": "虽然孩子原本就是甘冒风险，不断追求知识的性格……"
    },
    {
      "content": "但对在此处受了E.G.O影响的孩子来说，这种倾向会变得更为强烈。"
    },
    {
      "content": "这就是为什么孩子不希望。"
    },
    {
      "content": "这位新人成为和她一样的研究员。"
    },
    {
      "model": "파우스트",
      "title": "LCE研究部",
      "content": "在提高感应度时，自始至终都要格外小心。尤其是在直面异想体时。"
    },
    {
      "content": "孩子瞥了一眼频频点头的研究员，开始清理起实验室内部。"
    },
    {
      "content": "因此，转过身去的孩子并没有注意到研究员眼中那股不祥的激情。"
    },
    {
      "content": "E.G.O。以及与异想体的共鸣。"
    },
    {
      "content": "殊不知有朝一日，竟会成为点燃灾难的火种。"
    }
  ]
}