{
  "dataList": [
    {
      "content": "孩子的办公桌上充斥着敲击键盘的声音与纸笔摩挲的声音。"
    },
    {
      "content": "一名义体收尾人带着紧张的面孔靠近孩子并递出了文件。孩子若无其事的取过文件开始确认内容。"
    },
    {
      "model": "파우스트",
      "title": "多裂纹事务所",
      "content": "你所提出的预算案已经得到了检查，不过有必要进行几项调整。"
    },
    {
      "teller": "义体收尾人",
      "title": "多裂纹事务所",
      "content": "好的……"
    },
    {
      "content": "义体收尾人有些恐惧地颤抖了一下。"
    },
    {
      "content": "那也是当然的……那孩子虽然平时举止温柔，但在文件以及数字方面却十分严格。"
    },
    {
      "content": "有没有错字、计算有没有错误……即使已经检查过数十次，事务所的职员们在面对完美主义的孩子时也总是会紧张。"
    },
    {
      "content": "不出意料，孩子在翻动文件之前就在显示器的画面上列出一系列资料并开始了指摘。"
    },
    {
      "model": "파우스트",
      "title": "多裂纹事务所",
      "content": "关于本次的远征委托，我们的目标是通过与T公司的商务会议扩大合作范围为起点，进而参加发明会议并与新晋交易工坊发展合作关系。"
    },
    {
      "teller": "义体收尾人",
      "title": "多裂纹事务所",
      "content": "啊，是！我已经将这部分纳入考虑并准备了充足的预算——"
    },
    {
      "model": "파우스트",
      "title": "多裂纹事务所",
      "content": "嗯。这里的所有预算都是以一天24小时为基准制定的。但由于我们需要与来自巢与后巷的各种工坊进行接触，有必要根据人员来变更制定预算时的时间基准。"
    },
    {
      "teller": "义体收尾人",
      "title": "多裂纹事务所",
      "content": "啊……"
    },
    {
      "model": "파우스트",
      "title": "多裂纹事务所",
      "content": "请对T公司的上流阶层与后巷的发明家们一天的平均时间进行计算并附上。啊，另外你忘记做这之后计划访问的工坊列表了。"
    },
    {
      "content": "孩子的下属僵住了。倘若没有安装义眼，他或许会双目紧闭，不愿意去看一个个被指出的修正点吧。"
    },
    {
      "model": "파우스트",
      "title": "多裂纹事务所",
      "content": "我们大部分的委托都是从P公司接受的，因此你对T公司的情况不甚了解也是当然。是了解那些事情的浮士德厉害而已。"
    },
    {
      "content": "孩子瞥见下属的样子，说出了一些不像是安慰的安慰话语，并指向文件的某一部分表示称赞。"
    },
    {
      "content": "那是孩子个人风格的赞扬与关心吧。"
    },
    {
      "model": "파우스트",
      "title": "多裂纹事务所",
      "content": "使用WARP列车是很好的考虑。请留出一周的日程安排，事先委托Seven协会完成现场调查。当然，不要忘记自己检查一遍。"
    },
    {
      "content": "下属想要对滔滔不绝的孩子作出回答，但孩子立刻做出了等等的手势制止了他。"
    },
    {
      "content": "而后，经过一段独自思索，她再次开口。"
    },
    {
      "model": "파우스트",
      "title": "多裂纹事务所",
      "content": "……请增加一些WARP列车的预算。"
    },
    {
      "teller": "义体收尾人",
      "title": "多裂纹事务所",
      "content": "啊，代表。这次W公司在进行关于经济舱的促销，所以那部分的预算应该足够了……"
    },
    {
      "model": "파우스트",
      "title": "多裂纹事务所",
      "content": "虽然一般而言的确如此……"
    },
    {
      "content": "孩子凝视着空中，一时合上双眸陷入沉思。"
    },
    {
      "content": "那是孩子在理解难以理解的事物时经常会有的习惯。"
    },
    {
      "model": "파우스트",
      "title": "多裂纹事务所",
      "content": "……看来我有坐头等舱的必要呢。"
    },
    {
      "teller": "义体收尾人",
      "title": "多裂纹事务所",
      "content": "真的吗？"
    },
    {
      "content": "孩子的话让收尾人带着惊讶的表情举起了全部四只手……"
    },
    {
      "content": "那夸张的反应让孩子从文件上移开目光，稍稍降下眉毛，带着有些呆住的表情看向收尾人。"
    },
    {
      "model": "파우스트",
      "title": "多裂纹事务所",
      "content": "有什么问题吗？"
    },
    {
      "teller": "义体收尾人",
      "title": "多裂纹事务所",
      "content": "没、没有。只是有些意外。"
    },
    {
      "teller": "义体收尾人",
      "title": "多裂纹事务所",
      "content": "我还以为代表认为坐WARP列车头等舱是低效行为所以不会愿意。明明列车的运行时间只有10秒，头等舱的费用却高到了经济舱无法相比的程度不是吗。"
    },
    {
      "model": "파우스트",
      "title": "多裂纹事务所",
      "content": "虽然对这一点表示赞同……"
    },
    {
      "model": "파우스트",
      "title": "多裂纹事务所",
      "content": "不过，好吧。就这样吧……Gesellschaft到底在想什么。"
    },
    {
      "teller": "义体收尾人",
      "title": "多裂纹事务所",
      "content": "转、转动轴？有必要的话您要带上吗？"
    },
    {
      "model": "파우스트",
      "title": "多裂纹事务所",
      "content": "不，什么意思都没有。"
    },
    {
      "model": "파우스트",
      "title": "多裂纹事务所",
      "content": "总而言之，在明早之前按我说过的事情更新计划然后放到我的办公桌上……要是觉得工作太多了，就让在那边睡觉的希斯克利夫先生来辅助你进行校对吧。"
    },
    {
      "teller": "义体收尾人",
      "title": "多裂纹事务所",
      "content": "希、希斯克利夫！快醒醒！"
    },
    {
      "model": "히스클리프",
      "title": "多裂纹事务所",
      "content": "呼啊啊啊……唔哦？叫我吗？"
    },
    {
      "model": "파우스트",
      "title": "多裂纹事务所",
      "content": "请让他去休息室里喝一杯咖啡，顺便醒醒觉。"
    },
    {
      "teller": "义体收尾人",
      "title": "多裂纹事务所",
      "content": "好……我明白了……"
    },
    {
      "content": "在义体收尾人带着那打瞌睡的孩子进入了休息室后，这边的孩子缓缓地从座位上站起，走向窗边。"
    },
    {
      "content": "她越过落地窗，看着北部无数的高楼大厦与如蚂蚁般渺小的人们。"
    },
    {
      "content": "眺望着那景象的孩子一边啜饮着咖啡，一边检查着修正后的计划。"
    },
    {
      "content": "为了借用浮士德的知识来更为完美地完成委托。"
    },
    {
      "content": "而后，花费时间制成的那份计划在委托伊始之时也开始发挥出其真正的价值。"
    },
    {
      "teller": "帮派成员",
      "title": "？？？",
      "content": "为、为什么那手臂和武器吃了炸弹还不坏啊！"
    },
    {
      "model": "파우스트",
      "title": "多裂纹事务所",
      "content": "我们听说了在T公司的后巷里，使用爆炸物的帮派很多。"
    },
    {
      "model": "파우스트",
      "title": "多裂纹事务所",
      "content": "那么对高温与冲击耐受性很强的型号40Y-3就是正确选项了。"
    },
    {
      "content": "虽然处于黑暗的仓库中，但孩子通过义眼能够完整地掌握内部的情况。"
    },
    {
      "content": "一掌握对手投出炸弹的位置，孩子便会自如地挥动起与义手相连的两把大剑。"
    },
    {
      "content": "一瞬间看上去像是帮派头目的人的脑袋便飞走了。"
    },
    {
      "content": "看着这幅景象的其他帮派成员们手持刃具与长枪纷纷袭来，但还是无法敌过不断更换损坏手臂、积极战斗的义体收尾人们。"
    },
    {
      "model": "파우스트",
      "title": "多裂纹事务所",
      "content": "稍微加快一点步调吧。2小时后还有商务会议的预定。"
    },
    {
      "content": "随后不久，所有的帮派成员便被打倒了……"
    },
    {
      "content": "确认到这件事后，孩子打开了委托目标，那扇曾由帮派看守的巨大仓库的大门。"
    },
    {
      "model": "파우스트",
      "title": "多裂纹事务所",
      "content": "是恢复颜色的提灯。如此明亮巨大的我还是第一次见到。能够理解委托报酬如此之多的理由了。"
    },
    {
      "content": "一打开门，周围浸没于深棕色的环境一瞬间开始染上各种各样的颜色。"
    },
    {
      "content": "如此珍奇的场景下，其他的义体收尾人们也纷纷结束战斗，向提灯旁聚集。"
    },
    {
      "teller": "义体收尾人",
      "title": "多裂纹事务所",
      "content": "真大啊。凭带来的型号的马力来运输稍微有些……"
    },
    {
      "model": "히스클리프",
      "title": "多裂纹事务所",
      "content": "喂，代表。我们必须要运送这东西吗？"
    },
    {
      "model": "파우스트",
      "title": "多裂纹事务所",
      "content": "当然不必。已经和Девять协会商量过了。他们很快便会来到这里回收物品，并送往委托人处了。"
    },
    {
      "model": "히스클리프",
      "title": "多裂纹事务所",
      "content": "又不知在什么时候……不，算了。"
    },
    {
      "model": "히스클리프",
      "title": "多裂纹事务所",
      "content": "比起考虑这种事情，赶紧结束吧。"
    },
    {
      "teller": "义体收尾人",
      "title": "多裂纹事务所",
      "content": "是啊。由于关于T公司后巷的情报不足，我还以为会陷入苦战呢。"
    },
    {
      "content": "面对事务所成员的反应，孩子的嘴角勾起一抹小小的弧度，骄傲地抱起双手。"
    },
    {
      "model": "파우스트",
      "title": "多裂纹事务所",
      "content": "不确定的变量已经全部排除了。多亏了浮士德的万全准备。"
    },
    {
      "content": "然后……"
    },
    {
      "model": "파우스트",
      "title": "多裂纹事务所",
      "content": "当然，大家的努力多少也有些贡献。"
    },
    {
      "content": "为了提高士气，她也没有忘记个人风格的关心。"
    }
  ]
}