{
  "dataList": [
    {
      "id": 0,
      "content": "美丽之物，世有万千。"
    },
    {
      "id": 1,
      "content": "倾泻而下的月华，绚烂绽开的红梅。"
    },
    {
      "id": 2,
      "content": "在尘世间诸多美丽之物之中，浮士德视此二者为至美无双。"
    },
    {
      "id": 3,
      "content": "……大胆说来，浮士德鲜有未曾阅览的书籍，浮士德未能掌握的知识更是凤毛麟角。"
    },
    {
      "id": 4,
      "content": "然，于我而言，也再无其他比此二者更加美丽的事物了。"
    },
    {
      "id": 5,
      "content": "不论如何。"
    },
    {
      "id": 6,
      "content": "我依然能用笔记录这些思考，创造出新的事物……此刻我仍安好。"
    },
    {
      "id": 7,
      "content": "……不久之后，我们便要背井离乡。"
    },
    {
      "id": 8,
      "content": "S公司已然陷入了无法挽回的衰颓。"
    },
    {
      "id": 9,
      "content": "自上而下，宛如被污染的河流一般，腐败的浪潮难以被遏制。"
    },
    {
      "id": 10,
      "content": "我等单纯追求武道之人，无力也无法扮演阻挡洪流的小小堤坝。"
    },
    {
      "id": 11,
      "content": "然而，仍有试图清除污染的清廉之人在努力着……"
    },
    {
      "id": 12,
      "content": "我们，或者至少我们的头领，认为最好去帮助他们。"
    },
    {
      "id": 13,
      "content": "这或许是源自头领内心的正义感，也可能是为了确保我们的立足之地不被夺走而采取的最终手段。"
    },
    {
      "id": 14,
      "content": "由于他是一个沉默寡言的人，我便没有直接询问他。"
    },
    {
      "id": 15,
      "content": "然而不管他的意图如何，我们都无法阻止那道已然开始泄漏与坍塌的堤坝。"
    },
    {
      "id": 16,
      "content": "被污染的浪潮甚至淹没了我们这些守护堤坝的人……最终，我们不得不放弃我们的家园。"
    },
    {
      "id": 17,
      "content": "做出离开巢的决定并不容易。"
    },
    {
      "id": 18,
      "content": "眼下，由头领所领导的剑契组，是由昔日那些地位不显却确实拥有官职的羽们组成的。"
    },
    {
      "id": 19,
      "content": "为了追捕头领，S公司派出了推奴者……"
    },
    {
      "id": 20,
      "content": "在此过程中，虽然有许多同伴分离、丧生，但只要能够再度团聚、交流心意，即便只是小规模的，亦足以让我们感怀幸运。"
    },
    {
      "id": 21,
      "content": "……我愿有朝一日，能够再次在皎洁的月光下写一纸信函。"
    },
    {
      "id": 22,
      "content": "嗯。在面临死亡时，我总是不断回味着过去的种种。"
    },
    {
      "id": 23,
      "content": "因此，我如今挥剑，是为了守护身边的友人，也是为了建立一个崭新的家园。"
    },
    {
      "id": 24,
      "content": "纵使空中绽放的红梅在此刻尽其美丽而枯萎凋零，我将让它们再次绽放，以守护这刹那芳华。"
    },
    {
      "id": 25,
      "content": "……自离开巢之后，已过了多久的时日呢。"
    },
    {
      "id": 26,
      "content": "虽说并非在明月之下，我仍获得了短暂的机会以执笔书写。"
    },
    {
      "id": 27,
      "content": "根据友人们探得的消息，我们努力寻觅的新栖身之地，其最可行之选似乎为T公司的后巷，然而……"
    },
    {
      "id": 28,
      "content": "看起来，似乎有一个帮派先一步占领了此地。"
    },
    {
      "id": 29,
      "content": "不必多说，冲突的爆发成为了必然。"
    },
    {
      "id": 30,
      "content": "唔。"
    },
    {
      "id": 31,
      "content": "月光被遮蔽了。"
    },
    {
      "id": 32,
      "content": "他们自称为黑云……意指漆黑的云彩。"
    },
    {
      "id": 33,
      "content": "确实，乌云能暂时遮蔽皎月。"
    },
    {
      "id": 34,
      "content": "但是……"
    },
    {
      "id": 35,
      "content": "一旦朗风吹拂，随着时光流逝，那云层终将消散。"
    },
    {
      "id": 36,
      "content": "此外，相比广阔的明月，云彩不过是些许微尘罢了。"
    },
    {
      "id": 37,
      "content": "云……终将如绚烂的红梅花瓣一般飘散。"
    },
    {
      "id": 38,
      "content": "它们可能会自我的指尖飘散，抑或经由头领……或是其他杀手之手。"
    },
    {
      "id": 39,
      "content": "不论是谁，结果都是同样的。"
    },
    {
      "id": 40,
      "content": "云开雾霁，红梅飘散，绽自敌人胸怀。"
    },
    {
      "id": 41,
      "content": "如同自然之理。"
    }
  ]
}