{
  "dataList": [
    {
      "id": 0,
      "model": "파우스트",
      "title": "W公司 清扫人员",
      "content": "[22:32:40] \n[WARP，或者说次元移动……]"
    },
    {
      "id": 1,
      "model": "파우스트",
      "title": "W公司 清扫人员",
      "content": "[23:02:11]\n[……二十三点零二分，浮士德……继第十六号记录之后。]"
    },
    {
      "id": 2,
      "model": "파우스트",
      "title": "W公司 清扫人员",
      "content": "[23:02:15]\n[实际上，W公司的奇点建立在极度复杂的利益网络之上。]"
    },
    {
      "id": 3,
      "model": "파우스트",
      "title": "W公司 清扫人员",
      "content": "[23:02:33] \n[通过购买未能成为翼的奇点科技，仅仅是将目标扔进指定的“次元”之中。]"
    },
    {
      "id": 4,
      "model": "파우스트",
      "title": "W公司 清扫人员",
      "content": "[23:02:59]\n[虽然对W公司奇点的真面目仍然没有把握……不过，将四处流传的谣言收集整理，总结归纳之后……]"
    },
    {
      "id": 5,
      "model": "파우스트",
      "title": "W公司 清扫人员",
      "content": "[23:03:13]\n[（梳头声）我觉得，那可能酷似于计算机的“撤销”功能。]"
    },
    {
      "id": 6,
      "model": "파우스트",
      "title": "W公司 清扫人员",
      "content": "[23:03:21] \n[换句话说他们所拥有的技术，只要保存着事物过去的形态就可以随心所欲地对其进行还原。]"
    },
    {
      "id": 7,
      "model": "파우스트",
      "title": "W公司 清扫人员",
      "content": "[23:03:30] \n[结果上由于乘客们会觉得一眨眼就到站了，所以说不定也没有关系。]"
    },
    {
      "id": 8,
      "model": "파우스트",
      "title": "W公司 清扫人员",
      "content": "[23:03:48]\n[哈……我，浮士德认为我们这样的清扫人员进行的“清扫”流程并不合理。]"
    },
    {
      "id": 9,
      "model": "파우스트",
      "title": "W公司 清扫人员",
      "content": "[23:04:02] \n[不过，不可逆的行为只要经过几个奇点的处理就会变为可逆现象的事实又令人颇有兴致。]"
    },
    {
      "id": 10,
      "model": "파우스트",
      "title": "W公司 清扫人员",
      "content": "[23:04:33] \n[……即将结束录音。]"
    },
    {
      "id": 11,
      "model": "파우스트",
      "title": "W公司 清扫人员",
      "content": "[23:04:41] \n[虽然总是三番五次提到这句话，但这些分析并不是为了公益。]"
    },
    {
      "id": 12,
      "model": "파우스트",
      "title": "W公司 清扫人员",
      "content": "[23:04:58] \n[我，浮士德……]"
    },
    {
      "id": 13,
      "model": "파우스트",
      "title": "W公司 清扫人员",
      "content": "[23:05:00]\n[只是……想要知晓都市的全部而已。]"
    },
    {
      "id": 14,
      "model": "파우스트",
      "title": "W公司 清扫人员",
      "content": "[23:05:08] \n[……二十三时零五分，浮士德，结束录音。]"
    }
  ]
}