{
  "dataList": [
    {
      "id": 0,
      "content": "那孩子什么都没剩下了，她已经失去了太多了。"
    },
    {
      "id": 1,
      "content": "失去的右眼、失去的同事、失去的工作、失去的信任。除此之外，还有无数的失去之物在脑海中闪过。"
    },
    {
      "id": 2,
      "model": "파우스트",
      "title": "脑叶公司 幸存者",
      "content": "任务已完成，即将返回。"
    },
    {
      "id": 3,
      "content": "那孩子简洁地完成了报告，然后把发信机放进了口袋里。"
    },
    {
      "id": 4,
      "content": "那孩子的独眼俯视着的世界是……"
    },
    {
      "id": 5,
      "content": "一具断成了两截的尸体，都市后巷冰冷的地面。和或许是因为年久失修而明灭不定的蓝光。"
    },
    {
      "id": 6,
      "model": "파우스트",
      "title": "脑叶公司 幸存者",
      "content": "你知道吗？"
    },
    {
      "id": 7,
      "content": "那孩子是向着已无法回答之物发问。"
    },
    {
      "id": 8,
      "content": "尽管如此，不曾期待过有回答的孩子还是说了下去。"
    },
    {
      "id": 9,
      "model": "파우스트",
      "title": "脑叶公司 幸存者",
      "content": "浮士德何时才能被认可？"
    },
    {
      "id": 10,
      "content": "没有人会倾听她渴求的声音。哪怕是一只随处可见的虫子也不会。"
    },
    {
      "id": 11,
      "model": "파우스트",
      "title": "脑叶公司 幸存者",
      "content": "要到何时，我曾是折断之翼员工的事情才能被遗忘？"
    },
    {
      "id": 12,
      "content": "要说有什么东西是她没有失去的话，那便是她在旧L公司……对，她曾在我的孩子们所在的那个地方效力过的事实。"
    },
    {
      "id": 13,
      "model": "파우스트",
      "title": "脑叶公司 幸存者",
      "content": "我真的有必须活着从那个人间地狱里回来的理由吗？"
    },
    {
      "id": 14,
      "model": "파우스트",
      "title": "脑叶公司 幸存者",
      "content": "还有哪里是需要我的吗？"
    },
    {
      "id": 15,
      "model": "파우스트",
      "title": "脑叶公司 幸存者",
      "content": "被掩埋的空间里还有其他的幸存者吗？那明亮的夜晚与漆黑的白昼有什么意义吗？"
    },
    {
      "id": 16,
      "content": "那孩子轻轻地叹了一口气。"
    },
    {
      "id": 17,
      "model": "파우스트",
      "title": "脑叶公司 幸存者",
      "content": "浮士德，什么都不明白。"
    },
    {
      "id": 18,
      "content": "那声叹息连后巷的角落都还没来得及填满，就化为乌有了。"
    }
  ]
}