{
  "dataList": [
    {
      "id": 0,
      "model": "파우스트",
      "teller": "浮士德",
      "title": "Zwei协会 4科",
      "content": "……好，已确认。"
    },
    {
      "id": 1,
      "model": "파우스트",
      "teller": "浮士德",
      "title": "Zwei协会 4科",
      "content": "负责贴身保护的格里高尔先生传来报告，已经成功击溃敌对势力。"
    },
    {
      "id": 2,
      "content": "孩子正忙着和谁通话。"
    },
    {
      "id": 3,
      "content": "与此同时，她也没有忘记时刻观察周围情况。"
    },
    {
      "id": 4,
      "model": "파우스트",
      "teller": "浮士德",
      "title": "Zwei协会 4科",
      "content": "请向罗佳小姐、希斯克利夫先生传话。贴身保护方面发生状况。请他们继续追踪有无其他敌对势力增援。"
    },
    {
      "id": 5,
      "model": "로쟈",
      "teller": "罗佳",
      "title": "Zwei协会 5科",
      "content": "指定护卫，已确认~"
    },
    {
      "id": 6,
      "model": "로쟈",
      "teller": "罗佳",
      "title": "Zwei协会 5科",
      "content": "哦，等下！我吃的甜甜圈还留着呢吧！"
    },
    {
      "id": 7,
      "model": "파우스트",
      "teller": "浮士德",
      "title": "Zwei协会 4科",
      "content": "……如果您需要食物，也可以申请经费。"
    },
    {
      "id": 8,
      "model": "로쟈",
      "teller": "罗佳",
      "title": "Zwei协会 5科",
      "content": "哦！真的嘛？知道啦~挂啦！"
    },
    {
      "id": 9,
      "model": "파우스트",
      "teller": "浮士德",
      "title": "Zwei协会 4科",
      "content": "……"
    },
    {
      "id": 10,
      "model": "이스마엘",
      "teller": "以实玛利",
      "title": "Zwei协会 4科",
      "content": "您刚刚叹气了？浮士德小姐？"
    },
    {
      "id": 11,
      "model": "파우스트",
      "teller": "浮士德",
      "title": "Zwei协会 4科",
      "content": "没有。只是浮士德的呼吸稍微急促了一下。"
    },
    {
      "id": 12,
      "model": "이스마엘",
      "teller": "以实玛利",
      "title": "Zwei协会 4科",
      "content": "我并不是有什么抱怨……只是，好久没见到您对什么事情有所反应了。"
    },
    {
      "id": 13,
      "content": "她身边的另一个孩子轻笑着拿出笔记本。"
    },
    {
      "id": 14,
      "model": "파우스트",
      "teller": "浮士德",
      "title": "Zwei协会 4科",
      "content": "……这种事情并没有记录的必要吧，以实玛利小姐。"
    },
    {
      "id": 15,
      "model": "이스마엘",
      "teller": "以实玛利",
      "title": "Zwei协会 4科",
      "content": "将地区保护过程中的所有事情全部观察并且记录下来，这不就是我们的工作吗？"
    },
    {
      "id": 16,
      "model": "파우스트",
      "teller": "浮士德",
      "title": "Zwei协会 4科",
      "content": "但我并不是观察目标……"
    },
    {
      "id": 17,
      "model": "이스마엘",
      "teller": "以实玛利",
      "title": "Zwei协会 4科",
      "content": "啊，堂吉诃德小姐开始行动了。"
    },
    {
      "id": 18,
      "model": "파우스트",
      "teller": "浮士德",
      "title": "Zwei协会 4科",
      "content": "……嗯。"
    },
    {
      "id": 19,
      "content": "另一个孩子正在笔记本上写东西的时候，这孩子不禁叹了一口气，随即开始操作手上的终端。"
    },
    {
      "id": 20,
      "model": "파우스트",
      "teller": "浮士德",
      "title": "Zwei协会 4科",
      "content": "辛克莱先生，从外部进入此地区的群众里是否有可疑人物？"
    },
    {
      "id": 21,
      "model": "싱클레어",
      "teller": "辛克莱",
      "title": "Zwei协会 6科",
      "content": "啊……那个……"
    },
    {
      "id": 22,
      "model": "파우스트",
      "teller": "浮士德",
      "title": "Zwei协会 4科",
      "content": "堂吉诃德小姐似乎正在向某处移动。"
    },
    {
      "id": 23,
      "model": "싱클레어",
      "teller": "辛克莱",
      "title": "Zwei协会 6科",
      "content": "那、那是……因为她说好像有人在跟踪委托人们，所以追上去比较好。"
    },
    {
      "id": 24,
      "model": "싱클레어",
      "teller": "辛克莱",
      "title": "Zwei协会 6科",
      "content": "我也……认为那样比较好。因为Zwei是……委托人们的盾牌。"
    },
    {
      "id": 25,
      "model": "파우스트",
      "teller": "浮士德",
      "title": "Zwei协会 4科",
      "content": "我们已经遭遇与客户相敌对的势力。那你所说的可以判断为外部势力……"
    },
    {
      "id": 26,
      "model": "이스마엘",
      "teller": "以实玛利",
      "title": "Zwei协会 4科",
      "content": "啊，有人正在往堂吉诃德小姐靠近。"
    },
    {
      "id": 27,
      "model": "파우스트",
      "teller": "浮士德",
      "title": "Zwei协会 4科",
      "content": "……辛克莱先生请迅速与堂吉诃德小姐汇合并协助战斗。如先前所说，请6科进行外部势力的镇压。"
    },
    {
      "id": 28,
      "model": "싱클레어",
      "teller": "辛克莱",
      "title": "Zwei协会 6科",
      "content": "啊、这么快……好！我知道了！"
    },
    {
      "id": 29,
      "model": "이스마엘",
      "teller": "以实玛利",
      "title": "Zwei协会 4科",
      "content": "……这次事件的规模比预想中更大啊。"
    },
    {
      "id": 30,
      "model": "파우스트",
      "teller": "浮士德",
      "title": "Zwei协会 4科",
      "content": "联合作战并不罕见，但也并不常见。"
    },
    {
      "id": 31,
      "model": "파우스트",
      "teller": "浮士德",
      "title": "Zwei协会 4科",
      "content": "既然4、5、6科集体出动，也就说明本次委托值得如此。对吧。"
    },
    {
      "id": 32,
      "model": "파우스트",
      "teller": "浮士德",
      "title": "Zwei协会 4科",
      "content": "例如……"
    },
    {
      "id": 33,
      "model": "이스마엘",
      "teller": "以实玛利",
      "title": "Zwei协会 4科",
      "content": "哈，说来就来。"
    },
    {
      "id": 34,
      "model": "파우스트",
      "teller": "浮士德",
      "title": "Zwei协会 4科",
      "content": "是。正是这种情况。"
    },
    {
      "id": 35,
      "content": "两个孩子看到了什么？"
    },
    {
      "id": 36,
      "content": "一定是……看见了客户，或者说委托人所吸引来的数量众多的敌对势力吧。"
    },
    {
      "id": 37,
      "model": "파우스트",
      "teller": "浮士德",
      "title": "Zwei协会 4科",
      "content": "确认到敌对势力数量庞大。浮士德将即刻进行近身保护。"
    },
    {
      "id": 38,
      "model": "파우스트",
      "teller": "浮士德",
      "title": "Zwei协会 4科",
      "content": "是，之后的报告请联系以实玛利小姐。"
    },
    {
      "id": 39,
      "content": "挂断电话后，孩子穿上Zwei的外套。"
    },
    {
      "id": 40,
      "content": "她所到达的小巷里早已聚集了大量的敌人。"
    },
    {
      "id": 41,
      "content": "哔。"
    },
    {
      "id": 42,
      "teller": "可疑的交易者",
      "title": "？？？",
      "content": "你们是……Zwei吗？"
    },
    {
      "id": 43,
      "model": "파우스트",
      "teller": "浮士德",
      "title": "Zwei协会 4科",
      "content": "是，我们是客户的盾牌。"
    },
    {
      "id": 44,
      "teller": "可疑的交易者",
      "title": "？？？",
      "content": "都是从哪儿冒出来的……全都杀了！"
    },
    {
      "id": 45,
      "content": "孩子像是习以为常一般握起德国双手剑……"
    },
    {
      "id": 46,
      "model": "파우스트",
      "teller": "浮士德",
      "title": "Zwei协会 4科",
      "content": "浮士德，开始执行保护任务。"
    },
    {
      "id": 47,
      "content": "就好像没什么大不了的一样，她倦怠地吐出一句话后向前跑去。"
    }
  ]
}