{
  "dataList": [
    {
      "id": 0,
      "content": "那孩子坐在那里一动不动已经整整三天了。"
    },
    {
      "id": 1,
      "content": "仿佛所有的感官刺激都被眼前的屏幕所剥夺，不论是食欲，还是睡眠欲。"
    },
    {
      "id": 2,
      "content": "那孩子好像什么也感觉不到一样。"
    },
    {
      "id": 3,
      "model": "파우스트",
      "teller": "浮士德",
      "title": "执柄者",
      "content": "是的……就是这样……它还在继续输出……"
    },
    {
      "id": 4,
      "content": "房间的空气都凝滞了，只有时不时令人毛骨悚然的笑声，细碎的窃窃自语，以及敲击键盘和点击鼠标的声音还在响起。"
    },
    {
      "id": 5,
      "model": "파우스트",
      "teller": "浮士德",
      "title": "执柄者",
      "content": "呜呜嗯！竟然有如此之多的家伙们在量产义体……骇人听闻！令人作呕！"
    },
    {
      "id": 6,
      "content": "这孩子的电脑上插着一个不知从何处入手的存储设备。"
    },
    {
      "id": 7,
      "content": "上面闪烁着微光的小型字体，拼凑出了“埃米尔”这个单词。从辛克莱那边得来的钥匙，想必就是此物。"
    },
    {
      "id": 8,
      "model": "파우스트",
      "teller": "浮士德",
      "title": "执柄者",
      "content": "辛克莱……辛克莱……！我要怎么感谢你才好……！"
    },
    {
      "id": 9,
      "model": "파우스트",
      "teller": "浮士德",
      "title": "执柄者",
      "content": "呵呵，整个村子就跟异端的巢穴没什么两样……！生活在这样的地方一定相当难受吧！辛克莱！"
    },
    {
      "id": 10,
      "content": "那孩子的脑海里思绪万千。"
    },
    {
      "id": 11,
      "model": "파우스트",
      "teller": "浮士德",
      "title": "执柄者",
      "content": "现在该如何净化这些污秽之物呢？"
    },
    {
      "id": 12,
      "model": "파우스트",
      "teller": "浮士德",
      "title": "执柄者",
      "content": "不，先静下心来想一想。"
    },
    {
      "id": 13,
      "model": "파우스트",
      "teller": "浮士德",
      "title": "执柄者",
      "content": "那些异端的肮脏躯壳里仍然藏有最纯粹的部分，不是吗？"
    },
    {
      "id": 14,
      "model": "파우스트",
      "teller": "浮士德",
      "title": "执柄者",
      "content": "大脑。"
    },
    {
      "id": 15,
      "model": "파우스트",
      "teller": "浮士德",
      "title": "执柄者",
      "content": "即使是把全身都改成义体的家伙们也仍然保留着大脑。"
    },
    {
      "id": 16,
      "model": "파우스트",
      "teller": "浮士德",
      "title": "执柄者",
      "content": "心脏也好肺也罢，全都可以通过强化手术进行替换，但是只有大脑，这都市中无可替代的纯粹之物，不行。"
    },
    {
      "id": 17,
      "model": "파우스트",
      "teller": "浮士德",
      "title": "执柄者",
      "content": "哈！"
    },
    {
      "id": 18,
      "model": "파우스트",
      "teller": "浮士德",
      "title": "执柄者",
      "content": "那可不行！被污秽躯壳所包裹的纯粹的大脑多么可怜！这个矛盾本身就令人不悦！"
    },
    {
      "id": 19,
      "model": "파우스트",
      "teller": "浮士德",
      "title": "执柄者",
      "content": "得把脑壳剥开，让污秽只与污秽共处。"
    },
    {
      "id": 20,
      "model": "파우스트",
      "teller": "浮士德",
      "title": "执柄者",
      "content": "是的……是的！"
    },
    {
      "id": 21,
      "content": "终于下定决心的孩子从椅子上站了起来，握起了巨大的长钉。"
    },
    {
      "id": 22,
      "model": "파우스트",
      "teller": "浮士德",
      "title": "执柄者",
      "content": "呼呼……你是我的英雄。辛克莱。"
    },
    {
      "id": 23,
      "content": "她用另一只手摊开沾满血迹与油污的地图。"
    },
    {
      "id": 24,
      "model": "파우스트",
      "teller": "浮士德",
      "title": "执柄者",
      "content": "这和我在那家公司实验室的玻璃窗里看到的景象一模一样！"
    },
    {
      "id": 25,
      "model": "파우스트",
      "teller": "浮士德",
      "title": "执柄者",
      "content": "你对这种污秽之物所展现出的那一丝丝正义愤慨……仅仅是稍加刺激，你就自己将这宝物传给了我。"
    },
    {
      "id": 26,
      "content": "她咬掉红色钢笔的笔帽的模样，看上去宛如被什么附身了一般。"
    },
    {
      "id": 27,
      "model": "파우스트",
      "teller": "浮士德",
      "title": "执柄者",
      "content": "我会净化你身边的异端……并扫清那些污秽。"
    },
    {
      "id": 28,
      "model": "파우스트",
      "teller": "浮士德",
      "title": "执柄者",
      "content": "如果是你，应该很快就能理解！毕竟我们并肩审判异端的未来……已被确定！"
    },
    {
      "id": 29,
      "model": "파우스트",
      "teller": "浮士德",
      "title": "执柄者",
      "content": "待会儿见，辛克莱。"
    },
    {
      "id": 30,
      "content": "轻佻的笑声，强迫性的振臂。"
    },
    {
      "id": 31,
      "content": "那孩子没心没肺地大笑着……"
    },
    {
      "id": 32,
      "content": "在写着“卡尔夫镇”的地图某处画了一圈又一圈。"
    },
    {
      "id": 33,
      "model": "파우스트",
      "teller": "浮士德",
      "title": "执柄者",
      "content": "我们将肩并着肩，一齐净化污秽……"
    },
    {
      "id": 34,
      "content": "地图上的小镇，浸染着深红。"
    },
    {
      "id": 35,
      "content": "就仿佛在预示那镇子的未来一般。"
    }
  ]
}