{
  "dataList": [
    {
      "id": 0,
      "model": "파우스트",
      "teller": "浮士德",
      "title": "Seven协会 4科",
      "content": "抱歉让您久等了。浮士德将为您点单。"
    },
    {
      "id": 1,
      "content": "在拥挤而狭小的咖啡厅之中。孩子站在桌前，用平静的声音说道。"
    },
    {
      "id": 2,
      "model": "파우스트",
      "teller": "浮士德",
      "title": "Seven协会 4科",
      "content": "奶茶是吗。锡兰的茶叶可以吗？如果您没有指定温度的话，我们将在94摄氏度下为您煮制茶叶。"
    },
    {
      "id": 3,
      "content": "她用低沉的声音渐渐加快语速，戴着的大眼镜也咔嚓咔嚓作响。"
    },
    {
      "id": 4,
      "model": "파우스트",
      "teller": "浮士德",
      "title": "Seven协会 4科",
      "content": "一茶匙砂糖是吗。第一杯茶需要帮您沏好吗？或者，我们也可以提供装有热水的茶杯给您。"
    },
    {
      "id": 5,
      "content": "不断敲击打字机的响声几乎要淹没孩子的声音，但那孩子也相应地提高嗓门，完全没有降低语速的打算。"
    },
    {
      "id": 6,
      "content": "然后，突然之间。"
    },
    {
      "id": 7,
      "content": "从对面传来的一句话，让一切都停滞了。"
    },
    {
      "id": 8,
      "model": "파우스트",
      "teller": "浮士德",
      "title": "Seven协会 4科",
      "content": "……请问您点了牛奶壶的原因是？"
    },
    {
      "id": 9,
      "model": "파우스트",
      "teller": "浮士德",
      "title": "Seven协会 4科",
      "content": "如果您喜欢在茶里添加更多牛奶的话，我们会根据您的喜好调整。不过，我们并不推荐在沏好茶后再添加牛奶。"
    },
    {
      "id": 10,
      "model": "파우스트",
      "teller": "浮士德",
      "title": "Seven协会 4科",
      "content": "如果茶沏好后再添加牛奶的话，蛋白质会迅速变性。香味也会有明显的损失……"
    },
    {
      "id": 11,
      "content": "……那孩子的说教似乎没法立刻结束，让我们再等一会吧。"
    },
    {
      "id": 12,
      "content": "过了一会……"
    },
    {
      "id": 13,
      "model": "파우스트",
      "teller": "浮士德",
      "title": "Seven协会 4科",
      "content": "……好的，下一位。"
    },
    {
      "id": 14,
      "content": "又一位顾客走来，站定在看起来疲惫不堪的孩子面前。"
    },
    {
      "id": 15,
      "teller": "委托人",
      "title": "？？？",
      "content": "啊，我不是来点单的……"
    },
    {
      "id": 16,
      "model": "파우스트",
      "teller": "浮士德",
      "title": "Seven协会 4科",
      "content": "如果是协会相关工作的话，我现在在咖啡厅的工作岗位上，所以需要稍微晚一些再……"
    },
    {
      "id": 17,
      "teller": "委托人",
      "title": "？？？",
      "content": "啊！不是，接待处的人告诉我可以在这里找到浮士德小姐。是和前段时间委托相关的事……啊，这是我的名片……"
    },
    {
      "id": 18,
      "model": "파우스트",
      "teller": "浮士德",
      "title": "Seven协会 4科",
      "content": "……是关于事后处理的对吗。"
    },
    {
      "id": 19,
      "content": "孩子现在在咖啡厅工作，但这家咖啡厅纯粹是由Seven协会中，对茶兴趣颇深的收尾人自发运营的。"
    },
    {
      "id": 20,
      "content": "在双方互相约定的工作时间以外，他们当然是要作为Seven协会的收尾人处理工作的。"
    },
    {
      "id": 21,
      "content": "孩子在Seven协会的主要职责是，根据其他收尾人收集到的证据，对签订合同的委托作出结论。"
    },
    {
      "id": 22,
      "content": "然后……"
    },
    {
      "id": 23,
      "model": "파우스트",
      "teller": "浮士德",
      "title": "Seven协会 4科",
      "content": "我想您也已经知晓，如果把事后处理的委托也交给Seven协会的话，我们会在委托费上给您打些折扣。当然，如果您想要更为实惠的方法，也可以咨询我们的合作事务所。"
    },
    {
      "id": 24,
      "teller": "委托人",
      "title": "？？？",
      "content": "如果我继续交给Seven协会的话……会由你来负责处理这件委托吗？"
    },
    {
      "id": 25,
      "model": "파우스트",
      "teller": "浮士德",
      "title": "Seven协会 4科",
      "content": "正是如此。"
    },
    {
      "id": 26,
      "teller": "委托人",
      "title": "？？？",
      "content": "那么……我还是想继续交给Seven协会负责。因为你的实力可是出了名的。"
    },
    {
      "id": 27,
      "model": "파우스트",
      "teller": "浮士德",
      "title": "Seven协会 4科",
      "content": "……明智的抉择。"
    },
    {
      "id": 28,
      "content": "孩子新负责的任务是，完成事后处理。"
    },
    {
      "id": 29,
      "content": "事后处理是指……"
    },
    {
      "id": 30,
      "model": "파우스트",
      "teller": "浮士德",
      "title": "Seven协会 4科",
      "content": "清单上的也只有这些吧。现在上二楼吧，希斯克利夫。"
    },
    {
      "id": 31,
      "content": "对以前委托之中找出的犯人进行彻底的复仇和扫荡。就是这种事务。"
    },
    {
      "id": 32,
      "content": "所以，孩子在两边都是公认的优秀收尾人。"
    },
    {
      "id": 33,
      "content": "无论是沏泡红茶的能力，"
    },
    {
      "id": 34,
      "content": "还是斩杀他人的能力。"
    }
  ]
}