{
  "dataList": [
    {
      "id": 0,
      "model": "파우스트",
      "teller": "浮士德",
      "title": "呼啸山庄",
      "content": "那么，请容我先行告退。祝您用餐愉快。"
    },
    {
      "id": 1,
      "content": "在配有高雅音乐与明亮灯光的餐厅之中。"
    },
    {
      "id": 2,
      "content": "孩子在对穿着显目的高级服饰的人们轻轻行了默礼之后，就如她所跟随的首席管家那样，悄无声息地离开了房间。"
    },
    {
      "id": 3,
      "model": "파우스트",
      "teller": "浮士德",
      "title": "呼啸山庄",
      "content": "……呼。"
    },
    {
      "id": 4,
      "content": "在房门完全关上，她离开几步远后，孩子才轻声叹气。"
    },
    {
      "id": 5,
      "content": "因为孩子知道那里面会进行什么谈话。"
    },
    {
      "id": 6,
      "content": "猎狼。"
    },
    {
      "id": 7,
      "content": "这场由埃德加家族和呼啸山庄的管家们……以及埃德加家族继承人与其首席管家所谋划的战斗，如果要为其命名，那便是如此。"
    },
    {
      "id": 8,
      "content": "过去被带进呼啸山庄养育成人的他，如今携来没落与灭亡，带领着如亡者般的军队返乡，那便是这计划的开端。"
    },
    {
      "id": 9,
      "content": "一定是因为被这错综复杂的利害关系相连，他们才能联手吧。"
    },
    {
      "id": 10,
      "model": "파우스트",
      "teller": "浮士德",
      "title": "呼啸山庄",
      "content": "……那二位正在谈话。"
    },
    {
      "id": 11,
      "model": "오티스",
      "teller": "奥提斯",
      "title": "呼啸山庄",
      "content": "嗯。"
    },
    {
      "id": 12,
      "model": "오티스",
      "teller": "奥提斯",
      "title": "呼啸山庄",
      "content": "你的招待……不会有问题。即使我不特地询问，你也不会让我失望。"
    },
    {
      "id": 13,
      "model": "파우스트",
      "teller": "浮士德",
      "title": "呼啸山庄",
      "content": "谬赞了，但多谢褒奖。"
    },
    {
      "id": 14,
      "model": "오티스",
      "teller": "奥提斯",
      "title": "呼啸山庄",
      "content": "我只是作出了合适的评价。另外……"
    },
    {
      "id": 15,
      "content": "首席管家带着犀利的眼神向某处迈步……"
    },
    {
      "id": 16,
      "content": "缓缓地，却又冷静而沉稳地将手指划过门上的缝隙。"
    },
    {
      "id": 17,
      "model": "오티스",
      "teller": "奥提斯",
      "title": "呼啸山庄",
      "content": "……看上去仍有管家缺乏培训。"
    },
    {
      "id": 18,
      "content": "她的指尖残留着尚未擦拭的血迹。"
    },
    {
      "id": 19,
      "content": "招待客人前与不速之客战斗的痕迹似乎没能处理干净。"
    },
    {
      "id": 20,
      "model": "파우스트",
      "teller": "浮士德",
      "title": "呼啸山庄",
      "content": "……十分抱歉。"
    },
    {
      "id": 21,
      "model": "오티스",
      "teller": "奥提斯",
      "title": "呼啸山庄",
      "content": "你是负责厨房的管家，因此无需道歉。"
    },
    {
      "id": 22,
      "model": "오티스",
      "teller": "奥提斯",
      "title": "呼啸山庄",
      "content": "但……你有必要将我的意见传达给负责保洁的管家们。"
    },
    {
      "id": 23,
      "model": "파우스트",
      "teller": "浮士德",
      "title": "呼啸山庄",
      "content": "我明白了。"
    },
    {
      "id": 24,
      "model": "오티스",
      "teller": "奥提斯",
      "title": "呼啸山庄",
      "content": "很好。是时候下去了。狩猎训练仍在进行吧。"
    },
    {
      "id": 25,
      "model": "파우스트",
      "teller": "浮士德",
      "title": "呼啸山庄",
      "content": "是，一切如您所言，还在进行中。"
    },
    {
      "id": 26,
      "content": "孩子轻轻点头后，向某处走去。"
    },
    {
      "id": 27,
      "content": "走过很长一段距离，她打开一扇偏僻的门，慢慢走下楼梯……"
    },
    {
      "id": 28,
      "teller": "？？？",
      "title": "？？？",
      "content": "啊，浮士德大人。"
    },
    {
      "id": 29,
      "content": "迎接孩子的是，四面染血的昏暗地下室。"
    },
    {
      "id": 30,
      "content": "但孩子似乎对这场面司空见惯，她连眉毛都没有扬起，平淡地开口道。"
    },
    {
      "id": 31,
      "model": "파우스트",
      "teller": "浮士德",
      "title": "呼啸山庄",
      "content": "利用不速之客进行的战斗训练进展还顺利吗？"
    },
    {
      "id": 32,
      "model": "싱클레어",
      "teller": "辛克莱",
      "title": "呼啸山庄",
      "content": "是。奥提斯大人教授的战术已经差不多掌握了。"
    },
    {
      "id": 33,
      "model": "파우스트",
      "teller": "浮士德",
      "title": "呼啸山庄",
      "content": "很好。请继续保持。"
    },
    {
      "id": 34,
      "model": "파우스트",
      "teller": "浮士德",
      "title": "呼啸山庄",
      "content": "啊，另外……"
    },
    {
      "id": 35,
      "model": "파우스트",
      "teller": "浮士德",
      "title": "呼啸山庄",
      "content": "奥提斯大人提出了关于“清理”的意见。"
    },
    {
      "id": 36,
      "model": "싱클레어",
      "teller": "辛克莱",
      "title": "呼啸山庄",
      "content": "诶，啊……"
    },
    {
      "id": 37,
      "model": "파우스트",
      "teller": "浮士德",
      "title": "呼啸山庄",
      "content": "请留意看不见的缝隙里的血迹。以免使前来拜访的客人们不悦。"
    },
    {
      "id": 38,
      "model": "싱클레어",
      "teller": "辛克莱",
      "title": "呼啸山庄",
      "content": "好……我会注意的。"
    },
    {
      "id": 39,
      "model": "파우스트",
      "teller": "浮士德",
      "title": "呼啸山庄",
      "content": "那么……"
    },
    {
      "id": 40,
      "content": "孩子简单提醒后便自然而然地加入了队伍之中，她用餐巾包裹好拳头，走向昏暗的内部区域。"
    },
    {
      "id": 41,
      "content": "其中充斥着奔跑、投掷、撕裂之声。"
    },
    {
      "id": 42,
      "content": "……不久后一个新的高昂之声加入其中，随之一同回响起来。"
    }
  ]
}