{
  "dataList": [
    {
      "id": 0,
      "model": "옛산초",
      "title": "拉·曼却领 总督",
      "content": "……"
    },
    {
      "id": 1,
      "content": "你此时此刻在想些什么呢。"
    },
    {
      "id": 2,
      "model": "오티스",
      "title": "拉·曼却领 理发师",
      "content": "你在干什么呢！快点刺进去！"
    },
    {
      "id": 3,
      "model": "그레고르",
      "title": "拉·曼却领 神父",
      "content": "唔……"
    },
    {
      "id": 4,
      "content": "面对着那样深爱着你的家人们，"
    },
    {
      "id": 5,
      "content": "正用木桩刺着同样深爱着家人们的你的这般光景。"
    },
    {
      "id": 6,
      "model": "오티스",
      "title": "拉·曼却领 理发师",
      "content": "刺进去！！！"
    },
    {
      "id": 7,
      "model": "그레고르",
      "title": "拉·曼却领 神父",
      "content": "呜啊啊啊啊！"
    },
    {
      "id": 8,
      "model": "로쟈",
      "title": "拉·曼却领 公主",
      "content": "……是你错了。因为你犯下了抛弃我们所有家人的罪。"
    },
    {
      "id": 9,
      "content": "耳边充斥着憎恨与愤怒交织的咒骂声的你。"
    },
    {
      "id": 10,
      "content": "此时此刻在想些什么呢。"
    },
    {
      "id": 11,
      "model": "옛산초",
      "title": "拉·曼却领 总督",
      "content": "是时候从梦中醒来了，父亲。"
    },
    {
      "id": 12,
      "content": "你对这话未作任何回答。"
    },
    {
      "id": 13,
      "content": "难道是对我们的愤怒让你闭口不言吗？"
    },
    {
      "id": 14,
      "content": "不，不是那样的。"
    },
    {
      "id": 15,
      "content": "不过是……你连开口给自己找个借口的资格都没有罢了。"
    },
    {
      "id": 16,
      "content": "因为被木桩刺穿的你，像罪人那样低下了头。"
    },
    {
      "id": 17,
      "content": "是什么把我们变成了这样呢。"
    },
    {
      "id": 18,
      "content": "这一切是从什么时候开始出问题的呢。"
    },
    {
      "id": 19,
      "content": "所有人都清楚答案。"
    },
    {
      "id": 20,
      "content": "是有人激烈地叩响城门的那天。"
    },
    {
      "id": 21,
      "content": "是父亲的双眼开始被兴趣充满的那天。"
    },
    {
      "id": 22,
      "content": "是看着父亲一边沉醉在骑士的冒险故事里，一边和家人们谈笑着要支持他的梦想的那天。"
    },
    {
      "id": 23,
      "content": "所有那些日子一遍又一遍地堆积起来，筑成了今天。"
    },
    {
      "id": 24,
      "model": "옛산초",
      "title": "拉·曼却领 总督",
      "content": "你与我们之间筑起的这堵高墙，都是你的责任。"
    },
    {
      "id": 25,
      "model": "옛산초",
      "title": "拉·曼却领 总督",
      "content": "是你抛下了我们。"
    },
    {
      "id": 26,
      "content": "走廊里回荡着父亲的笑声。"
    },
    {
      "id": 27,
      "content": "站在开心的父亲身旁的不是我，而是白月骑士。"
    },
    {
      "id": 28,
      "content": "我在柱子后面屏着呼吸，盯着他们二人。"
    },
    {
      "id": 29,
      "content": "脑海里浮现起父亲说过的让我心痛的话。"
    },
    {
      "id": 30,
      "content": "“我已经不需要你护卫了。照顾好拉·曼却领和家人们吧。”"
    },
    {
      "id": 31,
      "content": "那言语里没有一丝虚伪或谎言。"
    },
    {
      "id": 32,
      "content": "毕竟那是你在我们一起吃早餐的时候，若无其事地提起的，语调温柔而亲切的话。"
    },
    {
      "id": 33,
      "content": "所以我想要相信。"
    },
    {
      "id": 34,
      "content": "相信那是父亲在关心我。"
    },
    {
      "id": 35,
      "content": "那是个血魔不会再渴求鲜血的故事。"
    },
    {
      "id": 36,
      "content": "那是个会有一位乐于助人的仁慈英雄来守护大家的故事。"
    },
    {
      "id": 37,
      "content": "那是个人类和血魔在乐园中一同欢笑的故事。"
    },
    {
      "id": 38,
      "content": "那是个我们拥抱梦想，以夺回我们失去的明天的故事……"
    },
    {
      "id": 39,
      "content": "我想相信一切都是出于对那荒唐故事失去兴趣的我的关心。"
    },
    {
      "id": 40,
      "content": "相信即使被骑士巧妙的话术所欺骗，他做出这个决定也只是因为挂念家人。"
    },
    {
      "id": 41,
      "content": "我……想要相信一切如此。"
    },
    {
      "id": 42,
      "content": "但是，藏在柱子后面望着父亲谈笑的身影，我只觉得一切都不过是借口。"
    },
    {
      "id": 43,
      "content": "轻笑声和愉快的对话，那是个只属于他们的世界。"
    },
    {
      "id": 44,
      "model": "옛산초",
      "title": "拉·曼却领 总督",
      "content": "那个人类讲的故事就那么有趣吗。"
    },
    {
      "id": 45,
      "content": "父亲在做着一个崭新的梦。"
    },
    {
      "id": 46,
      "content": "却把曾经在一个一个拾起我们时展示给我们的梦抛在脑后了。"
    },
    {
      "id": 47,
      "content": "我不知道对你来说那个梦到底有多精彩……"
    },
    {
      "id": 48,
      "content": "至少对我来说。"
    },
    {
      "id": 49,
      "content": "不，对我们这些家人来说……没有比那更糟糕的噩梦了。"
    },
    {
      "id": 50,
      "content": "在这无尽的噩梦中，我们能保持理智多久呢。"
    },
    {
      "id": 51,
      "content": "每当我闭上眼睛，不久前的回忆就会立刻涌上脑海。"
    },
    {
      "id": 52,
      "content": "不断压抑着本能直到疯狂的家人们。"
    },
    {
      "id": 53,
      "content": "作为血魔，通过伤害人类才能获得幸福的他们……没有被父亲宽恕的时候。"
    },
    {
      "id": 54,
      "content": "遵从父亲的命令握着长枪的那只手，仍然残留着陌生的感觉。"
    },
    {
      "id": 55,
      "content": "将尚未死去的人们埋进地里的我，粉碎了家人的头颅的我，到底怀着怎样的心情。"
    },
    {
      "id": 56,
      "content": "我睁开双眼，低头擦了擦手心冒出的汗，"
    },
    {
      "id": 57,
      "content": "将目光投向了虽是深夜，却灯火通明的神父的区域。"
    },
    {
      "id": 58,
      "content": "现在支撑着家人们的，不是父亲的梦那样的东西。"
    },
    {
      "id": 59,
      "content": "而是神父口中那不会实现的，安慰之语吧。"
    },
    {
      "id": 60,
      "content": "走廊里又回响起父亲和骑士的笑声。"
    },
    {
      "id": 61,
      "content": "我比以往任何时候都更讨厌那声音。"
    },
    {
      "id": 62,
      "content": "所以就着迷了似的，向视野里的告解室走了过去。"
    },
    {
      "id": 63,
      "model": "옛산초",
      "title": "拉·曼却领 总督",
      "content": "咨询的氛围如何？"
    },
    {
      "id": 64,
      "model": "그레고르",
      "title": "拉·曼却领 神父",
      "content": "……"
    },
    {
      "id": 65,
      "model": "그레고르",
      "title": "拉·曼却领 神父",
      "content": "嘛。一如既往，所有人都处在一片祥和之中。"
    },
    {
      "id": 66,
      "model": "옛산초",
      "title": "拉·曼却领 总督",
      "content": "说谎。你觉得我连这点都不清楚吗？"
    },
    {
      "id": 67,
      "content": "四散飞溅的血迹，背上遍布的伤痕。"
    },
    {
      "id": 68,
      "content": "桌子上放着的鞭子，和几十根血棒。"
    },
    {
      "id": 69,
      "content": "虽然知道家人们正在腐朽崩坏，但神父在其中也算是特别凄惨的了。"
    },
    {
      "id": 70,
      "content": "因为他只身承担着父亲没有背负的，家人们的烦恼和愤怒。"
    },
    {
      "id": 71,
      "content": "他比任何人都腐坏得更为严重。"
    },
    {
      "id": 72,
      "model": "옛산초",
      "title": "拉·曼却领 总督",
      "content": "从预约的咨询里，取消几个吧。"
    },
    {
      "id": 73,
      "model": "그레고르",
      "title": "拉·曼却领 神父",
      "content": "但……"
    },
    {
      "id": 74,
      "model": "옛산초",
      "title": "拉·曼却领 总督",
      "content": "取消的咨询由我来负责。"
    },
    {
      "id": 75,
      "model": "그레고르",
      "title": "拉·曼却领 神父",
      "content": "……您来？"
    },
    {
      "id": 76,
      "model": "옛산초",
      "title": "拉·曼却领 总督",
      "content": "继续一个人做这些的话，你会最先坏掉的。"
    },
    {
      "id": 77,
      "content": "格里高尔十分明显地用不信任的目光盯着我……"
    },
    {
      "id": 78,
      "model": "그레고르",
      "title": "拉·曼却领 神父",
      "content": "有不懂的地方和难处的话请告诉我。"
    },
    {
      "id": 79,
      "content": "但他并没有反对由我来负责咨询。"
    },
    {
      "id": 80,
      "model": "옛산초",
      "title": "拉·曼却领 总督",
      "content": "……"
    },
    {
      "id": 81,
      "model": "그레고르",
      "title": "拉·曼却领 神父",
      "content": "……"
    },
    {
      "id": 82,
      "content": "经历了这般沉默，应该开口说点什么呢。"
    },
    {
      "id": 83,
      "content": "想来想去也没主意，正打算出去的那个瞬间，格里高尔抛来一句意味深长的话。"
    },
    {
      "id": 84,
      "model": "그레고르",
      "title": "拉·曼却领 神父",
      "content": "那个……话说回来。"
    },
    {
      "id": 85,
      "model": "그레고르",
      "title": "拉·曼却领 神父",
      "content": "父亲好像正准备着去冒险吧。"
    },
    {
      "id": 86,
      "model": "옛산초",
      "title": "拉·曼却领 总督",
      "content": "他的确说过要一个人出远门。看来那个人类又吹了不少耳边风啊。"
    },
    {
      "id": 87,
      "model": "그레고르",
      "title": "拉·曼却领 神父",
      "content": "听说是要去找传说中的头盔吧……真是让人期待啊。"
    },
    {
      "id": 88,
      "model": "옛산초",
      "title": "拉·曼却领 总督",
      "content": "……"
    },
    {
      "id": 89,
      "model": "옛산초",
      "title": "拉·曼却领 总督",
      "content": "你……知道什么吗？关于那场冒险。"
    },
    {
      "id": 90,
      "content": "神父的态度就像在掩饰什么一样。"
    },
    {
      "id": 91,
      "content": "我一边看着他因不安而颤动的双眼，一边进行追问。"
    },
    {
      "id": 92,
      "content": "虽然我与他并不亲密，但我认为我们之间的关系还是足以进行这种程度的提问的。"
    },
    {
      "id": 93,
      "model": "옛산초",
      "title": "拉·曼却领 总督",
      "content": "计划？"
    },
    {
      "id": 94,
      "model": "그레고르",
      "title": "拉·曼却领 神父",
      "content": "这计划是罗佳大人准备的。虽然我不知道是否应该把这件事告诉您。"
    },
    {
      "id": 95,
      "model": "그레고르",
      "title": "拉·曼却领 神父",
      "content": "但……现在的话告诉您应该也无妨了。"
    },
    {
      "id": 96,
      "content": "我怎敢想象。"
    },
    {
      "id": 97,
      "content": "这种无论听者是谁，都会对这骇人听闻的不孝之举摇头的计划，并非出自他人……"
    },
    {
      "id": 98,
      "model": "그레고르",
      "title": "拉·曼却领 神父",
      "content": "这是为了家人们的幸福而做出的决定。"
    },
    {
      "id": 99,
      "content": "而是从神父的口中听来。"
    },
    {
      "id": 100,
      "content": "自然，我的本能正咆哮着让我向父亲告知这一事实。"
    },
    {
      "id": 101,
      "model": "옛산초",
      "title": "拉·曼却领 总督",
      "content": "……"
    },
    {
      "id": 102,
      "content": "但在告解室中那令人陷入疯狂也不足为奇的景象，已然化作苦闷，撕咬着我的内心。"
    },
    {
      "id": 103,
      "content": "如果神父陷入疯狂，那么又会有别的血魔来背负家人们的不安。"
    },
    {
      "id": 104,
      "content": "然后那个血魔不久后也一定会疯掉吧。"
    },
    {
      "id": 105,
      "content": "如果家人们像这样一个接一个地……失去理性的话……"
    },
    {
      "id": 106,
      "content": "我仍要亲手将那些家人们埋葬，还必须得粉碎他们的头颅吗。"
    },
    {
      "id": 107,
      "content": "父亲……真的会希望未来如此残酷吗？"
    },
    {
      "id": 108,
      "content": "不，这不可能。"
    },
    {
      "id": 109,
      "content": "父亲变了。被那个狡猾骑士的花言巧语所诱骗，变成了现在的模样。"
    },
    {
      "id": 110,
      "content": "即使忍受着饥渴也一同追寻着梦的家人们已然崩毁……"
    },
    {
      "id": 111,
      "content": "仍旧一意孤行要前去冒险的父亲那不负责任的身形和话语，都证明了这一点。"
    },
    {
      "id": 112,
      "model": "옛산초",
      "title": "拉·曼却领 总督",
      "content": "不孝之举。此乃禁忌。"
    },
    {
      "id": 113,
      "model": "옛산초",
      "title": "拉·曼却领 总督",
      "content": "但是……我应该先跟她聊聊。"
    },
    {
      "id": 114,
      "model": "그레고르",
      "title": "拉·曼却领 神父",
      "content": "罗佳大人正在进行今日最后的游行。"
    },
    {
      "id": 115,
      "content": "我想好应该去哪里平息这场混乱了。"
    },
    {
      "id": 116,
      "content": "那是我唯一的姐妹所在的游行区域。"
    },
    {
      "id": 117,
      "model": "로쟈",
      "title": "拉·曼却领 公主",
      "content": "你的那双眼睛……是全都知道了之后才过来的吧。"
    },
    {
      "id": 118,
      "model": "로쟈",
      "title": "拉·曼却领 公主",
      "content": "告诉你的人……大概是神父吧。"
    },
    {
      "id": 119,
      "content": "华丽的游行。"
    },
    {
      "id": 120,
      "content": "下面有数不清的人们一边欢笑着，一边拍着手。"
    },
    {
      "id": 121,
      "content": "那些曾经无比惧怕我们的双眼，已经不复存在了。"
    },
    {
      "id": 122,
      "content": "只剩下些天真的亲切了。"
    },
    {
      "id": 123,
      "content": "就连那些想着能多杀我们一个是一个的猎人，现在也对我们视而不见了。"
    },
    {
      "id": 124,
      "content": "我甚至在想，仿佛只要牺牲我们，就能换来这幸福的景象永远持续下去。"
    },
    {
      "id": 125,
      "content": "对，只要牺牲我们就可以实现的幸福。"
    },
    {
      "id": 126,
      "model": "옛산초",
      "title": "拉·曼却领 总督",
      "content": "我认同了……父亲那幼稚的梦。"
    },
    {
      "id": 127,
      "model": "로쟈",
      "title": "拉·曼却领 公主",
      "content": "就是对我们来说只是噩梦的，那个梦吧。"
    },
    {
      "id": 128,
      "model": "옛산초",
      "title": "拉·曼却领 总督",
      "content": "……"
    },
    {
      "id": 129,
      "model": "로쟈",
      "title": "拉·曼却领 公主",
      "content": "哈啊……是啊，怀抱着期待的我才是错的。无论什么时候，只要是父亲说的话，你就会……"
    },
    {
      "id": 130,
      "model": "옛산초",
      "title": "拉·曼却领 总督",
      "content": "放手做吧。"
    },
    {
      "id": 131,
      "content": "不存在我，不存在我们的幸福有什么意义呢。"
    },
    {
      "id": 132,
      "content": "我想我现在知道答案了。"
    },
    {
      "id": 133,
      "content": "父亲所期望的理想中的幸福，对我们来说毫无意义。"
    },
    {
      "id": 134,
      "content": "站在疯掉的家人们的尸体上眺望人类的幸福，到底有什么荣光可言。"
    },
    {
      "id": 135,
      "model": "로쟈",
      "title": "拉·曼却领 公主",
      "content": "欸？"
    },
    {
      "id": 136,
      "model": "옛산초",
      "title": "拉·曼却领 总督",
      "content": "我说，继续这个计划。"
    },
    {
      "id": 137,
      "content": "在我说完这句饱含确信的话后，姐妹那双疲惫不堪、仿佛早已死去的眼睛闪过一丝奇异的光彩。"
    },
    {
      "id": 138,
      "model": "로쟈",
      "title": "拉·曼却领 公主",
      "content": "……这是不孝之举吧。住手……我以为这更像你会说的话。"
    },
    {
      "id": 139,
      "model": "옛산초",
      "title": "拉·曼却领 总督",
      "content": "是父亲先抛弃我们的。"
    },
    {
      "id": 140,
      "model": "옛산초",
      "title": "拉·曼却领 总督",
      "content": "还有，那个计划……"
    },
    {
      "id": 141,
      "model": "옛산초",
      "title": "拉·曼却领 总督",
      "content": "父亲沉浸在妄想里时，照顾家人们的你提出的那个计划。"
    },
    {
      "id": 142,
      "model": "로쟈",
      "title": "拉·曼却领 公主",
      "content": "……"
    },
    {
      "id": 143,
      "model": "옛산초",
      "title": "拉·曼却领 总督",
      "content": "我暂时来管理家人，你就去专心推进那个计划吧。"
    },
    {
      "id": 144,
      "model": "로쟈",
      "title": "拉·曼却领 公主",
      "content": "我还以为……你对眼前发生的变故一点兴趣都没有呢。"
    },
    {
      "id": 145,
      "model": "로쟈",
      "title": "拉·曼却领 公主",
      "content": "这次我有点……喜欢你了。"
    },
    {
      "id": 146,
      "model": "로쟈",
      "title": "拉·曼却领 公主",
      "content": "计划你去问问理发师吧。细节上的东西，全都是那孩子考虑的。"
    },
    {
      "id": 147,
      "model": "로쟈",
      "title": "拉·曼却领 公主",
      "content": "不，还是我们一起去比较好吧。比你们两个人说话要……至少你会轻松点吧？"
    },
    {
      "id": 148,
      "model": "옛산초",
      "title": "拉·曼却领 总督",
      "content": "……是吧。"
    },
    {
      "id": 149,
      "model": "로쟈",
      "title": "拉·曼却领 公主",
      "content": "桑丘也加入我们的计划了。"
    },
    {
      "id": 150,
      "model": "오티스",
      "title": "拉·曼却领 理发师",
      "content": "桑丘大人也……吗？"
    },
    {
      "id": 151,
      "model": "오티스",
      "title": "拉·曼却领 理发师",
      "content": "嗯。太好了。这样计划就更加完美了。"
    },
    {
      "id": 152,
      "model": "오티스",
      "title": "拉·曼却领 理发师",
      "content": "我没预料到您也会赞成计划……"
    },
    {
      "id": 153,
      "model": "로쟈",
      "title": "拉·曼却领 公主",
      "content": "虽然假装对我们没什么兴趣……嘛，但是实际上还是在相当仔细地注视着家人们呢。"
    },
    {
      "id": 154,
      "model": "오티스",
      "title": "拉·曼却领 理发师",
      "content": "您看似对我做的完美的裙子没表示一点兴趣，但实际上有可能仔细地观察过对吧。"
    },
    {
      "id": 155,
      "model": "옛산초",
      "title": "拉·曼却领 总督",
      "content": "那是……"
    },
    {
      "id": 156,
      "model": "오티스",
      "title": "拉·曼却领 理发师",
      "content": "……开玩笑的。您自从来了这里就没说过一句话，所以我试着打趣了一下，请别太在意。"
    },
    {
      "id": 157,
      "model": "옛산초",
      "title": "拉·曼却领 总督",
      "content": "你做的衣服……我下次会试穿一下的，先告诉我关于那个计划的细节吧。"
    },
    {
      "id": 158,
      "model": "오티스",
      "title": "拉·曼却领 理发师",
      "content": "……"
    },
    {
      "id": 159,
      "model": "오티스",
      "title": "拉·曼却领 理发师",
      "content": "我们打算给父亲戴上曼布里诺头盔。"
    },
    {
      "id": 160,
      "model": "로쟈",
      "title": "拉·曼却领 公主",
      "content": "这是从那个……每次都能狠狠赚父亲一笔的遗物商人那里听来的情报。"
    },
    {
      "id": 161,
      "model": "오티스",
      "title": "拉·曼却领 理发师",
      "content": "可以把戴上头盔的人，看作是和自己地位平等的人的遗物。"
    },
    {
      "id": 162,
      "model": "옛산초",
      "title": "拉·曼却领 总督",
      "content": "可以看作是平等的人的意思就是……能够把不能伤害上位眷属的禁忌……把那种抵触感……消除掉吗？"
    },
    {
      "id": 163,
      "model": "오티스",
      "title": "拉·曼却领 理发师",
      "content": "就是那样。戴上头盔的人在我看来就是三代眷属的血魔，在桑丘大人和罗佳大人看来就是二代眷属的血魔。"
    },
    {
      "id": 164,
      "model": "로쟈",
      "title": "拉·曼却领 公主",
      "content": "在人类之间好像也会产生类似的现象。在王看来戴头盔的人就是王，在骑士看来戴头盔的人就是骑士。"
    },
    {
      "id": 165,
      "content": "计划比我想象得缜密，但是还称不上完美。"
    },
    {
      "id": 166,
      "content": "即使制作了驽骍难得，父亲的力量依旧强大。"
    },
    {
      "id": 167,
      "content": "就算戴上面具，只要知道那是父亲，就一定会有家人犹豫不决。"
    },
    {
      "id": 168,
      "model": "옛산초",
      "title": "拉·曼却领 总督",
      "content": "但是……"
    },
    {
      "id": 169,
      "model": "로쟈",
      "title": "拉·曼却领 公主",
      "content": "嗯。但这是我们最好的办法了。"
    },
    {
      "id": 170,
      "content": "为了让我们能从这个没有尽头的噩梦中逃离……"
    },
    {
      "id": 171,
      "content": "让奔跑在最前方的父亲从他的梦中醒来，就是唯一的办法了吧。"
    },
    {
      "id": 172,
      "model": "옛산초",
      "title": "拉·曼却领 总督",
      "content": "……所以我们也抛弃了他。"
    },
    {
      "id": 173,
      "model": "옛산초",
      "title": "拉·曼却领 总督",
      "content": "因为不管在看得到的地方，还是看不到的地方，所有的家人们都被本能折磨得痛苦不堪。"
    },
    {
      "id": 174,
      "model": "옛산초",
      "title": "拉·曼却领 总督",
      "content": "就像你抛下了我们的幸福一样，我们也丢弃了你的理想。"
    },
    {
      "id": 175,
      "model": "옛산초",
      "title": "拉·曼却领 总督",
      "content": "去渴求鲜血，屠戮人类吧！"
    },
    {
      "id": 176,
      "model": "옛산초",
      "title": "拉·曼却领 总督",
      "content": "……我会把那个让你堕落至此的不洁的骑士一点点撕碎。"
    },
    {
      "id": 177,
      "content": "到最后也没法舍弃对你的梦的留恋吗。"
    },
    {
      "id": 178,
      "content": "或者，是因憎恨我们打破了共存所以想惩罚我们吗。"
    },
    {
      "id": 179,
      "content": "抛弃家人带来的的负罪感都让你低下头了，你却像那梦还未终结一般。"
    },
    {
      "id": 180,
      "content": "把垂下去的手臂向我们伸了过来。"
    },
    {
      "id": 181,
      "model": "옛산초",
      "title": "拉·曼却领 总督",
      "content": "……"
    },
    {
      "id": 182,
      "content": "不安的情绪涌上了心头。"
    },
    {
      "id": 183,
      "content": "虽然做足了准备，但如果父亲真的打算杀掉家人们的话……"
    },
    {
      "id": 184,
      "content": "就算我们拼上性命，两败俱伤也应该是极限了。"
    },
    {
      "id": 185,
      "content": "但是为什么呢。"
    },
    {
      "id": 186,
      "content": "我从你那只微微颤抖的手中看到了无法掩饰的犹豫……"
    },
    {
      "id": 187,
      "content": "因为太过不安，我急忙阻止了开始制作武器的家人们。"
    },
    {
      "id": 188,
      "model": "옛산초",
      "title": "拉·曼却领 总督",
      "content": "他没有战斗的打算。这是在……"
    },
    {
      "id": 189,
      "content": "随着父亲的手做出动作，空中突然探出一片巨大的阴影。"
    },
    {
      "id": 190,
      "content": "拉·曼却领正在缓缓关闭。"
    },
    {
      "id": 191,
      "model": "오티스",
      "title": "拉·曼却领 理发师",
      "content": "父、父亲是想要关闭拉·曼却领吗？为了把我们关在这？"
    },
    {
      "id": 192,
      "model": "그레고르",
      "title": "拉·曼却领 神父",
      "content": "这是我们应得的惩罚。"
    },
    {
      "id": 193,
      "model": "로쟈",
      "title": "拉·曼却领 公主",
      "content": "……大家先冷静。会没事的。我有这种感觉。"
    },
    {
      "id": 194,
      "content": "被不安的家人们和投来奇怪视线的姐妹看着，我更进一步地刺入了长枪。"
    },
    {
      "id": 195,
      "content": "这些人，还有我确实犯下了不孝之罪。"
    },
    {
      "id": 196,
      "content": "但是……要把家人们关进这拉·曼却领里再一次开始受苦的话……"
    },
    {
      "id": 197,
      "model": "옛산초",
      "title": "拉·曼却领 总督",
      "content": "请停手吧。"
    },
    {
      "id": 198,
      "model": "옛산초",
      "title": "拉·曼却领 总督",
      "content": "如果就像我们深爱着您一般，您也还爱着我们的话……"
    },
    {
      "id": 199,
      "model": "옛산초",
      "title": "拉·曼却领 总督",
      "content": "那就请什么也不要做。"
    },
    {
      "id": 200,
      "model": "옛산초",
      "title": "拉·曼却领 总督",
      "content": "这是作为父亲，您最后应尽的义务。"
    },
    {
      "id": 201,
      "content": "投下的阴影似乎因犹豫而淡去了。"
    },
    {
      "id": 202,
      "content": "仿佛在传达对我们的爱没有改变一般。"
    },
    {
      "id": 203,
      "content": "父亲试图伸向我们的手，也渐渐垂了下去。"
    },
    {
      "id": 204,
      "content": "我瞥见了家人们哭泣的模样。"
    },
    {
      "id": 205,
      "content": "既出于计划成功的安心，也出于不知如何度过失去父亲的人生的不安。"
    },
    {
      "id": 206,
      "content": "是啊。从今往后必须有人来引导这些人。"
    },
    {
      "id": 207,
      "content": "由血脉中诞生的沉重且不断膨胀的义务正强迫着我。"
    },
    {
      "id": 208,
      "model": "옛산초",
      "title": "拉·曼却领 总督",
      "content": "如果有谁过问父亲的消息。"
    },
    {
      "id": 209,
      "model": "옛산초",
      "title": "拉·曼却领 总督",
      "content": "就告诉他们父亲背弃家人追逐幻想，最终狼狈地摔落马背。"
    },
    {
      "id": 210,
      "model": "옛산초",
      "title": "拉·曼却领 总督",
      "content": "如果有谁过问你们之后将怎样活下去。"
    },
    {
      "id": 211,
      "model": "옛산초",
      "title": "拉·曼却领 总督",
      "content": "就堂堂正正地告诉他们，自己会像一个血魔般活下去。"
    },
    {
      "id": 212,
      "model": "옛산초",
      "title": "拉·曼却领 总督",
      "content": "然后……"
    },
    {
      "id": 213,
      "model": "옛산초",
      "title": "拉·曼却领 总督",
      "content": "残存的责任与罪恶感，全都由我来背负。"
    },
    {
      "id": 214,
      "model": "옛산초",
      "title": "拉·曼却领 总督",
      "content": "你们就……取回失去的幸福吧。"
    },
    {
      "id": 215,
      "content": "赤红的雨从天而降。"
    },
    {
      "id": 216,
      "content": "父亲的呼吸停止了，鲜红的雨滴无尽地倾泻而下。"
    },
    {
      "id": 217,
      "model": "옛산초",
      "title": "拉·曼却领 总督",
      "content": "……梦终于结束了。"
    },
    {
      "id": 218,
      "content": "拉·曼却领正在崩毁。"
    },
    {
      "id": 219,
      "model": "옛산초",
      "title": "拉·曼却领 总督",
      "content": "大家的，你的，还有我的……"
    },
    {
      "id": 220,
      "content": "毁坏的一切都化作赤红的雨水，整夜连绵……"
    },
    {
      "id": 221,
      "content": "此后鲜血泛滥，来不及渗入土地便流淌而下。"
    }
  ]
}