{
  "dataList": [
    {
      "id": 0,
      "content": "第十五天！"
    },
    {
      "id": 1,
      "content": "真是何等忙碌的一天啊！"
    },
    {
      "id": 2,
      "content": "虽然被分配到培训部以来只过了四天，吾的日程表已经被填满了。"
    },
    {
      "id": 3,
      "content": "虽然每天总会有一两名新人加入我们部门，但由于第二天就见不到他们了……似乎也没有闲暇去记住他们的脸。"
    },
    {
      "id": 4,
      "content": "不过~部门之间人员的派遣和交换也是常有的事，新人们一定是被分配到了更适合他们的岗位上了吧！"
    },
    {
      "id": 5,
      "content": "吾，今天也对O-04-84……不、不对。对小提灯进行工作。"
    },
    {
      "id": 6,
      "content": "啊，准确地来说，小提灯又跑到走廊的某处去开花了！"
    },
    {
      "id": 7,
      "content": "吾，为了把小提灯再次带回收容单元，有必要进行工作。"
    },
    {
      "id": 8,
      "content": "吾多次警告它不要一声不吭就开始玩捉迷藏……但它就是不听吾的话。"
    },
    {
      "id": 9,
      "content": "与其他异想体不同，小提灯即使出逃也没有特殊警报。"
    },
    {
      "id": 10,
      "content": "吾注意到它出逃……是作为小提灯专属职员的吾，在确认到收容单元正空着的同时，突然有区域的职员失踪报告增加了的时候。"
    },
    {
      "id": 11,
      "content": "吾注意到这点并迅速赶往可疑区域后……小提灯一定藏在这里。"
    },
    {
      "id": 12,
      "content": "它肯定随便选了一个收容单元的门口，正开着花，一口把一无所知的新人员工当作肥料吞下……吾无法放任此等恶行发生！"
    },
    {
      "id": 13,
      "content": "无可奈何下，吾只能用几记脑瓜崩教训一下这位朋友……然后把它送回了收容单元。"
    },
    {
      "id": 14,
      "content": "然后……吾完成了预定的工作。"
    },
    {
      "id": 15,
      "content": "原本的计划的清洁工作和收容单元内的光照强度调整也已经完成了……但果然还是应该为今天出逃这件事严厉地斥责小提灯！"
    },
    {
      "id": 16,
      "content": "啊……但是。"
    },
    {
      "id": 17,
      "content": "请想想看吧！怎么能随意叱责那个蓬蓬软软的孩子呢？"
    },
    {
      "id": 18,
      "content": "竟然只用稍微用力一点的抚摸那些毛来代替训诫……吾也考虑过吾的内心是不是也太软弱了。"
    },
    {
      "id": 19,
      "content": "无所谓了……当吾从收容单元出来，目视着PE-BOX被传送时……"
    },
    {
      "id": 20,
      "content": "差不多是时候了吧，出现考验的警报响彻了整个公司！"
    },
    {
      "id": 21,
      "content": "奥提斯女士……不，奥提斯队长还在收容单元中工作。所以不能参加考验的应对。初期应对好像是失败了，然后又有几个收容单元被损坏了。"
    },
    {
      "id": 22,
      "content": "跑到走廊中的朋友里……啊啊，也有吾之前负责过的旧友，宇宙小孩！"
    },
    {
      "id": 23,
      "content": "它给了吾如此可爱的爱心型徽章当礼物，我却不得不用脑瓜崩教训它，稍稍有些心痛。"
    },
    {
      "id": 24,
      "content": "但是……工作就是工作！公司正是信任着吾才把工作交给吾的！"
    },
    {
      "id": 25,
      "content": "若这是吾所被分配的工作，那吾定将以欢愉迎之！"
    },
    {
      "id": 26,
      "content": "而吾也必将如此。"
    },
    {
      "id": 27,
      "content": "今天的日记，到此为止！"
    }
  ]
}