{
  "dataList": [
    {
      "id": 0,
      "model": "돈키호테",
      "teller": "堂吉诃德",
      "title": "Cinq协会 5科 科长",
      "content": "好！这边请！"
    },
    {
      "id": 1,
      "content": "孩子带着兴奋的表情奔走在小巷中。在她身后跟着的是一位拿着小小记事本的人。"
    },
    {
      "id": 2,
      "model": "인터뷰어",
      "teller": "记者",
      "title": "？？？",
      "content": "请、请等一下……本次采访的目的，是了解Cinq协会的工作内容才对吧？"
    },
    {
      "id": 3,
      "model": "돈키호테",
      "teller": "堂吉诃德",
      "title": "Cinq协会 5科 科长",
      "content": "汝不是正在了解吗！现在！"
    },
    {
      "id": 4,
      "model": "인터뷰어",
      "teller": "记者",
      "title": "？？？",
      "content": "不，到现在为止我们只是在小巷里散步而已……"
    },
    {
      "id": 5,
      "content": "记者揉搓着记事本，表情渐渐变得越来越失望。"
    },
    {
      "id": 6,
      "content": "得到这次采访机会时，她本还期望着能够了解到仍然不为人知的Cinq协会工作环境，但是……"
    },
    {
      "id": 7,
      "content": "见面之后，她却被科长带着在小巷里乱逛了半个小时。"
    },
    {
      "id": 8,
      "model": "돈키호테",
      "teller": "堂吉诃德",
      "title": "Cinq协会 5科 科长",
      "content": "啧啧……汝，还真是丝毫未曾理解啊！"
    },
    {
      "id": 9,
      "content": "那孩子并不在意，边摇晃着食指边笑了起来。"
    },
    {
      "id": 10,
      "model": "돈키호테",
      "teller": "堂吉诃德",
      "title": "Cinq协会 5科 科长",
      "content": "请听题！汝觉得何为Cinq协会的主要职责？"
    },
    {
      "id": 11,
      "teller": "记者",
      "title": "？？？",
      "content": "呃……Cinq协会是决斗协会，对吧。"
    },
    {
      "id": 12,
      "teller": "记者",
      "title": "？？？",
      "content": "作为委托人的决斗代理而战……嘛，大概就是做这类事情吧？"
    },
    {
      "id": 13,
      "model": "돈키호테",
      "teller": "堂吉诃德",
      "title": "Cinq协会 5科 科长",
      "content": "哈哈，果真！汝确实丝毫未曾理解！"
    },
    {
      "id": 14,
      "teller": "记者",
      "title": "？？？",
      "content": "……你该不会是想说，你们的职责是找出恶人，然后以正义之名向其申请决斗吧？"
    },
    {
      "id": 15,
      "teller": "记者",
      "title": "？？？",
      "content": "你们又不是什么正义使者……虽然有消息说科长小姐抱有这类幻想，但我之前压根不信。"
    },
    {
      "id": 16,
      "teller": "记者",
      "title": "？？？",
      "content": "怀有那种幼稚想法的话，你是不可能一路升到科长的位置上去的，不是吗？"
    },
    {
      "id": 17,
      "model": "돈키호테",
      "teller": "堂吉诃德",
      "title": "Cinq协会 5科 科长",
      "content": "咳咳！呜……"
    },
    {
      "id": 18,
      "content": "虽然好像被戳到了痛处，但孩子还是自信地做出了回答。"
    },
    {
      "id": 19,
      "model": "돈키호테",
      "teller": "堂吉诃德",
      "title": "Cinq协会 5科 科长",
      "content": "自然……不会是那样。应该说是更加务实的理由会比较正确吧？"
    },
    {
      "id": 20,
      "content": "正当两人走出小巷时……"
    },
    {
      "id": 21,
      "content": "映入眼帘的是喧闹着的人群，以及其中央似乎马上就要发生争斗的两个人。"
    },
    {
      "id": 22,
      "teller": "记者",
      "title": "？？？",
      "content": "什么……？是有委托了吗？"
    },
    {
      "id": 23,
      "model": "돈키호테",
      "teller": "堂吉诃德",
      "title": "Cinq协会 5科 科长",
      "content": "非也！委托早已被吾转交至协会中的其他成员。"
    },
    {
      "id": 24,
      "teller": "记者",
      "title": "？？？",
      "content": "也就是说……"
    },
    {
      "id": 25,
      "model": "돈키호테",
      "teller": "堂吉诃德",
      "title": "Cinq协会 5科 科长",
      "content": "汝明白了吗？在这种小巷中，发生如吾等面前这般争斗的情况太过常见了。"
    },
    {
      "id": 26,
      "model": "돈키호테",
      "teller": "堂吉诃德",
      "title": "Cinq协会 5科 科长",
      "content": "正因如此~"
    },
    {
      "id": 27,
      "teller": "围观打架的人",
      "title": "？？？",
      "content": "是、是Cinq协会！"
    },
    {
      "id": 28,
      "teller": "受欺负的市民",
      "title": "？？？",
      "content": "来、来得正好！请来这里！我委托你作为我的决斗代理！"
    },
    {
      "id": 29,
      "teller": "兴奋的市民",
      "title": "？？？",
      "content": "什、什么？你这臭小子……我、我也要委托！"
    },
    {
      "id": 30,
      "model": "돈키호테",
      "teller": "堂吉诃德",
      "title": "Cinq协会 5科 科长",
      "content": "来来~汝等先冷静一下！现在，同吾详细讲述一番，此处现在是何种状况？"
    },
    {
      "id": 31,
      "content": "听罢这两人的话语，孩子摘下了她的一只手套……"
    },
    {
      "id": 32,
      "model": "돈키호테",
      "teller": "堂吉诃德",
      "title": "Cinq协会 5科 科长",
      "content": "咳嗯。那么，吾已经决定代理谁的委托了！"
    },
    {
      "id": 33,
      "content": "然后，她猛地将手套丢向了站在她对面的人。"
    },
    {
      "id": 34,
      "model": "돈키호테",
      "teller": "堂吉诃德",
      "title": "Cinq协会 5科 科长",
      "content": "正式的决斗委托有着需要遵守的程序和礼仪！"
    },
    {
      "id": 35,
      "model": "돈키호테",
      "teller": "堂吉诃德",
      "title": "Cinq协会 5科 科长",
      "content": "汝这无赖，只会无端地提高着嗓门，毫不关心决斗应有的规则和礼仪，真是令吾无法原谅！"
    },
    {
      "id": 36,
      "teller": "兴奋的市民",
      "title": "？？？",
      "content": "咳……你这……混蛋……"
    },
    {
      "id": 37,
      "model": "돈키호테",
      "teller": "堂吉诃德",
      "title": "Cinq协会 5科 科长",
      "content": "真是的。明明是崇高的决斗申请，为何总是如此愤怒地接受呢。"
    },
    {
      "id": 38,
      "model": "돈키호테",
      "teller": "堂吉诃德",
      "title": "Cinq协会 5科 科长",
      "content": "啊，记者女士！现在请站远些！"
    },
    {
      "id": 39,
      "content": "孩子从腰间拔出剑，摆好架势。"
    },
    {
      "id": 40,
      "model": "돈키호테",
      "teller": "堂吉诃德",
      "title": "Cinq协会 5科 科长",
      "content": "Allez！（来吧！)"
    },
    {
      "id": 41,
      "content": "很快，决斗就以被手套扔中者的败北而结束。"
    },
    {
      "id": 42,
      "teller": "记者",
      "title": "？？？",
      "content": "好厉害……一瞬间就！"
    },
    {
      "id": 43,
      "model": "돈키호테",
      "teller": "堂吉诃德",
      "title": "Cinq协会 5科 科长",
      "content": "这并非值得惊讶的实力。啊，请将委托费支付到这个地址。"
    },
    {
      "id": 44,
      "content": "孩子递给频频鞠躬的委托人一张名片，然后回到了记者的身边。"
    },
    {
      "id": 45,
      "model": "돈키호테",
      "teller": "堂吉诃德",
      "title": "Cinq协会 5科 科长",
      "content": "正义使者……虽然在都市里，这可能会被认为是幼稚的表现。"
    },
    {
      "id": 46,
      "model": "돈키호테",
      "teller": "堂吉诃德",
      "title": "Cinq协会 5科 科长",
      "content": "但如果以“业务”这种方式来践行它的话，就能够成为被认可的实绩。"
    },
    {
      "id": 47,
      "model": "돈키호테",
      "teller": "堂吉诃德",
      "title": "Cinq协会 5科 科长",
      "content": "这是我自己的妥协。如何，你仍认为我幼稚吗？"
    },
    {
      "id": 48,
      "content": "爽朗的笑容出现在她的脸上。"
    }
  ]
}