{
  "dataList": [
    {
      "id": 0,
      "model": "돈키호테",
      "title": "W公司 清扫人员",
      "content": "前辈！吾有疑问！"
    },
    {
      "id": 1,
      "model": "파우스트",
      "title": "W公司 清扫人员",
      "content": "请说。"
    },
    {
      "id": 2,
      "model": "돈키호테",
      "title": "W公司 清扫人员",
      "content": "听说WARP列车在高速行驶时为了预防冲突事故，会加速通过郊区再返回，此话当真？"
    },
    {
      "id": 3,
      "model": "파우스트",
      "title": "W公司 清扫人员",
      "content": "不是。"
    },
    {
      "id": 4,
      "model": "돈키호테",
      "title": "W公司 清扫人员",
      "content": "这、这样啊……那么！据说会从存在于17次元弯曲空间的“真空酒窖”为头等舱的乘客们提供餐前酒，此事属实？！"
    },
    {
      "id": 5,
      "model": "파우스트",
      "title": "W公司 清扫人员",
      "content": "不是。"
    },
    {
      "id": 6,
      "model": "돈키호테",
      "title": "W公司 清扫人员",
      "content": "咳……当、当然吾也如此认为！那么，吾等清扫人员是……"
    },
    {
      "id": 7,
      "model": "파우스트",
      "title": "W公司 清扫人员",
      "content": "后辈小姑娘，你是叫堂吉诃德对吧？"
    },
    {
      "id": 8,
      "model": "돈키호테",
      "title": "W公司 清扫人员",
      "content": "正是在下！"
    },
    {
      "id": 9,
      "model": "파우스트",
      "title": "W公司 清扫人员",
      "content": "……总之请先坐下。反正不用多久，你就能直接看见列车了。"
    },
    {
      "id": 10,
      "model": "돈키호테",
      "title": "W公司 清扫人员",
      "content": "哇吼！！！！！！那、那吾就乖乖待着！"
    },
    {
      "id": 11,
      "content": "但是那孩子尚未得知。"
    },
    {
      "id": 12,
      "content": "为何前辈要在那时制止她继续说下去。"
    },
    {
      "id": 13,
      "content": "为何她的回答会那样简洁明了。"
    },
    {
      "id": 14,
      "content": "即使如此，那孩子不久后还是得知了真相。"
    },
    {
      "id": 15,
      "model": "파우스트",
      "title": "W公司 清扫人员",
      "content": "……堂吉诃德小姐，不论怎样抱有幻想都是你的自由。"
    },
    {
      "id": 16,
      "model": "돈키호테",
      "title": "W公司 清扫人员",
      "content": "这、这是……"
    },
    {
      "id": 17,
      "model": "파우스트",
      "title": "W公司 清扫人员",
      "content": "但也请你要明白现实和幻想也会存在差异。"
    },
    {
      "id": 18,
      "content": "向即将到站的列车门内看去后，那孩子惨白的脸上带着困惑与厌恶混杂的表情，当场瘫坐下来。"
    },
    {
      "id": 19,
      "content": "嗯，任谁来都会这样吧。"
    },
    {
      "id": 20,
      "content": "如果知道了那辆列车……真正的样貌的话。"
    }
  ]
}