{
  "dataList": [
    {
      "id": 0,
      "model": "오티스",
      "teller": "奥提斯",
      "title": "剑契组 杀手",
      "content": "停下，停下！"
    },
    {
      "id": 1,
      "content": "正当孩子握着酒瓶要喝下去的时候，坐在她对面的人大声呵斥道，一副愤怒的样子。"
    },
    {
      "id": 2,
      "model": "돈키호테",
      "teller": "堂吉诃德",
      "title": "剑契组 杀手",
      "content": "怎、怎么了！突然大声喊……"
    },
    {
      "id": 3,
      "model": "오티스",
      "teller": "奥提斯",
      "title": "剑契组 杀手",
      "content": "我们不是平民，堂吉诃德。你刚刚，难道是打算用瓶饮酒吗？"
    },
    {
      "id": 4,
      "model": "돈키호테",
      "teller": "堂吉诃德",
      "title": "剑契组 杀手",
      "content": "用……瓶？"
    },
    {
      "id": 5,
      "content": "坐在她对面的孩子似乎感到很烦恼，重重地叹了口气，而后紧紧地闭上了眼睛。"
    },
    {
      "id": 6,
      "content": "虽然现在是流浪剑契组的一员，但如果有天能洗刷那些污名，一起重返S公司的话，就会去担任高官的任务了吧……"
    },
    {
      "id": 7,
      "content": "到了那个时候，如果有一起用餐的情况，这个孩子的做法只会导向充满麻烦的未来，诸如此类的想法逐渐开始在她的脑海中盘旋。"
    },
    {
      "id": 8,
      "model": "오티스",
      "teller": "奥提斯",
      "title": "剑契组 杀手",
      "content": "酒是要倒进杯子里喝的……"
    },
    {
      "id": 9,
      "model": "오티스",
      "teller": "奥提斯",
      "title": "剑契组 杀手",
      "content": "将杯子喝干，然后再倒满饮用。这是基本中的基本。"
    },
    {
      "id": 10,
      "model": "돈키호테",
      "teller": "堂吉诃德",
      "title": "剑契组 杀手",
      "content": "……为什么？"
    },
    {
      "id": 11,
      "content": "孩子用一种纯粹而困惑的眼神望了回来。"
    },
    {
      "id": 12,
      "model": "돈키호테",
      "teller": "堂吉诃德",
      "title": "剑契组 杀手",
      "content": "倒进这么小的杯子里再喝，不是平白增加麻烦吗？"
    },
    {
      "id": 13,
      "model": "오티스",
      "teller": "奥提斯",
      "title": "剑契组 杀手",
      "content": "……这是为了节制饮酒。因为喝醉了可能会失态，所以才要用酒杯一点点地喝……"
    },
    {
      "id": 14,
      "model": "돈키호테",
      "teller": "堂吉诃德",
      "title": "剑契组 杀手",
      "content": "唔呃！咳咳咳！"
    },
    {
      "id": 15,
      "content": "不管坐在对面的孩子说些什么，不说什么。"
    },
    {
      "id": 16,
      "content": "孩子仍旧对着瓶口，大口大口的喝着酒……"
    },
    {
      "id": 17,
      "content": "可能是因为不是期待中的味道和香气，抑或是感到酒劲太烈了。"
    },
    {
      "id": 18,
      "content": "……她将酒直直地喷向了对面。"
    },
    {
      "id": 19,
      "model": "오티스",
      "teller": "奥提斯",
      "title": "剑契组 杀手",
      "content": "……"
    },
    {
      "id": 20,
      "content": "自不必说，那个一直在说教的孩子已经全身湿透了。"
    },
    {
      "id": 21,
      "model": "돈키호테",
      "teller": "堂吉诃德",
      "title": "剑契组 杀手",
      "content": "不、不不……吾不是故意的！"
    },
    {
      "id": 22,
      "model": "돈키호테",
      "teller": "堂吉诃德",
      "title": "剑契组 杀手",
      "content": "只是味道和我想象的不一样……"
    },
    {
      "id": 23,
      "model": "오티스",
      "teller": "奥提斯",
      "title": "剑契组 杀手",
      "content": "……"
    },
    {
      "id": 24,
      "model": "돈키호테",
      "teller": "堂吉诃德",
      "title": "剑契组 杀手",
      "content": "不、不是说它是用米酿造的吗？我就自然以为它和甜酒或甘酒没什么两样……"
    },
    {
      "id": 25,
      "model": "오티스",
      "teller": "奥提斯",
      "title": "剑契组 杀手",
      "content": "我刚才，说过吧。"
    },
    {
      "id": 26,
      "model": "돈키호테",
      "teller": "堂吉诃德",
      "title": "剑契组 杀手",
      "content": "噫！"
    },
    {
      "id": 27,
      "model": "오티스",
      "teller": "奥提斯",
      "title": "剑契组 杀手",
      "content": "要倒进酒杯里，一点点的喝。"
    },
    {
      "id": 28,
      "model": "오티스",
      "teller": "奥提斯",
      "title": "剑契组 杀手",
      "content": "如果你听了我的话，就不会发生这种事了。"
    },
    {
      "id": 29,
      "model": "돈키호테",
      "teller": "堂吉诃德",
      "title": "剑契组 杀手",
      "content": "不、不是……"
    },
    {
      "id": 30,
      "model": "오티스",
      "teller": "奥提斯",
      "title": "剑契组 杀手",
      "content": "放尊重点！现在是我在教导你！"
    },
    {
      "id": 31,
      "model": "돈키호테",
      "teller": "堂吉诃德",
      "title": "剑契组 杀手",
      "content": "是、是！"
    },
    {
      "id": 32,
      "model": "오티스",
      "teller": "奥提斯",
      "title": "剑契组 杀手",
      "content": "首先，你握筷子的方式就错了！"
    },
    {
      "id": 33,
      "model": "돈키호테",
      "teller": "堂吉诃德",
      "title": "剑契组 杀手",
      "content": "这、这是为了拿酒瓶暂时换了一下握法，"
    },
    {
      "id": 34,
      "model": "오티스",
      "teller": "奥提斯",
      "title": "剑契组 杀手",
      "content": "筷子！是！这样拿的！不是你那样乱七八糟的方式……"
    },
    {
      "id": 35,
      "content": "……对面的孩子展开的说教就这样没完没了地继续下去了。"
    },
    {
      "id": 36,
      "content": "虽然感觉有一半是她为了发泄怒气而说的……"
    },
    {
      "id": 37,
      "content": "但既然是孩子不听教导造成了这个局面，那么承担后果也是理所当然的，对吧？"
    },
    {
      "id": 38,
      "model": "오티스",
      "teller": "奥提斯",
      "title": "剑契组 杀手",
      "content": "……就这样吧。"
    },
    {
      "id": 39,
      "model": "돈키호테",
      "teller": "堂吉诃德",
      "title": "剑契组 杀手",
      "content": "呜……"
    },
    {
      "id": 40,
      "model": "오티스",
      "teller": "奥提斯",
      "title": "剑契组 杀手",
      "content": "侦察进展顺利吗？我已经等了好几天，就为了听你的消息。"
    },
    {
      "id": 41,
      "model": "돈키호테",
      "teller": "堂吉诃德",
      "title": "剑契组 杀手",
      "content": "咳嗯。吾在附近的后巷里漫步时，找到了大约五个不错的地方。"
    },
    {
      "id": 42,
      "model": "오티스",
      "teller": "奥提斯",
      "title": "剑契组 杀手",
      "content": "唔。这是个好消息。然而，比起这个，黑云会那边……"
    },
    {
      "id": 43,
      "model": "돈키호테",
      "teller": "堂吉诃德",
      "title": "剑契组 杀手",
      "content": "咳嗯！不要担心！吾已然细细侦查了黑云会的聚餐场所。"
    },
    {
      "id": 44,
      "model": "돈키호테",
      "teller": "堂吉诃德",
      "title": "剑契组 杀手",
      "content": "……你说在两天后，对吧。"
    },
    {
      "id": 45,
      "content": "对面的孩子手中的酒杯突然微微一抖，里面清澈的酒液也随之漾出了微小的波纹。"
    },
    {
      "id": 46,
      "model": "오티스",
      "teller": "奥提斯",
      "title": "剑契组 杀手",
      "content": "原来如此……长江后浪推前浪啊。"
    },
    {
      "id": 47,
      "model": "오티스",
      "teller": "奥提斯",
      "title": "剑契组 杀手",
      "content": "但是，即便我们这样四处漂泊，只要保住性命，一定会有机会的……头领是这么说的。"
    },
    {
      "id": 48,
      "model": "오티스",
      "teller": "奥提斯",
      "title": "剑契组 杀手",
      "content": "你能从敌营深处逃脱，还真是不容易啊。"
    },
    {
      "id": 49,
      "model": "돈키호테",
      "teller": "堂吉诃德",
      "title": "剑契组 杀手",
      "content": "嘿嘿，其实最后还是被几个家伙抓到了尾巴……"
    },
    {
      "id": 50,
      "model": "돈키호테",
      "teller": "堂吉诃德",
      "title": "剑契组 杀手",
      "content": "但吾已经把他们都处理好了，不会有任何问题。"
    },
    {
      "id": 51,
      "content": "孩子谈及自己拔剑斩杀帮派成员的经历，仿佛在聊起掸落衣服上的灰尘一样。"
    },
    {
      "id": 52,
      "content": "虽然过去他们可能并非在后巷漂泊的帮派成员，但现在，他们之所以能够挥舞着剑刃成为剑契组的一员，显然是因为……"
    },
    {
      "id": 53,
      "content": "无论是否属于剑契组……从很久以前开始，他们已经是与剑相伴的杀手了。"
    },
    {
      "id": 54,
      "content": "不过，如果说要找出什么不同之处……"
    },
    {
      "id": 55,
      "model": "오티스",
      "teller": "奥提斯",
      "title": "剑契组 杀手",
      "content": "……"
    },
    {
      "id": 56,
      "content": "他们那在过去为了别人而挥舞的剑刃，现如今只为了自己而斩。"
    }
  ]
}