{
  "dataList": [
    {
      "id": 0,
      "model": "돈키호테",
      "teller": "堂吉诃德",
      "title": "Cinq协会 东部3科",
      "content": "嗯~这样真的可以吗？吾现在正在用餐呢……"
    },
    {
      "id": 1,
      "teller": "记者",
      "title": "？？？",
      "content": "协会的各位应该都很忙碌吧。我最担心的反而是我的采访会不会占用您的用餐时间。"
    },
    {
      "id": 2,
      "model": "돈키호테",
      "teller": "堂吉诃德",
      "title": "Cinq协会 东部3科",
      "content": "喔，那样的话完全不用担心！看到汝这般礼貌，恐怕很少会有人拒绝吧！"
    },
    {
      "id": 3,
      "content": "孩子一边开着玩笑一边重新握起了筷子。"
    },
    {
      "id": 4,
      "content": "她露出满怀期待的表情，夹起了热气腾腾的面条和蔬菜……"
    },
    {
      "id": 5,
      "teller": "？？？",
      "title": "？？？",
      "content": "给老子站住！"
    },
    {
      "id": 6,
      "content": "在她背后，木制的椅子和餐具正朝着某个方向飞去。"
    },
    {
      "id": 7,
      "model": "돈키호테",
      "teller": "堂吉诃德",
      "title": "Cinq协会 东部3科",
      "content": "嗯。用餐归用餐，但是在如此喧闹的客栈里，吾也会担心汝是否会受伤呢。"
    },
    {
      "id": 8,
      "teller": "记者",
      "title": "？？？",
      "content": "哪里的话，这种事何止一两次呢。对记者来说是家常便饭了。"
    },
    {
      "id": 9,
      "teller": "记者",
      "title": "？？？",
      "content": "我也是从小在协会附属的健身房里锻炼长大的，所以这种事也没那么可怕。"
    },
    {
      "id": 10,
      "model": "돈키호테",
      "teller": "堂吉诃德",
      "title": "Cinq协会 东部3科",
      "content": "嚯……颇有胆识啊，汝？啊！那边头顶，当心！"
    },
    {
      "id": 11,
      "teller": "记者",
      "title": "？？？",
      "content": "哎哟。呼，多谢您。"
    },
    {
      "id": 12,
      "model": "돈키호테",
      "teller": "堂吉诃德",
      "title": "Cinq协会 东部3科",
      "content": "甚好……吾很欣赏汝！吾，定将知无不言。尽管问吧！"
    },
    {
      "id": 13,
      "content": "只看平静交谈着的孩子和记者的样子的话，说不定会以为这是某个平和的地方……"
    },
    {
      "id": 14,
      "content": "那两人虽然一点也不在乎，但周围却被破坏得很严重，尖锐嘈杂的争吵声不绝于耳。"
    },
    {
      "id": 15,
      "content": "……如果没有偶尔躲避一下朝自己飞来的东西的动作，简直看不出这间客栈已经被卷入到一场混战之中了。"
    },
    {
      "id": 16,
      "teller": "记者",
      "title": "？？？",
      "content": "这次我们杂志打算将Cinq协会作为特辑报道……"
    },
    {
      "id": 17,
      "teller": "记者",
      "title": "？？？",
      "content": "其中，我们想着重说明Cinq协会各个支部的区别。"
    },
    {
      "id": 18,
      "model": "돈키호테",
      "teller": "堂吉诃德",
      "title": "Cinq协会 东部3科",
      "content": "唔嗯！近来，西部和南部的Cinq似乎很受媒体重视呢。"
    },
    {
      "id": 19,
      "teller": "记者",
      "title": "？？？",
      "content": "啊，您平时喜欢看杂志和报纸吗？"
    },
    {
      "id": 20,
      "model": "돈키호테",
      "teller": "堂吉诃德",
      "title": "Cinq协会 东部3科",
      "content": "那是当然！作为收尾人，理应对世事保持关注不是吗？"
    },
    {
      "id": 21,
      "content": "孩子心里想着只读收尾人相关的报道就够了……但她决定不把这一段说出口。"
    },
    {
      "id": 22,
      "content": "因为已经积累了相当多的经验，所以她觉得说那些多余的话没有什么帮助。"
    },
    {
      "id": 23,
      "teller": "记者",
      "title": "？？？",
      "content": "真帅呀……然后，想问您几个问题。"
    },
    {
      "id": 24,
      "teller": "记者",
      "title": "？？？",
      "content": "我听说Cinq协会本部所在的西部和东部的行动宗旨相当不同，您认为具体有哪些差异呢？"
    },
    {
      "id": 25,
      "model": "돈키호테",
      "teller": "堂吉诃德",
      "title": "Cinq协会 东部3科",
      "content": "嗯~吾虽然没有亲自去过本部……不过，听闻之事还是不少的。"
    },
    {
      "id": 26,
      "model": "돈키호테",
      "teller": "堂吉诃德",
      "title": "Cinq协会 东部3科",
      "content": "听说那边必须随身携带剑。都是些关于用剑的礼仪之类的，似乎被很多规矩限制着呢。"
    },
    {
      "id": 27,
      "model": "돈키호테",
      "teller": "堂吉诃德",
      "title": "Cinq协会 东部3科",
      "content": "东部就自由很多了。可以使用武器，也可以不用……啊，不过比起剑，吾更青睐凭身体肉搏。"
    },
    {
      "id": 28,
      "content": "孩子一边说着，一边举起手腕展示。"
    },
    {
      "id": 29,
      "content": "她手腕上佩戴着的用玉雕琢成的厚重手镯，闪耀着玲珑剔透的光泽。"
    },
    {
      "id": 30,
      "teller": "记者",
      "title": "？？？",
      "content": "啊啊……！这就是那个所谓的翠炎玉器吗？"
    },
    {
      "id": 31,
      "model": "돈키호테",
      "teller": "堂吉诃德",
      "title": "Cinq协会 东部3科",
      "content": "汝知道的真不少！正是，这手镯能使吾之手套变得炙热。大多数东西，只要握住就能直接融化掉。"
    },
    {
      "id": 32,
      "teller": "记者",
      "title": "？？？",
      "content": "所以您才不脱手套啊……"
    },
    {
      "id": 33,
      "model": "돈키호테",
      "teller": "堂吉诃德",
      "title": "Cinq协会 东部3科",
      "content": "啊哈，汝是在说本部那边的决斗申请吗？"
    },
    {
      "id": 34,
      "model": "돈키호테",
      "teller": "堂吉诃德",
      "title": "Cinq协会 东部3科",
      "content": "东部的做法有些许不同。比起扔东西出去，郑重地报上姓名与所属并摆好架势，才是决斗开始的象征。"
    },
    {
      "id": 35,
      "teller": "记者",
      "title": "？？？",
      "content": "确实，我也经常见到那样的做法。"
    },
    {
      "id": 36,
      "model": "돈키호테",
      "teller": "堂吉诃德",
      "title": "Cinq协会 东部3科",
      "content": "西部和南部的习俗，也别有一番风趣呢~"
    },
    {
      "id": 37,
      "teller": "记者",
      "title": "？？？",
      "content": "……不过话说回来。"
    },
    {
      "id": 38,
      "model": "돈키호테",
      "teller": "堂吉诃德",
      "title": "Cinq协会 东部3科",
      "content": "哎呀，这实在是太美味了……嗯？汝说什么？"
    },
    {
      "id": 39,
      "teller": "记者",
      "title": "？？？",
      "content": "因为您从刚才开始就一直在抖腿……我在想是不是出什么问题了。"
    },
    {
      "id": 40,
      "model": "돈키호테",
      "teller": "堂吉诃德",
      "title": "Cinq协会 东部3科",
      "content": "问题？什、什么都没有！哈哈，只是吾之习惯罢了！"
    },
    {
      "id": 41,
      "teller": "记者",
      "title": "？？？",
      "content": "可是您看起来有些着急呢……"
    },
    {
      "id": 42,
      "model": "돈키호테",
      "teller": "堂吉诃德",
      "title": "Cinq协会 东部3科",
      "content": "啊……哈哈……咳咳。"
    },
    {
      "id": 43,
      "content": "实际上孩子是有些着急。"
    },
    {
      "id": 44,
      "content": "说是心烦意乱可能更准确一些。"
    },
    {
      "id": 45,
      "content": "身边起了争端，目睹着有人被单方面欺凌的光景……自己却只能坐在那里，什么也做不了。"
    },
    {
      "id": 46,
      "content": "以她的本性而言……她会以“正义”之名，代替被欺凌的人出头。"
    },
    {
      "id": 47,
      "content": "然而Cinq协会的本质始终是决斗的代理……所以。"
    },
    {
      "id": 48,
      "model": "돈키호테",
      "teller": "堂吉诃德",
      "title": "Cinq协会 东部3科",
      "content": "那、那是因为吾觉得……差不多……应该会有人委托吾来进行决斗代理了……"
    },
    {
      "id": 49,
      "model": "돈키호테",
      "teller": "堂吉诃德",
      "title": "Cinq协会 东部3科",
      "content": "有一点……吧？感觉有点晚了吧。"
    },
    {
      "id": 50,
      "teller": "记者",
      "title": "？？？",
      "content": "……啊？"
    },
    {
      "id": 51,
      "model": "돈키호테",
      "teller": "堂吉诃德",
      "title": "Cinq协会 东部3科",
      "content": "不，何以言之？目睹到那般单方面的争斗，难道不会坐立不安手痒难耐吗？"
    },
    {
      "id": 52,
      "teller": "记者",
      "title": "？？？",
      "content": "哦……您原来是想去打架吗？"
    },
    {
      "id": 53,
      "model": "돈키호테",
      "teller": "堂吉诃德",
      "title": "Cinq协会 东部3科",
      "content": "怎能说得如此轻率！实力不均衡的战斗，根本毫无正义可言吧。"
    },
    {
      "id": 54,
      "model": "돈키호테",
      "teller": "堂吉诃德",
      "title": "Cinq协会 东部3科",
      "content": "然身为协会的一员，如果没有任何委托的话……是不能够出手的……"
    },
    {
      "id": 55,
      "content": "孩子的声音似乎在渐渐变得消沉。"
    },
    {
      "id": 56,
      "content": "然后，记者似乎从孩子的言语中，回忆起了某个熟悉的声音。"
    },
    {
      "id": 57,
      "teller": "记者",
      "title": "？？？",
      "content": "说起来，我有听说过几年前有一个刚加入Cinq协会的人，做了类似义警的事情……"
    },
    {
      "id": 58,
      "model": "돈키호테",
      "teller": "堂吉诃德",
      "title": "Cinq协会 东部3科",
      "content": "啊咳、咳咳！咳……那、那时与现在不同啊！"
    },
    {
      "id": 59,
      "model": "돈키호테",
      "teller": "堂吉诃德",
      "title": "Cinq协会 东部3科",
      "content": "吾已经变了！不会喊着不义就直接冲过去了，现在已经能够像这样稳……稳重地等候了！"
    },
    {
      "id": 60,
      "content": "咣！"
    },
    {
      "id": 61,
      "content": "也许，就像躲避飞来的家具时一样……这也只是个失误吧。"
    },
    {
      "id": 62,
      "content": "自以为占了上风的暴徒拔出了剑，却被滚落脚边的木片绊倒了。"
    },
    {
      "id": 63,
      "content": "但是，那个失误偏偏朝着孩子的方向倒了过去……"
    },
    {
      "id": 64,
      "model": "돈키호테",
      "teller": "堂吉诃德",
      "title": "Cinq协会 东部3科",
      "content": "而且！像这种利刃飞向吾的情况，吾不是依然能保持冷静吗！"
    },
    {
      "id": 65,
      "content": "孩子习惯性地握住了刀刃。"
    },
    {
      "id": 66,
      "teller": "？？？",
      "title": "？？？",
      "content": "什……啊？！C、Cinq……"
    },
    {
      "id": 67,
      "content": "翠炎玉器闪过强烈的光辉，随后那刀刃就像融化的糖果般流淌而下了。"
    },
    {
      "id": 68,
      "model": "돈키호테",
      "teller": "堂吉诃德",
      "title": "Cinq协会 东部3科",
      "content": "好了，既然都到这一步了那差不多也该……对吧！"
    },
    {
      "id": 69,
      "content": "这幅光景吸引了在场所有人的视线，到刚才为止一直都在被单方面欺凌的人慌张地跑了过来，对孩子喊道。"
    },
    {
      "id": 70,
      "teller": "？？？",
      "title": "？？？",
      "content": "C、Cinq大人！委托、请接受我的委托！"
    },
    {
      "id": 71,
      "model": "돈키호테",
      "teller": "堂吉诃德",
      "title": "Cinq协会 东部3科",
      "content": "嗯！甚好。只是这种“紧急委托”可是要收汝双倍的价钱哦？"
    },
    {
      "id": 72,
      "teller": "？？？",
      "title": "？？？",
      "content": "三倍也无所谓！只要能把那个混蛋……"
    },
    {
      "id": 73,
      "model": "돈키호테",
      "teller": "堂吉诃德",
      "title": "Cinq协会 东部3科",
      "content": "OK！！成交！之后再议。"
    },
    {
      "id": 74,
      "content": "孩子像收到了圣诞礼物般，难以掩饰兴奋的表情，猛地从座位上站起身来。"
    },
    {
      "id": 75,
      "model": "돈키호테",
      "teller": "堂吉诃德",
      "title": "Cinq协会 东部3科",
      "content": "吾乃，Cinq协会东部3科！"
    },
    {
      "id": 76,
      "model": "돈키호테",
      "teller": "堂吉诃德",
      "title": "Cinq协会 东部3科",
      "content": "就由吾堂吉诃德……接续这场决斗！"
    }
  ]
}