{
  "dataList": [
    {
      "id": 0,
      "model": "돈키호테",
      "title": "T公司",
      "content": "请问~嗯哼，有人在家吗~"
    },
    {
      "id": 1,
      "content": "那孩子正用得意洋洋的语调呼喊着什么人。"
    },
    {
      "id": 2,
      "content": "地点是T公司巢中的一处普通的住宅区。在紧闭的门扉前，包括那孩子在内的三个人正身着相同的服饰并肩而立。"
    },
    {
      "id": 3,
      "model": "돈키호테",
      "title": "T公司",
      "content": "嗯……无人回应啊。"
    },
    {
      "id": 4,
      "model": "로쟈",
      "title": "T公司",
      "content": "像这样一拥而上地去敲门，并花好几分钟叫人出来，任谁都会觉得可疑而闭门不出的……"
    },
    {
      "id": 5,
      "model": "돈키호테",
      "title": "T公司",
      "content": "喂！勿对汝所不明之事说三道四！"
    },
    {
      "id": 6,
      "model": "돈키호테",
      "title": "T公司",
      "content": "是因为其心怀鬼胎，心存愧疚，因而才闭门不出！即便由吾一人前来拜访也只会得到相同的回应。"
    },
    {
      "id": 7,
      "model": "로쟈",
      "title": "T公司",
      "content": "那我们是否应该在访问方式上做出一些改变……？"
    },
    {
      "id": 8,
      "model": "돈키호테",
      "title": "T公司",
      "content": "此乃工作之必要程序，必要程序……"
    },
    {
      "id": 9,
      "content": "那孩子对站在身后的另一个孩子耳语了几句后，再次清了清嗓子。"
    },
    {
      "id": 10,
      "model": "돈키호테",
      "title": "T公司",
      "content": "好！吾乃T公司3级员工，被授予时间征收权限而前来！"
    },
    {
      "id": 11,
      "model": "돈키호테",
      "title": "T公司",
      "content": "按照工作程序，在初次访问后已等待五分钟答复，并以最后通牒之方式向汝出示了此块钟表，表明吾之身份……"
    },
    {
      "id": 12,
      "model": "돈키호테",
      "title": "T公司",
      "content": "因此对于此后的无应答行为，吾宣布将视为逃税罪并强制执行！"
    },
    {
      "id": 13,
      "content": "时间征收。"
    },
    {
      "id": 14,
      "content": "一种仅存在于T公司的特殊职业。"
    },
    {
      "id": 15,
      "content": "在这个人们能够将生活快速化或是缓慢化的区域里，时间被价值化并对其征税。"
    },
    {
      "id": 16,
      "content": "大部分人只要有提前使用时间就会认真支付税款。如果就职于适当的公司，公司方面会为他们清算或是无偿发放时间，让他们能够正常地生活……"
    },
    {
      "id": 17,
      "content": "有两种人总是滞纳时间税。"
    },
    {
      "id": 18,
      "content": "一种是积累了极大量的财富之后，仍想更加节约而试图逃税的人。"
    },
    {
      "id": 19,
      "content": "另一种则是由于极度贫穷而无法承受利滚利不断增加的时间税的人。"
    },
    {
      "id": 20,
      "content": "有些人会谴责前者，对后者表示同情……"
    },
    {
      "id": 21,
      "content": "但由于征收时间的恐惧笼罩在每个人头上，因此对于这种看起来相当公平的制度，最终所有人都选择了沉默。"
    },
    {
      "id": 22,
      "content": "但，这只是一种错觉。"
    },
    {
      "id": 23,
      "content": "因为对富人和穷人而言，相同的时间具有全然不同的价值……"
    },
    {
      "id": 24,
      "content": "事实上，这种制度是不公平的。"
    },
    {
      "id": 25,
      "content": "然而从那孩子对这种不公心知肚明，却仍能用这种自信的语调说话来看……本次的征收对象应该属于前者那一类人。"
    },
    {
      "id": 26,
      "model": "돈키호테",
      "title": "T公司",
      "content": "并无回应……汝这与正义背道而驰之人！"
    },
    {
      "id": 27,
      "content": "因为从那孩子的性格而言，如果遇到向后者征税的情况，她就会逐渐精神萎靡，以无精打采的状态来面对工作。"
    },
    {
      "id": 28,
      "model": "로쟈",
      "title": "T公司",
      "content": "可能，他只是不在家……？"
    },
    {
      "id": 29,
      "model": "돈키호테",
      "title": "T公司",
      "content": "怎会如此！吾已经确认过……分类号9730015307的长期滞纳者的全部时间记录！"
    },
    {
      "id": 30,
      "model": "돈키호테",
      "title": "T公司",
      "content": "大约三小时前此处开始时间加速后，加速的范围就停滞于此住宅之中。"
    },
    {
      "id": 31,
      "model": "돈키호테",
      "title": "T公司",
      "content": "也就是说！他于墙后屏住呼吸聆听了吾等的全部话语，并将其全部无视了！"
    },
    {
      "id": 32,
      "model": "로쟈",
      "title": "T公司",
      "content": "今天思维真是缜密啊，不像平时……记得上次去后巷工作时，你每走五十步就喊着肚子饿要吃点东西的样子吗？"
    },
    {
      "id": 33,
      "model": "돈키호테",
      "title": "T公司",
      "content": "咳咳！总之，确认无回应，因此进行强制执行！罗佳，破坏正门！"
    },
    {
      "id": 34,
      "model": "로쟈",
      "title": "T公司",
      "content": "好的……呼啊，不过像这样砰地把门踹开还是挺有意思的。"
    },
    {
      "id": 35,
      "content": "砰！随着声音的发出，门打开了，在那之中……"
    },
    {
      "id": 36,
      "teller": "时间滞纳者",
      "title": "20区的居民",
      "content": "呜呃……这是非法入侵！怎么能有砸门闯入这样的事？！"
    },
    {
      "id": 37,
      "model": "돈키호테",
      "title": "T公司",
      "content": "何出此言？于征收程序中，只要有正当理由，吾等被允许在未持有搜查令的情况下进入滞纳者的私有空间！"
    },
    {
      "id": 38,
      "teller": "时间滞纳者",
      "title": "20区的居民",
      "content": "妈的……"
    },
    {
      "id": 39,
      "teller": "时间滞纳者",
      "title": "20区的居民",
      "content": "对我这种过着贫穷生活的善良之人，怎么能征收如此高昂的税金？！这是……"
    },
    {
      "id": 40,
      "model": "돈키호테",
      "title": "T公司",
      "content": "……加速。"
    },
    {
      "id": 41,
      "content": "也许那个滞纳者将不该说的话说出口了吧。"
    },
    {
      "id": 42,
      "content": "因为那孩子的声音突然从此前的欢快变得如同冰块一般寒冷。咔嚓一声转动的时钟发条把她的时间加速到了一个惊人的速度。"
    },
    {
      "id": 43,
      "teller": "时间滞纳者",
      "title": "20区的居民",
      "content": "嘎啊……"
    },
    {
      "id": 44,
      "model": "돈키호테",
      "title": "T公司",
      "content": "时钟在提醒吾……即便用于工作的时间所剩无几，但对汝这样的人，吾可不会吝惜使用。"
    },
    {
      "id": 45,
      "content": "她手持的巨大镐头插入了时间滞纳者的身体。"
    },
    {
      "id": 46,
      "model": "돈키호테",
      "title": "T公司",
      "content": "汝大可放心。虽然吾对此存在不满，但这征收镐并不会损毁汝之身体。"
    },
    {
      "id": 47,
      "content": "如同那孩子所言，镐头悬浮在距他身体的表面仍有些微距离的地方。"
    },
    {
      "id": 48,
      "content": "因为其被设置为时间回收模式，因此无法行使任何物理意义上的力量……"
    },
    {
      "id": 49,
      "content": "但在那悬浮的间隔处，从那个小小的空隙中，时间如同被用注射器吸取一般……缓慢地被吸走了。"
    },
    {
      "id": 50,
      "model": "돈키호테",
      "title": "T公司",
      "content": "哼。善良而贫穷，对吧？"
    },
    {
      "id": 51,
      "content": "在等待时间被全部吸走的空当，那孩子环顾四周。在进入这座房子的时候，她注意到了很多一眼就能分辨的东西。"
    },
    {
      "id": 52,
      "model": "돈키호테",
      "title": "T公司",
      "content": "那个是出自巢东部著名的装饰品工匠之手的，限量销售的摆件对吧？"
    },
    {
      "id": 53,
      "model": "돈키호테",
      "title": "T公司",
      "content": "为防止未持有相当财富之人购买，吾听说他们在贩卖时使用了最高水平的时间加速。"
    },
    {
      "id": 54,
      "model": "로쟈",
      "title": "T公司",
      "content": "啊……是那个吧？那家在平凡的人看来，店门在眨眼之间打开又关闭的店铺。"
    },
    {
      "id": 55,
      "model": "돈키호테",
      "title": "T公司",
      "content": "“贫穷”之人怎能持有此等物品……不是吗？"
    },
    {
      "id": 56,
      "teller": "时间滞纳者",
      "title": "20区的居民",
      "content": "?!>@!#$@!?!>#!#!"
    },
    {
      "id": 57,
      "model": "돈키호테",
      "title": "T公司",
      "content": "……除此之外还有很多，但时间吸取已经完毕，他已经无法与吾等同步对话了。"
    },
    {
      "id": 58,
      "content": "那孩子故意严肃地说着，把时间征收结束后的镐头从滞纳者的身上抽出来，转身而去。"
    },
    {
      "id": 59,
      "model": "돈키호테",
      "title": "T公司",
      "content": "希望汝看到外面世界时间瞬息而逝的光景，能够领悟到这一点吧。"
    },
    {
      "id": 60,
      "model": "돈키호테",
      "title": "T公司",
      "content": "汝从真正贫穷之人身上所榨取的时间，与汝本应正确缴纳的时间汇聚在一起，造成了何等巨大的损失啊。"
    },
    {
      "id": 61,
      "model": "돈키호테",
      "title": "T公司",
      "content": "分类号9730015307，征收完毕。"
    },
    {
      "id": 62,
      "model": "로쟈",
      "title": "T公司",
      "content": "啊哈哈，那些显摆时间的家伙们挨了镐头之后30分钟才能走上一步的样子，每次看了都觉得很壮观呢~"
    },
    {
      "id": 63,
      "content": "那孩子和同事们抛下瞬间变得比树懒还慢的滞纳者，从破碎的门离开了这座房子。"
    },
    {
      "id": 64,
      "content": "那个滞纳者还要花上多少时间去修那扇破碎的玄关门呢？"
    },
    {
      "id": 65,
      "content": "……要是他能在夜幕降临之前爬到门口就好了。"
    }
  ]
}