{
  "dataList": [
    {
      "id": 0,
      "model": "돈키호테",
      "teller": "堂吉诃德",
      "title": "中指",
      "content": "吾！"
    },
    {
      "id": 1,
      "model": "돈키호테",
      "teller": "堂吉诃德",
      "title": "中指",
      "content": "为成为幼兄辅佐一事感到无上光荣！"
    },
    {
      "id": 2,
      "model": "돈키호테",
      "teller": "堂吉诃德",
      "title": "中指",
      "content": "也为加入中指帮派一事感激不尽！"
    },
    {
      "id": 3,
      "model": "돈키호테",
      "teller": "堂吉诃德",
      "title": "中指",
      "content": "吾……！如何得知！以手指向吾说需要吾的……！"
    },
    {
      "id": 4,
      "model": "피곤한 작은 아우",
      "teller": "疲惫的幼弟",
      "title": "中指",
      "content": "咳、哈、哈哈……"
    },
    {
      "id": 5,
      "model": "느긋한 작은 아우",
      "teller": "耐心的幼弟",
      "title": "中指",
      "content": "新来的小姑娘……有活力是好事，但幼兄差不多该出来了……"
    },
    {
      "id": 6,
      "model": "피곤한 작은 아우",
      "teller": "疲惫的幼弟",
      "title": "中指",
      "content": "闭上嘴好好站着，好吗？"
    },
    {
      "id": 7,
      "model": "돈키호테",
      "teller": "堂吉诃德",
      "title": "中指",
      "content": "哈！了、了解！"
    },
    {
      "id": 8,
      "content": "孩子夸张地闭上了那喋喋不休的嘴巴，然后她规规矩矩地把两条胳膊靠在一起并挺直了腰板。"
    },
    {
      "id": 9,
      "model": "돈키호테",
      "teller": "堂吉诃德",
      "title": "中指",
      "content": "咕哈，哼，嗯……"
    },
    {
      "id": 10,
      "content": "但是，她虽然已经紧紧闭上了嘴，可双唇看上去还在微微颤动，如果谁能给她一次机会，如同瀑布一般的话语就会立刻倾泻而出。"
    },
    {
      "id": 11,
      "content": "在走廊里有很多人列成一队，这种氛围相当严肃，和孩子的身上散发的气质总感觉不太搭的样子……"
    },
    {
      "id": 12,
      "content": "我看他们偷偷摸摸、小声窃笑着互相说着闲话，可能这个组织的特征就是相当散漫且团内成员之间关系融洽吧。"
    },
    {
      "id": 13,
      "content": "当然，感觉不像这个孩子一样那么吵。"
    },
    {
      "id": 14,
      "model": "돈키호테",
      "teller": "堂吉诃德",
      "title": "中指",
      "content": "啊，他来了……！"
    },
    {
      "id": 15,
      "content": "正如孩子嘴里小声嘀咕的那样，有一个身形高大的人从走廊的对侧走来。"
    },
    {
      "id": 16,
      "model": "돈키호테",
      "teller": "堂吉诃德",
      "title": "中指",
      "content": "我的天……看他身上纹满的纹身……到底处理了多少件私怨……！"
    },
    {
      "id": 17,
      "content": "那人的全身都覆盖着每击杀一个人就会在身上多纹一道、只有在中指这个组织中才有的独特强化纹身，他散发出的气场给人一种他能一个人处理完需要十个人的本事来完成的事情……"
    },
    {
      "id": 18,
      "content": "可以说他的全身都被强大的气场所包围着也不为过，他那压倒性的身姿让那个孩子切身体会到了皮肤发麻一般的感觉。"
    },
    {
      "id": 19,
      "model": "작은 형님",
      "teller": "幼兄",
      "title": "中指",
      "content": "这样啊，大家看起来都很有精神。没发生什么事吧？"
    },
    {
      "id": 20,
      "model": "돈키호테",
      "teller": "堂吉诃德",
      "title": "中指",
      "content": "噢噢噢……吼哦……"
    },
    {
      "id": 21,
      "model": "돈키호테",
      "teller": "堂吉诃德",
      "title": "中指",
      "content": "到底怎样才能写下如此之多的仇怨？明明光是复仇就已足够忙碌！为了一边行动一边书写那比吾之账簿更大的那本账簿，想必不是用铅笔在上面……"
    },
    {
      "id": 22,
      "model": "작은 형님",
      "teller": "幼兄",
      "title": "中指",
      "content": "……咳。"
    },
    {
      "id": 23,
      "model": "작은 형님",
      "teller": "幼兄",
      "title": "中指",
      "content": "这家伙是谁啊？"
    },
    {
      "id": 24,
      "model": "느긋한 작은 아우",
      "teller": "耐心的幼弟",
      "title": "中指",
      "content": "啊，是这次新来的伙计。虽然比较喜欢大喊大叫，但实力还不错。"
    },
    {
      "id": 25,
      "model": "돈키호테",
      "teller": "堂吉诃德",
      "title": "中指",
      "content": "咳……！"
    },
    {
      "id": 26,
      "model": "작은 형님",
      "teller": "幼兄",
      "title": "中指",
      "content": "是吗……看起来倒像是那样。"
    },
    {
      "id": 27,
      "model": "작은 형님",
      "teller": "幼兄",
      "title": "中指",
      "content": "哼，就算如此，有新入伙的家伙晚上就得举办派对啊。"
    },
    {
      "id": 28,
      "model": "돈키호테",
      "teller": "堂吉诃德",
      "title": "中指",
      "content": "派……对……！"
    },
    {
      "id": 29,
      "model": "작은 형님",
      "teller": "幼兄",
      "title": "中指",
      "content": "我今天有点忙。你们自己看着办吧。来，把卡收好。"
    },
    {
      "id": 30,
      "model": "피곤한 작은 아우",
      "teller": "疲惫的幼弟",
      "title": "中指",
      "content": "谢谢！"
    },
    {
      "id": 31,
      "model": "작은 형님",
      "teller": "幼兄",
      "title": "中指",
      "content": "新来的也辛苦了~我今天在其他港船上有事要办，大抵就是这么一回事儿。"
    },
    {
      "id": 32,
      "model": "작은 아우들",
      "teller": "幼弟们",
      "title": "中指",
      "content": "是！"
    },
    {
      "id": 33,
      "content": "当那个被称为幼兄的人摇着手消失在走廊远处的尽头之后……"
    },
    {
      "id": 34,
      "model": "돈키호테",
      "teller": "堂吉诃德",
      "title": "中指",
      "content": "看看看看看到了吗？！听听听听听听到了吗？！"
    },
    {
      "id": 35,
      "model": "돈키호테",
      "teller": "堂吉诃德",
      "title": "中指",
      "content": "幼兄亲眼看向了吾！还说要为吾开一场派对！！！"
    },
    {
      "id": 36,
      "model": "느긋한 작은 아우",
      "teller": "耐心的幼弟",
      "title": "中指",
      "content": "啊呜，烦死了……哈。那可太好了，太好咯~"
    },
    {
      "id": 37,
      "model": "피곤한 작은 아우",
      "teller": "疲惫的幼弟",
      "title": "中指",
      "content": "每当有新人的时候都要这么做，你就这么喜欢派对吗？"
    },
    {
      "id": 38,
      "model": "돈키호테",
      "teller": "堂吉诃德",
      "title": "中指",
      "content": "吾！非常非常！喜欢派对！！"
    },
    {
      "id": 39,
      "model": "피곤한 작은 아우",
      "teller": "疲惫的幼弟",
      "title": "中指",
      "content": "那要想好好享受你那么喜欢的派对，今天可就得快点把活干完了哦？"
    },
    {
      "id": 40,
      "model": "느긋한 작은 아우",
      "teller": "耐心的幼弟",
      "title": "中指",
      "content": "速去速回吧~好吗？"
    },
    {
      "id": 41,
      "model": "돈키호테",
      "teller": "堂吉诃德",
      "title": "中指",
      "content": "好！！！的！！！"
    },
    {
      "id": 42,
      "content": "……这样的孩子真的适合帮派的生活吗？我偶尔也会有这种疑问。"
    },
    {
      "id": 43,
      "content": "但是意料之外的是，好像越是这样单纯的人，就越是适合处理某些事情。"
    },
    {
      "id": 44,
      "model": "돈키호테",
      "teller": "堂吉诃德",
      "title": "中指",
      "content": "派对，派对！"
    },
    {
      "id": 45,
      "model": "???",
      "teller": "？？？",
      "title": "？？？",
      "content": "咳咳，呃……"
    },
    {
      "id": 46,
      "content": "毕竟只要赋予其确切的动机……业务效率就会迅速提升。"
    },
    {
      "id": 47,
      "model": "돈키호테",
      "teller": "堂吉诃德",
      "title": "中指",
      "content": "看好了！汝所犯下的罪行就写在这账簿上！"
    },
    {
      "id": 48,
      "model": "돈키호테",
      "teller": "堂吉诃德",
      "title": "中指",
      "content": "吾晚上还要忙着去派……不是，处理业务！所以不要抵抗，乖乖待着！"
    },
    {
      "id": 49,
      "model": "???",
      "teller": "？？？",
      "title": "？？？",
      "content": "不知道，我不知道啊……！如果早知道是中指的人……"
    },
    {
      "id": 50,
      "model": "돈키호테",
      "teller": "堂吉诃德",
      "title": "中指",
      "content": "吾！不！在！乎！"
    },
    {
      "id": 51,
      "model": "???",
      "teller": "？？？",
      "title": "？？？",
      "content": "嘎啊……"
    },
    {
      "id": 52,
      "model": "돈키호테",
      "teller": "堂吉诃德",
      "title": "中指",
      "content": "光凭无视中指的忠义，未与中指站在同一边，汝便是罪恶！"
    },
    {
      "id": 53,
      "model": "돈키호테",
      "teller": "堂吉诃德",
      "title": "中指",
      "content": "而本人！将在此身再添一笔作为执行正义的勋章！"
    },
    {
      "id": 54,
      "model": "느긋한 작은 아우",
      "teller": "耐心的幼弟",
      "title": "中指",
      "content": "脸上一副那样的表情，揍起人来倒是毫不手软啊……"
    },
    {
      "id": 55,
      "model": "피곤한 작은 아우",
      "teller": "疲惫的幼弟",
      "title": "中指",
      "content": "说不定她不会是止步于幼妹的人才啊。我们好像要得准备一场盛大的派对了哦？"
    },
    {
      "id": 56,
      "model": "느긋한 작은 아우",
      "teller": "耐心的幼弟",
      "title": "中指",
      "content": "喂，堂吉诃德！派对上还有什么想吃的吗？"
    },
    {
      "id": 57,
      "model": "돈키호테",
      "teller": "堂吉诃德",
      "title": "中指",
      "content": "吾！想吃！冰——淇——淋——！"
    },
    {
      "id": 58,
      "content": "一边激昂地诉说着想吃的食物，一边将中指的报复付诸实践的这个孩子……"
    },
    {
      "id": 59,
      "content": "不得不说是比任何人都不愧为中指的人物了。"
    }
  ]
}