{
  "dataList": [
    {
      "id": 0,
      "model": "돈키호테",
      "teller": "堂吉诃德",
      "title": "N公司 中锤",
      "content": "“……然因汝应与吾立下誓约……”"
    },
    {
      "id": 1,
      "content": "在这孩子穿上那套血迹斑斑的盔甲前，她就有着一个梦想。"
    },
    {
      "id": 2,
      "content": "如果都市的某处存在裁判所的话，她想挥舞审判的铁锤……如同法官的木槌一般来伸张正义。"
    },
    {
      "id": 3,
      "model": "돈키호테",
      "teller": "堂吉诃德",
      "title": "N公司 中锤",
      "content": "用尖钉去引导装上丑恶义体的不洁之物……"
    },
    {
      "id": 4,
      "content": "这孩子在专注阅读的方面也很有才能。"
    },
    {
      "id": 5,
      "content": "但同时，这孩子也养成了如果不在看什么东西就说个不停的毛病……"
    },
    {
      "id": 6,
      "model": "돈키호테",
      "teller": "堂吉诃德",
      "title": "N公司 中锤",
      "content": "啊哈。所以吾等以尖钉将那些恶人贯穿，是为执柄者执行正义铺设道路……嘻嘻。"
    },
    {
      "id": 7,
      "content": "孩子的眼睛随着那声音闪闪发光。虽然只是有些浑浊，但不管怎么说都散发着光芒。"
    },
    {
      "id": 8,
      "teller": "严肃的异端审判官",
      "title": "N公司 大锤",
      "content": "休息时间结束了。所有中锤和小锤，按以往的队形集合。"
    },
    {
      "id": 9,
      "model": "돈키호테",
      "teller": "堂吉诃德",
      "title": "N公司 中锤",
      "content": "今天的休息时间也很充实……在休息的时候也能聆听执柄者的话语，不得不说是最棒的福利。"
    },
    {
      "id": 10,
      "content": "孩子把比自己身体还大的锤子靠在地板上，脸上带着轻松的表情站了起来。"
    },
    {
      "id": 11,
      "teller": "严肃的异端审判官",
      "title": "N公司 大锤",
      "content": "第三锤，前进至两巷前。把他们清理干净。"
    },
    {
      "id": 12,
      "model": "돈키호테",
      "teller": "堂吉诃德",
      "title": "N公司 中锤",
      "content": "吾定能回应大家的期待！正义定将降临！"
    },
    {
      "id": 13,
      "content": "即使是体格最为强壮的锤们，也会在接连不断的“净化”中逐渐感到疲惫，但这孩子却没有流露出一丝倦意。"
    },
    {
      "id": 14,
      "content": "反而，随着话语的结束，她以超乎寻常的速度冲了出去。"
    },
    {
      "id": 15,
      "teller": "严肃的异端审判官",
      "title": "N公司 大锤",
      "content": "……是她吗？传言中那个一次都没碰过罐头配给的锤。"
    },
    {
      "id": 16,
      "teller": "稳重的异端审判官",
      "title": "N公司 大锤",
      "content": "你知道更厉害的么？自小锤时期以来，她就从来没有受过一次“教育”。"
    },
    {
      "id": 17,
      "teller": "严肃的异端审判官",
      "title": "N公司 大锤",
      "content": "……那还真让人惊讶。"
    },
    {
      "id": 18,
      "content": "看着那孩子奔向远方时身后掠起的烟尘，两名锤子进行着这样的对话。"
    },
    {
      "id": 19,
      "teller": "严肃的异端审判官",
      "title": "N公司 大锤",
      "content": "此等忠诚确实是美德，但……她很独特。"
    },
    {
      "id": 20,
      "teller": "稳重的异端审判官",
      "title": "N公司 大锤",
      "content": "别提了。你知道她为什么在休息时不脱下长靴吗？"
    },
    {
      "id": 21,
      "teller": "严肃的异端审判官",
      "title": "N公司 大锤",
      "content": "你是说，传闻是真的吗？……因为在盔甲里穿着运动鞋，所以嫌麻烦不脱下来的……"
    },
    {
      "id": 22,
      "teller": "稳重的异端审判官",
      "title": "N公司 大锤",
      "content": "她说那双鞋子是她要与之一同实现正义的同志什么的。执柄者并没有因此让我处罚她，所以我也没在意就是了。"
    },
    {
      "id": 23,
      "content": "这之后，他们就没什么话题可聊了。"
    },
    {
      "id": 24,
      "content": "他们第一次见到这样未曾受过教育，也没有吃过罐装经验，却如此沉迷于教义的新人。大概是都被震撼到了。"
    },
    {
      "id": 25,
      "content": "他们应该庆幸自己只是被这点事震撼。"
    },
    {
      "id": 26,
      "model": "돈키호테",
      "teller": "堂吉诃德",
      "title": "N公司 中锤",
      "content": "呼哈哈哈！哈哈哈！！"
    },
    {
      "id": 27,
      "content": "因为，如果要直面这孩子的话，他们大概连震撼的力气都不剩了。"
    },
    {
      "id": 28,
      "teller": "被抓住的义体人",
      "title": "？？？",
      "content": "救、救命。"
    },
    {
      "id": 29,
      "model": "돈키호테",
      "teller": "堂吉诃德",
      "title": "N公司 中锤",
      "content": "连心脏都没有的空罐头还会讲话啊！啊哈哈！"
    },
    {
      "id": 30,
      "content": "肢体破碎的声响，巨大的锤子穿过空气的声响。"
    },
    {
      "id": 31,
      "teller": "受惊吓的义体人",
      "title": "？？？",
      "content": "我、我可以把这个部件取下来的。我、我可以——"
    },
    {
      "id": 32,
      "content": "创伤和裂伤，以及破裂伤和跌打伤。"
    },
    {
      "id": 33,
      "model": "돈키호테",
      "teller": "堂吉诃德",
      "title": "N公司 中锤",
      "content": "吾绝不轻信恶人的话语！"
    },
    {
      "id": 34,
      "teller": "受惊吓的义体人",
      "title": "？？？",
      "content": "我……？为什么，啊——"
    },
    {
      "id": 35,
      "model": "돈키호테",
      "teller": "堂吉诃德",
      "title": "N公司 中锤",
      "content": "审判！"
    },
    {
      "id": 36,
      "content": "仿佛世界上所有伤口和噪音都集中在这个空间内。"
    },
    {
      "id": 37,
      "content": "惨绝人寰，一定是最贴切的形容词。"
    },
    {
      "id": 38,
      "content": "人们说，最可怕的人是永远相信自己是正确的那类人……"
    },
    {
      "id": 39,
      "content": "嗯，大概也有道理吧。"
    },
    {
      "id": 40,
      "content": "可能这孩子，只是相信着自己渴望相信的事情而已。"
    }
  ]
}