{
  "dataList": [
    {
      "id": 0,
      "content": "曾经总是面带由衷笑容，比谁都热衷于嬉笑胡闹的那孩子，如今却截然不同。"
    },
    {
      "id": 1,
      "content": "事实上，那副姿态并非她的本质。"
    },
    {
      "id": 2,
      "content": "对他人笑脸相迎，故作亲昵，说不定只是以杀戮为生的她所选择的处世之道。"
    },
    {
      "id": 3,
      "content": "那孩子的剑速很快，在谁都没察觉到的刹那，目标便被劈成两半。"
    },
    {
      "id": 4,
      "content": "一切结束之后，那孩子的脸上不会有任何表情。"
    },
    {
      "id": 5,
      "content": "无悲，无喜，亦无笑，无泪。"
    },
    {
      "id": 6,
      "content": "但和几步之外的同事们会合之后，她的神情又会再次发生变化。"
    },
    {
      "id": 7,
      "content": "他们会装着傻开起玩笑，脸上露出笑容。"
    },
    {
      "id": 8,
      "content": "一定不会有人知晓吧。"
    },
    {
      "id": 9,
      "content": "那孩子……独自一人完成任务时的姿态。"
    }
  ]
}