{
  "dataList": [
    {
      "id": 0,
      "content": "哒、哒。"
    },
    {
      "id": 1,
      "model": "료슈",
      "teller": "良秀",
      "title": "首席管家",
      "content": "右边第三个，正在擦窗户的家伙。"
    },
    {
      "id": 2,
      "teller": "胆小的下属管家",
      "title": "埃德加家族",
      "content": "在？！"
    },
    {
      "id": 3,
      "model": "료슈",
      "teller": "良秀",
      "title": "首席管家",
      "content": "最顶上框架交界处。有霉痕。"
    },
    {
      "id": 4,
      "model": "료슈",
      "teller": "良秀",
      "title": "首席管家",
      "content": "机会。没有下次。"
    },
    {
      "id": 5,
      "teller": "胆小的下属管家",
      "title": "埃德加家族",
      "content": "非、非常抱歉！！！"
    },
    {
      "id": 6,
      "content": "又一次，哒、哒。"
    },
    {
      "id": 7,
      "model": "료슈",
      "teller": "良秀",
      "title": "首席管家",
      "content": "你，进来这里23天的家伙。胸针的戴法错了。"
    },
    {
      "id": 8,
      "model": "료슈",
      "teller": "良秀",
      "title": "首席管家",
      "content": "给你折·脖一下来缩短脖子长度，就对位置了。要试试吗？"
    },
    {
      "id": 9,
      "teller": "胆怯的下属管家",
      "title": "埃德加家族",
      "content": "我、我我我我会戴好的……"
    },
    {
      "id": 10,
      "content": "孩子毫不理会那因她而感到恐惧的声音。"
    },
    {
      "id": 11,
      "content": "只是哒、哒地，伴随低跟皮鞋敲击地板的声音，继续向前走着。"
    },
    {
      "id": 12,
      "content": "在距离猎狼还剩不到一天之时。"
    },
    {
      "id": 13,
      "content": "身为首席管家的那孩子的一天就这样开始了。"
    },
    {
      "id": 14,
      "content": "虽说孩子平日里就不曾对下属们温柔相待……"
    },
    {
      "id": 15,
      "content": "但毫无疑问，她今天的态度比平常更加冷酷尖锐。"
    },
    {
      "id": 16,
      "model": "이스마엘",
      "teller": "以实玛利",
      "title": "埃德加家族",
      "content": "良秀大人。"
    },
    {
      "id": 17,
      "model": "료슈",
      "teller": "良秀",
      "title": "首席管家",
      "content": "……什么事。"
    },
    {
      "id": 18,
      "content": "不知不觉间，另一位身为下属的孩子走到了这位首席管家身后。"
    },
    {
      "id": 19,
      "content": "那孩子表情阴沉，似乎要说些非常重要的事情。"
    },
    {
      "id": 20,
      "model": "이스마엘",
      "teller": "以实玛利",
      "title": "埃德加家族",
      "content": "其他管家们相当不安……因为良秀大人看上去不同往日，所以他们对即将到来的……"
    },
    {
      "id": 21,
      "model": "료슈",
      "teller": "良秀",
      "title": "首席管家",
      "content": "不同往日？我吗？"
    },
    {
      "id": 22,
      "model": "이스마엘",
      "teller": "以实玛利",
      "title": "埃德加家族",
      "content": "……并不是说良秀大人平常对家务的监管不够仔细，只是平日里您会更加宽容些。"
    },
    {
      "id": 23,
      "model": "료슈",
      "teller": "良秀",
      "title": "首席管家",
      "content": "哈，笑·极。没有瑕疵能逃过我的眼睛。"
    },
    {
      "id": 24,
      "model": "이스마엘",
      "teller": "以实玛利",
      "title": "埃德加家族",
      "content": "是的。即使有，您也会迅速亲自处理掉。因为指导下属们处理太麻烦了。"
    },
    {
      "id": 25,
      "model": "료슈",
      "teller": "良秀",
      "title": "首席管家",
      "content": "……啧。"
    },
    {
      "id": 26,
      "content": "其实孩子也清楚。"
    },
    {
      "id": 27,
      "content": "不如说，她是有意为之。"
    },
    {
      "id": 28,
      "model": "이스마엘",
      "teller": "以实玛利",
      "title": "埃德加家族",
      "content": "……为了在狩猎开始时不引发问题，我会加倍注意的。"
    },
    {
      "id": 29,
      "model": "료슈",
      "teller": "良秀",
      "title": "首席管家",
      "content": "你猜到了我没说出口的想法，真不爽。"
    },
    {
      "id": 30,
      "content": "孩子像是有些事情进展不符预期般，轻叹了一口气，走在走廊上。"
    },
    {
      "id": 31,
      "content": "她的意思是让他们比平常更警惕，为了……"
    },
    {
      "id": 32,
      "content": "能尽可能多地从那匹狼手上保住宅邸里人们的性命。"
    },
    {
      "id": 33,
      "content": "她这些不合常态的行动，很快便被周围人注意到了。"
    },
    {
      "id": 34,
      "model": "료슈",
      "teller": "良秀",
      "title": "首席管家",
      "content": "哈啊……还是按老样子来吧。"
    },
    {
      "id": 35,
      "model": "료슈",
      "teller": "良秀",
      "title": "首席管家",
      "content": "反正……"
    },
    {
      "id": 36,
      "model": "료슈",
      "teller": "良秀",
      "title": "首席管家",
      "content": "这里最擅长家务的还是我。"
    },
    {
      "id": 37,
      "content": "漆黑夜幕下。"
    },
    {
      "id": 38,
      "content": "在狩猎行动的正中，目标终于现身了……那匹“狼”……"
    },
    {
      "id": 39,
      "content": "带着远超想象的强大武装，出现在孩子和她下属们的面前。"
    },
    {
      "id": 40,
      "content": "孩子本能地感受到。"
    },
    {
      "id": 41,
      "content": "不论下属们如何保持警惕，也不会有他们可以保住性命的未来。"
    },
    {
      "id": 42,
      "content": "因此选项从始至终，都只有一个。"
    },
    {
      "id": 43,
      "model": "료슈",
      "teller": "良秀",
      "title": "首席管家",
      "content": "都退下。"
    },
    {
      "id": 44,
      "model": "이스마엘",
      "teller": "以实玛利",
      "title": "埃德加家族",
      "content": "良秀大人……？"
    },
    {
      "id": 45,
      "model": "료슈",
      "teller": "良秀",
      "title": "首席管家",
      "content": "你们觉得凭你们那连蝼蚁都不如的实力，能胜任这份工作吗。"
    },
    {
      "id": 46,
      "model": "료슈",
      "teller": "良秀",
      "title": "首席管家",
      "content": "宅邸里剩下的工作还有很多，凌晨的事务全堆积起来了。回去处理掉。"
    },
    {
      "id": 47,
      "content": "孩子拔出长餐刀，静静地盯着面前的这匹巨狼。"
    },
    {
      "id": 48,
      "content": "对话就此结束。"
    },
    {
      "id": 49,
      "content": "她没有需要再传达给下属们的话了，更重要的是尽可能保留体力……"
    },
    {
      "id": 50,
      "content": "只有这样才能为赢得这次战斗，增加一丝渺茫的机会。"
    },
    {
      "id": 51,
      "model": "료슈",
      "teller": "良秀",
      "title": "首席管家",
      "content": "无·礼。"
    },
    {
      "id": 52,
      "model": "마왕히스클리프4",
      "teller": "？？？",
      "title": "？？？",
      "content": "是啊，对我这归乡之人无需多礼。"
    },
    {
      "id": 53,
      "content": "孩子的声音一如既往地低沉且沉稳。"
    },
    {
      "id": 54,
      "model": "료슈",
      "teller": "良秀",
      "title": "首席管家",
      "content": "我被雇来当你保姆的时候，完全想不到未来会是这样。"
    },
    {
      "id": 55,
      "model": "마왕히스클리프4",
      "teller": "？？？",
      "title": "？？？",
      "content": "……"
    },
    {
      "id": 56,
      "content": "不知是因为恐惧还是惋惜，可以看见孩子反手握着的刀尖在微微颤抖。"
    },
    {
      "id": 57,
      "model": "마왕히스클리프4",
      "teller": "？？？",
      "title": "？？？",
      "content": "你有了不少要守护的东西啊，良秀。"
    },
    {
      "id": 58,
      "model": "마왕히스클리프4",
      "teller": "？？？",
      "title": "？？？",
      "content": "不管是那时候还是现在……我都一如既往，眼前只剩下需要摧毁和吞噬的东西。"
    },
    {
      "id": 59,
      "model": "료슈",
      "teller": "良秀",
      "title": "首席管家",
      "content": "……呼。"
    },
    {
      "id": 60,
      "content": "孩子不再开口。"
    },
    {
      "id": 61,
      "content": "曾经，在那时候，如果那么做又会怎样。这样的想法扰乱了她的思考。"
    },
    {
      "id": 62,
      "content": "但如今那些都毫无意义了。他们彼此都心知肚明。"
    },
    {
      "id": 63,
      "content": "在无法改变的现在，孩子能做到的只有……"
    },
    {
      "id": 64,
      "model": "료슈",
      "teller": "良秀",
      "title": "首席管家",
      "content": "呼，只能处理没完成的家务了。"
    },
    {
      "id": 65,
      "content": "猎杀这匹自己亲手养育，却反对主人露出獠牙的狼。"
    }
  ]
}