{
  "dataList": [
    {
      "id": 0,
      "content": "所以，你怎么想？"
    },
    {
      "id": 1,
      "content": "只消一点体力劳动，我每天都能光顾这陈列着全新艺术品的艺术馆。"
    },
    {
      "id": 2,
      "content": "啊啊，我并不指望什么回应。我也不觉得任何人会对这点随笔感兴趣。"
    },
    {
      "id": 3,
      "content": "就把这当成一篇没法精简内容的观后感吧……参观过艺术展后写下的那种。"
    },
    {
      "id": 4,
      "content": "其实起初并没什么吸引我加入这家公司，我也没抱什么期望。"
    },
    {
      "id": 5,
      "content": "他们让我成为清扫人员，我也只觉得这仅仅意味着我能拿到些固定工资罢了。"
    },
    {
      "id": 6,
      "content": "我想着，这么大的一家公司、一片翼，肯定有什么需要被“清扫”的东西吧。"
    },
    {
      "id": 7,
      "content": "只要他们不妨碍到我，我才不在乎他们都做了些什么呢。于是我就签了合同。"
    },
    {
      "id": 8,
      "content": "但是……哈！"
    },
    {
      "id": 9,
      "content": "人们每天不假思索地乘上的这辆列车……"
    },
    {
      "id": 10,
      "content": "原来是一座以时间铸就的艺术馆！"
    },
    {
      "id": 11,
      "content": "我当时很佩服他们能把这个秘密藏得严严实实。但与此同时，我的脑海中浮现出了四个字。"
    },
    {
      "id": 12,
      "content": "意外收获。这个四字词语而已。"
    },
    {
      "id": 13,
      "content": "仔细想想，我最近只一心想着要追求并创造自己的“艺术”……"
    },
    {
      "id": 14,
      "content": "却忘了欣赏别人的“艺术”。"
    },
    {
      "id": 15,
      "content": "多么耻辱的领悟。欣赏任何艺术都能开阔你的视野、加深你的品味，无论其形式与性质。"
    },
    {
      "id": 16,
      "content": "我意识到，这也是我近期的作品满是彷徨的原因。"
    },
    {
      "id": 17,
      "content": "真实而生动的作品，不能不以现实为蓝本。"
    },
    {
      "id": 18,
      "content": "我曾见过列车中间拉伸扭曲着的软组织，形成一扇新的“门扉”……"
    },
    {
      "id": 19,
      "content": "也曾见过以肉身包裹、加厚软垫的椅子。"
    },
    {
      "id": 20,
      "content": "亦曾见过混合的筋肉相生相倚，变作新生的机体四处游走……不过我现在并不打算将这些归类为“艺术”。"
    },
    {
      "id": 21,
      "content": "毫无“艺术”之心的造物，连行为艺术的边界都无法企及。"
    },
    {
      "id": 22,
      "content": "意图不明、擅自行动……得出来的最好也只能是半成品。"
    },
    {
      "id": 23,
      "content": "我屠戮这些半成品。承担着公司安排的清扫任务。"
    },
    {
      "id": 24,
      "content": "我无意篡改这些艺术品，这并非我本意……但这种情况倒也并不常见。再说了，这也给我带来了许多好处。"
    },
    {
      "id": 25,
      "content": "我也享受着公司分配的器具和补给。"
    },
    {
      "id": 26,
      "content": "空间妖刀、折射魔刃、次元艺术刀……在诸多候选当中，我最终还是选择了“次元魔刃”。"
    },
    {
      "id": 27,
      "content": "我尤其享受当我未准备好就切下那些半成品时，它将我的体力抽走的瞬间。"
    },
    {
      "id": 28,
      "content": "当然，以不端的心态来对待艺术品确实是一种自我毁灭。"
    },
    {
      "id": 29,
      "content": "哈……如若我能一直如是，废寝忘食……"
    },
    {
      "id": 30,
      "content": "就太好了。"
    },
    {
      "id": 31,
      "content": "妈的……上司脑子里装的到底是什么东西？让我去培训这些小鸡崽子，简直离谱……"
    },
    {
      "id": 32,
      "content": "哈，看那家伙在那巴拉巴拉的。还真是乐在其中啊。"
    },
    {
      "id": 33,
      "content": "真是怪了。每天站台上开来的简直是金山银山，他怎么会对别的事情感兴趣啊？"
    },
    {
      "id": 34,
      "content": "如果他这么享受这差事，那就把我的份也都说了得了……"
    },
    {
      "id": 35,
      "content": "哈，那是不可能的吧。"
    },
    {
      "id": 36,
      "content": "妈的。白白浪费了一次欣赏艺术品的机会。"
    }
  ]
}