{
  "dataList": [
    {
      "id": 0,
      "model": "교육 담당자",
      "teller": "教官",
      "title": "LCCB",
      "content": "好，新来的各位。虽然已经说过很多次了……"
    },
    {
      "id": 1,
      "model": "교육 담당자",
      "teller": "教官",
      "title": "LCCB",
      "content": "这次培训的目的是强化你们的精神战斗力，请各位一定要专注配合。"
    },
    {
      "id": 2,
      "model": "료슈",
      "teller": "良秀",
      "title": "LCCB 系长",
      "content": "……"
    },
    {
      "id": 3,
      "content": "咔哒。咔哒。"
    },
    {
      "id": 4,
      "content": "孩子不耐烦地抖腿时桌子也随之微微震动，她的裤子与之摩擦发出了难听的声音。"
    },
    {
      "id": 5,
      "content": "随之而来的是她不停按着圆珠笔产生的饱含着无聊与焦躁的咔哒咔哒声。"
    },
    {
      "id": 6,
      "model": "교육 담당자",
      "teller": "教官",
      "title": "LCCB",
      "content": "来，虽然我知道这有点让人犯困，还很无聊……但请一起大声读出来吧。"
    },
    {
      "id": 7,
      "model": "교육 담당자",
      "teller": "教官",
      "title": "LCCB",
      "content": "翻到培训手册第3页的第1自然段。"
    },
    {
      "id": 8,
      "model": "신입사원들",
      "teller": "新员工们",
      "title": "LCCB",
      "content": "……所有的LCCB员工现在请牢记在心。我们先遣部队负责的首要任务乃替其他人开辟道路。各位……"
    },
    {
      "id": 9,
      "model": "료슈",
      "teller": "良秀",
      "title": "LCCB 系长",
      "content": "浪·时。"
    },
    {
      "id": 10,
      "content": "孩子叹息着小声说道。她显然讨厌这种浪费时间的情况。"
    },
    {
      "id": 11,
      "content": "虽然她的声音没有大到能让前面的教官听见，但对于邻座的同事们来说已经听得够清楚了。"
    },
    {
      "id": 12,
      "model": "료슈",
      "teller": "良秀",
      "title": "LCCB 系长",
      "content": "我到底要听多久这种鬼话啊？唠唠叨叨一两次也就罢了，现在差不多快要把我烦死了。"
    },
    {
      "id": 13,
      "model": "이스마엘",
      "teller": "以实玛利",
      "title": "LCCB 系长",
      "content": "……我说啊。请安静一点好吗。"
    },
    {
      "id": 14,
      "content": "孩子边上还坐着另一个孩子。虽然她脸上的无聊神色也很明显，但教官说什么她也就跟着做什么，看上去有种奇怪的实诚感。"
    },
    {
      "id": 15,
      "model": "료슈",
      "teller": "良秀",
      "title": "LCCB 系长",
      "content": "我难不成说错了？为其他人而牺牲，然后还以此为豪？按照别人的想法去受难有什么好玩的？"
    },
    {
      "id": 16,
      "model": "이스마엘",
      "teller": "以实玛利",
      "title": "LCCB 系长",
      "content": "虽然我同意你的一部分观点……嘛，但我们也不是因为好玩才来工作的。不如默默按照他们说的做为好。"
    },
    {
      "id": 17,
      "model": "료슈",
      "teller": "良秀",
      "title": "LCCB 系长",
      "content": "我一点也不同意你的观点。我就是因为好玩才来工作的。"
    },
    {
      "id": 18,
      "model": "이스마엘",
      "teller": "以实玛利",
      "title": "LCCB 系长",
      "content": "……好吧，随你吧。嗯。"
    },
    {
      "id": 19,
      "content": "邻座的孩子似乎无语了，皱着眉头，张开嘴叹了口气，把头转向了另一边。"
    },
    {
      "id": 20,
      "model": "료슈",
      "teller": "良秀",
      "title": "LCCB 系长",
      "content": "嗯。"
    },
    {
      "id": 21,
      "model": "교육 담당자",
      "teller": "教官",
      "title": "LCCB",
      "content": "哦，还有……虽然子弹是你们的补给之一，但因为其价格不菲，还请各位尽可能节约为好。"
    },
    {
      "id": 22,
      "model": "교육 담당자",
      "teller": "教官",
      "title": "LCCB",
      "content": "别忘了，你们节约的子弹越多，能拿到的额外津贴也越多。"
    },
    {
      "id": 23,
      "content": "孩子笑得肚子疼，但她也清楚从邻座那里听来的话也不完全是错的。"
    },
    {
      "id": 24,
      "content": "如果要找到“有意思的工作”，就得好好工作，无论如何都不能被解雇。"
    },
    {
      "id": 25,
      "content": "孩子并没有继续叹气和抱怨，而是开始叼着圆珠笔发出咔哒咔哒声，希望这段无聊的时间能早点过去。"
    },
    {
      "id": 26,
      "content": "她在等着能点燃烟雾弥漫的香烟的休息时刻……"
    },
    {
      "id": 27,
      "content": "然后，现在。"
    },
    {
      "id": 28,
      "content": "她一边走着，一边留下弥漫的烟雾。"
    },
    {
      "id": 29,
      "content": "当然，那是从她嘴中香烟冒出的烟雾……"
    },
    {
      "id": 30,
      "model": "료슈",
      "teller": "良秀",
      "title": "LCCB 系长",
      "content": "……"
    },
    {
      "id": 31,
      "content": "同样，那也是从孩子手中的霰弹枪枪口喷出的火药烟雾。"
    },
    {
      "id": 32,
      "model": "료슈",
      "teller": "良秀",
      "title": "LCCB 系长",
      "content": "嗯。我们到了。"
    },
    {
      "id": 33,
      "model": "료슈",
      "teller": "良秀",
      "title": "LCCB 系长",
      "content": "等·等·终。"
    },
    {
      "id": 34,
      "model": "료슈",
      "teller": "良秀",
      "title": "LCCB 系长",
      "content": "等啊等啊……终于把有意思的工作交给我了。"
    },
    {
      "id": 35,
      "content": "咔嚓咔嚓的铁摩擦声，塑料弹壳的轻轻落地声。"
    },
    {
      "id": 36,
      "content": "以及孩子的靴子走在地面上发出的咔吱咔吱声。"
    },
    {
      "id": 37,
      "content": "除此以外再无其他。没有新人员工，也没有孩子的同事们了……"
    },
    {
      "id": 38,
      "model": "비실한 조직원",
      "teller": "卑鄙的海盗",
      "title": "双钩海盗团",
      "content": "……！"
    },
    {
      "id": 39,
      "content": "现在，连敌人都没有了。"
    },
    {
      "id": 40,
      "content": "孩子的一些东西被夺走了，然而她也从他们身上夺走了另一些。孩子则带着高兴的神情吸了一口香烟。"
    },
    {
      "id": 41,
      "model": "료슈",
      "teller": "良秀",
      "title": "LCCB 系长",
      "content": "比我想的要弱啊……那些前辈们。"
    },
    {
      "id": 42,
      "model": "료슈",
      "teller": "良秀",
      "title": "LCCB 系长",
      "content": "明明用了这么有趣而又优秀的对话方式，现在却只能这样子沟通啊……"
    },
    {
      "id": 43,
      "model": "료슈",
      "teller": "良秀",
      "title": "LCCB 系长",
      "content": "嘛，子弹似乎没剩多少了，但它作为钝器来说倒是合适。"
    },
    {
      "id": 44,
      "model": "료슈",
      "teller": "良秀",
      "title": "LCCB 系长",
      "content": "原来我们的目的是去寻找坐标啊……如果我把坐标和前辈们的裹尸袋一并带回去的话，应该会被他们嘉奖款待吧。"
    },
    {
      "id": 45,
      "model": "료슈",
      "teller": "良秀",
      "title": "LCCB 系长",
      "content": "今后……他们也会给我更多有意思的工作吧？呵。"
    },
    {
      "id": 46,
      "content": "孩子像是在说太好了一般笑了起来，将燃尽的烟头吐出，向着建筑物的深处走去。"
    }
  ]
}