{
  "dataList": [
    {
      "id": 0,
      "content": "这孩子给了她唯一的观众一个自信的眼神，随即从嘴中徐徐吐出一口烟雾。"
    },
    {
      "id": 1,
      "model": "료슈",
      "title": "黑云会 若众",
      "content": "怎么样，辅佐？这算不算得上一件艺术品？"
    },
    {
      "id": 2,
      "content": "烟气缭绕过她的刀刃，利落地被一分为二。"
    },
    {
      "id": 3,
      "teller": "若头辅佐",
      "title": "黑云会",
      "content": "不得不说，你使剑真的很有一手。"
    },
    {
      "id": 4,
      "teller": "若头辅佐",
      "title": "黑云会",
      "content": "当然，多亏了你还有用，否则对若头辅佐这样失礼可不是砍一两个手指就完事了。"
    },
    {
      "id": 5,
      "model": "료슈",
      "title": "黑云会 若众",
      "content": "真到了那时候记得告诉我，我已经有几个砍掉它们的好点子了。"
    },
    {
      "id": 6,
      "content": "若头辅佐苦笑了一下。"
    },
    {
      "id": 7,
      "content": "与其说是他对这孩子格外宽容，倒不如说是对这个天赋异禀、能够靠剑术煽情地斩开烟气的下属无可奈何。"
    },
    {
      "id": 8,
      "teller": "若头辅佐",
      "title": "黑云会",
      "content": "我有个好消息给你，良秀。"
    },
    {
      "id": 9,
      "model": "료슈",
      "title": "黑云会 若众",
      "content": "嗯。"
    },
    {
      "id": 10,
      "teller": "若头辅佐",
      "title": "黑云会",
      "content": "争斗近在眼前。"
    },
    {
      "id": 11,
      "model": "료슈",
      "title": "黑云会 若众",
      "content": "……那还真是个好消息。"
    },
    {
      "id": 12,
      "content": "这孩子眯起眼睛，嘴角上扬，开始活动起了手指。"
    }
  ]
}