{
  "dataList": [
    {
      "id": 0,
      "content": "六协会的徽章是一簇烈焰。"
    },
    {
      "id": 1,
      "content": "无知的乌合之众看到自我们的拳脚中迸发出的火焰，就以为形象源自那里。"
    },
    {
      "id": 2,
      "content": "但是，他们错了。"
    },
    {
      "id": 3,
      "content": "那些火焰只不过是工坊为我们打造武器的副产品，没法作为六协会的代表。"
    },
    {
      "id": 4,
      "content": "我所领悟到的六协会行为准则是，如烈焰般燃尽万物。"
    },
    {
      "id": 5,
      "content": "必须时刻做好身心如火般燃烧的准备，这就是我的领悟。"
    },
    {
      "id": 6,
      "content": "许多收尾人为了变强，会尝试各种各样的手段。"
    },
    {
      "id": 7,
      "content": "杂七杂八的强化手术、万分奇怪又不靠谱的强化纹身……赚到了钱就拿去换成这些没用的东西，还要一边想方设法在这都市中苟延残喘。"
    },
    {
      "id": 8,
      "content": "徒劳无益。在决定战斗的成败与生死上，这些东西不会派上半点用场。"
    },
    {
      "id": 9,
      "content": "缺乏经验的强化身躯，不过与训练场中的自动木头人别无二致。"
    },
    {
      "id": 10,
      "content": "换句话说……如果无止境地积累经验或者说反复训练，就像拥有了独一无二的身体强化手术一般。"
    },
    {
      "id": 11,
      "content": "……当然，昂贵的武器和强化后的身躯肯定能够让我变得更强。"
    },
    {
      "id": 12,
      "content": "但这种不费吹灰之力就能拥有一切的方式并不合我的性子。"
    },
    {
      "id": 13,
      "content": "磨练至极致的武术和经验正是武器本身，这样的想法难道不能让你的内心熊熊燃烧吗？"
    },
    {
      "id": 14,
      "content": "所谓锻炼就像为了不让火焰熄灭般无休止地雕刻身体，是件很有趣的事。"
    },
    {
      "id": 15,
      "content": "以及……"
    },
    {
      "id": 16,
      "content": "有时会像这样。创造一个可以检验训练成果的地方。"
    },
    {
      "id": 17,
      "content": "烈焰自我的拳上燃起。这是多么感性的作品啊。"
    },
    {
      "id": 18,
      "content": "但是对我来说，它仅仅是摆在主菜旁边的一点装饰……或是类似调料的感觉。"
    },
    {
      "id": 19,
      "content": "对我来说真正有价值的是，我的指尖刺入敌人的身体时比以前更深入多少。"
    },
    {
      "id": 20,
      "content": "以及我的打击有多快的速度，多大的力道。"
    },
    {
      "id": 21,
      "content": "这些都能通过那些会动的……有些潮湿的木人桩得到验证。"
    },
    {
      "id": 22,
      "content": "然后我常常会领悟到。"
    },
    {
      "id": 23,
      "content": "我所选择的训练之焰，仍在熊熊燃烧……"
    },
    {
      "id": 24,
      "content": "它将迅猛吞噬每一个敢没有准备就靠近我的木人桩。"
    },
    {
      "id": 25,
      "content": "我似乎听到传言，是说有人觉得六协会都是些聚起来的饭桶……"
    },
    {
      "id": 26,
      "content": "哈，说实话，被人和那些傻瓜相提并论真让我火大啊。"
    },
    {
      "id": 27,
      "content": "当他们把自己的周末浪费在美食探店上时……我会把自己关起来磨练，希望你不要把我和他们归为一类。"
    }
  ]
}