{
  "dataList": [
    {
      "id": 0,
      "content": "从T公司员工的武器，用来煮肉汤的电饭煲，可爱的鸡玩偶，到各种口味的棒棒糖。"
    },
    {
      "id": 1,
      "content": "售卖着各种物品的这里……"
    },
    {
      "id": 2,
      "content": "是圣愚地下据点的一大特色，以物易物市场。"
    },
    {
      "id": 3,
      "content": "孩子是来这里交换必需品的。"
    },
    {
      "id": 4,
      "content": "因此，她把昨晚做发明时剩下的螺丝都带来了。"
    },
    {
      "id": 5,
      "model": "료슈",
      "teller": "良秀",
      "title": "20区 圣愚",
      "content": "你一盒烟换我四颗螺丝。价值不是差不多吗？"
    },
    {
      "id": 6,
      "teller": "商人",
      "title": "20区 圣愚",
      "content": "哈，胡说八道。"
    },
    {
      "id": 7,
      "teller": "商人",
      "title": "20区 圣愚",
      "content": "如果想换这盒塞满的香烟，你得给我七颗螺丝。"
    },
    {
      "id": 8,
      "content": "圣愚的商人不耐烦地挥着手，但孩子却丝毫没有让步的意思。"
    },
    {
      "id": 9,
      "content": "她只是更直接地伸出了拿着螺丝的手，如此说道。"
    },
    {
      "id": 10,
      "model": "료슈",
      "teller": "良秀",
      "title": "20区 圣愚",
      "content": "四颗。"
    },
    {
      "id": 11,
      "teller": "商人",
      "title": "20区 圣愚",
      "content": "……都是一个巢的所以给你特别优惠。六颗。"
    },
    {
      "id": 12,
      "model": "료슈",
      "teller": "良秀",
      "title": "20区 圣愚",
      "content": "四颗。"
    },
    {
      "id": 13,
      "teller": "商人",
      "title": "20区 圣愚",
      "content": "五、五颗！不能再低了！"
    },
    {
      "id": 14,
      "model": "료슈",
      "teller": "良秀",
      "title": "20区 圣愚",
      "content": "四颗。这次再拒绝就折·脖。"
    },
    {
      "id": 15,
      "content": "也许是被孩子那即将要杀人的眼神给吓到了？"
    },
    {
      "id": 16,
      "content": "商人像是在烦恼着自己有没有其他需要的物品一样，仔细比较着孩子和自己手中的东西。"
    },
    {
      "id": 17,
      "content": "随后他的视线突然停在了前些日子坏掉的自己心爱的收音机上。"
    },
    {
      "id": 18,
      "teller": "商人",
      "title": "20区 圣愚",
      "content": "稍、稍等一下。"
    },
    {
      "id": 19,
      "teller": "商人",
      "title": "20区 圣愚",
      "content": "这个如何？不用螺丝来换，而是帮我修好这台收音机呢？"
    },
    {
      "id": 20,
      "model": "료슈",
      "teller": "良秀",
      "title": "20区 圣愚",
      "content": "哦。"
    },
    {
      "id": 21,
      "teller": "商人",
      "title": "20区 圣愚",
      "content": "大概是这里布线的问题……呜啊！"
    },
    {
      "id": 22,
      "content": "在商人开始解释哪里坏掉的瞬间。"
    },
    {
      "id": 23,
      "content": "孩子毫不犹豫地取出了巨大的扳手，向着商人拿出的收音机猛敲了好几下。"
    },
    {
      "id": 24,
      "content": "哐、哐、哐，这样的声音只能在工坊之中才能听见，商人十分害怕地拦住了孩子……"
    },
    {
      "id": 25,
      "content": "但似乎已经太迟了。"
    },
    {
      "id": 26,
      "teller": "商人",
      "title": "20区 圣愚",
      "content": "你打算干什么？！已经全都瘪下去了……"
    },
    {
      "id": 27,
      "model": "료슈",
      "teller": "良秀",
      "title": "20区 圣愚",
      "content": "好好看看。"
    },
    {
      "id": 28,
      "content": "商人欲哭无泪地看着瘪下去的收音机，按照孩子的话按了几次按钮……"
    },
    {
      "id": 29,
      "content": "随后发出了惊叹声。"
    },
    {
      "id": 30,
      "teller": "商人",
      "title": "20区 圣愚",
      "content": "啊、啊！运转起来了？"
    },
    {
      "id": 31,
      "model": "료슈",
      "teller": "良秀",
      "title": "20区 圣愚",
      "content": "哼，铁块本来就是敲敲才会听话的。"
    },
    {
      "id": 32,
      "content": "无视了一脸高兴地摆弄着收音机的商人，孩子从桌子上拿了一盒烟。然后对着身后正看着棒棒糖的另一个孩子砰地猛踹了一脚。"
    },
    {
      "id": 33,
      "model": "료슈",
      "teller": "良秀",
      "title": "20区 圣愚",
      "content": "别看棒棒糖了。现在是工作时间。"
    },
    {
      "id": 34,
      "model": "홍루",
      "teller": "鸿璐",
      "title": "20区 圣愚",
      "content": "不管怎么说我也是良秀小姐的队长呢，每次都用踢的方式来喊我也太过分了吧~"
    },
    {
      "id": 35,
      "content": "含着棒棒糖的孩子一边揉着被踢疼的小腿，一边抱怨似地说道，但他似乎并没有太介意。"
    },
    {
      "id": 36,
      "content": "就像这种事情已经不是一次两次了，他熟练地从怀中拿出一捆纸张交给孩子。"
    },
    {
      "id": 37,
      "model": "홍루",
      "teller": "鸿璐",
      "title": "20区 圣愚",
      "content": "下一次请到据点接受任务。这次的名单也麻烦你了。"
    },
    {
      "id": 38,
      "model": "료슈",
      "teller": "良秀",
      "title": "20区 圣愚",
      "content": "管·他·的。之前的家伙不太行。挥打他们的时候一点感觉都没有。"
    },
    {
      "id": 39,
      "model": "홍루",
      "teller": "鸿璐",
      "title": "20区 圣愚",
      "content": "这次可是个不得了的大人物，你可以好好期待一下啦~那位可是这附近最大工厂的厂长……"
    },
    {
      "id": 40,
      "content": "听了含着棒棒糖的孩子的话，孩子微微扬起了嘴角。"
    },
    {
      "id": 41,
      "content": "夜半时分，从圣愚据点中出来的孩子拿着武器慢慢跟踪着某人。"
    },
    {
      "id": 42,
      "content": "孩子似乎抑制不住兴奋，露出了高兴的表情。"
    },
    {
      "id": 43,
      "model": "료슈",
      "teller": "良秀",
      "title": "20区 圣愚",
      "content": "鸿璐这个混蛋。他好久没有带来这么有用的情报了。"
    },
    {
      "id": 44,
      "content": "孩子的手中握着一张叫作名单的纸。"
    },
    {
      "id": 45,
      "content": "上面密密麻麻地写着站在巢的立场来榨取他人的人名。"
    },
    {
      "id": 46,
      "content": "现在孩子尾随的人也在这个名单上。"
    },
    {
      "id": 47,
      "model": "료슈",
      "teller": "良秀",
      "title": "20区 圣愚",
      "content": "那些没有体验过时间被缩短的生活的家伙们被夺走时间后露出的表情……很是艺术。"
    },
    {
      "id": 48,
      "content": "孩子并非为了正义才接受这份名单的。"
    },
    {
      "id": 49,
      "content": "她对分享所有之物来让大家都不再饿肚子之类的事情没有兴趣。"
    },
    {
      "id": 50,
      "content": "也对他人的恶行不感兴趣。"
    },
    {
      "id": 51,
      "content": "孩子甚至没有被圣愚的想法和言语所感染。"
    },
    {
      "id": 52,
      "content": "她只是很喜欢他们缩短富人时间与生命的活动。"
    },
    {
      "id": 53,
      "model": "료슈",
      "teller": "良秀",
      "title": "20区 圣愚",
      "content": "财·再·缩·艺。"
    },
    {
      "id": 54,
      "content": "在闪烁不定的路灯旁，孩子毫不犹豫地拿起武器跑了起来。"
    },
    {
      "id": 55,
      "content": "孩子挥下的扳手并没有那么快。"
    },
    {
      "id": 56,
      "content": "对于时间多的人来说，扳手慢到可以看清轨迹。"
    },
    {
      "id": 57,
      "content": "但是走在巷子里的富人还是没能躲过孩子的扳手。"
    },
    {
      "id": 58,
      "content": "因为她以十分周到且绝妙的角度挥了下去。"
    },
    {
      "id": 59,
      "content": "哐的一声，在巷子里沉闷地回响。"
    },
    {
      "id": 60,
      "content": "从倒下的富人身上抽走时间的孩子，心满意足地笑着吸起了白天换来的香烟。"
    },
    {
      "id": 61,
      "content": "就在那时，路灯旁一盏微弱的灯闪烁了片刻。"
    },
    {
      "id": 62,
      "content": "那是T公司为了维护巷子中治安而设置的监控摄像头。"
    },
    {
      "id": 63,
      "model": "료슈",
      "teller": "良秀",
      "title": "20区 圣愚",
      "content": "啧，那种东西可没法好好拍摄出这次的艺术。"
    },
    {
      "id": 64,
      "content": "孩子皱起眉头，朝着那里再度挥下扳手。"
    },
    {
      "id": 65,
      "content": "四分五裂的摄像头咚的一声落到了地上。"
    },
    {
      "id": 66,
      "model": "료슈",
      "teller": "良秀",
      "title": "20区 圣愚",
      "content": "现在的角度才算像样吧？"
    }
  ]
}