{
  "dataList": [
    {
      "id": 0,
      "content": "在收容单元的内部，墙壁和天花板都笼罩在浓厚的黑暗之中。"
    },
    {
      "id": 1,
      "content": "紧张的气氛和压迫感在笼罩一切的黑暗中弥漫，孩子却毫不犹豫地迈出了步伐。"
    },
    {
      "id": 2,
      "model": "료슈",
      "title": "安保部 队长",
      "content": "那帮西装革履的笔杆子们老是嚷嚷着本能作业更高效，但……"
    },
    {
      "id": 3,
      "model": "료슈",
      "title": "安保部 队长",
      "content": "躲在安全的地方远远地给它们投喂食物实在不是我的风格。"
    },
    {
      "id": 4,
      "content": "那些如同微弱跳动的心脏一般蠕动着的。"
    },
    {
      "id": 5,
      "content": "约一人大小的，纯白色的茧蛹们，正低垂在地面附近。"
    },
    {
      "id": 6,
      "content": "随着孩子的头沿着蜘蛛丝的方向缓缓抬起，赤红的眼睛逐渐浮现，犹如在夜晚燃起的山火一般，照亮了天花板周围的黑暗。"
    },
    {
      "id": 7,
      "model": "료슈",
      "title": "安保部 队长",
      "content": "哈。即便根植于那被诅咒的本性，你也能够将这阴暗的收容单元升华为艺术。"
    },
    {
      "id": 8,
      "content": "在那漆黑的收容单元中，在那连一丝光亮也无法穿透的，细腻的茧的内部。"
    },
    {
      "id": 9,
      "content": "那寂静无声的丝线牢笼中，唯有自己心脏的跳动声与小蜘蛛在细丝间来回穿梭的微弱声响回荡。"
    },
    {
      "id": 10,
      "content": "尽管眼前展现的是数名员工不幸丧命后的地狱般的景象，却恰好满足了孩子那独特的审美需求。"
    },
    {
      "id": 11,
      "model": "료슈",
      "title": "安保部 队长",
      "content": "是啊……这是我一生中从未如此近距离欣赏过的作品。"
    },
    {
      "id": 12,
      "model": "료슈",
      "title": "安保部 队长",
      "content": "……也或许是因为没有留下强烈的印象，所以才没有记住的理由。"
    },
    {
      "id": 13,
      "content": "不知不觉间，地板上四处乱爬的小蜘蛛们已经沿着孩子的腿爬了上去……"
    },
    {
      "id": 14,
      "content": "它们像是在探索一样来回爬行在孩子的手臂和脖颈上，之后便开始用锋利的牙齿撕咬孩子的肉体。"
    },
    {
      "id": 15,
      "content": "可是。"
    },
    {
      "id": 16,
      "model": "료슈",
      "title": "安保部 队长",
      "content": "……"
    },
    {
      "id": 17,
      "content": "明明不是能够无视的痛苦，孩子却连眼都没眨一下，一直和那令人不安的眼瞳对视着。"
    },
    {
      "id": 18,
      "model": "료슈",
      "title": "安保部 队长",
      "content": "我承认。这地方值得一看。"
    },
    {
      "id": 19,
      "model": "료슈",
      "title": "安保部 队长",
      "content": "不过也就仅此而已。"
    },
    {
      "id": 20,
      "model": "료슈",
      "title": "安保部 队长",
      "content": "尽管你的作品栩栩如生，但你的天性既无美丽可言，又称不上纯粹。"
    },
    {
      "id": 21,
      "content": "说完，孩子缓缓抬起了脚。"
    },
    {
      "id": 22,
      "content": "孩子在挑衅它。就仿佛在说，我现在就要踩扁你的子嗣。"
    },
    {
      "id": 23,
      "model": "료슈",
      "title": "安保部 队长",
      "content": "被生下的孩子没有选择父母的权利。只有在其中生存的义务而已。"
    },
    {
      "id": 24,
      "model": "료슈",
      "title": "安保部 队长",
      "content": "如果你还没沦落为一个无能为力、困在这里却还虚张声势的可怜家伙……而是真心把这只小蜘蛛当成家人的话……"
    },
    {
      "id": 25,
      "model": "료슈",
      "title": "安保部 队长",
      "content": "刚刚就应该攻击我了吧？"
    },
    {
      "id": 26,
      "content": "蜘蛛巢和那孩子一刻也没有把视线从彼此身上挪开过。"
    },
    {
      "id": 27,
      "content": "在仿佛漫长实则短暂的时间过后……"
    },
    {
      "id": 28,
      "content": "工作完成后，孩子挪开了脚，漫不经心地看着小蜘蛛们。"
    },
    {
      "id": 29,
      "model": "료슈",
      "title": "安保部 队长",
      "content": "看它们这啃食生肉的本事，想必已经吃了不少我的部下吧。"
    },
    {
      "id": 30,
      "model": "료슈",
      "title": "安保部 队长",
      "content": "是母亲教育有方吗？"
    },
    {
      "id": 31,
      "content": "尽管抛出了疑问，但异想体不会作答也是理所当然。"
    },
    {
      "id": 32,
      "content": "即便如此，孩子仍是一副得到了满意答案的表情。又或是因为觉得地板上的小蜘蛛们是无辜的……"
    },
    {
      "id": 33,
      "content": "她小心地把啃食自己身体的小蜘蛛们一只一只地取下来，放回了地板上。"
    },
    {
      "id": 34,
      "model": "료슈",
      "title": "安保部 队长",
      "content": "连开口提问都是无用功吗。"
    },
    {
      "id": 35,
      "model": "료슈",
      "title": "安保部 队长",
      "content": "……哼，父母这种东西，不把自己的偏见灌输在孩子身上是不会罢休的。"
    },
    {
      "id": 36,
      "content": "随着孩子的背影消失，收容单元恢复了寂静，再一次陷入了深深的沉默中。"
    },
    {
      "id": 37,
      "model": "료슈",
      "title": "安保部 队长",
      "content": "啧，你今天也打算摆着这么一副死人脸吗。"
    },
    {
      "id": 38,
      "model": "이상",
      "title": "安保部 员工",
      "content": "……"
    },
    {
      "id": 39,
      "content": "不仅是孩子所属的安保部，其他部门的员工也都集合在走廊。"
    },
    {
      "id": 40,
      "content": "孩子环顾四周，仿佛立刻察觉到了什么，迅速握紧E.G.O并开口说道。"
    },
    {
      "id": 41,
      "model": "료슈",
      "title": "安保部 队长",
      "content": "从菜鸟们聚集在这里来看，紫·午要来了。"
    },
    {
      "id": 42,
      "model": "이상",
      "title": "安保部 员工",
      "content": "不是午夜，是正午。"
    },
    {
      "id": 43,
      "model": "료슈",
      "title": "安保部 队长",
      "content": "所以紫·午是……你听不懂吗？"
    },
    {
      "id": 44,
      "model": "이상",
      "title": "安保部 员工",
      "content": "啊。紫罗兰的正午的话，就对得上了。大家都在同一个地方待命——队长。"
    },
    {
      "id": 45,
      "content": "另一个孩子在解释的时候，被自己头上传来的沉重感冲撞得不知所措，甚至没法好好讲话。"
    },
    {
      "id": 46,
      "content": "这是当然的，孩子举起了有着明显的骷髅头的十字型钝器……"
    },
    {
      "id": 47,
      "content": "敲了敲背着棺材的孩子的头。"
    },
    {
      "id": 48,
      "model": "이상",
      "title": "安保部 员工",
      "content": "……我并不恐慌，只是因为睡眠不足而有些疲惫。"
    },
    {
      "id": 49,
      "model": "이상",
      "title": "安保部 员工",
      "content": "所以……能别再用忏悔敲打我的头了吗。"
    },
    {
      "id": 50,
      "model": "료슈",
      "title": "安保部 队长",
      "content": "庆幸你没被蜘·头敲打吧，阴沉的家伙。"
    },
    {
      "id": 51,
      "content": "若是只听两人的对话，或许会让人觉得这不过是普通的一天……"
    },
    {
      "id": 52,
      "content": "但从新入职的员工们颤抖不停的样子可以看出，这状况并不寻常。"
    },
    {
      "id": 53,
      "content": "不出所料，还没过一分钟，嘈杂的警报声就响彻了整个公司。"
    },
    {
      "id": 54,
      "model": "료슈",
      "title": "安保部 队长",
      "content": "明明是紫·午，却只有这种等级的警报吗……"
    },
    {
      "id": 55,
      "model": "이상",
      "title": "安保部 员工",
      "content": "我再说一次，队长，这考验并非午夜。它称作正午……"
    },
    {
      "id": 56,
      "model": "료슈",
      "title": "安保部 队长",
      "content": "你·懂·什。"
    },
    {
      "id": 57,
      "model": "료슈",
      "title": "安保部 队长",
      "content": "说起来主管那家伙。就像能预见将要发生的事情一样，工作的本领厉害得出奇。"
    },
    {
      "id": 58,
      "model": "료슈",
      "title": "安保部 队长",
      "content": "你有什么头绪吗？"
    },
    {
      "id": 59,
      "model": "이상",
      "title": "安保部 员工",
      "content": "嗯，没有。听说他从上任第一天开始就已然如此，这就是有才能吧……"
    },
    {
      "id": 60,
      "model": "료슈",
      "title": "安保部 队长",
      "content": "啧，真是没用。"
    },
    {
      "id": 61,
      "model": "료슈",
      "title": "安保部 队长",
      "content": "那些笔杆子们去哪儿了？"
    },
    {
      "id": 62,
      "content": "孩子意识到了看不到任何文职人员这件事，并开始环顾四周。"
    },
    {
      "id": 63,
      "content": "但是，不论何处都看不到他们的身影。"
    },
    {
      "id": 64,
      "model": "이상",
      "title": "安保部 员工",
      "content": "他们都被处决掉了。否则要是有因大量伤亡而出逃的异想体的话……"
    },
    {
      "id": 65,
      "model": "료슈",
      "title": "安保部 队长",
      "content": "哈……真是无聊的艺术。"
    },
    {
      "id": 66,
      "model": "네짜흐",
      "title": "安保部 Sephirah",
      "content": "喂……安保部全员……请前往支援培训部……"
    },
    {
      "id": 67,
      "model": "네짜흐",
      "title": "安保部 Sephirah",
      "content": "我觉得需要多加留意……不过……反正情况很快又会变糟，所以意义不大就是……"
    },
    {
      "id": 68,
      "model": "료슈",
      "title": "安保部 队长",
      "content": "那个脑啡肽腌罐头又开始自说自话了。"
    },
    {
      "id": 69,
      "model": "료슈",
      "title": "安保部 队长",
      "content": "我的两个部下没来……像脑·腌·罐一样，他们是不是在哪儿吸食脑啡肽呢？"
    },
    {
      "id": 70,
      "model": "이상",
      "title": "安保部 员工",
      "content": "你是如何得知的……？前不久从培训部调到这里的那个叫Tiffany的人，正因药物过量而处于昏迷状态。"
    },
    {
      "id": 71,
      "model": "료슈",
      "title": "安保部 队长",
      "content": "……不·是·吧。"
    },
    {
      "id": 72,
      "content": "孩子叼着的烟掉落在地上，她无奈地向安保部那边望去……"
    },
    {
      "id": 73,
      "content": "随即转过头，从口袋里拿出一支新的香烟点上。"
    },
    {
      "id": 74,
      "model": "료슈",
      "title": "安保部 队长",
      "content": "剩下的一个人……那个秃头呢？"
    },
    {
      "id": 75,
      "model": "이상",
      "title": "安保部 员工",
      "content": "想必……他们正在处理落在安保部内部的石碑。"
    },
    {
      "id": 76,
      "model": "료슈",
      "title": "安保部 队长",
      "content": "你也最好加入他们。记得无视那个泡在脑啡肽里的脑·腌·罐说的话。"
    },
    {
      "id": 77,
      "model": "이상",
      "title": "安保部 员工",
      "content": "确实……主管也是如此期待的。"
    },
    {
      "id": 78,
      "model": "료슈",
      "title": "安保部 队长",
      "content": "支援就由我一个人去。"
    },
    {
      "id": 79,
      "content": "疲惫不堪的孩子点了点头表示同意后，就比任何人都快地穿过了走廊。"
    },
    {
      "id": 80,
      "content": "然后……一进入培训部就向什么人回答道。"
    },
    {
      "id": 81,
      "model": "료슈",
      "title": "安保部 队长",
      "content": "抱怨肚子饿的哭闹声就到此为止吧。"
    },
    {
      "id": 82,
      "content": "并没有其他员工跟着她。"
    },
    {
      "id": 83,
      "content": "话虽如此，她也并不是在与正在战斗中的培训部的两人交谈。"
    },
    {
      "id": 84,
      "model": "료슈",
      "title": "安保部 队长",
      "content": "难道看不到近在眼前的猎物吗？"
    },
    {
      "id": 85,
      "content": "听到面带笑容的孩子的话语，赤瞳猛然睁开了其上所有闭合的眼睛，伴随着如同咆哮般的震动声。"
    },
    {
      "id": 86,
      "model": "돈키호테",
      "title": "培训部 员工",
      "content": "哈！这股气息乃是……奥提斯女士！安保部的支援已至！"
    },
    {
      "id": 87,
      "model": "오티스",
      "title": "培训部 队长",
      "content": "不是女士，是队长！"
    },
    {
      "id": 88,
      "model": "오티스",
      "title": "培训部 队长",
      "content": "咳。正好刚刚射出第六发子弹，真是巧了。来支援的就只有你这个安保部队长吗？"
    },
    {
      "id": 89,
      "model": "료슈",
      "title": "安保部 队长",
      "content": "……"
    },
    {
      "id": 90,
      "model": "오티스",
      "title": "培训部 队长",
      "content": "听见了就回话……"
    },
    {
      "id": 91,
      "model": "료슈",
      "title": "安保部 队长",
      "content": "为了善而见血的决心？不需要那些繁琐的东西，也一样可以见血，骷·头。"
    },
    {
      "id": 92,
      "model": "오티스",
      "title": "培训部 队长",
      "content": "……因为和E.G.O聊得太投入所以没听见吗。"
    },
    {
      "id": 93,
      "model": "오티스",
      "title": "培训部 队长",
      "content": "有时会有那种……与特定E.G.O产生共鸣的员工。"
    },
    {
      "id": 94,
      "model": "돈키호테",
      "title": "培训部 员工",
      "content": "那、那此刻是否能有幸得见传闻中良秀女士的E.G.O双刀流之姿！？"
    },
    {
      "id": 95,
      "model": "오티스",
      "title": "培训部 队长",
      "content": "没有时间去观赏那种东西。在处理之前，逆卡巴拉计数器的数值应该会随着光一起减少，所以要做好应对准备……"
    },
    {
      "id": 96,
      "content": "正如培训部队长所说，石碑泛着紫色的光芒，但……"
    },
    {
      "id": 97,
      "content": "孩子在它完全释放出来之前就跳向空中，挥起了两件E.G.O武器。"
    },
    {
      "id": 98,
      "content": "与其说是训练得当，不如说那是依靠直觉的动作。"
    },
    {
      "id": 99,
      "content": "不拘泥于形式的E.G.O使用方式。"
    },
    {
      "id": 100,
      "content": "虽然还非常稚嫩，但这确实是一种令人熟悉的战斗方式。"
    },
    {
      "id": 101,
      "content": "是啊……就像那个曾保护过我……告诉我关于后巷的痛苦的人一样……"
    },
    {
      "id": 102,
      "model": "료슈",
      "title": "安保部 队长",
      "content": "爆裂吧。"
    },
    {
      "id": 103,
      "content": "孩子完美地操控着两件E.G.O武器，将紫色的巨大石碑击得粉碎。"
    },
    {
      "id": 104,
      "content": "……还真和那个人有点像呢。"
    }
  ]
}