{
  "dataList": [
    {
      "id": 0,
      "model": "료슈",
      "teller": "良秀",
      "title": "黑兽-卯",
      "content": "……隐·简。"
    },
    {
      "id": 1,
      "teller": "另一个兔子",
      "title": "黑兽-卯",
      "content": "引荐……应该不是这个意思吧。"
    },
    {
      "id": 2,
      "teller": "另一个兔子",
      "title": "黑兽-卯",
      "content": "我早就说了，像那样省略的话交流起来会产生误会的。"
    },
    {
      "id": 3,
      "model": "료슈",
      "teller": "良秀",
      "title": "黑兽-卯",
      "content": "哈啊……有隐藏的竹简。"
    },
    {
      "id": 4,
      "content": "孩子像是觉得说不通似的叹了口气，将手中的小木板随手抛给了站在后面的另一个人。"
    },
    {
      "id": 5,
      "content": "那块像是用晾干的竹片压平后做成的木板上写着潦草的毛笔字。"
    },
    {
      "id": 6,
      "teller": "另一个兔子",
      "title": "黑兽-卯",
      "content": "是下一项指示。"
    },
    {
      "id": 7,
      "model": "료슈",
      "teller": "良秀",
      "title": "黑兽-卯",
      "content": "你自己概括一下吧。反正肯定又是毫无趣味的普通杀戮。"
    },
    {
      "id": 8,
      "teller": "另一个兔子",
      "title": "黑兽-卯",
      "content": "……那是什么？"
    },
    {
      "id": 9,
      "content": "也许孩子的这种作风早就在黑兽中传开了。"
    },
    {
      "id": 10,
      "content": "那个黑兽今天才第一次见到孩子，却对孩子这番无视指示、从杀死目标中寻求乐趣的话语毫无质疑之意。"
    },
    {
      "id": 11,
      "content": "反而觉得孩子单手持着木板写着什么的样子更有趣。"
    },
    {
      "id": 12,
      "model": "료슈",
      "teller": "良秀",
      "title": "黑兽-卯",
      "content": "呵。你没必要知道。"
    },
    {
      "id": 13,
      "teller": "另一个兔子",
      "title": "黑兽-卯",
      "content": "……"
    },
    {
      "id": 14,
      "content": "似乎是觉得说得在理，那黑兽立刻打消了念头，开始仔细查看孩子抛来的东西。"
    },
    {
      "id": 15,
      "content": "在那人总结要点时……来看看孩子在写些什么吧。"
    },
    {
      "id": 16,
      "content": "[怎么这么无聊啊。还不如写些关于自己的记录作乐更有意思。]"
    },
    {
      "id": 17,
      "content": "[虽然无法成为谁都能读懂的艺术作品，不过也许未来某天，我自己能够将其细细品味与回忆吧。]"
    },
    {
      "id": 18,
      "content": "[嗯……首先是背景描写。]"
    },
    {
      "id": 19,
      "content": "[我于尸山中漫步，不见活物。刀痕遍布，血流漂杵。]"
    },
    {
      "id": 20,
      "model": "료슈",
      "teller": "良秀",
      "title": "黑兽-卯",
      "content": "哼……押韵了。"
    },
    {
      "id": 21,
      "teller": "另一个兔子",
      "title": "黑兽-卯",
      "content": "你说什么？"
    },
    {
      "id": 22,
      "model": "료슈",
      "teller": "良秀",
      "title": "黑兽-卯",
      "content": "没什么。"
    },
    {
      "id": 23,
      "content": "[在此刻的记忆模糊之前，记录下这一切会更好。]"
    },
    {
      "id": 24,
      "content": "[是的。不知何时……我成为了野兽。]"
    },
    {
      "id": 25,
      "content": "[肯定时不时有过亮眼作品般的瞬间，却不知道都挥发到哪去了，真令人心烦不已。]"
    },
    {
      "id": 26,
      "content": "[……虽然似乎有过侍奉主公的记忆，但和现在的感觉却不一样。]"
    },
    {
      "id": 27,
      "content": "[我对现在的主公没什么兴趣……嘛，反正只是拉着我的辔头的手又换了一双罢了。]"
    },
    {
      "id": 28,
      "content": "[口中衔着的辔头几经转手，我只是被牵着移动，将挡路的东西尽数砍倒或斩断。]"
    },
    {
      "id": 29,
      "content": "[今天也是这样……那片竹简上写的内容，大概也没什么不同吧。]"
    },
    {
      "id": 30,
      "content": "[唯有在那瞬间绽放的刹那之美中寻得的欢愉，方可称之为乐吗。]"
    },
    {
      "id": 31,
      "content": "[啊，对了。前不久我与别的黑兽交手了。]"
    },
    {
      "id": 32,
      "content": "[毕竟除了我们兔子以外，黑兽还有其他十一支……]"
    },
    {
      "id": 33,
      "content": "[恐怕现在的主公正在和其他主公发生冲突。这是件好事。我喜欢主公像小孩一样到处惹是生非。]"
    },
    {
      "id": 34,
      "content": "[至少那样我还能获得片刻欢愉。]"
    },
    {
      "id": 35,
      "content": "[假如发生冲突的对象是我曾经的主公……嗯。虽然是种老土的剧情，但如果能实际遇上一次的话……]"
    },
    {
      "id": 36,
      "teller": "另一个兔子",
      "title": "黑兽-卯",
      "content": "喂。"
    },
    {
      "id": 37,
      "model": "료슈",
      "teller": "良秀",
      "title": "黑兽-卯",
      "content": "……你给我今晚的享受泼了盆冷水呢。"
    },
    {
      "id": 38,
      "model": "료슈",
      "teller": "良秀",
      "title": "黑兽-卯",
      "content": "如果是用微不足道的话语，让我停笔……"
    },
    {
      "id": 39,
      "content": "孩子似乎相当生气，像是要将其刺穿一般紧紧握着笔，瞪着另一只黑兽……"
    },
    {
      "id": 40,
      "content": "但那人只是若无其事地回以冰冷的眼神，把玩着手中的木板。"
    },
    {
      "id": 41,
      "teller": "另一个兔子",
      "title": "黑兽-卯",
      "content": "只是到该尽情蹦跳的时间了。"
    },
    {
      "id": 42,
      "model": "료슈",
      "teller": "良秀",
      "title": "黑兽-卯",
      "content": "啧。"
    },
    {
      "id": 43,
      "content": "孩子也许是，也想记录下自己战斗的样子吧。"
    },
    {
      "id": 44,
      "content": "无用的记忆对黑兽来说是不需要的，因为这些记忆随时都有风化的可能。"
    },
    {
      "id": 45,
      "content": "但在紧急任务的现场，也不可能悠然地在木板上写什么字吧。"
    },
    {
      "id": 46,
      "teller": "？？？",
      "title": "？？？",
      "content": "是黑兽！卯、他们送来了卯！"
    },
    {
      "id": 47,
      "content": "……既然如此，这次我们亲自去看看应该比较好呢。"
    },
    {
      "id": 48,
      "model": "료슈",
      "teller": "良秀",
      "title": "黑兽-卯",
      "content": "……嚯。"
    },
    {
      "id": 49,
      "content": "孩子的眼睛似乎捕捉到了什么有趣的东西，瞬间睁得圆圆的。"
    },
    {
      "id": 50,
      "content": "随后她好像觉得很有意思一般，微微翘起了嘴角。"
    },
    {
      "id": 51,
      "model": "료슈",
      "teller": "良秀",
      "title": "黑兽-卯",
      "content": "衣服看着不错。"
    },
    {
      "id": 52,
      "model": "료슈",
      "teller": "良秀",
      "title": "黑兽-卯",
      "content": "我好像在哪里见过呢。"
    },
    {
      "id": 53,
      "teller": "？？？",
      "title": "？？？",
      "content": "噫、噫呀！"
    },
    {
      "id": 54,
      "teller": "？？？",
      "title": "？？？",
      "content": "你、你是……"
    },
    {
      "id": 55,
      "model": "료슈",
      "teller": "良秀",
      "title": "黑兽-卯",
      "content": "我？我是良……"
    },
    {
      "id": 56,
      "teller": "另一个兔子",
      "title": "黑兽-卯",
      "content": "发什么呆呢。"
    },
    {
      "id": 57,
      "teller": "另一个兔子",
      "title": "黑兽-卯",
      "content": "我们是兔子。"
    },
    {
      "id": 58,
      "model": "료슈",
      "teller": "良秀",
      "title": "黑兽-卯",
      "content": "……啧。"
    },
    {
      "id": 59,
      "teller": "另一个兔子",
      "title": "黑兽-卯",
      "content": "我们不会互相问问题。"
    },
    {
      "id": 60,
      "teller": "另一个兔子",
      "title": "黑兽-卯",
      "content": "也不知道对方的落脚之处。"
    },
    {
      "id": 61,
      "teller": "另一个兔子",
      "title": "黑兽-卯",
      "content": "但是一旦指示规定的时间到来，我们就必会聚集成群。"
    },
    {
      "id": 62,
      "teller": "另一个兔子",
      "title": "黑兽-卯",
      "content": "聚集，执行指示，然后散去。"
    },
    {
      "id": 63,
      "teller": "？？？",
      "title": "？？？",
      "content": "妈的……如果我没有失去黑兽的全部所有权就好了……"
    },
    {
      "id": 64,
      "teller": "？？？",
      "title": "？？？",
      "content": "我居然参与了那样荒唐的赌局，连自己的黑兽都赌上了……本来卯是……！"
    },
    {
      "id": 65,
      "model": "료슈",
      "teller": "良秀",
      "title": "黑兽-卯",
      "content": "……啊哈。"
    },
    {
      "id": 66,
      "content": "孩子好像终于明白了自己之前觉得有趣的是什么一般，发出了一声短暂的轻笑。"
    },
    {
      "id": 67,
      "model": "료슈",
      "teller": "良秀",
      "title": "黑兽-卯",
      "content": "好像有点印象了……也有那样的主公啊。"
    },
    {
      "id": 68,
      "model": "료슈",
      "teller": "良秀",
      "title": "黑兽-卯",
      "content": "还真是老套啊……这种情节。"
    },
    {
      "id": 69,
      "teller": "？？？",
      "title": "？？？",
      "content": "等、等下！难道你……你认识我……！"
    },
    {
      "id": 70,
      "teller": "另一个兔子",
      "title": "黑兽-卯",
      "content": "哈……不。她不认识。"
    },
    {
      "id": 71,
      "content": "哭泣的目标抓住孩子的裤腿，想要拖住她，但和孩子一起来的人叹了口气，将其拦住了。"
    },
    {
      "id": 72,
      "content": "那人知道孩子不至于愚蠢到把事情搞砸……但是黑兽也有自己要守住的底线。"
    },
    {
      "id": 73,
      "teller": "另一个兔子",
      "title": "黑兽-卯",
      "content": "既不用认识，也不该认识。"
    },
    {
      "id": 74,
      "teller": "另一个兔子",
      "title": "黑兽-卯",
      "content": "我们只是黑色的野兽。"
    },
    {
      "id": 75,
      "teller": "另一个兔子",
      "title": "黑兽-卯",
      "content": "我们不会记得必须忘记之人的面容。"
    },
    {
      "id": 76,
      "model": "료슈",
      "teller": "良秀",
      "title": "黑兽-卯",
      "content": "啊啊……对，没错。是这样。"
    },
    {
      "id": 77,
      "content": "在享受乐趣时出现如此插曲，孩子非但没有生气，反而意外地冷静。"
    },
    {
      "id": 78,
      "content": "不如说……她似乎对事情的发展十分满意。"
    },
    {
      "id": 79,
      "content": "……没错，就是这么一回事。"
    },
    {
      "id": 80,
      "model": "료슈",
      "teller": "良秀",
      "title": "黑兽-卯",
      "content": "我们挥洒，然后散去。"
    },
    {
      "id": 81,
      "content": "她只是在为这老套情节的结束准备一句台词。"
    },
    {
      "id": 82,
      "model": "료슈",
      "teller": "良秀",
      "title": "黑兽-卯",
      "content": "只是……黑毛之兽不可信。不是吗？"
    },
    {
      "id": 83,
      "content": "……而这就是她笑得如此开心的原因。"
    }
  ]
}