{
  "dataList": [
    {
      "id": 0,
      "model": "뫼르소",
      "teller": "默尔索",
      "title": "Cinq协会 西部3科",
      "content": "关于此问题，在Cinq协会官方宣传手册第35页中有详细解答。"
    },
    {
      "id": 1,
      "teller": "记者",
      "title": "？？？",
      "content": "啊……好的……"
    },
    {
      "id": 2,
      "model": "뫼르소",
      "teller": "默尔索",
      "title": "Cinq协会 西部3科",
      "content": "虽然我可以直接告知您其中的内容，但由于您牺牲了宝贵时间前来采访，因此还是推荐您询问无法通过外部方式获取的信息。"
    },
    {
      "id": 3,
      "content": "那你直接简单地告诉我答案，不就好进入下一个问题了嘛。"
    },
    {
      "id": 4,
      "content": "记者强忍住叹气的冲动，带着尴尬的微笑紧紧握住无辜的麦克风。"
    },
    {
      "id": 5,
      "content": "如果是附近的，不对……应该说凡是对Cinq协会感兴趣的人，大多都知道孩子是这种风格，想必记者也是充分了解后才前来采访的。"
    },
    {
      "id": 6,
      "content": "但她似乎没想到对方会到这种程度。"
    },
    {
      "id": 7,
      "content": "“如果他只是在荧幕前装个样子就好了，但他自信满满的眼神里没有混入一丝谎言。”"
    },
    {
      "id": 8,
      "content": "记者一边在笔记上写下这些内容……一边思考着要如何提问才能让这次采访更像样一些。"
    },
    {
      "id": 9,
      "teller": "记者",
      "title": "？？？",
      "content": "嗯嗯。那么下一个问题。"
    },
    {
      "id": 10,
      "teller": "记者",
      "title": "？？？",
      "content": "听说默尔索先生在工作期间经常进行个人直播……"
    },
    {
      "id": 11,
      "model": "뫼르소",
      "teller": "默尔索",
      "title": "Cinq协会 西部3科",
      "content": "嗯。事实如此。"
    },
    {
      "id": 12,
      "teller": "记者",
      "title": "？？？",
      "content": "好的，其实我以前也看过一些您视频的剪辑。"
    },
    {
      "id": 13,
      "model": "뫼르소",
      "teller": "默尔索",
      "title": "Cinq协会 西部3科",
      "content": "还是推荐您观看直播回放。我看过最近重新剪辑我的直播画面的视频，其中加入的夸张成分和华丽效果导致无法确认最重要的招式——"
    },
    {
      "id": 14,
      "teller": "记者",
      "title": "？？？",
      "content": "啊哈哈，原来如此！"
    },
    {
      "id": 15,
      "content": "……这位记者的烦人程度在北部数一数二，通俗地说就是出了名的话多。"
    },
    {
      "id": 16,
      "content": "而她本人也有自知之明，认为哪怕受人白眼，只要能做出好的采访就足够了……"
    },
    {
      "id": 17,
      "content": "“我是第一次见到比自己还过分的人……”"
    },
    {
      "id": 18,
      "content": "歪歪斜斜地写在笔记里的文字似乎能体现出她的忧愁。"
    },
    {
      "id": 19,
      "teller": "记者",
      "title": "？？？",
      "content": "嗯嗯。总之，我很好奇您开始直播的契机。"
    },
    {
      "id": 20,
      "model": "뫼르소",
      "teller": "默尔索",
      "title": "Cinq协会 西部3科",
      "content": "嗯，这个问题我已在直播进行了多次回答……"
    },
    {
      "id": 21,
      "teller": "记者",
      "title": "？？？",
      "content": "那么在这次采访中呢！"
    },
    {
      "id": 22,
      "model": "뫼르소",
      "teller": "默尔索",
      "title": "Cinq协会 西部3科",
      "content": "……"
    },
    {
      "id": 23,
      "teller": "记者",
      "title": "？？？",
      "content": "毕竟也有对Cinq协会或者默尔索先生不甚了解的人们嘛~哈哈。"
    },
    {
      "id": 24,
      "model": "뫼르소",
      "teller": "默尔索",
      "title": "Cinq协会 西部3科",
      "content": "……我明白了。是我考虑不周，实在抱歉。"
    },
    {
      "id": 25,
      "content": "孩子郑重地低头致歉，随后缓缓开口。"
    },
    {
      "id": 26,
      "model": "뫼르소",
      "teller": "默尔索",
      "title": "Cinq协会 西部3科",
      "content": "起初，我需要能准确评判自己招式的匿名者。"
    },
    {
      "id": 27,
      "model": "뫼르소",
      "teller": "默尔索",
      "title": "Cinq协会 西部3科",
      "content": "虽然不知是出于什么原因……但协会内的同事似乎没有对我进行严厉批判的意愿。"
    },
    {
      "id": 28,
      "content": "记者虽然清楚那一原因，可还是没有显露出来，只是认真微笑着将麦克风凑近过去。"
    },
    {
      "id": 29,
      "model": "뫼르소",
      "teller": "默尔索",
      "title": "Cinq协会 西部3科",
      "content": "不出所料，匿名批判对我的个人发展十分有用。至于其附带的效果……"
    },
    {
      "id": 30,
      "model": "뫼르소",
      "teller": "默尔索",
      "title": "Cinq协会 西部3科",
      "content": "嗯，正好。"
    },
    {
      "id": 31,
      "content": "孩子的话停了下来，视线跟随他移动后……"
    },
    {
      "id": 32,
      "teller": "决斗挑战者",
      "title": "？？？",
      "content": "Cinq协会西部3科，默尔索。我做梦都没想到你居然会来北部。"
    },
    {
      "id": 33,
      "teller": "记者",
      "title": "？？？",
      "content": "诶，等等……怎么回事？"
    },
    {
      "id": 34,
      "model": "뫼르소",
      "teller": "默尔索",
      "title": "Cinq协会 西部3科",
      "content": "嗯。我之前在直播中提到自己要去北部出差的消息，于是收到了很多决斗申请。"
    },
    {
      "id": 35,
      "model": "뫼르소",
      "teller": "默尔索",
      "title": "Cinq协会 西部3科",
      "content": "因为一次性前来更有效率，因此我与他们约好了时间，但没想到这场采访会持续到现在。"
    },
    {
      "id": 36,
      "teller": "记者",
      "title": "？？？",
      "content": "……我也没想到会拖这么久。"
    },
    {
      "id": 37,
      "model": "뫼르소",
      "teller": "默尔索",
      "title": "Cinq协会 西部3科",
      "content": "我建议您暂时停止录像。这次我会开启个人直播，如需确认，可以观看那边的影像。"
    },
    {
      "id": 38,
      "teller": "记者",
      "title": "？？？",
      "content": "啊……"
    },
    {
      "id": 39,
      "model": "뫼르소",
      "teller": "默尔索",
      "title": "Cinq协会 西部3科",
      "content": "如您所说，考虑到大多观众，场面或许会有些残酷。"
    },
    {
      "id": 40,
      "content": "话音刚落，孩子拔出剑，将其立于眼前。"
    },
    {
      "id": 41,
      "model": "뫼르소",
      "teller": "默尔索",
      "title": "Cinq协会 西部3科",
      "content": "据确认，Öufi协会的公证已经通过。"
    },
    {
      "id": 42,
      "teller": "决斗挑战者",
      "title": "？？？",
      "content": "对……但是我没有送死的打算。所以被剑击中的一方就算失败。"
    },
    {
      "id": 43,
      "model": "뫼르소",
      "teller": "默尔索",
      "title": "Cinq协会 西部3科",
      "content": "明智的判断。那么。"
    },
    {
      "id": 44,
      "content": "片刻沉默，随后……"
    },
    {
      "id": 45,
      "content": "本以为只是清风拂过，但一切已经尘埃落定。"
    },
    {
      "id": 46,
      "content": "五个人本是拿着剑站定，可顷刻间他们的武器便滚落在地。"
    },
    {
      "id": 47,
      "content": "挑起对决的人们身体各处霎时涌出鲜红的血。"
    },
    {
      "id": 48,
      "content": "第一名挑战者的手腕，第二名挑战者的大腿，第三名挑战者的躯干……"
    },
    {
      "id": 49,
      "content": "距离每个人身上不同部位的要害……都偏离了1cm左右。"
    },
    {
      "id": 50,
      "teller": "记者",
      "title": "？？？",
      "content": "我知道西部的Cinq擅长集中攻击一个部位的技法，但这究竟是……"
    },
    {
      "id": 51,
      "model": "뫼르소",
      "teller": "默尔索",
      "title": "Cinq协会 西部3科",
      "content": "初次观看的人或许会很难跟上动作。但回放支持慢速播放……"
    },
    {
      "id": 52,
      "content": "一边擦拭剑一边说着什么的孩子的声音已经无法传到记者的耳朵里。"
    },
    {
      "id": 53,
      "content": "或者应该说是没必要听了。"
    },
    {
      "id": 54,
      "content": "因为记者深知，仅仅是目睹刚刚那副场面，就足以写出惊人的报道。"
    }
  ]
}