{
  "dataList": [
    {
      "id": 0,
      "content": "开始记录今天的日记。"
    },
    {
      "id": 1,
      "content": "这条后巷依旧在下雨。确切来说已经持续降雨了135小时。"
    },
    {
      "id": 2,
      "content": "- 虽然降雨强度偶有减弱，但根据湿度以及云层状况进行判断后，在此记录为持续降雨。"
    },
    {
      "id": 3,
      "content": "我让成员们在降雨时限制一切户外活动，尽可能在据点内消磨时间，但……"
    },
    {
      "id": 4,
      "content": "也有些人因为待机时间过长而躁动难安，而由于应去征收保护费的日期早已过去，所以我们今天不得不行动。"
    },
    {
      "id": 5,
      "content": "工作本身十分顺利。只是雨滴浸湿了衣物，使原本厚重的大衣更加沉重，这并不理想。"
    },
    {
      "id": 6,
      "content": "我们一如既往收取保护费，也如往常一样以保护费换取足以饱腹的食物。"
    },
    {
      "id": 7,
      "content": "因畏惧我们而四散奔逃的人，因无处滋事而心痒难耐的其他黑帮，无不被我们打得落花流水。"
    },
    {
      "id": 8,
      "content": "不断出现此类挑战我们的家伙，无疑是一大收获。"
    },
    {
      "id": 9,
      "content": "我们正好可以从他们身上夺取以补充自身不足的时间，并为将来成为扬名于20区的黑帮积累声誉。"
    },
    {
      "id": 10,
      "content": "而那件事，正发生于如此例行公事后的回归据点之时。"
    },
    {
      "id": 11,
      "content": "当然，在外发生此类情况在意料之中。"
    },
    {
      "id": 12,
      "content": "我能感受到从远处投来的模糊视线，就像是野猫在窥伺自己。"
    },
    {
      "id": 13,
      "content": "不含杀意，但满是敌意……相当奇特的视线。"
    },
    {
      "id": 14,
      "content": "那道视线一直跟随我回到据点。"
    },
    {
      "id": 15,
      "content": "既然我们据点的位置被那人发现了，我一时间犹豫是否应查明其身份并将其抹杀，但很快我便意识到没有那个必要。"
    },
    {
      "id": 16,
      "content": "因为他像是落水狗一样，以一副湿漉漉的样子出现在我们面前。"
    },
    {
      "id": 17,
      "content": "他要求……加入我们的帮派。"
    },
    {
      "id": 18,
      "content": "我看得出来……他不是另一个黑帮的间谍，也并非什么前来敲诈或勒索的人。"
    },
    {
      "id": 19,
      "content": "他满含恶毒与绝望的目光……被自身无处安放的情感所动摇。"
    },
    {
      "id": 20,
      "content": "即使残破不堪，满是污迹……也能看出他身上衣物价值不菲，其中必有隐情。"
    },
    {
      "id": 21,
      "content": "所以……我决定测试他。"
    },
    {
      "id": 22,
      "content": "我需要探明他的胆量。只是口若悬河，而一到需要动手时便两腿打颤的家伙毫无价值。"
    },
    {
      "id": 23,
      "content": "我编造了一次入团测试。当然，我们死兔帮不可能有这种仪式。"
    },
    {
      "id": 24,
      "content": "幸运的是，有一帮与我们水火不容的帮派，即使对方死了一两个人于我们都不觉得可惜，让他去抓住其中某个成员作为测试并不困难。"
    },
    {
      "id": 25,
      "content": "……令我惊讶的事有两件。"
    },
    {
      "id": 26,
      "content": "一件是他听后毫不动摇，径直走出据点。"
    },
    {
      "id": 27,
      "content": "另一件是……他不久后就带着满脸鲜血，攥着拳头……将一具断气的尸体装入袋中拖了回来。"
    },
    {
      "id": 28,
      "content": "约定就是约定。现在那家伙正呆在据点的最里处，为了恢复疲惫的身体而熟睡着。"
    },
    {
      "id": 29,
      "content": "我在这黑帮里当了许久的老大，也有相当一段时间没有对某事感到惊讶了。"
    },
    {
      "id": 30,
      "content": "我不清楚这种惊讶会持续多久，也不清楚自己是否错把狼当做狗而接纳……"
    },
    {
      "id": 31,
      "content": "至少今夜，我会期待这位希斯克利夫往后的表现。"
    }
  ]
}