{
  "dataList": [
    {
      "id": 0,
      "model": "뫼르소",
      "teller": "默尔索",
      "title": "？？？",
      "content": "我落子了。"
    },
    {
      "id": 1,
      "model": "???",
      "teller": "？？？",
      "title": "？？？",
      "content": "……哦。这一着。"
    },
    {
      "id": 2,
      "content": "头戴黑笠的孩子与身披泛着光泽的白色长袍的老人相对而坐。"
    },
    {
      "id": 3,
      "content": "火炉中漆黑一片，房间十分阴冷。甚至灯也没有点上，只有拉门敞开。"
    },
    {
      "id": 4,
      "content": "但，那满月的光辉如玉壶般明净……"
    },
    {
      "id": 5,
      "content": "因此两人之间，黑白棋子置于棋盘上的情形依然清晰可见。"
    },
    {
      "id": 6,
      "content": "左议政与他的护卫武士，正借这次对弈进行着隐晦的谈话。"
    },
    {
      "id": 7,
      "model": "좌의정",
      "teller": "左议政",
      "title": "S公司",
      "content": "对不住。老夫在思考别的事情。"
    },
    {
      "id": 8,
      "model": "뫼르소",
      "teller": "默尔索",
      "title": "护卫武士",
      "content": "没关系。这次对局并不计时。"
    },
    {
      "id": 9,
      "model": "좌의정",
      "teller": "左议政",
      "title": "S公司",
      "content": "哈哈哈。"
    },
    {
      "id": 10,
      "content": "老人慈祥地笑着。"
    },
    {
      "id": 11,
      "content": "随后一言不发，拨弄着棋罐内的黑子。"
    },
    {
      "id": 12,
      "model": "뫼르소",
      "teller": "默尔索",
      "title": "护卫武士",
      "content": "不必在意。作为此场棋局受教之人，我不会因此而催促您。"
    },
    {
      "id": 13,
      "model": "좌의정",
      "teller": "左议政",
      "title": "S公司",
      "content": "话虽如此，你看上去可是一副焦躁的样子哦？"
    },
    {
      "id": 14,
      "content": "嗒。"
    },
    {
      "id": 15,
      "content": "拨弄棋子的声音终于停下。"
    },
    {
      "id": 16,
      "model": "좌의정",
      "teller": "左议政",
      "title": "S公司",
      "content": "已经7年了吗。"
    },
    {
      "id": 17,
      "model": "뫼르소",
      "teller": "默尔索",
      "title": "护卫武士",
      "content": "是的。"
    },
    {
      "id": 18,
      "model": "뫼르소",
      "teller": "默尔索",
      "title": "护卫武士",
      "content": "自我成为左议政大人的护卫武士起，已经过去7年又4个月了。"
    },
    {
      "id": 19,
      "model": "좌의정",
      "teller": "左议政",
      "title": "S公司",
      "content": "嗯。"
    },
    {
      "id": 20,
      "model": "좌의정",
      "teller": "左议政",
      "title": "S公司",
      "content": "至今为止你所看到的景象如何？从底层走来的你和被温室哺育成长的老夫，目之所及的景色应该大相径庭。"
    },
    {
      "id": 21,
      "content": "那孩子拨弄起棋子，短暂思考后轻声作出了回答。"
    },
    {
      "id": 22,
      "model": "뫼르소",
      "teller": "默尔索",
      "title": "护卫武士",
      "content": "大人要走的是一条幽暗而艰难的路。"
    },
    {
      "id": 23,
      "model": "뫼르소",
      "teller": "默尔索",
      "title": "护卫武士",
      "content": "但我认为，为了这座巢以及巢中的羽，您一定能做出坚决的判断。"
    },
    {
      "id": 24,
      "content": "老人默默蹙起了眉头。似乎是不满意孩子给出的答案。"
    },
    {
      "id": 25,
      "model": "좌의정",
      "teller": "左议政",
      "title": "S公司",
      "content": "从始至终你都不愿意表明自己的意见。"
    },
    {
      "id": 26,
      "model": "좌의정",
      "teller": "左议政",
      "title": "S公司",
      "content": "可正因如此，老夫才将你留在身边。"
    },
    {
      "id": 27,
      "model": "뫼르소",
      "teller": "默尔索",
      "title": "护卫武士",
      "content": "十分抱歉。我的回答没能让您满意。"
    },
    {
      "id": 28,
      "model": "좌의정",
      "teller": "左议政",
      "title": "S公司",
      "content": "哈哈，算了。有什么好道歉的。"
    },
    {
      "id": 29,
      "model": "좌의정",
      "teller": "左议政",
      "title": "S公司",
      "content": "……如果你当初不跟从老夫而是追随右议政，如今或许能成为云剑的候选者。"
    },
    {
      "id": 30,
      "model": "좌의정",
      "teller": "左议政",
      "title": "S公司",
      "content": "S公司中凡踏入武道一途者，谁人不憧憬这故土第一剑的头衔？"
    },
    {
      "id": 31,
      "model": "좌의정",
      "teller": "左议政",
      "title": "S公司",
      "content": "你，不会说什么自己对这些不感兴趣之类的玩笑话吧。"
    },
    {
      "id": 32,
      "model": "뫼르소",
      "teller": "默尔索",
      "title": "护卫武士",
      "content": "将我这把剑收入囊中的是左议政大人。"
    },
    {
      "id": 33,
      "content": "那孩子没有丝毫犹豫，坦然回应。"
    },
    {
      "id": 34,
      "model": "뫼르소",
      "teller": "默尔索",
      "title": "护卫武士",
      "content": "那么，如何处置这把剑全将听凭左议政大人的意愿。"
    },
    {
      "id": 35,
      "model": "좌의정",
      "teller": "左议政",
      "title": "S公司",
      "content": "哈，这年轻人。怎么都说到这份儿上了还能如此不假思索地做出回答。"
    },
    {
      "id": 36,
      "model": "뫼르소",
      "teller": "默尔索",
      "title": "护卫武士",
      "content": "我认为并不需要犹豫。"
    },
    {
      "id": 37,
      "model": "좌의정",
      "teller": "左议政",
      "title": "S公司",
      "content": "……"
    },
    {
      "id": 38,
      "content": "虽然那老人，左议政嘴角似乎高兴地上扬，但目光中却流露出悲伤。"
    },
    {
      "id": 39,
      "model": "좌의정",
      "teller": "左议政",
      "title": "S公司",
      "content": "你这样说，那老夫可有个不情之请。"
    },
    {
      "id": 40,
      "model": "뫼르소",
      "teller": "默尔索",
      "title": "护卫武士",
      "content": "请您下令。"
    },
    {
      "id": 41,
      "model": "좌의정",
      "teller": "左议政",
      "title": "S公司",
      "content": "下周，老夫想在上诉上赌一把。到那时为止……保护好我这老家伙。"
    },
    {
      "id": 42,
      "model": "뫼르소",
      "teller": "默尔索",
      "title": "护卫武士",
      "content": "我不理解您为什么将理所当然的事情称作请求。"
    },
    {
      "id": 43,
      "model": "뫼르소",
      "teller": "默尔索",
      "title": "护卫武士",
      "content": "……明白了，在那之后您要罢免我吗。"
    },
    {
      "id": 44,
      "model": "좌의정",
      "teller": "左议政",
      "title": "S公司",
      "content": "这不是挺会开玩笑的吗！哈哈！"
    },
    {
      "id": 45,
      "model": "좌의정",
      "teller": "左议政",
      "title": "S公司",
      "content": "……这之中写的都是关于此地的丑陋秘密、阴险恶行以及研究内容。"
    },
    {
      "id": 46,
      "model": "좌의정",
      "teller": "左议政",
      "title": "S公司",
      "content": "只要这份内容能传递过去，足以让S公司天翻地覆。"
    },
    {
      "id": 47,
      "model": "뫼르소",
      "teller": "默尔索",
      "title": "护卫武士",
      "content": "……"
    },
    {
      "id": 48,
      "model": "좌의정",
      "teller": "左议政",
      "title": "S公司",
      "content": "如此有力的内容，必然会比平常招来更多瞄准老夫性命的刺客。"
    },
    {
      "id": 49,
      "model": "좌의정",
      "teller": "左议政",
      "title": "S公司",
      "content": "……成为老夫行于路上的利刃，护至最后一刻。这才是请求。"
    },
    {
      "id": 50,
      "model": "뫼르소",
      "teller": "默尔索",
      "title": "护卫武士",
      "content": "遵命。"
    },
    {
      "id": 51,
      "content": "孩子立即向老人作出回答。因为根本无需踌躇。"
    },
    {
      "id": 52,
      "content": "对那孩子而言，保护左议政如同呼吸般理所应当。"
    },
    {
      "id": 53,
      "content": "……甚至没曾想过自己会失职。"
    },
    {
      "id": 54,
      "content": "尽管孩子信誓旦旦，老人最后仍未能幸免。"
    },
    {
      "id": 55,
      "content": "即使身怀无人能及的实力，即使如此，那孩子也无法只身凭借手中刀剑与S公司所有掌权者的阴谋诡计抗衡。"
    },
    {
      "id": 56,
      "content": "谁，又是靠何种方式杀害了老人……S公司的人们无从猜测。"
    },
    {
      "id": 57,
      "content": "但那孩子知晓。"
    },
    {
      "id": 58,
      "content": "这是身为老人政敌的右议政所为。"
    },
    {
      "id": 59,
      "content": "黎明时刻，众人已然沉入梦乡。"
    },
    {
      "id": 60,
      "content": "正在睡梦中的老人被未知的声响惊醒。"
    },
    {
      "id": 61,
      "model": "우의정",
      "teller": "右议政",
      "title": "S公司",
      "content": "谁……是谁在哪儿？"
    },
    {
      "id": 62,
      "content": "老人缓缓打开发出声音的拉门……"
    },
    {
      "id": 63,
      "model": "우의정",
      "teller": "右议政",
      "title": "S公司",
      "content": "啊……？！"
    },
    {
      "id": 64,
      "content": "与那孩子四目交汇。"
    },
    {
      "id": 65,
      "model": "뫼르소",
      "teller": "默尔索",
      "title": "？？？",
      "content": "果然是你。"
    },
    {
      "id": 66,
      "model": "우의정",
      "teller": "右议政",
      "title": "S公司",
      "content": "你、你为什么还活着。你是怎么到这里……"
    },
    {
      "id": 67,
      "content": "孩子周围尽是身首异处的人。"
    },
    {
      "id": 68,
      "content": "除了仿佛被附身似的，用饱含邪气的眼神盯着右议政的孩子以外，只剩已经四分五裂的右议政的护卫。"
    },
    {
      "id": 69,
      "model": "우의정",
      "teller": "右议政",
      "title": "S公司",
      "content": "如、如果在这里砍了我，不单单是你，你的家族都将被满门抄斩！"
    },
    {
      "id": 70,
      "model": "우의정",
      "teller": "右议政",
      "title": "S公司",
      "content": "朝廷的推奴者会盯上你们！！谁、谁都知道，哪怕离开了S公司，推奴者也会一直穷追不舍！"
    },
    {
      "id": 71,
      "content": "在严格执行传统和等级制度的S公司，如果雇主逃跑或者犯下禁忌，就会派出推奴者去追捕。"
    },
    {
      "id": 72,
      "content": "在S公司，收尾人也可以被称作推奴者。"
    },
    {
      "id": 73,
      "content": "而且孩子知道，朝廷的推奴者……和其他翼的禁忌猎人相同，比任何人都要危险和难缠。"
    },
    {
      "id": 74,
      "model": "뫼르소",
      "teller": "默尔索",
      "title": "？？？",
      "content": "我不会斩下去。因为那不会带来任何改变。"
    },
    {
      "id": 75,
      "content": "孩子将剑收入鞘中，以冰冷而低沉的声音应答。"
    },
    {
      "id": 76,
      "model": "뫼르소",
      "teller": "默尔索",
      "title": "？？？",
      "content": "这只是警告。"
    },
    {
      "id": 77,
      "model": "뫼르소",
      "teller": "默尔索",
      "title": "？？？",
      "content": "这是在警告你们，如果某日遇见能将这腐败根茎连根拔起的人，我将回归此地。"
    },
    {
      "id": 78,
      "model": "뫼르소",
      "teller": "默尔索",
      "title": "？？？",
      "content": "也是在警告，斩下你的首级是多么轻而易举。"
    },
    {
      "id": 79,
      "model": "우의정",
      "teller": "右议政",
      "title": "S公司",
      "content": "什么……！"
    },
    {
      "id": 80,
      "content": "话音刚落，孩子消失在黎明的空气中。"
    },
    {
      "id": 81,
      "model": "우의정",
      "teller": "右议政",
      "title": "S公司",
      "content": "喂！！！现在立刻雇佣最有名的推奴者，把和那家伙有关的人全抓起来！"
    },
    {
      "id": 82,
      "model": "우의정",
      "teller": "右议政",
      "title": "S公司",
      "content": "一定要全抓起来，把他们吊在我面前！！！"
    },
    {
      "id": 83,
      "content": "远离那些嘈杂声响，孩子向S公司的边界前进。"
    },
    {
      "id": 84,
      "content": "那些在S公司饱受压迫，却依旧担任官职的友人们。"
    },
    {
      "id": 85,
      "content": "以及在S公司内以剑契组之名舞剑的众人，都等待着终有一日，他将率领他们卷土重来。"
    }
  ]
}