{
  "dataList": [
    {
      "id": 0,
      "model": "화난 직원",
      "teller": "愤怒的员工",
      "title": "玫瑰扳手工坊",
      "content": "……喂！之前的工作还没办完吗？"
    },
    {
      "id": 1,
      "model": "뫼르소",
      "teller": "默尔索",
      "title": "玫瑰扳手工坊",
      "content": "仍在进行中。预计将在约三小时后完成。"
    },
    {
      "id": 2,
      "model": "빌붙는 직원",
      "teller": "谄媚的员工",
      "title": "玫瑰扳手工坊",
      "content": "那个……这次能不能，只再帮我处理一件工作？哈哈，我会买饮料给你的。"
    },
    {
      "id": 3,
      "model": "뫼르소",
      "teller": "默尔索",
      "title": "玫瑰扳手工坊",
      "content": "请放在右手边第三份文件堆上。"
    },
    {
      "id": 4,
      "content": "这个收尾人事务所似乎总是充满活力。"
    },
    {
      "id": 5,
      "content": "其中，那孩子的座位附近尤其吵闹。"
    },
    {
      "id": 6,
      "content": "……仔细一看，传遍整个事务所的键盘声似乎大多也都是从这里传来的。"
    },
    {
      "id": 7,
      "model": "뫼르소",
      "teller": "默尔索",
      "title": "玫瑰扳手工坊",
      "content": "您好，这里是玫瑰扳手工坊的默尔索。我想向您咨询一下……"
    },
    {
      "id": 8,
      "content": "孩子一手打着电话，敲击键盘的速度却分毫未减。"
    },
    {
      "id": 9,
      "model": "뫼르소",
      "teller": "默尔索",
      "title": "玫瑰扳手工坊",
      "content": "啊，是的。与以往一样，我们工坊本次制作的新道具也会交予Tres协会进行审查……"
    },
    {
      "id": 10,
      "content": "与此同时，他也没有忘记时不时用笔在一旁的纸上做记录。"
    },
    {
      "id": 11,
      "content": "<Tres协会 阁下。1. 平日里十分承蒙关照，衷心表示感谢。>"
    },
    {
      "id": 12,
      "content": "那孩子正在做的，应该是为了贩卖工坊事务所开发出的装备而在办理手续吧。"
    },
    {
      "id": 13,
      "content": "Tres协会……被称为工坊协会的那个协会，负责对都市中的所有工坊制品进行功能审查。"
    },
    {
      "id": 14,
      "content": "不过，也不是每家每户捣鼓出来的机器都需要进行审查……但如果想要贩卖的话，是必须经过审查注册的。"
    },
    {
      "id": 15,
      "content": "未经许可就流通……是被禁止的。"
    },
    {
      "id": 16,
      "model": "부탁이 많은 직원",
      "teller": "要求众多的员工",
      "title": "玫瑰扳手工坊",
      "content": "哦……你电话打完了？怎么样，进展还顺利吗？"
    },
    {
      "id": 17,
      "model": "뫼르소",
      "teller": "默尔索",
      "title": "玫瑰扳手工坊",
      "content": "是的。因为是简单的装备，所以现在就能办理注册手续。"
    },
    {
      "id": 18,
      "model": "부탁이 많은 직원",
      "teller": "要求众多的员工",
      "title": "玫瑰扳手工坊",
      "content": "不愧是你！这次也做的很好~！"
    },
    {
      "id": 19,
      "model": "뫼르소",
      "teller": "默尔索",
      "title": "玫瑰扳手工坊",
      "content": "还有需要以书面形式提交以供二次批准的文件。在第二份文件堆上的……"
    },
    {
      "id": 20,
      "model": "부탁이 많은 직원",
      "teller": "要求众多的员工",
      "title": "玫瑰扳手工坊",
      "content": "啊哈哈……我说过的，这些东西全都由你来决定就行。"
    },
    {
      "id": 21,
      "model": "뫼르소",
      "teller": "默尔索",
      "title": "玫瑰扳手工坊",
      "content": "……我明白了。"
    },
    {
      "id": 22,
      "content": "那孩子从未拒绝过请求。"
    },
    {
      "id": 23,
      "content": "正确地说，是没有拒绝的理由。"
    },
    {
      "id": 24,
      "content": "因为在这事务所中，他是最有能力，也是工作效率最高的孩子。"
    },
    {
      "id": 25,
      "content": "那孩子也知道这个事实……"
    },
    {
      "id": 26,
      "content": "因此，自己需要承担工作是理所当然。"
    },
    {
      "id": 27,
      "model": "뫼르소",
      "teller": "默尔索",
      "title": "玫瑰扳手工坊",
      "content": "嗯！"
    },
    {
      "id": 28,
      "content": "虽然处理内务比外勤更多，但在外勤方面也能比所有人都优秀的那孩子，"
    },
    {
      "id": 29,
      "content": "已经有好几周都没能回家，只是在事务所与现场不断往返。"
    },
    {
      "id": 30,
      "model": "뫼르소",
      "teller": "默尔索",
      "title": "玫瑰扳手工坊",
      "content": "……累了。"
    },
    {
      "id": 31,
      "content": "孩子一边揉着眉头，一边轻声叹气。"
    },
    {
      "id": 32,
      "content": "屏幕上显示出<邮箱地址不存在。>的文字。"
    },
    {
      "id": 33,
      "content": "嗯，毕竟也不是都市中所有地方都连接了计算机通讯网络。当然也存在只能以书面内容沟通的客户。"
    },
    {
      "id": 34,
      "model": "뫼르소",
      "teller": "默尔索",
      "title": "玫瑰扳手工坊",
      "content": "还……需要重写。预定完成时间将会因此延长2小时17分钟。"
    },
    {
      "id": 35,
      "content": "孩子一边嘟哝着一边拿起笔。"
    },
    {
      "id": 36,
      "content": "说到底工坊的收尾人……应该是像铁匠一样，比起笔更喜欢锤子，比起纸更喜欢铁板的收尾人。"
    },
    {
      "id": 37,
      "content": "只有这孩子，积攒了一堆工作……似乎和负责处理业务的公司员工没有区别。"
    },
    {
      "id": 38,
      "model": "뫼르소",
      "teller": "默尔索",
      "title": "玫瑰扳手工坊",
      "content": "……是，十分感谢您的来电。这里是玫瑰扳手工坊事务所的默尔索。请讲。"
    },
    {
      "content": "即使如此，或许也正因为这孩子承担了业务工作，这座工坊才得以运转下去。"
    }
  ]
}