{
  "dataList": [
    {
      "id": 0,
      "content": "这个孩子被身着重甲的人群所包围着。"
    },
    {
      "id": 1,
      "content": "人群中的每一个人都一手握着巨大的钢钉，另一手拿着更为庞大的铁锤。那铁锤大到几乎一只手都难以握住其手柄。"
    },
    {
      "id": 2,
      "teller": "虔诚的异端审判官",
      "title": "N公司 中锤",
      "content": "大锤。"
    },
    {
      "id": 3,
      "content": "人群中的一人走到这孩子身边，说道。"
    },
    {
      "id": 4,
      "teller": "虔诚的异端审判官",
      "title": "N公司 中锤",
      "content": "这片区域中已无异端者的身影。"
    },
    {
      "id": 5,
      "model": "뫼르소",
      "teller": "默尔索",
      "title": "N公司 大锤",
      "content": "……"
    },
    {
      "id": 6,
      "content": "被称作“大锤”的孩子轻轻地叹了口气。那呼吸似乎有些颤抖。"
    },
    {
      "id": 7,
      "model": "뫼르소",
      "teller": "默尔索",
      "title": "N公司 大锤",
      "content": "你可以带队回去了。"
    },
    {
      "id": 8,
      "content": "那孩子的声音总是这么低沉而冷漠。"
    },
    {
      "id": 9,
      "content": "受到脸上常年戴着的面具影响，他的声音听起来有种神圣的回音。"
    },
    {
      "id": 10,
      "teller": "虔诚的异端审判官",
      "title": "N公司 中锤",
      "content": "那您呢？大锤您……"
    },
    {
      "id": 11,
      "model": "뫼르소",
      "teller": "默尔索",
      "title": "N公司 大锤",
      "content": "我有义务进行最后的确认。这是执柄者赋予的职责。"
    },
    {
      "id": 12,
      "teller": "虔诚的异端审判官",
      "title": "N公司 中锤",
      "content": "如执柄者所愿。"
    },
    {
      "id": 13,
      "content": "咔哒，咔哒。"
    },
    {
      "id": 14,
      "content": "所有人都离开了，只留下那孩子一人待在这遍地横尸的走廊。"
    },
    {
      "id": 15,
      "model": "뫼르소",
      "teller": "默尔索",
      "title": "N公司 大锤",
      "content": "呼……"
    },
    {
      "id": 16,
      "content": "那孩子摘下了面具。"
    },
    {
      "id": 17,
      "content": "随后，露出了那被遮盖的面容。"
    },
    {
      "id": 18,
      "content": "覆盖在嘴部的小型机械仪器，嵌入他皮肤的诡异的绿色管道。"
    },
    {
      "id": 19,
      "content": "没错，这仪器应该来源于K公司。"
    },
    {
      "id": 20,
      "model": "뫼르소",
      "teller": "默尔索",
      "title": "N公司 大锤",
      "content": "我的信仰……即将消逝。"
    },
    {
      "id": 21,
      "content": "那孩子的声音听起来比刚才更加颤抖。但这并非恐惧所致。"
    },
    {
      "id": 22,
      "content": "而是久困于桎梏的某种东西正在挣扎，试图奔涌而出。"
    },
    {
      "id": 23,
      "model": "뫼르소",
      "teller": "默尔索",
      "title": "N公司 大锤",
      "content": "呃！"
    },
    {
      "id": 24,
      "content": "然而，这动摇很快便平息了。"
    },
    {
      "id": 25,
      "content": "看上去那孩子对他嘴上的仪器做了些什么。导管里的液体立即涌入其中。"
    },
    {
      "id": 26,
      "model": "뫼르소",
      "teller": "默尔索",
      "title": "N公司 大锤",
      "content": "我……是纯粹的……"
    },
    {
      "id": 27,
      "content": "咔哒，咔哒。"
    },
    {
      "id": 28,
      "model": "뫼르소",
      "teller": "默尔索",
      "title": "N公司 大锤",
      "content": "我是忠于执柄者的……铁锤……"
    },
    {
      "id": 29,
      "content": "孩子再次戴上了面具。"
    },
    {
      "id": 30,
      "content": "而后，他转身离开，自己喃喃着什么。"
    }
  ]
}