{
  "dataList": [
    {
      "id": 0,
      "model": "뫼르소",
      "teller": "默尔索",
      "title": "中指",
      "content": "暂且到此为止。"
    },
    {
      "id": 1,
      "model": "???",
      "teller": "？？？",
      "title": "？？？",
      "content": "……呃啊！"
    },
    {
      "id": 2,
      "content": "那孩子抓着满身是血的男人的领子，左右摇晃着，仔细观察着每一处。"
    },
    {
      "id": 3,
      "content": "任谁看那人都已经无力反抗，但那孩子却好似在玩找不同一样，有条不紊地端详着他，像是担心漏掉任何一个细节。"
    },
    {
      "id": 4,
      "model": "뫼르소",
      "teller": "默尔索",
      "title": "中指",
      "content": "第3条第4项……G列。以身体击打其腹部三次。完成。"
    },
    {
      "id": 5,
      "model": "뫼르소",
      "teller": "默尔索",
      "title": "中指",
      "content": "第11条第1项，A列。攻击其下面部一次，不问力度……完成。"
    },
    {
      "id": 6,
      "model": "뫼르소",
      "teller": "默尔索",
      "title": "中指",
      "content": "第7条第157项，C列……对应第5号。将保留至肩胛骨程度的右臂……"
    },
    {
      "id": 7,
      "model": "???",
      "teller": "？？？",
      "title": "？？？",
      "content": "呃啊啊啊！！！"
    },
    {
      "id": 8,
      "model": "뫼르소",
      "teller": "默尔索",
      "title": "中指",
      "content": "自身体上分离，完成。"
    },
    {
      "id": 9,
      "model": "???",
      "teller": "？？？",
      "title": "？？？",
      "content": "哈、啊……哈……这下结束了吧……？"
    },
    {
      "id": 10,
      "model": "뫼르소",
      "teller": "默尔索",
      "title": "中指",
      "content": "据我所知，正是如此。"
    },
    {
      "id": 11,
      "model": "???",
      "teller": "？？？",
      "title": "？？？",
      "content": "呜……我都说过对不住了……我只是在会所犯了个小错而已，为什么要做到这种地步……？！"
    },
    {
      "id": 12,
      "content": "男人绝望地哭喊着。喉咙中混杂的血痰让他不断发出令人恶心的咯咯声。"
    },
    {
      "id": 13,
      "model": "뫼르소",
      "teller": "默尔索",
      "title": "中指",
      "content": "因为那是中指管辖的会所。中指庇护下的一切人与物，都是中指的家人与所有物。"
    },
    {
      "id": 14,
      "model": "???",
      "teller": "？？？",
      "title": "？？？",
      "content": "妈的……我怎么可能知道……"
    },
    {
      "id": 15,
      "model": "???",
      "teller": "？？？",
      "title": "？？？",
      "content": "偏偏是中指……该死……"
    },
    {
      "id": 16,
      "content": "从那个紧皱眉头，死死抓着被扯下的肩膀的男人的凶恶长相和体型来看，他应该也擅长力气活，但是……"
    },
    {
      "id": 17,
      "content": "或许是他自知面对中指无能为力，所以只是瘫坐在地，深叹一口气。"
    },
    {
      "id": 18,
      "model": "???",
      "teller": "？？？",
      "title": "？？？",
      "content": "妈的……我该怎么把手接回去……"
    },
    {
      "id": 19,
      "model": "???",
      "teller": "？？？",
      "title": "？？？",
      "content": "……这下能从账簿上把我的名字划掉了吧？"
    },
    {
      "id": 20,
      "model": "뫼르소",
      "teller": "默尔索",
      "title": "中指",
      "content": "……"
    },
    {
      "id": 21,
      "content": "孩子默不作声。"
    },
    {
      "id": 22,
      "content": "只是，翻动着手上小小的账簿，寻找着什么。"
    },
    {
      "id": 23,
      "model": "뫼르소",
      "teller": "默尔索",
      "title": "中指",
      "content": "……在对你施行复仇之前，我观察了你约一小时。"
    },
    {
      "id": 24,
      "model": "???",
      "teller": "？？？",
      "title": "？？？",
      "content": "……！"
    },
    {
      "id": 25,
      "model": "뫼르소",
      "teller": "默尔索",
      "title": "中指",
      "content": "我到达之前得知，你所犯下的罪有三项。"
    },
    {
      "id": 26,
      "model": "뫼르소",
      "teller": "默尔索",
      "title": "中指",
      "content": "事实上不止如此。"
    },
    {
      "id": 27,
      "model": "???",
      "teller": "？？？",
      "title": "？？？",
      "content": "那、那是……因为我不知道这里是中指的地盘！"
    },
    {
      "id": 28,
      "model": "뫼르소",
      "teller": "默尔索",
      "title": "中指",
      "content": "你的无知并不能为你对中指造成的损失开脱。"
    },
    {
      "id": 29,
      "content": "孩子应该是找齐了内容，“啪”一声合上了账簿。"
    },
    {
      "id": 30,
      "content": "随后，他抓着男人的头发，将他往某处拖去。"
    },
    {
      "id": 31,
      "model": "???",
      "teller": "？？？",
      "title": "？？？",
      "content": "啊、啊啊啊！！！"
    },
    {
      "id": 32,
      "model": "뫼르소",
      "teller": "默尔索",
      "title": "中指",
      "content": "站座B排4号。对身为会所经理的幼兄口出恶言一罪。"
    },
    {
      "id": 33,
      "model": "???",
      "teller": "？？？",
      "title": "？？？",
      "content": "我说了我不知道经理是中指的人！！"
    },
    {
      "id": 34,
      "model": "뫼르소",
      "teller": "默尔索",
      "title": "中指",
      "content": "揪住头发将其带至桌子附近，击打其额头两次。"
    },
    {
      "id": 35,
      "model": "???",
      "teller": "？？？",
      "title": "？？？",
      "content": "咕啊、啊！！！"
    },
    {
      "id": 36,
      "model": "뫼르소",
      "teller": "默尔索",
      "title": "中指",
      "content": "完成。"
    },
    {
      "id": 37,
      "model": "???",
      "teller": "？？？",
      "title": "？？？",
      "content": "不是，只是说他头发乱糟糟的就算是说坏话了？！"
    },
    {
      "id": 38,
      "model": "뫼르소",
      "teller": "默尔索",
      "title": "中指",
      "content": "同时，其辱骂的内容对幼兄来说相当敏感一罪。"
    },
    {
      "id": 39,
      "model": "뫼르소",
      "teller": "默尔索",
      "title": "中指",
      "content": "使幼兄不适地叹了两次气一罪。"
    },
    {
      "id": 40,
      "model": "뫼르소",
      "teller": "默尔索",
      "title": "中指",
      "content": "……囊括起来，唯有以命相抵才算复仇结束。"
    },
    {
      "id": 41,
      "model": "???",
      "teller": "？？？",
      "title": "？？？",
      "content": "啊、啊？不、不行……！"
    },
    {
      "id": 42,
      "model": "뫼르소",
      "teller": "默尔索",
      "title": "中指",
      "content": "接下来的流程想必你心知肚明，因此我不再多说。"
    },
    {
      "id": 43,
      "model": "뫼르소",
      "teller": "默尔索",
      "title": "中指",
      "content": "你需带着对侮辱中指一事的后悔之情而死。"
    },
    {
      "id": 44,
      "content": "……一阵锁链的叮当声后，仅剩曾是人的东西扑通一声倒在地上的声音。"
    },
    {
      "id": 45,
      "content": "那意味着孩子又完成了一项工作。"
    },
    {
      "id": 46,
      "model": "친근한 작은 아우",
      "teller": "友善的幼弟",
      "title": "中指",
      "content": "哇~默尔索，你又杀了一个人？"
    },
    {
      "id": 47,
      "model": "뫼르소",
      "teller": "默尔索",
      "title": "中指",
      "content": "是的。"
    },
    {
      "id": 48,
      "model": "능글맞은 작은 아우",
      "teller": "油嘴滑舌的幼弟",
      "title": "中指",
      "content": "哎呀，那人确实只需要扯掉一条胳膊就能完事的，你又是从哪里找出了条目？"
    },
    {
      "id": 49,
      "model": "뫼르소",
      "teller": "默尔索",
      "title": "中指",
      "content": "我只是进行了观察。"
    },
    {
      "id": 50,
      "model": "친근한 작은 아우",
      "teller": "友善的幼弟",
      "title": "中指",
      "content": "又、又这么谦虚~幼兄也一定会高兴吧？"
    },
    {
      "id": 51,
      "model": "뫼르소",
      "teller": "默尔索",
      "title": "中指",
      "content": "那是我的荣幸。"
    },
    {
      "id": 52,
      "content": "在表情和话语都略显僵硬的孩子旁边，伙伴们吵吵嚷嚷的围成一团。"
    },
    {
      "id": 53,
      "content": "虽然孩子看上去与那人群格格不入……"
    },
    {
      "id": 54,
      "content": "但对孩子而言那些无关紧要。"
    },
    {
      "id": 55,
      "content": "打成一片也好，格格不入也罢。孩子只是依照书中所写的内容完成工作而已。"
    }
  ]
}