{
  "dataList": [
    {
      "id": 0,
      "content": "那是硝烟弥漫的空间。"
    },
    {
      "id": 1,
      "content": "虽然空间宽广，天空也足够开阔。"
    },
    {
      "id": 2,
      "content": "但血与土的气味充斥着双肺，令我感到痛苦，粗重而短促的呼吸反复模糊我的视野。"
    },
    {
      "id": 3,
      "content": "那里充斥着鞋子踩踏在地板上的声音，拳头殴打着腹部、肋骨、面部、胸腔。那是不论何处都能穿来被刺入的声响的地狱。"
    },
    {
      "id": 4,
      "content": "以及难以计数的我，我，与我。"
    },
    {
      "id": 5,
      "content": "那里被称为孵化场。"
    },
    {
      "id": 6,
      "content": "要想成为R公司的战斗员，任何人都必须经历孵化场。"
    },
    {
      "id": 7,
      "content": "在那之中是克隆出的无数的自己。如同被关入昏暗壶中的毒虫一般，和无数的自己战斗，只为了在其中活下来。"
    },
    {
      "id": 8,
      "content": "如此便能够在短时间内获得战斗经验，并且筛选出最优秀的一个。"
    },
    {
      "id": 9,
      "content": "因此，活下来的究竟是不是原型并不重要。"
    },
    {
      "id": 10,
      "content": "因为最终，复制体中最为优秀的那人将会成为“我”。"
    },
    {
      "id": 11,
      "content": "于是花费时间选拔出的我，经由他们得以孵化。"
    },
    {
      "id": 12,
      "content": "为了驱动庞大的外骨骼装甲，我接受了适应手术，随后得到和自己相配的装甲。"
    },
    {
      "id": 13,
      "content": "即使离开了孵化场，也不代表一切都已结束。"
    },
    {
      "id": 14,
      "content": "那庞大的装甲在不断吸收着生物能。"
    },
    {
      "id": 15,
      "content": "所谓的适应手术，是将我的能量转换成装甲的能量。我被分配到的队伍认为这是理所当然的。"
    },
    {
      "id": 16,
      "content": "这工作并不轻松。装甲中的同事与我都不断地抱怨这种装甲造成的疲劳。"
    },
    {
      "id": 17,
      "content": "但我们宁可自掏腰包补充咖啡因和糖分，也不愿再回到比这装备内部不知道可怕多少倍的孵化场里去。"
    },
    {
      "id": 18,
      "content": "如果不能在战斗中取得预期的成果，就会再次被拖回孵化场……"
    },
    {
      "id": 19,
      "content": "回到与我、我和我互为敌人的，漫无止境的战斗。"
    },
    {
      "id": 20,
      "content": "与拿着厚重武器的其他同事不同，我一直使用着硬化腕刀；这么做的理由也一样。"
    },
    {
      "id": 21,
      "content": "因为我……正是凭此存活下来的。"
    }
  ]
}