{
  "dataList": [
    {
      "id": 0,
      "model": "뫼르소",
      "title": "Dieci协会 4科 科长",
      "content": "……这并非难以回答的问题。"
    },
    {
      "id": 1,
      "model": "뫼르소",
      "title": "Dieci协会 4科 科长",
      "content": "与情报不同，获取知识需要伴随着认知与理解的过程。将所获取的情报通过自身的多种观点亲身咀嚼回味后，才会成为知识。"
    },
    {
      "id": 2,
      "content": "阅览室内仅有翻页声回荡。"
    },
    {
      "id": 3,
      "content": "孩子的视线固定在书本上，低声回答着手持手册的人提出的各种疑问。"
    },
    {
      "id": 4,
      "teller": "记者",
      "title": "？？？",
      "content": "并不是单纯的所见所闻……嗯！虽然挺高深的，但我好像略微明白一点了！"
    },
    {
      "id": 5,
      "teller": "记者",
      "title": "？？？",
      "content": "那这么说来晚自习的目的是……为了更好地理解……呃，也就是为了更进一步地积累知识吗？"
    },
    {
      "id": 6,
      "content": "记者一边将孩子的话详尽地记录下来，一边像是个求知欲旺盛的学生一样提出疑问。"
    },
    {
      "id": 7,
      "content": "每一次提出疑问都能获得比预期中更加详细的回答，这让记者十分高兴。"
    },
    {
      "id": 8,
      "content": "毕竟平常做采访的时候，很少有人能给出这么有价值的回答……"
    },
    {
      "id": 9,
      "content": "说不定她正在心底悄悄擦拭喜悦的泪水呢。"
    },
    {
      "id": 10,
      "model": "뫼르소",
      "title": "Dieci协会 4科 科长",
      "content": "这也是一种观点。并不错。只是有其他原因存在。"
    },
    {
      "id": 11,
      "teller": "记者",
      "title": "？？？",
      "content": "其他原因是指……"
    },
    {
      "id": 12,
      "model": "뫼르소",
      "title": "Dieci协会 4科 科长",
      "content": "晚自习同时也是补习。完成委托后，可以在这段时间内重新积累挥发掉的知识。"
    },
    {
      "id": 13,
      "model": "뫼르소",
      "title": "Dieci协会 4科 科长",
      "content": "复习已挥发的知识，又在复习的过程中习得新的知识。这就是Dieci协会的晚自习。"
    },
    {
      "id": 14,
      "teller": "记者",
      "title": "？？？",
      "content": "复习虽然重要，但也不能懈怠于积累新的知识……您说得很好。"
    },
    {
      "id": 15,
      "teller": "记者",
      "title": "？？？",
      "content": "那现况符合预期吗？"
    },
    {
      "id": 16,
      "content": "话音刚落，从附近便传出了零食袋子沙沙作响的声音。"
    },
    {
      "id": 17,
      "content": "孩子的眉头微微一颤，记者忍俊不禁，用手遮住了嘴。"
    },
    {
      "id": 18,
      "content": "像是在寻找犯人一般，孩子以敏锐的目光环顾四周，一边轻叹了一声，一边回答了记者。"
    },
    {
      "id": 19,
      "model": "뫼르소",
      "title": "Dieci协会 4科 科长",
      "content": "……虽然仍有不足，但也达成了预期效果。"
    },
    {
      "id": 20,
      "teller": "记者",
      "title": "？？？",
      "content": "哈哈，看样子挺不容易的~"
    },
    {
      "id": 21,
      "content": "面对这一连串有趣的情况，记者哑然失笑，在手册中写下了一句“虽然很生硬，但并没有想象中那么严厉”。"
    },
    {
      "id": 22,
      "teller": "记者",
      "title": "？？？",
      "content": "下一个问题……在都市内，果然一提到Dieci协会，就给人一种遗物和废墟相关委托的专家的感觉。对于这种委托您个人有什么想法吗？"
    },
    {
      "id": 23,
      "model": "뫼르소",
      "title": "Dieci协会 4科 科长",
      "content": "我只是按照收留了自己的Dieci协会的期望来完成委托。"
    },
    {
      "id": 24,
      "model": "뫼르소",
      "title": "Dieci协会 4科 科长",
      "content": "但如果还是想问我的想法……嗯。我应该能够基于现有情报给出答复。"
    },
    {
      "id": 25,
      "model": "뫼르소",
      "title": "Dieci协会 4科 科长",
      "content": "遗物的使用方式和原理较为特殊，必定需要分析与探究。而在这一过程中可以得到高质量的知识……"
    },
    {
      "id": 26,
      "model": "뫼르소",
      "title": "Dieci协会 4科 科长",
      "content": "同时还能亲身体验废墟的奇异环境。我认为这是最好的学习场所之一。"
    },
    {
      "id": 27,
      "teller": "记者",
      "title": "？？？",
      "content": "把废墟当作学习的地方……尽管观点很独特，但很帅！"
    },
    {
      "id": 28,
      "content": "虽然记者在笔记上写下的内容是“听不太懂，应该是很复杂又很帅气的话”，但她还是像完全理解了一般对孩子露出了明朗的笑容。"
    },
    {
      "id": 29,
      "teller": "记者",
      "title": "？？？",
      "content": "那么最后……科长作为收尾人有长期的目标吗？比如想要获得特别的知识什么的……"
    },
    {
      "id": 30,
      "model": "뫼르소",
      "title": "Dieci协会 4科 科长",
      "content": "目标是谒见圣者。"
    },
    {
      "id": 31,
      "teller": "记者",
      "title": "？？？",
      "content": "圣者……是什么样的人呢？"
    },
    {
      "id": 32,
      "model": "뫼르소",
      "title": "Dieci协会 4科 科长",
      "content": "西部，东部，北部，南部。Dieci协会在每个地区都有一位圣者。他们都是拥有无数知识的智者。"
    },
    {
      "id": 33,
      "teller": "记者",
      "title": "？？？",
      "content": "哦哦……憧憬的偶像！真是不错的目标啊~目标只是见面的话，圣者们应该很忙吧？"
    },
    {
      "id": 34,
      "model": "뫼르소",
      "title": "Dieci协会 4科 科长",
      "content": "嗯。准确来说，是现在的我还无法见面。"
    },
    {
      "id": 35,
      "teller": "记者",
      "title": "？？？",
      "content": "是有资格要求吗……？"
    },
    {
      "id": 36,
      "model": "뫼르소",
      "title": "Dieci协会 4科 科长",
      "content": "我必须不懈地精进学业……积攒更多的知识。"
    },
    {
      "id": 37,
      "teller": "记者",
      "title": "？？？",
      "content": "哈哈，我想科长应该很快就能见到圣者了吧？"
    },
    {
      "id": 38,
      "teller": "记者",
      "title": "？？？",
      "content": "那么，采访就到此为……"
    },
    {
      "id": 39,
      "content": "就在记者把笔记本放回口袋时，突然响起了巨大的警报声。"
    },
    {
      "id": 40,
      "content": "孩子听了跑过来的图书管理员的话语，平静地点了点头。"
    },
    {
      "id": 41,
      "content": "和记者的慌张相对，孩子冷静地向她说明了情况。"
    },
    {
      "id": 42,
      "model": "뫼르소",
      "title": "Dieci协会 4科 科长",
      "content": "似乎有人入侵了，目的是圣物。"
    },
    {
      "id": 43,
      "teller": "记者",
      "title": "？？？",
      "content": "圣物……吗？"
    },
    {
      "id": 44,
      "content": "高阶收尾人应该对Dieci协会的圣物有所了解……"
    },
    {
      "id": 45,
      "content": "但只听过些许传闻的记者却满脸疑惑。"
    },
    {
      "id": 46,
      "content": "看着无意回答的孩子，记者很快又问了其他的问题。"
    },
    {
      "id": 47,
      "teller": "记者",
      "title": "？？？",
      "content": "入侵者是谁……？竟然袭击协会……"
    },
    {
      "id": 48,
      "model": "뫼르소",
      "title": "Dieci协会 4科 科长",
      "content": "最近多了一个觊觎圣物的帮派。一定是他们做的吧。"
    },
    {
      "id": 49,
      "model": "뫼르소",
      "title": "Dieci协会 4科 科长",
      "content": "他们都带着特征鲜明的红色面罩，幸好不难发现。"
    },
    {
      "id": 50,
      "content": "孩子从座位上起身，将圣带缠在拳上。"
    },
    {
      "id": 51,
      "content": "呆呆注视着他的动作的记者很快便用担心的眼神看向孩子。"
    },
    {
      "id": 52,
      "content": "她觉得，如果他们的目的是协会的遗物，那肯定和后巷中地痞流氓的水平截然不同。"
    },
    {
      "id": 53,
      "teller": "记者",
      "title": "？？？",
      "content": "请、请小心。"
    },
    {
      "id": 54,
      "model": "뫼르소",
      "title": "Dieci协会 4科 科长",
      "content": "不用担心。因为我探求了许多知识。"
    },
    {
      "id": 55,
      "content": "另一边，入侵协会的帮派成员拿着从某处偷来的一把钥匙，万分懊恼。"
    },
    {
      "id": 56,
      "teller": "帮派成员",
      "title": "？？？",
      "content": "妈的，我听说这是圣物……但这连遗物都不是！"
    },
    {
      "id": 57,
      "content": "当然会这样，因为真正的圣物仅会由Dieci协会的圣者们持有。"
    },
    {
      "id": 58,
      "content": "其他图书管理员们拿着的圣带和钥匙……只不过是劣化版的圣物。"
    },
    {
      "id": 59,
      "model": "뫼르소",
      "title": "Dieci协会 4科 科长",
      "content": "把圣物的祝福误认为圣物。你盲从了错误的情报。"
    },
    {
      "id": 60,
      "teller": "帮派成员",
      "title": "？？？",
      "content": "既然这样了……哪怕用这个也……"
    },
    {
      "id": 61,
      "content": "帮派成员拿着钥匙猛扑了过去，而孩子连眼睛也不眨一下。"
    },
    {
      "id": 62,
      "content": "努力积累的知识化作明亮的光芒，缠绕在孩子的拳头之上……"
    },
    {
      "id": 63,
      "content": "很快便传来了杀气腾腾的地板塌陷之声。"
    },
    {
      "id": 64,
      "content": "事件解决后……"
    },
    {
      "id": 65,
      "content": "晚一步出来的记者眼睛瞪得像铜铃般，充满了震惊。"
    },
    {
      "id": 66,
      "teller": "记者",
      "title": "？？？",
      "content": "……"
    },
    {
      "id": 67,
      "content": "面对着倒下的帮派成员们和开裂的地板，以及毫发无伤的孩子的身姿，记者的笔丝毫没有停歇。"
    },
    {
      "id": 68,
      "content": "之前，她听那位喜欢吃东西的孩子说，Dieci协会不单单是积累知识的地方……"
    },
    {
      "id": 69,
      "content": "但是百闻不如一见。"
    },
    {
      "id": 70,
      "content": "而且……对于袭击他们的帮派成员们来说也同样如此。"
    },
    {
      "id": 71,
      "content": "记者本还以为他们有什么能夺走协会遗物的手段……"
    },
    {
      "id": 72,
      "content": "而帮派成员们只是不知道。"
    },
    {
      "id": 73,
      "content": "Dieci协会和孩子并不是只会积累知识的书呆子而已。"
    },
    {
      "id": 74,
      "model": "뫼르소",
      "title": "Dieci协会 4科 科长",
      "content": "他选择面对我，那我就再一次用这拳头让他有所领悟。"
    },
    {
      "id": 75,
      "content": "用这从无尽的探求与经验之中磨砺而出的强韧之拳。"
    }
  ]
}