{
  "dataList": [
    {
      "id": 0,
      "model": "홍루",
      "teller": "鸿璐",
      "title": "Dieci协会 4科",
      "content": "啊~原来是这样啊。看来这个是要这样读吧？"
    },
    {
      "id": 1,
      "content": "那孩子一个人嘟囔着，透过钥匙上的圆孔窥视着书本。"
    },
    {
      "id": 2,
      "content": "那本看起来只要接触的时候稍不用心就会碎掉的古书上，罗列着像密码一样各处蜿蜒的文字……"
    },
    {
      "id": 3,
      "content": "虽然孩子也不知道那些文字具体包含了什么意义。"
    },
    {
      "id": 4,
      "model": "홍루",
      "teller": "鸿璐",
      "title": "Dieci协会 4科",
      "content": "除了13种通用语以外……还有这样的语言标记方式啊~"
    },
    {
      "id": 5,
      "content": "不知道是不是从拿着的钥匙的圈里看到了别的东西，孩子冷静……而目不转睛地向其中窥视。"
    },
    {
      "id": 6,
      "model": "홍루",
      "teller": "鸿璐",
      "title": "Dieci协会 4科",
      "content": "嗯……这里再稍微缩小一点~"
    },
    {
      "id": 7,
      "content": "不仅如此，孩子还熟练地就像拉橡皮筋一样摆弄钥匙，把钥匙弄得小了一点后再次窥视着书本。"
    },
    {
      "id": 8,
      "model": "홍루",
      "teller": "鸿璐",
      "title": "Dieci协会 4科",
      "content": "果然~下面有擦除的痕迹啊？"
    },
    {
      "id": 9,
      "model": "홍루",
      "teller": "鸿璐",
      "title": "Dieci协会 4科",
      "content": "寻找被隐藏或被修改的记录的时候，果然没有比钥匙更好的东西了啊~"
    },
    {
      "id": 10,
      "content": "Dieci协会分为两个派别是众所周知的事实。"
    },
    {
      "id": 11,
      "content": "一边是直接通过手进行回收，亲自掌握以感受和分析的拳派。"
    },
    {
      "id": 12,
      "content": "而另一边……则是通过镜片间接地窥视而探究学习的钥派。"
    },
    {
      "id": 13,
      "content": "拳派自然地倾向于徒手进行格斗，这也是被他们用以获取知识的主要方式的精髓所鼓励的。"
    },
    {
      "id": 14,
      "content": "而钥派则自然而然地转向了将他们用以观察和获取知识从而积蓄力量的工具作为武器。"
    },
    {
      "id": 15,
      "model": "로쟈",
      "teller": "罗佳",
      "title": "Dieci协会 4科",
      "content": "唔……读这本书时不许用手触摸对吧？"
    },
    {
      "id": 16,
      "model": "이상",
      "teller": "李箱",
      "title": "Dieci协会 4科",
      "content": "正是如此。正因是古老的文件，受到些许冲击就有会变形的风险。"
    },
    {
      "id": 17,
      "model": "로쟈",
      "teller": "罗佳",
      "title": "Dieci协会 4科",
      "content": "嘁……明明直接接触才更容易掌握……"
    },
    {
      "id": 18,
      "model": "이상",
      "teller": "李箱",
      "title": "Dieci协会 4科",
      "content": "边看边写也很有帮助。来，看我写的这个对照表……"
    },
    {
      "id": 19,
      "content": "两个宗派只是根据个人喜好和伴随着每个孩子成长的特性来决定的。"
    },
    {
      "id": 20,
      "content": "在眼下这种情况下，看起来钥派更加方便的想法看来是无法被抹去了。"
    },
    {
      "id": 21,
      "content": "嗯，除了这种情况以外也……"
    },
    {
      "id": 22,
      "model": "홍루",
      "teller": "鸿璐",
      "title": "Dieci协会 4科",
      "content": "哎呀！"
    },
    {
      "id": 23,
      "content": "拳派为了战斗必须拉近距离，而钥派则有通过他们的工具拉开距离战斗的特征。"
    },
    {
      "id": 24,
      "model": "???",
      "teller": "？？？",
      "title": "？？？",
      "content": "嘎……"
    },
    {
      "id": 25,
      "model": "???",
      "teller": "？？？",
      "title": "？？？",
      "content": "怎么会，拿钥匙打人……"
    },
    {
      "id": 26,
      "model": "홍루",
      "teller": "鸿璐",
      "title": "Dieci协会 4科",
      "content": "哎呀，还有一个人啊？"
    },
    {
      "id": 27,
      "content": "小到可以挂在脖子上的钥匙能变得如此之大并不是众所周知的事实……"
    },
    {
      "id": 28,
      "content": "因此敌人无可奈何地被干掉也不是没有道理的。"
    },
    {
      "id": 29,
      "model": "홍루",
      "teller": "鸿璐",
      "title": "Dieci协会 4科",
      "content": "呼~今天负责的事情好像就到此为止了……"
    },
    {
      "id": 30,
      "content": "这么说的话，看起来如此有效的工具不可能没有缺点。"
    },
    {
      "id": 31,
      "model": "홍루",
      "teller": "鸿璐",
      "title": "Dieci协会 4科",
      "content": "对了……这里是哪里来着……"
    },
    {
      "id": 32,
      "content": "用钥匙窥视能获得知识，相对的意味着不用钥匙窥视得到的知识不能作为力量来积累。"
    },
    {
      "id": 33,
      "content": "将钥匙变大、赋予其质量，都需要使用通过钥匙积累的知识作为代价。"
    },
    {
      "id": 34,
      "content": "像那样不停挥舞巨大的钥匙的话，挥发的知识量也会自然而然的增加。"
    },
    {
      "id": 35,
      "model": "홍루",
      "teller": "鸿璐",
      "title": "Dieci协会 4科",
      "content": "哈哈，我又忘记了吗？"
    },
    {
      "id": 36,
      "content": "最终，总会以这种形式结束。"
    }
  ]
}