{
  "dataList": [
    {
      "id": 0,
      "model": "홍루",
      "title": "豆豆帮 头目",
      "content": "好，一个一个来~"
    },
    {
      "id": 1,
      "content": "这孩子的手法与身法迅捷到了令人瞠乎其后的程度。"
    },
    {
      "id": 2,
      "model": "홍루",
      "title": "豆豆帮 头目",
      "content": "啊~那边那位~如果你再这么半吊子地挥拳的话我会把你的头骨挖出来的~"
    },
    {
      "id": 3,
      "teller": "穿戴整齐的部下",
      "title": "豆豆帮",
      "content": "是的！万分抱歉！"
    },
    {
      "id": 4,
      "content": "即使这孩子忙得不可开交，他也不忘指使自己的部下。"
    },
    {
      "id": 5,
      "model": "홍루",
      "title": "豆豆帮 头目",
      "content": "好吧，好吧。所以说你们来这里是要干什么？"
    },
    {
      "id": 6,
      "content": "那孩子这次向找来自己的敌人们发了话。他的手在说话时也没有疏于斩断靠近的敌人。"
    },
    {
      "id": 7,
      "teller": "痛苦的入侵者",
      "title": "？？？",
      "content": "呃……汽、汽车塔……"
    },
    {
      "id": 8,
      "model": "홍루",
      "title": "豆豆帮 头目",
      "content": "汽车塔么？汽车塔怎么了？"
    },
    {
      "id": 9,
      "teller": "痛苦的入侵者",
      "title": "？？？",
      "content": "传闻……不是有关于J公司的传闻吗……"
    },
    {
      "id": 10,
      "model": "홍루",
      "title": "豆豆帮 头目",
      "content": "……嗯~有人知道这家伙在逼逼赖赖些什么吗？"
    },
    {
      "id": 11,
      "content": "那孩子冷漠地向他的部下们说道。当即其中一人迅速地回答了他。"
    },
    {
      "id": 12,
      "teller": "穿戴整齐的部下",
      "title": "豆豆帮",
      "content": "大、大概是那个……关于命运之轮的事情吧，大哥。"
    },
    {
      "id": 13,
      "model": "홍루",
      "title": "豆豆帮 头目",
      "content": "命运之轮……？就像，塔罗牌里的那个？"
    },
    {
      "id": 14,
      "content": "那孩子还是一脸未解地瞅着入侵者们。"
    },
    {
      "id": 15,
      "model": "홍루",
      "title": "豆豆帮 头目",
      "content": "所以为什么要在我们的地盘上找它？"
    },
    {
      "id": 16,
      "teller": "痛苦的入侵者",
      "title": "？？？",
      "content": "……轮子。"
    },
    {
      "id": 17,
      "model": "홍루",
      "title": "豆豆帮 头目",
      "content": "嗯？"
    },
    {
      "id": 18,
      "teller": "痛苦的入侵者",
      "title": "？？？",
      "content": "……车上……有……很多轮子……"
    },
    {
      "id": 19,
      "content": "那孩子的眼睛眯了起来。而且很快就愤怒地皱起了眉头。"
    },
    {
      "id": 20,
      "content": "随后……"
    },
    {
      "id": 21,
      "model": "홍루",
      "title": "豆豆帮 头目",
      "content": "有点扫兴啊……你们还是都去死吧？"
    },
    {
      "id": 22,
      "content": "他握紧匕首，用冰冷的声音说道。"
    }
  ]
}