{
  "dataList": [
    {
      "id": 0,
      "model": "홍루",
      "title": "猎牙事务所",
      "content": "有人在吗？"
    },
    {
      "id": 1,
      "model": "홍루",
      "title": "猎牙事务所",
      "content": "唔~我听说你是住在这里的……为什么不回话呢……"
    },
    {
      "id": 2,
      "content": "孩子大步穿过破旧到几乎要坍塌的走廊。"
    },
    {
      "id": 3,
      "content": "随后在一扇隐隐散发着血液腥臭味的小门前停下脚步。"
    },
    {
      "id": 4,
      "content": "孩子举起与自身穿着不太相符的漂亮手掌，轻轻摸了摸门把。"
    },
    {
      "id": 5,
      "model": "홍루",
      "title": "猎牙事务所",
      "content": "我可以进去嘛？"
    },
    {
      "id": 6,
      "content": "他的语气明朗而轻快。"
    },
    {
      "id": 7,
      "content": "……然而，孩子的敲门声里却显露出难以隐藏的杀气。"
    },
    {
      "id": 8,
      "content": "也许是感受到了他的杀意？"
    },
    {
      "id": 9,
      "teller": "？？？",
      "title": "？？？",
      "content": "……"
    },
    {
      "id": 10,
      "content": "短短一瞬，从门另一侧传出了微弱的呼吸声。"
    },
    {
      "id": 11,
      "content": "只是极其轻微的一声呼吸。"
    },
    {
      "id": 12,
      "content": "但孩子感受到了其中蕴含的深深恐惧，难掩笑意，他的嘴角不由得勾起一个弧度。"
    },
    {
      "id": 13,
      "model": "홍루",
      "title": "猎牙事务所",
      "content": "啊！难道……你是在装作不在家吗？"
    },
    {
      "id": 14,
      "model": "홍루",
      "title": "猎牙事务所",
      "content": "哈哈！呼吸声我听得清清楚楚啦~如果你不打算开门的话……"
    },
    {
      "id": 15,
      "content": "虽然仍旧没有回应，但这反而让孩子更有信心。"
    },
    {
      "id": 16,
      "content": "从容不迫地缓缓抬起脚的孩子……"
    },
    {
      "id": 17,
      "content": "猛地将门一脚踢飞。"
    },
    {
      "id": 18,
      "model": "홍루",
      "title": "猎牙事务所",
      "content": "那就只能我亲自……开门进来啦！"
    },
    {
      "id": 19,
      "teller": "血魔",
      "title": "？？？",
      "content": "呃！"
    },
    {
      "id": 20,
      "content": "门被砸得粉碎的声音响彻房间……"
    },
    {
      "id": 21,
      "content": "而在门后屏住呼吸的血魔和门一起向后倒下。"
    },
    {
      "id": 22,
      "content": "孩子一边微笑，一边注视着倒在地板上的血魔。"
    },
    {
      "id": 23,
      "model": "홍루",
      "title": "猎牙事务所",
      "content": "真是的。如果我敲门的时候就好好开门的话，不就不需要把门破坏掉了嘛。"
    },
    {
      "id": 24,
      "model": "홍루",
      "title": "猎牙事务所",
      "content": "你像是老鼠一样藏在这种地方，我们又不可能不知道~"
    },
    {
      "id": 25,
      "teller": "血魔",
      "title": "？？？",
      "content": "你是怎么……找到这里……"
    },
    {
      "id": 26,
      "model": "홍루",
      "title": "猎牙事务所",
      "content": "你们家人之间不是关系很亲密嘛~每个人都知道谁住在哪里……"
    },
    {
      "id": 27,
      "content": "孩子用锤子轻轻敲击挂在墙上的照片，随后向屋子里看去。"
    },
    {
      "id": 28,
      "content": "里面是和其他血魔一起拍摄的照片，以及堆积成山的相互沟通的信件。"
    },
    {
      "id": 29,
      "content": "看到这幅场景，血魔意识到自己的家人们都发生了什么。"
    },
    {
      "id": 30,
      "content": "同时他也察觉到，既然连自己的藏身处都说了出来，想必他们一定遭遇了惨无人道的事。"
    },
    {
      "id": 31,
      "teller": "血魔",
      "title": "？？？",
      "content": "等、等等！你、你好像误会了。先把手里的锤子放下……"
    },
    {
      "id": 32,
      "model": "홍루",
      "title": "猎牙事务所",
      "content": "误会……是吗？"
    },
    {
      "id": 33,
      "teller": "血魔",
      "title": "？？？",
      "content": "对，误会！我……我从来没伤害过人类！"
    },
    {
      "id": 34,
      "teller": "血魔",
      "title": "？？？",
      "content": "我只是安安静静躲着，喝的也只有死人的血！"
    },
    {
      "id": 35,
      "content": "血魔没有撒谎。"
    },
    {
      "id": 36,
      "content": "藏在这里的血魔还没有伤害过人类。"
    },
    {
      "id": 37,
      "content": "他只是辗转于后巷中，将已死的尸体带回来，喝了那些不再新鲜的血液而已。"
    },
    {
      "id": 38,
      "content": "如果是刚刚开始从事血魔狩猎的收尾人，得知这一事实后或许会有所犹豫……"
    },
    {
      "id": 39,
      "content": "但对常年从事血魔狩猎的孩子而言，这些说辞无关紧要。"
    },
    {
      "id": 40,
      "model": "홍루",
      "title": "猎牙事务所",
      "content": "啊~我想起来了！你的家人也说过这些。"
    },
    {
      "id": 41,
      "teller": "血魔",
      "title": "？？？",
      "content": "他、他们是不会漏听我说过的话的……所以我的家人们都怎么样……"
    },
    {
      "id": 42,
      "model": "홍루",
      "title": "猎牙事务所",
      "content": "他们想要咬人来着~真是太没礼貌了。对吧？所以我就按照爷爷说的那样，稍微用了点小手段。"
    },
    {
      "id": 43,
      "model": "홍루",
      "title": "猎牙事务所",
      "content": "于是他们就想要对话，和我说了很多事情呢。"
    },
    {
      "id": 44,
      "teller": "血魔",
      "title": "？？？",
      "content": "对话……？那、那不是单纯的拷问吗！"
    },
    {
      "id": 45,
      "model": "홍루",
      "title": "猎牙事务所",
      "content": "诶，怎么可能。我觉得那还算不上拷问呢。"
    },
    {
      "id": 46,
      "teller": "血魔",
      "title": "？？？",
      "content": "我们到底为什么，为什么要遭受这种待遇！我们连一个血袋都没有制造过！"
    },
    {
      "id": 47,
      "teller": "血魔",
      "title": "？？？",
      "content": "我们只是想在外面……自由地活下去，你们为什么要做到这种地步！"
    },
    {
      "id": 48,
      "model": "홍루",
      "title": "猎牙事务所",
      "content": "嗯？那当然是……"
    },
    {
      "id": 49,
      "content": "孩子原本打算说些什么，却又扑哧一笑，将话咽了回去。"
    },
    {
      "id": 50,
      "content": "也许是觉得说了也毫无意义？"
    },
    {
      "id": 51,
      "content": "这么想着，孩子对血魔给出的，是毫无逻辑……随心所欲的理由。"
    },
    {
      "id": 52,
      "model": "홍루",
      "title": "猎牙事务所",
      "content": "因为你是血魔啊。还需要其他理由吗？"
    },
    {
      "id": 53,
      "teller": "血魔",
      "title": "？？？",
      "content": "为、为什么……"
    },
    {
      "id": 54,
      "model": "홍루",
      "title": "猎牙事务所",
      "content": "啊……！已经很晚了，还是快点开始吧？我希望你也能……"
    },
    {
      "id": 55,
      "model": "홍루",
      "title": "猎牙事务所",
      "content": "再对我说很多很多的事。"
    },
    {
      "id": 56,
      "model": "홍루",
      "title": "猎牙事务所",
      "content": "关于你家人的故事。"
    },
    {
      "id": 57,
      "content": "孩子从怀中取出一个银色瓶子摇晃了几下。"
    },
    {
      "id": 58,
      "content": "随后……"
    },
    {
      "id": 59,
      "teller": "血魔",
      "title": "？？？",
      "content": "噫、噫噫！离我远点！滚开！"
    },
    {
      "id": 60,
      "model": "홍루",
      "title": "猎牙事务所",
      "content": "你就这么害怕这瓶水吗？哈哈。"
    },
    {
      "id": 61,
      "content": "从破碎的玻璃瓶中滴落下的一滴水。"
    },
    {
      "id": 62,
      "content": "在那即将触碰到他身体的时候，血魔全身抽搐着发出可怕的惨叫。"
    },
    {
      "id": 63,
      "content": "孩子在血魔的眼前晃了晃装着水的瓶子……"
    },
    {
      "id": 64,
      "content": "然后在血魔的嗓子快哑了的时候才举起了锤子。"
    },
    {
      "id": 65,
      "model": "홍루",
      "title": "猎牙事务所",
      "content": "很害怕吧？不用担心。是时候从恐惧中解脱了。"
    },
    {
      "id": 66,
      "content": "血魔在因刻在他本能中的恐惧而颤抖时，孩子最先用锤子砸的是他的腿。"
    },
    {
      "id": 67,
      "teller": "血魔",
      "title": "？？？",
      "content": "啊啊！"
    },
    {
      "id": 68,
      "model": "홍루",
      "title": "猎牙事务所",
      "content": "哇~腿被碾碎了，还能再生吗？真难缠啊~"
    },
    {
      "id": 69,
      "content": "为了使他再也不能追逐人类……同时也不能从身为猎人的自己的手中逃脱，碾碎了所有的骨头。"
    },
    {
      "id": 70,
      "model": "홍루",
      "title": "猎牙事务所",
      "content": "到底。"
    },
    {
      "id": 71,
      "content": "然后，为了使他再也不能抓住人类，碾碎了他的双臂。"
    },
    {
      "id": 72,
      "model": "홍루",
      "title": "猎牙事务所",
      "content": "多少。"
    },
    {
      "id": 73,
      "content": "为了使他再也不能咬人，一个一个地拔掉了他所有的牙齿。"
    },
    {
      "id": 74,
      "model": "홍루",
      "title": "猎牙事务所",
      "content": "喝了多少人的血液。"
    },
    {
      "id": 75,
      "model": "홍루",
      "title": "猎牙事务所",
      "content": "才会像这样一直再生呢。"
    },
    {
      "id": 76,
      "content": "随之而来的是单方面的暴力。"
    },
    {
      "id": 77,
      "model": "홍루",
      "title": "猎牙事务所",
      "content": "这次的血魔倒是撑了很久呢。"
    },
    {
      "id": 78,
      "model": "홍루",
      "title": "猎牙事务所",
      "content": "就算那么挣扎也不会改变任何事。"
    },
    {
      "id": 79,
      "teller": "血魔",
      "title": "？？？",
      "content": "你们……到底为什么要做到这种地步……"
    },
    {
      "id": 80,
      "teller": "血魔",
      "title": "？？？",
      "content": "我……没有袭击任何人类……生活也与人类别无二致……"
    },
    {
      "id": 81,
      "content": "看着用模糊不清的言语抗辩着的血魔，孩子貌似有些难以置信，歪了歪头。"
    },
    {
      "id": 82,
      "model": "홍루",
      "title": "猎牙事务所",
      "content": "啊？哈……哈哈，你在开什么玩笑？"
    },
    {
      "id": 83,
      "model": "홍루",
      "title": "猎牙事务所",
      "content": "你是个怪物。充斥着对血液的渴望的怪物。就算像人类一样行动也不会改变你的天性。"
    },
    {
      "id": 84,
      "model": "홍루",
      "title": "猎牙事务所",
      "content": "现在可能用几具尸体就满足了吧。但最终，你还是会忍不住对血液的渴望。另外，你的罪孽可不止这个吧？"
    },
    {
      "id": 85,
      "teller": "血魔",
      "title": "？？？",
      "content": "罪孽……？我……只想和家人一起……安安静静地生活……"
    },
    {
      "id": 86,
      "model": "홍루",
      "title": "猎牙事务所",
      "content": "哎呀。已经这么晚了吗？是时候该结束了。"
    },
    {
      "id": 87,
      "content": "孩子在说完这句话后，高高举起了锤子，一次又一次地砸在血魔的头上。"
    },
    {
      "id": 88,
      "content": "一次又一次，直到他不能再生为止……孩子的敲打一直持续到太阳升起。"
    },
    {
      "id": 89,
      "content": "在血魔再也不能动弹之后，孩子带着空洞的笑容站了起来。"
    },
    {
      "id": 90,
      "model": "홍루",
      "title": "猎牙事务所",
      "content": "家人吗……"
    },
    {
      "id": 91,
      "model": "홍루",
      "title": "猎牙事务所",
      "content": "哈哈……他应该是不知道是谁给我带来的委托才会说这句话，但还挺可笑的。"
    },
    {
      "id": 92,
      "content": "孩子展开了一张被叠得皱巴巴的纸，用手指沾了沾地上的血液，在纸上画了个圈。"
    },
    {
      "id": 93,
      "content": "那张纸上写着某人衷心的恳求，即抓住突然把自己的家人变成眷属后逃跑的血魔。"
    },
    {
      "id": 94,
      "model": "홍루",
      "title": "猎牙事务所",
      "content": "变成血魔的眷属后，以前的家人就会变得不再是家人了吗？"
    },
    {
      "id": 95,
      "model": "홍루",
      "title": "猎牙事务所",
      "content": "应该是这么想的，所以才会一直说自己是清白的吧，但……"
    },
    {
      "id": 96,
      "content": "孩子从怀里拿出了好几张没有画上圆圈的纸。"
    },
    {
      "id": 97,
      "content": "然后他展开了一张纸，他认为这张纸上写着的情报和血魔死前所说的信息有关。"
    },
    {
      "id": 98,
      "model": "홍루",
      "title": "猎牙事务所",
      "content": "血魔终究生而为恶。"
    },
    {
      "id": 99,
      "content": "背着冉冉升起的太阳，孩子悄悄地溜出了建筑。"
    },
    {
      "id": 100,
      "content": "他可能会休息一会……但距离他能得到平静的休息的那一天，可能还要很长一段时间。"
    },
    {
      "id": 101,
      "content": "在都市的表面下，血魔的受害者和藏匿着的血魔仍旧很多……"
    },
    {
      "id": 102,
      "content": "不管愿意与否，孩子必会用他那只闪烁着与血魔不同的光的眼睛，去承载更多关于血魔的东西。"
    }
  ]
}