{
  "dataList": [
    {
      "id": 0,
      "content": "不论昼夜，孩子总是在那玻璃管内度过。"
    },
    {
      "id": 1,
      "content": "为了让这个孩子始终保持K公司规定的“最稳定的状态”。"
    },
    {
      "id": 2,
      "content": "他的肉体一直在这里沉睡，仿若委身于棺材之中。"
    },
    {
      "id": 3,
      "content": "直至，外界把那孩子唤醒。"
    },
    {
      "id": 4,
      "model": "홍루",
      "teller": "鸿璐",
      "title": "K公司 3级摘除人员",
      "content": "啊~今天也辛苦啦~刚刚来过的那几位，是去吃午饭了吗？"
    },
    {
      "id": 5,
      "teller": "摘除监管人员",
      "title": "K公司",
      "content": "……"
    },
    {
      "id": 6,
      "model": "홍루",
      "teller": "鸿璐",
      "title": "K公司 3级摘除人员",
      "content": "您吃了吗？今天都吃了些什么？"
    },
    {
      "id": 7,
      "teller": "摘除监管人员",
      "title": "K公司",
      "content": "……"
    },
    {
      "id": 8,
      "model": "홍루",
      "teller": "鸿璐",
      "title": "K公司 3级摘除人员",
      "content": "对吃的话题不感兴趣吗？那么……"
    },
    {
      "id": 9,
      "teller": "摘除监管人员",
      "title": "K公司",
      "content": "你每天都这么喋喋不休的，不累吗？"
    },
    {
      "id": 10,
      "model": "홍루",
      "teller": "鸿璐",
      "title": "K公司 3级摘除人员",
      "content": "啊~你终于能和我目光相对着说话啦~"
    },
    {
      "id": 11,
      "content": "研究员突然有点后悔按下按钮叫醒他。"
    },
    {
      "id": 12,
      "content": "K公司内被称为摘除人员的职员中，3级员工在无需部署时，总是在玻璃管中生活。"
    },
    {
      "id": 13,
      "content": "3级员工与其他员工相比更常使用过量的安瓿，为提高对安瓿的适应性，他们被强制在玻璃管中生活。因为安瓿配置哪怕只有稍许误差，也有可能使他们走向崩解。"
    },
    {
      "id": 14,
      "teller": "摘除监管人员",
      "title": "K公司",
      "content": "刚被叫醒就能像这样说个不停……又不是简单的睡醒，这可是解除假死状态啊。"
    },
    {
      "id": 15,
      "model": "홍루",
      "teller": "鸿璐",
      "title": "K公司 3级摘除人员",
      "content": "嗯~我猜你一旦习惯了，那就习惯了。"
    },
    {
      "id": 16,
      "content": "正如他们所述，这种睡眠跟我们正常理解的“睡眠”不同。他们的意识机能会被完全中止。"
    },
    {
      "id": 17,
      "content": "因为就算是在梦中改变的潜意识，也有导致崩解的风险。"
    },
    {
      "id": 18,
      "content": "但，这孩子似乎没有被其后遗症所影响——他反而看起来神清气爽。"
    },
    {
      "id": 19,
      "model": "홍루",
      "teller": "鸿璐",
      "title": "K公司 3级摘除人员",
      "content": "哈哈，我可没法想出去、就出去。如果我太无聊了该怎么办？"
    },
    {
      "id": 20,
      "teller": "摘除监管人员",
      "title": "K公司",
      "content": "说真的……你为什么要来当摘除人员呢。要是你的安瓿适性很差，就可以去其他部门了。"
    },
    {
      "id": 21,
      "model": "홍루",
      "teller": "鸿璐",
      "title": "K公司 3级摘除人员",
      "content": "嗯~我不会这么说。因为是我奶奶把我送到这里的。"
    },
    {
      "id": 22,
      "teller": "摘除监管人员",
      "title": "K公司",
      "content": "奶奶？"
    },
    {
      "id": 23,
      "model": "홍루",
      "teller": "鸿璐",
      "title": "K公司 3级摘除人员",
      "content": "对啊~她告诉我多去看看这座都市，学习一下这个世界是如何运转的。"
    },
    {
      "id": 24,
      "teller": "摘除监管人员",
      "title": "K公司",
      "content": "所以……你是靠关系入职的？你的……祖母真是厉害呢。不过靠关系入职的话，一般会作为摘除人员投入现场吗……？"
    },
    {
      "id": 25,
      "content": "作为笑容的替代，孩子噗噗地吐了些气泡。"
    },
    {
      "id": 26,
      "content": "对话的研究员慌忙抬头查看发生了什么事，但这孩子只是闭着眼睛地笑着。"
    },
    {
      "id": 27,
      "teller": "摘除监管人员",
      "title": "K公司",
      "content": "你吓到我了……"
    },
    {
      "id": 28,
      "model": "홍루",
      "teller": "鸿璐",
      "title": "K公司 3级摘除人员",
      "content": "呼呼，我只是因为觉得好玩才笑的。"
    },
    {
      "id": 29,
      "model": "홍루",
      "teller": "鸿璐",
      "title": "K公司 3级摘除人员",
      "content": "嗯~我并不知道奶奶的想法，而且我也不在意~"
    },
    {
      "id": 30,
      "model": "홍루",
      "teller": "鸿璐",
      "title": "K公司 3级摘除人员",
      "content": "但我觉得，尝试一下这种工作也不坏。"
    },
    {
      "id": 31,
      "teller": "摘除监管人员",
      "title": "K公司",
      "content": "……"
    },
    {
      "id": 32,
      "content": "研究员表情复杂地看着那个孩子，手腕上响起了警报。"
    },
    {
      "id": 33,
      "teller": "摘除监管人员",
      "title": "K公司",
      "content": "这下你就不会无聊了。准备部署。"
    },
    {
      "id": 34,
      "model": "홍루",
      "teller": "鸿璐",
      "title": "K公司 3级摘除人员",
      "content": "啊！果然！"
    },
    {
      "id": 35,
      "content": "这孩子……"
    },
    {
      "id": 36,
      "content": "不消片刻就来到了部署指令下达的地点。"
    },
    {
      "id": 37,
      "model": "홍루",
      "teller": "鸿璐",
      "title": "K公司 3级摘除人员",
      "content": "好……现在开始摘除。"
    },
    {
      "id": 38,
      "content": "那孩子挥舞着他的武器，冲向了敌人。"
    },
    {
      "id": 39,
      "content": "作为一名正在工作的人员，他看起来格外幸福。"
    },
    {
      "id": 40,
      "content": "就像是，为新体验而感到兴奋一样。"
    }
  ]
}