{
  "dataList": [
    {
      "id": 0,
      "model": "홍루",
      "title": "句点事务所",
      "content": "停止射击。"
    },
    {
      "id": 1,
      "model": "싱클레어",
      "title": "句点事务所",
      "content": "唔、唔哇哇哇！"
    },
    {
      "id": 2,
      "model": "히스클리프",
      "title": "句点事务所",
      "content": "喂，都说了停止射击了！把你的枪放下！"
    },
    {
      "id": 3,
      "model": "홍루",
      "title": "句点事务所",
      "content": "哈哈，多谢你重复我的话。因为烟太多看不清前方了……"
    },
    {
      "id": 4,
      "content": "弥漫着烟气的战场。"
    },
    {
      "id": 5,
      "content": "不绝于耳的枪响和齿轮旋转的摩擦声，都随着孩子的一个手势停了下来。"
    },
    {
      "id": 6,
      "content": "从协会那里收到的委托是，讨伐齿轮教团。"
    },
    {
      "id": 7,
      "content": "虽然是孩子自信满满地接下的委托，但却因为意外情况而迟迟无法取得进展。"
    },
    {
      "id": 8,
      "model": "홍루",
      "title": "句点事务所",
      "content": "对面没有接近这边的意图吧？"
    },
    {
      "id": 9,
      "model": "싱클레어",
      "title": "句点事务所",
      "content": "虽说如此，我们好像也没法先开枪吧。已经开了不少枪了。"
    },
    {
      "id": 10,
      "model": "홍루",
      "title": "句点事务所",
      "content": "毕竟是し协会的委托，比想象中要难呢~"
    },
    {
      "id": 11,
      "content": "孩子和同伴们已经射出了相当多的子弹，但看起来也没有取得什么显著的成果。"
    },
    {
      "id": 12,
      "content": "虽然也有在提高破坏力的过程中产生的热蒸汽，和旋转的齿轮吐出的烟气的原因在……"
    },
    {
      "id": 13,
      "content": "但最大的障碍还是来自委托对象齿轮教团的信徒们那没有规律的动作。"
    },
    {
      "id": 14,
      "model": "히스클리프",
      "title": "句点事务所",
      "content": "哈……必须得预测动向才能开枪本来就已经很烦人了，他们还一直动得奇奇怪怪的根本没法瞄准啊。"
    },
    {
      "id": 15,
      "model": "히스클리프",
      "title": "句点事务所",
      "content": "谁有什么主意吗？"
    },
    {
      "id": 16,
      "content": "信徒们像能够预测弹道般灵活地活动着身体，巧妙地避开了枪线。"
    },
    {
      "id": 17,
      "content": "得益于被他们叫作思想齿轮的用人类制造的演算装置。"
    },
    {
      "id": 18,
      "model": "싱클레어",
      "title": "句点事务所",
      "content": "嗯……干脆无差别射击吧？"
    },
    {
      "id": 19,
      "model": "히스클리프",
      "title": "句点事务所",
      "content": "说真的我想这么干……嘁。但是那样的话就算完成了委托，代表的钱包也会一下子瘪下去的吧。"
    },
    {
      "id": 20,
      "content": "面对着如果超过事务所的预算，代表就必须自掏腰包的事实，同伴们等待着孩子表态。"
    },
    {
      "id": 21,
      "content": "但是孩子却像一点都不担心似的，表情从容地哼着歌。"
    },
    {
      "id": 22,
      "model": "홍루",
      "title": "句点事务所",
      "content": "嗯~一回的话没关系吧。但要是胡乱发射逻辑工作室的子弹的话……就连我也会破产，所以不可以哦。啊哈哈。"
    },
    {
      "id": 23,
      "content": "只要不是随便浪费，对孩子来说支付子弹的费用确实不是什么难事。"
    },
    {
      "id": 24,
      "content": "即使是掏空事务所的预算那样的大危机到来，也是一样。"
    },
    {
      "id": 25,
      "content": "只要孩子开口，家族那边就会稍微送些零花钱过来……"
    },
    {
      "id": 26,
      "content": "因为有着可以与事务所年度预算相匹敌的那些零花钱，因此即便勉勉强强，也能每次都补满弹药。"
    },
    {
      "id": 27,
      "content": "但是，这不代表大家都喜欢那种作风。"
    },
    {
      "id": 28,
      "model": "히스클리프",
      "title": "句点事务所",
      "content": "烦死了。我就是不乐意啊！"
    },
    {
      "id": 29,
      "model": "히스클리프",
      "title": "句点事务所",
      "content": "他每次像那样拿钱过来……总显得我们像饭桶一样，让人很不爽啊。"
    },
    {
      "id": 30,
      "model": "싱클레어",
      "title": "句点事务所",
      "content": "那、那该怎么办才好呢。要是躲在墙体后面的话，用冲击弹破坏掉就可以了……但像那样藏在烟气中的话……"
    },
    {
      "id": 31,
      "model": "홍루",
      "title": "句点事务所",
      "content": "嘛嘛~冷静一下，和往常一样去做吧。"
    },
    {
      "id": 32,
      "model": "홍루",
      "title": "句点事务所",
      "content": "由我来当先锋，所以请掩护我。"
    },
    {
      "id": 33,
      "model": "히스클리프",
      "title": "句点事务所",
      "content": "就是清理从侧面扑过来的杂兵吧。那种事就算你不说我也明白啦。"
    },
    {
      "id": 34,
      "model": "홍루",
      "title": "句点事务所",
      "content": "唔。那样也可以，但是稍微转变一下风格吧？"
    },
    {
      "id": 35,
      "model": "홍루",
      "title": "句点事务所",
      "content": "我想到一个战术。"
    },
    {
      "id": 36,
      "content": "孩子的声音非常柔和，但对于战术的说明充满决断力和自信。"
    },
    {
      "id": 37,
      "content": "战斗正渐渐趋于平静的时候，参与战术的两人点了点头……"
    },
    {
      "id": 38,
      "model": "홍루",
      "title": "句点事务所",
      "content": "那么……我上了！"
    },
    {
      "id": 39,
      "content": "孩子不带丝毫犹豫地冲入了伸手不见五指的烟气中去。"
    },
    {
      "id": 40,
      "content": "视野被阻碍，呼吸也因烟气变得困难，但孩子没有停下脚步。"
    },
    {
      "id": 41,
      "content": "突入烟气中的瞬间，孩子就立刻扣下了扳机。"
    },
    {
      "id": 42,
      "content": "那一枪大约是打偏了，但孩子的目的并不是直接放倒信徒。"
    },
    {
      "id": 43,
      "model": "히스클리프",
      "title": "句点事务所",
      "content": "嘶……呼……"
    },
    {
      "id": 44,
      "model": "홍루",
      "title": "句点事务所",
      "content": "希斯克利夫！"
    },
    {
      "id": 45,
      "content": "对讲机的呼声结束不久，就传来一声短促的枪响。"
    },
    {
      "id": 46,
      "content": "顺应指示发射的同伴的子弹，华丽地粉碎了行动捉摸不定的信徒的脑袋。"
    },
    {
      "id": 47,
      "content": "通过掌握信徒们的预测和动向，他诱导信徒们，以便让执行狙击的同伴更容易命中。"
    },
    {
      "id": 48,
      "content": "确认过被贯穿头部的信徒的思想齿轮已经不再转动，孩子紧接着开始发出下一个指示。"
    },
    {
      "id": 49,
      "model": "홍루",
      "title": "句点事务所",
      "content": "我来诱导他们，等我数到三就开始射击。"
    },
    {
      "id": 50,
      "model": "싱클레어",
      "title": "句点事务所",
      "content": "是！"
    },
    {
      "id": 51,
      "model": "홍루",
      "title": "句点事务所",
      "content": "一……二……三！"
    },
    {
      "id": 52,
      "content": "子弹不允许穿透建筑物和铁板。"
    },
    {
      "id": 53,
      "content": "非常熟悉被首脑定为禁忌的关于重型武器的限制的孩子，最大限度地利用着这个情报。"
    },
    {
      "id": 54,
      "content": "他或是将信徒诱导至建筑物的墙壁附近，再把墙壁当作掩体躲到另一侧，同时指示发射贯穿弹。"
    },
    {
      "id": 55,
      "content": "亦或是诱导敌人躲到墙壁后方，指示发射冲击弹，让崩塌的瓦砾将信徒们掩埋。"
    },
    {
      "id": 56,
      "content": "就像这样一个个打倒着信徒，不知不觉间，孩子意识到已经只剩下一个信徒了。"
    },
    {
      "id": 57,
      "model": "홍루",
      "title": "句点事务所",
      "content": "教主的话……好像已经逃掉了呢。"
    },
    {
      "id": 58,
      "model": "홍루",
      "title": "句点事务所",
      "content": "你好像是最后一个了。我看你有两枚齿轮，是比其他信徒的地位要高一些吗？"
    },
    {
      "id": 59,
      "content": "虽然只是多了一枚齿轮，但那仅存的信徒的抵抗却比想象中更激烈。"
    },
    {
      "id": 60,
      "content": "诱导之后的狙击也无法命中……即使用贯穿弹扫射，也会被金属制的坚固胸甲弹开。"
    },
    {
      "id": 61,
      "model": "히스클리프",
      "title": "句点事务所",
      "content": "喂！你还好吗？那边是我的死角，我可打不到啊？"
    },
    {
      "id": 62,
      "content": "大概是因为同伴们觉得这是个很难对付的敌人，孩子耳边数次传来担心的呼叫声……"
    },
    {
      "id": 63,
      "model": "홍루",
      "title": "句点事务所",
      "content": "掩护到此为止就好。"
    },
    {
      "id": 64,
      "model": "홍루",
      "title": "句点事务所",
      "content": "是时候结束了。"
    },
    {
      "id": 65,
      "content": "看起来孩子并不那么认为。"
    },
    {
      "id": 66,
      "content": "带着从容的笑容，孩子向前迈出了步伐。"
    },
    {
      "id": 67,
      "content": "金属铸成的坚固胸甲。"
    },
    {
      "id": 68,
      "content": "有些人为了不穿透胸甲的同时破坏它而购买冲击弹。"
    },
    {
      "id": 69,
      "content": "也有些人为了瞄准胸甲的间隙而准备微型弹……"
    },
    {
      "id": 70,
      "content": "孩子的做法则更加直接。"
    },
    {
      "id": 71,
      "model": "홍루",
      "title": "句点事务所",
      "content": "为你的人生……"
    },
    {
      "id": 72,
      "content": "因为在用短剑斩断钢铁这件事上，不存在任何制约。"
    },
    {
      "id": 73,
      "content": "孩子手中挥动的工坊制短剑，能轻而易举地切开信徒的胸甲。"
    },
    {
      "id": 74,
      "content": "仅在一瞬间，他就把枪口对准了那道缝隙……"
    },
    {
      "id": 75,
      "content": "在三声枪响停息时，信徒的齿轮停止了转动。"
    },
    {
      "id": 76,
      "model": "홍루",
      "title": "句点事务所",
      "content": "……画下句点。"
    }
  ]
}