{
  "dataList": [
    {
      "id": 0,
      "model": "홍루",
      "teller": "鸿璐",
      "title": "吊钩事务所",
      "content": "呼~今天晚上的空气也很好。散发着浑浊不堪的霉味，完全就是后巷的感觉。"
    },
    {
      "id": 1,
      "content": "孩子将戴着的口罩稍稍拉下，深吸了一口气。"
    },
    {
      "id": 2,
      "content": "垃圾微微腐烂的气味，不知从何处传来的煤烟味，久久难以散去的积尘的香气混杂着充盈了后巷，但孩子似乎对那香气颇为喜爱。"
    },
    {
      "id": 3,
      "content": "或许是因为他几年前还在老家闻惯了高级奢侈的香气。即使是令一般的都市人感到不适的气味，那孩子也觉得自己像是小市民一样享受。"
    },
    {
      "id": 4,
      "model": "료슈",
      "teller": "良秀",
      "title": "吊钩事务所",
      "content": "人·各·爱。"
    },
    {
      "id": 5,
      "model": "뫼르소",
      "teller": "默尔索",
      "title": "吊钩事务所",
      "content": "虽然难以认同，但有这样的想法并非不合理。"
    },
    {
      "id": 6,
      "content": "那孩子周围还有别的孩子。像是戴着口罩还拉低连帽衫的孩子，以及戴着遮住整张脸的面具的孩子。"
    },
    {
      "id": 7,
      "content": "他们这几年都在一起混迹后巷，做着各种各样的事。"
    },
    {
      "id": 8,
      "model": "홍루",
      "teller": "鸿璐",
      "title": "吊钩事务所",
      "content": "是啊，嘛~各有所好也没事啦。我们只要有那一个共通点就很好了嘛。"
    },
    {
      "id": 9,
      "model": "홍루",
      "teller": "鸿璐",
      "title": "吊钩事务所",
      "content": "把人砍碎的爱好。"
    },
    {
      "id": 10,
      "model": "료슈",
      "teller": "良秀",
      "title": "吊钩事务所",
      "content": "谨言慎行。收尾人不能毫无理由地把人大卸八块。要是被人通报给代表就麻烦了。"
    },
    {
      "id": 11,
      "model": "뫼르소",
      "teller": "默尔索",
      "title": "吊钩事务所",
      "content": "周边500米内除了老鼠外没有别的生物。没人偷听，就算有也只要把他们切开就好。"
    },
    {
      "id": 12,
      "model": "홍루",
      "teller": "鸿璐",
      "title": "吊钩事务所",
      "content": "说得对。活着却不能畅所欲言，那样也太无聊了吧？"
    },
    {
      "id": 13,
      "model": "홍루",
      "teller": "鸿璐",
      "title": "吊钩事务所",
      "content": "而且，良秀小姐嘴上这么说，昨天不还是杀得最开心的那个吗，害得我们比原计划多杀了不少人呢。"
    },
    {
      "id": 14,
      "model": "뫼르소",
      "teller": "默尔索",
      "title": "吊钩事务所",
      "content": "多亏如此，我不仅得了预计之外的肌肉疼痛，还没能拿到和杀人数相称的额外津贴。真是低效的行动。"
    },
    {
      "id": 15,
      "model": "료슈",
      "teller": "良秀",
      "title": "吊钩事务所",
      "content": "因为难得能遇上那样适合集体展示的作品……我都说过非常抱歉了。"
    },
    {
      "id": 16,
      "model": "홍루",
      "teller": "鸿璐",
      "title": "吊钩事务所",
      "content": "这样就算是道歉了吗……哈哈。"
    },
    {
      "id": 17,
      "content": "孩子活动了一下肩膀，发出一声轻笑。"
    },
    {
      "id": 18,
      "content": "反正，再继续这个话题也不能改变什么……"
    },
    {
      "id": 19,
      "content": "而且，他自己也乐在其中，没必要扫大家的兴。"
    },
    {
      "id": 20,
      "model": "홍루",
      "teller": "鸿璐",
      "title": "吊钩事务所",
      "content": "呼……不也挺好的吗。一边把人切成碎片，一边还能拿得到指定的报酬。"
    },
    {
      "id": 21,
      "model": "홍루",
      "teller": "鸿璐",
      "title": "吊钩事务所",
      "content": "谁能想到，曾是杀人帮派出身的我们也能进入事务所，拿上收尾人的名片。"
    },
    {
      "id": 22,
      "model": "료슈",
      "teller": "良秀",
      "title": "吊钩事务所",
      "content": "怪·人。能接纳我们这样在后巷游荡的人。在事务所的代表里也算是独树一帜了。"
    },
    {
      "id": 23,
      "model": "뫼르소",
      "teller": "默尔索",
      "title": "吊钩事务所",
      "content": "因为我们有自己的个性。正如帮派泛滥一样，哪里都不缺事务所。对企业家而言，以这种方式来脱颖而出的决策是合理的。"
    },
    {
      "id": 24,
      "model": "홍루",
      "teller": "鸿璐",
      "title": "吊钩事务所",
      "content": "嗯……但我总觉得这家事务所办不长久。"
    },
    {
      "id": 25,
      "model": "홍루",
      "teller": "鸿璐",
      "title": "吊钩事务所",
      "content": "即使我们能将人华丽地大卸八块……也不能就那样把名片插在上面。没有协会能看中这样的事务所吧。"
    },
    {
      "id": 26,
      "model": "료슈",
      "teller": "良秀",
      "title": "吊钩事务所",
      "content": "同·想。这种只能作为我的练习。"
    },
    {
      "id": 27,
      "model": "홍루",
      "teller": "鸿璐",
      "title": "吊钩事务所",
      "content": "除了被那些刚成立不久的帮派，或是没几个钱的穷人雇来吓唬人之外……也没有什么新客户了。"
    },
    {
      "id": 28,
      "model": "뫼르소",
      "teller": "默尔索",
      "title": "吊钩事务所",
      "content": "那就提出改善措施。"
    },
    {
      "id": 29,
      "model": "홍루",
      "teller": "鸿璐",
      "title": "吊钩事务所",
      "content": "诶？为什么让我来？"
    },
    {
      "id": 30,
      "content": "孩子像是听到莫名其妙的话一样，瞪大眼睛歪了歪脑袋。"
    },
    {
      "id": 31,
      "model": "홍루",
      "teller": "鸿璐",
      "title": "吊钩事务所",
      "content": "哎……难道我们是要成为实力派的收尾人，或是等着被代表看中后再委任某个职位吗？"
    },
    {
      "id": 32,
      "model": "홍루",
      "teller": "鸿璐",
      "title": "吊钩事务所",
      "content": "我们就在这里适当地吸收养分……等到枯竭之后，再舍弃这里回到后巷不就好了。"
    },
    {
      "id": 33,
      "model": "뫼르소",
      "teller": "默尔索",
      "title": "吊钩事务所",
      "content": "也是合理的构想。"
    },
    {
      "id": 34,
      "content": "孩子像是在说“对吧？”一样耸了耸肩。"
    },
    {
      "id": 35,
      "content": "他肩膀上的活体装备也仿佛在肯定他的说法一样，随之摇动。"
    },
    {
      "id": 36,
      "model": "료슈",
      "teller": "良秀",
      "title": "吊钩事务所",
      "content": "那个，是联盟工坊出品的么？"
    },
    {
      "id": 37,
      "model": "홍루",
      "teller": "鸿璐",
      "title": "吊钩事务所",
      "content": "啊，没错！价格便宜又很灵活，是不是很棒？这也是因为能稳定的赚钱才使用的~"
    },
    {
      "id": 38,
      "model": "료슈",
      "teller": "良秀",
      "title": "吊钩事务所",
      "content": "那些不三不四的工坊只会在尸体堆里随便捡些肉块，拼凑出一些外表看起来像模像样的东西罢了。"
    },
    {
      "id": 39,
      "model": "홍루",
      "teller": "鸿璐",
      "title": "吊钩事务所",
      "content": "那种廉价感反倒是一种魅力……只不过每当使用的时候都要吸走很多能量导致肚子马上就会饿是个缺点。"
    },
    {
      "id": 40,
      "model": "뫼르소",
      "teller": "默尔索",
      "title": "吊钩事务所",
      "content": "不算是问题。接更多活，吃更多东西即可。"
    },
    {
      "id": 41,
      "model": "료슈",
      "teller": "良秀",
      "title": "吊钩事务所",
      "content": "同意。再多撕一些人吧。"
    },
    {
      "id": 42,
      "content": "三个孩子仿佛乐在其中，咯咯的笑了起来。"
    },
    {
      "id": 43,
      "content": "那些孩子自信满满，仿佛这个都市中已经没有可以阻挡他们的存在。"
    },
    {
      "id": 44,
      "model": "뫼르소",
      "teller": "默尔索",
      "title": "吊钩事务所",
      "content": "有新的联络，是代表。"
    },
    {
      "id": 45,
      "model": "홍루",
      "teller": "鸿璐",
      "title": "吊钩事务所",
      "content": "噢！看来是新的活计。"
    },
    {
      "id": 46,
      "model": "뫼르소",
      "teller": "默尔索",
      "title": "吊钩事务所",
      "content": "正确。据说……是要前往名为图书馆的地方。"
    },
    {
      "id": 47,
      "model": "홍루",
      "teller": "鸿璐",
      "title": "吊钩事务所",
      "content": "好啊。那么，赶紧出发吧。"
    },
    {
      "id": 48,
      "content": "孩子们用轻盈的脚步漫步于后巷。"
    },
    {
      "id": 49,
      "content": "那些孩子将前往何处？"
    },
    {
      "id": 50,
      "content": "……目前就不得而知了。"
    }
  ]
}