{
  "dataList": [
    {
      "id": 0,
      "model": "홍루",
      "teller": "鸿璐",
      "title": "W公司 清扫人员",
      "content": "啊~那家真好吃呢！接下来我们去哪？"
    },
    {
      "id": 1,
      "model": "료슈",
      "teller": "良秀",
      "title": "W公司 清扫人员",
      "content": "不·关。今天我只是一时兴起才一起去的。接下来你自己看着办。"
    },
    {
      "id": 2,
      "model": "홍루",
      "teller": "鸿璐",
      "title": "W公司 清扫人员",
      "content": "真可惜呢~"
    },
    {
      "id": 3,
      "content": "孩子用闹别扭的声音说道，但另一个孩子只是毫不在意地吐着烟气。"
    },
    {
      "id": 4,
      "model": "홍루",
      "teller": "鸿璐",
      "title": "W公司 清扫人员",
      "content": "啊，对了。培训新员工有趣吗？那边的工作看上去很有意思呢。"
    },
    {
      "id": 5,
      "model": "료슈",
      "teller": "良秀",
      "title": "W公司 清扫人员",
      "content": "哈。和你一起吃饭都不会那么无聊。让我去带一群菜鸟，真是烦人。"
    },
    {
      "id": 6,
      "model": "홍루",
      "teller": "鸿璐",
      "title": "W公司 清扫人员",
      "content": "嗯……尽管如此多少也有点新鲜感吧？每个新人的反应都不一样。"
    },
    {
      "id": 7,
      "model": "료슈",
      "teller": "良秀",
      "title": "W公司 清扫人员",
      "content": "没·在……哈，你怎么还在意这种事情？那你自己去干不就好了？"
    },
    {
      "id": 8,
      "model": "홍루",
      "teller": "鸿璐",
      "title": "W公司 清扫人员",
      "content": "我也想去啊~但2级员工是没法轻易申请到这份工作的吧？"
    },
    {
      "id": 9,
      "model": "료슈",
      "teller": "良秀",
      "title": "W公司 清扫人员",
      "content": "啧。没想到3级要干这种垃圾工作，我还不如降回2级。"
    },
    {
      "id": 10,
      "content": "叼着香烟的孩子“啪”的一声敲断了烟头，带着扭曲的表情走远了。"
    },
    {
      "id": 11,
      "model": "홍루",
      "teller": "鸿璐",
      "title": "W公司 清扫人员",
      "content": "话是这么说……但也不意味着想要努力工作吧……"
    },
    {
      "id": 12,
      "content": "独自留下的孩子舔了舔嘴唇，喝完了一手拿着的饮料。"
    },
    {
      "id": 13,
      "content": "自从他进入公司以来，孩子就一直对工作不满意。"
    },
    {
      "id": 14,
      "content": "比起说他不满意，更准确的说法是他对工作没有任何的想法。"
    },
    {
      "id": 15,
      "content": "这里并非孩子希望进入的公司。"
    },
    {
      "id": 16,
      "content": "他只是听从家里长辈的话……这样过了一段时间后，按照他们所说的进入了W公司而已。"
    },
    {
      "id": 17,
      "content": "进入翼工作是都市里谁都会羡慕的事情，但他的长辈们似乎能毫不费力地给他安排一个W公司的职位。"
    },
    {
      "id": 18,
      "content": "和这种靠关系进入公司的背景相反，孩子的实力十分出色。也许是因为他在家族里的时候就坚持不懈地学习武术吧。"
    },
    {
      "id": 19,
      "content": "所以，他在面对W公司的工作时没有困难，但是……"
    },
    {
      "id": 20,
      "model": "홍루",
      "teller": "鸿璐",
      "title": "W公司 清扫人员",
      "content": "唉~我挺羡慕你的，良秀小姐。我还是觉得那边的工作并没有那么无聊。"
    },
    {
      "id": 21,
      "content": "可能是因为每次都要在同样的情况下工作，孩子看上去比任何时候都要无聊。"
    },
    {
      "id": 22,
      "content": "最近他只是探访公司周围的许多餐厅来消除这种无聊。"
    },
    {
      "id": 23,
      "content": "和孩子一起进入公司的同事已经因为出色的才能被认可而成了3级员工，但孩子还是停留在2级。"
    },
    {
      "id": 24,
      "model": "홍루",
      "teller": "鸿璐",
      "title": "W公司 清扫人员",
      "content": "哈~那就没办法了。找一个适合独自吃晚餐的地方吧？"
    },
    {
      "id": 25,
      "content": "但是，孩子好像一点也不感兴趣。"
    },
    {
      "id": 26,
      "content": "因为他既不需要，也不期待被认可……的吧。"
    }
  ]
}