{
  "dataList": [
    {
      "id": 0,
      "teller": "若头",
      "title": "黑云会",
      "content": "你特么……"
    },
    {
      "id": 1,
      "content": "孩子满脸通红，好不容易才咽下已经到了嘴边的粗鄙之语。"
    },
    {
      "id": 2,
      "teller": "若头",
      "title": "黑云会",
      "content": "你这小子入伙已经颇有时日了吧。"
    },
    {
      "id": 3,
      "model": "홍루",
      "title": "黑云会 若众",
      "content": "不是“你这小子”，是鸿璐。"
    },
    {
      "id": 4,
      "teller": "若头",
      "title": "黑云会",
      "content": "……尽管我以为自己已经习惯了你这荒唐的反应，但还是很令我火大啊。"
    },
    {
      "id": 5,
      "content": "也难怪这孩子会有这样的反应。"
    },
    {
      "id": 6,
      "content": "黑云会本就是“手指”的附属帮派，而且这根手指还是拇指。"
    },
    {
      "id": 7,
      "content": "拇指比任何人都更加重视纪律与阶级……"
    },
    {
      "id": 8,
      "content": "而这在帮派里的各个阶级中也同样适用。"
    },
    {
      "id": 9,
      "content": "从会长到若头，再到若头辅佐、若众……上级的命令是绝对的，若是违逆，从几根手指到整条手臂，甚至脑袋都可能不保。"
    },
    {
      "id": 10,
      "content": "即便如此，如果被称为若头的孩子还有着要把名叫“鸿璐”的孩子就这样留在身边的理由的话……"
    },
    {
      "id": 11,
      "teller": "若头",
      "title": "黑云会",
      "content": "总之，你的用人之道还真是不可思议……"
    },
    {
      "id": 12,
      "content": "好吧，至少他好像从未搞砸任何被吩咐过的事情。"
    },
    {
      "id": 13,
      "content": "没错，多亏了这一点他才能一直被留到现在。"
    },
    {
      "id": 14,
      "model": "홍루",
      "title": "黑云会 若众",
      "content": "我已经物色好了几名可用之人。我只需要带着他们像往常一样处理工作就好了，对吗？"
    },
    {
      "id": 15,
      "teller": "若头",
      "title": "黑云会",
      "content": "……是啊。而且可以的话把不用敬语的问题也解决掉再回来。"
    },
    {
      "id": 16,
      "content": "“因为我是你这厮的大哥。”若头用嗤笑般的语气对他说道。"
    }
  ]
}