{
  "dataList": [
    {
      "id": 0,
      "model": "홍루",
      "teller": "鸿璐",
      "title": "六协会 5科",
      "content": "怎么样，还合你口味吗？浮士德小姐？"
    },
    {
      "id": 1,
      "model": "파우스트",
      "teller": "浮士德",
      "title": "？？？",
      "content": "……嗯。比起茶的香，味道反而是几乎没有。……这在物理上是可能的吗？"
    },
    {
      "id": 2,
      "content": "孩子眼中闪烁着翡翠色的光。"
    },
    {
      "id": 3,
      "content": "虽说原本那眼瞳就是翡翠色……但偶尔似乎也会变得更为耀眼。"
    },
    {
      "id": 4,
      "model": "홍루",
      "teller": "鸿璐",
      "title": "六协会 5科",
      "content": "正是如此！这就是这款陈年茶叶的妙处所在。"
    },
    {
      "id": 5,
      "content": "那孩子兴奋地喊着。"
    },
    {
      "id": 6,
      "model": "홍루",
      "teller": "鸿璐",
      "title": "六协会 5科",
      "content": "这是特供我家的最高级的普洱茶。在最为理想的环境下陈制了二十年以上……可以说是无价之宝了~"
    },
    {
      "id": 7,
      "model": "이상",
      "teller": "李箱",
      "title": "？？？",
      "content": "咳哼。"
    },
    {
      "id": 8,
      "content": "邻座的孩子像是被茶呛到了，小声咳嗽了两下。"
    },
    {
      "id": 9,
      "model": "파우스트",
      "teller": "浮士德",
      "title": "？？？",
      "content": "但我有些在意。花重金做到这种程度……就是说，只是为了品尝带有香气的水的理由何在？"
    },
    {
      "id": 10,
      "model": "홍루",
      "teller": "鸿璐",
      "title": "六协会 5科",
      "content": "哈哈。这是因为你的舌头只尝过便宜货，所以能感受到的味道比较少而已~"
    },
    {
      "id": 11,
      "model": "파우스트",
      "teller": "浮士德",
      "title": "？？？",
      "content": "……嗯。"
    },
    {
      "id": 12,
      "content": "桌边似乎萦绕着一股几乎要把茶水冷却下来的寒气。"
    },
    {
      "id": 13,
      "content": "当然，茶并没有凉。"
    },
    {
      "id": 14,
      "model": "이상",
      "teller": "李箱",
      "title": "？？？",
      "content": "呃，我只知今日各位聚集于此，并非为了探讨茶艺。"
    },
    {
      "id": 15,
      "content": "仿佛将要冻结的气氛再次活跃起来。"
    },
    {
      "id": 16,
      "model": "홍루",
      "teller": "鸿璐",
      "title": "六协会 5科",
      "content": "啊，没错。所以说……是要说之前那次任务的事吧？"
    },
    {
      "id": 17,
      "model": "파우스트",
      "teller": "浮士德",
      "title": "？？？",
      "content": "是的。准确来说……是关于你左眼的事。"
    },
    {
      "id": 18,
      "content": "孩子微笑着抿了一口茶。"
    },
    {
      "id": 19,
      "content": "他的表情中貌似隐藏着微妙的情感。"
    },
    {
      "id": 20,
      "model": "홍루",
      "teller": "鸿璐",
      "title": "六协会 5科",
      "content": "我的眼睛是挺亮眼的~你们会在意也是情有可原。"
    },
    {
      "id": 21,
      "model": "파우스트",
      "teller": "浮士德",
      "title": "？？？",
      "content": "虽然人类的眼睛能起到类似于照相机镜头的作用，但并不能像这样从眼球中释放出时而耀眼，时而暗淡的光线。"
    },
    {
      "id": 22,
      "content": "孩子轻盈的语气被白发的孩子无情地打断。"
    },
    {
      "id": 23,
      "model": "이상",
      "teller": "李箱",
      "title": "？？？",
      "content": "即使说是义眼，也十分异常。在这个时期，以昂贵茶叶招待他人的名门子弟，怎会戴着机械质感如此明显的眼球？"
    },
    {
      "id": 24,
      "model": "홍루",
      "teller": "鸿璐",
      "title": "六协会 5科",
      "content": "与生俱来的事情还能怎么办呢~我可是……像宝石一样的孩子。"
    },
    {
      "id": 25,
      "content": "虽然孩子的语气貌似有些颤抖，但座位上的人们并没有察觉到。"
    },
    {
      "id": 26,
      "content": "没错，这样反而更好。"
    },
    {
      "id": 27,
      "content": "因为在孩子的立场上……他并不知道自己的眼睛将会何时闪耀。"
    }
  ]
}