{
  "dataList": [
    {
      "id": 0,
      "model": "홍루",
      "teller": "鸿璐",
      "title": "20区 圣愚",
      "content": "嗯~总之先去看看吧？"
    },
    {
      "id": 1,
      "content": "一处昏暗发霉的空间，大概是某个地下空间之类的地方。"
    },
    {
      "id": 2,
      "content": "那孩子带着满不在乎的表情，慢慢地在这处空间中走着。"
    },
    {
      "id": 3,
      "content": "嘴里含着一根甜味的棒棒糖，他的步伐悠闲而安定。"
    },
    {
      "id": 4,
      "content": "与那些和他戴着一样图案围巾的人们的焦急不安相比，那孩子的样子全然相反。"
    },
    {
      "id": 5,
      "model": "홍루",
      "teller": "鸿璐",
      "title": "20区 圣愚",
      "content": "圣愚的同志之间相互斗殴和争吵已经并不稀奇……但这次感觉有点特别呢。"
    },
    {
      "id": 6,
      "content": "圣愚。"
    },
    {
      "id": 7,
      "content": "虽然这个集团的宗旨是防止少数人独占财富，创造公平的世界，但并非所有加入圣愚的人都怀抱着这一梦想。"
    },
    {
      "id": 8,
      "content": "现在圣愚作为帮派已经扩张到好几个巢中了……"
    },
    {
      "id": 9,
      "content": "也有单纯对自己的现状感到悲观，抑或是对巢感到不满而聚集起来的一些人。"
    },
    {
      "id": 10,
      "content": "继而，由于他们对翼和巢的意见相左，会发展成争吵斗殴……不过，都市里有谁死去或受伤都是常见的事。"
    },
    {
      "id": 11,
      "content": "那孩子正是在这种情况下调查案件……主动在圣愚中担任侦探的身份。"
    },
    {
      "id": 12,
      "model": "홍루",
      "teller": "鸿璐",
      "title": "20区 圣愚",
      "content": "呼，到处都是飞溅的血迹……杯子也全部都打碎了。要赔偿的话会很辛苦吧。"
    },
    {
      "id": 13,
      "teller": "精神敏感的同僚",
      "title": "20区 圣愚",
      "content": "啊，你来啦？"
    },
    {
      "id": 14,
      "model": "홍루",
      "teller": "鸿璐",
      "title": "20区 圣愚",
      "content": "是，能让我听听具体情况吗？"
    },
    {
      "id": 15,
      "content": "已经进来的同僚向着正在翻越几层警戒线的孩子打着招呼。"
    },
    {
      "id": 16,
      "teller": "精神敏感的同僚",
      "title": "20区 圣愚",
      "content": "情况……没什么特别的。一向如此……"
    },
    {
      "id": 17,
      "teller": "精神敏感的同僚",
      "title": "20区 圣愚",
      "content": "大概是又在喝酒之后发生了口角，争论起来谁对谁错，之后打了起来的结果吧。"
    },
    {
      "id": 18,
      "teller": "精神敏感的同僚",
      "title": "20区 圣愚",
      "content": "我向周围一起喝酒的居民和店主确认过了。在喝酒的中途直接抄起杯子往另一个人的额头上甩去。"
    },
    {
      "id": 19,
      "model": "홍루",
      "teller": "鸿璐",
      "title": "20区 圣愚",
      "content": "呜哇……那一定很疼吧。"
    },
    {
      "id": 20,
      "teller": "精神敏感的同僚",
      "title": "20区 圣愚",
      "content": "肯定很疼，而且也很生气……所以才会拼了命地吵起架来吧？"
    },
    {
      "id": 21,
      "content": "那孩子的同僚说完之后深深地叹了口气。"
    },
    {
      "id": 22,
      "teller": "精神敏感的同僚",
      "title": "20区 圣愚",
      "content": "哈……真不知道为什么彼此都恨不得把对方生吞活剥。我们不是志同道合么？"
    },
    {
      "id": 23,
      "model": "홍루",
      "teller": "鸿璐",
      "title": "20区 圣愚",
      "content": "因为快乐的事情而聚集在一起的人们，思想通常是一致的……"
    },
    {
      "id": 24,
      "model": "홍루",
      "teller": "鸿璐",
      "title": "20区 圣愚",
      "content": "而因为不快乐的事而心怀愤怒聚集在一起的人们，他们的思想人人不同。"
    },
    {
      "id": 25,
      "model": "홍루",
      "teller": "鸿璐",
      "title": "20区 圣愚",
      "content": "对翼产生不满的理由对每个人来说都不同~对吧？"
    },
    {
      "id": 26,
      "teller": "精神敏感的同僚",
      "title": "20区 圣愚",
      "content": "……就算如此，你还是表现得像个达观的人一样呢。"
    },
    {
      "id": 27,
      "teller": "精神敏感的同僚",
      "title": "20区 圣愚",
      "content": "你既然也加入了圣愚，那归根结底不也和我们一样有自己的理由吗？"
    },
    {
      "id": 28,
      "model": "홍루",
      "teller": "鸿璐",
      "title": "20区 圣愚",
      "content": "啊，我只是想拓宽眼界、增长见闻而已……因此对事件的“见闻”也增加了，呼呼。"
    },
    {
      "id": 29,
      "teller": "精神敏感的同僚",
      "title": "20区 圣愚",
      "content": "哼……"
    },
    {
      "id": 30,
      "content": "那同僚虽然认为自己无法与孩子产生共鸣，但也承认正是因为有了这样的他，才能公平而快速地解决案件。"
    },
    {
      "id": 31,
      "content": "比起由翼或事务所来负责调查这样的事件，同志之间自己解决更符合圣愚的宗旨。"
    },
    {
      "id": 32,
      "teller": "精神敏感的同僚",
      "title": "20区 圣愚",
      "content": "所以……这次你看出了什么？告诉我吧。"
    },
    {
      "id": 33,
      "model": "홍루",
      "teller": "鸿璐",
      "title": "20区 圣愚",
      "content": "好呀~来重构一下这个案件吧！"
    },
    {
      "id": 34,
      "content": "孩子一边转动着发条装置的旋钮，一边心情愉悦地说着。"
    },
    {
      "id": 35,
      "content": "这是由圣愚内部有名的工坊出身的匠人所制作的单片眼镜。带着好奇心去用它去观察某个物体并进行操作，它就会展现出有助于推断的各种场景。"
    },
    {
      "id": 36,
      "model": "홍루",
      "teller": "鸿璐",
      "title": "20区 圣愚",
      "content": "血迹干掉之后的痕迹互不相同。这一处已经被深深浸透了，而另一处比那处溅上得更晚。"
    },
    {
      "id": 37,
      "teller": "精神敏感的同僚",
      "title": "20区 圣愚",
      "content": "这些会有用吗？如果一个人的一天是六小时而另一个的是八小时，不就很难推测血迹的先后了吗？"
    },
    {
      "id": 38,
      "model": "홍루",
      "teller": "鸿璐",
      "title": "20区 圣愚",
      "content": "玻璃碎片破裂的痕迹……重构一下就能知道这是一个灯泡而非一个玻璃杯。往上看的话……"
    },
    {
      "id": 39,
      "teller": "精神敏感的同僚",
      "title": "20区 圣愚",
      "content": "其中一个灯泡……消失了？"
    },
    {
      "id": 40,
      "model": "홍루",
      "teller": "鸿璐",
      "title": "20区 圣愚",
      "content": "得到了有趣的结果呢。我们去前台看看吧？"
    },
    {
      "id": 41,
      "content": "那孩子像是很开心地哼着曲子，用轻盈的步伐走到了收银机面前。"
    },
    {
      "id": 42,
      "model": "홍루",
      "teller": "鸿璐",
      "title": "20区 圣愚",
      "content": "这家店的老板有通过收据来统计他当天收入的习惯。来吃饭的时候，他也经常向我们炫耀他收集的收据……"
    },
    {
      "id": 43,
      "model": "홍루",
      "teller": "鸿璐",
      "title": "20区 圣愚",
      "content": "最近的收入全部都是用红笔写的……当然，连老化的灯泡都没余钱修理了吧。"
    },
    {
      "id": 44,
      "teller": "精神敏感的同僚",
      "title": "20区 圣愚",
      "content": "也就是说……"
    },
    {
      "id": 45,
      "model": "홍루",
      "teller": "鸿璐",
      "title": "20区 圣愚",
      "content": "没错。"
    },
    {
      "id": 46,
      "model": "홍루",
      "teller": "鸿璐",
      "title": "20区 圣愚",
      "content": "难怪……在我眼镜显示出的案发现场中，受害者的表情显得很疑惑~"
    },
    {
      "id": 47,
      "teller": "精神敏感的同僚",
      "title": "20区 圣愚",
      "content": "哈……所以一切都源于一场误会吗……"
    },
    {
      "id": 48,
      "content": "同僚面带苦涩的表情挠了挠头发，长叹了一口气。"
    },
    {
      "id": 49,
      "content": "打破、打倒……看着说着这样的话聚集起来的圣愚的地位一天天恶化，他的心里肯定很不是滋味吧。"
    },
    {
      "id": 50,
      "content": "虽然很悲伤……但或许这是无可奈何的事情。"
    },
    {
      "id": 51,
      "content": "在瞬息万变的现状中却希望一切正常运转，说是在做一个过于理想的梦也不为过。"
    }
  ]
}