{
  "dataList": [
    {
      "id": 0,
      "content": "某个午后，朦胧的阳光散落在营房里。"
    },
    {
      "id": 1,
      "content": "这孩子正听着驯鹿同伴们的嘈杂声，静静等待指挥官的到来。"
    },
    {
      "id": 2,
      "model": "이스마엘",
      "title": "R公司 第四集团军 驯鹿队",
      "content": "如果协议达成，这次代理战可能会在H公司进行。"
    },
    {
      "id": 3,
      "model": "이스마엘",
      "title": "R公司 第四集团军 驯鹿队",
      "content": "这是我从那里拿到的手册……你想看看吗，鸿璐先生？"
    },
    {
      "id": 4,
      "model": "홍루",
      "title": "R公司 第四集团军 驯鹿队",
      "content": "嗯。不用了。"
    },
    {
      "id": 5,
      "model": "이스마엘",
      "title": "R公司 第四集团军 驯鹿队",
      "content": "我说。H公司的构造错综复杂，据说很容易迷路。你提前读一遍手册肯定会有帮助的，不是吗？"
    },
    {
      "id": 6,
      "model": "홍루",
      "title": "R公司 第四集团军 驯鹿队",
      "content": "谢谢你的心意。即使不读手册，我也已经对H公司有所了解了。"
    },
    {
      "id": 7,
      "model": "이스마엘",
      "title": "R公司 第四集团军 驯鹿队",
      "content": "你就不能稍微——"
    },
    {
      "id": 8,
      "model": "홍루",
      "title": "R公司 第四集团军 驯鹿队",
      "content": "我说了不用！"
    },
    {
      "id": 9,
      "model": "이스마엘",
      "title": "R公司 第四集团军 驯鹿队",
      "content": "……"
    },
    {
      "id": 10,
      "content": "以孩子的性格而言，这种事简直不可能发生。"
    },
    {
      "id": 11,
      "content": "平日的他，怕是连向他人宣泄的样子都令人难以想象吧。"
    },
    {
      "id": 12,
      "content": "是啊，这孩子曾像凝视路边的石子般，漠然地注视着世界……"
    },
    {
      "id": 13,
      "content": "现在的孩子，即便在众多孩子中也是异乎寻常的存在。"
    },
    {
      "id": 14,
      "content": "不愿接受死亡，甚至不惜杀死另一个自己以求生……这是属于这孩子微渺的可能性。"
    },
    {
      "id": 15,
      "model": "홍루",
      "title": "R公司 第四集团军 驯鹿队",
      "content": "……抱歉。我还没拿到下一副药。"
    },
    {
      "id": 16,
      "content": "即便如此，孩子的道歉也依旧蕴含着不变的温暖与温柔。"
    },
    {
      "id": 17,
      "content": "哪怕被无休止的头痛折磨着，孩子的本性仍驱使着他向人释放善意。"
    },
    {
      "id": 18,
      "model": "이스마엘",
      "title": "R公司 第四集团军 驯鹿队",
      "content": "不，你不用道歉的。"
    },
    {
      "id": 19,
      "model": "이스마엘",
      "title": "R公司 第四集团军 驯鹿队",
      "content": "我们驯鹿之间都心知肚明。发脾气不是什么大事。"
    },
    {
      "id": 20,
      "model": "이스마엘",
      "title": "R公司 第四集团军 驯鹿队",
      "content": "房间里的空药瓶越堆越多……可这该死的神经症就是不见好转。"
    },
    {
      "id": 21,
      "content": "就在孩子打算微微点头，以回应他驯鹿同伴嘀咕的瞬间……"
    },
    {
      "id": 22,
      "content": "营房大门敞开，集团军的指挥官走了进来。"
    },
    {
      "id": 23,
      "teller": "指挥官",
      "title": "R公司 第四集团军",
      "content": "唔。看你的脸色是没领到药吧。任务前会给你安排补给的。"
    },
    {
      "id": 24,
      "model": "홍루",
      "title": "R公司 第四集团军 驯鹿队",
      "content": "哇~谢谢你，指挥官。"
    },
    {
      "id": 25,
      "teller": "指挥官",
      "title": "R公司 第四集团军",
      "content": "……既然要用那种语气说话，也至少该把表情放松一些的。"
    },
    {
      "id": 26,
      "teller": "指挥官",
      "title": "R公司 第四集团军",
      "content": "总之……我们决定按照先前的通知，接受代理战委托。"
    },
    {
      "id": 27,
      "teller": "指挥官",
      "title": "R公司 第四集团军",
      "content": "以这次任务的风险来说，报酬要比想的少啊……"
    },
    {
      "id": 28,
      "model": "이스마엘",
      "title": "R公司 第四集团军 驯鹿队",
      "content": "但眼下L公司这个可靠的资金来源已经没落……第四集团军已经没有挑三拣四的资格了。"
    },
    {
      "id": 29,
      "model": "홍루",
      "title": "R公司 第四集团军 驯鹿队",
      "content": "而且你最先来找我们的话……看来这次又是驯鹿打头阵呢。"
    },
    {
      "id": 30,
      "teller": "指挥官",
      "title": "R公司 第四集团军",
      "content": "没错。驯鹿会先进入指定区域，进行人员清剿。"
    },
    {
      "id": 31,
      "model": "이스마엘",
      "title": "R公司 第四集团军 驯鹿队",
      "content": "我听说第二集团军的驯鹿上次可是第二批进去的。"
    },
    {
      "id": 32,
      "teller": "指挥官",
      "title": "R公司 第四集团军",
      "content": "那是……你们只有外形相似，无论是性格还是攻击方式都完全不同。"
    },
    {
      "id": 33,
      "content": "提到其他集团军的驯鹿时，指挥官立刻转移了话题，继续简报。"
    },
    {
      "id": 34,
      "content": "说到底虽然外表相似，但是所属集团军不同就会是完全不同的队伍……指挥官的反应也是理所当然。"
    },
    {
      "id": 35,
      "teller": "指挥官",
      "title": "R公司 第四集团军",
      "content": "之后由犀牛破坏所有设施，兔子进行善后处理。"
    },
    {
      "id": 36,
      "model": "홍루",
      "title": "R公司 第四集团军 驯鹿队",
      "content": "所有人展现价值然后回来就可以了。"
    },
    {
      "id": 37,
      "teller": "指挥官",
      "title": "R公司 第四集团军",
      "content": "无论如何，证明你们有被使用的价值。我相信没有一头希望就这样被宰杀处理的吧。"
    },
    {
      "id": 38,
      "content": "区域歼灭。"
    },
    {
      "id": 39,
      "content": "被称为R公司的鸡肋的第四集团军，虽然被挂满了各种缺点和限制条件的标签……"
    },
    {
      "id": 40,
      "content": "但唯独在作为其专长的歼灭领域，依然被需要着。"
    },
    {
      "id": 41,
      "teller": "逐渐发狂的后巷居民",
      "title": "8区",
      "content": "噫……住，住手！"
    },
    {
      "id": 42,
      "teller": "彻底疯狂的后巷居民",
      "title": "8区",
      "content": "脑袋里面在被啃食！咕呜呜！！！被吃掉了！神经！脑！"
    },
    {
      "id": 43,
      "content": "随着孩子的杖释放出强烈的光芒，数十人开始抱头发狂。"
    },
    {
      "id": 44,
      "content": "充满怨恨的可怕惨叫。无法抑制的悲鸣。"
    },
    {
      "id": 45,
      "content": "但孩子并不介意，只是转换自己的脑波并不断向四周释放光芒。"
    },
    {
      "id": 46,
      "content": "歼灭区域内的所有人都失去了理性，只因忍受着那侵袭而来的头痛。"
    },
    {
      "id": 47,
      "model": "홍루",
      "title": "R公司 第四集团军 驯鹿队",
      "content": "各位的住所，将会被犀牛沉重的突击踏为平地。"
    },
    {
      "id": 48,
      "model": "홍루",
      "title": "R公司 第四集团军 驯鹿队",
      "content": "各位的性命，将会被兔子不留痕迹地啃食殆尽。"
    },
    {
      "id": 49,
      "model": "홍루",
      "title": "R公司 第四集团军 驯鹿队",
      "content": "所以……在那之前……"
    },
    {
      "id": 50,
      "model": "홍루",
      "title": "R公司 第四集团军 驯鹿队",
      "content": "不如干脆被这光芒吞噬不是更好吗。"
    },
    {
      "id": 51,
      "content": "孩子相信，这片区域的人们全都发狂反而对他们更好。"
    },
    {
      "id": 52,
      "content": "因疯狂而发出悲鸣，自我崩溃……"
    },
    {
      "id": 53,
      "content": "总是要比忍受被无情地践踏、被撕咬的痛苦来得轻松一些吧。"
    },
    {
      "id": 54,
      "model": "홍루",
      "title": "R公司 第四集团军 驯鹿队",
      "content": "唔……"
    },
    {
      "id": 55,
      "content": "然而，对无法彻底疯狂的孩子来说，与光一同侵蚀而来的疯狂似乎是过于巨大的痛苦。"
    },
    {
      "id": 56,
      "content": "在无休无止压迫而来的噪音、变得疯狂的人们撕裂的肉片飞舞的光景之中……孩子眉头紧锁，用力地揪着头发。"
    },
    {
      "id": 57,
      "content": "耳边无时无刻不响起的耳鸣。脑被锥子挖凿一般的头痛。"
    },
    {
      "id": 58,
      "content": "孩子逐渐发出无法抑制的狂人之笑，看起来他似乎知道一个可以解决这一切的办法。"
    },
    {
      "id": 59,
      "model": "이스마엘",
      "title": "R公司 第四集团军 驯鹿队",
      "content": "可恶。看来他们已经到了……还不撤退吗？"
    },
    {
      "id": 60,
      "model": "홍루",
      "title": "R公司 第四集团军 驯鹿队",
      "content": "吵……死了。干脆，就这么呆在这好了。"
    },
    {
      "id": 61,
      "content": "同僚驯鹿用一副惊呆了的表情望着他……"
    },
    {
      "id": 62,
      "content": "孩子知道吞噬自己的寂静即将到来。"
    },
    {
      "id": 63,
      "content": "正是那些不论敌我全部破坏的兔子和犀牛。"
    },
    {
      "id": 64,
      "model": "이스마엘",
      "title": "R公司 第四集团军 驯鹿队",
      "content": "……呼。我已经搞不清了。或许这才是得到许久未曾拥有过的安眠的最佳方式。"
    },
    {
      "id": 65,
      "model": "홍루",
      "title": "R公司 第四集团军 驯鹿队",
      "content": "……"
    },
    {
      "id": 66,
      "content": "对于无数次从死亡中醒来的驯鹿们来说，死亡已经不是什么值得恐惧的东西了。"
    },
    {
      "id": 67,
      "content": "不如说更接近将头脑中的嘈杂压制下来的短暂甜美的休憩。"
    },
    {
      "id": 68,
      "model": "히스클리프",
      "title": "R公司 第四集团军 兔子队",
      "content": "发现了鲜嫩的青草！"
    },
    {
      "id": 69,
      "model": "뫼르소",
      "title": "R公司 第四集团军 犀牛队",
      "content": "装甲增压……施行。"
    },
    {
      "id": 70,
      "content": "不分敌我的破坏一开始，孩子就丢下杖，闭上了眼睛。"
    },
    {
      "id": 71,
      "content": "不久，第四集团军的歼灭行动便吞没了作为己方的孩子……"
    },
    {
      "id": 72,
      "content": "孩子终将会在他期盼已久的寂静中，平静地睁开眼睛吧。"
    }
  ]
}