{
  "dataList": [
    {
      "teller": "收尾人同事",
      "title": "多裂纹事务所",
      "content": "……夫。"
    },
    {
      "teller": "收尾人同事",
      "title": "多裂纹事务所",
      "content": "希斯克利夫！"
    },
    {
      "content": "正逢日上三竿的宁静午间。"
    },
    {
      "content": "孩子凝视天花板的视线向着呼唤自己的声音侧目瞥去。"
    },
    {
      "teller": "收尾人同事",
      "title": "多裂纹事务所",
      "content": "希斯克利夫……你打算发呆到什么时候？已经到中午了。"
    },
    {
      "model": "히스클리프",
      "title": "多裂纹事务所",
      "content": "怎么会……才过了那么一会儿吗？真让人火大……"
    },
    {
      "content": "看着用四只手抱住头的孩子，事务所中爆发出笑声。"
    },
    {
      "content": "也许是觉得有点丢脸？孩子轻咳一声转变了话题。"
    },
    {
      "model": "히스클리프",
      "title": "多裂纹事务所",
      "content": "呃，所以为什么叫我？"
    },
    {
      "teller": "收尾人同事",
      "title": "多裂纹事务所",
      "content": "我们打算去之前那个后巷的火腿嘭嘭，你要一起来吗？"
    },
    {
      "model": "히스클리프",
      "title": "多裂纹事务所",
      "content": "……不了。你们想去就去吧。"
    },
    {
      "teller": "收尾人同事",
      "title": "多裂纹事务所",
      "content": "嗯？怎么了？你之前不是挺中意季节特供的炸鱼薯条，天天都在吃吗。"
    },
    {
      "model": "히스클리프",
      "title": "多裂纹事务所",
      "content": "我不饿。"
    },
    {
      "teller": "收尾人同事",
      "title": "多裂纹事务所",
      "content": "啊，难道你把消化器官也换成义体了吗？唔，我可完全不想动这部分。"
    },
    {
      "model": "히스클리프",
      "title": "多裂纹事务所",
      "content": "哎哟，不是那样！"
    },
    {
      "content": "愤怒地提高音调的孩子重重叹了口气，继续说。"
    },
    {
      "model": "히스클리프",
      "title": "多裂纹事务所",
      "content": "我只是……今天想了很多事情，没什么食欲。"
    },
    {
      "teller": "收尾人同事",
      "title": "多裂纹事务所",
      "content": "行吧。你之后要是改变主意了就再联络我。我会帮你买回来的。"
    },
    {
      "content": "孩子的同事和其他人一起外出了。"
    },
    {
      "content": "敲击键盘和计算机的声音，笔在纸上书写的声音都消失了，寂静的事务所内唯有时钟指针的声音在孩子耳边响起。"
    },
    {
      "model": "히스클리프",
      "title": "多裂纹事务所",
      "content": "啧，这声音真烦人。早知道就不该动鼓膜的。"
    },
    {
      "content": "孩子摸了摸不久前接受过手术的耳朵，再次茫然地盯着天花板。"
    },
    {
      "content": "看样子，最近孩子多了不少烦恼。"
    },
    {
      "model": "히스클리프",
      "title": "多裂纹事务所",
      "content": "总感觉战斗都没什么乐趣了啊。"
    },
    {
      "content": "虽然孩子时不时就在后巷里打架，但他对打架原本并没有那么麻木。"
    },
    {
      "content": "一击即中就会露出愉快的笑容，和强敌战斗时则是一边嘴上抱怨一边燃起斗志。"
    },
    {
      "content": "虽然当他冷静下来后，像是“刚刚是不是太过了”，“不能不杀人吗”等等再普通不过的想法会在脑海中浮现……"
    },
    {
      "content": "但最近那些感情似乎不常涌现了。"
    },
    {
      "content": "接受了远征委托的那天也是如此。"
    },
    {
      "teller": "帮派成员",
      "title": "？？？",
      "content": "你这家伙，刚刚要是搞错一点你的手都会被砍断了……"
    },
    {
      "model": "히스클리프",
      "title": "多裂纹事务所",
      "content": "砍了就砍了呗。"
    },
    {
      "model": "히스클리프",
      "title": "多裂纹事务所",
      "content": "反正换掉不就好了，我们的代表带了几十根手臂过来呢。"
    },
    {
      "teller": "帮派成员",
      "title": "？？？",
      "content": "疯了吗，你们这群疯子……！"
    },
    {
      "content": "孩子正按照委托内容和后巷的某个帮派战斗。"
    },
    {
      "content": "虽然帮派里偶尔也能看到使用义体的人，不过大多还是要么在三流工坊里做了手术的，要么就是不使用义体的人。"
    },
    {
      "content": "和孩子交手的后巷帮派成员都是差不多的反应。"
    },
    {
      "content": "哪怕是一般的收尾人会害怕或是躲开的攻击……"
    },
    {
      "model": "히스클리프",
      "title": "多裂纹事务所",
      "content": "你蠢吗？就算刺伤了我的手臂也不会影响到电路的。"
    },
    {
      "content": "孩子非但没有躲开，反而继续向内部突进。"
    },
    {
      "content": "对孩子而言，手被砍断、肩膀被贯穿都不算致命伤，仅仅是几分钟就能更换完成的轻伤而已。"
    },
    {
      "content": "只要资金足够充沛，身为义体收尾人的孩子便不会珍惜身体。"
    },
    {
      "content": "战斗顺利进行，可孩子内心却觉得无聊。"
    },
    {
      "content": "即使经历了一场苦战，也只是“赢了啊”。"
    },
    {
      "content": "即使手感很好地将长矛捅出，也只是“刺中了啊”。"
    },
    {
      "content": "脑袋里浮现的全是这样单纯的想法，那自然会觉得无聊吧。"
    },
    {
      "teller": "收尾人同事",
      "title": "多裂纹事务所",
      "content": "希斯克利夫，你又在发呆了？"
    },
    {
      "content": "同事的声音将孩子从远征时的那场战斗和情绪的回忆中拉了回来。"
    },
    {
      "content": "虽然孩子想对亲切地带来三明治的收尾人同事表示感谢……"
    },
    {
      "content": "但他突然发现同事用四只手臂疯狂挥动着指向桌子，于是将视线向下看去。"
    },
    {
      "content": "那是咖啡泼洒到上午写好的文件后形成的悲惨景象。"
    },
    {
      "model": "히스클리프",
      "title": "多裂纹事务所",
      "content": "啊。这是我打翻的？"
    },
    {
      "teller": "收尾人同事",
      "title": "多裂纹事务所",
      "content": "不然还能有谁啊。"
    },
    {
      "model": "히스클리프",
      "title": "多裂纹事务所",
      "content": "哎，一点热量都感觉不到所以我也没发现。"
    },
    {
      "teller": "收尾人同事",
      "title": "多裂纹事务所",
      "content": "话说回来这文件……不是今天必须提交的报告吗？你一上午的工作全打水漂了，怎么还能这么冷静啊！"
    },
    {
      "model": "히스클리프",
      "title": "多裂纹事务所",
      "content": "不也挺好的，下午也有事做了。"
    },
    {
      "content": "嘴上这么说着，孩子的表情却很凝重。"
    },
    {
      "content": "看到这一幕的收尾人同事迅速帮孩子整理好杂乱的文件，收起了杯子，又擦干净了桌子。"
    },
    {
      "content": "灵活运用着四只手臂的收尾人同事帮孩子整理好桌子后就回到了自己的座位。"
    },
    {
      "content": "呆呆注视着这一切的孩子苦笑一声，向后倚靠在椅子上……"
    },
    {
      "model": "히스클리프",
      "title": "多裂纹事务所",
      "content": "哎，要不辞职吧。"
    },
    {
      "content": "他用满是虚无的语气喃喃说道。"
    },
    {
      "content": "除去收到委托出门的时候，每天就只是坐在事务所里无所事事。"
    },
    {
      "content": "孩子原本打算稍微工作一段时间就辞职，却一直没能做到。"
    },
    {
      "model": "히스클리프",
      "title": "多裂纹事务所",
      "content": "就算去了别的公司，啧……也照样麻烦。"
    },
    {
      "content": "孩子觉得待在这所由义体收尾人组成的多裂纹事务所对他来说比较舒服。"
    },
    {
      "content": "在这里哪怕热咖啡撒到手上也无伤大雅，换手换脚的话题也能轻松闲谈。"
    },
    {
      "content": "习惯于在此生活的共同感后，孩子每次出门时都会感到奇妙的违和感。"
    },
    {
      "content": "能毫不犹豫地抓住炽热的物体，不论走多久都不会累。"
    },
    {
      "content": "自从将大部分身体换成义体后，孩子或许对这些零碎小事或许有了不同的感觉。"
    },
    {
      "model": "히스클리프",
      "title": "多裂纹事务所",
      "content": "……算了，没了家人我又能去哪里呢。哎……今天能不能来点有趣的委托啊……"
    },
    {
      "content": "期盼着无趣的日常中能够掀起些许波澜，孩子又一次望向天花板。"
    },
    {
      "content": "如同机械，如同齿轮般运转的每一天。"
    },
    {
      "content": "孩子对那样的都市生活习以为常。"
    }
  ]
}