{
  "dataList": [
    {
      "id": 0,
      "content": "孩子拿着一把被打磨锋利的匕首。"
    },
    {
      "id": 1,
      "content": "他没有握着刀的那只手从一开始就不停地颤抖着，眼睛紧盯着刀尖，额头上汗如雨下。"
    },
    {
      "id": 2,
      "content": "孩子把含在嘴里的那一段粗绳子咬的咯吱作响，同时把刀对准自己的手臂，划出了一道口子。"
    },
    {
      "id": 3,
      "content": "惨叫声、呻吟声、以及介于两者之间的可怕声音从绳子的缝隙间逐渐传出，但是这个孩子并没有停下刀的意思。"
    },
    {
      "id": 4,
      "content": "他反而开始更快地将刀刃割入皮肉之中。"
    },
    {
      "id": 5,
      "content": "每当刀刃斜着划过皮肤，血肉间就会敞开一道伤口，从而使皮肤上的纹身痕迹一点点地，极其缓慢地逐渐消失。"
    },
    {
      "id": 6,
      "content": "孩子想要把中指的痕迹全部抹除。"
    },
    {
      "id": 7,
      "content": "难道都市里面没有消除纹身的技术吗？不，那是绝对不可能的。"
    },
    {
      "id": 8,
      "content": "即使来自中指的纹身比其他的强化纹身更为特别，只要去寻找，就一定能在哪里找到解决方法。"
    },
    {
      "id": 9,
      "content": "但是孩子并不想用那样的方法把纹身抹除。"
    },
    {
      "id": 10,
      "content": "这是对自己选择的后悔，对过去的羞耻，对所属的烙印。"
    },
    {
      "id": 11,
      "content": "在听到自己爱着的人说出了那种刺伤他心灵的话语之后，孩子在愤怒和嫉妒中彷徨着加入了中指。"
    },
    {
      "id": 12,
      "content": "但是在加入中指后，无论他在那里停留多久，他都无法回到那个时候了。"
    },
    {
      "id": 13,
      "content": "只有用自己的双手将这些亲手挖掉才能解脱，才能堂堂正正地回到所爱着的人的身边……"
    },
    {
      "id": 14,
      "content": "孩子一直在重复那种事情。"
    },
    {
      "id": 15,
      "content": "要是去往远处的大湖，说不定就能够逃离他们的追踪。说不定孩子就是这么想着才登上了船。"
    },
    {
      "id": 16,
      "content": "……作为裴廓德号的鱼叉手工作的时候，孩子不得不杀死许多东西。"
    },
    {
      "id": 17,
      "content": "不管是为了用鳍制作肉干而狩猎人鱼……还是狩猎碍事的海盗，甚至捕鲸。"
    },
    {
      "id": 18,
      "content": "那巨大的鱼叉无论何时都忠实的遵从船长的命令，突刺然后收回。"
    },
    {
      "id": 19,
      "content": "对孩子来说这样的工作并不辛苦。"
    },
    {
      "id": 20,
      "content": "孩子还在中指的时候，就杀了无数的人。"
    },
    {
      "id": 21,
      "content": "只是，与当时不一样的是……"
    },
    {
      "id": 22,
      "content": "那个时候是自己的选择造就了这样的自己。"
    },
    {
      "id": 23,
      "content": "现在他不再认为自己是一个值得信任的人，因此他只是听从着某人的命令。"
    },
    {
      "id": 24,
      "content": "因为那人确实这么说过。"
    },
    {
      "id": 25,
      "content": "“一旦此次航海到达尾声，一切都将得到保障。”"
    },
    {
      "id": 26,
      "content": "那孩子所冀望的愿景，那孩子所渴求前行的方向，那孩子无比想要再见一面的挚爱故人。"
    },
    {
      "id": 27,
      "content": "那孩子相信，当这次航行结束时……他们都会回来的。"
    },
    {
      "id": 28,
      "content": "于是日复一日，他继续划烂血肉上的纹身，日复一日，他继续用他的捕鲸叉将鲸刺穿。"
    }
  ]
}