{
  "dataList": [
    {
      "content": "落雨寒冷刺骨。"
    },
    {
      "content": "雨滴中承载了过去的记忆。从被拾回去起，到我在那幢宅邸里度过的每一日、每张面孔，都凝成点滴记忆烙印在我心中。"
    },
    {
      "content": "所以，我才从未刻意躲避这淅沥的雨。"
    },
    {
      "content": "每当记忆被唤起，我都会不断回忆起必须将那些混蛋们撕成碎片，完成复仇的事实。"
    },
    {
      "content": "……那幢宅邸里并非没有雨伞。"
    },
    {
      "content": "能在雨滴即将渗入皮肤时，为我提供片刻安宁的雨伞。"
    },
    {
      "content": "那柄雨伞，名为凯瑟琳。"
    },
    {
      "content": "也许，即使无法彻底从这雨下脱身，但只要能在喘息之时晾干淋湿的衣服，这样生活下去也不坏。"
    },
    {
      "content": "那柄雨伞让我产生了这样的错觉。"
    },
    {
      "content": "哈。真是笑不出来。索性没有这种东西更好。"
    },
    {
      "content": "结果那柄雨伞是为其他人而开，只是如同施舍般向我递出了片刻……"
    },
    {
      "content": "为了我、爱着我，那都只是虚无的妄想，我对这一事实感到屈辱和羞耻。"
    },
    {
      "content": "我下定决心，再也不会渴求雨伞的庇护。"
    },
    {
      "content": "我只需要……向那幢对我降下瓢泼大雨的宅邸中的人们带来令他们血肉四溅，尸骨无存的风暴。"
    },
    {
      "content": "自那一刻起，我的人生仅剩下那一个理由。"
    },
    {
      "content": "……在这片森林高耸，寂静无声的地方。"
    },
    {
      "content": "这片葱郁的森林里，即使风暴呼啸而来，也能清晰见到那幢大得恶心的宅邸。"
    },
    {
      "content": "目标如此明确，丝毫未减的憎恶将我填满。"
    },
    {
      "content": "恰逢管家们正晾干衣物，或是访客们进进出出享受着晚宴的时候，看着那份景色，我回忆起曾经偶尔也有过欢乐的时刻。"
    },
    {
      "content": "我想起那位虽然嘴上唠叨，但在宅邸里比任何人都照顾我的首席管家。"
    },
    {
      "content": "……不，这都是幻想。"
    },
    {
      "content": "地狱一般的时间成为过去后化作回忆，最终因软弱而被曲解成了曾经也有过快乐的错觉，是我脆弱心灵的权宜之策。"
    },
    {
      "content": "将一切都消除就好了，将一切消除后……过去与记忆一并消失后，动摇也会就此终结吧。"
    },
    {
      "content": "反正……名为凯瑟琳的雨伞已经死去。"
    },
    {
      "content": "如今的那幢宅邸里，真的再也没有可供我安歇哪怕片刻的地方了。"
    },
    {
      "content": "是从我得到这把剑的那时起吗，还是从我遇见并窥视到无数的我的那天开始？"
    },
    {
      "content": "又或者是从我攻击那小少爷的宅邸，将砍杀的众多管家堆成尸山的那天起？"
    },
    {
      "content": "我意识到能令被我打倒的那些家伙的灵魂服从于我的方法。"
    },
    {
      "content": "即使没有人教导过，但正如无数世界中的我带领着那些人一样，我也自然向其转变了吧。"
    },
    {
      "content": "我能听到他们永无安息的憎恶与怨恨。然而，他们也只能怀揣这份情感向我献上忠诚，如此不合理得可笑。"
    },
    {
      "content": "我率领着狂猎的队伍吞噬了那小少爷无用的手臂。"
    },
    {
      "content": "随后我高声宣告，我亲自举办的晚宴将在那幢宅邸进行。"
    },
    {
      "content": "我给予了他们充足的准备时间。"
    },
    {
      "content": "失去手臂后，那小少爷对我层层积累的憎恶会让他的刺剑变得多么锋利呢。"
    },
    {
      "content": "成日寻找着早已死去的夫人的那位首席管家手里的餐巾又会变得多么坚固呢。"
    },
    {
      "content": "感到自己被背叛的原保姆的怒斥声又会多么震耳欲聋呢。"
    },
    {
      "content": "只有在做好万全准备后前来参加我的晚宴，才能让我的复仇真正有所价值。"
    },
    {
      "content": "希望他们能双眼充血，索性青筋暴起着与我的队伍对抗。"
    },
    {
      "content": "而我在最后的最后，将他们尽数击溃……"
    },
    {
      "content": "在这片风暴呼啸而过的山丘上亲眼目睹一切被摧毁殆尽后，我会与被留下的凯瑟琳重逢吧。"
    },
    {
      "content": "而那样一来，我至今的哀切……愤怒……"
    },
    {
      "content": "在折断的雨伞前，我会倾吐出内心的一切，咆哮着。"
    },
    {
      "content": "咆哮出我残留的遗憾与复仇的完成。"
    },
    {
      "content": "我终于将一切悲剧的始作俑者，将呼啸山庄摧毁了。"
    },
    {
      "content": "那你……你也。"
    },
    {
      "content": "如果没有这幢该死的宅邸，你也会获得幸福吧。"
    }
  ]
}