{
  "dataList": [
    {
      "model": "히스클리프",
      "title": "黑云会",
      "content": "……真是一团糟啊。"
    },
    {
      "content": "所谓的会谈，便是为了解决什么问题而交换各自意见的场合……"
    },
    {
      "content": "但遗憾的是，这座都市里几乎不存在那样可靠的会谈。"
    },
    {
      "content": "不用去找例子，孩子现在注视着的会谈便是如此。"
    },
    {
      "teller": "猫又派 组员",
      "title": "猫又派",
      "content": "老实说，难道不是铁风会的失败导致了周围商人的离开吗？"
    },
    {
      "teller": "铁风会 组员",
      "title": "铁风会",
      "content": "目前收了很多保护费的黑云会该再多承担一些奉纳吧……"
    },
    {
      "teller": "绳结派 组员",
      "title": "绳结派",
      "content": "绳结派不打算插手这件事。"
    },
    {
      "content": "是谁的问题啦。又是谁该出更多的钱啦。"
    },
    {
      "content": "伴随着香烟的烟雾袅袅升起，人们用毫无意义的话语大声争论着。"
    },
    {
      "content": "面对那群人，孩子露出了厌烦的表情。"
    },
    {
      "model": "오티스",
      "title": "黑云会",
      "content": "我也有同感，但在公共场合请你谨言慎行。"
    },
    {
      "model": "히스클리프",
      "title": "黑云会",
      "content": "反正那帮家伙互相间吵个不停，根本听不到我们说话吧。"
    },
    {
      "model": "오티스",
      "title": "黑云会",
      "content": "……他们到底是怎么沦落到如此地步的。"
    },
    {
      "model": "히스클리프",
      "title": "黑云会",
      "content": "烦的话就去和他们说啊。"
    },
    {
      "model": "오티스",
      "title": "黑云会",
      "content": "你难不成忘了这里聚集的大部分帮派都是拇指麾下的吗。"
    },
    {
      "model": "오티스",
      "title": "黑云会",
      "content": "要让我这个若众出面，就必须有人将权威让渡给我。"
    },
    {
      "model": "오티스",
      "title": "黑云会",
      "content": "以实玛利副会长……也没有现在出面的意思。"
    },
    {
      "content": "孩子所属的黑云会，在会谈中所处的地位实际上并不是很好。"
    },
    {
      "content": "会长因为意外事故暂时缺席，前副会长进入了图书馆后失踪。"
    },
    {
      "content": "只剩下匆忙填补那个空缺的新副会长。"
    },
    {
      "content": "即使会长将权威让渡给她……他们依然会被其他帮派所轻视。"
    },
    {
      "model": "히스클리프",
      "title": "黑云会",
      "content": "啊。大概她会有些想法吧。"
    },
    {
      "model": "오티스",
      "title": "黑云会",
      "content": "……一段时间不见，你似乎更信任副会长了。"
    },
    {
      "model": "오티스",
      "title": "黑云会",
      "content": "上一次会谈时，你们的关系看起来还很恶劣。"
    },
    {
      "model": "히스클리프",
      "title": "黑云会",
      "content": "现在也称不上关系好。但在每天吵架、一起喝酒的时候，我们至少能互相理解了。"
    },
    {
      "model": "히스클리프",
      "title": "黑云会",
      "content": "我们在入会前都流浪过一阵子……也都有要复仇的家伙……某种程度上有种是同一类人的感觉。"
    },
    {
      "model": "오티스",
      "title": "黑云会",
      "content": "但那已经结束了。因为她高升了。"
    },
    {
      "model": "히스클리프",
      "title": "黑云会",
      "content": "你说话真是不中听……啧。"
    },
    {
      "model": "히스클리프",
      "title": "黑云会",
      "content": "嘛。不过我确实觉得那家伙是该升上去的。"
    },
    {
      "model": "히스클리프",
      "title": "黑云会",
      "content": "我现在已经完全搞不懂了。虽然我曾经发誓……要衣锦还乡，但最近却不明白了。自己究竟是为了什么才那么想回去。"
    },
    {
      "model": "히스클리프",
      "title": "黑云会",
      "content": "有人曾对我说过……能爬到高处的，都是像那家伙一样有着明确目标的人。"
    },
    {
      "model": "오티스",
      "title": "黑云会",
      "content": "虽然不知道是谁说的，但这话确实在理。"
    },
    {
      "model": "히스클리프",
      "title": "黑云会",
      "content": "啊，是马泰奥大哥说的。我在T公司的时候曾经受过他一些照顾。"
    },
    {
      "model": "히스클리프",
      "title": "黑云会",
      "content": "哦，看来会谈结束了？"
    },
    {
      "teller": "猫又派 组员",
      "title": "猫又派",
      "content": "看来我们很难达成共识。会议改到明天继续吧。"
    },
    {
      "teller": "铁风会 组员",
      "title": "铁风会",
      "content": "……同意。这样下去没完没了了。"
    },
    {
      "model": "이스마엘",
      "title": "黑云会 副会长",
      "content": "好，就这么办吧。"
    },
    {
      "model": "이스마엘",
      "title": "黑云会 副会长",
      "content": "希斯克利夫。"
    },
    {
      "model": "히스클리프",
      "title": "黑云会",
      "content": "嗯？怎么？怎么突然小声喊我……"
    },
    {
      "model": "이스마엘",
      "title": "黑云会 副会长",
      "content": "让咱们的人在夜里做好准备，提高警惕。看样子，这次会谈不会风平浪静地结束。"
    },
    {
      "model": "히스클리프",
      "title": "黑云会",
      "content": "……你认真的吗？"
    },
    {
      "model": "히스클리프",
      "title": "黑云会",
      "content": "如果不是吃了熊心豹子胆，是不可能敢在我们的地盘上袭击黑云会的吧？"
    },
    {
      "model": "이스마엘",
      "title": "黑云会 副会长",
      "content": "……我感觉有几个帮派盯上了我们的业务。而且反复打听我们的住处也很可疑。"
    },
    {
      "model": "히스클리프",
      "title": "黑云会",
      "content": "呵。真是帮疯子。要是被我逮到了，就让他们的脑袋都……"
    },
    {
      "model": "이스마엘",
      "title": "黑云会 副会长",
      "content": "还只是怀疑而已，先别那么激动。总之……这个就交给你了。"
    },
    {
      "content": "时间流逝，来到了乌云密布的漆黑之夜。"
    },
    {
      "content": "孩子的怀疑成真了……"
    },
    {
      "content": "几个可疑的身影蹑手蹑脚地潜入了希斯克利夫的卧室。"
    },
    {
      "content": "他们观察了一会儿孩子的状态，从怀中取出了一把小刀……"
    },
    {
      "content": "朝着没有纹身的脖子用力刺去。"
    },
    {
      "model": "히스클리프",
      "title": "黑云会",
      "content": "……呵。"
    },
    {
      "model": "히스클리프",
      "title": "黑云会",
      "content": "真来了啊？"
    },
    {
      "content": "但那刀刃并没有刺穿孩子的脖子。"
    },
    {
      "content": "纹在孩子身上各处的黑色纹身，瞬间如云般聚集在他的脖子上……"
    },
    {
      "content": "碰在纹身上的刀刃发出了尖锐的声响，弹了回来。"
    },
    {
      "model": "히스클리프",
      "title": "黑云会",
      "content": "虽然每次都是让部下完成计划……但总感觉光是那样没法结束啊。"
    },
    {
      "teller": "袭击者",
      "title": "？？？",
      "content": "怎么回事，没有这样的情……"
    },
    {
      "model": "히스클리프",
      "title": "黑云会",
      "content": "我们黑云会的纹身可不会被这样的刀给刺穿。"
    },
    {
      "model": "히스클리프",
      "title": "黑云会",
      "content": "或者说，你们的纹身好像不会动啊？"
    },
    {
      "content": "孩子很快拔出刀反击，惊慌的袭击者毫无防备地被砍断了咽喉。"
    },
    {
      "content": "孩子在斩首了袭击者后，很快与同伴们一同冲向了外面。"
    },
    {
      "content": "而在那里……"
    },
    {
      "model": "오티스",
      "title": "黑云会",
      "content": "明明是你让我们待命的，却出来得最迟啊。"
    },
    {
      "model": "히스클리프",
      "title": "黑云会",
      "content": "都说了因为我是诱饵啊……不，算了。比起那个……"
    },
    {
      "model": "히스클리프",
      "title": "黑云会",
      "content": "这些家伙到底是什么人？"
    },
    {
      "model": "오티스",
      "title": "黑云会",
      "content": "……勾结起来的帮派数量比想象中要多。"
    },
    {
      "content": "有许多帮派聚集在街上，向着黑云会发起进攻。"
    },
    {
      "model": "히스클리프",
      "title": "黑云会",
      "content": "这些家伙，把我们黑云会当成什么了……！"
    },
    {
      "model": "오티스",
      "title": "黑云会",
      "content": "副会长马上就到。"
    },
    {
      "model": "오티스",
      "title": "黑云会",
      "content": "我们要在这里……撑到那时候……"
    },
    {
      "model": "히스클리프",
      "title": "黑云会",
      "content": "不用。"
    },
    {
      "model": "히스클리프",
      "title": "黑云会",
      "content": "硬撑可不是副会长的性子啊……得突围吧。"
    },
    {
      "model": "히스클리프",
      "title": "黑云会",
      "content": "反正他们会想通过“决战”一口气解决的。"
    },
    {
      "content": "决战。"
    },
    {
      "content": "东部的许多帮派在决定重要事务的时候，经常会使用单挑决斗制度。"
    },
    {
      "content": "当然，哪怕失败或者拒绝也并不会导致什么“实质上”的利益受损……"
    },
    {
      "content": "然而在决战文化扎根的东部，那样的选项会让同伴的士气一蹶不振。"
    },
    {
      "content": "而且……在多人战斗中，士气是非常重要的因素。"
    },
    {
      "model": "히스클리프",
      "title": "黑云会",
      "content": "正因如此，我们必须开路到他们老大所在的地方！"
    },
    {
      "content": "孩子紧握刀柄，向前突进。"
    },
    {
      "content": "他信任着强化纹身，直接承受了一些不痛不痒的攻击，"
    },
    {
      "content": "孩子接着斩杀了一个接一个的敌人，向前推进。"
    },
    {
      "content": "但是，他的突进并没有长久持续下去。"
    },
    {
      "content": "看上去是前来袭击的帮派的老大挡住了孩子的前路。"
    },
    {
      "model": "히스클리프",
      "title": "黑云会",
      "content": "咳！"
    },
    {
      "content": "虽然孩子全力战斗了，但对于已经精疲力尽的他来说，斩杀如此数量的敌人也并不简单吧。"
    },
    {
      "content": "一下、两下、三下。"
    },
    {
      "content": "随着不断的剑击，孩子摆出的架势也在逐渐崩溃……"
    },
    {
      "content": "而随着强化纹身也没法完全防御的伤口逐渐增加，孩子终于倒在了地面上。"
    },
    {
      "model": "히스클리프",
      "title": "黑云会",
      "content": "哈啊……"
    },
    {
      "model": "히스클리프",
      "title": "黑云会",
      "content": "明明就快突围了……"
    },
    {
      "content": "就在那时。"
    },
    {
      "model": "이스마엘",
      "title": "黑云会 副会长",
      "content": "你等着不就好了。真不像样啊。"
    },
    {
      "content": "沉重的脚步声从他背后慢慢靠近。"
    },
    {
      "model": "히스클리프",
      "title": "黑云会",
      "content": "……副会长。"
    },
    {
      "model": "히스클리프",
      "title": "黑云会",
      "content": "他们人数多过头了……嘿。这么想来，我也算尽力了吧？"
    },
    {
      "model": "이스마엘",
      "title": "黑云会 副会长",
      "content": "如今你擅自突围倒下了呢。这可不是开玩笑的时候。"
    },
    {
      "model": "히스클리프",
      "title": "黑云会",
      "content": "可不好笑啊……就算我在这里扮严肃，也反倒会看上去傻兮兮的……还会被你骂的吧。"
    },
    {
      "model": "이스마엘",
      "title": "黑云会 副会长",
      "content": "嗯，没错呢。"
    },
    {
      "model": "히스클리프",
      "title": "黑云会",
      "content": "……你还是老样子呢。"
    },
    {
      "content": "虽然孩子的视野仿佛被云翳遮蔽那般慢慢暗淡下去，但传入他耳中的声音依旧清晰可辨。"
    },
    {
      "model": "이스마엘",
      "title": "黑云会 副会长",
      "content": "黑云会第三十四代副会长，以实玛利。"
    },
    {
      "content": "用那句话开场的副会长，迄今为止还没有输过。"
    },
    {
      "content": "就连孩子倒地的那一瞬间，他的嘴角似乎还安心地咧开着。"
    }
  ]
}