{
  "dataList": [
    {
      "content": "落雨寒冷刺骨。"
    },
    {
      "content": "雨滴中承载了过去的记忆。从被拾回去起，到我在那幢宅邸里度过的每一日、每张面孔，都凝成点滴记忆烙印在我心中。"
    },
    {
      "content": "所以，我才从未刻意躲避这淅沥的雨。"
    },
    {
      "content": "每当记忆被唤起，我都会不断回忆起必须将那些混蛋们撕成碎片，完成复仇的事实。"
    },
    {
      "content": "……那幢宅邸里甚至没有一柄雨伞。"
    },
    {
      "content": "在雨滴即将渗入皮肤时，我甚至没有一片能够抵挡的薄布。"
    },
    {
      "content": "也许，即使无法彻底从这雨下脱身，但只要能在喘息之时晾干淋湿的衣服，这样生活下去也不坏。"
    },
    {
      "content": "但在我的人生中从未产生过那种错觉。"
    },
    {
      "content": "哈。这反而更好了。正因为没有，我复仇的决心才更加鲜明。"
    },
    {
      "content": "我甚至已经丧失了一些让我走上复仇之路的记忆。"
    },
    {
      "content": "那本应存在的，让我下定决心离开宅邸，将那里摧毁殆尽的契机……"
    },
    {
      "content": "不，思考那些也毫无意义。既然已经决定，复仇就只是必须完成的目标而已。"
    },
    {
      "content": "我只需要……向那幢对我降下瓢泼大雨的宅邸中的人们带来令他们血肉四溅，尸骨无存的风暴。"
    },
    {
      "content": "那就够了。我的人生只需要那一个理由。"
    },
    {
      "content": "……在这片森林高耸，寂静无声的地方。"
    },
    {
      "content": "这片葱郁的森林里，即使风暴呼啸而来，也能清晰见到那幢大得恶心的宅邸。"
    },
    {
      "content": "目标如此明确，丝毫未减的憎恶将我填满。"
    },
    {
      "content": "恰逢管家们正晾干衣物，或是访客们进进出出享受着晚宴的时候，看着那份景色，我回忆起曾经偶尔也有过欢乐的时刻。"
    },
    {
      "content": "我想起那位虽然嘴上唠叨，但在宅邸里比任何人都照顾我的首席管家。"
    },
    {
      "content": "……不，这都是幻想。"
    },
    {
      "content": "地狱一般的时间成为过去后化作回忆，最终因软弱而被曲解成了曾经也有过快乐的错觉，是我脆弱心灵的权宜之策。"
    },
    {
      "content": "与他们相处的记忆早已如缭绕的烟雾一般稀薄。"
    },
    {
      "content": "但那些记忆里，似乎并非只有我……还有……"
    },
    {
      "content": "不，够了。将一切都消除就好了，将一切消除后……过去与记忆一并消失后，动摇也会就此终结吧。"
    },
    {
      "content": "反正……都是不需要的回忆。都是被美化过的记忆。"
    },
    {
      "content": "如今的那幢宅邸里，真的再也没有可供我安歇哪怕片刻的地方了。"
    },
    {
      "content": "是从我得到这把剑的那时起吗，还是从我遇见并窥视到无数的我的那天开始？"
    },
    {
      "content": "又或者是从我攻击那小少爷的宅邸，将砍杀的众多管家堆成尸山的那天起？"
    },
    {
      "content": "我意识到能令被我打倒的那些家伙的灵魂服从于我的方法。"
    },
    {
      "content": "即使没有人教导过，但正如无数世界中的我带领着那些人一样，我也自然向其转变了吧。"
    },
    {
      "content": "我能听到他们永无安息的憎恶与怨恨。然而，他们也只能怀揣这份情感向我献上忠诚，如此不合理得可笑。"
    },
    {
      "content": "我率领着狂猎的队伍吞噬了那小少爷无用的手臂。"
    },
    {
      "content": "随后我高声宣告，我亲自举办的晚宴将在那幢宅邸进行。"
    },
    {
      "content": "我给予了他们充足的准备时间。"
    },
    {
      "content": "失去手臂后，那小少爷对我层层积累的憎恶会让他的刺剑变得多么锋利呢。"
    },
    {
      "content": "成日寻找着早已死去的夫人的那位首席管家手里的餐巾又会变得多么坚固呢。"
    },
    {
      "content": "感到自己被背叛的原保姆的怒斥声又会多么震耳欲聋呢。"
    },
    {
      "content": "只有在做好万全准备后前来参加我的晚宴，才能让我的复仇真正有所价值。"
    },
    {
      "content": "希望他们能双眼充血，索性青筋暴起着与我的队伍对抗。"
    },
    {
      "content": "而我在最后的最后，将他们尽数击溃……"
    },
    {
      "content": "在这片风暴呼啸而过的山丘上亲眼目睹一切被摧毁殆尽后，我会孤身站立在那一无所剩的土地上吧。"
    },
    {
      "content": "而那样一来，我至今的哀切……愤怒……"
    },
    {
      "content": "……我应该。"
    },
    {
      "content": "应该要对谁……倾吐出一切。"
    },
    {
      "content": "不仅如此……"
    },
    {
      "content": "我是为了什么才拼死努力的……"
    },
    {
      "content": "雨……又一次降下。"
    },
    {
      "content": "对了，如果连这刺骨的雨滴都无法激起那段回忆。"
    },
    {
      "content": "也就说明，与我能够回忆起的过去的痛苦相比，那只是过于微不足道的小事罢了。"
    },
    {
      "content": "所以，我不在意。"
    },
    {
      "content": "当宅邸化作灰烬后，也许就能回想起来。"
    },
    {
      "content": "……就算不回忆起来，完成复仇就是达成我的目标。"
    },
    {
      "content": "……也许镜子满是谎言。"
    },
    {
      "content": "到达这里后……最终留存在我记忆里的，只剩下谁曾说出口的一句话语。"
    }
  ]
}