{
  "dataList": [
    {
      "id": 0,
      "content": "签约室内寂静无声，空气中弥漫着刺骨寒意。"
    },
    {
      "id": 1,
      "content": "相对而坐的两人脸上带着极度的不安，似乎还混杂着些许愤怒，但谁也没有开口。"
    },
    {
      "id": 2,
      "content": "那也许……"
    },
    {
      "id": 3,
      "model": "히스클리프",
      "teller": "希斯克利夫",
      "title": "Öufi协会 3科",
      "content": "……"
    },
    {
      "id": 4,
      "content": "是因为正缓步走向那两人之间的这孩子吧。"
    },
    {
      "id": 5,
      "model": "히스클리프",
      "teller": "希斯克利夫",
      "title": "Öufi协会 3科",
      "content": "……现在起你们俩。啊，不对……现在开始公证合同双方履行合同。"
    },
    {
      "id": 6,
      "model": "히스클리프",
      "teller": "希斯克利夫",
      "title": "Öufi协会 3科",
      "content": "公证人为Öufi协会南部3科所属，希斯克利夫。"
    },
    {
      "id": 7,
      "model": "히스클리프",
      "teller": "希斯克利夫",
      "title": "Öufi协会 3科",
      "content": "即刻起我所听见的一切声音，你们所写下的一切文字，都可能成为对彼此有利或不利的证据。"
    },
    {
      "id": 8,
      "model": "히스클리프",
      "teller": "希斯克利夫",
      "title": "Öufi协会 3科",
      "content": "预先由Öufi协会接受的本合同即刻生效，而对未履行合同或妨碍合同执行行为的惩罚是……"
    },
    {
      "id": 9,
      "content": "咚。"
    },
    {
      "id": 10,
      "content": "孩子用手中武器的末端狠狠敲向了房间的地板。"
    },
    {
      "id": 11,
      "model": "히스클리프",
      "teller": "希斯克利夫",
      "title": "Öufi协会 3科",
      "content": "特此告知，Öufi协会将基于合同履行公证职责，遵照合同所述内容实施处刑。"
    },
    {
      "id": 12,
      "model": "히스클리프",
      "teller": "希斯克利夫",
      "title": "Öufi协会 3科",
      "content": "听懂了就回话。"
    },
    {
      "id": 13,
      "content": "关于大名鼎鼎的Öufi协会的传闻，居住在都市中的人或多或少都听说过。"
    },
    {
      "id": 14,
      "content": "那些人总是穿着飘逸而显眼的服饰，手持像是斧刃一样的武器……"
    },
    {
      "id": 15,
      "content": "虽然和其他协会的收尾人相比，很少会看见他们在都市里堂而皇之地挥舞武器或是打架斗殴……"
    },
    {
      "id": 16,
      "content": "可一旦涉及到与合同相关的问题……"
    },
    {
      "id": 17,
      "content": "他们就一定会找出那个人从而完成合同。当然，他们同样是拿钱办事的收尾人，因此他们只在报酬的范围内行事……"
    },
    {
      "id": 18,
      "content": "但正因如此，Öufi协会才会深受信赖。"
    },
    {
      "id": 19,
      "model": "겁먹은 계약자",
      "teller": "胆怯的签约人",
      "title": "？？？",
      "content": "……我明白了。"
    },
    {
      "id": 20,
      "model": "화난 계약자",
      "teller": "愤怒的签约人",
      "title": "？？？",
      "content": "……啧，知道了。"
    },
    {
      "id": 21,
      "model": "히스클리프",
      "teller": "希斯克利夫",
      "title": "Öufi协会 3科",
      "content": "很好。那么闲话少说，轻松地开始吧。"
    },
    {
      "id": 22,
      "model": "히스클리프",
      "teller": "希斯克利夫",
      "title": "Öufi协会 3科",
      "content": "好，开始了。第一项。合同摘要……"
    },
    {
      "id": 23,
      "content": "孩子像是嫌麻烦一样，用略带恼怒的口气开始朗读文件。"
    },
    {
      "id": 24,
      "content": "粗鲁的说话口气、始终紧皱眉头的表情，也许会让人怀疑起这孩子是否适合这份工作……"
    },
    {
      "id": 25,
      "content": "但与那些怀疑相反，孩子顺利地推进着手续流程。"
    },
    {
      "id": 26,
      "model": "히스클리프",
      "teller": "希斯克利夫",
      "title": "Öufi协会 3科",
      "content": "……内容如上。双方有问题吗。"
    },
    {
      "id": 27,
      "model": "겁먹은 계약자",
      "teller": "胆怯的签约人",
      "title": "？？？",
      "content": "没有问题。"
    },
    {
      "id": 28,
      "model": "화난 계약자",
      "teller": "愤怒的签约人",
      "title": "？？？",
      "content": "没。"
    },
    {
      "id": 29,
      "content": "他一边用正确的手法查看各项条款有无问题，一边毫无阻碍地推进着合同的履行。"
    },
    {
      "id": 30,
      "model": "화난 계약자",
      "teller": "愤怒的签约人",
      "title": "？？？",
      "content": "……等等，这和之前说好的不一样！"
    },
    {
      "id": 31,
      "content": "如果正在履行合同的那个人没有猛拍一下桌子站起身就好了。"
    },
    {
      "id": 32,
      "model": "히스클리프",
      "teller": "希斯克利夫",
      "title": "Öufi协会 3科",
      "content": "……啊？"
    },
    {
      "id": 33,
      "model": "화난 계약자",
      "teller": "愤怒的签约人",
      "title": "？？？",
      "content": "你之前说过自己会负责的！现在又开始玩这些小把戏……"
    },
    {
      "id": 34,
      "model": "겁먹은 계약자",
      "teller": "胆怯的签约人",
      "title": "？？？",
      "content": "您、您在说什么呢？说到底……"
    },
    {
      "id": 35,
      "model": "히스클리프",
      "teller": "希斯克利夫",
      "title": "Öufi协会 3科",
      "content": "……"
    },
    {
      "id": 36,
      "content": "孩子的表情开始扭曲。"
    },
    {
      "id": 37,
      "content": "说着敬语的那人对这表情代表着什么心知肚明。"
    },
    {
      "id": 38,
      "model": "겁먹은 계약자",
      "teller": "胆怯的签约人",
      "title": "？？？",
      "content": "请、请冷静下来……"
    },
    {
      "id": 39,
      "content": "虽然他尝试安抚愤怒的一方的情绪……"
    },
    {
      "id": 40,
      "content": "但那孩子并不是很有耐心。"
    },
    {
      "id": 41,
      "model": "히스클리프",
      "teller": "希斯克利夫",
      "title": "Öufi协会 3科",
      "content": "……警告。就这一次。"
    },
    {
      "id": 42,
      "model": "히스클리프",
      "teller": "希斯克利夫",
      "title": "Öufi协会 3科",
      "content": "我刚刚听到，这份合同是你们互相确认过“没有问题”的。我的公证只是确保这份合同正常生效。"
    },
    {
      "id": 43,
      "model": "히스클리프",
      "teller": "希斯克利夫",
      "title": "Öufi协会 3科",
      "content": "可是……到了要履行合同的现在，你却打算破坏合同。"
    },
    {
      "id": 44,
      "model": "히스클리프",
      "teller": "希斯克利夫",
      "title": "Öufi协会 3科",
      "content": "想必你下一份要签的就是给自己造棺材的合同了吧。"
    },
    {
      "id": 45,
      "model": "겁먹은 계약자",
      "teller": "胆怯的签约人",
      "title": "？？？",
      "content": "您、您听到了吧？总之请先坐下来……"
    },
    {
      "id": 46,
      "model": "화난 계약자",
      "teller": "愤怒的签约人",
      "title": "？？？",
      "content": "闭嘴！现在……"
    },
    {
      "id": 47,
      "content": "如果他稍微平息一下怒气，明智地思考的话会怎么样呢。"
    },
    {
      "id": 48,
      "content": "但是……无论身处怎样的场合，人偶尔也会有怎么都无法平息愤怒的情况。"
    },
    {
      "id": 49,
      "model": "히스클리프",
      "teller": "希斯克利夫",
      "title": "Öufi协会 3科",
      "content": "我只警告一次。"
    },
    {
      "id": 50,
      "model": "히스클리프",
      "teller": "希斯克利夫",
      "title": "Öufi协会 3科",
      "content": "根据该合同所述，若一方2次以上不履行义务，则夺其性命。"
    },
    {
      "id": 51,
      "content": "这孩子……是隶属于以强制手段迫使他人遵守合同与约定的协会的收尾人。"
    },
    {
      "id": 52,
      "content": "协会认可并公证的合同的执行，必须如同法律一般遵守到底。"
    },
    {
      "id": 53,
      "content": "本应只有一人开口，十分安静的签约室内，突然充斥着切割某物的声音。"
    },
    {
      "id": 54,
      "model": "히스클리프",
      "teller": "希斯克利夫",
      "title": "Öufi协会 3科",
      "content": "哈啊……"
    },
    {
      "id": 55,
      "content": "坐在浑身是血的签约人身上，孩子深深叹了一口气。"
    },
    {
      "id": 56,
      "model": "히스클리프",
      "teller": "希斯克利夫",
      "title": "Öufi协会 3科",
      "content": "本来今天需要公证的案子就有5个，结果第一场就得见血啊……"
    },
    {
      "id": 57,
      "content": "孩子把已经没了用处的合同揉成一团扔了出去，又取出新的文件读起来。"
    },
    {
      "id": 58,
      "model": "히스클리프",
      "teller": "希斯克利夫",
      "title": "Öufi协会 3科",
      "content": "木已成舟了……"
    },
    {
      "id": 59,
      "model": "히스클리프",
      "teller": "希斯克利夫",
      "title": "Öufi协会 3科",
      "content": "起码下一起案子的合同里没有跟性命有关的条款。"
    },
    {
      "id": 60,
      "model": "히스클리프",
      "teller": "希斯克利夫",
      "title": "Öufi协会 3科",
      "content": "但愿下一批是些能稍微遵守点约定的家伙。"
    },
    {
      "id": 61,
      "content": "然后孩子掸了掸衣服，慢慢站起来走出了门。"
    },
    {
      "id": 62,
      "content": "就好像，什么事都没有发生过一样。"
    }
  ]
}