{
  "dataList": [
    {
      "id": 0,
      "content": "同伴们死了。"
    },
    {
      "id": 1,
      "content": "三个，五个？又或者是六个人也说不定。"
    },
    {
      "id": 2,
      "content": "不论几个都无所谓了。"
    },
    {
      "id": 3,
      "content": "就因为都市中不断冒出的那些新技术，大家都死了。"
    },
    {
      "id": 4,
      "content": "有的人因为失业而挨饿，有的人的身体被分解粉碎。除此之外的其他人成为了技术的零件，甚至都不会被当做人类来对待。"
    },
    {
      "id": 5,
      "content": "曾经的大家都是直爽的家伙。就连和我这样的人都能好好相处，我打心底里觉得感激。"
    },
    {
      "id": 6,
      "content": "……当然，我没表露出来过。"
    },
    {
      "id": 7,
      "content": "我的运气很好。"
    },
    {
      "id": 8,
      "content": "起码我没有因为被一股脑涌来的技术浪潮吞没而丧命。"
    },
    {
      "id": 9,
      "content": "虽然我像逃跑似的离开了，但他们还是收留了像后巷里被遗弃的破伞一样飘荡的我……"
    },
    {
      "id": 10,
      "content": "果然我终究还是配不上这份缘分。"
    },
    {
      "id": 11,
      "content": "最终大家都消失了，就像是被撕得粉碎的湿纸一样。"
    },
    {
      "id": 12,
      "content": "而只能旁观一切的那份后悔和屈辱感，让我气得几乎发疯。"
    },
    {
      "id": 13,
      "content": "说不定真的和他们说的一样，如果没有技术这种东西的话。"
    },
    {
      "id": 14,
      "content": "我现在就能和那群没死的家伙一起在后巷的酒馆里尽情嬉笑了吧。"
    },
    {
      "id": 15,
      "content": "于是我这次才彻底而真正地下定决心，要将这一切都尽可能地全部破坏掉。"
    },
    {
      "id": 16,
      "content": "技术与科学这类东西本是为了让人们生活得更轻松而被创造出来的，最终却害死了人们。我觉得这些东西从一开始就不应该存在。"
    },
    {
      "id": 17,
      "content": "我们幸存下来的人刨出了那曾经站在技术的顶端却坠落腐烂的翼的残骸，披上了我们曾经无比痛恨的技术的产物——E.G.O。"
    },
    {
      "id": 18,
      "content": "不过，所谓技术之类的东西也拥有心灵吗。我一穿上这东西，寒冷而黑暗的情感就席卷而来。"
    },
    {
      "id": 19,
      "content": "永不停歇的忧郁感萦绕在心头。但同时，我也有种或许这东西就像我一样的感觉。"
    },
    {
      "id": 20,
      "content": "也许，就和那天的我一样……它也是被某个朋友赶走并抛弃了。"
    },
    {
      "id": 21,
      "content": "这么一想，哈。好像有点战斗的动力了。"
    },
    {
      "id": 22,
      "content": "我有种能将那些守着该死的技术的混账全都收拾掉，让他们被水淹没，再也看不到明天的太阳的感觉。"
    },
    {
      "id": 23,
      "content": "即使是这样，同伴们也不会再度归来。"
    },
    {
      "id": 24,
      "content": "但至少，会有更少的人经历与我们类似的遭遇。"
    },
    {
      "id": 25,
      "content": "但是……"
    },
    {
      "id": 26,
      "content": "在一切都解决之后，我意识到自己最终还是独自一人。"
    },
    {
      "id": 27,
      "content": "最终，我依旧在潮湿阴暗的小巷中游荡……"
    },
    {
      "id": 28,
      "content": "因为如果不在那里就很难入睡。"
    },
    {
      "id": 29,
      "content": "妈的，结果我最后也会因为被这叫E.G.O的技术排斥而完蛋吗。"
    },
    {
      "id": 30,
      "content": "一点都不好笑。"
    },
    {
      "id": 31,
      "content": "……无所谓了。想也想不出答案。"
    },
    {
      "id": 32,
      "content": "反正只要把这里的事情做完，我就能堂堂正正地回去了……"
    },
    {
      "id": 33,
      "content": "只要能创造出新的世界……我就能再一次……"
    },
    {
      "id": 34,
      "content": "你也快到一边去。别想无缘无故地关心我。"
    },
    {
      "id": 35,
      "content": "现在，我再也没有朋友了。"
    }
  ]
}