{
  "dataList": [
    {
      "id": 0,
      "content": "真会叫唤啊。"
    },
    {
      "id": 1,
      "content": "那家伙头上悬着奇怪的齿轮，摆出一副要去安慰谁的样子。"
    },
    {
      "id": 2,
      "content": "我想都没想过，真的会有家伙去信那种事，自愿地变成血肉齿轮。"
    },
    {
      "id": 3,
      "content": "血肉齿轮、思想齿轮……将那个齿轮刺进脑袋里然后转起来的话，就能变聪明吗？"
    },
    {
      "id": 4,
      "content": "鬼扯……不，就算那是真的，我也完全无法相信，居然会有人认为自己真正的归宿是刺进别人的脑袋里。"
    },
    {
      "id": 5,
      "content": "不……够了。集中精神工作吧。"
    },
    {
      "id": 6,
      "content": "就像鸿璐那家伙说的一样，这应该是个少见的赚钱机会。"
    },
    {
      "id": 7,
      "content": "……这把枪。"
    },
    {
      "id": 8,
      "content": "一开始他在事务所说要买这玩意的时候，我还以为他疯了。"
    },
    {
      "id": 9,
      "content": "当时的我还没有稳定的收入，充其量只是在其他的无名事务所里被压榨、四处漂泊，像是流浪动物一样被人发掘，然后捡回去。"
    },
    {
      "id": 10,
      "content": "不过，我对自己的实力很有自信……所以自己也接受了被发掘的事情。"
    },
    {
      "id": 11,
      "content": "即便如此，突然说要我用那把贵得吓人的枪，我只能认为这背后有什么阴谋了。"
    },
    {
      "id": 12,
      "content": "啊，这肯定是拿把坏枪，说是我弄坏的，然后敲诈维修费的骗局吧……我这么想着，都准备将事务所闹个天翻地覆了。"
    },
    {
      "id": 13,
      "content": "他给我看了一个有头那么大的箱子，里面装满了子弹……"
    },
    {
      "id": 14,
      "content": "只是因为代表很有钱吗……不过，我觉得他会用每无意义地浪费一发子弹就扣一个月工资的话来威胁我们。"
    },
    {
      "id": 15,
      "content": "那样的话我觉得比起胡乱开枪，还是一发一发射击的狙击步枪更好……我应该是抱着这样的想法。"
    },
    {
      "id": 16,
      "content": "才一直和这把枪同甘共苦，直到现在的吧。"
    },
    {
      "id": 17,
      "content": "虽然这并不意味着我那随心所欲地破坏一切的性子消失了……不过，在使用的过程中，我觉得这似乎也挺合我的性格。"
    },
    {
      "id": 18,
      "content": "像那样……只是说话就让人火大的家伙，在击倒他们的时候倒也感觉不错，可以说得上是满足。"
    },
    {
      "id": 19,
      "model": "홍루",
      "title": "句点事务所",
      "content": "……希斯克利夫，准备好了吗？"
    },
    {
      "id": 20,
      "model": "히스클리프",
      "title": "句点事务所",
      "content": "……嗯。"
    },
    {
      "id": 21,
      "model": "홍루",
      "title": "句点事务所",
      "content": "好。信徒们一旦进入视野……就请装好子弹，等我信号。"
    },
    {
      "id": 22,
      "model": "히스클리프",
      "title": "句点事务所",
      "content": "看来今天会用到比以前要贵的东西……没问题吗？"
    },
    {
      "id": 23,
      "model": "홍루",
      "title": "句点事务所",
      "content": "啊~是说逻辑工作室制高速粉碎弹吧？"
    },
    {
      "id": 24,
      "model": "히스클리프",
      "title": "句点事务所",
      "content": "对。他们的脑袋里插着齿轮，打上去的话只会浪费子弹。穿透不了吧。还是能直接破坏它们的东西更好。"
    },
    {
      "id": 25,
      "model": "홍루",
      "title": "句点事务所",
      "content": "嗯……说得没错呢。"
    },
    {
      "id": 26,
      "model": "홍루",
      "title": "句点事务所",
      "content": "不过，对一个目标射了一发以上就要扣工资哦~"
    },
    {
      "id": 27,
      "model": "히스클리프",
      "title": "句点事务所",
      "content": "吵死了……哪怕我用最便宜的子弹你也会说一样的话。"
    },
    {
      "id": 28,
      "model": "홍루",
      "title": "句点事务所",
      "content": "因为子弹费贵得吓人啊~逻辑工作室的价格对我来说也不是那么容易就能拿出来的钱呢。"
    },
    {
      "id": 29,
      "model": "히스클리프",
      "title": "句点事务所",
      "content": "哈啊……晓得了。"
    },
    {
      "id": 30,
      "content": "我前推瞄准镜，其下露出了隐藏的弹匣。"
    },
    {
      "id": 31,
      "content": "我取出了最上面的……也就是将要射出的那枚子弹，放进了一枚包裹着银色……雕刻着美丽花纹的子弹。"
    },
    {
      "id": 32,
      "model": "히스클리프",
      "title": "句点事务所",
      "content": "……弹药替换完毕。射击准备结束。"
    },
    {
      "id": 33,
      "content": "哔、哔。"
    },
    {
      "id": 34,
      "content": "我听见两声代替回答传来的通信线路的噪音。"
    },
    {
      "id": 35,
      "content": "他并没有说“明白了”，而是用这声暗号回复的，肯定是他那边也接近到只要出声就会被敌人发觉的距离了吧。"
    },
    {
      "id": 36,
      "content": "也就是说……就要开始了。"
    },
    {
      "id": 37,
      "content": "哔——"
    },
    {
      "id": 38,
      "content": "在磁轨发出奇怪的“咻”声的同时，"
    },
    {
      "id": 39,
      "model": "히스클리프",
      "title": "句点事务所",
      "content": "瞄准一点……"
    },
    {
      "id": 40,
      "content": "助推弹药的爆炸声以及枪声毫无保留地传到了我的肩膀上。"
    },
    {
      "id": 41,
      "model": "히스클리프",
      "title": "句点事务所",
      "content": "呼……"
    },
    {
      "id": 42,
      "content": "像这样同时使用两发弹药动力的狙击步枪，普通的工坊连制作的想法都不会有吧。"
    },
    {
      "id": 43,
      "content": "当然……S级工坊也许能制造出更厉害的东西，但那样的工坊放眼整座都市都不一定有三个，简直就是传说中的武器……"
    },
    {
      "id": 44,
      "content": "那价格也会高到能让我们的代表也摇头摆手吧。"
    },
    {
      "id": 45,
      "content": "所以，除了那些东西，这把枪就是最好……"
    },
    {
      "id": 46,
      "model": "히스클리프",
      "title": "句点事务所",
      "content": "怎、怎么会……？"
    },
    {
      "id": 47,
      "model": "홍루",
      "title": "句点事务所",
      "content": "希斯克利夫？你刚刚射偏了吗……？"
    },
    {
      "id": 48,
      "model": "히스클리프",
      "title": "句点事务所",
      "content": "不、不可能是那样……他们是怎么预测到子弹然后躲开的？！"
    },
    {
      "id": 49,
      "model": "홍루",
      "title": "句点事务所",
      "content": "正因为有许多不可思议的事情，所以这才是都市嘛~"
    },
    {
      "id": 50,
      "content": "代表这家伙，怎么能在这种局面下还是笑嘻嘻的，真是无法理解！"
    },
    {
      "id": 51,
      "model": "히스클리프",
      "title": "句点事务所",
      "content": "靠，总之先转移阵地。所处位置暴露了！"
    },
    {
      "id": 52,
      "model": "홍루",
      "title": "句点事务所",
      "content": "明白了~必须得做每次都熟悉了的那件事了吧？"
    },
    {
      "id": 53,
      "model": "히스클리프",
      "title": "句点事务所",
      "content": "……拜托了，鸿璐！"
    },
    {
      "id": 54,
      "model": "홍루",
      "title": "句点事务所",
      "content": "就请交给我吧~"
    },
    {
      "id": 55,
      "content": "在我转移阵地的时候，代表就会上前与敌人对峙。"
    },
    {
      "id": 56,
      "content": "在代表防守的时候，我就会趁机狙击。"
    },
    {
      "id": 57,
      "content": "在迄今为止的许多次委托中，我们都配合默契，绝对不会失误。"
    },
    {
      "id": 58,
      "content": "……但敌人要是非同寻常的人物的话，我们也无计可施。"
    },
    {
      "id": 59,
      "content": "哪怕从远处看去，他也是嬉皮笑脸地在战斗，嘛……应该能解决的吧。"
    },
    {
      "id": 60,
      "model": "홍루",
      "title": "句点事务所",
      "content": "啊，还有，因为射偏了一发所以这个月要扣工资哦？"
    },
    {
      "id": 61,
      "content": "……明明身处不利的情势，却还能顺口说出那种话，那家伙果然是个相当恶劣的人吧。"
    }
  ]
}