{
  "dataList": [
    {
      "id": 0,
      "content": "哈……我真是头疼得跟快掉了似的。"
    },
    {
      "id": 1,
      "content": "不，我并不是说头发都要掉光了的感觉。我是真觉得我的头就快要掉下来然后炸飞出去了。"
    },
    {
      "id": 2,
      "content": "那些靠文字吃饭的家伙们到底是怎么能每天都写出这种折磨人的东西的？"
    },
    {
      "id": 3,
      "content": "不过……只是凭直觉想到的东西，我又怎么能写得出原因呢？"
    },
    {
      "id": 4,
      "content": "自我在这工作起已经很久了……这期间早已见识过数百起的事件现场。"
    },
    {
      "id": 5,
      "content": "在此之前，我见识过了足够多的混乱场面，也经历过不少暴力事件。"
    },
    {
      "id": 6,
      "content": "经历过那样的生活后……我便能立马想出谋杀现场成型的过程和杀人的原因，这也不是什么了不起的能力。"
    },
    {
      "id": 7,
      "content": "但我不像悬疑小说里的安乐椅侦探，一眼就能看穿整个现场和阴谋。有时候，线索也会在混乱中遗忘掉，而且……啊，我的头……"
    },
    {
      "id": 8,
      "content": "他们给我安了个“分析师”的名号，还强迫我每天都写这些该死的报告……我快疯了要。"
    },
    {
      "id": 9,
      "content": "不过，我并没想过因此就要辞职。"
    },
    {
      "id": 10,
      "content": "我是真喜欢让这些自作聪明的家伙们感到措手不及，看着复杂过头的阴谋诡计在幕后黑手面前付诸东流，就因为被某些像我这样贫穷还没怎么受过教育的家伙抓住了他们……有趣至极。"
    },
    {
      "id": 11,
      "content": "此外，跟他们面对面并把他们打得哭爹喊娘也是种很好的减压方式。"
    },
    {
      "id": 12,
      "content": "还能见识到他们说“你、你怎么会知道？”时脸上那愚蠢滑稽的表情，真是太有趣了。"
    },
    {
      "id": 13,
      "content": "如果说有些遗憾的话……"
    },
    {
      "id": 14,
      "model": "히스클리프",
      "teller": "希斯克利夫",
      "title": "Seven协会 4科",
      "content": "就是他吧？"
    },
    {
      "id": 15,
      "model": "파우스트",
      "teller": "浮士德",
      "title": "Seven协会 4科",
      "content": "是的，一楼的人员名单上就只有这么多人。"
    },
    {
      "id": 16,
      "model": "히스클리프",
      "teller": "希斯克利夫",
      "title": "Seven协会 4科",
      "content": "那就杀了他……接下来还剩下多少人？"
    },
    {
      "id": 17,
      "model": "파우스트",
      "teller": "浮士德",
      "title": "Seven协会 4科",
      "content": "二楼和三楼共有三十人。"
    },
    {
      "id": 18,
      "model": "히스클리프",
      "teller": "希斯克利夫",
      "title": "Seven协会 4科",
      "content": "这样啊……速战速决吧。我们回去还有两份报告要写呢……"
    },
    {
      "id": 19,
      "model": "파우스트",
      "teller": "浮士德",
      "title": "Seven协会 4科",
      "content": "希斯克利夫，别忘了我们来这执行任务前新增的那起案子。"
    },
    {
      "id": 20,
      "model": "히스클리프",
      "teller": "希斯克利夫",
      "title": "Seven协会 4科",
      "content": "哈……"
    },
    {
      "id": 21,
      "content": "可惜我忙于工作，在砸碎这些家伙的头时得到的满足变得越发无感。"
    },
    {
      "id": 22,
      "content": "我连舒缓压力的时间都没有。"
    }
  ]
}