{
  "dataList": [
    {
      "id": 0,
      "teller": "惊慌失措的同事",
      "title": "LCCB",
      "content": "前方敌人接近！100米！"
    },
    {
      "id": 1,
      "teller": "焦躁不安的同事",
      "title": "LCCB",
      "content": "“可恶……已经没有子弹了……”"
    },
    {
      "id": 2,
      "content": "这显然是任谁看来都十万火急的情况。用黑色衣物包裹着全身的孩子们，因为想不出应对敌人的方法而惊慌失措。"
    },
    {
      "id": 3,
      "teller": "焦躁不安的同事",
      "title": "LCCB",
      "content": "妈的……真不该想着为公司节省开支而少带子弹的！"
    },
    {
      "id": 4,
      "teller": "惊慌失措的同事",
      "title": "LCCB",
      "content": "明明就算那样人事的评价也不会变好，到底为什么要做这种……啊。"
    },
    {
      "id": 5,
      "content": "孩子瞠目结舌。因为不管怎么扣动扳机，都不再有子弹飞出去了。"
    },
    {
      "id": 6,
      "teller": "惊慌失措的同事",
      "title": "LCCB",
      "content": "……25米。"
    },
    {
      "id": 7,
      "teller": "焦躁不安的同事",
      "title": "LCCB",
      "content": "到此为止了吗……"
    },
    {
      "id": 8,
      "content": "就在这时，他们的救世主飘扬着晚霞一般的头发登场了。"
    },
    {
      "id": 9,
      "model": "이스마엘",
      "title": "LCCB 系长",
      "content": "请放心，这之后由我来解决。"
    },
    {
      "id": 10,
      "teller": "惊慌失措的同事",
      "title": "LCCB",
      "content": "……以实玛利小姐！"
    },
    {
      "id": 11,
      "content": "举着巨大盾牌的孩子用坚定的眼神瞪着敌人，"
    },
    {
      "id": 12,
      "model": "이스마엘",
      "title": "LCCB 系长",
      "content": "这里是以实玛利，于作战区域BA21汇合，将会协助友军清理那些耗子。完毕。"
    },
    {
      "id": 13,
      "content": "她的枪口射出的火光，宛如救世的圣光。"
    },
    {
      "id": 14,
      "model": "이스마엘",
      "title": "LCCB 系长",
      "content": "啊……我们有雄厚的资金支持，以后还请不要再提出类似于节省LCC的弹药的愚蠢建议。"
    },
    {
      "id": 15,
      "content": "……标志性的严厉毒舌也如影随形。"
    }
  ]
}