{
  "dataList": [
    {
      "id": 0,
      "model": "이스마엘",
      "teller": "以实玛利",
      "title": "裴廓德号 船长",
      "content": "全体船员！"
    },
    {
      "id": 1,
      "content": "那孩子砰的一声把巨大的鱼叉砸在甲板上，大声说道。"
    },
    {
      "id": 2,
      "content": "在那浪潮激荡的湖面，岌岌可危地摇荡着的船只之上。"
    },
    {
      "id": 3,
      "model": "이스마엘",
      "teller": "以实玛利",
      "title": "裴廓德号 船长",
      "content": "船员们！船长要听到你们的声音！"
    },
    {
      "id": 4,
      "model": "작살잡이",
      "content": "是！！！"
    },
    {
      "id": 5,
      "content": "船员中遍体纹身的一人最先高声应和。"
    },
    {
      "id": 6,
      "model": "이스마엘",
      "teller": "以实玛利",
      "title": "裴廓德号 船长",
      "content": "其他人都没长嘴吗？！船员们！！！"
    },
    {
      "id": 7,
      "model": "선원들",
      "teller": "船员们",
      "title": "裴廓德号",
      "content": "是！！！"
    },
    {
      "id": 8,
      "content": "当那孩子的呼喊落下，其余的船员们一同发出了雷鸣般的呼喊。"
    },
    {
      "id": 9,
      "model": "이스마엘",
      "teller": "以实玛利",
      "title": "裴廓德号 船长",
      "content": "这艘船将要驶向何方，想必在场的诸位都心知肚明。"
    },
    {
      "id": 10,
      "model": "이스마엘",
      "teller": "以实玛利",
      "title": "裴廓德号 船长",
      "content": "是的！我等正直线前进，直面浪潮！"
    },
    {
      "id": 11,
      "content": "船员中无人露出任何恐慌的神情。"
    },
    {
      "id": 12,
      "content": "他们像是听到了什么本应如此的话，又像是下定了某种极大的决心，用饱含决意的眼神注视着那孩子。"
    },
    {
      "id": 13,
      "model": "이스마엘",
      "teller": "以实玛利",
      "title": "裴廓德号 船长",
      "content": "这浪潮将带来什么，于诸位也不言自明。"
    },
    {
      "id": 14,
      "model": "이스마엘",
      "teller": "以实玛利",
      "title": "裴廓德号 船长",
      "content": "没错！"
    },
    {
      "id": 15,
      "model": "이스마엘",
      "teller": "以实玛利",
      "title": "裴廓德号 船长",
      "content": "今夜，我等将击沉巨鲸！"
    },
    {
      "id": 16,
      "model": "이스마엘",
      "teller": "以实玛利",
      "title": "裴廓德号 船长",
      "content": "此鲸之名为何！"
    },
    {
      "id": 17,
      "model": "선원들",
      "teller": "船员们",
      "title": "裴廓德号",
      "content": "凋零万物的绯红之鲸！！！"
    },
    {
      "id": 18,
      "content": "所有人如同事先排演过一般，异口同声地喊出那冗长的名号。"
    },
    {
      "id": 19,
      "content": "但那并非孩子所希求的回答……孩子慢慢地摇着头，大声地喊道。"
    },
    {
      "id": 20,
      "model": "이스마엘",
      "teller": "以实玛利",
      "title": "裴廓德号 船长",
      "content": "不！"
    },
    {
      "id": 21,
      "model": "이스마엘",
      "teller": "以实玛利",
      "title": "裴廓德号 船长",
      "content": "那头鲸！是我等全员的目标！执念！目的！"
    },
    {
      "id": 22,
      "model": "선원들",
      "teller": "船员们",
      "title": "裴廓德号",
      "content": "是！！！"
    },
    {
      "id": 23,
      "model": "이스마엘",
      "teller": "以实玛利",
      "title": "裴廓德号 船长",
      "content": "那巨大的腕肢会将我们紧紧缠绕！"
    },
    {
      "id": 24,
      "model": "이스마엘",
      "teller": "以实玛利",
      "title": "裴廓德号 船长",
      "content": "它噩梦般的吸盘，将会竭尽全力地紧贴这艘船，以及其上的船员！"
    },
    {
      "id": 25,
      "model": "선원들",
      "teller": "船员们",
      "title": "裴廓德号",
      "content": "……"
    },
    {
      "id": 26,
      "content": "无人应声。但此等寂静绝非恐惧所致。"
    },
    {
      "id": 27,
      "content": "相反的是，他们……"
    },
    {
      "id": 28,
      "content": "……在笑。"
    },
    {
      "id": 29,
      "content": "如同久等的礼物送至面前般的，露齿而笑。"
    },
    {
      "id": 30,
      "model": "이스마엘",
      "teller": "以实玛利",
      "title": "裴廓德号 船长",
      "content": "你们脸上的表情很好！"
    },
    {
      "id": 31,
      "model": "이스마엘",
      "teller": "以实玛利",
      "title": "裴廓德号 船长",
      "content": "是的，我们裴廓德号的船员用不着去怕那些东西。"
    },
    {
      "id": 32,
      "model": "이스마엘",
      "teller": "以实玛利",
      "title": "裴廓德号 船长",
      "content": "你们只需要！跟着船长，跟着我以实玛利的罗盘前进即可！"
    },
    {
      "id": 33,
      "model": "이스마엘",
      "teller": "以实玛利",
      "title": "裴廓德号 船长",
      "content": "此次旅程结束之时，我等将全部抵达胜利！这正是此行的目的所在！"
    },
    {
      "id": 34,
      "model": "선원들",
      "teller": "船员们",
      "title": "裴廓德号",
      "content": "没错！！！"
    },
    {
      "id": 35,
      "model": "일등 항해사",
      "content": "船长！雷电和暴风雨正在接近！"
    },
    {
      "id": 36,
      "content": "正在那时，另一个孩子突然从船舱里跳了出来。"
    },
    {
      "id": 37,
      "content": "虽然他表情急迫，但其中并无惧怕。反而好像在微笑。"
    },
    {
      "id": 38,
      "model": "이스마엘",
      "teller": "以实玛利",
      "title": "裴廓德号 船长",
      "content": "时机到了！"
    },
    {
      "id": 39,
      "content": "闪烁的强光与不知从何而来的滂沱暴雨倾泻在所有人的身上。"
    },
    {
      "id": 40,
      "content": "没有人想要躲避，他们甚至连眉毛也没有扭动一下。"
    },
    {
      "id": 41,
      "model": "이스마엘",
      "teller": "以实玛利",
      "title": "裴廓德号 船长",
      "content": "大副！"
    },
    {
      "id": 42,
      "model": "일등 항해사",
      "content": "在。"
    },
    {
      "id": 43,
      "model": "이스마엘",
      "teller": "以实玛利",
      "title": "裴廓德号 船长",
      "content": "掌舵交给二副！目标不变，是那头绯红之鲸！"
    },
    {
      "id": 44,
      "model": "이스마엘",
      "teller": "以实玛利",
      "title": "裴廓德号 船长",
      "content": "一旦二副掌舵，就迅速拿好鱼叉跟紧我！"
    },
    {
      "id": 45,
      "model": "일등 항해사",
      "content": "这就去传达！"
    },
    {
      "id": 46,
      "model": "이스마엘",
      "teller": "以实玛利",
      "title": "裴廓德号 船长",
      "content": "鱼叉手！"
    },
    {
      "id": 47,
      "model": "이스마엘",
      "teller": "以实玛利",
      "title": "裴廓德号 船长",
      "content": "去船尾瞄准最决定性的瞬间！全力以赴吧！"
    },
    {
      "id": 48,
      "model": "작살잡이",
      "content": "是！！！"
    },
    {
      "id": 49,
      "content": "随着火热的对话的进行，湖里终于有红色的东西蔓延开来。"
    },
    {
      "id": 50,
      "model": "목청이 큰 선원",
      "teller": "声音很大的船员",
      "title": "裴廓德号",
      "content": "是那家伙！那头鲸终于展开尾巴了！"
    },
    {
      "id": 51,
      "model": "이스마엘",
      "teller": "以实玛利",
      "title": "裴廓德号 船长",
      "content": "终于见到你了……"
    },
    {
      "id": 52,
      "content": "看着从湖水里逐渐升起的躯体，孩子低声独语道。"
    },
    {
      "id": 53,
      "model": "이스마엘",
      "teller": "以实玛利",
      "title": "裴廓德号 船长",
      "content": "我是谁！"
    },
    {
      "id": 54,
      "model": "선원들",
      "teller": "船员们",
      "title": "裴廓德号",
      "content": "裴廓德号的船长，以实玛利！"
    },
    {
      "id": 55,
      "model": "이스마엘",
      "teller": "以实玛利",
      "title": "裴廓德号 船长",
      "content": "正是！"
    },
    {
      "id": 56,
      "content": "孩子以华丽的身姿挥舞起巨大的捕鲸枪，然后将捕鲸枪瞄准了鲸的尾部。"
    },
    {
      "id": 57,
      "model": "이스마엘",
      "teller": "以实玛利",
      "title": "裴廓德号 船长",
      "content": "绯红之鲸啊，你也可以呼唤我的名字。"
    },
    {
      "id": 58,
      "model": "이스마엘",
      "teller": "以实玛利",
      "title": "裴廓德号 船长",
      "content": "叫我……以实玛利吧。"
    },
    {
      "id": 59,
      "content": "捕鲸枪上的汽灯仿佛回应着那份热情，绚烂明亮地燃烧起来。"
    },
    {
      "id": 60,
      "model": "이스마엘",
      "teller": "以实玛利",
      "title": "裴廓德号 船长",
      "content": "来吧！跟随这支捕鲸枪的火焰！"
    },
    {
      "id": 61,
      "model": "이스마엘",
      "teller": "以实玛利",
      "title": "裴廓德号 船长",
      "content": "那样就能够到达！我的目标！你们的目标！"
    },
    {
      "id": 62,
      "model": "선원들",
      "teller": "船员们",
      "title": "裴廓德号",
      "content": "是！！！"
    },
    {
      "id": 63,
      "content": "所有人的眼中都充满燃烧着的狂热，但那并不是被什么东西所迷惑，而是坚定不移向前的眼神。"
    },
    {
      "id": 64,
      "content": "孩子瞥了一眼那些眼神……"
    },
    {
      "id": 65,
      "model": "이스마엘",
      "teller": "以实玛利",
      "title": "裴廓德号 船长",
      "content": "全员！"
    },
    {
      "id": 66,
      "content": "然后踏着甲板，向鲸扑去。"
    },
    {
      "id": 67,
      "model": "이스마엘",
      "teller": "以实玛利",
      "title": "裴廓德号 船长",
      "content": "冲锋！"
    }
  ]
}