{
  "dataList": [
    {
      "id": 0,
      "content": "沐浴着稀薄阳光的埃德加宅邸，扫帚清扫的声音和管家忙碌的脚步声喧闹不已。"
    },
    {
      "id": 1,
      "content": "埃德加宅邸的管家们正在对宅邸进行最后一次清扫和检查，为即将开始的猎狼行动做准备。"
    },
    {
      "id": 2,
      "content": "扫帚的清扫声，餐具的叮当声，还有匆忙的脚步声。"
    },
    {
      "id": 3,
      "content": "在如此喧闹的宅邸里，孩子正带着淡然的表情静静地掸去窗框上的灰尘。"
    },
    {
      "id": 4,
      "model": "이스마엘",
      "teller": "以实玛利",
      "title": "埃德加家族",
      "content": "就算是这种视线之外的地方也请清扫干净。"
    },
    {
      "id": 5,
      "content": "如果是在平时，孩子会静静地独自清理干净，不向任何人开口，但是……"
    },
    {
      "id": 6,
      "content": "如今所有人都在准备狩猎，必须要提醒他们注意避免触怒有些神经质的主人和首席管家。"
    },
    {
      "id": 7,
      "content": "虽然她的指责看上去不留情面，但这正是孩子在为其他管家考虑的表现。"
    },
    {
      "id": 8,
      "model": "이스마엘",
      "teller": "以实玛利",
      "title": "埃德加家族",
      "content": "对主人来说，即便是一丝灰尘也可能会致命。"
    },
    {
      "id": 9,
      "teller": "管家同事",
      "title": "埃德加家族",
      "content": "对、对不起，我会小心的。"
    },
    {
      "id": 10,
      "model": "이스마엘",
      "teller": "以实玛利",
      "title": "埃德加家族",
      "content": "狩猎已经不远了，请多加注意。"
    },
    {
      "id": 11,
      "content": "当然，孩子关心的不仅仅是她的管家同事。"
    },
    {
      "id": 12,
      "content": "孩子的每字每句间都充斥着对主人的关心。"
    },
    {
      "id": 13,
      "content": "大概那是理所当然的吧。"
    },
    {
      "id": 14,
      "content": "这孩子原本是个流浪在后巷中的收尾人。找不到人生目标，一度彷徨不前。"
    },
    {
      "id": 15,
      "content": "埃德加家族为这样的孩子提供了明确的人生目标和安居之所。"
    },
    {
      "id": 16,
      "content": "大概那就是为什么……"
    },
    {
      "id": 17,
      "content": "就算体弱多病、看着十分可怜的那个孩子，不，主人，喝了酒，她也不会告诉首席管家。"
    },
    {
      "id": 18,
      "content": "害怕寒风渗入宅邸，所以当主人在的时候，她连一扇窗户都不敢打开。"
    },
    {
      "id": 19,
      "content": "孩子对主人的忠心近乎盲目。"
    },
    {
      "id": 20,
      "teller": "管家同事",
      "title": "埃德加家族",
      "content": "如果主人没有开始猎狼……他会比现在更健康吗？"
    },
    {
      "id": 21,
      "model": "이스마엘",
      "teller": "以实玛利",
      "title": "埃德加家族",
      "content": "怎么可能。在此之前，主人就已经失去了一只手臂和伊莎贝拉小姐。"
    },
    {
      "id": 22,
      "teller": "管家同事",
      "title": "埃德加家族",
      "content": "虽说是那样没错……"
    },
    {
      "id": 23,
      "model": "이스마엘",
      "teller": "以实玛利",
      "title": "埃德加家族",
      "content": "更甚一步……那匹狼是那种因为主人放弃就会停手之辈吗？"
    },
    {
      "id": 24,
      "model": "이스마엘",
      "teller": "以实玛利",
      "title": "埃德加家族",
      "content": "……在夺取主人的一切之前他是绝对不会停下来的。绝对不会。"
    },
    {
      "id": 25,
      "model": "이스마엘",
      "teller": "以实玛利",
      "title": "埃德加家族",
      "content": "……啊，说起来那匹狼，他所爱的……那个……"
    },
    {
      "id": 26,
      "teller": "管家同事",
      "title": "埃德加家族",
      "content": "啊？爱？你在说什么？"
    },
    {
      "id": 27,
      "model": "이스마엘",
      "teller": "以实玛利",
      "title": "埃德加家族",
      "content": "……是什么来着……哈啊，没事。我也不知道我到底在说什么……"
    },
    {
      "id": 28,
      "content": "造成这一切悲剧的那个孩子消失的地方，留下了一个巨大的空洞。"
    },
    {
      "id": 29,
      "content": "在这段琐碎的谈话中，孩子对自己模糊的记忆感到了一丝违和。"
    },
    {
      "id": 30,
      "content": "尽管如此，孩子把这种既视感抛之脑后。"
    },
    {
      "id": 31,
      "content": "因为与其执着于那些东西，考虑即将面对的狩猎才更合理。"
    },
    {
      "id": 32,
      "model": "이스마엘",
      "teller": "以实玛利",
      "title": "埃德加家族",
      "content": "都已经这么晚了吗……"
    },
    {
      "id": 33,
      "content": "当夕阳的余晖快要消失的时候。"
    },
    {
      "id": 34,
      "content": "不远处开始传来那些被从异界拽出来的人们凄惨的哀嚎声。"
    },
    {
      "id": 35,
      "content": "仿佛无数人在跺脚一般，巨大的声响充斥着整个宅邸。"
    },
    {
      "id": 36,
      "content": "窗外，一支被染上暮色的亡灵大军如同风暴一般向宅邸呼啸而来。"
    },
    {
      "id": 37,
      "model": "그레고르",
      "teller": "格里高尔",
      "title": "埃德加家族",
      "content": "尽管我没有睡着，那些噩梦也还是不断地向我袭来……"
    },
    {
      "id": 38,
      "model": "료슈",
      "teller": "良秀",
      "title": "首席管家",
      "content": "还只是杂兵。看来是那匹狼在狩猎开始前闻到了我们的动向。"
    },
    {
      "id": 39,
      "content": "当作为她主人的那个孩子收好长剑、调整好姿势后，孩子小心翼翼地点了点头。"
    },
    {
      "id": 40,
      "model": "이스마엘",
      "teller": "以实玛利",
      "title": "埃德加家族",
      "content": "主人，良秀大人，这里就请交给我。"
    },
    {
      "id": 41,
      "model": "료슈",
      "teller": "良秀",
      "title": "首席管家",
      "content": "别·傻。如果我和主人前去的话，马上就能结束。"
    },
    {
      "id": 42,
      "content": "当宅邸的走廊被夕阳的余晖染成与孩子头发相仿的颜色的时候，孩子直视着两人的眼睛说道。"
    },
    {
      "id": 43,
      "model": "이스마엘",
      "teller": "以实玛利",
      "title": "埃德加家族",
      "content": "猎狼还需二位前去。"
    },
    {
      "id": 44,
      "model": "이스마엘",
      "teller": "以实玛利",
      "title": "埃德加家族",
      "content": "没必要把精力浪费在那些亡者身上。"
    },
    {
      "id": 45,
      "model": "그레고르",
      "teller": "格里高尔",
      "title": "埃德加家族",
      "content": "……"
    },
    {
      "id": 46,
      "content": "是觉得孩子说的对吗？"
    },
    {
      "id": 47,
      "content": "当作为她主人的孩子闻言放下长剑后，拔出餐刀的首席管家也低声嘟哝着，开始抱臂观望。"
    },
    {
      "id": 48,
      "content": "孩子从配给给管家的次元包里拿出一把刻有奇怪纹样的扫帚和一把研磨得十分锋利的餐刀。"
    },
    {
      "id": 49,
      "model": "이스마엘",
      "teller": "以实玛利",
      "title": "埃德加家族",
      "content": "……狩猎餐具，已准备就绪。"
    },
    {
      "id": 50,
      "model": "료슈",
      "teller": "良秀",
      "title": "首席管家",
      "content": "……啧。可别死了。"
    },
    {
      "id": 51,
      "content": "带着自信一跃而上的孩子的实力并不差。"
    },
    {
      "id": 52,
      "content": "那把肯定每天都在研磨的锋利的餐刀，轻易地刺穿了亡者的身体。"
    },
    {
      "id": 53,
      "content": "那把埃德加家族管家代代相传的扫帚，优雅地划过，扫开了逼近的大军。"
    },
    {
      "id": 54,
      "content": "每当她投掷着餐刀，挥舞着扫帚，亡者大军就会像窗框上的灰尘一样散落而下。"
    },
    {
      "id": 55,
      "content": "造访宅邸的亡者大军已所剩无几，却仍能看到夕阳的余晖穿过窗户洒落下来。"
    },
    {
      "id": 56,
      "content": "看来猎狼不会因为孩子扫除耽误了时间而被推迟了。"
    }
  ]
}