{
  "dataList": [
    {
      "id": 0,
      "teller": "台上的收尾人",
      "title": "Zwei协会 西部3科 科长",
      "content": "……本委托为期三天。在此期间非巢中居民者将不被纳入优先保护对象范围内。"
    },
    {
      "id": 1,
      "model": "이스마엘",
      "title": "Zwei协会 西部3科",
      "content": "保护委托为期三天……保护目对象为巢中居民……"
    },
    {
      "id": 2,
      "content": "烈日之下，数十人聚集在一片空地上。"
    },
    {
      "id": 3,
      "content": "孩子的眼神中充满着热情，低声复述着协会传达的情报信息。"
    },
    {
      "id": 4,
      "content": "对一位曾在大湖的规则中生存的孩子来说，这已然成为了她生命中的一部分。"
    },
    {
      "id": 5,
      "content": "这孩子尽其所能如机器般不断重复阅读并记下这些信息，就好似这是她的职责所在。"
    },
    {
      "id": 6,
      "teller": "台上的收尾人",
      "title": "Zwei协会 西部3科 科长",
      "content": "X公司也向临近的M公司的月面骑士团发出了支援申请，但由于他们正在远征，所以无法参与本次委托。"
    },
    {
      "id": 7,
      "teller": "台上的收尾人",
      "title": "Zwei协会 西部3科 科长",
      "content": "即便如此，我们此次要保护的合金开采区的范围差不多和我们所处的24区的村庄范围相当。所以也并不是很强人所难的委托……"
    },
    {
      "id": 8,
      "model": "이스마엘",
      "title": "Zwei协会 西部3科",
      "content": "没有来自翼的支援……合金开采区为高风险区……保护区为……嗯？"
    },
    {
      "id": 9,
      "content": "每当有新委托下达时，这孩子总会这样。"
    },
    {
      "id": 10,
      "content": "当大多数收尾人心不在焉，左顾右盼或仰望天空时，这孩子总是聚精会神地听着简报。"
    },
    {
      "id": 11,
      "content": "然后……"
    },
    {
      "id": 12,
      "teller": "台上的收尾人",
      "title": "Zwei协会 西部3科 科长",
      "content": "问吧，3科骑士以实玛利。"
    },
    {
      "id": 13,
      "content": "当对某事怀有疑问时，孩子就会像这时一样举手提问。"
    },
    {
      "id": 14,
      "model": "이스마엘",
      "title": "Zwei协会 西部3科",
      "content": "您刚才所说的区域，是属于24区高级矿产开采团和X公司合金卫队管辖吧？虽然地处位置较为边缘，但仍属于巢内吧。"
    },
    {
      "id": 15,
      "teller": "台上的收尾人",
      "title": "Zwei协会 西部3科 科长",
      "content": "在来自X公司的合作请求文件中有写到。他们决定暂时放置此区域三天。"
    },
    {
      "id": 16,
      "teller": "台上的收尾人",
      "title": "Zwei协会 西部3科 科长",
      "content": "与他们签订的合同中也有写到让Zwei保护其管理的在24区范围内的指定区域。还有其他问题吗？"
    },
    {
      "id": 17,
      "model": "이스마엘",
      "title": "Zwei协会 西部3科",
      "content": "没有了。我已得到充分解答。"
    },
    {
      "id": 18,
      "content": "孩子摇了摇头，再次背着双手集中精力听着简报。"
    },
    {
      "id": 19,
      "content": "若不是从后方传来嘈杂的交流声，这种情况肯定还会再持续一段时间吧。"
    },
    {
      "id": 20,
      "teller": "不满的同事",
      "title": "Zwei协会 西部3科",
      "content": "又是区域保护的委托？我都腻了。"
    },
    {
      "id": 21,
      "teller": "发牢骚的同事",
      "title": "Zwei协会 西部3科",
      "content": "要知道是这样，我还不如加入天涯骑士团呢。至少探索都市下方的废墟可没这么无聊。"
    },
    {
      "id": 22,
      "teller": "不满的同事",
      "title": "Zwei协会 西部3科",
      "content": "反正M公司就在附近，怎么看都不像是会出什么事……"
    },
    {
      "id": 23,
      "model": "이스마엘",
      "title": "Zwei协会 西部3科",
      "content": "咳。"
    },
    {
      "id": 24,
      "content": "孩子轻咳了一声，转过头去，想要制止这无休止的唠叨抱怨。"
    },
    {
      "id": 25,
      "content": "当然……孩子的语气十分尖锐，难以抑制她内心的恼怒。"
    },
    {
      "id": 26,
      "model": "이스마엘",
      "title": "Zwei协会 西部3科",
      "content": "请安静，并认真倾听简报内容。"
    },
    {
      "id": 27,
      "teller": "不满的同事",
      "title": "Zwei协会 西部3科",
      "content": "好好听着呢。"
    },
    {
      "id": 28,
      "model": "이스마엘",
      "title": "Zwei协会 西部3科",
      "content": "认真听的人能从嘴里说出那种话吗？"
    },
    {
      "id": 29,
      "model": "이스마엘",
      "title": "Zwei协会 西部3科",
      "content": "科长四分钟前才刚刚说过吧，M公司的月面骑士团现在正在忙于远征，没有精力投入到这里。"
    },
    {
      "id": 30,
      "teller": "发牢骚的同事",
      "title": "Zwei协会 西部3科",
      "content": "诶……说不定他只是吓唬我们想让我们提高警惕。先前也有过这种情况吧，说没支援结果还是有支援的。"
    },
    {
      "id": 31,
      "model": "이스마엘",
      "title": "Zwei协会 西部3科",
      "content": "X公司的开采区有着魔窟之称可是人尽皆知……谁知道从那地牢会涌出什么样的怪物出来？我可没有在吓唬你，那里可能真的很危险……！"
    },
    {
      "id": 32,
      "content": "孩子发泄着自己的不满，紧握拳头，叹了口气。"
    },
    {
      "id": 33,
      "model": "이스마엘",
      "title": "Zwei协会 西部3科",
      "content": "哈……算了。随你怎么想吧，真是良言难劝该死鬼。"
    },
    {
      "id": 34,
      "teller": "发牢骚的同事",
      "title": "Zwei协会 西部3科",
      "content": "我、我知道啦。你也别这么瞪着我，往前看讲台吧。"
    },
    {
      "id": 35,
      "content": "恐吓的效果应该还是有的吧，几分钟内孩子能够集中精神认真听科长的简报……"
    },
    {
      "id": 36,
      "content": "可没过多久，嘈杂的交流声又嘀嘀咕咕地响了起来。"
    },
    {
      "id": 37,
      "content": "但孩子没有再次阻止他们。"
    },
    {
      "id": 38,
      "content": "与其让他们这两位收尾人安静下来，还不如直接无视并记牢简报的内容。"
    },
    {
      "id": 39,
      "content": "不久后，这一明智选择的结果就显现了出来。"
    },
    {
      "id": 40,
      "teller": "惊恐的市民",
      "title": "24区",
      "content": "救、救救我！洞窟里的怪物要……！"
    },
    {
      "id": 41,
      "content": "一个惊恐到浑身发抖的市民被困在洞穴的死路里。"
    },
    {
      "id": 42,
      "content": "旁边倒着两具身着铠甲的尸体。"
    },
    {
      "id": 43,
      "content": "无需他人说明，现场状况一目了然。"
    },
    {
      "id": 44,
      "teller": "惊恐的市民",
      "title": "24区",
      "content": "呃……今天这么幸运地采掘出了超合金微波炉我还以为自己撞大运了……"
    },
    {
      "id": 45,
      "content": "关于栖息在开采区的各种怪物和它们的栖息地，都是在晨会时间里介绍的……两位在闲聊中错过了中间重要部分的收尾人没能保住性命。"
    },
    {
      "id": 46,
      "content": "可能这就是在都市里短暂的松懈和疏忽所带来的后果吧。"
    },
    {
      "id": 47,
      "content": "其中一只怪物拿着从开采区得到的钉棒向开采者扑去……"
    },
    {
      "id": 48,
      "teller": "惊恐的市民",
      "title": "24区",
      "content": "嘶……！"
    },
    {
      "id": 49,
      "content": "市民意识到自己即将迎来死亡，听着钉棒挥动的声音，紧紧闭上了眼睛。"
    },
    {
      "id": 50,
      "model": "이스마엘",
      "title": "Zwei协会 西部3科",
      "content": "意料之内。还好赶上了。"
    },
    {
      "id": 51,
      "content": "钉棒被突然出现的孩子的巨剑挡下了。"
    },
    {
      "id": 52,
      "content": "听到金属碰撞交击声，市民吓了一跳，往前看去。"
    },
    {
      "id": 53,
      "teller": "惊恐的市民",
      "title": "24区",
      "content": "收尾人……大人？我听说只有两人被分配到这里的开采区……"
    },
    {
      "id": 54,
      "model": "이스마엘",
      "title": "Zwei协会 西部3科",
      "content": "……我有些在意不祥的预感，所以又在此处巡逻了一圈。"
    },
    {
      "id": 55,
      "teller": "惊恐的市民",
      "title": "24区",
      "content": "请、请小心行事。已经死了两个人了，要是连收尾人大人们都搞不定，我真的要死在这里了！"
    },
    {
      "id": 56,
      "teller": "惊恐的市民",
      "title": "24区",
      "content": "已经死了两个人了啊！"
    },
    {
      "id": 57,
      "model": "이스마엘",
      "title": "Zwei协会 西部3科",
      "content": "是，我看到了。所以我才告诉他们晨会时间最好集中精力不要叽叽喳喳。"
    },
    {
      "id": 58,
      "content": "尽管市民仍是担惊受怕的状态，孩子仍然一个接一个地抵挡住了从四面八方冒出来的怪物的攻击。"
    },
    {
      "id": 59,
      "content": "怪物们低估了最初只是在防御的孩子，自信满满地挥舞着武器……"
    },
    {
      "id": 60,
      "teller": "洞窟的怪物",
      "title": "？？？",
      "content": "咕啊啊……！？"
    },
    {
      "id": 61,
      "content": "但过了一会，它们便开始抓着胳膊痛苦哀嚎起来。"
    },
    {
      "id": 62,
      "content": "武器相互碰撞后产生的反作用力，反而给发起进攻的怪物们造成了更大的伤害。"
    },
    {
      "id": 63,
      "model": "이스마엘",
      "title": "Zwei协会 西部3科",
      "content": "在支援到来之前，请紧跟在我的身后。"
    },
    {
      "id": 64,
      "teller": "惊恐的市民",
      "title": "24区",
      "content": "你、你能撑多久？"
    },
    {
      "id": 65,
      "model": "이스마엘",
      "title": "Zwei协会 西部3科",
      "content": "这种程度的话，嗯。"
    },
    {
      "id": 66,
      "model": "이스마엘",
      "title": "Zwei协会 西部3科",
      "content": "可以连续坚持三天吧。"
    },
    {
      "id": 67,
      "content": "尽管场面紧张焦灼，但孩子的声音却平和且毫无波澜。"
    },
    {
      "id": 68,
      "content": "直到Zwei的支援赶来前孩子都没有后退一步。"
    },
    {
      "id": 69,
      "content": "几小时后，当支援终于赶到时，Zwei收尾人看到的是……"
    },
    {
      "id": 70,
      "content": "武器已损坏且失去意识的怪物们，以及毫发无损的市民。"
    },
    {
      "id": 71,
      "model": "이스마엘",
      "title": "Zwei协会 西部3科",
      "content": "……啊，来了啊？"
    },
    {
      "id": 72,
      "content": "之后看到的，便是正在专心用布擦拭着巨剑划痕的孩子的身影。"
    }
  ]
}