{
  "dataList": [
    {
      "id": 0,
      "content": "在小巷某处的一家牛肉面馆里……"
    },
    {
      "id": 1,
      "content": "孩子一个人坐在桌前，正津津有味地吃着午餐。"
    },
    {
      "id": 2,
      "content": "虽说她并不特别讨厌和其他人打交道，但也并不特别热衷于此是这孩子的特点之一。"
    },
    {
      "id": 3,
      "content": "虽说六协会的收尾人们经常热热闹闹地聚一大群人吃饭，但这孩子的氛围却和她的同事们不太一样。"
    },
    {
      "id": 4,
      "content": "虽然孩子愿意的话也可以融入那样吵闹的人群，但她看起来更享受一个人进食。"
    },
    {
      "id": 5,
      "model": "이스마엘",
      "teller": "以实玛利",
      "title": "六协会 4科",
      "content": "……呼，烫。喂，我是以实玛利。"
    },
    {
      "id": 6,
      "model": "이스마엘",
      "teller": "以实玛利",
      "title": "六协会 4科",
      "content": "现在吗……？我现在在吃饭，能不能等一下再……"
    },
    {
      "id": 7,
      "model": "이스마엘",
      "teller": "以实玛利",
      "title": "六协会 4科",
      "content": "我知道了……"
    },
    {
      "id": 8,
      "content": "是的，或许是因为工作的缘故。"
    },
    {
      "id": 9,
      "teller": "亲切的餐馆老板",
      "title": "牛肉面馆",
      "content": "哎呀，又没吃完就要走了吗？"
    },
    {
      "id": 10,
      "model": "이스마엘",
      "teller": "以实玛利",
      "title": "六协会 4科",
      "content": "啊……对不起。还是像往常一样，拜托了。"
    },
    {
      "id": 11,
      "teller": "亲切的餐馆老板",
      "title": "牛肉面馆",
      "content": "打包后存起来吗？没问题~"
    },
    {
      "id": 12,
      "content": "看上去孩子已经不止有一两次没吃完饭就因为电话被叫出去了。"
    },
    {
      "id": 13,
      "model": "이스마엘",
      "teller": "以实玛利",
      "title": "六协会 4科",
      "content": "好的，我出来了。在哪个方位？"
    },
    {
      "id": 14,
      "model": "이스마엘",
      "teller": "以实玛利",
      "title": "六协会 4科",
      "content": "哈啊……还有啊，我之前也请求过，我和其他人打交道就已经够累了，至少用餐时间这事，能不能给我保障一下。"
    },
    {
      "id": 15,
      "model": "이스마엘",
      "teller": "以实玛利",
      "title": "六协会 4科",
      "content": "……不是！我回去之后面就全坨了啊！难道我以后只吃饺子？这像话吗？"
    },
    {
      "id": 16,
      "model": "이스마엘",
      "teller": "以实玛利",
      "title": "六协会 4科",
      "content": "啊？！用U公司的现状保存包装？你知道那东西有多贵吗？"
    },
    {
      "id": 17,
      "model": "이스마엘",
      "teller": "以实玛利",
      "title": "六协会 4科",
      "content": "够了！我要挂了。"
    },
    {
      "id": 18,
      "content": "孩子烦躁地切断了通话。"
    },
    {
      "id": 19,
      "model": "이스마엘",
      "teller": "以实玛利",
      "title": "六协会 4科",
      "content": "哈……逗我呢不是，我还以为今天有空就点了份大碗的。"
    },
    {
      "id": 20,
      "model": "이스마엘",
      "teller": "以实玛利",
      "title": "六协会 4科",
      "content": "……他们一直对我说，我是他们唯一信任能够胜任这些工作的人，我还能说什么呢？"
    },
    {
      "id": 21,
      "content": "孩子在六协会南部4科的同事之中技艺精湛，特别擅长迅速拉近距离进行近距离击打，这使她在独自面对成群的敌人时表现得十分出色。"
    },
    {
      "id": 22,
      "content": "不过……换而言之，这可能意味着她的天赋与六协会在协同进攻方面的专攻不太契合。"
    },
    {
      "id": 23,
      "content": "如果她是个善于交际的人，就不必由于吃饭时间的不同，而不得不放弃她的美餐、去赶上他们本应同时出发的任务了吧？"
    },
    {
      "id": 24,
      "teller": "无足轻重的帮派成员",
      "title": "？？？",
      "content": "唔！呃！"
    },
    {
      "id": 25,
      "model": "이스마엘",
      "teller": "以实玛利",
      "title": "六协会 4科",
      "content": "下一个。"
    },
    {
      "id": 26,
      "content": "那孩子就这样打倒了一个又一个敌人，脸上流露着一丝愤怒。"
    },
    {
      "id": 27,
      "teller": "惊慌失措的帮派成员",
      "title": "？？？",
      "content": "嘁，我捅不穿这家伙的衣服！"
    },
    {
      "id": 28,
      "teller": "惊慌失措的帮派成员",
      "title": "？？？",
      "content": "啊！"
    },
    {
      "id": 29,
      "model": "이스마엘",
      "teller": "以实玛利",
      "title": "六协会 4科",
      "content": "哈，想刺穿协会配备的服装，那种程度的东西还远远不够。"
    },
    {
      "id": 30,
      "content": "她速度快得惊人，让周围的同僚都瞠目结舌，以破竹之势，瞬间将敌阵夷为平地。"
    },
    {
      "id": 31,
      "teller": "恐惧的帮派成员",
      "title": "？？？",
      "content": "你、你个……"
    },
    {
      "id": 32,
      "content": "然后，当敌人的余孽在这孩子面前逡巡不前时……"
    },
    {
      "id": 33,
      "content": "那孩子摆摆手嘲弄道："
    },
    {
      "id": 34,
      "model": "이스마엘",
      "teller": "以实玛利",
      "title": "六协会 4科",
      "content": "全都一起上吧。我的面都坨了，让我很不爽啊。"
    }
  ]
}