{
  "dataList": [
    {
      "id": 0,
      "teller": "部下",
      "title": "黑云会",
      "content": "副会长，您提到的……那个……"
    },
    {
      "id": 1,
      "model": "이스마엘",
      "title": "黑云会 副会长",
      "content": "……"
    },
    {
      "id": 2,
      "teller": "部下",
      "title": "黑云会",
      "content": "十分抱歉，我不知道您在清洁黑云刀……"
    },
    {
      "id": 3,
      "model": "이스마엘",
      "title": "黑云会 副会长",
      "content": "无妨。你过来应该是有急事吧。"
    },
    {
      "id": 4,
      "model": "이스마엘",
      "title": "黑云会 副会长",
      "content": "……若是不值一提的事，或许等你说完之后我就要去擦刀上的血了。"
    },
    {
      "id": 5,
      "teller": "部下",
      "title": "黑云会",
      "content": "图、图书馆！是关于图书馆的事！"
    },
    {
      "id": 6,
      "model": "이스마엘",
      "title": "黑云会 副会长",
      "content": "……你捡回了一条小命呢。开玩笑的。"
    },
    {
      "id": 7,
      "teller": "部下",
      "title": "黑云会",
      "content": "呼……"
    },
    {
      "id": 8,
      "content": "虽然我也没有在期待，但这次果然也……没有发现什么与前副会长相关的情报。"
    },
    {
      "id": 9,
      "content": "最初听说她失踪的时候，我们还以为她是被拇指的指挥官盯上就此丧命了呢……她一向是那种想到什么就脱口而出的人，我们一直都因此提心吊胆的，生怕她哪句话说错就完蛋了。"
    },
    {
      "id": 10,
      "content": "我是听说拇指完全没有收到奉纳，才终于反应过来。她可能是被传闻中的图书馆干掉了。"
    },
    {
      "id": 11,
      "teller": "部下",
      "title": "黑云会",
      "content": "副会长，这样的事情在都市到处都有。黑云会也不是只有一两个组员。"
    },
    {
      "id": 12,
      "teller": "部下",
      "title": "黑云会",
      "content": "不管从谁的口中，哪怕只是听到图书馆的“图”字，那他说的传闻也有可能是真实发生的事……"
    },
    {
      "id": 13,
      "model": "이스마엘",
      "title": "黑云会 副会长",
      "content": "所以你是想说前副会长抛弃了我们整个帮派吗。"
    },
    {
      "id": 14,
      "model": "이스마엘",
      "title": "黑云会 副会长",
      "content": "那位大人没有留下任何痕迹就消失了……如果不是失踪的话，想必也不可能像一缕烟一样就消失了。"
    },
    {
      "id": 15,
      "teller": "部下",
      "title": "黑云会",
      "content": "传闻中L公司本部所在的位置，只一瞬间就变成空地了……"
    },
    {
      "id": 16,
      "model": "이스마엘",
      "title": "黑云会 副会长",
      "content": "这实在是不合常理吧……哈啊。"
    },
    {
      "id": 17,
      "teller": "部下",
      "title": "黑云会",
      "content": "副会长……我明白您刚喝完酒所以会这么说，但干我们这一行的，像这样消失不是什么稀罕事情。"
    },
    {
      "id": 18,
      "teller": "部下",
      "title": "黑云会",
      "content": "我也同样不能接受……但是为了整个帮派，您必须打起精神。"
    },
    {
      "id": 19,
      "model": "이스마엘",
      "title": "黑云会 副会长",
      "content": "……但我现在也不能立刻停止搜索。你说的话我会考虑的……"
    },
    {
      "id": 20,
      "teller": "部下",
      "title": "黑云会",
      "content": "您可是副会长……！"
    },
    {
      "id": 21,
      "model": "이스마엘",
      "title": "黑云会 副会长",
      "content": "刀刃上的血，我还没擦干净呢。"
    },
    {
      "id": 22,
      "teller": "部下",
      "title": "黑云会",
      "content": "……恕我冒昧。"
    },
    {
      "id": 23,
      "content": "哈啊。"
    },
    {
      "id": 24,
      "content": "嘛，虽然我也觉得这个位置理所当然该由我来继承，但我没想到会来得这么突然。"
    },
    {
      "id": 25,
      "content": "说是继承但其实也没什么……只有匆忙地结束继承仪式后返回的这个屋子里放着的，一柄刻着“第三十四代”的黑云刀。"
    },
    {
      "id": 26,
      "model": "이스마엘",
      "title": "黑云会 副会长",
      "content": "想到被赋予重任后我也能得到一柄时，我也曾稍微有点期待……"
    },
    {
      "id": 27,
      "model": "이스마엘",
      "title": "黑云会 副会长",
      "content": "但实际收下这把刀后，不知为何只能感受到沉重的责任感。"
    },
    {
      "id": 28,
      "content": "我本来只是对以帮派为单位参与争斗，和一些基层不得而知的、黑社会的恐怖情报有些兴趣而已，但现在只是像在寻常事务所一样每天盯着纸片看，真是令人烦闷不已。"
    },
    {
      "id": 29,
      "content": "要是发生点什么大事就好了……"
    },
    {
      "id": 30,
      "model": "이스마엘",
      "title": "黑云会 副会长",
      "content": "啊。"
    },
    {
      "id": 31,
      "content": "我一边想着手上不能闲着，一边把目光投向桌面，映入眼帘的是一本日历。"
    },
    {
      "id": 32,
      "content": "拇指麾下的帮派大会……就在三天后。"
    },
    {
      "id": 33,
      "model": "이스마엘",
      "title": "黑云会 副会长",
      "content": "会闹出点什么骚乱吧。"
    },
    {
      "id": 34,
      "content": "我不禁露出了一丝干笑，看来自己终归是要在战场上挥舞刀刃才能尽兴的……所谓帮派中人。"
    },
    {
      "id": 35,
      "content": "三天后。"
    },
    {
      "id": 36,
      "model": "히스클리프",
      "title": "黑云会",
      "content": "……副会长。"
    },
    {
      "id": 37,
      "model": "이스마엘",
      "title": "黑云会 副会长",
      "content": "就因为我坐上了这个位子，你就得意忘形地又给自己纹了一层强化纹身，现在变得像个破布袋一样了呢，希斯克利夫。"
    },
    {
      "id": 38,
      "model": "히스클리프",
      "title": "黑云会",
      "content": "他们人数多过头了……嘿。这么想来，我也算尽力了吧？"
    },
    {
      "id": 39,
      "content": "明明这家伙在初入帮派之际，还信誓旦旦地对我说要毕恭毕敬地侍奉，行礼行得腰都要弯断了……"
    },
    {
      "id": 40,
      "model": "이스마엘",
      "title": "黑云会 副会长",
      "content": "如今你擅自突围倒下了呢。这可不是开玩笑的时候。"
    },
    {
      "id": 41,
      "model": "히스클리프",
      "title": "黑云会",
      "content": "可不好笑啊……就算我在这里扮严肃，也反倒会看上去傻兮兮的……还会被你骂的吧。"
    },
    {
      "id": 42,
      "model": "이스마엘",
      "title": "黑云会 副会长",
      "content": "嗯，没错呢。"
    },
    {
      "id": 43,
      "model": "히스클리프",
      "title": "黑云会",
      "content": "……你还是老样子呢。"
    },
    {
      "id": 44,
      "content": "我听见身后传来扑通一声，但我没有回过头去看他。"
    },
    {
      "id": 45,
      "content": "虽然是个傻瓜，但命却很硬，总是能顽强地活下来。"
    },
    {
      "id": 46,
      "content": "所以，作为副会长，哪怕只是为了保住面子……"
    },
    {
      "id": 47,
      "model": "이스마엘",
      "title": "黑云会 副会长",
      "content": "你们这些乌合之众，以为拉帮结伙来挑事就能扳倒黑云会吗？"
    },
    {
      "id": 48,
      "content": "有两三个人为了杀出这条通往你们帮派代表的路豁出了性命，你们可得为此付出代价。"
    },
    {
      "id": 49,
      "teller": "？？？",
      "title": "帮派代表",
      "content": "听着，我们可没兴趣和同样吃拇指底下饭碗的家伙开打！"
    },
    {
      "id": 50,
      "teller": "？？？",
      "title": "帮派代表",
      "content": "你们对地盘的控制欲就不能收敛一点吗！在会议上也说什么寸土不让！"
    },
    {
      "id": 51,
      "content": "疯了吧。明明一有机会就会杀过来。"
    },
    {
      "id": 52,
      "teller": "？？？",
      "title": "帮派代表",
      "content": "喂，新来的副会长小姐。既然已经拔刀相向，就别再费唇舌了。"
    },
    {
      "id": 53,
      "teller": "？？？",
      "title": "帮派代表",
      "content": "我们这一行，一直都是这个传统吧。“决战”。"
    },
    {
      "id": 54,
      "model": "이스마엘",
      "title": "黑云会 副会长",
      "content": "决战不应该是帮派首领之间一对一……吗？"
    },
    {
      "id": 55,
      "teller": "？？？",
      "title": "帮派代表",
      "content": "当然是一对一了！我们会一个一个轮流来跟你打啊。哈哈哈！"
    },
    {
      "id": 56,
      "model": "이스마엘",
      "title": "黑云会 副会长",
      "content": "……我料到你会这么说了。嘛，倒也无所谓。"
    },
    {
      "id": 57,
      "model": "이스마엘",
      "title": "黑云会 副会长",
      "content": "你们三个一起上吧。真麻烦。"
    },
    {
      "id": 58,
      "teller": "？？？",
      "title": "帮派代表",
      "content": "你这混蛋……"
    },
    {
      "id": 59,
      "model": "이스마엘",
      "title": "黑云会 副会长",
      "content": "那，就别再多费口舌了。因为我脑海中已然萌生了将你们的舌头连根割去的念头。"
    },
    {
      "id": 60,
      "content": "啊……果然。"
    },
    {
      "id": 61,
      "model": "이스마엘",
      "title": "黑云会 副会长",
      "content": "黑云会第三十四代副会长，以实玛利。"
    },
    {
      "id": 62,
      "model": "이스마엘",
      "title": "黑云会 副会长",
      "content": "接受决战。"
    },
    {
      "id": 63,
      "content": "我生来就适合战场。"
    }
  ]
}