{
  "dataList": [
    {
      "id": 0,
      "model": "이스마엘",
      "teller": "以实玛利",
      "title": "技术解放联盟",
      "content": "……别笑了，我认真的。"
    },
    {
      "id": 1,
      "content": "一种黏糊糊的绿色物质遍布孩子的全身。"
    },
    {
      "id": 2,
      "content": "不，比起说是黏在她身上……更正确的说法是“穿在她身上”。"
    },
    {
      "id": 3,
      "content": "这是孩子自愿穿上的一种“装备”、“衣物”、“服装”以及“工具”。"
    },
    {
      "id": 4,
      "content": "没错。换言之，现在已经倒闭的L公司……或者说是脑叶公司，他们曾经从异想体中提取一种“工具”。"
    },
    {
      "id": 5,
      "content": "通过引出异想体最根本的部分……他们使得任何人都可以随时将异想体的力量作为工具使用。"
    },
    {
      "id": 6,
      "content": "在脑叶公司，他们制造了此类相关两种类型的工具，并分别称之为E.G.O武器和E.G.O护甲。"
    },
    {
      "id": 7,
      "content": "管理异想体的员工们根据需求装备它们，用其处理各种危险情况……"
    },
    {
      "id": 8,
      "content": "哈哈，说得有点多了。"
    },
    {
      "id": 9,
      "model": "이스마엘",
      "teller": "以实玛利",
      "title": "技术解放联盟",
      "content": "说真的，为什么只有我非要穿这样的装备？我就不能也穿那个和符咒……一样的装备吗？"
    },
    {
      "id": 10,
      "model": "로쟈",
      "teller": "罗佳",
      "title": "技术解放联盟",
      "content": "所以你要快点选啊~正好只剩下三件了，这也没办法吧？"
    },
    {
      "id": 11,
      "model": "싱클레어",
      "teller": "辛克莱",
      "title": "技术解放联盟",
      "content": "我看了下留在这里的文档……里面记载着每种装备能够制作的个数是有限的……"
    },
    {
      "id": 12,
      "model": "로쟈",
      "teller": "罗佳",
      "title": "技术解放联盟",
      "content": "所以~你穿上它是必然的吧？呼呼。"
    },
    {
      "id": 13,
      "model": "이스마엘",
      "teller": "以实玛利",
      "title": "技术解放联盟",
      "content": "妈的……"
    },
    {
      "id": 14,
      "content": "就像异想体有很多种一样，E.G.O也能以各种形态被提取。"
    },
    {
      "id": 15,
      "content": "看起来这座支部在被掩埋前只管理了一小部分异想体。也许这里是一座被批准成立不久的新支部。"
    },
    {
      "id": 16,
      "content": "可能是因为管理异想体的时间还不够长，所以他们没来得及提取多少E.G.O。"
    },
    {
      "id": 17,
      "model": "이스마엘",
      "teller": "以实玛利",
      "title": "技术解放联盟",
      "content": "所以……我们真的有必要用这些来战斗吗？"
    },
    {
      "id": 18,
      "content": "孩子一边擦去头上的黏液一边问道。"
    },
    {
      "id": 19,
      "model": "이스마엘",
      "teller": "以实玛利",
      "title": "技术解放联盟",
      "content": "那些K公司的安保人员……是叫摘除人员吗？我承认跟他们交手是很麻烦，但并不确定我们是否需要这些……"
    },
    {
      "id": 20,
      "model": "로쟈",
      "teller": "罗佳",
      "title": "技术解放联盟",
      "content": "你不愿意吗？不愿意的话……就只能赤手空拳地战斗啦~"
    },
    {
      "id": 21,
      "model": "이스마엘",
      "teller": "以实玛利",
      "title": "技术解放联盟",
      "content": "唔……"
    },
    {
      "id": 22,
      "content": "孩子脸上的不愉快仍无法消散。"
    },
    {
      "id": 23,
      "content": "但，体验过它的力量之后可能会改变她的想法。"
    },
    {
      "id": 24,
      "model": "이스마엘",
      "teller": "以实玛利",
      "title": "技术解放联盟",
      "content": "哇……我可以自由挥舞看起来这么重的武器吗？"
    },
    {
      "id": 25,
      "model": "로쟈",
      "teller": "罗佳",
      "title": "技术解放联盟",
      "content": "我说……一边把人打倒一边说着这种话是不是……有点那啥？"
    },
    {
      "id": 26,
      "model": "이스마엘",
      "teller": "以实玛利",
      "title": "技术解放联盟",
      "content": "但是啊，像这样的话！"
    },
    {
      "id": 27,
      "content": "随着孩子的言语，她将膨胀的绿色钝器横向挥出。她就像长期使用这把武器的人一样，将其熟练地运用着。"
    },
    {
      "id": 28,
      "model": "이스마엘",
      "teller": "以实玛利",
      "title": "技术解放联盟",
      "content": "……打得爽快！哈哈，我们回去时候来点酒……"
    },
    {
      "id": 29,
      "model": "이스마엘",
      "teller": "以实玛利",
      "title": "技术解放联盟",
      "content": "呃。"
    },
    {
      "id": 30,
      "content": "孩子由于自己突然冒出的奇怪语调而捂住了嘴。"
    },
    {
      "id": 31,
      "content": "孩子周围的同事们当场大笑，这孩子看起来害羞极了……"
    },
    {
      "id": 32,
      "content": "但他们还不知道这不仅仅只是一件笑料……"
    },
    {
      "id": 33,
      "content": "我认为，他们会在不久的将来意识到这一点。"
    }
  ]
}