{
  "dataList": [
    {
      "id": 0,
      "model": "이스마엘",
      "teller": "以实玛利",
      "title": "臼齿修船厂",
      "content": "哈……真是又热又潮啊……"
    },
    {
      "id": 1,
      "content": "黏稠的绿色泥滩上，沉重的叹息声和螃蟹壳破裂的声音散布在空中。"
    },
    {
      "id": 2,
      "model": "이스마엘",
      "teller": "以实玛利",
      "title": "臼齿修船厂",
      "content": "这东西怎么还不掉下来……呃！"
    },
    {
      "id": 3,
      "content": "这孩子费力地低哼几声后，随着“砰”的一声，一块金属碎片飞落到泥滩上。"
    },
    {
      "id": 4,
      "content": "很快这只螃蟹就被放进了废料堆，那儿堆得已经要比两只废料蟹还要高了。"
    },
    {
      "id": 5,
      "model": "이스마엘",
      "teller": "以实玛利",
      "title": "臼齿修船厂",
      "content": "那孩子跑哪去了……？我以为他会搞来一辆运货车，而不是从头开始来造一辆新的。"
    },
    {
      "id": 6,
      "model": "이스마엘",
      "teller": "以实玛利",
      "title": "臼齿修船厂",
      "content": "哈，我得休息一会……"
    },
    {
      "id": 7,
      "content": "孩子擦去额头上的汗水，坐在了一个废料蟹壳上，它现在成了一个相当实用的凳子。"
    },
    {
      "id": 8,
      "content": "她从腰间取出来海滩时准备的水壶，准备润润喉咙，但孩子很快就皱起了眉头。"
    },
    {
      "id": 9,
      "model": "이스마엘",
      "teller": "以实玛利",
      "title": "臼齿修船厂",
      "content": "这……我不是带了满满一瓶冰水吗？怎么全变成温水了？"
    },
    {
      "id": 10,
      "model": "이스마엘",
      "teller": "以实玛利",
      "title": "臼齿修船厂",
      "content": "除此以外……呸！好咸……唔，肯定是壶盖松了，里面混进了海水。"
    },
    {
      "id": 11,
      "content": "孩子一脸不快地轮番看了看水壶和湖面，又一次深深叹了口气，并把剩下的水全倒在了自己的头上。"
    },
    {
      "id": 12,
      "content": "她可能认为，水至少能让她凉快下来。"
    },
    {
      "id": 13,
      "model": "이스마엘",
      "teller": "以实玛利",
      "title": "臼齿修船厂",
      "content": "哈……我还要做这种破事多久？"
    },
    {
      "id": 14,
      "content": "孩子梳理着湿透的头发，陷入了沉思。"
    },
    {
      "id": 15,
      "content": "孩子回想着……她第一次在这片泥滩醒来时的情景。"
    },
    {
      "id": 16,
      "content": "虽说由书重回人身是不幸中的万幸，但她无法选择在哪里醒来是其中最大的不幸。"
    },
    {
      "id": 17,
      "content": "当然，孩子身上当时什么也没有……甚至在她完全掌握情况之前，就有一只废料蟹正咄咄逼人地向她爬来。"
    },
    {
      "id": 18,
      "content": "她所能做的，也就只有赤手空拳地与其战斗了。"
    },
    {
      "id": 19,
      "content": "她于收尾人生涯所积累的经验也许起了作用。"
    },
    {
      "id": 20,
      "content": "看到她赤手空拳便打倒一只废料蟹，附近修船厂的老板们便提议要买下她猎来的废料……"
    },
    {
      "id": 21,
      "model": "이스마엘",
      "teller": "以实玛利",
      "title": "臼齿修船厂",
      "content": "……多亏了他们的帮助，我们才得以开设自己的修船厂。"
    },
    {
      "id": 22,
      "model": "이스마엘",
      "teller": "以实玛利",
      "title": "臼齿修船厂",
      "content": "哈，如果其他人没回来的话，我也会很难办的。"
    },
    {
      "id": 23,
      "content": "孩子的目标是回到V公司，22区。"
    },
    {
      "id": 24,
      "content": "回到他们曾经事务所所在的地方……重拾往日的生活。"
    },
    {
      "id": 25,
      "model": "이스마엘",
      "teller": "以实玛利",
      "title": "臼齿修船厂",
      "content": "……要赚够回程的路费，还差一大截呢。"
    },
    {
      "id": 26,
      "model": "이스마엘",
      "teller": "以实玛利",
      "title": "臼齿修船厂",
      "content": "呼，我在浪费时间。运货车迟早会到的，在那之前我还是多杀几只螃蟹好了。"
    },
    {
      "id": 27,
      "content": "她喃喃自语后又一头潜入湖中。"
    },
    {
      "id": 28,
      "content": "她用武器瞄准了躲在湖深处的废料蟹，低声说道。"
    },
    {
      "id": 29,
      "model": "이스마엘",
      "teller": "以实玛利",
      "title": "臼齿修船厂",
      "content": "老实点别动……别做无谓的抵抗！"
    }
  ]
}