{
  "dataList": [
    {
      "id": 0,
      "model": "로쟈",
      "title": "黑云会 若众",
      "content": "来吧，大叔。我知道你在那个保险箱里面放了多少钱。"
    },
    {
      "id": 1,
      "content": "这个孩子得意地说着，那笑容中流露出一股尖锐的玩世不恭的神气。"
    },
    {
      "id": 2,
      "content": "黑云会和其他帮派之间没有太大区别。"
    },
    {
      "id": 3,
      "content": "以保护费的名义拎起后巷的商户摇来摇去，然后吞下哗啦啦掉下来的以血汗为名的金钱就是他们每天的工作。"
    },
    {
      "id": 4,
      "content": "奇怪的是，比起其他地方，这个孩子对于这里却显得异常苛刻。"
    },
    {
      "id": 5,
      "content": "不知是在哪里听到了这个有名的吝啬鬼的传闻，她似乎认为夺取这里的钱财就可以帮助自己饥饿的手下。"
    },
    {
      "id": 6,
      "content": "孩子看上去随时都能揪住他的领子把他的头砍下来，但是有什么在阻止她这样做。"
    },
    {
      "id": 7,
      "content": "因为私自行动是她帮派的禁忌，她大概是不想惹上麻烦。"
    },
    {
      "id": 8,
      "content": "哦，这个男人可真幸运啊。看起来有个向导的到来吸引了孩子的注意。"
    },
    {
      "id": 9,
      "model": "료슈",
      "title": "黑云会 若众",
      "content": "罗佳，有好·息。终于可以摆脱这些劣质的任务了。"
    },
    {
      "id": 10,
      "model": "로쟈",
      "title": "黑云会 若众",
      "content": "……嘛，意思是有好消息对吧？"
    },
    {
      "id": 11,
      "content": "喜欢毫无意义地缩略词汇的向导扬起嘴角点了点头，点燃香烟补充道："
    },
    {
      "id": 12,
      "model": "료슈",
      "title": "黑云会 若众",
      "content": "我们要同剑契组的人共舞一曲了。"
    }
  ]
}