{
  "dataList": [
    {
      "id": 0,
      "model": "로쟈",
      "teller": "罗佳",
      "title": "玫瑰扳手工坊",
      "content": "好……我梭哈咯~来吧，放马过来！"
    },
    {
      "id": 1,
      "content": "在交杂的键盘声，翻页声与谈话声中。"
    },
    {
      "id": 2,
      "content": "能听见很难想象是在事务所中的愉快歌声。"
    },
    {
      "id": 3,
      "model": "로쟈",
      "teller": "罗佳",
      "title": "玫瑰扳手工坊",
      "content": "对……！进展十分顺利~"
    },
    {
      "id": 4,
      "content": "那孩子与皱着眉头的其他人不同，脸上浮现出愉快的表情。"
    },
    {
      "id": 5,
      "content": "最近，在孩子的事务所所处的后巷流行起一款线上赌博游戏。"
    },
    {
      "id": 6,
      "content": "孩子似乎不久前就迷上了那个游戏。"
    },
    {
      "id": 7,
      "model": "로쟈",
      "teller": "罗佳",
      "title": "玫瑰扳手工坊",
      "content": "好……只要再来一张好牌……"
    },
    {
      "id": 8,
      "model": "걱정이 많은 직원",
      "teller": "忧心忡忡的员工",
      "title": "玫瑰扳手工坊",
      "content": "那个，代表……"
    },
    {
      "id": 9,
      "model": "로쟈",
      "teller": "罗佳",
      "title": "玫瑰扳手工坊",
      "content": "……嗯？我现在正专注着呢，过会再说可以嘛？"
    },
    {
      "id": 10,
      "model": "걱정이 많은 직원",
      "teller": "忧心忡忡的员工",
      "title": "玫瑰扳手工坊",
      "content": "不能过会。您需要看看这个……"
    },
    {
      "id": 11,
      "content": "是那孩子的下属吗？那人怀里正抱着一捆纸，用略带悲痛的声音呼唤着她。"
    },
    {
      "id": 12,
      "model": "로쟈",
      "teller": "罗佳",
      "title": "玫瑰扳手工坊",
      "content": "哈啊，真是……"
    },
    {
      "id": 13,
      "model": "걱정이 많은 직원",
      "teller": "忧心忡忡的员工",
      "title": "玫瑰扳手工坊",
      "content": "这、这是拖欠了五天的付款文件。请您快读一……"
    },
    {
      "id": 14,
      "model": "로쟈",
      "teller": "罗佳",
      "title": "玫瑰扳手工坊",
      "content": "来啦！！！！！！"
    },
    {
      "id": 15,
      "content": "……事务所里嘈杂的声音骤然消失了。"
    },
    {
      "id": 16,
      "model": "로쟈",
      "teller": "罗佳",
      "title": "玫瑰扳手工坊",
      "content": "来了，来了啊！快，都来看！皇·家·同花顺！"
    },
    {
      "id": 17,
      "model": "걱정이 많은 직원",
      "teller": "忧心忡忡的员工",
      "title": "玫瑰扳手工坊",
      "content": "……那是什么？"
    },
    {
      "id": 18,
      "model": "로쟈",
      "teller": "罗佳",
      "title": "玫瑰扳手工坊",
      "content": "想知道？总之就是刚刚那一把一下赚到了这里所有人三个月份的工资！"
    },
    {
      "id": 19,
      "model": "로쟈",
      "teller": "罗佳",
      "title": "玫瑰扳手工坊",
      "content": "好~大家听好了！我刚刚……"
    },
    {
      "id": 20,
      "content": "虽然貌似事务所里无人在意这孩子的话，但是她对此似乎也并不在乎。"
    },
    {
      "id": 21,
      "content": "……并且，对于忍耐到极限的员工们也是同理。"
    },
    {
      "id": 22,
      "model": "걱정이 많은 직원",
      "teller": "忧心忡忡的员工",
      "title": "玫瑰扳手工坊",
      "content": "代表！由于您拖延批准导致工作完全没法取得进展！请您去工作吧！"
    },
    {
      "id": 23,
      "model": "로쟈",
      "teller": "罗佳",
      "title": "玫瑰扳手工坊",
      "content": "真是，吵死了！你为什么说这种话啊~"
    },
    {
      "id": 24,
      "content": "终于，孩子回头看了看站在一旁喋喋不休的员工。"
    },
    {
      "id": 25,
      "model": "로쟈",
      "teller": "罗佳",
      "title": "玫瑰扳手工坊",
      "content": "让我看看……批准？我不是说过我一般都不会反驳的嘛？还有我不是把印章给你，让你来敲定了吗！"
    },
    {
      "id": 26,
      "model": "걱정이 많은 직원",
      "teller": "忧心忡忡的员工",
      "title": "玫瑰扳手工坊",
      "content": "即便如此也还有很多程序……"
    },
    {
      "id": 27,
      "model": "로쟈",
      "teller": "罗佳",
      "title": "玫瑰扳手工坊",
      "content": "哈，就这寒碜的小工坊还谈程序？本来就因为没什么工作空间而全部外包出去了！"
    },
    {
      "id": 28,
      "model": "로쟈",
      "teller": "罗佳",
      "title": "玫瑰扳手工坊",
      "content": "而且啊……你觉得我没在工作？从外面揽活的是我吧~"
    },
    {
      "id": 29,
      "model": "걱정이 많은 직원",
      "teller": "忧心忡忡的员工",
      "title": "玫瑰扳手工坊",
      "content": "……但那些工作都因为没完成而堆积起来了。"
    },
    {
      "id": 30,
      "model": "로쟈",
      "teller": "罗佳",
      "title": "玫瑰扳手工坊",
      "content": "你们也许会觉得那是代表的工作~但本代表啊，可是非常相信你们的~"
    },
    {
      "id": 31,
      "model": "걱정이 많은 직원",
      "teller": "忧心忡忡的员工",
      "title": "玫瑰扳手工坊",
      "content": "……"
    },
    {
      "id": 32,
      "model": "로쟈",
      "teller": "罗佳",
      "title": "玫瑰扳手工坊",
      "content": "而且啊，我一次都没有拖欠过大家的工资吧！这还不够？"
    },
    {
      "id": 33,
      "content": "就算如此，这样下去的话……"
    },
    {
      "id": 34,
      "model": "로쟈",
      "teller": "罗佳",
      "title": "玫瑰扳手工坊",
      "content": "啊，到出外勤的时间了。好~怎么样~本代表要按你说的，去做代表该做的事咯！"
    },
    {
      "id": 35,
      "content": "孩子把一脸茫然的员工撂在一边，就那样飞奔出了门外。"
    },
    {
      "id": 36,
      "content": "……虽然每个人对于所谓的领导者风范的理解都不尽相同。"
    },
    {
      "id": 37,
      "content": "起码对于那名员工而言，这孩子是个一塌糊涂的代表吧。"
    },
    {
      "id": 38,
      "content": "但是……"
    },
    {
      "id": 39,
      "model": "로쟈",
      "teller": "罗佳",
      "title": "玫瑰扳手工坊",
      "content": "嘿咻~！"
    },
    {
      "id": 40,
      "content": "那孩子在“外勤”方面的实力毋庸置疑。"
    },
    {
      "id": 41,
      "content": "归根结底，正是因为孩子出色的“改良”能力，才有许多人慕名而来……"
    },
    {
      "id": 42,
      "content": "在那之中，正因为她拥有过人的才能和厚脸皮，才能吸引到越来越多顾客，最终坐上了代表的位置。"
    },
    {
      "id": 43,
      "content": "可以说是“败絮其外，金玉其中”吧。"
    },
    {
      "id": 44,
      "model": "로쟈",
      "teller": "罗佳",
      "title": "玫瑰扳手工坊",
      "content": "好……这次的工作就这样结束……哈啊，有没有别的能赚钱的门道啊……"
    },
    {
      "id": 45,
      "content": "虽然那孩子觉得连细枝末节都要讲究十分麻烦，但还是充满了要拼尽全力培养自己的事务所的想法……"
    },
    {
      "id": 46,
      "content": "为了能找到别的工作，她十分热情地搜集着情报。"
    },
    {
      "id": 47,
      "content": "也许多亏如此。"
    },
    {
      "id": 48,
      "model": "로쟈",
      "teller": "罗佳",
      "title": "玫瑰扳手工坊",
      "content": "哦？K公司……是从巢来的委托吗？"
    },
    {
      "id": 49,
      "model": "로쟈",
      "teller": "罗佳",
      "title": "玫瑰扳手工坊",
      "content": "……嗯，不过不是委托改造，而是“废弃工作”吗。嗯，得稍微活动下身体了~"
    },
    {
      "id": 50,
      "content": "那孩子似乎，找到了一份不得了的工作。"
    }
  ]
}