{
  "dataList": [
    {
      "id": 0,
      "model": "로쟈",
      "teller": "罗佳",
      "title": "六协会 4科 科长",
      "content": "来，来！以实！这边哦~"
    },
    {
      "id": 1,
      "model": "이스마엘",
      "teller": "以实玛利",
      "title": "六协会 4科",
      "content": "哈啊，科长。我们已经连续逛了四个小时的美食店了。"
    },
    {
      "id": 2,
      "model": "로쟈",
      "teller": "罗佳",
      "title": "六协会 4科 科长",
      "content": "别叫科长，是·罗·佳。你打算和我见外到什么时候？"
    },
    {
      "id": 3,
      "model": "이스마엘",
      "teller": "以实玛利",
      "title": "六协会 4科",
      "content": "罗、罗佳……小姐。"
    },
    {
      "id": 4,
      "model": "로쟈",
      "teller": "罗佳",
      "title": "六协会 4科 科长",
      "content": "哎呀~算了，这样就够啦~"
    },
    {
      "id": 5,
      "content": "孩子心情似乎不错，短短叹了口气，然后将纸袋里的食物轻巧地塞进了嘴里。"
    },
    {
      "id": 6,
      "content": "她两手拎满了购物袋和纸袋，这让孩子逛过众多店铺的事实一目了然。"
    },
    {
      "id": 7,
      "model": "로쟈",
      "teller": "罗佳",
      "title": "六协会 4科 科长",
      "content": "唔嗯~"
    },
    {
      "id": 8,
      "model": "이스마엘",
      "teller": "以实玛利",
      "title": "六协会 4科",
      "content": "罗佳小姐，请吃完了再说话。"
    },
    {
      "id": 9,
      "model": "로쟈",
      "teller": "罗佳",
      "title": "六协会 4科 科长",
      "content": "嗯姆……哈。那么，接下来！"
    },
    {
      "id": 10,
      "model": "이스마엘",
      "teller": "以实玛利",
      "title": "六协会 4科",
      "content": "我们到底打算照这样逛店到什么时候啊。"
    },
    {
      "id": 11,
      "content": "哒。"
    },
    {
      "id": 12,
      "content": "在她身旁，另一个孩子把手深深地插进口袋，朝着地面重重地叹了口气……"
    },
    {
      "id": 13,
      "content": "然后当场停了下来，一脸不高兴地看着孩子。"
    },
    {
      "id": 14,
      "model": "이스마엘",
      "teller": "以实玛利",
      "title": "六协会 4科",
      "content": "在买了这条巷子里的火腿嘭嘭的限时包子之后，你又买了至少二十个从总店鲜炸出炉的虾多士。还有……"
    },
    {
      "id": 15,
      "model": "로쟈",
      "teller": "罗佳",
      "title": "六协会 4科 科长",
      "content": "青葡萄，橘子，草莓。"
    },
    {
      "id": 16,
      "content": "面对不断发出抱怨声的另一个孩子，这个孩子只是低声……而且十分从容地列举着词语。"
    },
    {
      "id": 17,
      "model": "이스마엘",
      "teller": "以实玛利",
      "title": "六协会 4科",
      "content": "……啊？"
    },
    {
      "id": 18,
      "model": "로쟈",
      "teller": "罗佳",
      "title": "六协会 4科 科长",
      "content": "挑一个吧，以实。青葡萄，橘子，草莓……你想吃哪种？"
    },
    {
      "id": 19,
      "content": "孩子把白色纸袋摆弄得哗哗作响的同时，眼中闪烁着明亮的光芒。"
    },
    {
      "id": 20,
      "content": "……那是充满了必胜的坚定信念的目光。"
    },
    {
      "id": 21,
      "model": "이스마엘",
      "teller": "以实玛利",
      "title": "六协会 4科",
      "content": "你觉得食物能收买到我吗……"
    },
    {
      "id": 22,
      "model": "로쟈",
      "teller": "罗佳",
      "title": "六协会 4科 科长",
      "content": "我全都知道哦，以实。"
    },
    {
      "id": 23,
      "model": "로쟈",
      "teller": "罗佳",
      "title": "六协会 4科 科长",
      "content": "你从刚才开始，就一直盯着这个装着糖葫芦的袋子吧。"
    },
    {
      "id": 24,
      "model": "이스마엘",
      "teller": "以实玛利",
      "title": "六协会 4科",
      "content": "哈……"
    },
    {
      "id": 25,
      "model": "로쟈",
      "teller": "罗佳",
      "title": "六协会 4科 科长",
      "content": "来，我可以让你比其他孩子们先挑……"
    },
    {
      "id": 26,
      "model": "로쟈",
      "teller": "罗佳",
      "title": "六协会 4科 科长",
      "content": "而且，我们一会去吃牛肉面吧……如何？"
    },
    {
      "id": 27,
      "model": "이스마엘",
      "teller": "以实玛利",
      "title": "六协会 4科",
      "content": "……橘子。"
    },
    {
      "id": 28,
      "model": "로쟈",
      "teller": "罗佳",
      "title": "六协会 4科 科长",
      "content": "给~请用！"
    },
    {
      "id": 29,
      "content": "……孩子的怀柔之策总是完美的。"
    },
    {
      "id": 30,
      "content": "这不仅适用于眼下的情况，在整个协会内……特别是在4科中，它也总能在调解所有冲突上发挥重要作用。"
    },
    {
      "id": 31,
      "content": "与其他协会相比，六协会之所以被认为拥有更加和谐的氛围，也许是因为六协会在有意识地优先将这样的孩子们安排到科长的职位上。"
    },
    {
      "id": 32,
      "content": "当然，如果与那些纯粹凭靠实力而被选为协会科长的人进行一对一比较，她可能会稍显不足……"
    },
    {
      "id": 33,
      "content": "即便如此，孩子也不是仅仅因为拥有良好的亲和力就能当上科长的。"
    },
    {
      "id": 34,
      "model": "로쟈",
      "teller": "罗佳",
      "title": "六协会 4科 科长",
      "content": "哈啊！"
    },
    {
      "id": 35,
      "content": "孩子周围空无一人。只余那个即将被孩子的手刀贯穿的敌方头目。"
    },
    {
      "id": 36,
      "content": "而这意味着两件事实。"
    },
    {
      "id": 37,
      "content": "其一，是那些小喽啰们无法干扰孩子的战斗。"
    },
    {
      "id": 38,
      "content": "其二，则是孩子的部下们依照命令，创建了一个仅供自己的领袖和敌方领袖……一对一决斗的战场。"
    },
    {
      "id": 39,
      "model": "료슈",
      "teller": "良秀",
      "title": "六协会 4科",
      "content": "杂·扫。"
    },
    {
      "id": 40,
      "model": "이스마엘",
      "teller": "以实玛利",
      "title": "六协会 4科",
      "content": "科长！像往常一样，我们把他们全部解决了！"
    },
    {
      "id": 41,
      "model": "로쟈",
      "teller": "罗佳",
      "title": "六协会 4科 科长",
      "content": "哈~又不用名字叫我，真见外！"
    },
    {
      "id": 42,
      "content": "虽然她这么说，但孩子的目光却没有从眼前的帮派头目身上移开。"
    },
    {
      "id": 43,
      "model": "로쟈",
      "teller": "罗佳",
      "title": "六协会 4科 科长",
      "content": "不论如何~既然你叫我科长，那我也该像科长一样处理这件事了吧？"
    },
    {
      "id": 44,
      "content": "孩子利落地刺穿了因受到无数次攻击而千疮百孔的敌将的心窝。"
    },
    {
      "id": 45,
      "model": "이스마엘",
      "teller": "以实玛利",
      "title": "六协会 4科",
      "content": "好了……你们的老大已经人头落地咯。就算这样你们还打算继续战斗吗？"
    },
    {
      "id": 46,
      "model": "???",
      "teller": "？？？",
      "title": "？？？",
      "content": "咕唔……妈的！"
    },
    {
      "id": 47,
      "content": "在如此大规模的战斗中，领袖被打倒也就意味着其所率领团体的瓦解。"
    },
    {
      "id": 48,
      "content": "士气低落的敌人缓缓向后退去，之后便全都四散而逃了。"
    },
    {
      "id": 49,
      "model": "로쟈",
      "teller": "罗佳",
      "title": "六协会 4科 科长",
      "content": "呼~今天也完美结束了！"
    },
    {
      "id": 50,
      "content": "六协会向来如此，先以全面战的形式牵制对方的行动，再由科长级别的人物消灭对方的首领，从而在大规模的战斗中取得成功。"
    },
    {
      "id": 51,
      "content": "但是，反过来说……他们也无法应对自己的领袖被打败的情况。"
    },
    {
      "id": 52,
      "content": "至于那时会如何……那个，看来现在是没有提及的必要了。"
    },
    {
      "id": 53,
      "content": "当窥探那种故事发生的世界的时机到来时，自然而然就会明白的吧。"
    }
  ]
}