{
  "dataList": [
    {
      "id": 0,
      "content": "起初……我们是幸福的。"
    },
    {
      "id": 1,
      "content": "虽然父亲总是说些有关梦的胡话……但他也是位相当令人愉快的人。"
    },
    {
      "id": 2,
      "content": "不过……如果就那么冷淡地听着这些故事活下去，我想也不坏。"
    },
    {
      "id": 3,
      "content": "虽然我作为人类时的记忆已经一丝不剩了，但现在大概要比那时候快乐。"
    },
    {
      "id": 4,
      "content": "所以，我才会决定成为他的眷属吧。"
    },
    {
      "id": 5,
      "content": "……或者，我是被永葆美貌这句话所吸引了。"
    },
    {
      "id": 6,
      "content": "我创造了自己的眷属……子嗣们，在他们一个个增多后，我似乎也多少理解了父亲的心情。"
    },
    {
      "id": 7,
      "content": "他也希望我们能幸福快乐地生活。"
    },
    {
      "id": 8,
      "content": "正因他起初是孤独的，所以才想要将那种情绪从我们身上驱散。"
    },
    {
      "id": 9,
      "content": "我曾是那么想的。"
    },
    {
      "id": 10,
      "content": "直到不知从何而来的旅者到访了城堡，用令人作呕的话语教唆父亲，让他接受了自己的梦想能够变成现实。"
    },
    {
      "id": 11,
      "content": "……桑丘。"
    },
    {
      "id": 12,
      "content": "父亲一直说我和桑丘是姐妹，想让我们好好相处。"
    },
    {
      "id": 13,
      "content": "所幸，我们彼此都不是那种自来熟的性格，所以保持着适当的距离……"
    },
    {
      "id": 14,
      "content": "然而，我还是信任着那个人的力量与能力……以及她那比父亲更为现实的观点。"
    },
    {
      "id": 15,
      "content": "桑丘……嘛，虽然她手下没有子嗣，但也没在照顾我的眷属们时表现出厌恶的样子。"
    },
    {
      "id": 16,
      "content": "……不夸张地说，这份计划正是因为那模糊的距离感才得以实现。"
    },
    {
      "id": 17,
      "content": "虽然我们同为二代眷属，但我可以把家人们以及自己的眷属谱系暂时交给她……这样我就能专注于计划上了。"
    },
    {
      "id": 18,
      "content": "父亲最终失去了理智，拆掉了真正的城堡，建起了奇怪的游乐园。"
    },
    {
      "id": 19,
      "content": "说着能和人类……一同生存下去的疯话，简直就是痴人说梦。"
    },
    {
      "id": 20,
      "content": "他说，哪怕有着温热流淌的血液正在眼前闲逛，我们也必须接过袋子中的血……"
    },
    {
      "id": 21,
      "content": "即使是依靠甚至连蜡笔都不如的味道，也要勉强延续生命。"
    },
    {
      "id": 22,
      "content": "他下令，今后为了创造血魔能和人类共存的未来……所有的眷属们都要过着连血袋都不如的生活。"
    },
    {
      "id": 23,
      "content": "他的眼神……似乎说着只要能做梦，哪怕连对血的渴望也能忍受。"
    },
    {
      "id": 24,
      "content": "啊啊……但是欲望竟然是如此强烈的东西。"
    },
    {
      "id": 25,
      "content": "从来没想过要忤逆的我，却因为饥饿而计划做出不孝之举。"
    },
    {
      "id": 26,
      "content": "不。或许我只是没有父亲那样追逐梦的力量。"
    },
    {
      "id": 27,
      "content": "……某位行商总是会来游乐园。"
    },
    {
      "id": 28,
      "content": "父亲是位天真到可怜的人……哪怕他带着假的遗物来行骗，父亲也很容易就会相信，再买下那些东西。"
    },
    {
      "id": 29,
      "content": "但他并不是只会带来假货。"
    },
    {
      "id": 30,
      "content": "有时候桑丘和我会瞒着父亲威胁他，第二天他就一定会带来真的遗物。"
    },
    {
      "id": 31,
      "content": "所以我……在某个饥肠辘辘的日子里，向他打听那传说中的遗物的下落。"
    },
    {
      "id": 32,
      "content": "“你知道那个戴上就能和周围的所有人平等的，传说中的……曼布里诺头盔吗？”"
    },
    {
      "id": 33,
      "content": "那个盗墓贼没法想象我们会把那个头盔用在哪里吧？"
    },
    {
      "id": 34,
      "content": "当然不可能。"
    },
    {
      "id": 35,
      "content": "就像我们一辈子无法理解、融入人类一样……"
    },
    {
      "id": 36,
      "content": "他们也同样不可能理解我们吧。"
    },
    {
      "id": 37,
      "content": "格里高尔。那孩子说并不是那样的，还说人类看我们的眼神也在逐渐改变……"
    },
    {
      "id": 38,
      "content": "但是……我从上面俯瞰到了一切。"
    },
    {
      "id": 39,
      "content": "不论是那些脸上洋溢着笑容，幸福地仰望着游行中的我的人们……"
    },
    {
      "id": 40,
      "content": "还是那些混在其中，今天也因饥饿而眼神空洞摇曳着的血魔们。"
    },
    {
      "id": 41,
      "content": "不论人类的视线是否有所变化。"
    },
    {
      "id": 42,
      "content": "那些都已经不重要了。"
    },
    {
      "id": 43,
      "content": "不论如何……我和我的子嗣们饿了。"
    },
    {
      "id": 44,
      "content": "此外……桑丘也觉得，不能再放任父亲的行动以及人类的花言巧语了。"
    },
    {
      "id": 45,
      "content": "终于……嘉年华所需的一切都准备完毕了。"
    },
    {
      "id": 46,
      "content": "是时候从这衔着尾巴，只是永远在一个地方巡回的游行中脱离出来……"
    },
    {
      "id": 47,
      "content": "开始真正的血之庆典了。"
    },
    {
      "id": 48,
      "content": "啊啊……"
    },
    {
      "id": 49,
      "content": "一定，会很美吧。"
    }
  ]
}