{
  "dataList": [
    {
      "id": 0,
      "model": "로쟈",
      "teller": "罗佳",
      "title": "Девять协会 北部3科",
      "content": "亲爱的，你也真是个怪人呢~"
    },
    {
      "id": 1,
      "model": "로쟈",
      "teller": "罗佳",
      "title": "Девять协会 北部3科",
      "content": "我没想到你竟然会跟到这么冷，还只有暴风雪在吹着的地方。"
    },
    {
      "id": 2,
      "teller": "记者",
      "title": "？？？",
      "content": "请把它当成我的……职业精神。"
    },
    {
      "id": 3,
      "content": "记者吸着鼻子，紧紧握着笔记本，用颤抖的声音回答道。"
    },
    {
      "id": 4,
      "content": "这里是都市北部……而且是大部分时间都被肆虐着暴风雪的严寒所支配的后巷。"
    },
    {
      "id": 5,
      "content": "即便是一贫如洗之人，也绝不会想在如此……冰冷刺骨的地方入眠。"
    },
    {
      "id": 6,
      "content": "在这种地方，只有孩子和同事……以及一位记者踱步着。"
    },
    {
      "id": 7,
      "model": "로쟈",
      "teller": "罗佳",
      "title": "Девять协会 北部3科",
      "content": "嗯……不过，虽然Девять协会过分出名啦，但大家却不太清楚我们是怎么工作的吧？"
    },
    {
      "id": 8,
      "teller": "记者",
      "title": "？？？",
      "content": "没错！大多数人只知道……你们是负责将价格不菲且贵重的物品派送到任何地方的协会。"
    },
    {
      "id": 9,
      "model": "로쟈",
      "teller": "罗佳",
      "title": "Девять协会 北部3科",
      "content": "就是啊~在都市中，普通的派送一般都是交给附近的公司或事务所的。"
    },
    {
      "id": 10,
      "teller": "记者",
      "title": "？？？",
      "content": "但也说明这是非常危险的工作吧？还有很多其他协会，为什么要……"
    },
    {
      "id": 11,
      "model": "로쟈",
      "teller": "罗佳",
      "title": "Девять协会 北部3科",
      "content": "嗯~因为给的钱很多吧？"
    },
    {
      "id": 12,
      "content": "……虽然孩子说一般情况下收入不错并不假。"
    },
    {
      "id": 13,
      "content": "但孩子也特意省略了进入Девять协会的人大多都是从陷入债务困境的收尾人中强制挑选出来的事实。"
    },
    {
      "id": 14,
      "content": "因为她有意不想谈论起自己那一团糟的过去。"
    },
    {
      "id": 15,
      "model": "로쟈",
      "teller": "罗佳",
      "title": "Девять协会 北部3科",
      "content": "……哦，风稍微小了点吧？"
    },
    {
      "id": 16,
      "model": "로쟈",
      "teller": "罗佳",
      "title": "Девять协会 北部3科",
      "content": "各位！在这里稍微休息一下吧。饭也一并吃完比较好吧？"
    },
    {
      "id": 17,
      "content": "孩子朝着周围的同事们喊道，所有人都短叹了口气，伸手去拿派送包。"
    },
    {
      "id": 18,
      "teller": "记者",
      "title": "？？？",
      "content": "哦……！这就是传闻中的派送箱吧？"
    },
    {
      "id": 19,
      "model": "로쟈",
      "teller": "罗佳",
      "title": "Девять协会 北部3科",
      "content": "虽然大家都这么叫……但这只不过是个派送包罢了。装这个那个的时候很方便……嘿呀！"
    },
    {
      "id": 20,
      "teller": "波鲁德尼察",
      "title": "派送箱",
      "content": "[确认到在派送坐标外的锁定解除。]"
    },
    {
      "id": 21,
      "model": "로쟈",
      "teller": "罗佳",
      "title": "Девять协会 北部3科",
      "content": "嘘，安静点。"
    },
    {
      "id": 22,
      "teller": "记者",
      "title": "？？？",
      "content": "包说话……啊！是靠人工智能运作的吧？"
    },
    {
      "id": 23,
      "content": "虽然在都市中，拥有与人类同水平自我意识的人工智能从很久以前就被禁止了……"
    },
    {
      "id": 24,
      "content": "但反过来说，达不到那种水平的助理人工智能的应用就十分普遍了。"
    },
    {
      "id": 25,
      "content": "孩子轻轻敲着的那个包正好就承担了那种程度的业务辅助作用。"
    },
    {
      "id": 26,
      "model": "로쟈",
      "teller": "罗佳",
      "title": "Девять协会 北部3科",
      "content": "嗯~这家伙的名字是波鲁德尼察。世间还不怎么知道这个吧？"
    },
    {
      "id": 27,
      "teller": "记者",
      "title": "？？？",
      "content": "哦！对、对！波鲁……德尼察。我听说Девять协会的收尾人们会频繁和包对话……原来是这样啊。"
    },
    {
      "id": 28,
      "teller": "记者",
      "title": "？？？",
      "content": "我们还以为你们是因为在这么艰险的地方来回奔波，精神完全崩溃了呢！"
    },
    {
      "id": 29,
      "model": "로쟈",
      "teller": "罗佳",
      "title": "Девять协会 北部3科",
      "content": "……没想到我们会背上这样的污名。"
    },
    {
      "id": 30,
      "content": "孩子叹出了一口白气，从包里拿出了什么东西。"
    },
    {
      "id": 31,
      "content": "虽然它在刚开始被拿出来的时候比半个豆子还要小，但随着手伸出包外渐渐变大……"
    },
    {
      "id": 32,
      "content": "很快便变成了手掌一般大的能量棒。"
    },
    {
      "id": 33,
      "teller": "记者",
      "title": "？？？",
      "content": "果然，这不是单纯的包啊！"
    },
    {
      "id": 34,
      "model": "로쟈",
      "teller": "罗佳",
      "title": "Девять协会 北部3科",
      "content": "毕竟我们是协会嘛~你可以把比这包大五倍的东西都给装进去。"
    },
    {
      "id": 35,
      "model": "로쟈",
      "teller": "罗佳",
      "title": "Девять协会 北部3科",
      "content": "此外，如果是重达数百千克的东西，只要装进去就感觉不到它的重量了。"
    },
    {
      "id": 36,
      "teller": "记者",
      "title": "？？？",
      "content": "如扭曲空间一般自如变化尺寸……感觉不到其中物体的质量……嗯……原来如此！"
    },
    {
      "id": 37,
      "model": "로쟈",
      "teller": "罗佳",
      "title": "Девять协会 北部3科",
      "content": "你、你说的词好难懂啊……我记得之前写南部Dieci协会特别报道的人的文笔会更加感性。"
    },
    {
      "id": 38,
      "teller": "记者",
      "title": "？？？",
      "content": "啊，我是在北部学理工科的。正因如此，我被主编训斥过好几次，让我把报道写得简单易懂一点……哈哈。"
    },
    {
      "id": 39,
      "model": "로쟈",
      "teller": "罗佳",
      "title": "Девять协会 北部3科",
      "content": "……吃、吃根能量棒吗？"
    },
    {
      "id": 40,
      "teller": "波鲁德尼察",
      "title": "派送箱",
      "content": "[注意。不推荐存储派送货品以外的未许可物品。]"
    },
    {
      "id": 41,
      "teller": "记者",
      "title": "？？？",
      "content": "那个……波鲁德尼察似乎说不太行欸？"
    },
    {
      "id": 42,
      "model": "로쟈",
      "teller": "罗佳",
      "title": "Девять协会 北部3科",
      "content": "啊，别在意。协会也清楚这些情况……去这么艰险的地方的时候会睁一只眼闭一只眼。"
    },
    {
      "id": 43,
      "model": "로쟈",
      "teller": "罗佳",
      "title": "Девять协会 北部3科",
      "content": "毕竟……准时完成派送对我们来说才是最重要的。"
    },
    {
      "id": 44,
      "content": "记者立刻注意到孩子的目光和声调阴沉了一瞬。"
    },
    {
      "id": 45,
      "teller": "记者",
      "title": "？？？",
      "content": "要是派送迟到了……会怎么样？"
    },
    {
      "id": 46,
      "model": "로쟈",
      "teller": "罗佳",
      "title": "Девять协会 北部3科",
      "content": "又是在伤口上撒盐一般的问题呢……那会……"
    },
    {
      "id": 47,
      "content": "就在那时，像是什么东西冲过来的声响从黑暗中穿透而来。"
    },
    {
      "id": 48,
      "teller": "记者",
      "title": "？？？",
      "content": "哦哦……"
    },
    {
      "id": 49,
      "teller": "波鲁德尼察",
      "title": "派送箱",
      "content": "[检测到敌对势力。波鲁德尼察，强力派送模式启动。]"
    },
    {
      "id": 50,
      "model": "로쟈",
      "teller": "罗佳",
      "title": "Девять协会 北部3科",
      "content": "哈啊，说什么就来什么。暴风雪刚一减弱，小偷们就立马行动起来了。"
    },
    {
      "id": 51,
      "content": "孩子把剩下半根能量棒塞进嘴里，甩起放在地上当作椅子的派送包，搭在了肩膀上。"
    },
    {
      "id": 52,
      "model": "로쟈",
      "teller": "罗佳",
      "title": "Девять协会 北部3科",
      "content": "波鲁，释放破裂能量~"
    },
    {
      "id": 53,
      "teller": "波鲁德尼察",
      "title": "派送箱",
      "content": "[批准。请确认放出口附近不存在威胁因素。]"
    },
    {
      "id": 54,
      "model": "로쟈",
      "teller": "罗佳",
      "title": "Девять协会 北部3科",
      "content": "但是附近只有威胁因素啊？"
    },
    {
      "id": 55,
      "content": "话音刚落，巨大的刀刃发出咔嚓咔嚓的声音，从孩子背着的包的一端弹了出来。"
    },
    {
      "id": 56,
      "content": "记者还没来得及问什么，她就向着前方冲过来的敌人挥舞起派送包。"
    },
    {
      "id": 57,
      "teller": "记者",
      "title": "？？？",
      "content": "哦哦……"
    },
    {
      "id": 58,
      "model": "로쟈",
      "teller": "罗佳",
      "title": "Девять协会 北部3科",
      "content": "……你啊，还是躲起来比较好。难道不害怕吗？"
    },
    {
      "id": 59,
      "teller": "记者",
      "title": "？？？",
      "content": "不怕！因为我专门负责危险地点，所以经常能见到这样的场景。"
    },
    {
      "id": 60,
      "model": "로쟈",
      "teller": "罗佳",
      "title": "Девять协会 北部3科",
      "content": "生活艰辛啊……"
    },
    {
      "id": 61,
      "teller": "记者",
      "title": "？？？",
      "content": "还有！我所负责的采访对象都很强，所以我也没遇到过什么危险。"
    },
    {
      "id": 62,
      "content": "……虽然并非如此，但这也是记者为了得到优质信息而培养出的一种处世方法。"
    },
    {
      "id": 63,
      "model": "로쟈",
      "teller": "罗佳",
      "title": "Девять协会 北部3科",
      "content": "嗯，你很擅长拍马屁嘛~"
    },
    {
      "id": 64,
      "model": "로쟈",
      "teller": "罗佳",
      "title": "Девять协会 北部3科",
      "content": "好！我再告诉你点东西吧。"
    },
    {
      "id": 65,
      "content": "孩子继续和同事们挥舞着巨大的包，同时说道。"
    },
    {
      "id": 66,
      "model": "로쟈",
      "teller": "罗佳",
      "title": "Девять协会 北部3科",
      "content": "这个喋喋不休的混蛋包！每次都在我们派送！要迟到的时候！"
    },
    {
      "id": 67,
      "teller": "小偷",
      "title": "？？？",
      "content": "咕啊……"
    },
    {
      "id": 68,
      "model": "로쟈",
      "teller": "罗佳",
      "title": "Девять协会 北部3科",
      "content": "说着再不快送！就危险了！然后协助我们！"
    },
    {
      "id": 69,
      "model": "로쟈",
      "teller": "罗佳",
      "title": "Девять协会 北部3科",
      "content": "所以……我会尽可能快地去派送！"
    },
    {
      "id": 70,
      "teller": "记者",
      "title": "？？？",
      "content": "原来如此！"
    },
    {
      "id": 71,
      "teller": "记者",
      "title": "？？？",
      "content": "啊，所以为什么会危险呢……"
    },
    {
      "id": 72,
      "model": "로쟈",
      "teller": "罗佳",
      "title": "Девять协会 北部3科",
      "content": "……嗯。"
    },
    {
      "id": 73,
      "model": "로쟈",
      "teller": "罗佳",
      "title": "Девять协会 北部3科",
      "content": "迟到了就会被上司骂的。啊哈哈。"
    },
    {
      "id": 74,
      "teller": "记者",
      "title": "？？？",
      "content": "原、原来如此……"
    },
    {
      "id": 75,
      "content": "孩子的话，和事实不同。"
    },
    {
      "id": 76,
      "content": "随着时间被夺走得越来越多，包所释放的能量也会越来越强……"
    },
    {
      "id": 77,
      "content": "而最终连自己都会受到那能量的伤害，死去的地方只会剩下一只包。"
    },
    {
      "id": 78,
      "model": "로쟈",
      "teller": "罗佳",
      "title": "Девять协会 北部3科",
      "content": "什么，你以为会发生其他什么事情吗？大家都是因为不想被骂而工作的吧？"
    },
    {
      "id": 79,
      "content": "但是……不见得非要让这件事情被人知晓。"
    },
    {
      "id": 80,
      "content": "因为这会显露出她对这只包，这个波鲁德尼察曾经有过多少代使用者……"
    },
    {
      "id": 81,
      "content": "或者自己可能也会成为“前使用者”这种事情的不安感……"
    },
    {
      "id": 82,
      "content": "还是不要有意让它登上报道为好。"
    }
  ]
}