{
  "dataList": [
    {
      "id": 0,
      "model": "로쟈",
      "teller": "罗佳",
      "title": "Dieci协会 4科",
      "content": "“精神食粮”。"
    },
    {
      "id": 1,
      "model": "로쟈",
      "teller": "罗佳",
      "title": "Dieci协会 4科",
      "content": "我很喜欢这本书的书名。"
    },
    {
      "id": 2,
      "model": "로쟈",
      "teller": "罗佳",
      "title": "Dieci协会 4科",
      "content": "想想看。心灵的餐食……最好得是一顿用心的大餐，你意下如何？反正他们是这么讲的。"
    },
    {
      "id": 3,
      "teller": "记者",
      "title": "？？？",
      "content": "所以这就是您为什么……"
    },
    {
      "id": 4,
      "teller": "记者",
      "title": "？？？",
      "content": "……正在图书馆里吃饭？"
    },
    {
      "id": 5,
      "model": "로쟈",
      "teller": "罗佳",
      "title": "Dieci协会 4科",
      "content": "对。"
    },
    {
      "id": 6,
      "model": "로쟈",
      "teller": "罗佳",
      "title": "Dieci协会 4科",
      "content": "慢着，不对。拜托你用词一定要准确点啊，模糊不清的话就会造成困惑和误解。"
    },
    {
      "id": 7,
      "model": "로쟈",
      "teller": "罗佳",
      "title": "Dieci协会 4科",
      "content": "我是在吃“点心”。"
    },
    {
      "id": 8,
      "teller": "记者",
      "title": "？？？",
      "content": "……好吧……"
    },
    {
      "id": 9,
      "model": "로쟈",
      "teller": "罗佳",
      "title": "Dieci协会 4科",
      "content": "你看，这地方是图书馆。你可以在这里找到各式各类的“精神食粮”……换而言之，这地方可到处都是“食物”。我的意思就是，这地方本质上简直就是一家餐馆！"
    },
    {
      "id": 10,
      "model": "로쟈",
      "teller": "罗佳",
      "title": "Dieci协会 4科",
      "content": "总之呢，在这里稍微吃点零食也不为过！"
    },
    {
      "id": 11,
      "teller": "记者",
      "title": "？？？",
      "content": "好吧，感谢您的配合。我想本次访谈可以就到此为止了。与您的“精神食粮”不同，本次访谈严重缺乏实质性内容。"
    },
    {
      "id": 12,
      "teller": "记者",
      "title": "？？？",
      "content": "我会告诉管理员，我与您进行了一次收获颇丰的访谈，内容是关于Dieci协会及其掌管下的一家供应着都市各地佳肴的超大型餐馆。这样如何？"
    },
    {
      "id": 13,
      "model": "로쟈",
      "teller": "罗佳",
      "title": "Dieci协会 4科",
      "content": "喔，别啊！我错了，我错了！！我会认真起来的，可千万别告诉管理员姐姐这些……好不？"
    },
    {
      "id": 14,
      "teller": "记者",
      "title": "？？？",
      "content": "……唉。"
    },
    {
      "id": 15,
      "model": "로쟈",
      "teller": "罗佳",
      "title": "Dieci协会 4科",
      "content": "好了……那么，你想知道Dieci协会本质上是什么样的协会吗？"
    },
    {
      "id": 16,
      "teller": "记者",
      "title": "？？？",
      "content": "是的。嗯……我知道它特化于“知识”的积累。"
    },
    {
      "id": 17,
      "teller": "记者",
      "title": "？？？",
      "content": "嗯……也是。听罗佳女士说说这是个怎样的协会也不错。"
    },
    {
      "id": 18,
      "model": "로쟈",
      "teller": "罗佳",
      "title": "Dieci协会 4科",
      "content": "嗯……怎样的协会吗……"
    },
    {
      "id": 19,
      "model": "로쟈",
      "teller": "罗佳",
      "title": "Dieci协会 4科",
      "content": "这地方就像……家一样。"
    },
    {
      "id": 20,
      "model": "로쟈",
      "teller": "罗佳",
      "title": "Dieci协会 4科",
      "content": "相信你们已经知道了Dieci协会会收留并抚养无亲无故的孩子长大成人，对吧？"
    },
    {
      "id": 21,
      "teller": "记者",
      "title": "？？？",
      "content": "没错，我知道。对于公众而言，贵协会被誉为“慈善救济协会”。"
    },
    {
      "id": 22,
      "model": "로쟈",
      "teller": "罗佳",
      "title": "Dieci协会 4科",
      "content": "我就是因此而来到这里的~我已经不记得那是啥时候的事儿了。"
    },
    {
      "id": 23,
      "model": "로쟈",
      "teller": "罗佳",
      "title": "Dieci协会 4科",
      "content": "在那之前，我靠从街上捡来的沾满灰尘的陈腐面包为生……剥下我死去的朋友身上的衣服做成被褥……我确实有过这样一段经历。"
    },
    {
      "id": 24,
      "teller": "记者",
      "title": "？？？",
      "content": "咳咳……"
    },
    {
      "id": 25,
      "model": "로쟈",
      "teller": "罗佳",
      "title": "Dieci协会 4科",
      "content": "啊，这些对你来说太黑暗了吗？"
    },
    {
      "id": 26,
      "model": "로쟈",
      "teller": "罗佳",
      "title": "Dieci协会 4科",
      "content": "不过，总之。他们收留了我，赐予了我体面的生活。不过作为这个协会的一员我得要拼命学习才行，这点确实有点烦人。"
    },
    {
      "id": 27,
      "teller": "记者",
      "title": "？？？",
      "content": "尽管如此，您也已经升到4科了。这也就说明您一直在努力向上。您看起来并不像是个只知道用“物质食粮”填满自己的人。"
    },
    {
      "id": 28,
      "model": "로쟈",
      "teller": "罗佳",
      "title": "Dieci协会 4科",
      "content": "哈~我不清楚，我好像也没那么努力学习~我肯定是天赋异禀，嘿嘿~"
    },
    {
      "id": 29,
      "teller": "记者",
      "title": "？？？",
      "content": "……"
    },
    {
      "id": 30,
      "model": "로쟈",
      "teller": "罗佳",
      "title": "Dieci协会 4科",
      "content": "不过要我说的话，学习也并不完全是枯燥乏味的。"
    },
    {
      "id": 31,
      "model": "로쟈",
      "teller": "罗佳",
      "title": "Dieci协会 4科",
      "content": "因为……知识越多，我就越强。"
    },
    {
      "id": 32,
      "teller": "记者",
      "title": "？？？",
      "content": "我曾听说过。您所积累的知识越多，实际上掌握的力量就会变得越强……"
    },
    {
      "id": 33,
      "model": "로쟈",
      "teller": "罗佳",
      "title": "Dieci协会 4科",
      "content": "哼哼。有着亘古不变的真理支持守护着我。我当然可以毫不费力地把那些蠢货打得落花流水。"
    },
    {
      "id": 34,
      "model": "로쟈",
      "teller": "罗佳",
      "title": "Dieci协会 4科",
      "content": "有些白痴会低估Dieci协会的收尾人，当听到我们来了的时候，他们还以为会跟一群书呆子打架呢。"
    },
    {
      "id": 35,
      "teller": "记者",
      "title": "？？？",
      "content": "……所以他们这算是轻视贵协会了。这不会令您感到恼火吗？"
    },
    {
      "id": 36,
      "model": "로쟈",
      "teller": "罗佳",
      "title": "Dieci协会 4科",
      "content": "并不会！实际上……会让事情变得更加有趣。"
    },
    {
      "id": 37,
      "model": "로쟈",
      "teller": "罗佳",
      "title": "Dieci协会 4科",
      "content": "每当他们胆敢轻视我们，我的圣带就会焕发出充满力量的光芒……随后我的拳头就会对这些无知者降下审判。"
    },
    {
      "id": 38,
      "model": "로쟈",
      "teller": "罗佳",
      "title": "Dieci协会 4科",
      "content": "这些都是可以让那些并不了解Dieci协会真正实力的愚昧无知者们认识到我们与他们之间的知识鸿沟的大好时机。"
    },
    {
      "id": 39,
      "model": "로쟈",
      "teller": "罗佳",
      "title": "Dieci协会 4科",
      "content": "难道不是吗？"
    }
  ]
}