{
  "dataList": [
    {
      "id": 0,
      "model": "로쟈",
      "teller": "罗佳",
      "title": "Zwei协会 5科",
      "content": "嘿~"
    },
    {
      "id": 1,
      "model": "히스클리프",
      "teller": "希斯克利夫",
      "title": "Zwei协会 5科",
      "content": "……"
    },
    {
      "id": 2,
      "model": "로쟈",
      "teller": "罗佳",
      "title": "Zwei协会 5科",
      "content": "我在跟你说话呢，希斯克利夫。"
    },
    {
      "id": 3,
      "model": "히스클리프",
      "teller": "希斯克利夫",
      "title": "Zwei协会 5科",
      "content": "……咋了。"
    },
    {
      "id": 4,
      "content": "这是都市中阳光明媚的一天。"
    },
    {
      "id": 5,
      "content": "那孩子坐在长椅上，戴着一副漆黑的墨镜。"
    },
    {
      "id": 6,
      "content": "在她旁边的坐着的，是认为自己没有丝毫可疑之处的另一个孩子。"
    },
    {
      "id": 7,
      "model": "로쟈",
      "teller": "罗佳",
      "title": "Zwei协会 5科",
      "content": "你真的认为这么做看起来不可疑吗？"
    },
    {
      "id": 8,
      "model": "히스클리프",
      "teller": "希斯克利夫",
      "title": "Zwei协会 5科",
      "content": "……如果你不对我一直叨叨扰扰的话就是了。咋了，有意见吗？"
    },
    {
      "id": 9,
      "model": "로쟈",
      "teller": "罗佳",
      "title": "Zwei协会 5科",
      "content": "嗯，确实有。在这年头，谁还会像这样伸着胳膊看报纸呢？"
    },
    {
      "id": 10,
      "model": "히스클리프",
      "teller": "希斯克利夫",
      "title": "Zwei协会 5科",
      "content": "……唔。"
    },
    {
      "id": 11,
      "model": "로쟈",
      "teller": "罗佳",
      "title": "Zwei协会 5科",
      "content": "只是埋头看报就算了。为什么你还总是透过报纸偷瞟？"
    },
    {
      "id": 12,
      "model": "로쟈",
      "teller": "罗佳",
      "title": "Zwei协会 5科",
      "content": "你会把我们的VIP吓跑的。懂吗？"
    },
    {
      "id": 13,
      "content": "那孩子一边责备她的同事一边长长地叹了口气。"
    },
    {
      "id": 14,
      "content": "这两个孩子正在执行一项盯梢任务。具体来说叫作“保护指定人员”，一种Zwei协会的工作类别。"
    },
    {
      "id": 15,
      "content": "众做周知，Zwei协会负责客户的保护工作，但真正了解其工作细节的人并不多。"
    },
    {
      "id": 16,
      "content": "盯梢保护就是其中之一：为那些希望在不影响日常生活的情况下得到保护的人提供服务。"
    },
    {
      "id": 17,
      "model": "로쟈",
      "teller": "罗佳",
      "title": "Zwei协会 5科",
      "content": "哈……没有什么事发生吗~在这里坐着发呆实在太无聊了。"
    },
    {
      "id": 18,
      "content": "但是，这孩子显得相当不满。"
    },
    {
      "id": 19,
      "content": "这也可以理解，她之所以被指派从事保护指定人员的工作，只是因为她在不熟悉的环境中可以表现得很自然……"
    },
    {
      "id": 20,
      "content": "并不是因为这本就是她想做的。"
    },
    {
      "id": 21,
      "model": "로쟈",
      "teller": "罗佳",
      "title": "Zwei协会 5科",
      "content": "唉……我应该要选别的工作才是。但这在文件上描述得太酷了……"
    },
    {
      "id": 22,
      "content": "……也许这孩子也不是完全没错。"
    },
    {
      "id": 23,
      "model": "히스클리프",
      "teller": "希斯克利夫",
      "title": "Zwei协会 5科",
      "content": "……等下，他开始移动了？"
    },
    {
      "id": 24,
      "model": "로쟈",
      "teller": "罗佳",
      "title": "Zwei协会 5科",
      "content": "诶？他应该再在那待上一个小时或……喂！"
    },
    {
      "id": 25,
      "content": "她旁边的孩子站了起来，并把报纸揉成一团。"
    },
    {
      "id": 26,
      "model": "로쟈",
      "teller": "罗佳",
      "title": "Zwei协会 5科",
      "content": "好啊~终于有事发生了！"
    },
    {
      "id": 27,
      "model": "히스클리프",
      "teller": "希斯克利夫",
      "title": "Zwei协会 5科",
      "content": "哈，说啥来啥……"
    },
    {
      "id": 28,
      "content": "一个兴奋的孩子，和一个沮丧的孩子……"
    },
    {
      "id": 29,
      "content": "二人以巧妙的速度走到VIP的身后。"
    },
    {
      "id": 30,
      "teller": "可疑的交易者",
      "title": "？？？",
      "content": "……嘿。"
    },
    {
      "id": 31,
      "teller": "老实的VIP",
      "title": "？？？",
      "content": "嘿？"
    },
    {
      "id": 32,
      "teller": "可疑的交易者",
      "title": "？？？",
      "content": "你还没明白现在是什么情况吗？"
    },
    {
      "id": 33,
      "teller": "可疑的交易者",
      "title": "？？？",
      "content": "你现在受到威胁了，明白吗~？"
    },
    {
      "id": 34,
      "teller": "老实的VIP",
      "title": "？？？",
      "content": "什、什么？我只是来见交付合同款项的人……"
    },
    {
      "id": 35,
      "teller": "可疑的交易者",
      "title": "？？？",
      "content": "见什么人？不如来见我的刀。来，打个招呼吧！"
    },
    {
      "id": 36,
      "teller": "老实的VIP",
      "title": "？？？",
      "content": "啊、啊啊……"
    },
    {
      "id": 37,
      "model": "로쟈",
      "teller": "罗佳",
      "title": "Zwei协会 5科",
      "content": "好，到此为止！"
    },
    {
      "id": 38,
      "content": "一阵沉重的打击声在狭窄的小巷中回荡。"
    },
    {
      "id": 39,
      "teller": "老实的VIP",
      "title": "？？？",
      "content": "是、是谁？！啊……Zwei？"
    },
    {
      "id": 40,
      "model": "로쟈",
      "teller": "罗佳",
      "title": "Zwei协会 5科",
      "content": "没错~自打我们签了合同后就没见过面了吧？"
    },
    {
      "id": 41,
      "teller": "老实的VIP",
      "title": "？？？",
      "content": "你们到底是在哪……"
    },
    {
      "id": 42,
      "model": "로쟈",
      "teller": "罗佳",
      "title": "Zwei协会 5科",
      "content": "如果您的实际行动和告诉我们的行动计划差太多的话会很难办的~"
    },
    {
      "id": 43,
      "model": "로쟈",
      "teller": "罗佳",
      "title": "Zwei协会 5科",
      "content": "当您偏离常规路线时，想要在您周围不引人瞩目可不容易……"
    },
    {
      "id": 44,
      "model": "로쟈",
      "teller": "罗佳",
      "title": "Zwei协会 5科",
      "content": "总之！从现在起Zwei会在此保护您的安全~"
    },
    {
      "id": 45,
      "model": "로쟈",
      "teller": "罗佳",
      "title": "Zwei协会 5科",
      "content": "希斯！把这个没常识的混蛋收拾掉~"
    },
    {
      "id": 46,
      "content": "这孩子说完便站在客户身前，摆出一副特有的防御姿态。"
    },
    {
      "id": 47,
      "model": "로쟈",
      "teller": "罗佳",
      "title": "Zwei协会 5科",
      "content": "好，其他人都在哪里？现在给我出来！"
    },
    {
      "id": 48,
      "content": "脸上挂着终于有事可做的喜悦笑容。"
    }
  ]
}