{
  "dataList": [
    {
      "id": 0,
      "content": "这孩子的眼中充斥着睡意和疲倦感。"
    },
    {
      "id": 1,
      "teller": "严格的后继者",
      "title": "LCCB",
      "content": "……感应结果并无异常。我们应当确保前进的通道是安全的。"
    },
    {
      "id": 2,
      "model": "로쟈",
      "title": "LCCB",
      "content": "哇啊啊……唉，真的烦死了。"
    },
    {
      "id": 3,
      "teller": "严格的后继者",
      "title": "LCCB",
      "content": "……这是我们的工作。"
    },
    {
      "id": 4,
      "model": "로쟈",
      "title": "LCCB",
      "content": "呜哇，因为这是工作所以我们才不得不去做呢~啊，为什么我们要去给巴士上那些人帮忙？"
    },
    {
      "id": 5,
      "teller": "同事的下属",
      "title": "LCCB",
      "content": "那不就是LCC部门的工作嘛。"
    },
    {
      "id": 6,
      "content": "“我知道！”孩子咂着嘴唇，调皮地反驳道。"
    },
    {
      "id": 7,
      "content": "协助在梅菲斯托费勒斯上的12名罪人并确保他们能成功回收金枝是清理部门、即LCC的工作。这是连这孩子都知道的事实。"
    },
    {
      "id": 8,
      "content": "实际上，这份工作并没有给她造成太大的负担。"
    },
    {
      "id": 9,
      "content": "对于舍下性命去帮助那些素未谋面的人这件事，她也从未有过任何显得外行的抱怨。"
    },
    {
      "id": 10,
      "content": "如果硬要说有的话……她只是因为现在这份工作不能让她感觉足够刺激而不满。"
    },
    {
      "id": 11,
      "model": "로쟈",
      "title": "LCCB",
      "content": "啊啊~我肯定也有能力干巴士上的活。顺带一提，那个人……维吉里乌斯？我也想见见他。"
    },
    {
      "id": 12,
      "teller": "同事的下属",
      "title": "LCCB",
      "content": "……你知道你不能这样做。那些罪人们是……"
    },
    {
      "id": 13,
      "model": "로쟈",
      "title": "LCCB",
      "content": "我知道的，必须要和那个钟表头产生共鸣什么的。啧，我可清楚了。我就只是说说……"
    },
    {
      "id": 14,
      "content": "孩子叹了一口气，然后开始对着无线电讲话。"
    },
    {
      "id": 15,
      "model": "로쟈",
      "title": "LCCB",
      "content": "这里是罗佳，开始对E-361区的收容单元进行事前调查工作~"
    },
    {
      "id": 16,
      "content": "她做了一套热身运动，然后告诉她的组员们："
    },
    {
      "id": 17,
      "model": "로쟈",
      "title": "LCCB",
      "content": "大家准备好了吗？我们上吧~！"
    },
    {
      "id": 18,
      "model": "로쟈",
      "title": "LCCB",
      "content": "开始攻坚！"
    }
  ]
}