{
  "dataList": [
    {
      "id": 0,
      "teller": "穿着讲究的市民",
      "title": "委托人",
      "content": "我听说西部Zwei协会……得益于在X公司的开采区的营救经验，很擅长营救委托。"
    },
    {
      "id": 1,
      "content": "他的声音中夹带着期待和依赖。"
    },
    {
      "id": 2,
      "content": "孩子正在与来访的委托人一同行走，并听着关于委托的说明。"
    },
    {
      "id": 3,
      "teller": "穿着讲究的市民",
      "title": "委托人",
      "content": "虽然您是第一次来北部，但同样是营救委托，我相信您一定能顺利完成。"
    },
    {
      "id": 4,
      "model": "싱클레어",
      "title": "Zwei协会 西部3科",
      "content": "……我会尽我所能。"
    },
    {
      "id": 5,
      "content": "虽然回答听起来轻松，但孩子的表情并不那么明快。"
    },
    {
      "id": 6,
      "content": "带着复杂的神情，他的目光扫视着贴在周围各处的传单。"
    },
    {
      "id": 7,
      "model": "싱클레어",
      "title": "Zwei协会 西部3科",
      "content": "……传单真多啊。"
    },
    {
      "id": 8,
      "teller": "穿着讲究的市民",
      "title": "委托人",
      "content": "最近有很多帮派横冲直撞。听说骑士大人也因为那份工作来到了北部……"
    },
    {
      "id": 9,
      "model": "싱클레어",
      "title": "Zwei协会 西部3科",
      "content": "是的……我接受了委托。"
    },
    {
      "id": 10,
      "model": "싱클레어",
      "title": "Zwei协会 西部3科",
      "content": "但是这么看来，不仅仅是对帮派的悬赏金的传单，好像还有很多寻找失踪者的传单。"
    },
    {
      "id": 11,
      "teller": "穿着讲究的市民",
      "title": "委托人",
      "content": "是因为那些想趁着混乱的空隙，用赎金赚一笔的小型帮派吧。"
    },
    {
      "id": 12,
      "teller": "穿着讲究的市民",
      "title": "委托人",
      "content": "……我的儿子也因此被绑架了。"
    },
    {
      "id": 13,
      "teller": "穿着讲究的市民",
      "title": "委托人",
      "content": "拜托您救救我的儿子。我会准备包您满意的谢礼的。"
    },
    {
      "id": 14,
      "content": "就在孩子要点头的瞬间，一名默默听着委托人说话的收尾人的不满爆发了。"
    },
    {
      "id": 15,
      "teller": "南部收尾人",
      "title": "？？？",
      "content": "老板，您确定没问题吗？不会太草率了吗？"
    },
    {
      "id": 16,
      "teller": "南部收尾人",
      "title": "？？？",
      "content": "我们大老远从南方来到这里，就为了和这个新手一起工作……"
    },
    {
      "id": 17,
      "teller": "南部收尾人",
      "title": "？？？",
      "content": "他还穿着那种奇怪的服装……我认为我们自己就可以完成营救您儿子的委托。"
    },
    {
      "id": 18,
      "model": "싱클레어",
      "title": "Zwei协会 西部3科",
      "content": "在、在西部，大家都穿成这样……"
    },
    {
      "id": 19,
      "content": "不知道这是在无故找茬，还是真的不知道西部的服装。"
    },
    {
      "id": 20,
      "content": "孩子虽然因为不明白意图而感到困惑，但并没有说要退出。"
    },
    {
      "id": 21,
      "model": "싱클레어",
      "title": "Zwei协会 西部3科",
      "content": "委托所需的文件……我会提交给协会的。"
    },
    {
      "id": 22,
      "teller": "南部收尾人",
      "title": "？？？",
      "content": "呵。"
    },
    {
      "id": 23,
      "content": "他反而留下话说自己肯定会接受这个委托，随后便离开了。"
    },
    {
      "id": 24,
      "content": "金属相互碰撞的铿锵声与抛射物的破空声在仓库里回荡。"
    },
    {
      "id": 25,
      "content": "孩子与收尾人们一起排成了队形，以对抗绑架失踪者的帮派。"
    },
    {
      "id": 26,
      "model": "싱클레어",
      "title": "Zwei协会 西部3科",
      "content": "在、在那边！"
    },
    {
      "id": 27,
      "content": "幸好孩子找到了保护对象，但情况不容乐观。"
    },
    {
      "id": 28,
      "content": "在要求赎金的帮派成员拼死抵抗的情况下，如果试图冲过去营救保护对象……其他收尾人就会陷入危险之中。"
    },
    {
      "id": 29,
      "content": "孩子也知道这一点，所以无法救出保护对象。"
    },
    {
      "id": 30,
      "content": "在那胶着状态持续的一瞬间。"
    },
    {
      "id": 31,
      "teller": "南部收尾人",
      "title": "？？？",
      "content": "啊啊！？"
    },
    {
      "id": 32,
      "content": "真不走运……"
    },
    {
      "id": 33,
      "content": "收尾人射偏的箭，朝着营救对象的方向飞了过去。"
    },
    {
      "id": 34,
      "content": "在那种情况下，孩子并没有因此苦恼多久。"
    },
    {
      "id": 35,
      "teller": "南部收尾人",
      "title": "？？？",
      "content": "等、等等！维持前线的你出去的话……！"
    },
    {
      "id": 36,
      "model": "싱클레어",
      "title": "Zwei协会 西部3科",
      "content": "……抱歉，但是。"
    },
    {
      "id": 37,
      "model": "싱클레어",
      "title": "Zwei协会 西部3科",
      "content": "今天，我和委托人约定好了要保护这个孩子。"
    },
    {
      "id": 38,
      "model": "싱클레어",
      "title": "Zwei协会 西部3科",
      "content": "从现在的状况下保护所有人……超出了我的能力范围。"
    },
    {
      "id": 39,
      "content": "孩子表情坚决地离开了队伍，穿过各种攻击冲向保护对象。"
    },
    {
      "id": 40,
      "content": "虽然收尾人们想要填补孩子留下的空缺……"
    },
    {
      "id": 41,
      "content": "但是填补在前面承受大部分攻击的孩子的空缺看起来并不太容易。"
    },
    {
      "id": 42,
      "teller": "南部收尾人",
      "title": "？？？",
      "content": "不、不好！维持住阵线！"
    },
    {
      "id": 43,
      "teller": "北部收尾人",
      "title": "？？？",
      "content": "如果因为少了一个人，前卫撑不住的话……"
    },
    {
      "id": 44,
      "content": "没过多久阵线就崩溃了，这也是没办法的事吧。"
    },
    {
      "id": 45,
      "teller": "南部收尾人",
      "title": "？？？",
      "content": "呃……"
    },
    {
      "id": 46,
      "content": "参加委托的收尾人一个接一个地死去。"
    },
    {
      "id": 47,
      "teller": "陷入危险的市民",
      "title": "P公司",
      "content": "救、救救我！"
    },
    {
      "id": 48,
      "content": "即使是同样被卷进绑架事件的市民求救的时候。"
    },
    {
      "id": 49,
      "content": "孩子也在委托对象前面寸步不离。"
    },
    {
      "id": 50,
      "teller": "惊恐的孩子",
      "title": "保护对象",
      "content": "那、那边……那些人……"
    },
    {
      "id": 51,
      "model": "싱클레어",
      "title": "Zwei协会 西部3科",
      "content": "我没办法保护他们所有人。"
    },
    {
      "id": 52,
      "model": "싱클레어",
      "title": "Zwei协会 西部3科",
      "content": "我没有那样的力量，或是智慧。"
    },
    {
      "id": 53,
      "content": "而是仅仅保护委托人的庸俗之盾。"
    },
    {
      "id": 54,
      "content": "虽然有这样的污名，但孩子接受了它。"
    },
    {
      "id": 55,
      "model": "싱클레어",
      "title": "Zwei协会 西部3科",
      "content": "但是因为我有过约定……一定会把你送回家的。"
    },
    {
      "id": 56,
      "model": "싱클레어",
      "title": "Zwei协会 西部3科",
      "content": "一定。"
    },
    {
      "id": 57,
      "content": "……在这种污名的背后，也隐藏着唯独委托人必须守护住的盾牌的意思。"
    },
    {
      "id": 58,
      "content": "孩子把悲鸣声抛在脑后，带着保护对象迅速地从仓库里逃了出来。"
    },
    {
      "id": 59,
      "content": "这是他为了守护自己能守护的、约定好的人们的生命而作出的坚持。"
    }
  ]
}