{
  "dataList": [
    {
      "id": 0,
      "model": "싱클레어",
      "teller": "辛克莱",
      "title": "黎明事务所",
      "content": "明明您偶尔也可以品尝一下别的茶的。我泡的双和茶真的有那么可口吗……？"
    },
    {
      "id": 1,
      "content": "师傅像是我问了理所当然的事情那般调侃我，不禁让我很难为情。前辈就要完成委托归来了，所以我全开了窗户。"
    },
    {
      "id": 2,
      "model": "싱클레어",
      "teller": "辛克莱",
      "title": "黎明事务所",
      "content": "前辈说她只会在工坊稍作停留，我想她很快就会回来了。"
    },
    {
      "id": 3,
      "content": "没有委托的日子里总是如此风平浪静。"
    },
    {
      "id": 4,
      "content": "与师傅同饮双和茶聊些日常的话题，或是与将要归来的前辈担心以后的租金，过着平凡又温暖的一天。"
    },
    {
      "id": 5,
      "content": "那是段与我们“黎明”的名称并不相符，柔和且温暖的时光。"
    },
    {
      "id": 6,
      "content": "我很享受这段时光。"
    },
    {
      "id": 7,
      "content": "我作为收尾人取得的成绩并不差。"
    },
    {
      "id": 8,
      "content": "在师傅的悉心指导下，我毫不费力地掌握了如何使用烙印工坊的武器，以及作为一名收尾人所需的各种知识。"
    },
    {
      "id": 9,
      "content": "无论接到怎样的委托，因为优秀的师傅与前辈技艺高超，也都可以迎刃而解，随着成绩自然而然地积累起来，我收尾人的等级也在不断上升。"
    },
    {
      "id": 10,
      "content": "那是……我在不断成为一个更好的人的证明。"
    },
    {
      "id": 11,
      "content": "但是。"
    },
    {
      "id": 12,
      "model": "싱클레어",
      "teller": "辛克莱",
      "title": "黎明事务所",
      "content": "在这份委托中我也没出多少力啊……"
    },
    {
      "id": 13,
      "content": "我的师傅在烟霾战争时是一位名声显赫的收尾人，我的前辈则单枪匹马就能解决都市传说级的委托。"
    },
    {
      "id": 14,
      "content": "在黎明事务所的少数成员中，我的不懈努力，顶多算是为了不落人后而摸索着跟上他们的步伐而已。"
    },
    {
      "id": 15,
      "content": "他们总是鼓励我说我也能帮上很大的忙……但这种隔离感还是让我感到无比空洞。"
    },
    {
      "id": 16,
      "model": "싱클레어",
      "teller": "辛克莱",
      "title": "黎明事务所",
      "content": "传闻中的邀请函……是被评定为都市恶疾级的图书馆吗……？"
    },
    {
      "id": 17,
      "model": "싱클레어",
      "teller": "辛克莱",
      "title": "黎明事务所",
      "content": "我也跟着去吗？"
    },
    {
      "id": 18,
      "model": "싱클레어",
      "teller": "辛克莱",
      "title": "黎明事务所",
      "content": "我能够……帮到那两个人吗……？"
    },
    {
      "id": 19,
      "content": "我的自我怀疑只会不断地增长。"
    },
    {
      "id": 20,
      "content": "同时，我对他们的信赖也在不断地膨胀。"
    },
    {
      "id": 21,
      "model": "싱클레어",
      "teller": "辛克莱",
      "title": "黎明事务所",
      "content": "这次的委托我也只要做好辅助就好……"
    },
    {
      "id": 22,
      "content": "即使我不出什么力，他们二人也能轻松解决委托……我如此信赖着他们。"
    },
    {
      "id": 23,
      "content": "怀有着这种肤浅且自私的信赖，并心安理得。"
    },
    {
      "id": 24,
      "content": "我……踏入了图书馆。"
    },
    {
      "id": 25,
      "content": "无论是到最后都在担心着我的师傅。"
    },
    {
      "id": 26,
      "content": "还是直到最后都还让我不必担心、没有责怪我的前辈。"
    },
    {
      "id": 27,
      "content": "就连向我伸出援手的事务所的收尾人们。"
    },
    {
      "id": 28,
      "content": "他们都没能战胜图书馆，化作了书籍。"
    },
    {
      "id": 29,
      "content": "一直伴我左右的人们消失得无影无踪，只剩我一人独活。"
    },
    {
      "id": 30,
      "model": "싱클레어",
      "teller": "辛克莱",
      "title": "黎明事务所",
      "content": "哈……哈啊……"
    },
    {
      "id": 31,
      "content": "我思考着重返战场上又有什么意义。"
    },
    {
      "id": 32,
      "model": "싱클레어",
      "teller": "辛克莱",
      "title": "黎明事务所",
      "content": "掩饰真心也没那么糟糕吗……怎么可能呢。"
    },
    {
      "id": 33,
      "content": "我想过是不是应该逃出去向协会报告此事，并再次请求援助。"
    },
    {
      "id": 34,
      "model": "싱클레어",
      "teller": "辛克莱",
      "title": "黎明事务所",
      "content": "没、没错。没人能理解我的真心。"
    },
    {
      "id": 35,
      "content": "恐惧感包裹着我，让我一点点后退，无法向前迈出哪怕一步。"
    },
    {
      "id": 36,
      "model": "싱클레어",
      "teller": "辛克莱",
      "title": "黎明事务所",
      "content": "走上这条路……真的只会给我带来痛苦吗？"
    },
    {
      "id": 37,
      "content": "我每退一步，耳边就会响起一阵美妙而平静的低语。"
    },
    {
      "id": 38,
      "content": "忽然。"
    },
    {
      "id": 39,
      "content": "我开始怀疑，怀疑自己至今为止的所作所为，是否都只是自我保护的借口而已。"
    },
    {
      "id": 40,
      "content": "我慢慢意识到，如果再继续以他人为保护和美化自己的盾牌，我就永远无法迈向前方。"
    },
    {
      "id": 41,
      "content": "正确的道路应当是坚定地迈向前方，并非总是以为了他人为借口而屡次退缩。"
    },
    {
      "id": 42,
      "content": "我甚至从一开始就偏离了正确的道路。"
    },
    {
      "id": 43,
      "content": "我分明是一个肮脏的、丑陋的人。"
    },
    {
      "id": 44,
      "content": "我承认，自己与都市中那些自私自利的人并没有什么不同……"
    },
    {
      "id": 45,
      "content": "我停下了后退的脚步。"
    },
    {
      "id": 46,
      "model": "싱클레어",
      "teller": "辛克莱",
      "title": "黎明事务所",
      "content": "无视了他人……就能够更爱自己吗？"
    },
    {
      "id": 47,
      "model": "싱클레어",
      "teller": "辛克莱",
      "title": "黎明事务所",
      "content": "我不知道。我甚至不能确定。"
    },
    {
      "id": 48,
      "content": "我遮住眼睛以隐去不安……"
    },
    {
      "id": 49,
      "content": "捂住耳朵以隔绝那美妙之声……"
    },
    {
      "id": 50,
      "content": "堵住嘴巴以不再言语那些为了他人的伪善。"
    },
    {
      "id": 51,
      "content": "我相信不加修饰的现实，并不比我那自私的想象中的更加冷酷无情。"
    },
    {
      "id": 52,
      "content": "我向自己曾逃离了的战场走去。"
    },
    {
      "id": 53,
      "content": "真是遗憾……"
    },
    {
      "id": 54,
      "content": "这孩子并没能展现出真实的自我，在过程中半途而废地节制了。"
    },
    {
      "id": 55,
      "model": "싱클레어",
      "teller": "辛克莱",
      "title": "黎明事务所",
      "content": "……没人能替悲伤的我哭泣。"
    },
    {
      "id": 56,
      "model": "싱클레어",
      "teller": "辛克莱",
      "title": "黎明事务所",
      "content": "最终，这份痛苦只能由我承担。"
    },
    {
      "id": 57,
      "model": "싱클레어",
      "teller": "辛克莱",
      "title": "黎明事务所",
      "content": "因为这是我如不可磨灭的烙印般的责任。"
    },
    {
      "id": 58,
      "content": "如果这孩子能更加重视自己的感受就好了。"
    },
    {
      "id": 59,
      "content": "这孩子直面自己那起伏不定如业火般的情感，将其锻造成了工具。"
    },
    {
      "id": 60,
      "content": "最终没能触及纯粹的自我，将剑指向了敌人。"
    },
    {
      "id": 61,
      "content": "但没关系。"
    },
    {
      "id": 62,
      "content": "我认识一位跟他很像的孩子，那孩子在瞬间就触碰到了极致的自我。"
    },
    {
      "id": 63,
      "content": "那孩子一开始也并没有听取我的话……但后来，他还是选择了侧耳倾听。"
    },
    {
      "id": 64,
      "content": "他们二人是如此相像，结局想必也会很像吧。"
    },
    {
      "id": 65,
      "content": "这孩子注定会停下脚步，他会再一次退缩。"
    },
    {
      "id": 66,
      "model": "싱클레어",
      "teller": "辛克莱",
      "title": "黎明事务所",
      "content": "你错了，卡门小姐。"
    },
    {
      "id": 67,
      "model": "싱클레어",
      "teller": "辛克莱",
      "title": "黎明事务所",
      "content": "我很害怕，怕得不得了，我甚至想要立刻扔下这把剑逃离，但是……"
    },
    {
      "id": 68,
      "model": "싱클레어",
      "teller": "辛克莱",
      "title": "黎明事务所",
      "content": "我不想止步于此。"
    },
    {
      "id": 69,
      "content": "即使我认为不要去走那条充满痛苦的路比较好。"
    },
    {
      "id": 70,
      "content": "从外壳中重获新生的孩子，舞动着单翼勉强着自己试图飞向更高更远的天空。"
    },
    {
      "id": 71,
      "content": "他不知道的是，在以情感为燃料吞噬着他的火焰中，他那不稳定的理智只能够勉强维持他翅膀的形态。"
    },
    {
      "id": 72,
      "content": "面对着做好接待准备的图书馆的孩子们，他坚定而威风地向他们举起了剑。"
    },
    {
      "id": 73,
      "model": "싱클레어",
      "teller": "辛克莱",
      "title": "黎明事务所",
      "content": "这份情感，定是赐予我的命运。"
    },
    {
      "id": 74,
      "model": "싱클레어",
      "teller": "辛克莱",
      "title": "黎明事务所",
      "content": "……我必要高飞。"
    },
    {
      "id": 75,
      "model": "싱클레어",
      "teller": "辛克莱",
      "title": "黎明事务所",
      "content": "突破这保护我的外壳，飞往更高处。"
    },
    {
      "id": 76,
      "content": "在泛滥的情感中，这虚幻脆弱的翅膀还能坚持多久不会被融化呢。"
    },
    {
      "id": 77,
      "content": "虽然现在还无从得知，但等到你因翅膀融化而坠落的那一天……"
    },
    {
      "id": 78,
      "content": "到那时再听听我说的话吧，亲爱的孩子。"
    }
  ]
}