{
  "dataList": [
    {
      "id": 0,
      "content": "喃喃低语微弱地回荡在狭小的房间中。"
    },
    {
      "id": 1,
      "content": "烛光摇曳，孩子指尖那渗着红墨的毛笔也随之轻颤。"
    },
    {
      "id": 2,
      "content": "孩子不停不休写着黄底红字的符咒。"
    },
    {
      "id": 3,
      "content": "他只是饱含着对某人的愿望与怨恨，到处都写满了复杂难解的咒文而已。"
    },
    {
      "id": 4,
      "content": "孩子是在何处学过咒术吗？"
    },
    {
      "id": 5,
      "content": "不是那样吧。"
    },
    {
      "id": 6,
      "content": "那么，是孩子所属的团体……“技术解放联盟”，教会他如何书写符咒的吗？"
    },
    {
      "id": 7,
      "content": "也不是那样吧。"
    },
    {
      "id": 8,
      "content": "又或许，他是否正在制作一种蕴含尖端技术的纸张，用来助推研究所的恐怖行动？"
    },
    {
      "id": 9,
      "content": "不，也不是那样吧。"
    },
    {
      "id": 10,
      "content": "孩子只是借用了旧L公司地下留存的E.G.O，并用它战斗了几次。仅此而已。"
    },
    {
      "id": 11,
      "content": "但是，孩子似乎对符咒和咒术十分着迷。"
    },
    {
      "id": 12,
      "content": "他并非单纯佩戴着E.G.O，也并非将它作为道具使用。"
    },
    {
      "id": 13,
      "content": "他就像是变成了E.G.O……或是异想体本身一样，这让他在使用时就如被附身般，按照其想法行动。"
    },
    {
      "id": 14,
      "content": "没错。大部分E.G.O都会尝试侵蚀使用者。"
    },
    {
      "id": 15,
      "content": "不是有这样的话吗？如果随意模仿他人的话语与行动，最终会将自己变得和那人并无二致。"
    },
    {
      "id": 16,
      "content": "然后，若一直将他人的思想作为道具使用，被它同化也不过是自然而然的事情。"
    },
    {
      "id": 17,
      "content": "忘我……就好像自我被夺走一样。"
    },
    {
      "id": 18,
      "content": "在孩子被进一步侵蚀之前，让其他人把他的E.G.O脱下来会比较好，但孩子所属的组织看见他展现出的优秀适配度和取得的成绩，似乎不会这么简单地让他脱掉的。"
    }
  ]
}