{
  "dataList": [
    {
      "id": 0,
      "teller": "新来的乐队成员",
      "title": "流浪乐队",
      "content": "你要我上……？"
    },
    {
      "id": 1,
      "content": "这孩子的瞳孔颤抖着，脸上的皮肤变得苍白，擦得油亮的胡子像毛毛虫一样扭动着。"
    },
    {
      "id": 2,
      "teller": "欢快的乐队成员",
      "title": "流浪乐队",
      "content": "老大他……他最近感觉不大好。现在得靠你来给他打气了，明白了吗，新来的？"
    },
    {
      "id": 3,
      "content": "另一个孩子在柔声安慰他。"
    },
    {
      "id": 4,
      "content": "其他的孩子们都盯着那个被他们称为“老大”的孩子，后者的手不停颤抖着，抓着两把沙锤。"
    },
    {
      "id": 5,
      "teller": "活泼的乐队成员",
      "title": "流浪乐队",
      "content": "你看，新来的……这就跟成年礼差不多。"
    },
    {
      "id": 6,
      "teller": "欢快的乐队成员",
      "title": "流浪乐队",
      "content": "对，没错。这是……成为一个真正能传递快乐的人，成为流浪乐队的一员必不可少的一步。"
    },
    {
      "id": 7,
      "content": "被点名上前的孩子脸色惨白，甚至接近于铅色的阴影。"
    },
    {
      "id": 8,
      "teller": "新来的乐队成员",
      "title": "流浪乐队",
      "content": "但是……我听说了，如果我对辛克莱老大说出那句话……"
    },
    {
      "id": 9,
      "teller": "欢快的乐队成员",
      "title": "流浪乐队",
      "content": "对，你的脑袋会“嘣”的一下爆开。"
    },
    {
      "id": 10,
      "teller": "活泼的乐队成员",
      "title": "流浪乐队",
      "content": "没错，你的脑袋会爆开。"
    },
    {
      "id": 11,
      "content": "“我刚刚说什么来着！”那孩子愤怒地嚷嚷起来，但是其他孩子都摇了摇头，异口同声地说："
    },
    {
      "id": 12,
      "teller": "欢快的乐队成员",
      "title": "流浪乐队",
      "content": "……我们曾都经历过这关。"
    },
    {
      "id": 13,
      "content": "闻言，那孩子长长地叹了一口气。"
    },
    {
      "id": 14,
      "content": "然后……他就意识到这事避无可避了。"
    },
    {
      "id": 15,
      "content": "那孩子小心翼翼地开口，对他的老大说……"
    },
    {
      "id": 16,
      "teller": "新来的乐队成员",
      "title": "流浪乐队",
      "content": "呃，老、老大……请……请准备开始皮纳塔派对——"
    },
    {
      "id": 17,
      "content": "这句话还没说完……"
    },
    {
      "id": 18,
      "content": "沙咔。"
    },
    {
      "id": 19,
      "content": "刚刚提到“皮纳塔”的孩子头上飙出一小股血。"
    },
    {
      "id": 20,
      "teller": "欢快的乐队成员",
      "title": "流浪乐队",
      "content": "嗯。干得不错，新人。"
    },
    {
      "id": 21,
      "teller": "活泼的乐队成员",
      "title": "流浪乐队",
      "content": "是啊，老大……开启老大模式了。"
    },
    {
      "id": 22,
      "content": "其余的孩子们挠着自己的后脑勺，用骄傲的眼神看着地上昏倒的孩子。"
    },
    {
      "id": 23,
      "content": "看起来……这好像让他们想起了自己的经历。"
    }
  ]
}