{
  "dataList": [
    {
      "id": 0,
      "content": "训练场内十分热闹。"
    },
    {
      "id": 1,
      "content": "到处都是训练用剑交锋碰撞的声音，以及协会成员忙碌的脚步与木地板摩擦而发出的嘈杂声响。"
    },
    {
      "id": 2,
      "model": "싱클레어",
      "teller": "辛克莱",
      "title": "Cinq协会 4科 科长",
      "content": "好……第三回合……"
    },
    {
      "id": 3,
      "teller": "勇敢的协会成员",
      "title": "Cinq协会 4科",
      "content": "是！"
    },
    {
      "id": 4,
      "content": "孩子自然地融入在了喧闹之中。"
    },
    {
      "id": 5,
      "content": "更准确地说，那小小的声音被埋没在喧闹之中。"
    },
    {
      "id": 6,
      "model": "싱클레어",
      "teller": "辛克莱",
      "title": "Cinq协会 4科 科长",
      "content": "从让我作为防守方来开始吧……"
    },
    {
      "id": 7,
      "content": "孩子脸上带着几分不自信的神情举起了剑。"
    },
    {
      "id": 8,
      "content": "一眼看过去，这可能只是个没有决斗天赋的，胆小的孩子……"
    },
    {
      "id": 9,
      "teller": "勇敢的协会成员",
      "title": "Cinq协会 4科",
      "content": "咕嘟……"
    },
    {
      "id": 10,
      "content": "但是不知为何，与其对抗的协会成员非常紧张，仿佛他正面对着一个强大的对手。"
    },
    {
      "id": 11,
      "model": "싱클레어",
      "teller": "辛克莱",
      "title": "Cinq协会 4科 科长",
      "content": "在第三轮交锋的时候最重要的是……唔，你要将敌人直线攻击的势头向外偏转……"
    },
    {
      "id": 12,
      "teller": "勇敢的协会成员",
      "title": "Cinq协会 4科",
      "content": "是，科长……！"
    },
    {
      "id": 13,
      "content": "那个孩子正在用不安的声音向协会成员传授剑术。十分令人困惑的场景。"
    },
    {
      "id": 14,
      "content": "此外，他还有一个似乎并不合适的头衔，Cinq协会4科科长。"
    },
    {
      "id": 15,
      "model": "싱클레어",
      "teller": "辛克莱",
      "title": "Cinq协会 4科 科长",
      "content": "那么，接下来轮到我进攻……"
    },
    {
      "id": 16,
      "teller": "勇敢的协会成员",
      "title": "Cinq协会 4科",
      "content": "啊。"
    },
    {
      "id": 17,
      "content": "呜。"
    },
    {
      "id": 18,
      "content": "在尚未来得及思考的瞬间，孩子的剑已经紧贴着对手的下巴，从差之毫厘的位置扫过。"
    },
    {
      "id": 19,
      "model": "싱클레어",
      "teller": "辛克莱",
      "title": "Cinq协会 4科 科长",
      "content": "诶，啊？！对不起，我、我只是想展示给你，像这样招架……然后就可以自然地衔接进攻了……"
    },
    {
      "id": 20,
      "teller": "勇敢的协会成员",
      "title": "Cinq协会 4科",
      "content": "哈啊……哈啊……我没、没事。"
    },
    {
      "id": 21,
      "teller": "勇敢的协会成员",
      "title": "Cinq协会 4科",
      "content": "这就是传闻中……科长的……"
    },
    {
      "id": 22,
      "model": "싱클레어",
      "teller": "辛克莱",
      "title": "Cinq协会 4科科长",
      "content": "不……没那么厉害……只是顺着剑的指引而行动，我只是在被剑牵着鼻子走而已。"
    },
    {
      "id": 23,
      "content": "与周围发出的赞叹声相反，孩子仍然一副闷闷不乐的表情。"
    },
    {
      "id": 24,
      "content": "他进行攻击时的注意力高度集中，就像只有自己和剑这两样东西存在于世界上一样，这使这孩子升到了4科科长的位置……"
    },
    {
      "id": 25,
      "content": "认为这一切都不是靠自己的努力得到的，孩子对自己处于的位置产生了负担，同时认为自己与这个位置不相称。"
    },
    {
      "id": 26,
      "model": "싱클레어",
      "teller": "辛克莱",
      "title": "Cinq协会 4科 科长",
      "content": "……啊！"
    },
    {
      "id": 27,
      "content": "在这个孩子跟充当练习对手的成员拉开距离整理思绪的时候，突然被飞过来的手套打中了。"
    },
    {
      "id": 28,
      "content": "……在Cinq协会里，扔手套是申请决斗的正式宣言。"
    },
    {
      "id": 29,
      "content": "理所当然，那个宣言也会在Cinq协会的内部发生。"
    },
    {
      "id": 30,
      "teller": "冷淡的协会成员",
      "title": "Cinq协会 4科",
      "content": "科长，真是抱歉。"
    },
    {
      "id": 31,
      "teller": "冷淡的协会成员",
      "title": "Cinq协会 4科",
      "content": "有人向科长提出了决斗委托……"
    },
    {
      "id": 32,
      "model": "싱클레어",
      "teller": "辛克莱",
      "title": "Cinq协会 4科 科长",
      "content": "……这样啊。"
    },
    {
      "id": 33,
      "content": "Cinq协会的主要业务是决斗代理。他们的工作是向委托人指定的人物申请决斗，并得到符合委托内容的结果。"
    },
    {
      "id": 34,
      "content": "而被指定的人物同样在Cinq协会的内部是比想象中更常见的事。"
    },
    {
      "id": 35,
      "content": "都市里到底有多少与他们结怨的人呢？"
    },
    {
      "id": 36,
      "content": "更何况，也有流传的传闻称南部4科的科长性情很柔弱，所以这种事情发生不只一次两次了。"
    },
    {
      "id": 37,
      "model": "싱클레어",
      "teller": "辛克莱",
      "title": "Cinq协会 4科 科长",
      "content": "……规则呢？"
    },
    {
      "id": 38,
      "teller": "冷淡的协会成员",
      "title": "Cinq协会 4科",
      "content": "我为了劝服他而费了很多口舌……但是，哈，委托人看来是对你有相当恨意的人呢。"
    },
    {
      "id": 39,
      "teller": "冷淡的协会成员",
      "title": "Cinq协会 4科",
      "content": "3级决斗审判……所以，直到有一方死亡为止。"
    },
    {
      "id": 40,
      "model": "싱클레어",
      "teller": "辛克莱",
      "title": "Cinq协会 4科 科长",
      "content": "我接受……"
    },
    {
      "id": 41,
      "content": "孩子叹了口气。"
    },
    {
      "id": 42,
      "content": "扔手套的成员也感受到了那叹息中夹杂着的一丝颤抖，于是悄悄地笑了。"
    },
    {
      "id": 43,
      "content": "但是……孩子的叹息绝不是因为害怕这场决斗。"
    },
    {
      "id": 44,
      "model": "싱클레어",
      "teller": "辛克莱",
      "title": "Cinq协会 4科 科长",
      "content": "你是……这次新转来4科的人吧？"
    },
    {
      "id": 45,
      "teller": "冷淡的协会成员",
      "title": "Cinq协会 4科",
      "content": "……是的。"
    },
    {
      "id": 46,
      "model": "싱클레어",
      "teller": "辛克莱",
      "title": "Cinq协会 4科 科长",
      "content": "之前发生的事，你大概没听说过吧……"
    },
    {
      "id": 47,
      "content": "哎呀，太可惜了……真是太遗憾了。那些话嗡嗡地扩散开来。"
    },
    {
      "id": 48,
      "model": "싱클레어",
      "teller": "辛克莱",
      "title": "Cinq协会 4科 科长",
      "content": "但是，因为收回扔出的手套是一种耻辱。"
    },
    {
      "id": 49,
      "model": "싱클레어",
      "teller": "辛克莱",
      "title": "Cinq协会 4科 科长",
      "content": "Es-tu prêt？（准备好了吗？）"
    },
    {
      "id": 50,
      "teller": "冷淡的协会员工",
      "title": "Cinq协会 4科",
      "content": "A、Allez（来吧）！"
    },
    {
      "id": 51,
      "content": "他感受到了周围的气氛，尽管察觉到了有什么不对劲的地方。但是已经晚了。"
    },
    {
      "id": 52,
      "content": "收取了大量的委托费，还想瞄准空缺的科长职位的新人的那个远大计划。"
    },
    {
      "id": 53,
      "model": "싱클레어",
      "teller": "辛克莱",
      "title": "Cinq协会 4科 科长",
      "content": "凝视……剑锋……"
    },
    {
      "id": 54,
      "teller": "冷淡的协会员工",
      "title": "Cinq协会 4科",
      "content": "……！"
    },
    {
      "id": 55,
      "content": "就在一瞬间，和被贯穿的头颅一起化为了泡影。"
    }
  ]
}