{
  "dataList": [
    {
      "id": 0,
      "content": "充斥着电子音与金属敲击声的Девять协会物流仓库。"
    },
    {
      "id": 1,
      "content": "完成配送任务回来的孩子，怀着满满的期待。"
    },
    {
      "id": 2,
      "content": "周围的收尾人们觉得，这孩子可能遇到了什么让他开心的事。但……"
    },
    {
      "id": 3,
      "content": "事实上，这孩子真正期待的，是这次配送的报酬。"
    },
    {
      "id": 4,
      "teller": "波鲁德尼察",
      "title": "派送箱",
      "content": "[运费已结算。请确认金额后签名。]"
    },
    {
      "id": 5,
      "content": "他刚刚配送了一件相当贵重的物品。"
    },
    {
      "id": 6,
      "content": "虽说计算配送时间时出了些小问题，但因祸得福，这反而让他提前一天把物品送到了委托人手里。"
    },
    {
      "id": 7,
      "content": "此外，尽管他从未偏离波鲁德尼察指定的路线，但行程距离还是相当地长。"
    },
    {
      "id": 8,
      "model": "싱클레어",
      "teller": "辛克莱",
      "title": "Девять协会 北部3科",
      "content": "应该能赚很多……"
    },
    {
      "id": 9,
      "content": "但是……那种期待感很容易被辜负。"
    },
    {
      "id": 10,
      "model": "싱클레어",
      "teller": "辛克莱",
      "title": "Девять协会 北部3科",
      "content": "等、等一下。这运费对吗？"
    },
    {
      "id": 11,
      "model": "싱클레어",
      "teller": "辛克莱",
      "title": "Девять协会 北部3科",
      "content": "这应该是现在的两倍……"
    },
    {
      "id": 12,
      "teller": "波鲁德尼察",
      "title": "派送箱",
      "content": "[正在重新计算运费。]"
    },
    {
      "id": 13,
      "model": "싱클레어",
      "teller": "辛克莱",
      "title": "Девять协会 北部3科",
      "content": "……"
    },
    {
      "id": 14,
      "teller": "波鲁德尼察",
      "title": "派送箱",
      "content": "[重新计算完毕。运费没有异常。]"
    },
    {
      "id": 15,
      "content": "与那孩子的怀疑相反，波鲁德尼察的计算并没有错。"
    },
    {
      "id": 16,
      "content": "都市内的地理非常复杂，测量距离也很困难，但这终究只是以人类的标准来看。"
    },
    {
      "id": 17,
      "content": "AI的计算……通常不会出错。"
    },
    {
      "id": 18,
      "teller": "波鲁德尼察",
      "title": "派送箱",
      "content": "[激活崩解粒子及模式转换后应支付的费用已扣除。]"
    },
    {
      "id": 19,
      "model": "싱클레어",
      "teller": "辛克莱",
      "title": "Девять协会 北部3科",
      "content": "啊、啊？是因为那个吗？"
    },
    {
      "id": 20,
      "model": "싱클레어",
      "teller": "辛克莱",
      "title": "Девять协会 北部3科",
      "content": "上次使用的派送箱输出功率比这次要高得多，战斗时间也更长，但也没收取这么多费用啊！"
    },
    {
      "id": 21,
      "teller": "波鲁德尼察",
      "title": "派送箱",
      "content": "[正在归还中。]"
    },
    {
      "id": 22,
      "model": "싱클레어",
      "teller": "辛克莱",
      "title": "Девять协会 北部3科",
      "content": "不仅是上次的波鲁德尼察，其他的也大多如此……"
    },
    {
      "id": 23,
      "teller": "波鲁德尼察",
      "title": "派送箱",
      "content": "[派送箱已归还。Девять协会始终感谢您的辛勤工作。]"
    },
    {
      "id": 24,
      "model": "싱클레어",
      "teller": "辛克莱",
      "title": "Девять协会 北部3科",
      "content": "至、至少回答一下啊！"
    },
    {
      "id": 25,
      "content": "当孩子因为不甘心而提高声音时，几名Девять协会的收尾人走了过来。"
    },
    {
      "id": 26,
      "content": "其中一人一边嚼着能量棒，一边检查了显示器和包。"
    },
    {
      "id": 27,
      "model": "로쟈",
      "teller": "罗佳",
      "title": "Девять协会 北部3科",
      "content": "怎么了~？在仓库里这么大声嚷嚷是怎么回事？"
    },
    {
      "id": 28,
      "model": "싱클레어",
      "teller": "辛克莱",
      "title": "Девять协会 北部3科",
      "content": "罗佳小姐！它……"
    },
    {
      "id": 29,
      "model": "싱클레어",
      "teller": "辛克莱",
      "title": "Девять协会 北部3科",
      "content": "运费太少了……"
    },
    {
      "id": 30,
      "model": "로쟈",
      "teller": "罗佳",
      "title": "Девять协会 北部3科",
      "content": "嗯~钱的问题确实是很重要的呢。让我看看~"
    },
    {
      "id": 31,
      "model": "로쟈",
      "teller": "罗佳",
      "title": "Девять协会 北部3科",
      "content": "嗯？发生了什么，竟然在这条路径使用了锤子模式？"
    },
    {
      "id": 32,
      "model": "싱클레어",
      "teller": "辛克莱",
      "title": "Девять协会 北部3科",
      "content": "这、这个嘛，发生了什么事呢……"
    },
    {
      "id": 33,
      "teller": "波鲁德尼察",
      "title": "派送箱",
      "content": "[前方发现帮派争斗。正在更改路线。]"
    },
    {
      "id": 34,
      "model": "싱클레어",
      "teller": "辛克莱",
      "title": "Девять协会 北部3科",
      "content": "等、等一下！那样的话，时间来得及吗？"
    },
    {
      "id": 35,
      "teller": "波鲁德尼察",
      "title": "派送箱",
      "content": "[预计将增加三小时。此情况下，预计配送时间将有24……]"
    },
    {
      "id": 36,
      "content": "轰！"
    },
    {
      "id": 37,
      "model": "싱클레어",
      "teller": "辛克莱",
      "title": "Девять协会 北部3科",
      "content": "呜、呜哇！吓我一跳……"
    },
    {
      "id": 38,
      "teller": "波鲁德尼察",
      "title": "派送箱",
      "content": "[……10分钟的盈余。]"
    },
    {
      "id": 39,
      "model": "싱클레어",
      "teller": "辛克莱",
      "title": "Девять协会 北部3科",
      "content": "……10分钟！？这、这不对吧？明明昨天盈余时间还……"
    },
    {
      "id": 40,
      "teller": "波鲁德尼察",
      "title": "派送箱",
      "content": "[重新评估分析。本AI的导航系统已通过完整性检查。]"
    },
    {
      "id": 41,
      "model": "싱클레어",
      "teller": "辛克莱",
      "title": "Девять协会 北部3科",
      "content": "这。不、不对。好像没时间做这些了……！"
    },
    {
      "id": 42,
      "model": "싱클레어",
      "teller": "辛克莱",
      "title": "Девять协会 北部3科",
      "content": "请切换回之前的线路！我就这样突破过去！"
    },
    {
      "id": 43,
      "teller": "波鲁德尼察",
      "title": "派送箱",
      "content": "[根据用户的要求，强制更改路线。]"
    },
    {
      "id": 44,
      "content": "路线变更后，剩余时间为24小时10分钟。"
    },
    {
      "id": 45,
      "content": "但是由于爆炸的声音，那孩子没听到波鲁德尼察所说的24小时。"
    },
    {
      "id": 46,
      "content": "孩子听到且意识到的时间只有10分钟。"
    },
    {
      "id": 47,
      "content": "对于某些人来说，这时间可能足够吃个零食然后回家，但对这孩子来说，他一定觉得时间非常紧迫。"
    },
    {
      "id": 48,
      "content": "最终，孩子连烦恼的时间都没有，就投身于争斗之中了。"
    },
    {
      "id": 49,
      "model": "싱클레어",
      "teller": "辛克莱",
      "title": "Девять协会 北部3科",
      "content": "请让一下路！"
    },
    {
      "id": 50,
      "teller": "惊慌失措的帮派成员",
      "title": "？？？",
      "content": "在建筑物上确认到身份不明的收尾人！"
    },
    {
      "id": 51,
      "teller": "冷静的帮派成员",
      "title": "？？？",
      "content": "那个包……好像是Девять协会的吧？"
    },
    {
      "id": 52,
      "teller": "惊慌失措的帮派成员",
      "title": "？？？",
      "content": "这、这群家伙……难道连协会也拖进来了！"
    },
    {
      "id": 53,
      "model": "싱클레어",
      "teller": "辛克莱",
      "title": "Девять协会 北部3科",
      "content": "你、你在说什么……？不，那个，快让开！"
    },
    {
      "id": 54,
      "teller": "冷静的帮派成员",
      "title": "？？？",
      "content": "把包放下！后退！"
    },
    {
      "id": 55,
      "teller": "惊慌失措的帮派成员",
      "title": "？？？",
      "content": "协会收尾人为什么要插手争斗！你和那边的人是什么关系？"
    },
    {
      "id": 56,
      "content": "看到孩子突然从建筑物上跳下来，闯入争斗的中心，帮派成员们都慌了。"
    },
    {
      "id": 57,
      "content": "但焦急的孩子比他们还慌张得多。"
    },
    {
      "id": 58,
      "model": "싱클레어",
      "teller": "辛克莱",
      "title": "Девять协会 北部3科",
      "content": "呀……！我已经说过了，请让开！"
    },
    {
      "id": 59,
      "model": "싱클레어",
      "teller": "辛克莱",
      "title": "Девять协会 北部3科",
      "content": "请提高输出功率……！波鲁德尼察！"
    },
    {
      "id": 60,
      "teller": "波鲁德尼察",
      "title": "派送箱",
      "content": "[输出功率提升。当前周围人员众多。建议同时进行模式转换。]"
    },
    {
      "id": 61,
      "model": "싱클레어",
      "teller": "辛克莱",
      "title": "Девять协会 北部3科",
      "content": "嗯……有必要做到那个程度吗？"
    },
    {
      "id": 62,
      "teller": "波鲁德尼察",
      "title": "派送箱",
      "content": "[如果不使用，战斗胜利的概率将减少10.2%……]"
    },
    {
      "id": 63,
      "model": "싱클레어",
      "teller": "辛克莱",
      "title": "Девять协会 北部3科",
      "content": "我用！用了就好了，对吧！模……模式转换！"
    },
    {
      "id": 64,
      "content": "帮派成员们一齐冲了过去，但与看似懦弱的外表不同，孩子拥有相当强大的武力。"
    },
    {
      "id": 65,
      "content": "通过做收尾人赚的钱，他接受了身体改造手术。"
    },
    {
      "id": 66,
      "content": "这使他能轻松控制派送箱的高输出功率模式。"
    },
    {
      "id": 67,
      "content": "虽然孩子挥舞着包的动作很笨拙，但所有被包击中的帮派成员都倒在地上，变得惨不忍睹。"
    },
    {
      "id": 68,
      "content": "孩子看到那景象后，脸色苍白。虽然恶心想吐，但还是迅速挥动包，破坏了挡在路上的墙壁和门。"
    },
    {
      "id": 69,
      "content": "孩子没有忘记，他的目标不是打倒所有帮派成员，而是迅速突破争斗，顺利通行。"
    },
    {
      "id": 70,
      "model": "싱클레어",
      "teller": "辛克莱",
      "title": "Девять协会 北部3科",
      "content": "……就是那样的……呼……"
    },
    {
      "id": 71,
      "model": "로쟈",
      "teller": "罗佳",
      "title": "Девять协会 北部3科",
      "content": "哇……我还以为你是个有教养的少爷，没想到你比想象中更傻呢~"
    },
    {
      "id": 72,
      "model": "싱클레어",
      "teller": "辛克莱",
      "title": "Девять协会 北部3科",
      "content": "呜……请别拿我开玩笑……"
    },
    {
      "id": 73,
      "model": "로쟈",
      "teller": "罗佳",
      "title": "Девять协会 北部3科",
      "content": "你用的派送箱怎么样？"
    },
    {
      "id": 74,
      "model": "싱클레어",
      "teller": "辛克莱",
      "title": "Девять协会 北部3科",
      "content": "虽说和上次用的包不一样让我有点困惑，但威力很强。"
    },
    {
      "id": 75,
      "model": "싱클레어",
      "teller": "辛克莱",
      "title": "Девять协会 北部3科",
      "content": "多亏了它，我才能快速突破出来。"
    },
    {
      "id": 76,
      "model": "로쟈",
      "teller": "罗佳",
      "title": "Девять协会 北部3科",
      "content": "啊呀……这就是原因了，辛克。"
    },
    {
      "id": 77,
      "model": "싱클레어",
      "teller": "辛克莱",
      "title": "Девять协会 北部3科",
      "content": "啊？"
    },
    {
      "id": 78,
      "model": "로쟈",
      "teller": "罗佳",
      "title": "Девять协会 北部3科",
      "content": "刚才辛克归还的那个波鲁……它在启动时会以崩解能量覆盖它巨大的表面。"
    },
    {
      "id": 79,
      "model": "로쟈",
      "teller": "罗佳",
      "title": "Девять协会 北部3科",
      "content": "所以能效有点……不，实际上非常差啊~"
    },
    {
      "id": 80,
      "model": "싱클레어",
      "teller": "辛克莱",
      "title": "Девять协会 北部3科",
      "content": "难道说，真的因为这个……"
    },
    {
      "id": 81,
      "content": "孩子带着空虚的表情看向结算后的钱。"
    },
    {
      "id": 82,
      "content": "虽然不算少，但与他期待的金额相比，却实在太少了。因此他感到一阵无可奈何的空虚。"
    },
    {
      "id": 83,
      "content": "可能是因为她觉得那个孩子很可怜吧。"
    },
    {
      "id": 84,
      "content": "嘴里叼着能量棒的孩子，用手掌拍了拍另一个孩子的背。"
    },
    {
      "id": 85,
      "content": "毫无防备之下被拍了背的孩子在惊讶之下转过头，露出了后悔的表情。"
    },
    {
      "id": 86,
      "model": "싱클레어",
      "teller": "辛克莱",
      "title": "Девять协会 北部3科",
      "content": "好、好痛！"
    },
    {
      "id": 87,
      "model": "로쟈",
      "teller": "罗佳",
      "title": "Девять协会 北部3科",
      "content": "不过那样的话，应该也赚了不少吧！事情都已经过去了，反正也拿到了钱，振作点~"
    },
    {
      "id": 88,
      "model": "로쟈",
      "teller": "罗佳",
      "title": "Девять协会 北部3科",
      "content": "我有时候也会把所有运费都花光，什么都不剩~"
    },
    {
      "id": 89,
      "model": "싱클레어",
      "teller": "辛克莱",
      "title": "Девять协会 北部3科",
      "content": "……也没办法呢。谢谢您安慰我。"
    },
    {
      "id": 90,
      "model": "로쟈",
      "teller": "罗佳",
      "title": "Девять协会 北部3科",
      "content": "既然赚到钱了，要不要一起吃个饭？"
    },
    {
      "id": 91,
      "model": "싱클레어",
      "teller": "辛克莱",
      "title": "Девять协会 北部3科",
      "content": "呃……我本来打算接下一个委托的。"
    },
    {
      "id": 92,
      "model": "로쟈",
      "teller": "罗佳",
      "title": "Девять协会 北部3科",
      "content": "先吃个饭再说也可以吧~嗯？反正现在正好是午餐时间呢！"
    },
    {
      "id": 93,
      "model": "로쟈",
      "teller": "罗佳",
      "title": "Девять协会 北部3科",
      "content": "波鲁~告诉我附近有什么好吃的店~"
    },
    {
      "id": 94,
      "teller": "波鲁德尼察",
      "title": "派送箱",
      "content": "[搜索完成。开始导航。]"
    },
    {
      "id": 95,
      "model": "싱클레어",
      "teller": "辛克莱",
      "title": "Девять协会 北部3科",
      "content": "诶！？波鲁德尼察连这种事都能做吗？"
    },
    {
      "id": 96,
      "model": "로쟈",
      "teller": "罗佳",
      "title": "Девять协会 北部3科",
      "content": "有的波鲁会做，也有的波鲁不会呢。大多数是不会的~看来我们运气似乎不错呢？"
    },
    {
      "id": 97,
      "model": "싱클레어",
      "teller": "辛克莱",
      "title": "Девять协会 北部3科",
      "content": "我的波鲁德尼察一次都没……"
    },
    {
      "id": 98,
      "content": "或许是因为波鲁德尼察那听起来有些亲切的话语，他感到了一丝寂寞。"
    },
    {
      "id": 99,
      "content": "孩子一边走一边吃饭……一边不停地向收尾人同事吐露对那只没听他的话就自行退还的波鲁德尼察的不满。"
    },
    {
      "id": 100,
      "content": "同事的波鲁德尼察推荐的店铺的菜肴……实在是太好吃了，让他更加不甘。"
    }
  ]
}