{
  "dataList": [
    {
      "id": 0,
      "content": "深夜，在一片漆黑的滩涂上。"
    },
    {
      "id": 1,
      "content": "其中某处，闪烁的蓝色火花忽隐忽现。"
    },
    {
      "id": 2,
      "content": "跟随着那耀眼得不像是灯塔，却又温顺得不像是火焰的光……"
    },
    {
      "id": 3,
      "model": "싱클레어",
      "teller": "辛克莱",
      "title": "臼齿修船厂",
      "content": "……"
    },
    {
      "id": 4,
      "content": "孩子在独自打开一个大型武器的内部，焊接的火花不断飞舞。"
    },
    {
      "id": 5,
      "model": "싱클레어",
      "teller": "辛克莱",
      "title": "臼齿修船厂",
      "content": "嗯……让我看看……"
    },
    {
      "id": 6,
      "model": "싱클레어",
      "teller": "辛克莱",
      "title": "臼齿修船厂",
      "content": "这里焊缝如果太宽的话会对电子系统造成影响。所以得尽量窄些……"
    },
    {
      "id": 7,
      "content": "噼滋滋，噼滋滋。"
    },
    {
      "id": 8,
      "model": "싱클레어",
      "teller": "辛克莱",
      "title": "臼齿修船厂",
      "content": "嗯……然后接下来……上面写着让我做什么？"
    },
    {
      "id": 9,
      "content": "孩子稍稍抬起护目镜，借着一盏小灯，读着纸条上写的内容。"
    },
    {
      "id": 10,
      "content": "那一定是同事画给他的电路图。"
    },
    {
      "id": 11,
      "model": "싱클레어",
      "teller": "辛克莱",
      "title": "臼齿修船厂",
      "content": "好的……接下来是电路连接……"
    },
    {
      "id": 12,
      "content": "滋滋滋。"
    },
    {
      "id": 13,
      "content": "这次，不再有火花闪烁，取而代之的是悄然升起的烟雾。"
    },
    {
      "id": 14,
      "content": "孩子眉头紧皱，可能是被焊接时产生的刺鼻烟雾所干扰。"
    },
    {
      "id": 15,
      "model": "싱클레어",
      "teller": "辛克莱",
      "title": "臼齿修船厂",
      "content": "咳咳……呼，那么现在……"
    },
    {
      "id": 16,
      "content": "随着咔哒一声，响起了电力接通的嗡嗡声。"
    },
    {
      "id": 17,
      "content": "孩子迫切希望他的武器能被成功改造。"
    },
    {
      "id": 18,
      "content": "但是……"
    },
    {
      "id": 19,
      "content": "轰隆隆。"
    },
    {
      "id": 20,
      "model": "싱클레어",
      "teller": "辛克莱",
      "title": "臼齿修船厂",
      "content": "啊！啊……为什么……没理由不运作啊……"
    },
    {
      "id": 21,
      "content": "一声轻微的叹息填满了寂静的店铺。"
    },
    {
      "id": 22,
      "content": "由于武器停止运作，店内此时更显得格外寂静。"
    },
    {
      "id": 23,
      "model": "싱클레어",
      "teller": "辛克莱",
      "title": "臼齿修船厂",
      "content": "没事的……再、再试一次。"
    },
    {
      "id": 24,
      "content": "孩子一脸迫切地紧握一把镊子，开始小心翼翼地检查电路板。"
    },
    {
      "id": 25,
      "content": "与此同时，孩子的心中也在不断涌现出不安。"
    },
    {
      "id": 26,
      "content": "自己作为事务所中最后一名从书变回来的人，能在饿死之前被人发现实属幸运。"
    },
    {
      "id": 27,
      "content": "不知不觉间他在一家修船厂开始了工作，但这里并不太需要收尾人时期的能力。"
    },
    {
      "id": 28,
      "content": "即使他试着帮忙狩猎……但自己上司的战斗方式却高效得多。"
    },
    {
      "id": 29,
      "content": "当他以为能在机械方面能帮上忙时……同事的技术却远比他优秀。"
    },
    {
      "id": 30,
      "content": "他过于平庸，无法在任何领域做出有意义的贡献，这种不安一直困扰着孩子。"
    },
    {
      "id": 31,
      "model": "싱클레어",
      "teller": "辛克莱",
      "title": "臼齿修船厂",
      "content": "……啊，是这样没错了！"
    },
    {
      "id": 32,
      "content": "这就是那孩子心情迫切的原因。"
    },
    {
      "id": 33,
      "content": "他向同事学习技术，并改造自己的武器……"
    },
    {
      "id": 34,
      "content": "然后用升级后的武器，以更高的效率捕杀废料蟹。"
    },
    {
      "id": 35,
      "model": "싱클레어",
      "teller": "辛克莱",
      "title": "臼齿修船厂",
      "content": "……完成了！"
    },
    {
      "id": 36,
      "content": "这是自己所想到唯一能帮上忙的办法。"
    },
    {
      "id": 37,
      "model": "싱클레어",
      "teller": "辛克莱",
      "title": "臼齿修船厂",
      "content": "好极了！用这个在明天的狩猎里试试……"
    },
    {
      "id": 38,
      "content": "然而，事情并不总是这么顺利。"
    },
    {
      "id": 39,
      "model": "싱클레어",
      "teller": "辛克莱",
      "title": "臼齿修船厂",
      "content": "嗯……虽然它在运作，但是并未达到预期……"
    },
    {
      "id": 40,
      "content": "看来武器并没有如孩子想法那样被改造。"
    },
    {
      "id": 41,
      "content": "孩子带着满脸的不痛快，拼尽全力才把废料蟹打倒。"
    },
    {
      "id": 42,
      "model": "싱클레어",
      "teller": "辛克莱",
      "title": "臼齿修船厂",
      "content": "也许是链条连接部位的齿轮比不对吧……好吧，我回去后再问问。"
    },
    {
      "id": 43,
      "content": "即便如此，孩子仍未放弃。"
    },
    {
      "id": 44,
      "content": "他将一直坚持下去，直到找到一个更好的解决方案。"
    }
  ]
}