{
  "dataList": [
    {
      "id": 0,
      "model": "뫼르소",
      "title": "中指",
      "content": "第125条第79项P列东部特别条目。使用武器干净利落地斩首。完成。"
    },
    {
      "id": 1,
      "model": "싱클레어",
      "title": "中指",
      "content": "连这种东西都看得那么仔细吗……好，该轮到下一个家伙了。"
    },
    {
      "id": 2,
      "model": "뫼르소",
      "title": "中指",
      "content": "嗯。了解。"
    },
    {
      "id": 3,
      "model": "돈키호테",
      "title": "中指",
      "content": "辛克莱！这家伙方才当着吾之面，对幼兄出言不逊！"
    },
    {
      "id": 4,
      "model": "싱클레어",
      "title": "中指",
      "content": "什、什么？马上再将其脚踝扭转四次。"
    },
    {
      "id": 5,
      "model": "돈키호테",
      "title": "中指",
      "content": "如其所言！接受正义之审判吧！"
    },
    {
      "id": 6,
      "teller": "延缓受刑人",
      "title": "8区",
      "content": "咕呃呃呃！！"
    },
    {
      "id": 7,
      "content": "8区的后巷因中指不合时宜的拜访而乱作一团。"
    },
    {
      "id": 8,
      "content": "本来东部的中指因为各种原因暂时离开了8区……"
    },
    {
      "id": 9,
      "content": "现在那些销声匿迹或出于各种原因还未受处罚的延缓受刑人们，都各自做着逃跑的准备。"
    },
    {
      "id": 10,
      "teller": "延缓受刑人",
      "title": "8区",
      "content": "明、明明你们离开了8区的……"
    },
    {
      "id": 11,
      "model": "싱클레어",
      "title": "中指",
      "content": "你应该庆幸自己现在受到了惩罚。如果这次逃跑了的话，下次被抓到要接受的处罚量就得翻倍。"
    },
    {
      "id": 12,
      "content": "如果不是自南部而来的幼兄，与包括孩子在内的幼弟们，也许那人真的能逃脱。"
    },
    {
      "id": 13,
      "content": "然而……由于某人在U公司偷走了幼兄的理发券，南部的中指们都来到了东部。"
    },
    {
      "id": 14,
      "content": "对某些人来说这可能是个荒唐的理由……但对包括孩子在内的中指而言却是相当严重的事。"
    },
    {
      "id": 15,
      "model": "싱클레어",
      "title": "中指",
      "content": "就快回来了。"
    },
    {
      "id": 16,
      "content": "孩子回想起与幼兄的对话，焦躁不安地看了看表。"
    },
    {
      "id": 17,
      "content": "既然其出于信任将幼弟们托付给自己，因此孩子想在幼兄出面前将事情做完。"
    },
    {
      "id": 18,
      "teller": "幼兄",
      "title": "中指",
      "content": "唉。本来应该……交给8区的家人们解决的，却因为我的执念让大家吃了无谓的苦。"
    },
    {
      "id": 19,
      "model": "싱클레어",
      "title": "中指",
      "content": "家人之间谁跟谁呀，大哥。"
    },
    {
      "id": 20,
      "teller": "幼兄",
      "title": "中指",
      "content": "真是不可原谅啊。不仅把我的小日记本随手扔到地上，还偷走了我的理发券。"
    },
    {
      "id": 21,
      "model": "싱클레어",
      "title": "中指",
      "content": "鸡毛蒜皮的事我们会处理，既然来了H公司，不如顺便在这旅游一下吧。"
    },
    {
      "id": 22,
      "model": "싱클레어",
      "title": "中指",
      "content": "听说这里就是以那什么……医疗旅游而闻名的，只要用丸来滋补身体，就能更好地报仇雪恨。"
    },
    {
      "id": 23,
      "model": "싱클레어",
      "title": "中指",
      "content": "不用担心我们的，您不是说还要去和东部的大哥大姐们打个招呼吗。"
    },
    {
      "id": 24,
      "teller": "幼兄",
      "title": "中指",
      "content": "啧。那就拜托了。我大概四个小时后回来。"
    },
    {
      "id": 25,
      "content": "正当孩子沉思于过去的事情时，一个响亮的声音唤醒了孩子的思绪。"
    },
    {
      "id": 26,
      "model": "돈키호테",
      "title": "中指",
      "content": "看好了！辛克莱！账簿上共享的2行怨恨，吾已尽数偿还！"
    },
    {
      "id": 27,
      "model": "뫼르소",
      "title": "中指",
      "content": "正确的计算。复仇账簿同步的怨恨中，东部的大哥大姐们指定的5条怨恨都已还清了。"
    },
    {
      "id": 28,
      "model": "싱클레어",
      "title": "中指",
      "content": "距离大哥回来还有20分钟……时间非常充裕。"
    },
    {
      "id": 29,
      "model": "싱클레어",
      "title": "中指",
      "content": "……这样一来东部的家人们也会满意吧。"
    },
    {
      "id": 30,
      "content": "解决了几行怨恨之后。"
    },
    {
      "id": 31,
      "content": "来自南部的孩子与其他幼弟们正围成一圈，讨论着各种话题。"
    },
    {
      "id": 32,
      "model": "싱클레어",
      "title": "中指",
      "content": "太吵了。一个一个说。"
    },
    {
      "id": 33,
      "model": "싱클레어",
      "title": "中指",
      "content": "8区有没有不错的餐厅？如果是为了招待大哥，已经预约了上好的烤鸭店，不用担心。下一个问题。"
    },
    {
      "id": 34,
      "teller": "愚笨的幼弟",
      "title": "中指",
      "content": "那个……我穿着在港口穿的衣服来了，没关系吗？"
    },
    {
      "id": 35,
      "model": "싱클레어",
      "title": "中指",
      "content": "你现在还在问这个，真是……"
    },
    {
      "id": 36,
      "model": "싱클레어",
      "title": "中指",
      "content": "我们又不像协会那样有制服穿。只要穿些颜色差不多能和大家打成一片的衣服就行了。"
    },
    {
      "id": 37,
      "content": "大到东部有什么，需要注意的禁忌是什么之类的问题。"
    },
    {
      "id": 38,
      "content": "小到如何能让大哥在这过得更舒服之类微不足道的琐事。"
    },
    {
      "id": 39,
      "content": "在各式各样问题的洗礼中，孩子大多数时候都是站在回答者的立场上解答疑问。"
    },
    {
      "id": 40,
      "model": "돈키호테",
      "title": "中指",
      "content": "然，辛克莱为何对东部之事知之甚详？！莫非汝实为东部出身……"
    },
    {
      "id": 41,
      "model": "싱클레어",
      "title": "中指",
      "content": "我并不是出身于东部……只是因为一些事在这里住过一段时间。"
    },
    {
      "id": 42,
      "model": "싱클레어",
      "title": "中指",
      "content": "嗯。没有其他可偿还的了吗？只有彻底报仇雪恨，大哥的心情才会更好吧。"
    },
    {
      "id": 43,
      "model": "싱클레어",
      "title": "中指",
      "content": "默尔索。偷走理发券的处罚是什么来着？"
    },
    {
      "id": 44,
      "model": "뫼르소",
      "title": "中指",
      "content": "第8条第20项A行6列。对所有涉案人员即刻处刑。"
    },
    {
      "id": 45,
      "model": "싱클레어",
      "title": "中指",
      "content": "那就没必要再补充了吧。"
    },
    {
      "id": 46,
      "model": "뫼르소",
      "title": "中指",
      "content": "嗯。见面后，如果对方表现出无礼的态度，最好额外追加应用一些条目。"
    },
    {
      "id": 47,
      "model": "싱클레어",
      "title": "中指",
      "content": "好啊。这样应该就能安排好，不会让大哥不自在了。"
    },
    {
      "id": 48,
      "content": "孩子合上看了一段时间的复仇账簿，吸引了其他幼弟幼妹们的目光。"
    },
    {
      "id": 49,
      "content": "虽然孩子像上级一样发号施令行事，但并没有幼弟幼妹对此感到不满。"
    },
    {
      "id": 50,
      "content": "甚至有传言说他很快就要成为长弟了，即使年纪尚小，他待在中指的时间却很长……"
    },
    {
      "id": 51,
      "content": "他和幼兄一起还清了许多深仇大恨也是人尽皆知的事情。"
    },
    {
      "id": 52,
      "teller": "幼兄",
      "title": "中指",
      "content": "准备好了吗。"
    },
    {
      "id": 53,
      "model": "싱클레어",
      "title": "中指",
      "content": "啊，是的。说起来您回来得真早啊。"
    },
    {
      "id": 54,
      "teller": "幼兄",
      "title": "中指",
      "content": "什么旅游啊，一想到被那家伙拿走的理发券就集中不了注意力。还有拿着这个，你们分着吃吧。"
    },
    {
      "id": 55,
      "model": "싱클레어",
      "title": "中指",
      "content": "丸……？鳖丸应该很值钱的吧……"
    },
    {
      "id": 56,
      "teller": "幼兄",
      "title": "中指",
      "content": "东部的家人们卖得便宜，我就带了一些回来。"
    },
    {
      "id": 57,
      "teller": "幼兄",
      "title": "中指",
      "content": "话说回来……你都长这么大了，嗯？"
    },
    {
      "id": 58,
      "teller": "幼兄",
      "title": "中指",
      "content": "还记得第一次见面时，还是个因为害怕打人而哭得浑身发抖的家伙，现在都快变成近在眼前的长弟了。"
    },
    {
      "id": 59,
      "model": "싱클레어",
      "title": "中指",
      "content": "大、大哥，还提那时候的事就有点……"
    },
    {
      "id": 60,
      "content": "是因为现在孩子的模样已经与过去大相径庭了吗？"
    },
    {
      "id": 61,
      "content": "听到幼兄话语的弟妹们都难以置信地看着孩子。"
    },
    {
      "id": 62,
      "content": "孩子似乎不想接话，移开了视线，将话题转到了别的地方。"
    },
    {
      "id": 63,
      "model": "싱클레어",
      "title": "中指",
      "content": "总、总之。"
    },
    {
      "id": 64,
      "model": "싱클레어",
      "title": "中指",
      "content": "大哥说大家辛苦了，还给我们分了丸……如果还抓不到那家伙，中指可就颜面尽失了。"
    },
    {
      "id": 65,
      "model": "싱클레어",
      "title": "中指",
      "content": "让他们好好瞧着吧。在都市里对中指出手会发生什么。"
    },
    {
      "id": 66,
      "content": "孩子与弟妹们跟在幼兄身后迈开了脚步。"
    },
    {
      "id": 67,
      "content": "或许无法挣脱的锁链有朝一日会化为枷锁，束缚住孩子的脚步……"
    },
    {
      "id": 68,
      "content": "但对现在的孩子而言，这是坚不可摧的牢固锁链。"
    }
  ]
}