{
  "dataList": [
    {
      "id": 0,
      "model": "돈키호테",
      "title": "Zwei协会 6科",
      "content": "噢！汝在此！来，此乃汝的份！"
    },
    {
      "id": 1,
      "model": "싱클레어",
      "title": "Zwei协会 6科",
      "content": "嘘……小声点！……这是奶茶吗？谢、谢谢……"
    },
    {
      "id": 2,
      "content": "那孩子正在接受Zwei协会加入前的审查测验。"
    },
    {
      "id": 3,
      "content": "像这样提前接受协会的培训，通过完成简略的委托来考察是否能胜任协会直属的收尾人工作。"
    },
    {
      "id": 4,
      "model": "돈키호테",
      "title": "Zwei协会 6科",
      "content": "所以，那人就是我们要保护的重要人物吗？"
    },
    {
      "id": 5,
      "content": "……虽然这在都市是人人皆知，不过收尾人的等级和执照是由하나协会管理的。"
    },
    {
      "id": 6,
      "content": "话虽如此，하나协会也并非直接主管所有审查测验。"
    },
    {
      "id": 7,
      "content": "形式上是各协会直接主管着执照测验，再把结果报告给하나协会。"
    },
    {
      "id": 8,
      "content": "这孩子也是那样接受了Zwei协会的加入测验……"
    },
    {
      "id": 9,
      "content": "突然遭遇了要保护的重要人物被卷入争吵的场面。"
    },
    {
      "id": 10,
      "content": "出于恐惧与不安，孩子犹豫着要不要上前……"
    },
    {
      "id": 11,
      "model": "돈키호테",
      "title": "Zwei协会 6科",
      "content": "像这样一动不动，是有违Zwei信念的！"
    },
    {
      "id": 12,
      "content": "孩子忽地想起自己在执照测验里说过的话。"
    },
    {
      "id": 13,
      "content": "随后他轻轻点了点头，这般说道。"
    },
    {
      "id": 14,
      "model": "싱클레어",
      "title": "Zwei协会 6科",
      "content": "没错……我们可是Zwei，委托人之盾啊。"
    }
  ]
}