{
  "dataList": [
    {
      "id": 0,
      "content": "即使到了晚上，在人造光源下依然明亮的鸿园之夜。"
    },
    {
      "id": 1,
      "content": "孩子黄色的眼睛炯炯有神地闪烁着，俯视着眼前可恶的小偷。"
    },
    {
      "id": 2,
      "model": "오티스",
      "title": "黑兽-卯",
      "content": "你那可笑的狂奔终于结束了吗。"
    },
    {
      "id": 3,
      "teller": "小偷",
      "title": "？？？",
      "content": "虽然听说过卯很快……但这也……"
    },
    {
      "id": 4,
      "model": "오티스",
      "title": "黑兽-卯",
      "content": "竟然以为能用那么慢的步伐从兔子身边逃走……真是愚蠢。"
    },
    {
      "id": 5,
      "content": "从半路截走主公本应收到的重要物品，然后消失的小偷。"
    },
    {
      "id": 6,
      "content": "尽管小偷逃跑两个小时后，孩子才接收到抓捕小偷的命令……"
    },
    {
      "id": 7,
      "content": "但这时间差就好像没有意义一般，孩子只用不到半个小时便追上了他。"
    },
    {
      "id": 8,
      "content": "虽然鸿园的后巷因为各种建筑而错综复杂，但对于每天都以鸿园为舞台展开暗斗的黑兽来说，应该已经对他的逃跑路线了如指掌了吧。"
    },
    {
      "id": 9,
      "model": "오티스",
      "title": "黑兽-卯",
      "content": "“虫”没事吧。"
    },
    {
      "id": 10,
      "content": "小偷手里蠕动着一条又长又肥的虫子。"
    },
    {
      "id": 11,
      "content": "尽管其光滑的表面、柔软的身躯不自然地蠕动的样子已经够恐怖的了……"
    },
    {
      "id": 12,
      "content": "但最可怕的，还属那个被称为“虫”的怪物的头部。"
    },
    {
      "id": 13,
      "content": "虽然长得和人类一模一样，但它的皮肤苍白松弛，凹陷的眼窝失去焦点，茫然地凝视着虚空，宛如一只恐怖的怪物。"
    },
    {
      "id": 14,
      "content": "尽管如此，小偷还是小心翼翼地用双手环抱着它，好像那是一件珍贵的宝物。"
    },
    {
      "id": 15,
      "model": "오티스",
      "title": "黑兽-卯",
      "content": "偷了用贵人所制成的虫，就算立即将你斩首也不为过……"
    },
    {
      "id": 16,
      "content": "在西部或南部等其他地区生活的人们看来，一条虫子能做什么……"
    },
    {
      "id": 17,
      "content": "但这个小偷拿着的虫子，和一般的虫子可不一样。"
    },
    {
      "id": 18,
      "content": "这是一种特殊的虫子，放入体内后便能获得成为其材料之人的记忆，"
    },
    {
      "content": "无论材料的贵贱，都会被认定为人而非物品的特殊的存在。"
    },
    {
      "id": 19,
      "content": "其中被小偷偷走的虫，是以知晓家族诸多秘辛的鸿园的尊贵人物为材料，炼制而成的贵重物品。"
    },
    {
      "id": 20,
      "content": "里面会以记忆的形式，记录着与孩子侍奉的主公相关的家族的各种信息……"
    },
    {
      "id": 21,
      "content": "如果敌对家族的候选人把“虫”拿到手并放进自己体内，那么孩子的主公瞬间就会被夺走家族的各种秘密。"
    },
    {
      "id": 22,
      "model": "오티스",
      "title": "黑兽-卯",
      "content": "我想听听你贪图那只虫的理由。"
    },
    {
      "id": 23,
      "content": "尽管如此，孩子还是决定与其直接砍掉小偷的头，不如问问情况。"
    },
    {
      "id": 24,
      "content": "孩子并没有怀有同情心。"
    },
    {
      "id": 25,
      "content": "只是因为孩子的主公希望如此。"
    },
    {
      "id": 26,
      "content": "是因为从孩子冷淡的语调中，领悟到了下达命令之人给予的机会吗？"
    },
    {
      "id": 27,
      "content": "小偷立即跪下，用悲伤的声音开始讲述自己的故事。"
    },
    {
      "id": 28,
      "teller": "小偷",
      "title": "？？？",
      "content": "只、只是因为我需要钱啊。"
    },
    {
      "id": 29,
      "teller": "小偷",
      "title": "？？？",
      "content": "只、只要从其他家族那里拿到虫，就能得到一笔足够安稳生活一辈子的财富。"
    },
    {
      "id": 30,
      "teller": "小偷",
      "title": "？？？",
      "content": "为了照顾生病的老母亲，我别无选择……"
    },
    {
      "id": 31,
      "model": "오티스",
      "title": "黑兽-卯",
      "content": "此乃谎言。要是黑兽连这个都察觉不到的话，怎么可能这么轻易就找到你。"
    },
    {
      "id": 32,
      "model": "오티스",
      "title": "黑兽-卯",
      "content": "生病的老母亲……哈。你老母早在三年前就没命了。"
    },
    {
      "id": 33,
      "teller": "小偷",
      "title": "？？？",
      "content": "居然在那么短的时间里……"
    },
    {
      "id": 34,
      "model": "오티스",
      "title": "黑兽-卯",
      "content": "老实交代。"
    },
    {
      "id": 35,
      "model": "오티스",
      "title": "黑兽-卯",
      "content": "主公伸给你的救命稻草可并不长。"
    },
    {
      "id": 36,
      "model": "오티스",
      "title": "黑兽-卯",
      "content": "如果无缘无故地说谎的话……"
    },
    {
      "id": 37,
      "content": "面对孩子坚决的态度，小偷犹豫了半天才开口。"
    },
    {
      "id": 38,
      "teller": "小偷",
      "title": "？？？",
      "content": "……"
    },
    {
      "id": 39,
      "teller": "小偷",
      "title": "？？？",
      "content": "我再也不想成天提心吊胆，担心自己什么时候会被重构日淘汰了。"
    },
    {
      "id": 40,
      "content": "存在于鸿园的大部分建筑，每隔一段时间就会移动一次。"
    },
    {
      "id": 41,
      "content": "那是根据各自所拥有的财产，重新分配空间的过程。"
    },
    {
      "id": 42,
      "content": "穷人居住的空间会越来越小，在本应成为休息场所的家里也无法安心休息。"
    },
    {
      "id": 43,
      "content": "虽说是令人惋惜的处境……但对于作为黑兽的孩子来说，这个故事并不能引起她的共鸣。"
    },
    {
      "id": 44,
      "model": "오티스",
      "title": "黑兽-卯",
      "content": "是因为财迷心窍才这么做的吗。"
    },
    {
      "id": 45,
      "model": "오티스",
      "title": "黑兽-卯",
      "content": "如果是这种程度的话……我们要聊的话题就到此为止了。"
    },
    {
      "id": 46,
      "teller": "小偷",
      "title": "？？？",
      "content": "如、如果你靠近我，或者让我看到你的脚有变形的迹象的话……我就马上把这个虫子放进我的耳朵里！"
    },
    {
      "id": 47,
      "model": "오티스",
      "title": "黑兽-卯",
      "content": "……急着送死吗。这不是你能承受的记忆。何况……"
    },
    {
      "id": 48,
      "teller": "小偷",
      "title": "？？？",
      "content": "等、等一下！！！"
    },
    {
      "id": 49,
      "model": "오티스",
      "title": "黑兽-卯",
      "content": "不。没必要再说了。"
    },
    {
      "id": 50,
      "content": "小偷还没说完，孩子背上的剑就开始闪烁起凶恶的光芒。"
    },
    {
      "id": 51,
      "content": "用Q公司的技术刻在这柄剑上的奇异文字，只有在满足特定条件时才能发挥真正的力量。"
    },
    {
      "id": 52,
      "content": "在这次任务中，孩子能使用这份力量的条件，是偷走“虫”的人拒绝了主公的仁慈。"
    },
    {
      "id": 53,
      "content": "拿着剑的孩子的脚，瞬间变成了像兔子一样的逆关节，做好了冲向小偷的准备……"
    },
    {
      "id": 54,
      "content": "预感到未来的小偷尽管明知是徒劳，却仍用尽全力地向后倒去。"
    },
    {
      "id": 55,
      "teller": "小偷",
      "title": "？？？",
      "content": "咳呃呃……妈的！"
    },
    {
      "id": 56,
      "content": "作为最后的手段，小偷慌忙将虫子放进了耳朵里……"
    },
    {
      "id": 57,
      "teller": "小偷",
      "title": "？？？",
      "content": "咯啊……"
    },
    {
      "id": 58,
      "model": "오티스",
      "title": "黑兽-卯",
      "content": "即使把虫放入体内，如果立即死亡的话……在体内的虫被同化之前，都可以完好无损地重新取出。"
    },
    {
      "id": 59,
      "model": "오티스",
      "title": "黑兽-卯",
      "content": "你忽略了这一点。"
    },
    {
      "id": 60,
      "content": "孩子的剑冲出得太快，小偷半声惨叫噎在喉头时便丧命了。"
    },
    {
      "id": 61,
      "content": "再过一会儿，“虫”就会和小偷的身体融为一体……在满足用“虫”制作时刻下的条件之前，用任何手段都无法取出……"
    },
    {
      "id": 62,
      "content": "既然在被同化之前取了命，孩子就可以轻松地找回虫子了。"
    },
    {
      "id": 63,
      "model": "오티스",
      "title": "黑兽-卯",
      "content": "下一个任务是……"
    },
    {
      "id": 64,
      "content": "但是孩子的夜晚并不是一个任务就能结束的。"
    },
    {
      "id": 65,
      "content": "鸿园之中暗流涌动，在暗斗旋涡的中心，身为黑兽的孩子……"
    },
    {
      "id": 66,
      "content": "定会向主公新令所指的方向蹦跳下去。"
    }
  ]
}