{
  "dataList": [
    {
      "content": "空荡荡的列车。"
    },
    {
      "content": "五颜六色的火花飞溅，短暂地照亮了寂静的车厢中的血与肉，三个孩子进入了车厢。"
    },
    {
      "model": "이상",
      "title": "W公司 清扫人员",
      "content": "奥提斯组长，只有我们几个真的没问题吗……？把外面的人员全都带进来比较……"
    },
    {
      "content": "另一位看起来很疲惫的孩子担心地问道，但是孩子的回答却很干脆。"
    },
    {
      "model": "오티스",
      "title": "W公司 清扫人员",
      "content": "如果是常见的“自杀型”倒还好，但这辆列车可不适合新手。"
    },
    {
      "model": "료슈",
      "title": "W公司 清扫人员",
      "content": "说·对。菜鸟们来了也只会碍事。"
    },
    {
      "model": "오티스",
      "title": "W公司 清扫人员",
      "content": "如果它们堵上所有的门不出来的话，说明其还残留着一定程度的智力，所以别大意了。"
    },
    {
      "content": "今天是新入职的清扫人员的实习日。"
    },
    {
      "content": "本来，孩子应该一边指挥笨手笨脚的新清扫人员，一边不断地训斥他们，但是……"
    },
    {
      "content": "偏偏监控摄像显示的WARP列车内部情况不同寻常。"
    },
    {
      "model": "이상",
      "title": "W公司 清扫人员",
      "content": "呼……"
    },
    {
      "content": "既有披着用自己的皮肤做成的披风、头戴粗劣王冠的乘客；也有手持武器、在列车入口处轮流警备的乘客。"
    },
    {
      "content": "至今仍然徘徊在列车上的他们，似乎已经在列车中创造了属于自己的文明和规则，度过了这漫长的岁月。"
    },
    {
      "content": "孩子觉得让连基本手册都没能掌握的新手去面对它们会很困难。"
    },
    {
      "content": "这就是为何只有身为3级清扫人员的三个孩子进入了列车。"
    },
    {
      "model": "이상",
      "title": "W公司 清扫人员",
      "content": "最近，这种形态特异的列车有所增加……晚点也更为频繁……组长的意见是什么呢？"
    },
    {
      "model": "오티스",
      "title": "W公司 清扫人员",
      "content": "这是因为降低了票价，增加了普通座位。"
    },
    {
      "model": "오티스",
      "title": "W公司 清扫人员",
      "content": "随着乘客数量增多，素质低下乘客的比例也在增加，类型也就会变得多种多样。"
    },
    {
      "model": "이상",
      "title": "W公司 清扫人员",
      "content": "然而这难以解释越来越频繁的晚点吧？"
    },
    {
      "model": "료슈",
      "title": "W公司 清扫人员",
      "content": "哼，都是之前让我们闭口不谈的那起列车事故导致的吧。因为那事坐头等舱的蠢货们都……"
    },
    {
      "model": "오티스",
      "title": "W公司 清扫人员",
      "content": "够了。"
    },
    {
      "model": "오티스",
      "title": "W公司 清扫人员",
      "content": "我们都已经被下了封口令。不要紧盯不放了。"
    },
    {
      "model": "료슈",
      "title": "W公司 清扫人员",
      "content": "哈啊……"
    },
    {
      "model": "료슈",
      "title": "W公司 清扫人员",
      "content": "嗯，反正能探求艺术的机会增多了，这次我就照办吧。"
    },
    {
      "model": "오티스",
      "title": "W公司 清扫人员",
      "content": "……"
    },
    {
      "content": "孩子也隐约有所推测。"
    },
    {
      "content": "自几年前发生的那起事件以后……乘坐头等舱的乘客就一直在减少。"
    },
    {
      "content": "一定是头等舱发生过无可挽回的事故吧。"
    },
    {
      "content": "但是身为员工的孩子不可能知道准确的原因吧。肯定会认为只有W公司的高层才能知晓。"
    },
    {
      "content": "而且孩子知道，如果员工想要挖掘这些真相……对翼来说可能会导致某种意义上比“事故”还要严重的“事故”。"
    },
    {
      "model": "오티스",
      "title": "W公司 清扫人员",
      "content": "……即便如此，如果他们放任不管，等到员工们承受不住的时候又该怎么办呢？"
    },
    {
      "content": "孩子突然把想法说出了口，随后猛地摇了摇脑袋。"
    },
    {
      "model": "오티스",
      "title": "W公司 清扫人员",
      "content": "闲聊到此为止，开始工作吧。"
    },
    {
      "content": "孩子叹了口气，取出手册。"
    },
    {
      "content": "她一直在想些对自己和后辈员工都没有帮助的事情。"
    },
    {
      "model": "오티스",
      "title": "W公司 清扫人员",
      "content": "因为次元坐标可能发生异常，所以在列车运行中应尽量避免使用空间撕裂……列车停下后不可打开员工用冬眠舱……嗯，不是这一页吗。"
    },
    {
      "model": "이상",
      "title": "W公司 清扫人员",
      "content": "依然有许多不知道为何会存在的条款。"
    },
    {
      "content": "看上去很疲惫的孩子瞥了一眼手册，又多补充了几句。"
    },
    {
      "model": "료슈",
      "title": "W公司 清扫人员",
      "content": "没·用。竟然还没放弃理解啊。"
    },
    {
      "model": "오티스",
      "title": "W公司 清扫人员",
      "content": "闲聊就……啊，这里写着呢。“势力型”的所需时间为1小时……考虑到下一班列车的到达时间已经很紧迫了。"
    },
    {
      "model": "오티스",
      "title": "W公司 清扫人员",
      "content": "各就各位。赶紧清扫吧。"
    },
    {
      "content": "孩子的指挥很合理，同时也很有效率。"
    },
    {
      "content": "如果一扇门被血管与肉块缠绕而无法打开，她则会迅速地打开次元裂痕；如果有发狂的乘客出现，她就会考虑各自的武器特性来应对它们。"
    },
    {
      "model": "오티스",
      "title": "W公司 清扫人员",
      "content": "结束后会给你额外的鉴赏时间，先清扫乘客吧。"
    },
    {
      "model": "료슈",
      "title": "W公司 清扫人员",
      "content": "哼……不错。"
    },
    {
      "content": "因为她知道叼着烟的孩子不喜欢对乘客动手，所以指派她去收集散落的血管和肉块……"
    },
    {
      "model": "오티스",
      "title": "W公司 清扫人员",
      "content": "李箱，你去开路。尽可能集中精力镇压乘客。"
    },
    {
      "model": "이상",
      "title": "W公司 清扫人员",
      "content": "这比我同僚的工作……要好得多。"
    },
    {
      "content": "因为她知道有着浓重黑眼圈的孩子的性格，所以委派他去镇压狂暴的乘客。"
    },
    {
      "model": "오티스",
      "title": "W公司 清扫人员",
      "content": "可能会被偷袭，所以要持续保持充能力场。我们需要突破封锁的门，所以你们每次充能完毕时就释放空间撕裂。"
    },
    {
      "content": "再加上她把W公司的装备也分配得恰到好处，孩子负责的列车通常会比手册中写的速度更快地完成清扫。"
    },
    {
      "model": "오티스",
      "title": "W公司 清扫人员",
      "content": "这次也进展迅速啊。"
    },
    {
      "content": "在30分钟的清扫工作后，孩子终于做出了“暂停”的手势。"
    },
    {
      "content": "这是考虑到武器的电量以及清扫人员的疲劳感后作出的休息指示。"
    },
    {
      "model": "오티스",
      "title": "W公司 清扫人员",
      "content": "休息5分钟。"
    },
    {
      "model": "이상",
      "title": "W公司 清扫人员",
      "content": "啊……终于。"
    },
    {
      "content": "看上去很疲倦的孩子听了那话便安心地合上了眼，另一个孩子则立刻叼了根新的烟。"
    },
    {
      "model": "료슈",
      "title": "W公司 清扫人员",
      "content": "呼，这次的乘客们都碎裂得相当不可思议。"
    },
    {
      "model": "오티스",
      "title": "W公司 清扫人员",
      "content": "这些是某些车厢被用作监狱或拷问室的痕迹。经常发现于形成势力的乘客之间。"
    },
    {
      "model": "이상",
      "title": "W公司 清扫人员",
      "content": "话说……组长你不休息吗？"
    },
    {
      "model": "오티스",
      "title": "W公司 清扫人员",
      "content": "我在以自己的方式休息。这是……我的一个习惯，不必在意。"
    },
    {
      "content": "孩子并没有休息，而是在把碎裂的乘客集中到一处。"
    },
    {
      "content": "因为自己高效地运用武器，电量还充足……体力也没有消耗到需要休息的程度。"
    },
    {
      "content": "她让其他孩子们休息，但另一方面她想尽可能更多地推进工作。"
    },
    {
      "content": "就在那时，孩子感到脚下传来了微弱的震动。"
    },
    {
      "content": "仿佛有人在踏步一般的微弱声音也接连不断。"
    },
    {
      "model": "이상",
      "title": "W公司 清扫人员",
      "content": "说来，从刚才起是不是有奇怪的声音？"
    },
    {
      "model": "오티스",
      "title": "W公司 清扫人员",
      "content": "听到了。它注意到这里了。"
    },
    {
      "content": "话音刚落，全身刺满带血骨骼的乘客洒落着黏黏糊糊的肉块，冲了出来。"
    },
    {
      "model": "료슈",
      "title": "W公司 清扫人员",
      "content": "啧，区区未完成的作品……"
    },
    {
      "content": "叼着烟的孩子想要站起来，却被止住了。"
    },
    {
      "content": "孩子看到她的武器还没有充电，便制止了她。"
    },
    {
      "model": "료슈",
      "title": "W公司 清扫人员",
      "content": "……什么？"
    },
    {
      "model": "오티스",
      "title": "W公司 清扫人员",
      "content": "连充能都没有完成就不要挥着武器上前。"
    },
    {
      "model": "료슈",
      "title": "W公司 清扫人员",
      "content": "次·魔·空·裂只有在浸透我的血液时才是艺术……"
    },
    {
      "model": "오티스",
      "title": "W公司 清扫人员",
      "content": "不。如果你真想用的话就坐下吧。让我上。"
    },
    {
      "content": "孩子的手套上摇曳着紫色的光芒，让人误以为扭曲了空间的力场出现在孩子手套的周围。就在那一瞬……"
    },
    {
      "content": "扑上来的乘客眨眼间便被轰击到了客舱的深处，爆裂成数千块碎片。"
    },
    {
      "model": "료슈",
      "title": "W公司 清扫人员",
      "content": "……我不喜欢拼图游戏。"
    },
    {
      "content": "虽然另一个孩子烦躁的低语伴随着香烟的烟雾传了过来，但孩子无视了，背过身对他们下了命令。"
    },
    {
      "model": "오티스",
      "title": "W公司 清扫人员",
      "content": "5分钟到了。上工吧。"
    },
    {
      "model": "이상",
      "title": "W公司 清扫人员",
      "content": "休息时间……为何如此轻易地就流逝了呢……"
    },
    {
      "model": "이상",
      "title": "W公司 清扫人员",
      "content": "但是，下一班列车只要教导新来的清扫人员就好……真是万幸。"
    },
    {
      "model": "료슈",
      "title": "W公司 清扫人员",
      "content": "呵，未完成的作品就交给菜鸟们，这样我就有足够的时间去欣赏艺术品了。"
    },
    {
      "content": "对于其他孩子们充满期待的话语，孩子本来想教育他们一番，但在看到掉在地上的一张传单后便闭上了嘴。"
    },
    {
      "model": "오티스",
      "title": "W公司 清扫人员",
      "content": "……"
    },
    {
      "model": "오티스",
      "title": "W公司 清扫人员",
      "content": "无论何处都只要10秒……吗。"
    },
    {
      "content": "即使经过了许久，也依然没有腐烂的WARP列车宣传单。"
    },
    {
      "content": "孩子将帽子压低，捡起传单并放到了座位上，移开了视线。"
    },
    {
      "model": "오티스",
      "title": "W公司 清扫人员",
      "content": "即使在这种列车上工作，别说10秒了，就算是10年我也没法保证能回去吗。"
    },
    {
      "model": "오티스",
      "title": "W公司 清扫人员",
      "content": "回去的路……无论何时都遥远而艰险啊。"
    }
  ]
}