{
  "dataList": [
    {
      "id": 0,
      "content": "孩子一大早就开始忙碌。"
    },
    {
      "id": 1,
      "content": "选择布料，将其展开。拿一根手指粗细的针四处缝合，再打结。"
    },
    {
      "id": 2,
      "content": "她就那么忙碌着，不知不觉间站立在原地，望向某个地方。"
    },
    {
      "id": 3,
      "model": "오티스",
      "teller": "奥提斯",
      "title": "拉·曼却领 理发师",
      "content": "唔……这里不太平衡。"
    },
    {
      "id": 4,
      "content": "瞬间做好的一件派对礼服，被孩子穿在了一直注视的人体模型上。"
    },
    {
      "id": 5,
      "content": "虽然礼服乍一眼看上去十分美丽……但孩子似乎有所不满。"
    },
    {
      "id": 6,
      "model": "로쟈",
      "teller": "？？？",
      "title": "拉·曼却领 公主",
      "content": "你又站在原地做什么？"
    },
    {
      "id": 7,
      "content": "孩子似乎正在思考着什么时，弥漫着沉重气息的裁缝室里响起高跟鞋的哒哒声……"
    },
    {
      "id": 8,
      "content": "最后，偌大的影子停在孩子身前。"
    },
    {
      "id": 9,
      "model": "오티스",
      "teller": "奥提斯",
      "title": "拉·曼却领 理发师",
      "content": "在室内有必要撑阳伞吗。我作品上的色彩都看不清了。"
    },
    {
      "id": 10,
      "model": "로쟈",
      "teller": "？？？",
      "title": "拉·曼却领 公主",
      "content": "你不知道吗？不只有日光是皮肤的大敌。你这里的强烈光照也很致命哦。"
    },
    {
      "id": 11,
      "content": "虽然身穿紫色服饰、手撑阳伞的另一名孩子回答了孩子的提问，但她似乎一脸不乐意。"
    },
    {
      "id": 12,
      "content": "她没有看向对话的人，只是盯着指尖……似乎是对除自己以外的事物毫无兴趣。"
    },
    {
      "id": 13,
      "model": "오티스",
      "teller": "奥提斯",
      "title": "拉·曼却领 理发师",
      "content": "……呼。算了，也没说错。"
    },
    {
      "id": 14,
      "model": "오티스",
      "teller": "奥提斯",
      "title": "拉·曼却领 理发师",
      "content": "所以呢，你来裁缝室有何贵干？游行很快就要开始了……"
    },
    {
      "id": 15,
      "model": "로쟈",
      "teller": "？？？",
      "title": "拉·曼却领 公主",
      "content": "我正是因为游行快开始才来的。"
    },
    {
      "id": 16,
      "model": "오티스",
      "teller": "奥提斯",
      "title": "拉·曼却领 理发师",
      "content": "这根本不构成回答……"
    },
    {
      "id": 17,
      "model": "로쟈",
      "teller": "？？？",
      "title": "拉·曼却领 公主",
      "content": "如果我说是因为你做的服装有问题，你肯定会生气的。"
    },
    {
      "id": 18,
      "model": "오티스",
      "teller": "奥提斯",
      "title": "拉·曼却领 理发师",
      "content": "有问题？！"
    },
    {
      "id": 19,
      "model": "로쟈",
      "teller": "？？？",
      "title": "拉·曼却领 公主",
      "content": "哎。"
    },
    {
      "id": 20,
      "content": "染着紫色指甲的孩子轻轻叹了口气。她能预料到对话会在这种气氛下继续。"
    },
    {
      "id": 21,
      "content": "……但她也不可能穿着不完美的服装进行游行。"
    },
    {
      "id": 22,
      "content": "因此，即使会有些争吵，她也只能来到裁缝室。"
    },
    {
      "id": 23,
      "model": "오티스",
      "teller": "奥提斯",
      "title": "拉·曼却领 理发师",
      "content": "那不可能！经我之手的服装都是我倾注心血的作品，那之中你的服装更是……"
    },
    {
      "id": 24,
      "model": "로쟈",
      "teller": "？？？",
      "title": "拉·曼却领 公主",
      "content": "这里，松了。"
    },
    {
      "id": 25,
      "model": "로쟈",
      "teller": "？？？",
      "title": "拉·曼却领 公主",
      "content": "只是我瘦了。不是你的问题啦。"
    },
    {
      "id": 26,
      "model": "오티스",
      "teller": "奥提斯",
      "title": "拉·曼却领 理发师",
      "content": "什……"
    },
    {
      "id": 27,
      "content": "孩子慌忙拉开卷尺靠近她。"
    },
    {
      "id": 28,
      "model": "오티스",
      "teller": "奥提斯",
      "title": "拉·曼却领 理发师",
      "content": "还……真是？你，最近没吃饭……"
    },
    {
      "id": 29,
      "model": "로쟈",
      "teller": "？？？",
      "title": "拉·曼却领 公主",
      "content": "如果你是问吃没吃那些难吃得像砖头一样的血棒，那我当然一口都没吃。"
    },
    {
      "id": 30,
      "model": "오티스",
      "teller": "奥提斯",
      "title": "拉·曼却领 理发师",
      "content": "……好吧，多亏如此，应该能让礼服更加漂亮了。"
    },
    {
      "id": 31,
      "model": "오티스",
      "teller": "奥提斯",
      "title": "拉·曼却领 理发师",
      "content": "但如果连你美丽的脸也憔悴了该怎么办。"
    },
    {
      "id": 32,
      "model": "로쟈",
      "teller": "？？？",
      "title": "拉·曼却领 公主",
      "content": "那就是你要负责的事情吧。将我打扮漂亮就是你的工作。"
    },
    {
      "id": 33,
      "model": "로쟈",
      "teller": "？？？",
      "title": "拉·曼却领 公主",
      "content": "你会为我准备好漂亮的面具吗？"
    },
    {
      "id": 34,
      "model": "오티스",
      "teller": "奥提斯",
      "title": "拉·曼却领 理发师",
      "content": "……我会的。"
    },
    {
      "id": 35,
      "model": "오티스",
      "teller": "奥提斯",
      "title": "拉·曼却领 理发师",
      "content": "不过，想想最近的餐食，确实越来越无法接受血棒了……"
    },
    {
      "id": 36,
      "content": "自言自语的孩子想到的，是曾经举办的“晚宴”。"
    },
    {
      "id": 37,
      "content": "那是对于孩子以及她的家人而言……太久未见的正经的餐食。"
    },
    {
      "id": 38,
      "content": "他们引诱了前来访问拉·曼却领的客人……"
    },
    {
      "id": 39,
      "model": "오티스",
      "teller": "奥提斯",
      "title": "拉·曼却领 理发师",
      "content": "我从未想到，即使摘下面具自己也不会变得丑陋。"
    },
    {
      "id": 40,
      "model": "오티스",
      "teller": "奥提斯",
      "title": "拉·曼却领 理发师",
      "content": "虽然味道也是其中之一，但最令人震惊的是……我已经想不起我们如何能在如此漫长的时间里忍耐这一切。"
    },
    {
      "id": 41,
      "model": "로쟈",
      "teller": "？？？",
      "title": "拉·曼却领 公主",
      "content": "嗯……那时候可真欢乐啊。"
    },
    {
      "id": 42,
      "model": "로쟈",
      "teller": "？？？",
      "title": "拉·曼却领 公主",
      "content": "你的裁缝剪也久违地吸血成长了吧。"
    },
    {
      "id": 43,
      "model": "오티스",
      "teller": "奥提斯",
      "title": "拉·曼却领 理发师",
      "content": "呵，正因此这剪刀现在才如此锋利。"
    },
    {
      "id": 44,
      "content": "两人似乎很高兴，一时共同回忆起那一天的事情……"
    },
    {
      "id": 45,
      "content": "随后又同时无言。"
    },
    {
      "id": 46,
      "model": "오티스",
      "teller": "奥提斯",
      "title": "拉·曼却领 理发师",
      "content": "父亲……应该还有好久才会回来。"
    },
    {
      "id": 47,
      "model": "오티스",
      "teller": "奥提斯",
      "title": "拉·曼却领 理发师",
      "content": "从那个……寻找头盔的冒险里。"
    },
    {
      "id": 48,
      "model": "로쟈",
      "teller": "？？？",
      "title": "拉·曼却领 公主",
      "content": "不过……他拥有难以想象的力量。所以也很难断言吧。"
    },
    {
      "id": 49,
      "model": "로쟈",
      "teller": "？？？",
      "title": "拉·曼却领 公主",
      "content": "只是，他似乎说过要放弃作为血魔的力量，像人类一样冒险……"
    },
    {
      "id": 50,
      "model": "오티스",
      "teller": "奥提斯",
      "title": "拉·曼却领 理发师",
      "content": "……至少这段时间内。"
    },
    {
      "id": 51,
      "model": "로쟈",
      "teller": "？？？",
      "title": "拉·曼却领 公主",
      "content": "没错。反正等他回来后……你懂的吧？"
    },
    {
      "id": 52,
      "model": "오티스",
      "teller": "奥提斯",
      "title": "拉·曼却领 理发师",
      "content": "……"
    },
    {
      "id": 53,
      "content": "两个孩子间蔓延着令人窒息的沉默，但她们还是交换了一个肯定的眼神。"
    },
    {
      "id": 54,
      "content": "那似乎下定决心的眼神里……酝酿着一份她们甚至不敢开口谈论的计划。"
    }
  ]
}