{
  "dataList": [
    {
      "id": 0,
      "model": "오티스",
      "teller": "奥提斯",
      "title": "环指点彩派学徒",
      "content": "不对，这里应该用点来表现。如果采用野兽派的方式，画面左侧不就太单调了吗。难道说你因为戴着那个可笑的动物面具，连作品的平衡都看不清了吗？"
    },
    {
      "id": 1,
      "teller": "野兽派成员",
      "title": "环指野兽派学徒",
      "content": "强烈的原色在你眼里就只是单调？只会机械地描点的点彩派的想法，看来也就不过如此啊。"
    },
    {
      "id": 2,
      "model": "오티스",
      "teller": "奥提斯",
      "title": "环指点彩派学徒",
      "content": "机械地？哈。点彩派的技法是不被色彩和线条局限来表现光影，它可不是机械的，而是理性的。"
    },
    {
      "id": 3,
      "model": "오티스",
      "teller": "奥提斯",
      "title": "环指点彩派学徒",
      "content": "这简直是深度的极致……其正可谓真正的艺术。"
    },
    {
      "id": 4,
      "content": "这是环指中常见的景象。"
    },
    {
      "id": 5,
      "content": "虽然通过相互交流和接受意见，从而获得新的灵感、发掘作品的改善点无疑是件好事，但是……"
    },
    {
      "id": 6,
      "content": "在自尊心强烈的环指成员之间，要进行温和的对话确实是件难事。"
    },
    {
      "id": 7,
      "teller": "立体派成员",
      "title": "环指立体派学徒",
      "content": "就深度而言，我们立体派将所有面都融入到一个视角中的技法，难道不比你们的更高超吗？"
    },
    {
      "id": 8,
      "model": "오티스",
      "teller": "奥提斯",
      "title": "环指点彩派学徒",
      "content": "好吧，我承认立体派的艺术很有深度。"
    },
    {
      "id": 9,
      "model": "오티스",
      "teller": "奥提斯",
      "title": "环指点彩派学徒",
      "content": "但是那样把一切事物都进行解构的话，直观性就太差了。"
    },
    {
      "id": 10,
      "content": "孩子挑衅的话语一出，画室瞬间陷入了一片混乱。"
    },
    {
      "id": 11,
      "content": "或站起身来或指手画脚，每个人都开始高喊自己所属派系的艺术性和技法更胜一筹。"
    },
    {
      "id": 12,
      "content": "这时，野兽派的成员突然向孩子抛出了疑问。"
    },
    {
      "id": 13,
      "teller": "野兽派成员",
      "title": "环指野兽派学徒",
      "content": "……所以，你是想说点彩派的艺术才是第一吗？"
    },
    {
      "id": 14,
      "model": "오티스",
      "teller": "奥提斯",
      "title": "环指点彩派学徒",
      "content": "……我想我还没有说到那个程度。"
    },
    {
      "id": 15,
      "model": "오티스",
      "teller": "奥提斯",
      "title": "环指点彩派学徒",
      "content": "实际上，不论所属的派系如何，大师的作品不都美得难以评判优劣吗？我无法论断艺术的最高境界。"
    },
    {
      "id": 16,
      "content": "孩子又补充了一句，似乎是想缓和一下冰冷的气氛。"
    },
    {
      "id": 17,
      "content": "不管怎样，这次的课题可是必须要和其他派系一起进行的……团体课题。"
    },
    {
      "id": 18,
      "model": "오티스",
      "teller": "奥提斯",
      "title": "环指点彩派学徒",
      "content": "我只是认为对于这次课题的底稿，点彩派的技法最为合适，所以才这么说的。没有贬低其他派系的意思。"
    },
    {
      "id": 19,
      "teller": "野兽派成员",
      "title": "环指野兽派学徒",
      "content": "……"
    },
    {
      "id": 20,
      "model": "오티스",
      "teller": "奥提斯",
      "title": "环指点彩派学徒",
      "content": "另外……我觉得如果我们再继续这种毫无建设性的对话，就要赶不上截稿期限了吧。"
    },
    {
      "id": 21,
      "teller": "野兽派成员",
      "title": "环指野兽派学徒",
      "content": "那种事我可想都不敢想……"
    },
    {
      "id": 22,
      "model": "오티스",
      "teller": "奥提斯",
      "title": "环指点彩派学徒",
      "content": "我也一样。快点完成底稿吧。喂，你们差不多也别盯着看了，回自己的位置去！"
    },
    {
      "id": 23,
      "content": "面对截稿期限这一共同的恐惧，画室里的每个人都颤抖着回到了自己的位置上。"
    },
    {
      "id": 24,
      "content": "尽管收尾有些粗糙，但这句话正适合将人们的注意力从眼前的矛盾上转移。"
    },
    {
      "id": 25,
      "content": "时间绝对不够，而且如果赶不上课题的期限……也许会受到严重的惩罚。"
    },
    {
      "id": 26,
      "content": "而时间紧迫的原因……恐怕不仅仅是课题夺走了她的时间吧。"
    },
    {
      "id": 27,
      "model": "오티스",
      "teller": "奥提斯",
      "title": "环指点彩派学徒",
      "content": "……下一个。"
    },
    {
      "id": 28,
      "content": "孩子并不总是站在被评价的立场上。"
    },
    {
      "id": 29,
      "content": "大量居民们为了得到环指的保护，拿着粗糙的作品聚集在这里……给他们的课题评分也是交给孩子的工作。"
    },
    {
      "id": 30,
      "model": "오티스",
      "teller": "奥提斯",
      "title": "环指点彩派学徒",
      "content": "唉……用血乱涂一通可称不上是作品。这样连画的是什么都看不出来啊。"
    },
    {
      "id": 31,
      "teller": "惊恐的居民",
      "title": "22区后巷",
      "content": "不、不是的！请您仔细看一下这部分……"
    },
    {
      "id": 32,
      "content": "孩子伸手擦掉了作品上的血。"
    },
    {
      "id": 33,
      "content": "那渗出鲜血的部分，是居民用自己的血绘制的图画。"
    },
    {
      "id": 34,
      "model": "오티스",
      "teller": "奥提斯",
      "title": "环指点彩派学徒",
      "content": "你以为，凭借如此拙劣的作品就能得到环指的保护吗？"
    },
    {
      "id": 35,
      "teller": "惊恐的居民",
      "title": "22区后巷",
      "content": "求、求你了……现在我只剩下……"
    },
    {
      "id": 36,
      "content": "由于失血过多，身形消瘦的居民看起来随时都可能倒下，但孩子却补上了一句无情的话。"
    },
    {
      "id": 37,
      "model": "오티스",
      "teller": "奥提斯",
      "title": "环指点彩派学徒",
      "content": "没什么可看的了。不及格。"
    },
    {
      "id": 38,
      "model": "오티스",
      "teller": "奥提斯",
      "title": "环指点彩派学徒",
      "content": "……这是第三次了。"
    },
    {
      "id": 39,
      "content": "居民的脸色发青。因为他比任何人都清楚第三次不及格意味着什么。"
    },
    {
      "id": 40,
      "content": "第一次是警告，第二次是停止保护。"
    },
    {
      "id": 41,
      "content": "最后的第三次则是……"
    },
    {
      "id": 42,
      "model": "오티스",
      "teller": "奥提斯",
      "title": "环指点彩派学徒",
      "content": "在被处决前你还有什么话要说吗？"
    },
    {
      "id": 43,
      "teller": "惊恐的居民",
      "title": "22区后巷",
      "content": "我、我现在就改……！"
    },
    {
      "id": 44,
      "model": "오티스",
      "teller": "奥提斯",
      "title": "环指点彩派学徒",
      "content": "要对已经完成的作品进行修改？连一丝自尊心都没有吗……没必要再听下去了。"
    },
    {
      "id": 45,
      "content": "孩子把手伸向斜靠在一旁的巨大武器，冰冷地……缓慢地刺向了哭喊着的居民。"
    },
    {
      "id": 46,
      "content": "不必多说，没过多久，那人的声音就永远地消失了。"
    },
    {
      "id": 47,
      "model": "오티스",
      "teller": "奥提斯",
      "title": "环指点彩派学徒",
      "content": "下一个。"
    },
    {
      "id": 48,
      "model": "오티스",
      "teller": "奥提斯",
      "title": "环指点彩派学徒",
      "content": "……嗯。看来还有成长空间。你得了C+。"
    },
    {
      "id": 49,
      "teller": "鞠着躬的居民",
      "title": "22区后巷",
      "content": "非常感谢，非常感谢……！"
    },
    {
      "id": 50,
      "model": "오티스",
      "teller": "奥提斯",
      "title": "环指点彩派学徒",
      "content": "用儿子的胳膊做的雕塑？早就看得够腻了……"
    },
    {
      "id": 51,
      "content": "孩子查看每份作品的时间，连10秒都不到。"
    },
    {
      "id": 52,
      "content": "虽然有很多人抗议她做出评价的时间太过短暂。"
    },
    {
      "id": 53,
      "content": "但为了尚未完成的课题而感到头疼的孩子，只想尽快结束。"
    },
    {
      "id": 54,
      "content": "是感受到孩子冰冷的视线了吧？"
    },
    {
      "id": 55,
      "content": "居民怀抱着被砍掉胳膊的儿子，因不安而闭紧双眼，等待着孩子的评价。"
    },
    {
      "id": 56,
      "content": "而结果……没有偏离他充满了不安的想象。"
    },
    {
      "id": 57,
      "model": "오티스",
      "teller": "奥提斯",
      "title": "环指点彩派学徒",
      "content": "这个也不及格。"
    }
  ]
}