{
  "dataList": [
    {
      "id": 0,
      "content": "“一次考验即将到来。”"
    },
    {
      "id": 1,
      "content": "射手沉重的话语只引起孩子一声轻笑。"
    },
    {
      "id": 2,
      "content": "考验是常伴这里左右的一部分，而不只是什么“即将到来”的东西。"
    },
    {
      "id": 3,
      "content": "虽然意识到了孩子轻笑背后的含义，但射手仍然继续说了下去。"
    },
    {
      "id": 4,
      "content": "“不，那并非你能够承受的考验。”"
    },
    {
      "id": 5,
      "content": "射手所描述的每一个瞬间，都栩栩如生地映在孩子的眼中。"
    },
    {
      "id": 6,
      "content": "“它将从这条走廊启程。吞噬四散奔逃的恐慌，掘出深藏角落的负罪感，并尽其所能地将更多的牺牲收入囊中。”"
    },
    {
      "id": 7,
      "content": "“宣告末日的号角吹响，而唯一幸存的你所能做的不过是将那微不足道的子弹对准自己的太阳穴。”"
    },
    {
      "id": 8,
      "content": "孩子呼出烟斗中的烟气，仍不回应。烟气虽然熏人，但她享受着烟雾在触及深渊后消散的场面。"
    },
    {
      "id": 9,
      "content": "曾经，她从未想过自己会有将烟草送入口中的一天。"
    },
    {
      "id": 10,
      "content": "“但。既然你与我签订了契约……”"
    },
    {
      "id": 11,
      "content": "随后，孩子看到了接下来的一幕。"
    },
    {
      "id": 12,
      "content": "阻拦在孩子面前的一切，被尽数贯穿。"
    },
    {
      "id": 13,
      "content": "被不论敌友的，那枚子弹。"
    },
    {
      "id": 14,
      "content": "而孩子……在满地狼藉的那副场景中……"
    },
    {
      "id": 15,
      "content": "感受到和第一次品尝烟斗时同样的心情。"
    },
    {
      "id": 16,
      "content": "于是她顿悟了。"
    },
    {
      "id": 17,
      "content": "那最后一枚子弹，将穿透一切阻碍，直至贯穿她的最爱之人。"
    },
    {
      "id": 18,
      "content": "即便如此，那孩子仍……"
    },
    {
      "id": 19,
      "content": "“好。我接受契约。”"
    },
    {
      "id": 20,
      "content": "“你早就接受契约了。”"
    },
    {
      "id": 21,
      "content": "“因为你早在脑海中目睹了那场面。”"
    },
    {
      "id": 22,
      "content": "射手话音刚落，孩子便察觉到她随时都可以射出那枚子弹。"
    },
    {
      "id": 23,
      "content": "“我期待那一日的到来。”"
    },
    {
      "id": 24,
      "content": "“当射杀所爱之人后，你会如何抉择。”"
    },
    {
      "id": 25,
      "content": "“我或许就是你未来的模样。”"
    },
    {
      "id": 26,
      "content": "听完那些话，孩子依旧只是一声轻笑。"
    },
    {
      "id": 27,
      "content": "“哼，真会如你所愿吗？”"
    },
    {
      "id": 28,
      "content": "“……！”"
    },
    {
      "id": 29,
      "content": "子弹最终指向的目标终于明朗。"
    },
    {
      "id": 30,
      "content": "对孩子而言，她只有一个目标。"
    },
    {
      "id": 31,
      "content": "跨越所有考验与试炼，最终回到家中。"
    },
    {
      "id": 32,
      "content": "只要能实现这一目标，任何条件对孩子而言都是仁慈与祝福。"
    },
    {
      "id": 33,
      "content": "如果那贯穿一切阻碍的最后一枚子弹与孩子一同归家……"
    },
    {
      "id": 34,
      "content": "它将掠过孩子在即便无法去爱的时候也爱过的人们……"
    },
    {
      "id": 35,
      "content": "而最后……"
    },
    {
      "id": 36,
      "content": "“只为改变那弹道，你就要欺骗所有人吗。”"
    },
    {
      "id": 37,
      "content": "“没错。哪怕是欺骗自我。”"
    },
    {
      "id": 38,
      "content": "飞向自己的头颅。"
    },
    {
      "id": 39,
      "content": "直至最后一刻，孩子自信的微笑都将与现在别无二致。"
    },
    {
      "id": 40,
      "content": "是为了达成自己唯一的目标而不惜欺骗了自己的内心吗？又或者说，孩子直至最后一刻才展露出了本心吗？"
    },
    {
      "id": 41,
      "content": "答案无从知晓，但契约就此终止。"
    },
    {
      "id": 42,
      "content": "孩子将会欣然迎接自己亲手改变的轨迹。"
    }
  ]
}