{
  "dataList": [
    {
      "id": 0,
      "model": "오티스",
      "teller": "奥提斯",
      "title": "呼啸山庄",
      "content": "按您的吩咐，茶已经沏好了。宅邸内相当寒冷，还请在冷掉之前用茶。"
    },
    {
      "id": 1,
      "content": "孩子放下了茶杯，不带一丝声响与震动，那细腻的手法甚至让人无法察觉茶杯与桌子的碰触。"
    },
    {
      "id": 2,
      "content": "与此同时，她那保持礼仪的手和略微弯曲的腰部依然纹丝不动。"
    },
    {
      "id": 3,
      "content": "对于每天都这样接过茶杯的人来说，这样的行为也许微不足道，但不论哪个初次见到这孩子的人都能立刻明白。"
    },
    {
      "id": 4,
      "content": "这个孩子是一名相当熟练的管家。"
    },
    {
      "id": 5,
      "teller": "？？？",
      "title": "？？？",
      "content": "……"
    },
    {
      "id": 6,
      "model": "오티스",
      "teller": "奥提斯",
      "title": "呼啸山庄",
      "content": "那么，我还被吩咐了迎接今日受邀客人的工作……失礼了。"
    },
    {
      "id": 7,
      "content": "在郑重地向那位一言不发而专注于纸上的人道以问候之后，孩子倒退着走出了房间，随后站在走廊上。"
    },
    {
      "id": 8,
      "content": "当然，她的动作平稳流畅，甚至让人无法察觉到关门的动静。"
    },
    {
      "id": 9,
      "model": "파우스트",
      "teller": "浮士德",
      "title": "呼啸山庄",
      "content": "奥提斯大人。"
    },
    {
      "id": 10,
      "content": "走廊里已经有另一个孩子在等着了。"
    },
    {
      "id": 11,
      "model": "오티스",
      "teller": "奥提斯",
      "title": "呼啸山庄",
      "content": "嗯，浮士德。"
    },
    {
      "id": 12,
      "model": "오티스",
      "teller": "奥提斯",
      "title": "呼啸山庄",
      "content": "迎接客人的准备应该没有遇到问题吧。"
    },
    {
      "id": 13,
      "content": "似乎觉得那个孩子在等着自己是理所当然的，孩子点了点头，然后立刻朝着走廊某处走去。"
    },
    {
      "id": 14,
      "content": "就像已经配合过很多次一样，等待着的孩子也优雅地追了上去，与她一同前进。"
    },
    {
      "id": 15,
      "model": "파우스트",
      "teller": "浮士德",
      "title": "呼啸山庄",
      "content": "奥提斯大人吩咐的事情已经全部完成了。"
    },
    {
      "id": 16,
      "model": "파우스트",
      "teller": "浮士德",
      "title": "呼啸山庄",
      "content": "之前向Девять协会委托的物品也都及时送达了。在今天的晚餐中就能顺利使用。"
    },
    {
      "id": 17,
      "model": "오티스",
      "teller": "奥提斯",
      "title": "呼啸山庄",
      "content": "一如既往的出色工作。"
    },
    {
      "id": 18,
      "model": "오티스",
      "teller": "奥提斯",
      "title": "呼啸山庄",
      "content": "但我不会表扬你，浮士德。你知道原因的吧？"
    },
    {
      "id": 19,
      "content": "虽然她的语气和表情多少有些伤人，但跟在她后面的那孩子的表情没有任何变化。"
    },
    {
      "id": 20,
      "content": "也许是因为这是太过理所当然的日常景象吧。"
    },
    {
      "id": 21,
      "model": "파우스트",
      "teller": "浮士德",
      "title": "呼啸山庄",
      "content": "是。这对属于这片土地的……呼啸山庄的管家来说，是理所当然的。"
    },
    {
      "id": 22,
      "model": "오티스",
      "teller": "奥提斯",
      "title": "呼啸山庄",
      "content": "是的，除此之外……"
    },
    {
      "id": 23,
      "content": "孩子扶了一下单片眼镜，发出了咔嗒的一声，然后继续说着。"
    },
    {
      "id": 24,
      "model": "오티스",
      "teller": "奥提斯",
      "title": "呼啸山庄",
      "content": "既然作为服务夫人的管家，做不到那种程度是十分可耻的。"
    },
    {
      "id": 25,
      "model": "파우스트",
      "teller": "浮士德",
      "title": "呼啸山庄",
      "content": "……完全明白了。"
    },
    {
      "id": 26,
      "model": "오티스",
      "teller": "奥提斯",
      "title": "呼啸山庄",
      "content": "嗯。不错。我必定会向夫人传达你那忠诚的态度。"
    },
    {
      "id": 27,
      "content": "……虽然孩子所说的夫人已经逝去很久了，但孩子还像是能听见夫人的声音一般。"
    },
    {
      "id": 28,
      "content": "她的举止看上去不仅仅只是在回忆或是在追悼夫人……有时，她会作出真的在和存在于某处的夫人谈话的动作。"
    },
    {
      "id": 29,
      "content": "其他跟随孩子的管家虽然也都知道这种情况很奇怪，但没有一人敢向她进言。"
    },
    {
      "id": 30,
      "content": "因为首席管家就是有这样的地位。"
    },
    {
      "id": 31,
      "content": "在后面跟随她的孩子一边思考着这些，一边开始与她一起下楼梯。"
    },
    {
      "id": 32,
      "model": "오티스",
      "teller": "奥提斯",
      "title": "呼啸山庄",
      "content": "听说那位首席管家联系了我们。"
    },
    {
      "id": 33,
      "model": "파우스트",
      "teller": "浮士德",
      "title": "呼啸山庄",
      "content": "您是说去了埃德加家族的良秀……大人对吗。"
    },
    {
      "id": 34,
      "model": "오티스",
      "teller": "奥提斯",
      "title": "呼啸山庄",
      "content": "哼，那个人离开宅邸已经很久了。不必再加大人二字。"
    },
    {
      "id": 35,
      "model": "파우스트",
      "teller": "浮士德",
      "title": "呼啸山庄",
      "content": "……首席管家良秀说猎狼行动很快就会开始。"
    },
    {
      "id": 36,
      "model": "오티스",
      "teller": "奥提斯",
      "title": "呼啸山庄",
      "content": "那条野狗现在成了狼吗。那个玷污了呼啸山庄和夫人名声的人竟然会自己走回来。省去了我许多麻烦啊，浮士德。"
    },
    {
      "id": 37,
      "model": "파우스트",
      "teller": "浮士德",
      "title": "呼啸山庄",
      "content": "……"
    },
    {
      "id": 38,
      "content": "孩子眯起了眼。"
    },
    {
      "id": 39,
      "model": "오티스",
      "teller": "奥提斯",
      "title": "呼啸山庄",
      "content": "还有问题吗。"
    },
    {
      "id": 40,
      "model": "파우스트",
      "teller": "浮士德",
      "title": "呼啸山庄",
      "content": "……我听说，那个人曾与计划这次狩猎的埃德加家族的良秀极为亲密。"
    },
    {
      "id": 41,
      "model": "파우스트",
      "teller": "浮士德",
      "title": "呼啸山庄",
      "content": "浮士德担心这样的感情会不会妨碍到这次计划。因为浮士德也是第一次经历这样的状况。"
    },
    {
      "id": 42,
      "model": "오티스",
      "teller": "奥提斯",
      "title": "呼啸山庄",
      "content": "哼。这很简单。"
    },
    {
      "id": 43,
      "content": "孩子没把跟在后面孩子焦虑的语气当回事，笑着说道。"
    },
    {
      "id": 44,
      "model": "오티스",
      "teller": "奥提斯",
      "title": "呼啸山庄",
      "content": "抛弃这片土地而跟着主人一起出走的行为虽然让我无法释怀，但瘦死的骆驼比马大。首席管家再差也是首席管家。"
    },
    {
      "id": 45,
      "model": "오티스",
      "teller": "奥提斯",
      "title": "呼啸山庄",
      "content": "在这么重要的事情上，如果扯到旧交情就太愚蠢了。正因为那是她自己应该完成的工作，所以才会更执着、更忠实地去狩猎。"
    },
    {
      "id": 46,
      "model": "파우스트",
      "teller": "浮士德",
      "title": "呼啸山庄",
      "content": "……明白了。"
    },
    {
      "id": 47,
      "content": "就在二人的对话即将结束时，她们来到了楼梯尽头那巨大宅邸的玄关。"
    },
    {
      "id": 48,
      "content": "而那里早已列满了等候差遣的宅邸管家。"
    },
    {
      "id": 49,
      "model": "오티스",
      "teller": "奥提斯",
      "title": "呼啸山庄",
      "content": "有趣，这是什么？"
    },
    {
      "id": 50,
      "model": "파우스트",
      "teller": "浮士德",
      "title": "呼啸山庄",
      "content": "……这是为大概会在晚餐前抵达的不速之客做的准备。"
    },
    {
      "id": 51,
      "model": "오티스",
      "teller": "奥提斯",
      "title": "呼啸山庄",
      "content": "不错……在狩猎开始前先热身吗。"
    },
    {
      "id": 52,
      "content": "孩子走到排成一列的管家们身前，昂头挺胸。"
    },
    {
      "id": 53,
      "content": "虽然眼前与宅邸格格不入的外人纷纷亮出武器，但她依旧不为所动。"
    },
    {
      "id": 54,
      "model": "오티스",
      "teller": "奥提斯",
      "title": "呼啸山庄",
      "content": "那么，我为迟来的接待深感歉意。异乡人。"
    },
    {
      "id": 55,
      "model": "오티스",
      "teller": "奥提斯",
      "title": "呼啸山庄",
      "content": "恕我直言，寒舍现在不接待任何不速之客。"
    },
    {
      "id": 56,
      "content": "以这句话为信号，管家们都作好了进攻的准备。"
    },
    {
      "id": 57,
      "content": "孩子也在一只手上缠好餐巾……喃喃自语道。"
    },
    {
      "id": 58,
      "model": "오티스",
      "teller": "奥提斯",
      "title": "呼啸山庄",
      "content": "那么，请各位不速之客离场。"
    }
  ]
}