{
  "dataList": [
    {
      "id": 0,
      "model": "오티스",
      "teller": "奥提斯",
      "title": "臼齿事务所",
      "content": "我要把你撕成碎片！"
    },
    {
      "id": 1,
      "content": "机器里传来了一系列令人不快的声音，随后火花与什么东西被撕裂的声响乱七八糟地从中迸发出来。"
    },
    {
      "id": 2,
      "model": "오티스",
      "teller": "奥提斯",
      "title": "臼齿事务所",
      "content": "哈……这就是最后一个了吗。"
    },
    {
      "id": 3,
      "content": "这孩子将（已经失去功能的）义体扔到胡同的角落里，而后随便找了个地方坐下。"
    },
    {
      "id": 4,
      "model": "오티스",
      "teller": "奥提斯",
      "title": "臼齿事务所",
      "content": "哈，好累……我是不是不该一次性干这么多活？"
    },
    {
      "id": 5,
      "model": "오티스",
      "teller": "奥提斯",
      "title": "臼齿事务所",
      "content": "但是……如果要去做她托付给我的工作的话，我想我最好把积压的工作做完再走。"
    },
    {
      "id": 6,
      "content": "这孩子叹了口气，在笔记本上快速记下了些什么。"
    },
    {
      "id": 7,
      "content": "而后很快将笔记本合上，向办公室走去。"
    },
    {
      "id": 8,
      "content": "[公开委托 4/4]，笔记本上这么写着。"
    },
    {
      "id": 9,
      "content": "在它之上是其他几个标注着“私人委托”的条目。"
    },
    {
      "id": 10,
      "content": "就这孩子的事务所那样小的规模而言，一天要完成的工作却相当多……这是不是也能与一些协会的较低级别的科相媲美？"
    },
    {
      "id": 11,
      "model": "오티스",
      "teller": "奥提斯",
      "title": "臼齿事务所",
      "content": "呵……忙成这样可不是我开自己的事务所的初衷啊。"
    },
    {
      "id": 12,
      "content": "尽管事务所与协会都是收尾人所组成的组织，但它们的性质却不尽相同。"
    },
    {
      "id": 13,
      "content": "虽然并不能说协会是事务所的上位存在，但其无论是职员数量还是工作规模都大得多……因此，与协会保持合作关系的事务所也很多。"
    },
    {
      "id": 14,
      "content": "许多人认为事务所的主要收入来源是接受个人委托。但如果这个事务所尚且不为人知，被客户选择也不是那么容易的事情。"
    },
    {
      "id": 15,
      "content": "因此，初出茅庐的事务所经常接取所谓“公开委托”。"
    },
    {
      "id": 16,
      "content": "协会会从接取的众多委托中挑选一些，公开出来以便事务所接取。但这基于是先到先得的规则，所以连续数日都抢不到工作的情况也有。"
    },
    {
      "id": 17,
      "content": "协会下属的事务所，或者是与协会内部人员有关系的事务所也许能接到转包委托，但这孩子却不具备二者中的任何一个。"
    },
    {
      "id": 18,
      "content": "当这孩子开设她自己的事务所时……她所梦想的是一个缓慢而轻松的生活，做一些适当的委托，每夜都喝着美酒。"
    },
    {
      "id": 19,
      "content": "在能接取到公开委托的那一天工作，当天色已晚的时候喝酒。"
    },
    {
      "id": 20,
      "content": "即便最开始只是像那样生活，但或许是因为工作处理出色，随着她收到的个人委托越来越多，她的事务所也成为了预约逐渐被推迟的相当不错的事务所。"
    },
    {
      "id": 21,
      "content": "但这孩子这次所接受的委托……"
    },
    {
      "id": 22,
      "content": "和以往是完全不一样的规模。"
    },
    {
      "id": 23,
      "model": "오티스",
      "teller": "奥提斯",
      "title": "臼齿事务所",
      "content": "哈哈……我都不知道是该谢他还是怪他把这种摊子交给我。"
    },
    {
      "id": 24,
      "model": "오티스",
      "teller": "奥提斯",
      "title": "臼齿事务所",
      "content": "来自翼的委托……即便是我也会感到紧张。"
    },
    {
      "id": 25,
      "content": "翼。这是由R公司直接指名下达的委托。这孩子的事务所收到的是这样的委托。"
    },
    {
      "id": 26,
      "content": "当然，这孩子的朋友能得到这份委托不过是完全的运气，但这孩子也一把抓住了机会……"
    },
    {
      "id": 27,
      "content": "无论如何，运气只青睐能将其把握的人。这无疑证明了这孩子的事务所的成长。"
    },
    {
      "id": 28,
      "model": "오티스",
      "teller": "奥提斯",
      "title": "臼齿事务所",
      "content": "哼，在试着去做之前居然就担心起来了，这可不像我。"
    },
    {
      "id": 29,
      "model": "오티스",
      "teller": "奥提斯",
      "title": "臼齿事务所",
      "content": "再这样下去可不行。我还是在坐火车前先去喝一杯，暖暖身子比较好……！"
    },
    {
      "id": 30,
      "model": "오티스",
      "teller": "奥提斯",
      "title": "臼齿事务所",
      "content": "喂！李箱！我再出去一趟！"
    },
    {
      "id": 31,
      "content": "孩子话音刚落，随即甩开座位站了起来。"
    },
    {
      "id": 32,
      "content": "在开始这样一份重要的委托之前，她得想办法让自己振作起来（没准是醉意？）。"
    }
  ]
}