{
  "dataList": [
    {
      "id": 0,
      "model": "오티스",
      "teller": "奥提斯",
      "title": "Cinq协会 4科",
      "content": "是吗，你已经采访过5科了。"
    },
    {
      "id": 1,
      "teller": "记者",
      "title": "？？？",
      "content": "是的……是相当活泼的人。"
    },
    {
      "id": 2,
      "model": "오티스",
      "teller": "奥提斯",
      "title": "Cinq协会 4科",
      "content": "南部5科科长……是叫堂吉诃德吧。经常听到她的传闻。"
    },
    {
      "id": 3,
      "content": "孩子和拿着小册子的人一边聊天一边慢慢地走在巷子里。"
    },
    {
      "id": 4,
      "teller": "记者",
      "title": "？？？",
      "content": "那时候也……像这样在巷子里走了30多分钟。"
    },
    {
      "id": 5,
      "model": "오티스",
      "teller": "奥提斯",
      "title": "Cinq协会 4科",
      "content": "啊，失礼了。应该好好地去接待室来着……"
    },
    {
      "id": 6,
      "teller": "记者",
      "title": "？？？",
      "content": "不……就算这样我关于Cinq协会的问题也几乎都得到了答复。"
    },
    {
      "id": 7,
      "content": "跟在后面的人翻着手册，悄悄地笑了。"
    },
    {
      "id": 8,
      "content": "那里充满了与之前采访浅薄的分量无法比拟的密集内容。"
    },
    {
      "id": 9,
      "model": "오티스",
      "teller": "奥提斯",
      "title": "Cinq协会 4科",
      "content": "谢谢您的理解。"
    },
    {
      "id": 10,
      "model": "오티스",
      "teller": "奥提斯",
      "title": "Cinq协会 4科",
      "content": "你可能已经听说了……这也是业务的一部分，请谅解。"
    },
    {
      "id": 11,
      "teller": "记者",
      "title": "？？？",
      "content": "是的，当然。"
    },
    {
      "id": 12,
      "content": "记者一边那样回答，一边在手册的末尾写下了“性格相当不好相处”。"
    },
    {
      "id": 13,
      "content": "当然孩子不可能知道。"
    },
    {
      "id": 14,
      "model": "오티스",
      "teller": "奥提斯",
      "title": "Cinq协会 4科",
      "content": "啊……我认为那边的科长或者我们4科的科长，严格来说都不太像当科长的人。"
    },
    {
      "id": 15,
      "teller": "记者",
      "title": "？？？",
      "content": "诶……"
    },
    {
      "id": 16,
      "model": "오티스",
      "teller": "奥提斯",
      "title": "Cinq协会 4科",
      "content": "不管怎么说，都是威严不够吗……一群之“长”竟然有着那样的言行……"
    },
    {
      "id": 17,
      "content": "孩子轻轻地叹了口气，好像在问对方怎么认为似的看着记者。"
    },
    {
      "id": 18,
      "teller": "记者",
      "title": "？？？",
      "content": "啊哈哈……我不太了解那些。"
    },
    {
      "id": 19,
      "model": "오티스",
      "teller": "奥提斯",
      "title": "Cinq协会 4科",
      "content": "哦，是吗。"
    },
    {
      "id": 20,
      "model": "오티스",
      "teller": "奥提斯",
      "title": "Cinq协会 4科",
      "content": "嗯……即便如此，也不是对他们的实力有所不满。"
    },
    {
      "id": 21,
      "model": "오티스",
      "teller": "奥提斯",
      "title": "Cinq协会4科",
      "content": "特别是我们4科的科长……拿着剑进行决斗时的样子，也会让人感到有点毛骨悚然。"
    },
    {
      "id": 22,
      "teller": "记者",
      "title": "？？？",
      "content": "啊啊……我听说过。他就像被什么附身了一样直接贯穿了对手……"
    },
    {
      "id": 23,
      "model": "오티스",
      "teller": "奥提斯",
      "title": "Cinq协会 4科",
      "content": "一点都没夸张，就和描述的一样。"
    },
    {
      "id": 24,
      "model": "오티스",
      "teller": "奥提斯",
      "title": "Cinq协会 4科",
      "content": "那种战斗方式，恐怕想跟着模仿也很难轻松做到吧。"
    },
    {
      "id": 25,
      "content": "记者顺着孩子的话点了点头。"
    },
    {
      "id": 26,
      "model": "오티스",
      "teller": "奥提斯",
      "title": "Cinq协会 4科",
      "content": "但是即便如此……本人奥提斯，也为拥有不亚于他的实力而感到自豪。"
    },
    {
      "id": 27,
      "model": "오티스",
      "teller": "奥提斯",
      "title": "Cinq协会 4科",
      "content": "这之后……如果在巷子里没有要事的话，我有在修炼场进行对战练习的计划。"
    },
    {
      "id": 28,
      "model": "오티스",
      "teller": "奥提斯",
      "title": "Cinq协会 4科",
      "content": "也要预定那边的采访吗？"
    },
    {
      "id": 29,
      "teller": "记者",
      "title": "？？？",
      "content": "啊！如果可以的话就太好了。"
    },
    {
      "id": 30,
      "content": "孩子满意地笑着推了推帽子。"
    },
    {
      "id": 31,
      "model": "오티스",
      "teller": "奥提斯",
      "title": "Cinq协会 4科",
      "content": "好的。那就快点吧。"
    },
    {
      "id": 32,
      "content": "好像心情突然变好了，孩子用轻松的脚步走出了巷子。"
    },
    {
      "id": 33,
      "teller": "记者",
      "title": "？？？",
      "content": "(……看来她相当自负。)"
    },
    {
      "id": 34,
      "content": "孩子仍不知道记者会写出什么故事。"
    },
    {
      "id": 35,
      "content": "但是，孩子不用对那种内容感兴趣的理由很快就能知道了。"
    },
    {
      "id": 36,
      "teller": "记者",
      "title": "？？？",
      "content": "分明，刚才采访时有说过“测量与对方的距离是最重要的……”吧。"
    },
    {
      "id": 37,
      "content": "拿着手册的人低声喃喃自语，观察着孩子的样子。"
    },
    {
      "id": 38,
      "content": "当对手终于能够出手的时候，孩子已经领先他一口气向后躲闪开了。"
    },
    {
      "id": 39,
      "content": "只要对手有一丝失误，孩子就会迅速发起攻击，然后再次拉开与之前同样的距离。"
    },
    {
      "id": 40,
      "content": "就像用尺子量过一样，在观察期间距离丝毫没有改变的迹象。"
    },
    {
      "id": 41,
      "teller": "记者",
      "title": "？？？",
      "content": "甚至连帽子都没摘掉……就那么……"
    },
    {
      "id": 42,
      "content": "记者一边咽着口水，一边俯视着自己的手册。"
    },
    {
      "id": 43,
      "content": "然后……"
    },
    {
      "id": 44,
      "content": "沙沙地，把刚才写的关于自尊心的内容用笔划掉了。"
    },
    {
      "id": 45,
      "content": "大概只是理所当然的事。"
    },
    {
      "id": 46,
      "content": "那并不是因为自负，只是实话实说而已。"
    }
  ]
}