{
  "dataList": [
    {
      "id": 0,
      "model": "오티스",
      "title": "剑契组 杀手",
      "content": "最重要的部分是对腰部出击，你的步伐必须像闪电一样快……"
    },
    {
      "id": 1,
      "model": "오티스",
      "title": "剑契组 杀手",
      "content": "你曾经这么向我说过。"
    },
    {
      "id": 2,
      "content": "这孩子沙哑的独白——或者说对话——是对她的刀说的。"
    },
    {
      "id": 3,
      "model": "오티스",
      "title": "剑契组 杀手",
      "content": "多么具有讽刺意味，你在你的学生的剑下丧命，被你教给她的技能打倒。"
    },
    {
      "id": 4,
      "content": "虽然有一位师傅传授了剑术，但这个人也不一定是剑契组的一员。"
    },
    {
      "id": 5,
      "content": "一群无法无天的剑客随心所欲地挥舞着他们的武器，他们过于无序，甚至都不能简单地称为“自由”。"
    },
    {
      "id": 6,
      "content": "如果一定要找一个词把他们联系在一起，那就是 “生存”。"
    },
    {
      "id": 7,
      "content": "他们选择以剑为生……"
    },
    {
      "id": 8,
      "content": "并且，任何阻碍他们生存的人都会被毫不留情的报以利刃，这是大多数剑契组成员的共有特点。"
    },
    {
      "id": 9,
      "model": "오티스",
      "title": "剑契组 杀手",
      "content": "或许，我也应该走上这条路？"
    },
    {
      "id": 10,
      "content": "她已经决定不会为她杀死自己师傅的那一天抱有太大的遗憾。毕竟，砍掉阻挡她前进的障碍是正确的做法。"
    },
    {
      "id": 11,
      "content": "那是她顺应着的更大的潮流。"
    },
    {
      "id": 12,
      "content": "因此，她下定决心这次也要无怨无悔地顺其自然。"
    },
    {
      "id": 13,
      "model": "오티스",
      "title": "剑契组 杀手",
      "content": "……如果有障碍，我将把它们尽数斩断。"
    },
    {
      "id": 14,
      "content": "孩子的眼睛里闪烁着坚定的光芒。"
    }
  ]
}