{
  "dataList": [
    {
      "id": 0,
      "content": "那孩子抿了一口红茶，微微合着眼。"
    },
    {
      "id": 1,
      "content": "这是暂时的歇息，以及她对于过去某些时刻的回忆。"
    },
    {
      "id": 2,
      "content": "自她加入协会以来已有一年，这期间真的发生了许多事情。"
    },
    {
      "id": 3,
      "content": "作为收尾人参与任务并经历战斗……"
    },
    {
      "id": 4,
      "content": "主动伤害他人，亦被他人所伤。"
    },
    {
      "id": 5,
      "content": "这并不意味着这孩子资质平平。倒不如说，如果没有能力的话，谁又能登上这个位置呢？"
    },
    {
      "id": 6,
      "content": "明悟了管理并领导他人对她来说竟更加合适，这对她而言应该是件好事吧。"
    },
    {
      "id": 7,
      "content": "尽管有人在背后对她指指点点说只不过是个微不足道的末端6科科长罢了……"
    },
    {
      "id": 8,
      "model": "오티스",
      "teller": "奥提斯",
      "title": "Seven协会 6科 科长",
      "content": "嗯……？"
    },
    {
      "id": 9,
      "content": "明明这孩子的目标不是止步于此，与“故事的结尾就仅此而已吗？”类似的话语简直与找茬无异。"
    },
    {
      "id": 10,
      "model": "오티스",
      "teller": "奥提斯",
      "title": "Seven协会 6科 科长",
      "content": "这些数值……有些异常。"
    },
    {
      "id": 11,
      "content": "这孩子的眸中有精光闪过。那道光并非来自她鼻梁上架起的眼镜，而是源于她的双眼。"
    },
    {
      "id": 12,
      "model": "오티스",
      "teller": "奥提斯",
      "title": "Seven协会 6科 科长",
      "content": "是我，你在附近么？"
    },
    {
      "id": 13,
      "content": "这孩子提起电话并拨号的动作如行云流水般自然。"
    },
    {
      "id": 14,
      "model": "오티스",
      "teller": "奥提斯",
      "title": "Seven协会 6科 科长",
      "content": "外勤……嗯，我想是的。是上级的传唤吗？"
    },
    {
      "id": 15,
      "content": "又有另一位收尾人的声音从听筒中渗了出来。"
    },
    {
      "id": 16,
      "content": "那是为这孩子精准的猜测而吃惊的声音。"
    },
    {
      "id": 17,
      "model": "오티스",
      "teller": "奥提斯",
      "title": "Seven协会 6科 科长",
      "content": "这也不是头一两天的事了。大约一个小时左右的话……你就应该完成手头的事务了吧，不是么？"
    },
    {
      "id": 18,
      "content": "这孩子斜着眼，扫视着摆在桌子上的数份文件。"
    },
    {
      "id": 19,
      "content": "异常的业务费用支出，屡次将不同人员呼叫至同一现场的情况。"
    },
    {
      "id": 20,
      "content": "一个场景正在浮现于这孩子的脑海中。"
    },
    {
      "id": 21,
      "model": "오티스",
      "teller": "奥提斯",
      "title": "Seven协会 6科 科长",
      "content": "了解了，那么在那个事务完成之后随即到6科训练场报到。"
    },
    {
      "id": 22,
      "content": "这孩子……需要有人能同她一起检讨那个场景。"
    },
    {
      "id": 23,
      "content": "那个她一直关注着的人。"
    },
    {
      "id": 24,
      "model": "오티스",
      "teller": "奥提斯",
      "title": "Seven协会 6科 科长",
      "content": "嗯，把那个人带过来吧。"
    }
  ]
}