{
  "dataList": [
    {
      "id": 0,
      "teller": "？？？",
      "title": "？？？",
      "content": "呃啊！"
    },
    {
      "id": 1,
      "content": "隆隆转动着的电锯声。"
    },
    {
      "id": 2,
      "teller": "？？？",
      "title": "？？？",
      "content": "唔……"
    },
    {
      "id": 3,
      "content": "人的手脚被切断的声音，慌张逃窜的脚步声以及追踪着它的另一个脚步声。"
    },
    {
      "id": 4,
      "content": "这孩子的外勤一直是这种氛围。他总是揽下事务所里辛苦的工作，在解决后又迅速赶向下一个现场。"
    },
    {
      "id": 5,
      "model": "그레고르",
      "teller": "格里高尔",
      "title": "玫瑰扳手工坊",
      "content": "喂……为什么这东西动不了？"
    },
    {
      "id": 6,
      "teller": "？？？",
      "title": "？？？",
      "content": "救、救命——"
    },
    {
      "id": 7,
      "model": "그레고르",
      "teller": "格里高尔",
      "title": "玫瑰扳手工坊",
      "content": "啊，行了。"
    },
    {
      "id": 8,
      "content": "……好像不是让人想继续看下去的场景。对吧？"
    },
    {
      "id": 9,
      "teller": "亲切的员工",
      "title": "玫瑰扳手工坊",
      "content": "大叔~喝杯咖啡吧。"
    },
    {
      "id": 10,
      "model": "그레고르",
      "teller": "格里高尔",
      "title": "玫瑰扳手工坊",
      "content": "哦、哦……谢了！"
    },
    {
      "id": 11,
      "content": "结束工作回到事务所后，那孩子会在同一个地方进行同样的行动。"
    },
    {
      "id": 12,
      "content": "一手拿着便宜的速溶咖啡，一边勉强自己吸烟，直到疲劳有所缓解。"
    },
    {
      "id": 13,
      "model": "그레고르",
      "teller": "格里高尔",
      "title": "玫瑰扳手工坊",
      "content": "没放奶油吧？谢啦……"
    },
    {
      "id": 14,
      "teller": "亲切的员工",
      "title": "玫瑰扳手工坊",
      "content": "从我给大叔泡咖啡起已经过了好几个月了，您觉得我还会忘吗？"
    },
    {
      "id": 15,
      "content": "那孩子一边和泡着咖啡的员工开着玩笑，一边给自己的烟点上火。"
    },
    {
      "id": 16,
      "teller": "亲切的员工",
      "title": "玫瑰扳手工坊",
      "content": "今天的工作都结束了吗？"
    },
    {
      "id": 17,
      "model": "그레고르",
      "teller": "格里高尔",
      "title": "玫瑰扳手工坊",
      "content": "还没……让我看看~"
    },
    {
      "id": 18,
      "model": "그레고르",
      "teller": "格里高尔",
      "title": "玫瑰扳手工坊",
      "content": "刚刚一口气解决了两份……然后明天晚上有一份，在日出之前收拾掉这份工作就能稍微休息下了。"
    },
    {
      "id": 19,
      "teller": "亲切的员工",
      "title": "玫瑰扳手工坊",
      "content": "哎呀……您还是休息下比较好吧？"
    },
    {
      "id": 20,
      "model": "그레고르",
      "teller": "格里高尔",
      "title": "玫瑰扳手工坊",
      "content": "没事……越是努力干活才能赚得越多。不也有那个，每天加班的家伙在吗？"
    },
    {
      "id": 21,
      "teller": "亲切的员工",
      "title": "玫瑰扳手工坊",
      "content": "但那位说到底还是专门负责内务的……"
    },
    {
      "id": 22,
      "content": "“呼”，孩子苦笑着吐出一口烟。"
    },
    {
      "id": 23,
      "content": "正如那员工所说，这孩子也不过是个人类，他也知道自己的身体每天都疲惫不堪。"
    },
    {
      "id": 24,
      "content": "但是，这孩子有个梦想。"
    },
    {
      "id": 25,
      "model": "그레고르",
      "teller": "格里高尔",
      "title": "玫瑰扳手工坊",
      "content": "想要制造得到Tres协会认证的机器……要花很多钱吧。"
    },
    {
      "id": 26,
      "teller": "亲切的员工",
      "title": "玫瑰扳手工坊",
      "content": "大叔，您还没放弃吗？"
    },
    {
      "id": 27,
      "model": "그레고르",
      "teller": "格里高尔",
      "title": "玫瑰扳手工坊",
      "content": "为什么要放弃呢~可不能在这里待到老死，这无良工坊。"
    },
    {
      "id": 28,
      "model": "그레고르",
      "teller": "格里高尔",
      "title": "玫瑰扳手工坊",
      "content": "我得尽早做出自己的工坊产品然后自立门户。对吧？"
    },
    {
      "id": 29,
      "content": "孩子一边说着，一边抚摸自己拿着咖啡的手臂。"
    },
    {
      "id": 30,
      "content": "时而变成链锯，时而变成短剑，又或是有时能喷出火焰的手臂。这就是那孩子呕心沥血准备的“独属于自己的机械”。"
    },
    {
      "id": 31,
      "content": "由于既没有得到Tres协会认证，也没有进行量产的资金，所以不得不拼命工作，但那孩子觉得这样就好。"
    },
    {
      "id": 32,
      "content": "如果连自己一个人捣鼓的机器都必须得到认证的话，那也束手无策，只能放弃梦想了吧。"
    },
    {
      "id": 33,
      "teller": "亲切的员工",
      "title": "玫瑰扳手工坊",
      "content": "……明白了。总之，请保重身体。你也知道事务所如果没有大叔的话我们就会停转了吧？"
    },
    {
      "id": 34,
      "content": "孩子只是笑着，把烟掐灭了。"
    },
    {
      "id": 35,
      "content": "他没有必要回答。不管那是真是假，都并没有改变他现在正是该动起身操劳起来的事实。"
    }
  ]
}