{
  "dataList": [
    {
      "id": 0,
      "model": "그레고르",
      "teller": "格里高尔",
      "title": "Zwei协会 4科",
      "content": "好~客户伙计，走之前何不在这抽会烟小憩一下呢？"
    },
    {
      "id": 1,
      "teller": "困惑的VIP",
      "title": "？？？",
      "content": "什么？又来？"
    },
    {
      "id": 2,
      "model": "그레고르",
      "teller": "格里高尔",
      "title": "Zwei协会 4科",
      "content": "哎哟，过了这个村可就再没抽烟休息的店了。信我，你之后肯定会感谢我的哦？"
    },
    {
      "id": 3,
      "teller": "困惑的VIP",
      "title": "？？？",
      "content": "嗯……"
    },
    {
      "id": 4,
      "model": "그레고르",
      "teller": "格里高尔",
      "title": "Zwei协会 4科",
      "content": "那个，我能不能借个火……"
    },
    {
      "id": 5,
      "content": "孩子一边笑着说，一边随手指了指客户。"
    },
    {
      "id": 6,
      "content": "从远处看，他们几乎会被误以为是两位关系要好的老友。"
    },
    {
      "id": 7,
      "content": "可与Zwei协会签订的保护合同样式有很多种，但贴身保护是最常见的一种。"
    },
    {
      "id": 8,
      "content": "待在距客户最近的位置，随时应对掌控周围突发的意外情况。"
    },
    {
      "id": 9,
      "content": "那孩子很久以来一直在专门担任贴身保护的任务。"
    },
    {
      "id": 10,
      "teller": "严肃的保镖",
      "title": "？？？",
      "content": "站住。你离VIP太近了。"
    },
    {
      "id": 11,
      "model": "그레고르",
      "teller": "格里高尔",
      "title": "Zwei协会 4科",
      "content": "哈啊……大块头，你在担心些什么？是第一次干这活吗？"
    },
    {
      "id": 12,
      "teller": "严肃的保镖",
      "title": "？？？",
      "content": "我不知道Zwei是如何开展工作的，但我们事务所的办公方式无法容忍这种行为。"
    },
    {
      "id": 13,
      "model": "그레고르",
      "teller": "格里高尔",
      "title": "Zwei协会 4科",
      "content": "啧……如果你表现的这么引人注目，那就跟让我们的客户举个写着“我知道你在那！来做掉我啊！”的标牌一样。"
    },
    {
      "id": 14,
      "content": "那孩子叹了口气，吐出了一股浓烟，继续说下去。"
    },
    {
      "id": 15,
      "model": "그레고르",
      "teller": "格里高尔",
      "title": "Zwei协会 4科",
      "content": "最好的情况就是我们没有任何“情况”发生。不必辛劳，我们仍可以得到报酬。这是两全其美，对不？"
    },
    {
      "id": 16,
      "teller": "困惑的VIP",
      "title": "？？？",
      "content": "呃……在雇主面前说这话是不是有点不太合适？"
    },
    {
      "id": 17,
      "model": "그레고르",
      "teller": "格里高尔",
      "title": "Zwei协会 4科",
      "content": "啊？哦，对，抱歉抱歉。哈哈。"
    },
    {
      "id": 18,
      "content": "被称为客户的人此刻开始显得忧心忡忡。"
    },
    {
      "id": 19,
      "teller": "困惑的VIP",
      "title": "？？？",
      "content": "雇了事务所的收尾人，我觉得不够安全，于是我又花了一大笔钱，从Zwei协会的4科雇了一个保镖……"
    },
    {
      "id": 20,
      "teller": "困惑的VIP",
      "title": "？？？",
      "content": "但我没想到他们会派遣一位毫无私人空间概念的大叔来……"
    },
    {
      "id": 21,
      "model": "그레고르",
      "teller": "格里高尔",
      "title": "Zwei协会 4科",
      "content": "大叔？是不是有点太过了……"
    },
    {
      "id": 22,
      "teller": "困惑的VIP",
      "title": "？？？",
      "content": "我本以为Zwei协会的收尾人们都是比较固执，坚决遵守自身工作程序和原则的。"
    },
    {
      "id": 23,
      "model": "그레고르",
      "teller": "格里高尔",
      "title": "Zwei协会 4科",
      "content": "嗯？是吗？不过……这件大衣确实让我看起来有点沉闷，不是吗？"
    },
    {
      "id": 24,
      "teller": "困惑的VIP",
      "title": "？？？",
      "content": "我不是那个意……"
    },
    {
      "id": 25,
      "model": "그레고르",
      "teller": "格里高尔",
      "title": "Zwei协会 4科",
      "content": "看起来像什么样又有什么关系？只要我做好本职工作就好了吧？也就是……"
    },
    {
      "id": 26,
      "model": "그레고르",
      "teller": "格里高尔",
      "title": "Zwei协会 4科",
      "content": "……像这样。"
    },
    {
      "id": 27,
      "content": "孩子突然抬起腿，将另一名来自其他事务所的保镖踢倒在地。"
    },
    {
      "id": 28,
      "teller": "困惑的VIP",
      "title": "？？？",
      "content": "哇？！"
    },
    {
      "id": 29,
      "model": "그레고르",
      "teller": "格里高尔",
      "title": "Zwei协会 4科",
      "content": "嘿！放轻松，客户伙计。我可不是在背后捅你刀子的人。我是……"
    },
    {
      "id": 30,
      "content": "他的话还没说完，无数利刃就飞来刺向了那名保镖刚才站着的地方。"
    },
    {
      "id": 31,
      "model": "그레고르",
      "teller": "格里高尔",
      "title": "Zwei协会 4科",
      "content": "……救了大块头一命。你可以之后再感谢我~"
    },
    {
      "id": 32,
      "content": "孩子说着闲话若无其事地脱掉外套，站在客户和袭击者之间。"
    },
    {
      "id": 33,
      "content": "就在袭击者的利刃侵袭之处。"
    },
    {
      "id": 34,
      "model": "그레고르",
      "teller": "格里高尔",
      "title": "Zwei协会 4科",
      "content": "哈呀！"
    },
    {
      "id": 35,
      "content": "外套下面是一件“沉闷”的海军蓝色调大衣，象征着他是Zwei协会的成员……"
    },
    {
      "id": 36,
      "content": "他在手套下藏着的钢铁义肢显露了出来。"
    },
    {
      "id": 37,
      "model": "그레고르",
      "teller": "格里高尔",
      "title": "Zwei协会 4科",
      "content": "好家伙，这还真不少……"
    },
    {
      "id": 38,
      "content": "比孩子香烟烟头的余烬还要闪亮的火星从抵挡住利刃的双手剑上飞溅而出。袭击者挥刀的力度极大，如果直接击中的话，足以将客户瞬间劈成两半。"
    },
    {
      "id": 39,
      "content": "但那孩子却显得泰然自若。"
    },
    {
      "id": 40,
      "content": "孩子用左手弹了弹烟灰，仿佛一只手就足以承受施以利刃上的力量。"
    },
    {
      "id": 41,
      "content": "然后他说。"
    },
    {
      "id": 42,
      "model": "그레고르",
      "teller": "格里高尔",
      "title": "Zwei协会 4科",
      "content": "嘿……客户伙计？我能在抽完这支烟前搞定这事，所以放轻松，往后退点。"
    },
    {
      "id": 43,
      "model": "그레고르",
      "teller": "格里高尔",
      "title": "Zwei协会 4科",
      "content": "毕竟，Zwei是您的盾牌。"
    }
  ]
}