{
  "dataList": [
    {
      "id": 0,
      "content": "那孩子只是在劈砍。"
    },
    {
      "id": 1,
      "content": "或许是在挥刀而下。"
    },
    {
      "id": 2,
      "content": "又或者是深深刺入。"
    },
    {
      "id": 3,
      "content": "孩子胸口的一角佩戴着一枚认可了他至今为止劳苦的勋章，让他的军衔提升了一阶。"
    },
    {
      "id": 4,
      "content": "孩子曾经那双清澈而坚定的眼睛，如今已褪去所有的色彩。"
    },
    {
      "id": 5,
      "content": "那场战争究竟有什么意义？"
    },
    {
      "id": 6,
      "content": "是翼之间错综复杂的利益冲突？或许确实如此，但那些参与这场战争的孩子们的利益又是否曾被考虑其中？"
    },
    {
      "id": 7,
      "content": "如若包含，便再好不过。"
    },
    {
      "id": 8,
      "content": "因为，这孩子正以毫无期望的神情无数次地贯穿着敌人的心脏。"
    },
    {
      "id": 9,
      "content": "不久前还一脸纯真地向着某人敬礼的孩子，那短暂的时光在他的记忆中却显得格外漫长。"
    },
    {
      "id": 10,
      "content": "那颗磨损殆尽的心……"
    },
    {
      "id": 11,
      "content": "似乎最终还是走向了用杀人来扼杀感情的道路。"
    },
    {
      "id": 12,
      "content": "没关系。"
    },
    {
      "id": 13,
      "content": "如果那是为了你的话。"
    },
    {
      "id": 14,
      "content": "那么这也可以，当做是一件正确的事情吧。"
    }
  ]
}