{
  "dataList": [
    {
      "id": 0,
      "content": "在这世上，有些事是永远无法习惯的。"
    },
    {
      "id": 1,
      "content": "偶然咀嚼到混杂进茶壶中最后一杯茶水里残余的茶叶时，所感觉到的奇怪味道。"
    },
    {
      "id": 2,
      "content": "错过饮用时机，被融化的冰稀释后变得浑浊的苏格兰威士忌的味道。"
    },
    {
      "id": 3,
      "content": "……以及，即使不愿体会，也会反复到访的噩梦的滋味。"
    },
    {
      "id": 4,
      "content": "在那个噩梦里，那个我不愿再看到的人拜访了我。"
    },
    {
      "id": 5,
      "content": "带走了我的妹妹，又摧毁了我的家庭……"
    },
    {
      "id": 6,
      "content": "那狡猾而残酷的狼……那个夺走了我所珍视的一切，以至于我快忘却了自己因他而失去了多少的人。"
    },
    {
      "id": 7,
      "content": "这手臂……使我得到了这耻辱而令人憎恶的手臂的那人。夺走这手臂，让仅剩下性命的我苟延残喘，在地狱般的人生中挣扎的那人。"
    },
    {
      "id": 8,
      "content": "那家伙绝不会独自到访。随他到来的人数之多，甚至能将我围困。"
    },
    {
      "id": 9,
      "content": "这就是我内心恐惧的程度吗？"
    },
    {
      "id": 10,
      "content": "生来便病弱到不拼尽一切便无法与外力抗衡的这幅身体，难道无法战胜源自深处的恐惧吗。"
    },
    {
      "id": 11,
      "content": "我以打磨锋利的剑锋瞄准，以切削自己人生、自忧郁中磨砺的剑术击溃它们。"
    },
    {
      "id": 12,
      "content": "然而那噩梦永远都只是以我的败北结束，结局始终遥不可及。"
    },
    {
      "id": 13,
      "content": "最后，我恍然大悟。"
    },
    {
      "id": 14,
      "content": "这次我依然成为了无力抵抗，只会被掠夺的人。"
    },
    {
      "id": 15,
      "content": "随后我从噩梦中惊醒。"
    },
    {
      "id": 16,
      "content": "……我竭尽全力去克服自己天生的缺陷。"
    },
    {
      "id": 17,
      "content": "有太多觊觎我地位与钱财的鬣狗，我无法仅是无忧无虑地依靠父母的荣誉生活。"
    },
    {
      "id": 18,
      "content": "我尽可能地避免在他们面前展露弱点。"
    },
    {
      "id": 19,
      "content": "我学习剑术，锻炼体力。"
    },
    {
      "id": 20,
      "content": "肺部传来的如同撕裂般的疼痛如今都变得亲切起来。这被诅咒的身体全然不顾我的意愿，似乎在祈求崩溃一样压迫着我。"
    },
    {
      "id": 21,
      "content": "但我也因此而逐渐能够保护我所得到的东西。"
    },
    {
      "id": 22,
      "content": "优质的服饰，体面的家……可口的食物，甚至是遗产。"
    },
    {
      "id": 23,
      "content": "有段时间，我甚至自以为自己或许克服了身体的诅咒。"
    },
    {
      "id": 24,
      "content": "然而，我彻底忘记了。"
    },
    {
      "id": 25,
      "content": "我在那幢暴雨掠过的宅邸中见到的……"
    },
    {
      "id": 26,
      "content": "那个顶着一头邋遢发型，稍一触动就怒不可遏的乞丐，他眼中饱含的憎恶。"
    },
    {
      "id": 27,
      "content": "那家伙在我最得意忘形的时候出现在了我的面前。"
    },
    {
      "id": 28,
      "content": "就像是当时那样……我能看见那家伙的眼睛里反射着我的恐惧，我对他要将我所拥有的一切尽数掠夺的恐惧。"
    },
    {
      "id": 29,
      "content": "我的手臂在瞬间被他切下。"
    },
    {
      "id": 30,
      "content": "……我不想再回忆这件事。"
    },
    {
      "id": 31,
      "content": "每当回想起来的时候，被切下的部位就会发麻，即使没吃东西也会感到反胃。"
    },
    {
      "id": 32,
      "content": "但我不会就此退缩。"
    },
    {
      "id": 33,
      "content": "他说是要玩捉迷藏来着。啊，那就如他所愿。"
    },
    {
      "id": 34,
      "content": "为了将这噩梦……将这无形的恐惧彻底斩断。"
    },
    {
      "id": 35,
      "content": "必须开始猎狼。"
    },
    {
      "id": 36,
      "content": "……毕竟最终，如果不亲自抹杀那实体，就毫无意义。"
    }
  ]
}