{
  "dataList": [
    {
      "id": 0,
      "model": "그레고르",
      "teller": "格里高尔",
      "title": "黑云会 副会长",
      "content": "一旦喝了酒啊，人就会变得特别坦率。"
    },
    {
      "id": 1,
      "model": "그레고르",
      "teller": "格里高尔",
      "title": "黑云会 副会长",
      "content": "什么损伤肝脏啊，让人脑袋不清醒啊……嘛，虽然说是有一堆副作用，但好处也是有的。"
    },
    {
      "id": 2,
      "model": "그레고르",
      "teller": "格里高尔",
      "title": "黑云会 副会长",
      "content": "在帮派的生活……当然指的是如果能活足够长时间不死的话啊。"
    },
    {
      "id": 3,
      "model": "그레고르",
      "teller": "格里高尔",
      "title": "黑云会 副会长",
      "content": "总能得到那么一两个手下。"
    },
    {
      "id": 4,
      "model": "그레고르",
      "teller": "格里高尔",
      "title": "黑云会 副会长",
      "content": "人要是不多，一起做个几次事聊个几次天，也就大概能明白他们是什么样的人……"
    },
    {
      "id": 5,
      "model": "그레고르",
      "teller": "格里高尔",
      "title": "黑云会 副会长",
      "content": "可一旦人数多到两只手数不过来，那我就力不从心了。"
    },
    {
      "id": 6,
      "model": "그레고르",
      "teller": "格里高尔",
      "title": "黑云会 副会长",
      "content": "话是这么说，终究也是要拿来使唤的人，要是用错了脑子有毛病的家伙就全得功亏一篑，不得不多花点心思……真让人头疼。"
    },
    {
      "id": 7,
      "model": "그레고르",
      "teller": "格里高尔",
      "title": "黑云会 副会长",
      "content": "而这种时候！酒的妙处就体现出来了，懂吧。"
    },
    {
      "id": 8,
      "model": "그레고르",
      "teller": "格里高尔",
      "title": "黑云会 副会长",
      "content": "你看，要是我也表现得像是刚喝了一大~桶酒一样……"
    },
    {
      "id": 9,
      "model": "그레고르",
      "teller": "格里高尔",
      "title": "黑云会 副会长",
      "content": "那些人就会开始琢磨，觉得“这个大哥也没什么了不起啊”，对吧？"
    },
    {
      "id": 10,
      "model": "그레고르",
      "teller": "格里高尔",
      "title": "黑云会 副会长",
      "content": "尤其是没见过我醒酒后模样的那些小崽子们。"
    },
    {
      "id": 11,
      "model": "그레고르",
      "teller": "格里高尔",
      "title": "黑云会 副会长",
      "content": "在这种情况下，只要说出一两句真心话，就能搞明白他们是什么样的人了。"
    },
    {
      "id": 12,
      "model": "그레고르",
      "teller": "格里高尔",
      "title": "黑云会 副会长",
      "content": "怎么样，酒也挺有用处吧？"
    },
    {
      "id": 13,
      "model": "그레고르",
      "teller": "格里高尔",
      "title": "黑云会 副会长",
      "content": "所以……快给我斟满啦~"
    },
    {
      "id": 14,
      "teller": "忠诚的手下",
      "title": "黑云会",
      "content": "您又这样了……大哥，这种话要在他们不在的时候说啊。"
    },
    {
      "id": 15,
      "model": "그레고르",
      "teller": "格里高尔",
      "title": "黑云会 副会长",
      "content": "呃？啊……对哦？"
    },
    {
      "id": 16,
      "content": "孩子从30分钟前起就把脸平贴在桌子上，舌头含糊不清地咕哝着。"
    },
    {
      "id": 17,
      "content": "也不清楚他自己有没有意识到……邻座的人已经听他重复过好几次同样的话了。"
    },
    {
      "id": 18,
      "teller": "忠诚的手下",
      "title": "黑云会",
      "content": "喂，小的们。"
    },
    {
      "id": 19,
      "teller": "成员们",
      "title": "黑云会",
      "content": "是！！"
    },
    {
      "id": 20,
      "teller": "忠诚的手下",
      "title": "黑云会",
      "content": "我们大哥虽然这幅样子，但不代表他就是个酒鬼啊？听见没？"
    },
    {
      "id": 21,
      "teller": "成员们",
      "title": "黑云会",
      "content": "是！听到了！"
    },
    {
      "id": 22,
      "model": "그레고르",
      "teller": "格里高尔",
      "title": "黑云会 副会长",
      "content": "哎哟，这多羞人啊~快点给我斟满酒……"
    },
    {
      "id": 23,
      "content": "那孩子的玩笑让努力改变气氛的部下无可奈何地低头，深深叹了口气。"
    },
    {
      "id": 24,
      "content": "虽然他希望那孩子能稍微正式点，但他转念一想，对每天都要参加酒会的人又能提出多高要求呢。"
    },
    {
      "id": 25,
      "content": "不过，他也并不是担心那孩子。"
    },
    {
      "id": 26,
      "content": "该出手时就出手。没有什么比这句话更适合形容那孩子的表现了。"
    },
    {
      "id": 27,
      "content": "公私分明。这同样也适用于那孩子的行为。"
    },
    {
      "id": 28,
      "content": "长期辅佐孩子的手下对这一事实心知肚明。"
    },
    {
      "id": 29,
      "content": "他知道，一旦听说有事件发生，一分钟前还醉醺醺的这个人就能凭着气势将醉意一扫而空。"
    },
    {
      "id": 30,
      "model": "그레고르",
      "teller": "格里高尔",
      "title": "黑云会 副会长",
      "content": "对了。所以你们准备好给那些闯进来的流浪者一些颜色看看了吗？"
    },
    {
      "id": 31,
      "teller": "忠诚的手下",
      "title": "黑云会",
      "content": "是！我们正为了您所说的日子细心磨刀，做着充足准备。"
    },
    {
      "id": 32,
      "teller": "忠诚的手下",
      "title": "黑云会",
      "content": "剑契组那群家伙在我们的地盘上四处乱晃……会长和副会长一定都很不自在。"
    },
    {
      "id": 33,
      "model": "그레고르",
      "teller": "格里高尔",
      "title": "黑云会 副会长",
      "content": "嘛，那是会长的事……嗝。"
    },
    {
      "id": 34,
      "model": "그레고르",
      "teller": "格里高尔",
      "title": "黑云会 副会长",
      "content": "我只是想和他们比划两下而已。"
    },
    {
      "id": 35,
      "content": "孩子将杯中的酒一饮而尽，心情愉悦地长舒一口气。"
    },
    {
      "id": 36,
      "model": "그레고르",
      "teller": "格里高尔",
      "title": "黑云会 副会长",
      "content": "后巷里耍枪弄刀的人里头，很少能碰到真心因为喜爱而挥剑的人……对吧？"
    },
    {
      "id": 37,
      "model": "그레고르",
      "teller": "格里高尔",
      "title": "黑云会 副会长",
      "content": "你也一样咯？你握着剑只是为了摸摸钱，想在我们帮派里头生活，或者出去耀武扬威对吧。"
    },
    {
      "id": 38,
      "teller": "忠诚的手下",
      "title": "黑云会",
      "content": "啊……不、不是。"
    },
    {
      "id": 39,
      "model": "그레고르",
      "teller": "格里高尔",
      "title": "黑云会 副会长",
      "content": "别说不是啊。……唉~咱们黑云会里头可没有真心想钻研剑道的家伙啊。"
    },
    {
      "id": 40,
      "model": "그레고르",
      "teller": "格里高尔",
      "title": "黑云会 副会长",
      "content": "听说以前那会儿，黑云会里头也自创过各种各样的剑法，还进行修炼来着……再看看现在啊~"
    },
    {
      "id": 41,
      "content": "孩子一边说着，一边不耐烦地挠了挠头发。"
    },
    {
      "id": 42,
      "model": "그레고르",
      "teller": "格里高尔",
      "title": "黑云会 副会长",
      "content": "是因为投奔了拇指吗……怪不得那些想要挥剑的人都纷纷自创流派，到别的地方去了。你说是吧？"
    },
    {
      "id": 43,
      "teller": "忠诚的手下",
      "title": "黑云会",
      "content": "大哥！您不能这样议论拇指。万一……"
    },
    {
      "id": 44,
      "model": "그레고르",
      "teller": "格里高尔",
      "title": "黑云会 副会长",
      "content": "啊~知道了知道了。所以黑云会才变成这副模样咯。"
    },
    {
      "id": 45,
      "model": "그레고르",
      "teller": "格里高尔",
      "title": "黑云会 副会长",
      "content": "听从命令赚些零零散散的小钱，要么就是和人打架。看样子是我加入得太晚了。"
    },
    {
      "id": 46,
      "teller": "忠诚的手下",
      "title": "黑云会",
      "content": "黑云会原本就不是磨炼剑法的帮派。这种帮派和收尾人事务所在外面……"
    },
    {
      "id": 47,
      "model": "그레고르",
      "teller": "格里高尔",
      "title": "黑云会 副会长",
      "content": "所以呢！你觉得我在这儿干了多久了！现在是想让我换个地方从头再来吗？"
    },
    {
      "id": 48,
      "model": "그레고르",
      "teller": "格里高尔",
      "title": "黑云会 副会长",
      "content": "嗝！但是！不久后要和我们以剑交手的那些家伙可不一样！"
    },
    {
      "id": 49,
      "model": "그레고르",
      "teller": "格里高尔",
      "title": "黑云会 副会长",
      "content": "所以今天的酒味道尤其好，呵。"
    },
    {
      "id": 50,
      "content": "孩子的话是发自内心的。"
    },
    {
      "id": 51,
      "content": "那孩子十分喜欢舞剑，因此才加入了这个帮派……"
    },
    {
      "id": 52,
      "content": "但，为了自己，真心对待剑的人寥寥无几。"
    },
    {
      "id": 53,
      "content": "与之相对，孩子的地位迅速上升，一路升到了副会长，在即将进行的争斗中，他成为了成员们最为信赖的人。"
    },
    {
      "id": 54,
      "content": "正因如此，他才能被如此多手下簇拥和认可。"
    },
    {
      "id": 55,
      "content": "也正因此，今天自己也得拼命辅佐他，为这位了不起的大哥提高一丝威望。"
    },
    {
      "id": 56,
      "content": "那手下这样想着，轻笑一声。"
    },
    {
      "id": 57,
      "model": "그레고르",
      "teller": "格里高尔",
      "title": "黑云会 副会长",
      "content": "喂！酒！"
    },
    {
      "id": 58,
      "teller": "忠诚的手下",
      "title": "黑云会",
      "content": "……是。"
    },
    {
      "id": 59,
      "content": "当然，还得为他斟酒。"
    },
    {
      "id": 60,
      "content": "……于是争斗之日到来。"
    },
    {
      "id": 61,
      "content": "黑云会与剑契组正剑拔弩张。"
    },
    {
      "id": 62,
      "content": "在某条后巷，不久便会血肉横飞。"
    },
    {
      "id": 63,
      "model": "그레고르",
      "teller": "格里高尔",
      "title": "黑云会 副会长",
      "content": "喂。注意那个戴斗笠的家伙。"
    },
    {
      "id": 64,
      "content": "简直不像是昨天还喝得醉醺醺的家伙，那孩子用严肃的口吻命令对面的人。"
    },
    {
      "id": 65,
      "model": "로쟈",
      "teller": "罗佳",
      "title": "黑云会 若众",
      "content": "嗯？啊，那个带着奇怪帽子的人？"
    },
    {
      "id": 66,
      "model": "료슈",
      "teller": "良秀",
      "title": "黑云会 若众",
      "content": "哦。他有着染血的剑和剑鬼的眼神。"
    },
    {
      "id": 67,
      "content": "副会长的一句话引起了手下们三言两语的讨论。"
    },
    {
      "id": 68,
      "content": "但对孩子来说是好事。手下们需要对他提高警惕……"
    },
    {
      "id": 69,
      "content": "因为孩子打算和那危险的家伙交手一番。"
    },
    {
      "id": 70,
      "model": "그레고르",
      "teller": "格里高尔",
      "title": "黑云会 副会长",
      "content": "管他是剑鬼还是见鬼！我们就跟拨云斩雾一样和他们拼一场吧！"
    },
    {
      "id": 71,
      "content": "孩子大喊着拔出剑……"
    },
    {
      "id": 72,
      "content": "随后，争斗开始了。"
    }
  ]
}