{
  "dataList": [
    {
      "id": 0,
      "model": "그레고르",
      "teller": "格里高尔",
      "title": "双钩 大副",
      "content": "喂，你们……"
    },
    {
      "id": 1,
      "content": "伴随着沙发深陷下去的声音，孩子发出了把厚皮靴跟放在桌子上的声音。"
    },
    {
      "id": 2,
      "content": "四周开始充斥着各种噪音，悉悉索索的声音、掏口袋的声音……"
    },
    {
      "id": 3,
      "model": "그레고르",
      "teller": "格里高尔",
      "title": "双钩 大副",
      "content": "嗯？哦，这样啊。今天就尝尝那根烟吧。"
    },
    {
      "id": 4,
      "model": "긴장한 조직원",
      "teller": "紧张的海盗",
      "title": "双钩海盗团",
      "content": "是！"
    },
    {
      "id": 5,
      "model": "그레고르",
      "teller": "格里高尔",
      "title": "双钩 大副",
      "content": "火呢~？"
    },
    {
      "id": 6,
      "model": "빠릿한 조직원",
      "teller": "机灵的海盗",
      "title": "双钩海盗团",
      "content": "在这里！"
    },
    {
      "id": 7,
      "content": "边上的一名船员慌张地点上火后交给孩子。"
    },
    {
      "id": 8,
      "content": "孩子点了点头，像是对此习以为常。他把烟靠近了火焰，心情愉悦地抽着。"
    },
    {
      "id": 9,
      "model": "그레고르",
      "teller": "格里高尔",
      "title": "双钩 大副",
      "content": "呼……这个，不错嘛？是从哪个港口来的？"
    },
    {
      "id": 10,
      "model": "긴장한 조직원",
      "teller": "紧张的海盗",
      "title": "双钩海盗团",
      "content": "这是从我们之前的“客人”那里拿到的。如果您想要的话……"
    },
    {
      "id": 11,
      "model": "그레고르",
      "teller": "格里高尔",
      "title": "双钩 大副",
      "content": "唉，算了，算了。要是贸然出手，他们肯定会被吓死的。反正这东西我很快就会腻了吧~"
    },
    {
      "id": 12,
      "model": "긴장한 조직원",
      "teller": "紧张的海盗",
      "title": "双钩海盗团",
      "content": "明白……"
    },
    {
      "id": 13,
      "model": "그레고르",
      "teller": "格里高尔",
      "title": "双钩 大副",
      "content": "话说回来……"
    },
    {
      "id": 14,
      "content": "孩子向着摊开手作烟灰缸的船员手中弹了两下烟灰，再度深吸了一口烟，扫视着面前排成一列的船员们。"
    },
    {
      "id": 15,
      "model": "그레고르",
      "teller": "格里高尔",
      "title": "双钩 大副",
      "content": "对，该开晨会了。从站在左边的那个开始，报告一下我们的副业情况。"
    },
    {
      "id": 16,
      "model": "긴장한 조직원",
      "teller": "紧张的海盗",
      "title": "双钩海盗团",
      "content": "啊，是！我们人鱼香水部这次又抓到了新品种的人鱼……"
    },
    {
      "id": 17,
      "content": "在孩子的指令下，船员们列出了他们各自负责部门的工作情况。"
    },
    {
      "id": 18,
      "content": "人鱼香水、冰淇淋、还有除此以外各种各样东西的销量在孩子的耳朵里杂乱地进进出出。"
    },
    {
      "id": 19,
      "model": "그레고르",
      "teller": "格里高尔",
      "title": "双钩 大副",
      "content": "……嗯，嘛。这样啊。"
    },
    {
      "id": 20,
      "model": "그레고르",
      "teller": "格里高尔",
      "title": "双钩 大副",
      "content": "结果不全都是垃圾吗。我难道说错了吗？"
    },
    {
      "id": 21,
      "model": "조직원들",
      "teller": "海盗们",
      "title": "双钩海盗团",
      "content": "……"
    },
    {
      "id": 22,
      "model": "그레고르",
      "teller": "格里高尔",
      "title": "双钩 大副",
      "content": "怎么了？怎么什么都说不出来了？另外，我可没有在怪你们哦~"
    },
    {
      "id": 23,
      "model": "그레고르",
      "teller": "格里高尔",
      "title": "双钩 大副",
      "content": "反正这些都赚不到什么钱……说到底，我们的主要业务是那个吧。嗯？"
    },
    {
      "id": 24,
      "model": "그레고르",
      "teller": "格里高尔",
      "title": "双钩 大副",
      "content": "……“客人们”的情况怎么样了？"
    },
    {
      "id": 25,
      "model": "쓸만한 조직원",
      "teller": "有能力的海盗",
      "title": "双钩海盗团",
      "content": "加上这次新入库的家伙，我们现在一共抓了六个人。"
    },
    {
      "id": 26,
      "model": "그레고르",
      "teller": "格里高尔",
      "title": "双钩 大副",
      "content": "在寻找客人的顾客们有几个？"
    },
    {
      "id": 27,
      "model": "쓸만한 조직원",
      "teller": "有能力的海盗",
      "title": "双钩海盗团",
      "content": "有两个人，正和我们积极交涉中。好像说其中有一个从巢里来的有钱人……"
    },
    {
      "id": 28,
      "model": "그레고르",
      "teller": "格里高尔",
      "title": "双钩 大副",
      "content": "哇哦，好诶~"
    },
    {
      "id": 29,
      "model": "쓸만한 조직원",
      "teller": "有能力的海盗",
      "title": "双钩海盗团",
      "content": "哦，然后有一条特别注意事项……"
    },
    {
      "id": 30,
      "model": "쓸만한 조직원",
      "teller": "有能力的海盗",
      "title": "双钩海盗团",
      "content": "我们成功抓到了好像是……某个公司的人。很明显，他是某个部门的队长。他应该很快就能给我们带来一笔巨额赎金吧？"
    },
    {
      "id": 31,
      "model": "그레고르",
      "teller": "格里高尔",
      "title": "双钩 大副",
      "content": "哦……队长吗。他应该很值钱吧。"
    },
    {
      "id": 32,
      "model": "쓸만한 조직원",
      "teller": "有能力的海盗",
      "title": "双钩海盗团",
      "content": "虽然我觉得他作为队长有点傻……不过不用在意，大副。"
    },
    {
      "id": 33,
      "model": "그레고르",
      "teller": "格里高尔",
      "title": "双钩 大副",
      "content": "呼，是的~辛苦啦~"
    },
    {
      "id": 34,
      "model": "그레고르",
      "teller": "格里高尔",
      "title": "双钩 大副",
      "content": "你们也都辛苦啦~因为混蛋船长缺席了，所以你们才会被低级的大副耍得团团转。很烦，不是吗？"
    },
    {
      "id": 35,
      "model": "조직원들",
      "teller": "海盗们",
      "title": "双钩海盗团",
      "content": "没有！"
    },
    {
      "id": 36,
      "model": "그레고르",
      "teller": "格里高尔",
      "title": "双钩 大副",
      "content": "我明白啦~唉，混蛋虎克……我们一起在船上战斗的时候还觉得他很可靠，但每次只要停船他就总要去喝什么精灵酒……"
    },
    {
      "id": 37,
      "content": "孩子用天真的声音开着玩笑，但船员们就像被军纪束缚的军人一般不敢乱动。"
    },
    {
      "id": 38,
      "content": "虽然他们名义上被叫做海盗，但看这僵硬的气氛，却总有些不太合适……"
    },
    {
      "id": 39,
      "content": "其实，他们有被那样称呼的原因。"
    },
    {
      "id": 40,
      "content": "而那也是……为什么这个看上去很懒散随意的人是海盗们的大副的原因。"
    },
    {
      "id": 41,
      "model": "그레고르",
      "teller": "格里高尔",
      "title": "双钩 大副",
      "content": "现在！好好看着这里！"
    },
    {
      "id": 42,
      "model": "???",
      "teller": "？？？",
      "title": "？？？",
      "content": "啊啊啊啊啊！！"
    },
    {
      "id": 43,
      "model": "그레고르",
      "teller": "格里高尔",
      "title": "双钩 大副",
      "content": "哦~别那么害怕嘛。要是因为害怕而乱抖的话，你脑袋上可能会多个气孔哦？那样的话可不能怪我哦？"
    },
    {
      "id": 44,
      "model": "???",
      "teller": "？？？",
      "title": "？？？",
      "content": "……咕噜。"
    },
    {
      "id": 45,
      "model": "그레고르",
      "teller": "格里高尔",
      "title": "双钩 大副",
      "content": "来，请看这里~未来的客人~"
    },
    {
      "id": 46,
      "model": "그레고르",
      "teller": "格里高尔",
      "title": "双钩 大副",
      "content": "这个呢，叫做枪。砰！地这样射穿身体的时候就会打开一个气孔，是个很可怕的朋友呢。和它打个招呼吧？你知道这颗子弹因为该死的税所以很贵吧？"
    },
    {
      "id": 47,
      "model": "그레고르",
      "teller": "格里高尔",
      "title": "双钩 大副",
      "content": "哦哦，没必要这么拼命地点头啊。只要轻轻摆弄一下扳机，哪怕是一阵风，就会砰！地变成这样。"
    },
    {
      "id": 48,
      "model": "그레고르",
      "teller": "格里高尔",
      "title": "双钩 大副",
      "content": "所以嘛，眨眼回答就行~我觉得你没有什么选择答案的余地哦？"
    },
    {
      "id": 49,
      "model": "그레고르",
      "teller": "格里高尔",
      "title": "双钩 大副",
      "content": "从现在起，你就是我们的“客人”了。你的朋友们和你家里都很有钱。对吧？"
    },
    {
      "id": 50,
      "model": "???",
      "teller": "？？？",
      "title": "？？？",
      "content": "……"
    },
    {
      "id": 51,
      "model": "그레고르",
      "teller": "格里高尔",
      "title": "双钩 大副",
      "content": "好。像那样眨眼就好。在你的朋友们来付赎金之前，就和我们一起呆在这里吧。放轻松，那样你就不会死了。很划算吧？"
    },
    {
      "id": 52,
      "model": "그레고르",
      "teller": "格里高尔",
      "title": "双钩 大副",
      "content": "哦，你的眼睛干了吗？怎么不继续眨眼了呢？看来你还有点斗志啊？"
    },
    {
      "id": 53,
      "model": "???",
      "teller": "？？？",
      "title": "？？？",
      "content": "不、不是的！不是这……"
    },
    {
      "id": 54,
      "model": "긴장한 조직원",
      "teller": "紧张的海盗",
      "title": "双钩海盗团",
      "content": "……咕噜。"
    },
    {
      "id": 55,
      "content": "……每次有新客人被带来时，所有船员都会看到他的这副模样，所以都对孩子心怀恐惧。"
    },
    {
      "id": 56,
      "content": "说不定，虎克船长也知道孩子有这方面的天赋，于是便把这个任务交给了他。"
    },
    {
      "id": 57,
      "content": "至于孩子到底觉不觉得麻烦，虎克船长倒不是很在意吧，大概。"
    }
  ]
}