{
  "dataList": [
    {
      "id": 0,
      "teller": "愚蠢的帮派成员",
      "title": "？？？",
      "content": "哈啊，哈……逮到你了！混账小子！把身上东西都给老子交出来！"
    },
    {
      "id": 1,
      "content": "那孩子前脚刚被逼入了死胡同，紧随其后的追击者后脚便堵在了巷口。"
    },
    {
      "id": 2,
      "content": "追击者改用双手握住长剑，缓慢地调整着呼吸的样子，仿佛随时都会把这孩子劈成两半一般。"
    },
    {
      "id": 3,
      "teller": "愚蠢的帮派成员",
      "title": "？？？",
      "content": "没……没地儿跑了吧。哈，别再白费体力了……"
    },
    {
      "id": 4,
      "content": "正当追击者说着话时。"
    },
    {
      "id": 5,
      "teller": "愚蠢的帮派成员",
      "title": "？？？",
      "content": "喂！你这小子又要往哪……"
    },
    {
      "id": 6,
      "content": "孩子随着哐当声消失在右侧。"
    },
    {
      "id": 7,
      "content": "一个后巷帮派成员模样的追击者骂骂咧咧地缓步走向那孩子消失的巷子深处。"
    },
    {
      "id": 8,
      "content": "一扇遍布着暗红锈迹的铁门。那孩子一定是藏进了这里。"
    },
    {
      "id": 9,
      "teller": "愚蠢的帮派成员",
      "title": "？？？",
      "content": "妈的……你是不是想着逃入狭窄的室内长剑就使不上劲了？"
    },
    {
      "id": 10,
      "content": "追击者嗤嗤冷笑着将剑插回腰间，又拔出一把更短的剑。"
    },
    {
      "id": 11,
      "teller": "愚蠢的帮派成员",
      "title": "？？？",
      "content": "蠢货，我一直随身带着两把剑可是有道理的……嘿嘿。"
    },
    {
      "id": 12,
      "content": "追击者狞笑着进了门。"
    },
    {
      "id": 13,
      "content": "然而，这却是一个他完全始料未及的陷阱。"
    },
    {
      "id": 14,
      "model": "그레고르",
      "teller": "格里高尔",
      "title": "23区后巷",
      "content": "抓到……你喽。"
    },
    {
      "id": 15,
      "teller": "愚蠢的帮派成员",
      "title": "？？？",
      "content": "什？！"
    },
    {
      "id": 16,
      "content": "那个孩子的身影明明已无迹可寻，现在却突然从自己身后浮现。"
    },
    {
      "id": 17,
      "content": "令他难以置信。"
    },
    {
      "id": 18,
      "teller": "愚蠢的帮派成员",
      "title": "？？？",
      "content": "你、你是怎么……"
    },
    {
      "id": 19,
      "model": "그레고르",
      "teller": "格里高尔",
      "title": "23区后巷",
      "content": "你的剑长也好短也罢……凡是摸进我“工坊”里头的食材，未曾有能活着出去的。"
    },
    {
      "id": 20,
      "teller": "愚蠢的帮派成员",
      "title": "？？？",
      "content": "食、食材……？"
    },
    {
      "id": 21,
      "model": "그레고르",
      "teller": "格里高尔",
      "title": "23区后巷",
      "content": "对，你呀……上当喽。这算是产地直供了。"
    },
    {
      "id": 22,
      "content": "阴险的追击者这才幡然醒悟。"
    },
    {
      "id": 23,
      "content": "他追了那个孩子一路……最终竟闯进了味之巷的一间食材仓库。"
    },
    {
      "id": 24,
      "model": "그레고르",
      "teller": "格里高尔",
      "title": "23区后巷",
      "content": "所以你为什么要挑衅普通的路人啊……就算我一开始对你没想法，也会让我想看看你的肉质新不新鲜了啊。"
    },
    {
      "id": 25,
      "teller": "愚蠢的帮派成员",
      "title": "？？？",
      "content": "那、那这里岂不是……良秀的大肉……"
    },
    {
      "id": 26,
      "model": "그레고르",
      "teller": "格里高尔",
      "title": "23区后巷",
      "content": "呼……没错。是良·派。虽然我不怎么喜欢这店名。"
    },
    {
      "id": 27,
      "content": "追击者……或是强盗。无论如何，现在都沦为了可悲的牺牲品，用夹杂着恐惧的声音喃喃自语。"
    },
    {
      "id": 28,
      "content": "哪怕是对周边尚不熟悉的新晋帮派成员，也都对此有耳闻：23区后巷的街道上到处都是制作人肉派的店铺。"
    },
    {
      "id": 29,
      "model": "그레고르",
      "teller": "格里高尔",
      "title": "23区后巷",
      "content": "嘶……因为是那家伙开的店，所以店上写着她的名字倒也没什么错……"
    },
    {
      "id": 30,
      "model": "그레고르",
      "teller": "格里高尔",
      "title": "23区后巷",
      "content": "但我怎么想也想不通为什么这店不叫“良秀的大肉派”，而是“良·派”。"
    },
    {
      "id": 31,
      "model": "그레고르",
      "teller": "格里高尔",
      "title": "23区后巷",
      "content": "由于我晚来一步，才被一边敲着后脑勺挨着骂一边学习料理……哈啊，就算都忍下来了，唯独这起名的审美是无论如何都没法理解啊。"
    },
    {
      "id": 32,
      "model": "그레고르",
      "teller": "格里高尔",
      "title": "23区后巷",
      "content": "喂，你也这么想吧？从获取食材到分解和处理可都是我在干，让我来改善下店铺名字总可以吧？"
    },
    {
      "id": 33,
      "content": "老旧中式菜刀的刀背敲了敲。"
    },
    {
      "id": 34,
      "content": "一边触碰着紧张至极的牺牲品的肩膀，孩子倾诉着不满。"
    },
    {
      "id": 35,
      "teller": "愚蠢的帮派成员",
      "title": "？？？",
      "content": "当、当然了！先生您的意见理应得到反映才对！"
    },
    {
      "id": 36,
      "model": "그레고르",
      "teller": "格里高尔",
      "title": "23区后巷",
      "content": "哦哟，可别这样。刚才还这家伙那家伙的……突然叫先生搞得我起了一身鸡皮疙瘩。"
    },
    {
      "id": 37,
      "teller": "愚蠢的帮派成员",
      "title": "？？？",
      "content": "万、万分抱歉！"
    },
    {
      "id": 38,
      "model": "그레고르",
      "teller": "格里高尔",
      "title": "23区后巷",
      "content": "……不用感到抱歉。就算这样也不会放你走的。"
    },
    {
      "id": 39,
      "teller": "愚蠢的帮派成员",
      "title": "？？？",
      "content": "先、先生！您这么厉害，就应该把那个高高在上，出尽风头的家伙杀了再取而代之啊！我、我来帮……"
    },
    {
      "id": 40,
      "model": "그레고르",
      "teller": "格里高尔",
      "title": "23区后巷",
      "content": "嚯……那可真是个不错的主意啊？"
    },
    {
      "id": 41,
      "teller": "愚蠢的帮派成员",
      "title": "？？？",
      "content": "真的吗？那么只要把我……把我放出去……！"
    },
    {
      "id": 42,
      "model": "그레고르",
      "teller": "格里高尔",
      "title": "23区后巷",
      "content": "哎呀真是，你好烦啊。"
    },
    {
      "id": 43,
      "content": "以此句为结尾，随后房间内只剩下了砍切的声音。"
    },
    {
      "id": 44,
      "model": "그레고르",
      "teller": "格里高尔",
      "title": "23区后巷",
      "content": "那啥……挺感谢你看好我的，老兄。但就算这样我现在也还做不出良秀厨师长那种水平的馅饼啊。"
    },
    {
      "id": 45,
      "content": "手上处理着馅料的孩子继续喃喃自语道。"
    },
    {
      "id": 46,
      "content": "即便他现在已经没有了听众。"
    },
    {
      "id": 47,
      "model": "그레고르",
      "teller": "格里高尔",
      "title": "23区后巷",
      "content": "虽然她总是烦我，还动不动就威胁说要解雇我，令人火大……但她是个值得学习的好厨师……我暂时还是得乖乖听她的话。至少当下是这样。"
    },
    {
      "id": 48,
      "model": "그레고르",
      "teller": "格里高尔",
      "title": "23区后巷",
      "content": "所以别太难过，老兄。如果你是个著名大厨的话，我兴许还会犹豫一下。呵。"
    },
    {
      "id": 49,
      "content": "如果时过境迁，他又会打算怎么做呢。虽然孩子的内心十分令人好奇……"
    },
    {
      "id": 50,
      "content": "不过，这场面也不像是平和到能让人思考未来，对吧？"
    }
  ]
}