{
  "dataList": [
    {
      "id": 0,
      "model": "그레고르",
      "title": "炎拳事务所",
      "content": "他们全都来自炎拳事务所！那套服装是我们炎拳事务所的制服！"
    },
    {
      "id": 1,
      "teller": "大姐",
      "title": "？？？",
      "content": "……"
    },
    {
      "id": 2,
      "model": "그레고르",
      "title": "炎拳事务所",
      "content": "真是的……啊，我就知道。大姐。还活着的话起码联系一下我啊。"
    },
    {
      "id": 3,
      "teller": "大姐",
      "title": "？？？",
      "content": "抵达那……充满梦……"
    },
    {
      "id": 4,
      "teller": "参加讨伐的收尾人",
      "title": "？？？",
      "content": "清醒一点！那哪里是你们事务所的制服啊！"
    },
    {
      "id": 5,
      "model": "그레고르",
      "title": "炎拳事务所",
      "content": "你……在说什么？那就是。我们炎拳事务所的制服啊。"
    },
    {
      "id": 6,
      "teller": "大姐",
      "title": "？？？",
      "content": "与希望的拉·曼却领……"
    },
    {
      "id": 7,
      "teller": "参加讨伐的收尾人",
      "title": "？？？",
      "content": "离远点！那是血袋！不然你也会死的！"
    },
    {
      "id": 8,
      "model": "그레고르",
      "title": "炎拳事务所",
      "content": "放开我！就在那。大姐就在那啊！"
    },
    {
      "id": 9,
      "teller": "大姐",
      "title": "血袋",
      "content": "别过来！！！"
    },
    {
      "id": 10,
      "model": "그레고르",
      "title": "炎拳事务所",
      "content": "……！"
    },
    {
      "id": 11,
      "teller": "P公司 员工",
      "title": "P公司",
      "content": "你没事吧？你突然就呆站在那不回话了。"
    },
    {
      "id": 12,
      "model": "그레고르",
      "title": "炎拳事务所",
      "content": "……没事。只是稍微有点头晕。比起那个……"
    },
    {
      "id": 13,
      "model": "그레고르",
      "title": "炎拳事务所",
      "content": "今天……也没开门吗？"
    },
    {
      "id": 14,
      "content": "我期盼已久的游乐园，却没有开门。"
    },
    {
      "id": 15,
      "teller": "P公司 员工",
      "title": "P公司",
      "content": "是因为最近雨一直下个不停吗，他们根本不开门啊。"
    },
    {
      "id": 16,
      "content": "理由很简单。是因为雨下个不停。"
    },
    {
      "id": 17,
      "content": "没有可以回去的地方。"
    },
    {
      "id": 18,
      "content": "炎拳事务所留下的东西，只剩下空荡荡却狭小的房间和催缴房租的邮件了。"
    },
    {
      "id": 19,
      "model": "그레고르",
      "title": "炎拳事务所",
      "content": "我想……进去一下。"
    },
    {
      "id": 20,
      "teller": "P公司 员工",
      "title": "P公司",
      "content": "只要不进作战用的帐篷就行。"
    },
    {
      "id": 21,
      "teller": "P公司 员工",
      "title": "P公司",
      "content": "……是打算寻找遗物吗？"
    },
    {
      "id": 22,
      "model": "그레고르",
      "title": "炎拳事务所",
      "content": "并不是那样……不，还是找一下比较好。"
    },
    {
      "id": 23,
      "content": "虽然是很大一片空地，但是想找到入口所在的地方并不难。"
    },
    {
      "id": 24,
      "content": "和血不同，燃料箱漏出来的油并不会那么容易被冲走。"
    },
    {
      "id": 25,
      "content": "在彩虹色的痕迹尽头，是坏掉的燃料箱和被随意丢弃的防毒面具。"
    },
    {
      "id": 26,
      "content": "半个月前。"
    },
    {
      "id": 27,
      "content": "把事务所众人召集来的大姐，将窗户大开。"
    },
    {
      "id": 28,
      "teller": "大姐",
      "title": "炎拳事务所",
      "content": "来，看看这个。"
    },
    {
      "id": 29,
      "content": "窗外，是P公司高大建筑发出的朦胧的白色灯光。"
    },
    {
      "id": 30,
      "teller": "大姐",
      "title": "炎拳事务所",
      "content": "顺利解决这次的委托的话，我们就用赏金住进那样漂亮的大楼里！"
    },
    {
      "id": 31,
      "teller": "大姐",
      "title": "炎拳事务所",
      "content": "等拿到了赏金就先搬家。然后把装备也换成燃料消耗率更好的。"
    },
    {
      "id": 32,
      "model": "그레고르",
      "title": "炎拳事务所",
      "content": "真是的，想得也太美了吧。我们这种低级别的收尾人事务所怎么可能拿到赏金呢。没在中途当了肉盾就不错了。"
    },
    {
      "id": 33,
      "teller": "大姐",
      "title": "炎拳事务所",
      "content": "哎呀。不是那样的委托！我们不需要去讨伐那些叫血魔还是什么的东西啊！"
    },
    {
      "id": 34,
      "teller": "炎拳事务所 收尾人",
      "title": "炎拳事务所",
      "content": "没、没错。他们说进去之后只要活下去就好了。只需要得到能提供15分钟证言的情报……"
    },
    {
      "id": 35,
      "model": "그레고르",
      "title": "炎拳事务所",
      "content": "嗯。总觉得有些不好的预感啊……"
    },
    {
      "id": 36,
      "teller": "大姐",
      "title": "炎拳事务所",
      "content": "再怎么说也是公开委托。会有很多协会收尾人参加的，没必要疑神疑鬼！"
    },
    {
      "id": 37,
      "teller": "大姐",
      "title": "炎拳事务所",
      "content": "啊！突然想起来，顺便能撕几张救出幸存者的传单下来吗？车站贴得到处都是。想想救出来一个人我们能赚多少？"
    },
    {
      "id": 38,
      "content": "脑海中不断涌现出疑虑。"
    },
    {
      "id": 39,
      "content": "被指定为都市梦魇的拉·曼却领的讨伐，为什么需要像我们这样的底层事务所。"
    },
    {
      "id": 40,
      "content": "明明看到好几家P公司知名事务所都参加了，为什么还没能完成讨伐呢。"
    },
    {
      "id": 41,
      "content": "但是，看着大姐闪闪发光的眼睛，我没能将那些疑虑说出口。"
    },
    {
      "id": 42,
      "teller": "大姐",
      "title": "炎拳事务所",
      "content": "我们必须摆脱这里。总是在这种地方接无聊的委托谋生可不行，不是吗？"
    },
    {
      "id": 43,
      "content": "我也想摆脱这里。"
    },
    {
      "id": 44,
      "content": "我不想给熊熊燃烧的火焰般的希望泼冷水。"
    },
    {
      "id": 45,
      "content": "我们都想逃离半地下般潮湿，连阳光都照不进来的荒凉生活。"
    },
    {
      "id": 46,
      "content": "接受委托，是因为心底里留下的一丝乐观……"
    },
    {
      "id": 47,
      "content": "同时，也是因为我们想要远离现在处境的软弱的逃避。"
    },
    {
      "id": 48,
      "teller": "P公司 员工",
      "title": "P公司",
      "content": "我已经告诉过你下雨天不会开放的吧……"
    },
    {
      "id": 49,
      "teller": "P公司 员工",
      "title": "P公司",
      "content": "遗物，之前已经全部回收了吧。"
    },
    {
      "id": 50,
      "content": "从那以后我每天都会回到那片空地。"
    },
    {
      "id": 51,
      "content": "我自己也不明白那到底是因为习惯、负罪感，或者仅仅是执着。"
    },
    {
      "id": 52,
      "model": "그레고르",
      "title": "炎拳事务所",
      "content": "……明明不得不回去，但我却不知道到底应该回到哪里去。"
    },
    {
      "id": 53,
      "content": "尽管大雨抹去了都市的杂音，耳边却仍回荡着音乐的残响。"
    },
    {
      "id": 54,
      "content": "无论是梦想、还是对未来的希望，都被拉·曼却领所吞噬……最终能回去的地方只有这里。"
    },
    {
      "id": 55,
      "teller": "血魔",
      "title": "拉·曼却领",
      "content": "为、为什么要做到这种地步……"
    },
    {
      "id": 56,
      "teller": "血魔",
      "title": "拉·曼却领",
      "content": "如果是你说的情报，我之前不是全都告诉你了吗！但你为什么还要回到这里！"
    },
    {
      "id": 57,
      "model": "그레고르",
      "title": "炎拳事务所",
      "content": "呼……"
    },
    {
      "id": 58,
      "model": "그레고르",
      "title": "炎拳事务所",
      "content": "除了这里我还能回哪儿去呢。"
    },
    {
      "id": 59,
      "model": "그레고르",
      "title": "炎拳事务所",
      "content": "同僚们全都死了，也不能一直呆在那冰冷的半地下吧。"
    },
    {
      "id": 60,
      "content": "我把仅存的一点积蓄都花光了。"
    },
    {
      "id": 61,
      "content": "首先，我购买了可以使用一个月以上的充足燃料，"
    },
    {
      "id": 62,
      "content": "然后，从P公司简报召集的人那里购买拉·曼却领的情报。"
    },
    {
      "id": 63,
      "model": "그레고르",
      "title": "炎拳事务所",
      "content": "那是第6次讨伐队的时候吗。和血魔猎人聊天的时候知道的。对你们来说，血……就是一切。"
    },
    {
      "id": 64,
      "model": "그레고르",
      "title": "炎拳事务所",
      "content": "感觉真好。毕竟，我能把一切都焚烧殆尽。在你们眼前，碾碎你们的人生，让我感到非常安心。"
    },
    {
      "id": 65,
      "teller": "血魔",
      "title": "拉·曼却领",
      "content": "不、不要……求你了！血……至少留下些血！哪怕一滴也好！"
    },
    {
      "id": 66,
      "content": "猛烈的火焰开始吞噬一切。建筑、尸体，以及他们曾强行让大姐穿上的，令人作呕的制服。"
    },
    {
      "id": 67,
      "content": "以及，他们所渴求的鲜血。"
    },
    {
      "id": 68,
      "content": "那血融化、黏连，直至蒸发，而每一次，目睹着的血魔都会作出相同的反应。"
    },
    {
      "id": 69,
      "content": "他们先是否定，接着是发火，最后则哀求着让我停下。"
    },
    {
      "id": 70,
      "content": "这模样倒与大姐变为血袋那天的我没什么不同。想到这里，我不禁干笑。"
    },
    {
      "id": 71,
      "teller": "血魔",
      "title": "拉·曼却领",
      "content": "拜托了。我、我什么都会做的！我还能想到的……啊！2区！突破2区的方法……"
    },
    {
      "id": 72,
      "model": "그레고르",
      "title": "炎拳事务所",
      "content": "那真是……相当诱人的提案。你应该早点说出来的。"
    },
    {
      "id": 73,
      "content": "一按下点火开关，血魔就拼命地吐露出情报。"
    },
    {
      "id": 74,
      "content": "2区都有些什么，血魔都潜伏在哪里，那里的管理者又是怎样的血魔。"
    },
    {
      "id": 75,
      "content": "上次由于闭园时间将近，我在获取情报后就离开了。"
    },
    {
      "id": 76,
      "content": "也许这就是那血魔急忙吐出情报后，眼神里带有一抹希望的原因。"
    },
    {
      "id": 77,
      "content": "以为我会就此停手的希望。"
    },
    {
      "id": 78,
      "model": "그레고르",
      "title": "炎拳事务所",
      "content": "……嘛。看来能卖到相当高的价钱。他们在简报里绝对不会提到这些的吧。"
    },
    {
      "id": 79,
      "teller": "血魔",
      "title": "拉·曼却领",
      "content": "那么……呀啊啊啊！！"
    },
    {
      "id": 80,
      "content": "我让那摇摇欲坠站起的血魔再次沐浴在火焰之中。"
    },
    {
      "id": 81,
      "content": "那血魔一边悲鸣着滚动，一边用无法理解的表情仰望着我。"
    },
    {
      "id": 82,
      "model": "그레고르",
      "title": "炎拳事务所",
      "content": "话说回来。复仇本就是这么回事。"
    },
    {
      "id": 83,
      "model": "그레고르",
      "title": "炎拳事务所",
      "content": "我这么做不是为了让自己能过得更好。"
    },
    {
      "id": 84,
      "model": "그레고르",
      "title": "炎拳事务所",
      "content": "而是希望你们的生活宛如地狱。"
    },
    {
      "id": 85,
      "content": "当火焰熄灭，悲鸣燃尽之时。"
    },
    {
      "id": 86,
      "content": "也许是因为闭园时间临近，那些在深处的收尾人们一个接一个地离开了拉·曼却领。"
    },
    {
      "id": 87,
      "content": "我转过身，静静地跟随着他们。"
    },
    {
      "id": 88,
      "content": "尽管已经焚烧了许多东西，但这个游乐园依然充满了必须烧尽之物。"
    },
    {
      "id": 89,
      "content": "焚尽一切，非一日之功。"
    },
    {
      "id": 90,
      "content": "今天不行，就明天。明天不行，就后天。"
    },
    {
      "id": 91,
      "model": "그레고르",
      "title": "炎拳事务所",
      "content": "下次，我还会带着更多的燃料来的。"
    },
    {
      "id": 92,
      "model": "그레고르",
      "title": "炎拳事务所",
      "content": "不管是那该死的服装室，可恨的告解室，还是愚蠢的游行。"
    },
    {
      "id": 93,
      "model": "그레고르",
      "title": "炎拳事务所",
      "content": "全部……焚烧殆尽。"
    }
  ]
}