{
  "dataList": [
    {
      "id": 0,
      "model": "오티스",
      "title": "拉·曼却领 理发师",
      "content": "……你又因为难以忍受开始鞭打自己了吗。"
    },
    {
      "id": 1,
      "model": "그레고르",
      "title": "拉·曼却领 神父",
      "content": "哈。我记得有说过进来之前至少先敲个门吧。"
    },
    {
      "id": 2,
      "model": "오티스",
      "title": "拉·曼却领 理发师",
      "content": "嗯……关于计划……"
    },
    {
      "id": 3,
      "model": "그레고르",
      "title": "拉·曼却领 神父",
      "content": "我记得我也说过，你要是想跟我提这个的话，就别到我这里来吧。"
    },
    {
      "id": 4,
      "model": "오티스",
      "title": "拉·曼却领 理发师",
      "content": "……你还是不愿意参与计划吗？"
    },
    {
      "id": 5,
      "model": "그레고르",
      "title": "拉·曼却领 神父",
      "content": "我对这方面的咨询……不感兴趣……"
    },
    {
      "id": 6,
      "model": "오티스",
      "title": "拉·曼却领 理发师",
      "content": "我说过父亲眼中已经没有我们了吧！"
    },
    {
      "id": 7,
      "model": "그레고르",
      "title": "拉·曼却领 神父",
      "content": "你的计划……是不孝之举。绝对不能实行……"
    },
    {
      "id": 8,
      "content": "强烈的排斥与恐怖交织在一起，使孩子失焦的瞳孔不断颤动。"
    },
    {
      "id": 9,
      "content": "以血相连的绝对感情。"
    },
    {
      "id": 10,
      "content": "几乎所有血魔都无法忤逆这份感情吧。"
    },
    {
      "id": 11,
      "content": "然而在孩子心中，不知不觉已经生长出比那更加浓烈的欲望……"
    },
    {
      "id": 12,
      "content": "拿着剪刀的孩子注意到那点，坚定地回应了他的不安。"
    },
    {
      "id": 13,
      "model": "오티스",
      "title": "拉·曼却领 理发师",
      "content": "不，我们必须实行。"
    },
    {
      "id": 14,
      "model": "오티스",
      "title": "拉·曼却领 理发师",
      "content": "你觉得家人们……之后还能撑多久？！5年？10年？"
    },
    {
      "id": 15,
      "model": "오티스",
      "title": "拉·曼却领 理发师",
      "content": "甚至更短！连一年都撑不下去。一直接受家人咨询的你不是比谁都清楚吗？"
    },
    {
      "id": 16,
      "model": "그레고르",
      "title": "拉·曼却领 神父",
      "content": "但……只要我们开发出更惊奇有趣的娱乐设施，增加血包的供给量的话……"
    },
    {
      "id": 17,
      "model": "오티스",
      "title": "拉·曼却领 理发师",
      "content": "问题根本不在这里！"
    },
    {
      "id": 18,
      "content": "因孩子令人不耐烦的态度而感到恼火的声音，与剪刃猛然砸向大理石地板的金属声在告解室内回荡。"
    },
    {
      "id": 19,
      "model": "오티스",
      "title": "拉·曼却领 理发师",
      "content": "呵……自开园以来，拉·曼却领何时人迹罕至过？就算人类们支付了数以百计的血包，对于所有眷属的需求而言根本无济于事！"
    },
    {
      "id": 20,
      "model": "오티스",
      "title": "拉·曼却领 理发师",
      "content": "那不再流淌的凝固之血……不管再怎么喝、怎么喝、怎么喝！……也依旧不够！"
    },
    {
      "id": 21,
      "model": "그레고르",
      "title": "拉·曼却领 神父",
      "content": "为了解决这个问题，你不也帮助父亲一起制造了血棒么？"
    },
    {
      "id": 22,
      "model": "그레고르",
      "title": "拉·曼却领 神父",
      "content": "混杂进动物的血来增加血液量，尽可能浓缩制成的血棒。"
    },
    {
      "id": 23,
      "model": "오티스",
      "title": "拉·曼却领 理发师",
      "content": "那不过是必要之恶……要用从客人身上得到的血来喂养所有家人的话，血棒是唯一的手段。"
    },
    {
      "id": 24,
      "model": "그레고르",
      "title": "拉·曼却领 神父",
      "content": "虽然难吃……但和会逐渐沉淀并失去鲜度的血包不同……血棒是能够满足所有家人饥饿的伟大发明。"
    },
    {
      "id": 25,
      "model": "오티스",
      "title": "拉·曼却领 理发师",
      "content": "是，确实暂时缓解了饥饿和干渴。"
    },
    {
      "id": 26,
      "model": "오티스",
      "title": "拉·曼却领 理发师",
      "content": "但在吃那东西的时候，有任何一个家人是感到幸福的吗！"
    },
    {
      "id": 27,
      "model": "오티스",
      "title": "拉·曼却领 理发师",
      "content": "结果，我们只是在缓缓死去。家人们在近几个月里就会忍不住开始渴求客人的血吧。"
    },
    {
      "id": 28,
      "model": "그레고르",
      "title": "拉·曼却领 神父",
      "content": "……如果，能把我的血分给他们就好了……"
    },
    {
      "id": 29,
      "model": "오티스",
      "title": "拉·曼却领 理发师",
      "content": "毫无意义的设想。"
    },
    {
      "id": 30,
      "content": "拿着剪刀的孩子用冰冷的视线凝视顺着他背后流下的血。"
    },
    {
      "id": 31,
      "content": "如果在眼前流淌的是人类的血，她或许会丧失理性……"
    },
    {
      "id": 32,
      "model": "오티스",
      "title": "拉·曼却领 理发师",
      "content": "同族的血还不如动物的血。不过是无法满足任何欲望的带病之血。"
    },
    {
      "id": 33,
      "model": "그레고르",
      "title": "拉·曼却领 神父",
      "content": "……"
    },
    {
      "id": 34,
      "model": "오티스",
      "title": "拉·曼却领 理发师",
      "content": "振作起来，神父。从一开始……这就只是个无法实现的梦。"
    },
    {
      "id": 35,
      "model": "오티스",
      "title": "拉·曼却领 理发师",
      "content": "到头来我们血魔，只不过是在直接摄取人类血液时才会感到幸福的种族……"
    },
    {
      "id": 36,
      "content": "那位身为这些孩子的父亲的人自然也明白这一事实。"
    },
    {
      "id": 37,
      "content": "即使如此也期盼着共存的孩子们的父亲，绝不会允许血魔直接摄取人类的血。"
    },
    {
      "id": 38,
      "content": "他禁止家人们得到幸福，然而不得不如此的理由却也相当简单。"
    },
    {
      "id": 39,
      "content": "虽然时间各有差异，但被血魔直接取走血液的人类，无一例外都会变成血袋。"
    },
    {
      "id": 40,
      "content": "那便是宣告共存结束的信号，孩子们的父亲决不会允许。"
    },
    {
      "id": 41,
      "model": "그레고르",
      "title": "拉·曼却领 神父",
      "content": "你不害怕父亲震怒吗，奥提斯。"
    },
    {
      "id": 42,
      "model": "오티스",
      "title": "拉·曼却领 理发师",
      "content": "当然怕……所以才制定了计划。更不用说我们并非打算杀了父亲对吧？至少到父亲恢复理智为止……"
    },
    {
      "id": 43,
      "model": "그레고르",
      "title": "拉·曼却领 神父",
      "content": "……那你想怎么让他戴上头盔？"
    },
    {
      "id": 44,
      "content": "无意伤害到父亲，这说辞似乎给了孩子一张赎罪券。"
    },
    {
      "id": 45,
      "content": "孩子第一次对那所谓的计划提起了兴趣。"
    },
    {
      "id": 46,
      "model": "오티스",
      "title": "拉·曼却领 理发师",
      "content": "终于愿意和我好好谈谈了。"
    },
    {
      "id": 47,
      "model": "오티스",
      "title": "拉·曼却领 理发师",
      "content": "你还记得旅行前父亲制作的驽骍难得吗？"
    },
    {
      "id": 48,
      "model": "그레고르",
      "title": "拉·曼却领 神父",
      "content": "……记得。"
    },
    {
      "id": 49,
      "model": "오티스",
      "title": "拉·曼却领 理发师",
      "content": "父亲创造驽骍难得时消耗了不少血液……在旅途中想必也会积攒下不少疲劳。我们可以瞄准那个时机……为他戴上头盔。"
    },
    {
      "id": 50,
      "model": "오티스",
      "title": "拉·曼却领 理发师",
      "content": "至于之后的策略……等你想清楚后再告诉你。"
    },
    {
      "id": 51,
      "content": "穿着华丽的孩子离开后，孩子因内心难以压抑的负罪感而痛苦地颤抖着。"
    },
    {
      "id": 52,
      "content": "随后，孩子再次拿起鞭子抽打自己的身体……"
    },
    {
      "id": 53,
      "model": "그레고르",
      "title": "拉·曼却领 神父",
      "content": "为了家族……不……为了父亲……"
    },
    {
      "id": 54,
      "content": "连无尽的痛苦也无法抑制那一朝涌起的不敬之念。"
    },
    {
      "id": 55,
      "content": "反而如全身刻骨铭心的伤口一般难以忘却，甚至愈加鲜明。"
    },
    {
      "id": 56,
      "content": "最后孩子停下挥鞭，吐出了曾经的自己难以想象的话语。"
    },
    {
      "id": 57,
      "model": "그레고르",
      "title": "拉·曼却领 神父",
      "content": "即使会受到惩罚，只要让父亲能知晓我们的痛苦……"
    },
    {
      "id": 58,
      "content": "孩子对父亲的心在与家人们的谈话中逐渐动摇，而在和理发师见面……"
    },
    {
      "id": 59,
      "content": "被正当化成未来对父亲也有好处之后，彻底崩溃了。"
    },
    {
      "id": 60,
      "content": "孩子参与了家人们的计划，随着漫长冒险的结束，迎来了叛乱之日。"
    },
    {
      "id": 61,
      "content": "许多猎人将摄取了足够血液的孩子团团围困。"
    },
    {
      "id": 62,
      "content": "虽然曾经的孩子对此应该相当熟悉……但对于如今在拉·曼却领生活的孩子来说有些陌生。"
    },
    {
      "id": 63,
      "content": "如果不是在今天这样的日子，也许他们真的能够和猎人们和平共处。"
    },
    {
      "id": 64,
      "model": "그레고르",
      "title": "拉·曼却领 神父",
      "content": "血魔战争以来，你们抑制了内心的憎恨，不曾到访过我们的拉·曼却领。"
    },
    {
      "id": 65,
      "model": "그레고르",
      "title": "拉·曼却领 神父",
      "content": "虽然不知道你们是为了监视，还是有其他打算……"
    },
    {
      "id": 66,
      "model": "그레고르",
      "title": "拉·曼却领 神父",
      "content": "……但今天就是最后一天了。"
    },
    {
      "id": 67,
      "teller": "血魔猎人",
      "title": "猎牙事务所",
      "content": "我在追逐着这份血香和悲鸣时也产生了疑问。"
    },
    {
      "id": 68,
      "teller": "血魔猎人",
      "title": "猎牙事务所",
      "content": "难道是其他家族的血魔嫉妒拉·曼却领的繁荣，前来袭击了吗。"
    },
    {
      "id": 69,
      "model": "그레고르",
      "title": "拉·曼却领 神父",
      "content": "真是愚蠢的想法。但……如果父亲听到了，应该会感到喜悦吧。"
    },
    {
      "id": 70,
      "teller": "血魔猎人",
      "title": "猎牙事务所",
      "content": "……确实是愚蠢的想法。"
    },
    {
      "id": 71,
      "teller": "血魔猎人",
      "title": "猎牙事务所",
      "content": "我们会将这句话传达给今后如野草般生长的所有猎人们。"
    },
    {
      "id": 72,
      "teller": "血魔猎人",
      "title": "猎牙事务所",
      "content": "你们血魔……是永远不会改变的邪恶种族。"
    },
    {
      "id": 73,
      "model": "그레고르",
      "title": "拉·曼却领 神父",
      "content": "……"
    },
    {
      "id": 74,
      "content": "话音落下，孩子与猎人们之间唯余沉默盘旋。"
    },
    {
      "id": 75,
      "content": "他们彼此意识到，再进行对话也没有意义。"
    },
    {
      "id": 76,
      "content": "孩子注视着猎人们的死，只产生了一个想法。"
    },
    {
      "id": 77,
      "content": "那并非关乎自身所犯罪行，也非在意即将受到的惩罚。"
    },
    {
      "id": 78,
      "content": "欢愉。"
    },
    {
      "id": 79,
      "content": "那是沉醉于猎人血液的孩子内心浮现的，唯一的感情。"
    }
  ]
}