{
  "dataList": [
    {
      "id": 0,
      "place": "黑森林",
      "model": "표범",
      "teller": "豹",
      "title": "？？？",
      "content": "真是不能理解。狮居然能被这帮人打败？"
    },
    {
      "id": 1,
      "model": "그레고르",
      "content": "喂喂，等一下！"
    },
    {
      "id": 2,
      "model": "그레고르",
      "content": "虽然直到刚才都还在战斗的人这么说有点奇怪，但我们可以聊——"
    },
    {
      "id": 3,
      "model": "그레고르",
      "content": "……！"
    },
    {
      "id": 4,
      "model": "이상",
      "content": "这真是……"
    },
    {
      "id": 5,
      "model": "이상",
      "content": "不理想。"
    },
    {
      "id": 6,
      "model": "이스마엘",
      "content": "唉……我从一开始就觉得这是场不像话的战斗。"
    },
    {
      "id": 7,
      "model": "이스마엘",
      "content": "……"
    },
    {
      "id": -1,
      "model": "늑대",
      "teller": "늑대",
      "title": "???",
      "content": "사자, 언제까지 자빠져 있을 거야? 시간 없어."
    },
    {
      "id": -1,
      "model": "사자",
      "teller": "사자",
      "title": "???",
      "content": "…그래, 네 말이 맞았어. 괜히 시간 끌 필요는 없지."
    },
    {
      "id": 8,
      "model": "로쟈",
      "content": "你们都在开玩笑吗？我都还没开始……"
    },
    {
      "id": 9,
      "model": "로쟈",
      "content": "……"
    },
    {
      "id": 10,
      "model": "프롤로그단테2",
      "teller": "但丁",
      "title": "我",
      "content": "<怎么会这样啊？不是说要替我战斗吗！>"
    },
    {
      "id": 11,
      "model": "파우스트",
      "content": "我可没说过会赢哦。"
    },
    {
      "id": 12,
      "model": "프롤로그단테2",
      "teller": "但丁",
      "title": "我",
      "content": "< 什……>"
    },
    {
      "id": 13,
      "model": "파우스트",
      "content": "而且，只剩下我一个了。"
    },
    {
      "id": 14,
      "model": "프롤로그단테2",
      "teller": "但丁",
      "title": "我",
      "content": "<是、是啊。你一直在等着场面变成这样吗？>"
    },
    {
      "id": 15,
      "model": "프롤로그단테2",
      "teller": "但丁",
      "title": "我",
      "content": "<是有杀手锏吧？>"
    },
    {
      "id": 16,
      "model": "파우스트",
      "content": "与其说是杀手锏……不如说，只是。"
    },
    {
      "id": 17,
      "model": "파우스트",
      "content": "追从着星而已。"
    },
    {
      "id": 18,
      "model": "표범",
      "teller": "豹",
      "title": "？？？",
      "content": "这是在组团玩自杀吗？真令人不悦。"
    },
    {
      "id": 19,
      "model": "프롤로그단테2",
      "teller": "但丁",
      "title": "我",
      "content": "<到底……让我怎么办？>"
    },
    {
      "id": 20,
      "model": "프롤로그단테2",
      "teller": "但丁",
      "title": "我",
      "content": "<意气风发地登场后死掉……>"
    },
    {
      "id": 21,
      "model": "프롤로그단테2",
      "teller": "但丁",
      "title": "我",
      "content": "<呜……照着刚才那个人的话做了之后，我已经完全想不起来之前的事情了。>"
    },
    {
      "id": -1,
      "model": "사자",
      "teller": "사자",
      "title": "???",
      "content": "아~ 너무 늑장 부렸다. 이제 정말 끝내자고!"
    },
    {
      "id": 22,
      "model": "프롤로그단테2",
      "teller": "但丁",
      "title": "我",
      "content": "<我……就要这样死掉了么？>"
    },
    {
      "id": 23,
      "teller": "？？？",
      "title": "？？？",
      "content": "告诉蛇，假狮。"
    },
    {
      "id": 24,
      "model": "눈이붉은자",
      "teller": "红眼之人",
      "title": "？？？",
      "content": "这流向势不可挡。"
    },
    {
      "id": 25,
      "model": "사자",
      "teller": "狮",
      "title": "？？？",
      "content": "呃……咕啊啊！！"
    },
    {
      "id": 26,
      "model": "늑대",
      "teller": "狼",
      "title": "？？？",
      "content": "红色……？为什么？"
    },
    {
      "id": 27,
      "model": "늑대",
      "teller": "狼",
      "title": "？？？",
      "content": "啊呜……"
    },
    {
      "id": 28,
      "model": "눈이붉은자",
      "teller": "红眼之人",
      "title": "？？？",
      "content": "知道为什么我只斩掉了她们两个的手脚吗？"
    },
    {
      "id": 29,
      "model": "눈이붉은자",
      "teller": "红眼之人",
      "title": "？？？",
      "content": "因为只有这样，四肢健全的你才能带着她们从这里落荒而逃。"
    },
    {
      "id": 30,
      "model": "눈이붉은자",
      "teller": "红眼之人",
      "title": "？？？",
      "content": "毕竟只有你能代替她们被斩去的手脚。"
    },
    {
      "id": 31,
      "model": "표범",
      "teller": "豹",
      "title": "？？？",
      "content": "……猩红凝视。"
    },
    {
      "id": 32,
      "model": "눈이붉은자",
      "teller": "红眼之人",
      "title": "？？？",
      "content": "别这样瞪我。和你们所做的事情比起来，这算不上什么吧。"
    },
    {
      "id": 33,
      "model": "눈이붉은자",
      "teller": "红眼之人",
      "title": "？？？",
      "content": "如果是这种程度的负伤，上面应该也会认为你们已经尽力了。把它们当成勋章吧。"
    },
    {
      "id": 34,
      "model": "눈이붉은자",
      "teller": "红眼之人",
      "title": "？？？",
      "content": "还是说……"
    },
    {
      "id": 35,
      "model": "눈이붉은자",
      "teller": "红眼之人",
      "title": "？？？",
      "content": "你们想死在这里？"
    },
    {
      "id": 36,
      "model": "표범",
      "teller": "豹",
      "title": "？？？",
      "content": "……"
    },
    {
      "id": 37,
      "model": "프롤로그단테2",
      "teller": "但丁",
      "title": "我",
      "content": "<搞什么……你跟那群家伙是一伙的吗？>"
    },
    {
      "id": 38,
      "model": "프롤로그단테2",
      "teller": "但丁",
      "title": "我",
      "content": "<但太晚了，他们全都已经……>"
    },
    {
      "id": 39,
      "model": "눈이붉은자",
      "teller": "红眼之人",
      "title": "？？？",
      "content": "一切都为时未晚，但丁。"
    },
    {
      "id": 40,
      "model": "눈이붉은자",
      "teller": "红眼之人",
      "title": "？？？",
      "content": "我们所需要的只是……"
    },
    {
      "id": 41,
      "model": "눈이붉은자",
      "teller": "红眼之人",
      "title": "？？？",
      "content": "倒流的时间而已。"
    },
    {
      "id": 42,
      "model": "프롤로그단테2",
      "teller": "但丁",
      "title": "我",
      "content": "<……！>"
    },
    {
      "id": 43,
      "content": "<color=#b01c37>心脏像是要裂开一般，剧烈的疼痛突然袭来。</color>"
    },
    {
      "id": 44,
      "content": "<color=#b01c37>随后这疼痛蔓延到了肋骨、大肠、胃和肺。</color>"
    },
    {
      "id": 45,
      "model": "프롤로그단테2",
      "teller": "但丁",
      "title": "我",
      "content": "<咕啊啊啊啊！！！>"
    },
    {
      "id": 46,
      "content": "全身上下每一处地方都像是被挤压、扭曲了一般，我不由得发出了痛苦的惨叫。"
    },
    {
      "id": 47,
      "model": "프롤로그단테2",
      "teller": "但丁",
      "title": "我",
      "content": "<你……呜……>"
    },
    {
      "id": 48,
      "content": "意识渐渐模糊，我能感知到的只有……"
    },
    {
      "id": 49,
      "content": "身体形态处于修复之中的人们的奇怪模样，还有……"
    },
    {
      "id": 50,
      "model": "눈이붉은자",
      "teller": "红眼之人",
      "title": "？？？",
      "content": "接下来很长一段时间，你还要承受这样的痛苦，但丁。"
    },
    {
      "id": 51,
      "content": "那个红眼男人的声音。"
    }
  ]
}