{
  "dataList": [
    {
      "id": 0,
      "place": "黑森林",
      "model": "늑대",
      "teller": "狼",
      "title": "？？？",
      "content": "总算明白了吗？你现在是插翅难飞。"
    },
    {
      "id": 1,
      "model": "프롤로그단테",
      "teller": "我",
      "title": "■■■",
      "content": "<竟敢……在我镌刻■■的时候……疯了吗……>"
    },
    {
      "id": 2,
      "model": "사자",
      "teller": "狮",
      "title": "？？？",
      "content": "啊~严格来说，师傅想做的事情并没有触犯都市的禁忌。"
    },
    {
      "id": 3,
      "model": "사자",
      "teller": "狮",
      "title": "？？？",
      "content": "应该说……光是尝试，就已经没人敢想了？"
    },
    {
      "id": 4,
      "model": "사자",
      "teller": "狮",
      "title": "？？？",
      "content": "咦，但这家伙……"
    },
    {
      "id": 5,
      "model": "표범",
      "teller": "豹",
      "title": "？？？",
      "content": "一不注意你就换上了新的脑袋啊。像你这样的人都会做这么彻底的准备吗？"
    },
    {
      "id": 6,
      "model": "프롤로그단테",
      "teller": "我",
      "title": "■■■",
      "content": "<咳……只要能刻下■■……就你们这种家伙根本……>"
    },
    {
      "id": 7,
      "model": "사자",
      "teller": "狮",
      "title": "？？？",
      "content": "哈哈，看来那个脑袋没带嘴巴啊？"
    },
    {
      "id": 8,
      "model": "늑대",
      "teller": "狼",
      "title": "？？？",
      "content": "嗯，只能听到滴答声。或许是在里头悲鸣着吗？"
    },
    {
      "id": 9,
      "model": "프롤로그단테",
      "teller": "我",
      "title": "■■■",
      "content": "<呃啊……！>"
    },
    {
      "id": 10,
      "model": "늑대",
      "teller": "狼",
      "title": "？？？",
      "content": "哼。滴答声变快了，看来还是有痛觉的。"
    },
    {
      "id": 11,
      "content": "妈的……我……为什么！"
    },
    {
      "id": 12,
      "content": "……我为什么在被攻击？"
    },
    {
      "id": 13,
      "content": "可恶……记忆已经开始流失了吗……都怪做■■■得太急了……"
    },
    {
      "id": 14,
      "model": "늑대",
      "teller": "狼",
      "title": "？？？",
      "content": "搞什么啊，他突然就安静下来了。那差不多该了结掉吧。"
    },
    {
      "id": 15,
      "model": "사자",
      "teller": "狮",
      "title": "？？？",
      "content": "狼，这地方没有谁会来，也不会有人看见。干嘛这么着急？"
    },
    {
      "id": 16,
      "model": "늑대",
      "teller": "狼",
      "title": "？？？",
      "content": "我们得遵从教导。毕竟不能拖延时间。"
    },
    {
      "id": 17,
      "model": "사자",
      "teller": "狮",
      "title": "？？？",
      "content": "话是这么说……哈，但我们一生中又能有几次机会杀死这种家伙呢？"
    },
    {
      "id": 18,
      "model": "표범",
      "teller": "豹",
      "title": "？？？",
      "content": "狮，你工作时太感情用事了。希望你能公私分明。"
    },
    {
      "id": 19,
      "model": "사자",
      "teller": "狮",
      "title": "？？？",
      "content": "切……"
    },
    {
      "id": 20,
      "model": "표범",
      "teller": "豹",
      "title": "？？？",
      "content": "本来还想看看你的脸的，真是太可惜了。能告诉我们你的星在哪里吗？"
    },
    {
      "id": 21,
      "model": "프롤로그단테",
      "teller": "我",
      "title": "■■■",
      "content": "<见鬼去吧。■■■在哪，我绝对不会告诉……>"
    },
    {
      "id": 22,
      "model": "프롤로그단테",
      "teller": "我",
      "title": "■■■",
      "content": "<……>"
    },
    {
      "id": 23,
      "content": "妈的，■■■在哪来着？记忆流失得也太快了……"
    },
    {
      "id": 24,
      "model": "표범",
      "teller": "豹",
      "title": "？？？",
      "content": "……啊对。你没嘴。"
    },
    {
      "id": 25,
      "model": "표범",
      "teller": "豹",
      "title": "？？？",
      "content": "这样的话……也就没法从这个人身上获取找到那个的方法了。"
    },
    {
      "id": 26,
      "model": "늑대",
      "teller": "狼",
      "title": "？？？",
      "content": "那么现在可以结束了吗？"
    },
    {
      "id": 27,
      "model": "표범",
      "teller": "豹",
      "title": "？？？",
      "content": "就这样吧……嗯？"
    },
    {
      "id": 28,
      "model": "사자",
      "teller": "狮",
      "title": "？？？",
      "content": "这是什么声音啊？豹……你难道被追踪了吗？"
    },
    {
      "id": 29,
      "model": "표범",
      "teller": "豹",
      "title": "？？？",
      "content": "不，不可能有人能追踪我。也许是野兽？"
    },
    {
      "id": 30,
      "model": "늑대",
      "teller": "狼",
      "title": "？？？",
      "content": "这不是野兽的声音。这是……"
    },
    {
      "id": 31,
      "model": "늑대",
      "teller": "狼",
      "title": "？？？",
      "content": "巴士……？"
    },
    {
      "id": 32,
      "model": "표범",
      "teller": "豹",
      "title": "？？？",
      "content": "那种玩意儿是怎么滚过来的？"
    },
    {
      "id": 33,
      "model": "사자",
      "teller": "狮",
      "title": "？？？",
      "content": "看样子是遇险的巴士吧？"
    },
    {
      "id": 34,
      "model": "사자",
      "teller": "狮",
      "title": "？？？",
      "content": "呼，误入歧途的代价可是超乎想象地惨重哦……"
    },
    {
      "id": 35,
      "model": "사자",
      "teller": "狮",
      "title": "？？？",
      "content": "……！"
    },
    {
      "id": 36,
      "model": "늑대",
      "teller": "狼",
      "title": "？？？",
      "content": "……狮被压制了？"
    },
    {
      "id": 37,
      "model": "표범",
      "teller": "豹",
      "title": "？？？",
      "content": "……！"
    },
    {
      "id": 38,
      "model": "???",
      "teller": "？？？",
      "title": "？？？",
      "content": "……"
    },
    {
      "id": 39,
      "teller": "？？？",
      "title": "？？？",
      "content": "如果我没有看走眼的话，您应当抵达那光荣的港口。"
    },
    {
      "id": 40,
      "model": "프롤로그단테",
      "teller": "我",
      "title": "■■■",
      "content": "<你是……谁？名牌……浮……士德？>"
    },
    {
      "id": 41,
      "model": "프롤로그파우스트",
      "teller": "浮士德",
      "title": "？？？",
      "content": "看来您在幽暗的森林中迷失了方向。"
    },
    {
      "id": 42,
      "model": "프롤로그단테",
      "teller": "我",
      "title": "■■■",
      "content": "<什……什么？>"
    },
    {
      "id": 43,
      "model": "프롤로그파우스트",
      "teller": "浮士德",
      "title": "？？？",
      "content": "但您并没有害怕。为什么？"
    },
    {
      "id": 44,
      "model": "프롤로그단테",
      "teller": "我",
      "title": "■■■",
      "content": "<那是因为……>"
    },
    {
      "id": 45,
      "model": "프롤로그단테",
      "teller": "我",
      "title": "■■■",
      "content": "<只要抬头……找到星就行了。>"
    },
    {
      "id": 46,
      "model": "프롤로그파우스트",
      "teller": "浮士德",
      "title": "？？？",
      "content": "是的。"
    },
    {
      "id": 47,
      "model": "프롤로그파우스트",
      "teller": "浮士德",
      "title": "？？？",
      "content": "现在，请回想刚刚的形象，并在心中喊出我说的话。"
    },
    {
      "id": 48,
      "model": "프롤로그파우스트",
      "teller": "浮士德",
      "title": "？？？",
      "content": "追从你的星。"
    },
    {
      "id": 49,
      "model": "프롤로그단테",
      "teller": "我",
      "title": "■■■",
      "content": "<追从……你的星。>"
    },
    {
      "id": 50,
      "content": "在这一瞬间……"
    },
    {
      "id": 51,
      "content": "脑袋中好像有什么东西伴随着嘎嘎作响的声音掉了下来。"
    },
    {
      "id": 52,
      "content": "接着，又有几根锁链将我刺穿，或者只是有被刺穿的感觉。"
    },
    {
      "id": 53,
      "model": "프롤로그단테",
      "teller": "我",
      "title": "■■■",
      "content": "<喝……呃、呃啊啊啊！！！>"
    },
    {
      "id": 54,
      "model": "프롤로그파우스트",
      "teller": "浮士德",
      "title": "？？？",
      "content": "请不要担心。您的心脏并未真正停止跳动。"
    },
    {
      "id": 55,
      "model": "파우스트",
      "content": "这样，契约就完成了。"
    },
    {
      "id": 56,
      "model": "파우스트",
      "content": "但丁，从今之后我们就隶属于您的时间了。"
    },
    {
      "id": 57,
      "model": "프롤로그단테2",
      "teller": "但丁",
      "title": "我",
      "content": "<那是什么……>"
    },
    {
      "id": 58,
      "model": "파우스트",
      "content": "从今往后，我们心脏的跳动将取决于您指针的方位。"
    },
    {
      "id": 59,
      "model": "파우스트",
      "content": "请多指教。"
    },
    {
      "id": 60,
      "model": "프롤로그단테2",
      "teller": "但丁",
      "title": "我",
      "content": "<我们……？>"
    },
    {
      "id": 61,
      "model": "이스마엘",
      "content": "真的这样就可以了？"
    },
    {
      "id": 62,
      "model": "이상",
      "content": "一颗苹果就此落地。"
    },
    {
      "id": 63,
      "model": "이스마엘",
      "content": "……这人从刚才开始就神神叨叨的。"
    },
    {
      "id": 64,
      "model": "로쟈",
      "content": "唔~好累！已经可以活动了吧？"
    },
    {
      "id": 65,
      "model": "그레고르",
      "content": "嘛，舒展一下身体也没什么坏处吧。"
    },
    {
      "id": 66,
      "model": "오티스",
      "content": "那个在地上滚来滚去的可怜虫是谁？是我们最后的队员吗？"
    },
    {
      "id": 67,
      "model": "그레고르",
      "content": "啊……你最好注意一下用词……我听说那是要成为我们上司的人……"
    },
    {
      "id": 68,
      "model": "파우스트",
      "content": "明明袭击只是一瞬间的事情，真亏您能够藏好自己的头。"
    },
    {
      "id": 69,
      "model": "프롤로그단테2",
      "teller": "但丁",
      "title": "我",
      "content": "<你们是谁？这个巴士又到底是什么？>"
    },
    {
      "id": 70,
      "model": "파우스트",
      "content": "我们是为拯救您而赶来的正义使者，而这是能够去往任何想去的地方的魔法巴士。"
    },
    {
      "id": 71,
      "model": "프롤로그단테2",
      "teller": "但丁",
      "title": "我",
      "content": "<正义？巴士？什么跟什么啊……>"
    },
    {
      "id": 72,
      "model": "파우스트",
      "content": "您并不期望这样的答案吗？明明这样想会更加轻松。"
    },
    {
      "id": 73,
      "model": "파우스트",
      "content": "由于时间紧迫，形势不利，所以我只会仔细地解释一次。"
    },
    {
      "id": 74,
      "content": "一段时间后……"
    },
    {
      "id": 75,
      "model": "프롤로그단테2",
      "teller": "但丁",
      "title": "我",
      "content": "<所以……只要按你说的来做，那些刚见面的人就会代替我去战斗吗？>"
    },
    {
      "id": 76,
      "model": "파우스트",
      "content": "是的。只要您下达的命令正确。"
    },
    {
      "id": 77,
      "model": "프롤로그단테2",
      "teller": "但丁",
      "title": "我",
      "content": "<好啊，那就把这帮混蛋全杀了……>"
    },
    {
      "id": 78,
      "model": "프롤로그단테2",
      "teller": "但丁",
      "title": "我",
      "content": "<然后就回到我原来的地方……>"
    },
    {
      "id": 79,
      "model": "프롤로그단테2",
      "teller": "但丁",
      "title": "我",
      "content": "<原来的地方……>"
    },
    {
      "id": 80,
      "model": "프롤로그단테2",
      "teller": "但丁",
      "title": "我",
      "content": "<……>"
    },
    {
      "id": 81,
      "model": "프롤로그단테2",
      "teller": "但丁",
      "title": "我",
      "content": "<我之前在干什么？原来的地方在哪里来着？>"
    },
    {
      "id": 82,
      "model": "프롤로그단테2",
      "teller": "但丁",
      "title": "我",
      "content": "<我曾经面临一个极其重要的时刻。那是绝对不能遗忘的……>"
    },
    {
      "id": 83,
      "model": "파우스트",
      "content": "请冷静些。这样的头不可能保留完整的记忆。"
    },
    {
      "id": 84,
      "model": "파우스트",
      "content": "现在先专注应对眼前的战斗吧，但丁。"
    },
    {
      "id": 85,
      "model": "오티스",
      "content": "钟……咳，该怎么称呼呢。"
    },
    {
      "id": 86,
      "model": "오티스",
      "content": "钟表指挥官……？总之，请下达战斗指令！"
    },
    {
      "id": 87,
      "model": "그레고르",
      "content": "真的需要下命令吗？这不就是个体战的程度吗？"
    },
    {
      "id": 88,
      "model": "이스마엘",
      "content": "啊啊？！那、那个！"
    },
    {
      "id": 89,
      "model": "히스클리프",
      "content": "说什么乱七八糟的！全都干掉不就好了吗！"
    },
    {
      "id": 90,
      "model": "파우스트",
      "content": "……请尽力而为，但丁。"
    },
    {
      "id": 91,
      "model": "프롤로그단테2",
      "teller": "但丁",
      "title": "我",
      "content": "<……反正也没其他办法了。>"
    }
  ]
}