{
  "dataList": [
    {
      "id": 0,
      "content": "不知何处传来了野兽的吠叫。"
    },
    {
      "id": 1,
      "content": "它不停地嚎叫着。是在发泄自己的饥饿吗？还是说……"
    },
    {
      "id": 2,
      "place": "梅菲斯托费勒斯 内部",
      "teller": "？？？",
      "title": "？？？",
      "content": "动来动去的。是醒了吗？"
    },
    {
      "id": 3,
      "teller": "？？？",
      "title": "？？？",
      "content": "终于清醒了啊。要是你没撑住而先去一步的话，我可是会有些失望的。"
    },
    {
      "id": 4,
      "model": "카론",
      "content": "清爽的早晨。我是巴士司机，卡戎。"
    },
    {
      "id": 5,
      "model": "눈이붉은자",
      "teller": "红眼之人",
      "title": "？？？",
      "content": "现在不是早晨，但确实算得上清爽。你感觉如何，但丁？"
    },
    {
      "id": 6,
      "model": "프롤로그단테2",
      "teller": "但丁",
      "title": "我",
      "content": "<我……>"
    },
    {
      "id": 7,
      "model": "눈이붉은자",
      "teller": "红眼之人",
      "title": "？？？",
      "content": "滴答滴答地讲话啊……唉，完全沟通不了，相当令人困扰啊。"
    },
    {
      "id": 8,
      "model": "베르길리우스",
      "content": "你可以叫我维吉里乌斯……如果你能听清我在说什么的话，就给点反应来表示自己理解了，但丁。"
    },
    {
      "id": 9,
      "content": "我点了点头。毕竟眼前的男人似乎没有敌意。"
    },
    {
      "id": 10,
      "model": "베르길리우스",
      "content": "好。能听懂就行。先出发吧，卡戎。"
    },
    {
      "id": 11,
      "model": "카론",
      "content": "出发咯。布隆布隆。"
    },
    {
      "id": 12,
      "content": "像是从泥沼深处传来的、一阵沉闷的驱动声和震动感。"
    },
    {
      "id": 13,
      "content": "我这才意识到，自己正置身于一辆巴士之中。"
    },
    {
      "id": 14,
      "content": "巴士……以前我有没有坐过就并不清楚了。"
    },
    {
      "id": 15,
      "model": "베르길리우스",
      "content": "你还记得你是谁吗？"
    },
    {
      "id": 16,
      "content": "我摇摇头。我又一次意识到，我的头居然变成了某种滴答作响的东西。"
    },
    {
      "id": 17,
      "model": "베르길리우스",
      "content": "你想找回原来的记忆。对吗？"
    },
    {
      "id": 18,
      "content": "我点点头。感觉自己像个傻瓜。"
    },
    {
      "id": 19,
      "model": "베르길리우스",
      "content": "还挺顺畅啊。今后全员都用肢体语言交流如何？"
    },
    {
      "id": 20,
      "model": "베르길리우스",
      "content": "你怎么认为？浮士德女士。"
    },
    {
      "id": 21,
      "model": "파우스트",
      "content": "浮士德想拒绝这项提议。"
    },
    {
      "id": 22,
      "model": "파우스트",
      "content": "我想，我们能顺畅舒展身体的时间恐怕没那么多。"
    },
    {
      "id": 23,
      "content": "是她。那个刚刚向我搭话的人。"
    },
    {
      "id": 24,
      "content": "她的头发就算不沐浴在阳光下也泛着闪闪的银光，给人一种十分神秘的印象。"
    },
    {
      "id": 25,
      "model": "파우스트",
      "content": "但丁。"
    },
    {
      "id": 26,
      "model": "프롤로그단테2",
      "teller": "但丁",
      "title": "我",
      "content": "<但丁？>"
    },
    {
      "id": 27,
      "content": "话说回来。刚才那个红色眼瞳的男人也是这么叫我的。"
    },
    {
      "id": 28,
      "model": "파우스트",
      "content": "但丁是您的名字。看来您连名字也忘掉了。"
    },
    {
      "id": 29,
      "model": "프롤로그단테2",
      "teller": "但丁",
      "title": "我",
      "content": "<看来确实是这样……我对这个词也不怎么熟悉。>"
    },
    {
      "id": 30,
      "model": "파우스트",
      "content": "您会逐渐熟悉的。"
    },
    {
      "id": 31,
      "model": "프롤로그단테2",
      "teller": "但丁",
      "title": "我",
      "content": "<等等……你听得懂我在说什么？>"
    },
    {
      "id": 32,
      "model": "프롤로그단테2",
      "teller": "但丁",
      "title": "我",
      "content": "<之前那群攻击我的人，以及那个叫维吉……什么的家伙，似乎都说过只能听见时钟的滴答声。>"
    },
    {
      "id": 33,
      "model": "파우스트",
      "content": "浮士德可以听到正常的语句。"
    },
    {
      "id": 34,
      "model": "프롤로그단테2",
      "teller": "但丁",
      "title": "我",
      "content": "<是真的……怎么做到的？我甚至都没有张像样的嘴巴。>"
    },
    {
      "id": 35,
      "model": "파우스트",
      "content": "这些过时的想法一定是您头部变换的副作用之一。"
    },
    {
      "id": 36,
      "model": "파우스트",
      "content": "认为拥有声带和舌头等发声器官才能说话的想法，已经古板过时了。"
    },
    {
      "id": 37,
      "model": "프롤로그단테2",
      "teller": "但丁",
      "title": "我",
      "content": "<古板过时……好吧，我从来没有想过那种事情。>"
    },
    {
      "id": 38,
      "model": "파우스트",
      "content": "……您可以把话语只传达给某一个人，也可以传达给所有人。"
    },
    {
      "id": 39,
      "model": "파우스트",
      "content": "啊，更正一下。“所有人”这个词，仅仅指代罪人们。"
    },
    {
      "id": 40,
      "model": "프롤로그단테2",
      "teller": "但丁",
      "title": "我",
      "content": "<罪人？>"
    },
    {
      "id": 41,
      "model": "파우스트",
      "content": "就是坐在您身后的……"
    },
    {
      "id": 42,
      "model": "파우스트",
      "content": "那些刚刚还在替您战斗的人们。"
    },
    {
      "id": 43,
      "teller": "？？？",
      "title": "？？？",
      "content": "哦哦哦！！！所以汝是与吾等旅途同行的最后一块碎片！吾为此刻等待了多久啊！"
    },
    {
      "id": 44,
      "teller": "？？？",
      "title": "？？？",
      "content": "老兄，你把脑袋卖到哪去了？"
    },
    {
      "id": 45,
      "teller": "？？？",
      "title": "？？？",
      "content": "这么说是您了，感谢您把我粉碎的脊柱恢复原状。难道说您在巢里当过外科医生吗？"
    },
    {
      "id": 46,
      "model": "베르길리우스",
      "content": "都闭嘴。听到这些噪音合奏比什么都烦。"
    },
    {
      "id": 47,
      "model": "베르길리우스",
      "content": "看来是该自我介绍的时候了。"
    },
    {
      "id": 48,
      "model": "베르길리우스",
      "content": "那就给你们些时间来做个简短的介绍。从坐最前排的那个开始。"
    },
    {
      "id": 49,
      "model": "그레고르",
      "content": "为啥老是从前排开始……我真的已经不想打头阵了。"
    },
    {
      "id": 50,
      "model": "그레고르",
      "content": "我听说您会是领导我们的……什么来着，我们的经理。"
    },
    {
      "id": 51,
      "model": "단테",
      "content": "<经理？>"
    },
    {
      "id": 52,
      "model": "그레고르",
      "content": "对的，所以我很在意您会是什么样的人……"
    },
    {
      "id": 53,
      "model": "그레고르",
      "content": "呃……嗯，啧。果然组织语言很麻烦。"
    },
    {
      "id": 54,
      "model": "그레고르",
      "content": "虽说我不知道您原来的脑袋被卖到哪里去了，但家家都有本难念的经嘛。"
    },
    {
      "id": 55,
      "model": "그레고르",
      "content": "我叫格里高尔。请多关照了，经理兄。"
    },
    {
      "id": 56
    },
    {
      "id": 57,
      "model": "로쟈",
      "content": "格雷格！别在那称兄道弟啦~这可是以后能带我们赚大钱的人啊！"
    },
    {
      "id": 58,
      "model": "그레고르",
      "content": "格雷格……？"
    },
    {
      "id": 59,
      "model": "단테",
      "content": "<钱？这又是在说什么？>"
    },
    {
      "id": 60,
      "model": "로쟈",
      "content": "我就不叫你老兄了……但丁！我就直接叫名字啦。你也直接叫我罗佳就好~"
    },
    {
      "id": 61
    },
    {
      "id": 62,
      "model": "로쟈",
      "content": "我相信你成为我们的……唔，经理，是有原因的。"
    },
    {
      "id": 63,
      "model": "로쟈",
      "content": "我敢肯定，你原先是个巢里的大人物吧？只要跟你偷学个一两招，我们估计也能挣个盆满钵满吧……呼呼……"
    },
    {
      "id": 64,
      "content": "……单就自来熟这点而言，她可真厉害。"
    },
    {
      "id": 65,
      "model": "로쟈",
      "content": "哎呀，瞧我……喂！接下来轮到你了哦！"
    },
    {
      "id": 66,
      "model": "싱클레어",
      "content": "您好……"
    },
    {
      "id": 67,
      "model": "로쟈",
      "content": "真没劲~这就结束啦？"
    },
    {
      "id": 68,
      "model": "싱클레어",
      "content": "啊！我叫辛克莱……"
    },
    {
      "id": 69
    },
    {
      "id": 70,
      "content": "少年看起来很忐忑，他真的是自愿入职吗？"
    },
    {
      "id": 71,
      "model": "싱클레어",
      "content": "……还、还应该说些什么吗？我这是第一次在公司里工作……"
    },
    {
      "id": 72,
      "model": "로쟈",
      "content": "嘛，以后的路还长着呢。"
    },
    {
      "id": 73,
      "model": "로쟈",
      "content": "那现在该那位高深莫测的先生接力啦！"
    },
    {
      "id": 74,
      "model": "이상",
      "content": "我叫李箱。"
    },
    {
      "id": 75
    },
    {
      "id": 76,
      "model": "단테",
      "content": "<……就这样？>"
    },
    {
      "id": 77,
      "model": "이상",
      "content": "嗯。以上。"
    },
    {
      "id": 78,
      "content": "我以为他是在说笑话，于是便认真端详起他……"
    },
    {
      "id": 79,
      "content": "但他只是百无聊赖地盯着窗外，目光空洞，仿佛对一切都提不起兴趣。"
    },
    {
      "id": 80,
      "model": "이스마엘",
      "content": "唉……受不了。社交的第一步不就是从自我介绍开始的吗？"
    },
    {
      "id": 81,
      "model": "이스마엘",
      "content": "请叫我以实玛利吧。"
    },
    {
      "id": 82
    },
    {
      "id": 83,
      "model": "이스마엘",
      "content": "听说多亏了您，我们七零八落的身体才能恢复如初。今后也请多多关照。"
    },
    {
      "id": 84,
      "content": "她礼貌地鞠了一躬，然后回到自己的座位上坐下。"
    },
    {
      "id": 85,
      "content": "虽然嘴上强调着社交，但感觉她不像是很友善的人。"
    },
    {
      "id": 86,
      "model": "히스클리프",
      "content": "真抱歉啊，我可不熟悉什么社交。"
    },
    {
      "id": 87,
      "model": "히스클리프",
      "content": "希斯克利夫。揍人和破坏领域的专业户。"
    },
    {
      "id": 88
    },
    {
      "id": 89,
      "model": "히스클리프",
      "content": "但揍人只是因为我看他们不爽，可不是因为谁的命令。"
    },
    {
      "id": 90,
      "model": "히스클리프",
      "content": "你也给我注意点。"
    },
    {
      "id": 91,
      "model": "히스클리프",
      "content": "我对那些觉得自己是老板就高高在上的家伙们特别过敏。"
    },
    {
      "id": 92,
      "content": "我觉得自己还没做什么能留下这种印象的事。"
    },
    {
      "id": 93,
      "model": "돈키호테",
      "content": "终于轮到吾登场了！吾乃堂吉诃德！"
    },
    {
      "id": 94
    },
    {
      "id": 95,
      "model": "돈키호테",
      "content": "吾乃与汝一同向梦奔去的收尾人。请多多关照了。"
    },
    {
      "id": 96,
      "model": "단테",
      "content": "<收尾人……？这个词我以前绝对知道……>"
    },
    {
      "id": 97,
      "model": "돈키호테",
      "content": "汝想知晓何为收尾人？由吾来解答吧！其为都市之守护者！"
    },
    {
      "id": 98,
      "model": "돈키호테",
      "content": "啊！或许汝难以记起都市为何物！都市乃……"
    },
    {
      "id": 99,
      "model": "베르길리우스",
      "content": "我想之前说过，简短介绍就够了。"
    },
    {
      "id": 100,
      "model": "돈키호테",
      "content": "唔……"
    },
    {
      "id": 101,
      "model": "베르길리우스",
      "content": "最好别让我说第二遍。下一位。"
    },
    {
      "id": 102,
      "model": "홍루",
      "content": "名曰鸿璐。让我们一起好好努力吧。"
    },
    {
      "id": 103
    },
    {
      "id": 104,
      "model": "홍루",
      "content": "哇~瞧瞧您！您的头很帅气呢？这是最近流行的款式吗？"
    },
    {
      "id": 105,
      "model": "단테",
      "content": "<不是那样……>"
    },
    {
      "id": 106,
      "model": "홍루",
      "content": "不过并不合我口味诶。"
    },
    {
      "id": 107,
      "model": "히스클리프",
      "content": "……你这是什么鬼态度？"
    },
    {
      "id": 108,
      "content": "看起来希斯克利夫离挥动手中的球棒只剩片刻之遥了……"
    },
    {
      "id": 109,
      "content": "但他很快便发觉，一抹猩红的视线正凝视着自己，只好冷哼一声，坐回位子上。"
    },
    {
      "id": 110,
      "model": "료슈",
      "content": "良秀。"
    },
    {
      "id": 111
    },
    {
      "id": 112,
      "model": "료슈",
      "content": "夜良秀苦（请多指教）。"
    },
    {
      "id": 113,
      "model": "료슈",
      "content": "……噗。"
    },
    {
      "id": 114,
      "content": "是不是该在哪笑一下？"
    },
    {
      "id": 115,
      "model": "뫼르소",
      "content": "默尔索，请如此称呼我吧。"
    },
    {
      "id": 116
    },
    {
      "id": 117,
      "model": "단테",
      "content": "<真礼貌啊。>"
    },
    {
      "id": 118,
      "model": "뫼르소",
      "content": "不值一提。只是常规态度。"
    },
    {
      "id": 119,
      "model": "단테",
      "content": "<我都快被感动到了。谢谢。>"
    },
    {
      "id": 120,
      "model": "뫼르소",
      "content": "好的。"
    },
    {
      "id": 121,
      "content": "总感觉他好像缺少了一些重要的东西，可我又无法准确判断出问题在哪里。"
    },
    {
      "id": 122,
      "model": "오티스",
      "content": "……"
    },
    {
      "id": 123,
      "content": "她的视线在我身上游走，令我有些不寒而栗。"
    },
    {
      "id": 124,
      "model": "오티스",
      "content": "我是……"
    },
    {
      "id": 125,
      "content": "我差点下意识对走过来的她弯腰行礼，但却被她伸手打住了。"
    },
    {
      "id": 126,
      "model": "오티스",
      "content": "经理居然抢着弯腰，真是太荒唐了。"
    },
    {
      "id": 127,
      "model": "오티스",
      "content": "本人名叫奥提斯。对于之前的失礼行为，我深表歉意。"
    },
    {
      "id": 128
    },
    {
      "id": 129,
      "model": "단테",
      "content": "<你说……失礼？>"
    },
    {
      "id": 130,
      "model": "오티스",
      "content": "哈哈，这可真是。您连心胸都如此宽广。"
    },
    {
      "id": 131,
      "model": "오티스",
      "content": "果然，我一看到您，就觉得会是您来领导我们。"
    },
    {
      "id": 132,
      "model": "단테",
      "content": "<……嗯？什么？>"
    },
    {
      "id": 133,
      "model": "오티스",
      "content": "尽管大多数人在冲突中只能产生噪音和摩擦……"
    },
    {
      "id": 134,
      "model": "오티스",
      "content": "但却有少数人能在其中互相获利。"
    },
    {
      "id": 135,
      "model": "오티스",
      "content": "就像要得到锋利的剑刃，就必须要有相应硬度的磨刀石一般。"
    },
    {
      "id": 136,
      "model": "오티스",
      "content": "我比任何人都愿意为经理您身先士卒，随时听候命令。"
    },
    {
      "id": 137,
      "model": "단테",
      "content": "<真、真可靠啊……谢谢。>"
    },
    {
      "id": 138,
      "content": "虽然我还是不明白之前的失礼行为指的是什么，但总之还是先点了点头。"
    },
    {
      "id": 139,
      "model": "이스마엘",
      "content": "明明刚才在森林里你还在说他是“滚来滚去的可怜虫”，现在就能这么轻松地说出这种话来。"
    },
    {
      "id": 140,
      "content": "……原来如此。"
    },
    {
      "id": 141,
      "model": "파우스트",
      "content": "看来是我最后。我是浮士德。"
    },
    {
      "id": 142
    },
    {
      "id": 143,
      "model": "파우스트",
      "content": "是您人生中绝无仅有的天才。"
    },
    {
      "id": 144,
      "model": "단테",
      "content": "<嗯……>"
    },
    {
      "id": 145,
      "model": "파우스트",
      "content": "看来您还没能理解，但丁。"
    },
    {
      "id": 146,
      "model": "파우스트",
      "content": "没关系。您今后可以通过经历来逐渐理解。"
    },
    {
      "id": 147,
      "model": "단테",
      "content": "<理解什么……？>"
    },
    {
      "id": 148,
      "model": "파우스트",
      "content": "“浮士德是稀世的天才”这一事实。"
    },
    {
      "id": 149,
      "model": "파우스트",
      "content": "如果观测者不能意识到这一点的话，即使是事实也不会成真。"
    },
    {
      "id": 150,
      "model": "단테",
      "content": "<好吧……>"
    },
    {
      "id": 151,
      "model": "베르길리우스",
      "content": "介绍就到此为止。"
    },
    {
      "id": 152,
      "model": "베르길리우스",
      "content": "但丁，我来解释你的工作内容。"
    },
    {
      "id": 153,
      "model": "단테",
      "content": "<你是说……执行经理的工作？>"
    },
    {
      "id": 154,
      "model": "파우스트",
      "content": "其在询问是否为执行经理的工作内容。"
    },
    {
      "id": 155,
      "content": "这么说来，和罪人们不一样，这个赤红眼瞳的男人听不懂我说的话。"
    },
    {
      "id": 156,
      "model": "베르길리우스",
      "content": "是的，执行经理但丁。\n你将与刚做完自我介绍的这12位罪人一起，踏上前往地狱的旅程。"
    },
    {
      "id": 157,
      "model": "단테",
      "content": "<地狱……？我为什么要前往地狱？>"
    },
    {
      "id": 158,
      "model": "파우스트",
      "content": "其在询问踏上地狱之旅的理由。"
    },
    {
      "id": 159,
      "model": "베르길리우스",
      "content": "嗯……在地狱尽头等待着我们的是珍宝……也许这么说会比较好吧。"
    },
    {
      "id": 160,
      "model": "단테",
      "content": "<并不好……难道我以前是一位宝藏猎人之类的？>"
    },
    {
      "id": 161,
      "model": "파우스트",
      "content": "看来其完全没有理解。"
    },
    {
      "id": 162,
      "model": "베르길리우스",
      "content": "我没有要求你理解，但丁。也没有在征求你的意愿。"
    },
    {
      "id": 163,
      "model": "베르길리우스",
      "content": "但如果你想要把脑袋和记忆找回来，就必须得听我的。"
    },
    {
      "id": 164,
      "model": "단테",
      "content": "<我是说……虽然我很想把它们找回来，但是……>"
    },
    {
      "id": 165,
      "model": "파우스트",
      "content": "其犹豫了。"
    },
    {
      "id": 166,
      "model": "베르길리우스",
      "content": "浮士德女士，如果但丁始终拒绝合作该怎么办？这可不在我们的预期之中。"
    },
    {
      "id": 167,
      "model": "파우스트",
      "content": "荒谬。浮士德预测一切。"
    },
    {
      "id": 168,
      "model": "파우스트",
      "content": "但丁，完成所有任务之后……"
    },
    {
      "id": 169,
      "model": "파우스트",
      "content": "您就可以镌刻星位了。"
    },
    {
      "id": 170,
      "model": "파우스트",
      "content": "我保证。"
    },
    {
      "id": 171,
      "content": "星位。这个词一下贯穿了我的头脑。\n在失去的记忆之下，那残存的直觉依然对这个词作出了强烈的反应。"
    },
    {
      "id": 172,
      "content": "然后那直觉选择的是……"
    },
    {
      "id": 173,
      "model": "파우스트",
      "content": "看见了吗？其点头了。"
    },
    {
      "id": 174,
      "model": "베르길리우스",
      "content": "很好。这样我们就可以继续了。"
    },
    {
      "id": 175,
      "model": "베르길리우스",
      "content": "不过，卡戎，为什么从刚才开始巴士就不动了？你打瞌睡了吗？"
    },
    {
      "id": 176,
      "model": "카론",
      "content": "巴士司机只会在休息点打盹，维吉。"
    },
    {
      "id": 177,
      "model": "카론",
      "content": "一群奇怪的家伙正在梅菲前面转悠。"
    },
    {
      "id": 178,
      "model": "베르길리우스",
      "content": "卡戎，我不是说过吗。如果巴士出了任何问题，应该第一时间通知我。"
    },
    {
      "id": 179,
      "model": "단테",
      "content": "<梅菲？梅菲是谁啊？>"
    },
    {
      "id": 180,
      "model": "파우스트",
      "content": "梅菲斯托费勒斯。既是这辆巴士的名字，也是驱动着巴士的引擎的名字。"
    },
    {
      "id": 181,
      "model": "파우스트",
      "content": "……还是浮士德的心血之作。"
    },
    {
      "id": 182,
      "model": "베르길리우스",
      "content": "一艘能载着我们渡过地狱的完美渡船。"
    },
    {
      "id": 183,
      "model": "베르길리우스",
      "content": "你不这么认为吗，但丁？"
    },
    {
      "id": 184,
      "content": "我不是很明白他到底在说什么，所以没有回答他，而是看向了巴士的窗外。"
    },
    {
      "id": 185,
      "model": "베르길리우스",
      "content": "看起来他们只是另一群住在后巷里司空见惯的耗子。"
    },
    {
      "id": 186,
      "model": "베르길리우스",
      "content": "他们来得正好，但丁。这是练习指挥的完美机会。"
    },
    {
      "id": 187,
      "model": "파우스트",
      "content": "但丁，在初次战斗中有许多部分被省略了。"
    },
    {
      "id": 188,
      "model": "파우스트",
      "content": "毕竟那时没有仔细说明的时间。"
    },
    {
      "id": 189,
      "model": "파우스트",
      "content": "但是，如果还是按照那种方式战斗的话，我们永远都只会被屠杀。"
    },
    {
      "id": 190,
      "model": "파우스트",
      "content": "同时，为了使我们复活，您也得继续承受不必要的痛苦。"
    },
    {
      "id": 191,
      "model": "단테",
      "content": "<痛苦……复活？你是指，之前发生的是……>"
    },
    {
      "id": 192,
      "model": "파우스트",
      "content": "是的，多亏了您“转动时钟”，我们复活了。"
    },
    {
      "id": 193,
      "model": "베르길리우스",
      "content": "我不认为现在是解释这些的时候，浮士德女士。"
    },
    {
      "id": 194,
      "model": "베르길리우스",
      "content": "琐碎的闲聊之后再说。你们，全员下车。"
    },
    {
      "id": 195,
      "model": "파우스트",
      "content": "……让我继续进行关于作战的说明吧。"
    }
  ]
}