{
  "dataList": [
    {
      "id": 0,
      "place": "梅菲斯托费勒斯 内部",
      "model": "카론",
      "content": "道路通畅了。但是维吉，只要梅菲疾驰碾过，道路就会通畅。"
    },
    {
      "id": 1,
      "model": "단테",
      "content": "<……什么？>"
    },
    {
      "id": 2,
      "model": "단테",
      "content": "<那我刚才为什么要那么做？>"
    },
    {
      "id": 3,
      "content": "似乎是察觉到我快要急得跳起来了，维吉里乌斯插话道。"
    },
    {
      "id": 4,
      "model": "베르길리우스",
      "content": "请冷静，但丁。"
    },
    {
      "id": 5,
      "model": "베르길리우스",
      "content": "要求一个蹒跚学步的孩子在迈出第一步后就跑并不现实。"
    },
    {
      "id": 6,
      "model": "베르길리우스",
      "content": "在你被迫跑起来之前，应该抓住每个学好走路的机会。"
    },
    {
      "id": 7,
      "model": "베르길리우스",
      "content": "此外……但丁。"
    },
    {
      "id": 8,
      "model": "베르길리우스",
      "content": "作为经理……“管理”他们即是你的工作。"
    },
    {
      "id": 9,
      "model": "베르길리우스",
      "content": "而我是……向导。去往何方，又如何前往，则由我来判断。"
    },
    {
      "id": 10,
      "model": "베르길리우스",
      "content": "明白了吗？"
    },
    {
      "id": 11,
      "model": "베르길리우스",
      "content": "不要顶嘴。"
    },
    {
      "id": 12,
      "model": "단테",
      "content": "<……我怎能不质疑一个听不懂我说话的家伙说的话？>"
    },
    {
      "id": 13,
      "model": "파우스트",
      "content": "……"
    },
    {
      "id": 14,
      "model": "베르길리우스",
      "content": "我听见滴答声了，他说了什么？浮士德女士。"
    },
    {
      "id": 15,
      "model": "파우스트",
      "content": "没什么。"
    },
    {
      "id": 16,
      "model": "베르길리우스",
      "content": "你肯定得太夸张了。今后点点头就可以了，但丁。"
    },
    {
      "id": 17,
      "model": "카론",
      "content": "那么，梅菲，出发吧。呀吼。"
    },
    {
      "id": 18,
      "model": "베르길리우스",
      "content": "卡戎，心情如何？"
    },
    {
      "id": 19,
      "model": "카론",
      "content": "非常。兴奋。像飞在天上，卡戎。"
    },
    {
      "id": 20,
      "model": "베르길리우스",
      "content": "……很好。"
    },
    {
      "id": 21,
      "model": "단테",
      "content": "<那么我们要去哪？>"
    },
    {
      "id": 22,
      "model": "파우스트",
      "content": "维吉里乌斯，其在询问目的地。"
    },
    {
      "id": 23,
      "model": "베르길리우스",
      "content": "唉……我应该说过了，但丁。"
    },
    {
      "id": 24,
      "model": "단테",
      "content": "<所以目的地到底是哪里？>"
    },
    {
      "id": 25,
      "content": "随着他的叹息，巴士开始摇摇晃晃地向前行驶。"
    },
    {
      "id": 26
    }
  ]
}