{
  "dataList": [
    {
      "id": 0,
      "place": "梅菲斯托费勒斯 内部",
      "model": "이스마엘",
      "content": "我明白了……原来是这个意思啊。"
    },
    {
      "id": 1,
      "model": "파우스트",
      "content": "没必要过于心急，以实玛利。只要巴士不断前进，你自然就会……"
    },
    {
      "id": 2,
      "model": "베르길리우스",
      "content": "自然就会被委以比市井小民之事更重要的任务的。"
    },
    {
      "id": 3,
      "model": "베르길리우스",
      "content": "虽然你的心应该在催促着你达成目标……但试着耐心点吧。"
    },
    {
      "id": 4,
      "model": "이스마엘",
      "content": "……啧。"
    },
    {
      "id": 5,
      "model": "파우스트",
      "content": "因为这项技术是从镜像世界抽离出我们无限可能性中的一种，所以会覆盖掉我们的少许记忆。"
    },
    {
      "id": 6,
      "model": "파우스트",
      "content": "你们很快就会习惯的。"
    },
    {
      "id": 7,
      "model": "로쟈",
      "content": "搞什么啊……这听起来是不是有点危险？"
    },
    {
      "id": 8,
      "model": "로쟈",
      "content": "这样下去我不再是原本的自己了该怎么办？哈哈。"
    },
    {
      "id": 9,
      "model": "베르길리우스",
      "content": "……"
    },
    {
      "id": 10,
      "model": "파우스트",
      "content": "各位并非忒修斯之船。"
    },
    {
      "id": 11,
      "model": "파우스트",
      "content": "虽然你们的确借用了人格和记忆，但该系统的设计中并不包含会失去自身主导权。"
    },
    {
      "id": 12,
      "model": "이상",
      "content": "映于镜中的自我也许并不相同，但只要走出镜子，其中的形象便一定会消失。"
    },
    {
      "id": 13,
      "model": "파우스트",
      "content": "……我们会如何成长都取决于但丁经理您。"
    },
    {
      "id": 14,
      "model": "파우스트",
      "content": "取决于您是否能在合适的时机，选择并施加镜像世界多种可能性中最有效的一种。"
    },
    {
      "id": 15,
      "model": "오티스",
      "content": "你是说变形吗。"
    },
    {
      "id": 16,
      "model": "파우스트",
      "content": "是的，可以说是一种脱胎或者变形。"
    },
    {
      "id": 17,
      "model": "로쟈",
      "content": "天哪，这么高深的词是从哪学来的？"
    },
    {
      "id": 18,
      "model": "오티스",
      "content": "偶然听来的。我以前的职业需要我会见各种各样的人。"
    },
    {
      "id": 19,
      "model": "그레고르",
      "content": "变形么……"
    },
    {
      "id": 20,
      "model": "베르길리우스",
      "content": "谈笑结束了吗？"
    },
    {
      "id": 21,
      "model": "베르길리우스",
      "content": "我们该先开路了。反正你们以后会一起行动到互相厌烦的程度，所以把说不完的话留到以后吧。"
    }
  ]
}