{
  "dataList": [
    {
      "id": -1,
      "content": "S0_1 에피소드"
    },
    {
      "id": 0,
      "place": "梅菲斯托费勒斯 内部",
      "model": "카론",
      "content": "维吉。"
    },
    {
      "id": 1,
      "model": "카론",
      "content": "前面有障碍物。布隆布隆，可以吗？"
    },
    {
      "id": 2,
      "content": "喋喋不休的说话声最终使得我睁开了双眼。"
    },
    {
      "id": 3,
      "content": "毕竟，当你想战胜枯燥感时，没有比遮蔽视野更高效的选择。"
    },
    {
      "id": 4,
      "content": "或许在一辆不知驶向何方的巴士上，除此之外我真的是无事可做……"
    },
    {
      "id": 5,
      "content": "对于失去脑袋和记忆的我来说，这是我能想到的唯一的方法。"
    },
    {
      "id": 6,
      "model": "베르길리우스",
      "content": "……"
    },
    {
      "id": 7,
      "model": "베르길리우스",
      "content": "行，继续前进吧。"
    },
    {
      "id": 8,
      "model": "카론",
      "content": "嗯。哐哧哐哧。"
    },
    {
      "id": 9,
      "model": "카론",
      "content": "昂贵的清洗剂。维吉下了血本。"
    },
    {
      "id": 10,
      "content": "随着粘在窗户上的肉块缓缓溶解，窗外逐渐明亮。"
    },
    {
      "id": 11,
      "content": "巴士上，许多双眼眸神色各异，都不约而同地凝视着前方。"
    },
    {
      "id": 12,
      "content": "虽然我感觉这是相当可怕的场面，但依他们的反应来看，也许这种暴行在都市中只能算作稀疏平常。"
    },
    {
      "id": 13,
      "model": "단테",
      "content": "<那个……>"
    },
    {
      "id": 14,
      "content": "现在我已经完全清醒过来了，再闭上眼睛感觉会很尴尬。就在此时，那个留着胡子的男人引起了我的注意。"
    },
    {
      "id": 15,
      "model": "단테",
      "content": "<虫……不对，带眼镜的兄弟。你知道我们现在是要去哪么？>"
    },
    {
      "id": 16,
      "content": "……因为他有比胡子更显眼的特征，我不禁口误了一下。"
    },
    {
      "id": 17,
      "model": "그레고르",
      "content": "……你刚才是想叫我“虫男”，对吧？"
    },
    {
      "id": 18,
      "model": "그레고르",
      "content": "再说一遍，我的名字叫格里高尔。"
    },
    {
      "id": 19,
      "model": "그레고르",
      "content": "就像你不叫钟表头，而是叫但丁一样。"
    },
    {
      "id": 20,
      "content": "……我万口难辩，只能轻轻点头。"
    },
    {
      "id": 21,
      "model": "그레고르",
      "content": "喂，司机小姐。我们这是要去哪？"
    },
    {
      "id": 22,
      "model": "카론",
      "content": "再说一遍，我的名字叫卡戎。"
    },
    {
      "id": 23,
      "model": "카론",
      "content": "就像你不叫“虫男”，而是叫格里高尔一样。"
    },
    {
      "id": 24,
      "model": "그레고르",
      "content": "……"
    },
    {
      "id": 25,
      "model": "단테",
      "content": "<她将了你一军，格里高尔。>"
    },
    {
      "id": 26,
      "model": "그레고르",
      "content": "哈哈，老本都输没了啊。"
    },
    {
      "id": 27,
      "model": "카론",
      "content": "……维吉说过。"
    },
    {
      "id": 28,
      "model": "카론",
      "content": "“罪人们将前往4区。”"
    },
    {
      "id": 29,
      "model": "돈키호테",
      "content": "什什什什么？！刚刚是不是提到了4区？！"
    },
    {
      "id": 30,
      "model": "돈키호테",
      "content": "那里，正是缃碧少女的出身地！可以说，英雄的故事正是从那里启程！那是……"
    },
    {
      "id": 31,
      "model": "히스클리프",
      "content": "从刚刚开始你就一直在那叨叨个不停……"
    },
    {
      "id": 32,
      "model": "히스클리프",
      "content": "就不能闭上嘴安静旅行吗？"
    },
    {
      "id": 33,
      "model": "돈키호테",
      "content": "吾分明到方才为止都一直很安静的！"
    },
    {
      "id": 34,
      "model": "히스클리프",
      "content": "没叫你回答！"
    },
    {
      "id": 35,
      "model": "이스마엘",
      "content": "……我说啊，你有没有意识到现在是你最吵呢？"
    },
    {
      "id": 36,
      "model": "히스클리프",
      "content": "……可以复活不代表不会疼吧。有本事你就再说一次试试。"
    },
    {
      "id": 37,
      "model": "이스마엘",
      "content": "我只是正确陈述了事实，而你第一反应是付诸暴力？可真有教养啊。"
    },
    {
      "id": 38,
      "model": "히스클리프",
      "content": "……哈。"
    },
    {
      "id": 39,
      "content": "我犹豫了片刻。"
    },
    {
      "id": 40,
      "content": "我应该介入阻止吗？这是我该展现身为经理的威严与权威的时候吗？模糊的残存记忆催促着我必须做点什么。"
    },
    {
      "id": 41,
      "model": "단테",
      "content": "<各位，不要过于激动……>"
    },
    {
      "id": 42,
      "model": "히스클리프",
      "content": "呃……"
    },
    {
      "id": 43,
      "model": "이스마엘",
      "content": "咕……呜……"
    },
    {
      "id": 44,
      "model": "료슈",
      "content": "吵·猪·折·脖。"
    },
    {
      "id": 45,
      "model": "료슈",
      "content": "对付吵闹猪猡的正确方式，就是折断它们的脖子。"
    },
    {
      "id": 46,
      "model": "료슈",
      "content": "……"
    },
    {
      "id": 47,
      "model": "돈키호테",
      "content": "毫无缘由的暴力不可原谅！吾将贯彻正义！"
    },
    {
      "id": 48,
      "model": "로쟈",
      "content": "哈~我就知道会这样。衣服都沾上血了。那个，你们一定要在我旁边打吗？"
    },
    {
      "id": 49,
      "model": "단테",
      "content": "<真是……疯了……>"
    },
    {
      "id": 50,
      "content": "还没到达目的地就已经死了三人。还都是自己人动的手。"
    },
    {
      "id": 51,
      "model": "베르길리우스",
      "content": "啊啊，我稍微睁一只眼闭一只眼就发生了这么多事故。"
    },
    {
      "id": 52,
      "model": "베르길리우스",
      "content": "你们四个。这个月负责打扫巴士。"
    },
    {
      "id": 53,
      "model": "돈키호테",
      "content": "这是为何！吾不过是在寻求正义罢了！"
    },
    {
      "id": 54,
      "model": "로쟈",
      "content": "等下！也要让他们给我洗衣服。血可不像红酒渍那么好洗掉。嘶，干洗可是很贵的……"
    },
    {
      "id": 55,
      "content": "没人在意那些被随便丢在地上的值日生们。"
    },
    {
      "id": 56,
      "content": "似乎他们已经把能够无限复活视作理所当然的事。"
    },
    {
      "id": 57,
      "content": "但是，负责复活的我甚至不知道该怎样让人起死回生……"
    },
    {
      "id": 58,
      "model": "베르길리우스",
      "content": "但丁，能请你转动时钟吗。"
    },
    {
      "id": 59,
      "model": "단테",
      "content": "<转动……时钟？>"
    },
    {
      "id": 60,
      "model": "베르길리우스",
      "content": "……唉。"
    },
    {
      "id": 61,
      "model": "베르길리우스",
      "content": "这一定就是你困惑时的表情吧。我会记住的。"
    },
    {
      "id": 62,
      "model": "베르길리우스",
      "content": "浮士德女士。"
    },
    {
      "id": 63,
      "model": "파우스트",
      "content": "……"
    },
    {
      "id": 64,
      "content": "维吉里乌斯不耐烦似地向浮士德点头示意并指向了我。"
    },
    {
      "id": 65,
      "content": "浮士德轻轻叹了一口气，但还是出于责任，来到我的座位旁。"
    },
    {
      "id": 66,
      "model": "파우스트",
      "content": "和我们初次见面时所做的事情一样，但丁。不过那时应该更像是本能使然吧。"
    },
    {
      "id": 67,
      "model": "파우스트",
      "content": "现在，让我们再试一次。请闭上眼睛。"
    },
    {
      "id": 68,
      "content": "虽然我没有可以闭上的眼睛，但是遮蔽视野这事我是做过的。"
    },
    {
      "id": 69,
      "content": "我也没有理由不听从浮士德的指示。"
    },
    {
      "id": 70,
      "model": "파우스트",
      "content": "事实上，门扉无处不在。"
    },
    {
      "id": 71,
      "model": "파우스트",
      "content": "然而只有您能看到，因为星星没有落入您的天空。"
    },
    {
      "id": 72,
      "content": "顷刻间，我仿佛感受到一缕光线钻入了我的视野。"
    },
    {
      "id": 73,
      "content": "我用睁开双眼的方法，接受了那道光。"
    },
    {
      "id": 74,
      "place": "？？？",
      "content": "接着便出现了一个空间。"
    },
    {
      "id": 75,
      "content": "我在那，孤身一人。"
    },
    {
      "id": 76,
      "content": "面前伫立着一扇巨大的门扉。"
    },
    {
      "id": 77,
      "content": "看上去不太妙。"
    },
    {
      "id": 78,
      "content": "门的另一侧传来了令人窒息的热度与凄惨的哀嚎。"
    },
    {
      "id": 79,
      "content": "听着那无尽的悲鸣和尖啸，哪怕只是短短一瞬，都让我感到头晕目眩。"
    },
    {
      "id": 80,
      "content": "然而，我就这样抓住了门把手，好像生来就该这样做。"
    },
    {
      "id": 81,
      "content": "尽管门看上去沉重无比，但打开它却出乎意料地轻松。"
    },
    {
      "id": 82,
      "content": "我在门内摸索着。其中成千上万的临终哀嚎回荡碰撞。"
    },
    {
      "id": 83,
      "content": "紧接着我深入其中，握住了几只手掌。"
    },
    {
      "id": 84,
      "content": "我能感受到带着不同烙印的罪恶的来历们，正沿着我的手爬上臂膀。"
    },
    {
      "id": 85,
      "content": "汝准备好分担痛苦了吗？"
    },
    {
      "id": 86,
      "content": "这是在征询意见吗？亦或只是强迫我准备好呢？"
    },
    {
      "id": 87,
      "content": "我用尽全力拉起那些正紧抓着我手掌的罪人们。"
    },
    {
      "id": 88,
      "model": "단테",
      "content": "<……咕啊啊啊啊啊啊！>"
    },
    {
      "id": 89,
      "content": "一股骇人的痛感在我的脖颈与头部蔓延开来。"
    },
    {
      "id": 90,
      "content": "这实在是太痛苦了，我还不如干脆死了算了。"
    },
    {
      "id": 91,
      "content": "骨骼和肌肉相互纠缠扭曲的感觉，像是永远那般持续着。"
    },
    {
      "id": 92,
      "content": "我的双腿实在难以承受这种痛苦，于是便无助地跪倒在血泊之中。"
    },
    {
      "id": 93,
      "content": "接着我看到了。"
    },
    {
      "id": 94,
      "content": "每当痛苦加剧的时候，就有血花与泡沫自血泊中涌起。"
    },
    {
      "id": 95,
      "content": "很快，那些原本浸透地面的血液，分别凝聚成了三大团。"
    },
    {
      "id": 96,
      "content": "接着，这种似乎会永远持续下去的痛苦，就这样消失了。"
    },
    {
      "id": 97,
      "place": "梅菲斯托费勒斯 内部",
      "model": "히스클리프",
      "content": "嗯……"
    },
    {
      "id": 98,
      "model": "이스마엘",
      "content": "……呃。"
    },
    {
      "id": 99,
      "content": "随着血团升起向某处飘去，充斥着猩红的恐怖视野瞬间变回了摇摇晃晃的巴士内部。"
    },
    {
      "id": 100,
      "model": "료슈",
      "content": "咳……头颅被斩下后又回归原处的感觉如何？心跳加速了吗？"
    },
    {
      "id": 101,
      "content": "就在希斯克利夫恢复知觉之后，他揉了揉自己的脖子，嘀咕着脏话，向良秀靠近。"
    },
    {
      "id": 102,
      "model": "단테",
      "content": "<等下，我才刚把你们救回来就还想再打一架？>"
    },
    {
      "id": 103,
      "content": "希斯克利夫回望着我。他的眼中仿佛除了愤怒别无他物。"
    },
    {
      "id": 104,
      "model": "히스클리프",
      "content": "你的工作不就是让我们活过来吗？"
    },
    {
      "id": 105,
      "model": "히스클리프",
      "content": "如果你完事了，在我敲烂你那个傻瓜钟表头之前，最好滚得远远的。"
    },
    {
      "id": 106,
      "model": "싱클레어",
      "content": "请、请等一等！但丁经理看上去很痛苦的样子，我们真的应该……"
    },
    {
      "id": 107,
      "content": "还没等他说完，希斯克利夫的金属球棒就在辛克莱的头上开了个窟窿。"
    },
    {
      "id": 108,
      "model": "싱클레어",
      "content": "咕……咯……"
    },
    {
      "id": 109,
      "content": "垂死之人的呻吟声传入了我的耳畔。"
    },
    {
      "id": 110,
      "model": "히스클리프",
      "content": "钟表头，下次被打烂的就是你。听明白没有？"
    },
    {
      "id": 111,
      "model": "이스마엘",
      "content": "真的，你就跟看上去一样粗鲁。"
    },
    {
      "id": 112,
      "model": "히스클리프",
      "content": "……死一次对你来说还不够吗？"
    },
    {
      "id": 113,
      "content": "希斯克利夫死死攥住球棒，以实玛利也随时准备着挥动她的硬头锤。"
    },
    {
      "id": 114,
      "content": "……我真的成为了这帮、字面意思上死而复生也不会停止自相残杀的人们的经理吗？"
    },
    {
      "id": 115,
      "content": "正当我陷入沉思时，巴士中原本剑拔弩张的气氛，忽然变得冰冷而沉重。"
    },
    {
      "id": 116,
      "model": "베르길리우스",
      "content": "这么看来，这支队伍极需要一些规矩。"
    },
    {
      "id": 117,
      "model": "히스클리프",
      "content": "……！"
    },
    {
      "id": 118,
      "model": "이스마엘",
      "content": "……"
    },
    {
      "id": 119,
      "content": "马上就要动手的罪人们，当即停止了动作。"
    },
    {
      "id": 120,
      "content": "一双亮起的赤红眼瞳，向二人之间投来冷冽的目光。"
    },
    {
      "id": 121,
      "model": "베르길리우스",
      "content": "第一条规矩。"
    },
    {
      "id": 122,
      "model": "베르길리우스",
      "content": "巴士里不得听见武器碰撞的声音。"
    },
    {
      "id": 123,
      "model": "베르길리우스",
      "content": "此刻之后，如果打破了这条规矩。"
    },
    {
      "id": 124,
      "model": "베르길리우스",
      "content": "你们将会乞求我赐予你们死亡。"
    },
    {
      "id": 125,
      "model": "베르길리우스",
      "content": "你们知道我完全能做到，对吧？"
    },
    {
      "id": 126,
      "content": "辛克莱在地板上的抽动，是打破这片沉默的唯一声响。"
    },
    {
      "id": 127,
      "content": "希斯克利夫对维吉里乌斯怒目而视，但结果却哑口无言。"
    },
    {
      "id": 128,
      "model": "베르길리우스",
      "content": "但丁，真是抱歉。请再一次转动时钟。"
    },
    {
      "id": 129,
      "model": "단테",
      "content": "<我得再来一次吗……？>"
    },
    {
      "id": 130,
      "content": "乞求他赐予我死亡都比再承受那样的苦痛要好。我沮丧地摇了摇头。"
    },
    {
      "id": 131,
      "content": "维吉里乌斯脸上的表情骤变，就连浅浅的微笑也消失了。"
    },
    {
      "id": 132,
      "model": "베르길리우스",
      "content": "……你最好趁我还愿意道歉和请求的时候打开那扇门，但丁经理。"
    },
    {
      "id": 133,
      "model": "베르길리우스",
      "content": "啊，如果你只是因为害怕痛苦而摇头拒绝的话，我会很乐意帮助你的。"
    },
    {
      "id": 134,
      "model": "베르길리우스",
      "content": "当我帮完你以后，这种程度的痛苦就是小巫见大巫。当然，你肯定能撑下去吧？"
    },
    {
      "id": 135,
      "model": "오티스",
      "content": "我应该没听错吧？我们的经理已经明确拒绝了你的请求。"
    },
    {
      "id": 136,
      "model": "베르길리우스",
      "content": "你……这可不是个插嘴的好时机。"
    },
    {
      "id": 137,
      "model": "오티스",
      "content": "我在加入公司时就被告知，我的上司是经理，而不是你。"
    },
    {
      "id": 138,
      "model": "오티스",
      "content": "如果经理摇头，那他要传达的意思就已经很清楚了。"
    },
    {
      "id": 139,
      "model": "베르길리우스",
      "content": "我明白了，所以他的副官大人要介入是吧？"
    },
    {
      "id": 140,
      "model": "베르길리우스",
      "content": "这样的话，我也该把话更清晰地传达给副官大人了。"
    },
    {
      "id": 141,
      "content": "他眼中的猩红愈发深邃，冷冽感也随之加倍。"
    },
    {
      "id": 142,
      "content": "……我不是很知道作为经理该做些什么，甚至怀疑起自己是否有资格担任这个职位。"
    },
    {
      "id": 143,
      "content": "但是我想至少得阻止这一切了，免得让事情更加混乱。"
    },
    {
      "id": 144,
      "content": "复活一个人，总比复活十二个人的痛苦轻一点……"
    },
    {
      "id": 145,
      "model": "단테",
      "content": "<奥提斯……我会转动时钟的。没关系。>"
    },
    {
      "id": 146,
      "content": "在我挥手示意奥提斯冷静下来时，维吉里乌斯就像是明白了其中意思一般，便隐去了眼中的赤红，然后说道。"
    },
    {
      "id": 147,
      "model": "베르길리우스",
      "content": "明智的决策。"
    },
    {
      "id": 148,
      "model": "오티스",
      "content": "……如您所愿，经理。"
    },
    {
      "id": 149,
      "content": "奥提斯似乎还有什么想说的，但她很快闭上了嘴并端正了姿势。"
    },
    {
      "id": 150,
      "content": "那扇红色的门扉再次迎接了我，伴随着那种扭曲骨肉的感觉。"
    },
    {
      "id": 151,
      "content": "我已经放弃去描述那些经历的痛苦。"
    },
    {
      "id": 152,
      "content": "反正贫瘠的言语早已无法表达。"
    },
    {
      "id": 153,
      "model": "싱클레어",
      "content": "……非、非常感谢您……"
    },
    {
      "id": 154,
      "content": "辛克莱痛苦地呻吟着，站起身来，向我鞠了一躬，然后摇摇晃晃地回到座位上。"
    }
  ]
}