{
  "dataList": [
    {
      "id": 0,
      "place": "梅菲斯托费勒斯 内部",
      "model": "돈키호테",
      "content": "不好意思！吾有疑问！"
    },
    {
      "id": 1,
      "content": "堂吉诃德突然举起了手。"
    },
    {
      "id": 2,
      "model": "베르길리우스",
      "content": "说。"
    },
    {
      "id": 3,
      "model": "돈키호테",
      "content": "第一条规矩吾了解了！那么第二条规矩是什么呢？"
    },
    {
      "id": 4,
      "model": "그레고르",
      "content": "哈，说真的……你就这么想知道吗？"
    },
    {
      "id": 5,
      "model": "베르길리우스",
      "content": "……"
    },
    {
      "id": 6,
      "content": "维吉里乌斯冷眼盯着良秀。正好点燃一根新烟的良秀则奇怪地回望着他。"
    },
    {
      "id": 7,
      "model": "베르길리우스",
      "content": "第二条规矩……"
    },
    {
      "id": 8,
      "model": "베르길리우스",
      "content": "不要把烟蒂丢在巴士的地板上。会留下烧痕的。"
    },
    {
      "id": 9,
      "model": "료슈",
      "content": "……哈。"
    },
    {
      "id": 10,
      "content": "巴士再度回归了寂静。"
    },
    {
      "id": 11,
      "model": "베르길리우스",
      "content": "等下，巴士可不该这么安静。引擎的声音在哪呢？"
    },
    {
      "id": 12,
      "model": "베르길리우스",
      "content": "卡戎，为什么不加速？"
    },
    {
      "id": 13,
      "model": "카론",
      "content": "没有吃的。梅菲饿了。"
    },
    {
      "id": 14,
      "model": "베르길리우스",
      "content": "正好。调节一下气氛吧。"
    },
    {
      "id": 15,
      "content": "我们会绕去加油站吗？"
    },
    {
      "id": 16,
      "content": "维吉里乌斯像普通司机一样把燃油喷嘴漫不经心地插进巴士的样子，真是难以想象。"
    },
    {
      "id": 17,
      "model": "베르길리우스",
      "content": "车辆若想移动就需要燃料。"
    },
    {
      "id": 18,
      "model": "베르길리우스",
      "content": "卡戎，试着闪一下车的前灯。就像舞台灯光那样。"
    },
    {
      "id": 19,
      "model": "카론",
      "content": "嗯，现在是舞蹈时间。"
    },
    {
      "id": 20,
      "model": "이스마엘",
      "content": "等下，我们要是打开前灯的话，是非常容易遇袭的。"
    },
    {
      "id": 21,
      "model": "뫼르소",
      "content": "这就是目的吧。"
    },
    {
      "id": 22,
      "model": "이스마엘",
      "content": "……什么？"
    },
    {
      "id": 23,
      "content": "我能听到有什么人猛击着巴士的外壳。"
    },
    {
      "id": 24,
      "teller": "不识数的流氓",
      "title": "4区后巷",
      "content": "喂！把你们所有东西都放下后下车！给你们三十秒！十！九！"
    },
    {
      "id": 25,
      "teller": "敏锐的流氓",
      "title": "4区后巷",
      "content": "喂，你漏了二十秒。"
    },
    {
      "id": 26,
      "teller": "不识数的流氓",
      "title": "4区后巷",
      "content": "呃……呃……就当你们祈祷了20秒吧！"
    },
    {
      "id": 27,
      "model": "이스마엘",
      "content": "唉，为什么我周围都是些没脑子的人啊。"
    },
    {
      "id": 28,
      "model": "히스클리프",
      "content": "……你说什么？"
    },
    {
      "id": 29,
      "model": "돈키호테",
      "content": "伏击乃卑劣之举！毫无疑问他们定是恶人！"
    },
    {
      "id": 30,
      "model": "베르길리우스",
      "content": "好，全员下车。"
    },
    {
      "id": 31,
      "model": "베르길리우스",
      "content": "还有，尽量不要把他们打死。明白了吗？"
    }
  ]
}