{
  "dataList": [
    {
      "id": 0,
      "place": "4区 后巷某处",
      "content": "伴随着令人起鸡皮疙瘩的声音，巴士的侧面开始蠕动，并逐渐分成两半。"
    },
    {
      "id": 1,
      "content": "在那附近的地面上，也就是巴士的嘴前，散落着各种各样的人类。其中既有已经奄奄一息的，也有已经四分五裂的。"
    },
    {
      "id": 2,
      "content": "不久后，那张大口便完全张开了，巴士开始字面意思上地咀嚼起人类。兴高采烈地，狼吞虎咽地。"
    },
    {
      "id": 3,
      "model": "료슈",
      "content": "……"
    },
    {
      "id": 4,
      "content": "良秀心满意足似地注视着这幅景象……"
    },
    {
      "id": 5,
      "content": "另一边，辛克莱露出了不安的表情。"
    },
    {
      "id": 6,
      "model": "싱클레어",
      "content": "我感觉……大家都不太正常了。您也这么觉得吗？"
    },
    {
      "id": 7,
      "content": "忽然，我有些在意他们的处境。"
    },
    {
      "id": 8,
      "model": "단테",
      "content": "<我姑且问一下……应该没有人是被强迫加入这家公司的吧？>"
    },
    {
      "id": 9,
      "content": "虽然我不知道自己脑袋变成这样之前的情况，但就目前的经历来看，我肯定算是被强迫的。"
    },
    {
      "id": 10,
      "content": "他们说不定也和我差不多呢，我是这么想的……"
    },
    {
      "id": 11,
      "model": "싱클레어",
      "content": "啊……"
    },
    {
      "id": 12,
      "content": "辛克莱像是被戳中了痛处似地低下了头。"
    },
    {
      "id": 13,
      "model": "싱클레어",
      "content": "当、当然了。这是我自己的选择。过段时间一切就会习惯的……对吧？"
    },
    {
      "id": 14,
      "content": "就这样，辛克莱就像对着我以外的某个人一样反复自言自语道。"
    },
    {
      "id": 15,
      "model": "돈키호테",
      "content": "不管是否被公司雇佣，吾均会如此行动！那边又涌过来一群恶人啊！"
    }
  ]
}