{
  "dataList": [
    {
      "id": 0,
      "place": "4区 后巷某处",
      "model": "로쟈",
      "content": "最后一次我能吃饱饭是什么时候来着，这铁疙瘩过得都比我好吧……"
    },
    {
      "id": 1,
      "model": "파우스트",
      "content": "所有食物都是定量供应的。"
    },
    {
      "id": 2,
      "model": "로쟈",
      "content": "就吃这么点根本使不出劲啊！"
    },
    {
      "id": 3,
      "content": "远处，希斯克利夫喊着“你以为我是吃饱了才过来干这种事的吗”，但罗佳看起来装作没有听见。"
    },
    {
      "id": 4,
      "content": "话说回来。"
    },
    {
      "id": 5,
      "model": "단테",
      "content": "<这辆巴士的燃料看来是血液或者蛋白质吗？>"
    },
    {
      "id": 6,
      "model": "파우스트",
      "content": "是脑啡肽。一种曾由脑叶公司生产的能源。"
    },
    {
      "id": 7,
      "model": "이스마엘",
      "content": "你说的是以前的L公司吧。听说那是一家通过奇点技术生产能源的公司。不过L公司没落之后现在也只剩下废墟与残骸了。"
    },
    {
      "id": 8,
      "model": "파우스트",
      "content": "没错。所以现在很难获取。"
    },
    {
      "id": 9,
      "model": "파우스트",
      "content": "但是，梅菲斯托费勒斯可以从身体中强行提取脑啡肽。"
    },
    {
      "id": 10,
      "model": "단테",
      "content": "<身体？>"
    },
    {
      "id": 11,
      "content": "我抱着疑问，轮流看向对其他罪人发号施令的奥提斯与巴士的嘴。"
    },
    {
      "id": 12,
      "model": "파우스트",
      "content": "对，脑啡肽只能从大脑和脊髓神经中提取。尤其是有生命迹象的时候效率会更高。"
    },
    {
      "id": 13,
      "content": "所以维吉里乌斯才会说尽量不要下杀手啊。"
    },
    {
      "id": 14,
      "model": "단테",
      "content": "<那么……>"
    },
    {
      "id": 15,
      "model": "파우스트",
      "content": "您或许会想“那只食用相应部位不就可以了吗？”。是这样的，他们的血肉也可以被转化为燃料。"
    },
    {
      "id": 16,
      "model": "파우스트",
      "content": "脑啡肽是启动和推进引擎的必需品，而其余的有机物可以用于维持车辆速度，从而减少脑啡肽的消耗。"
    },
    {
      "id": 17,
      "model": "이상",
      "content": "此为混合动力。"
    },
    {
      "id": 18,
      "content": "浮士德随后补充说明了“大部分燃料都由支部补给，并非一直通过这种方式补充”之类的事情……"
    },
    {
      "id": 19,
      "content": "但大多数内容我听得左耳进右耳出。"
    },
    {
      "id": 20,
      "model": "단테",
      "content": "<……真是个复杂的问题啊。虽然没怎么搞懂，但以后也要多多辛苦你们了。>"
    },
    {
      "id": 21,
      "model": "파우스트",
      "content": "没关系。浮士德并不会辛苦。"
    },
    {
      "id": 22,
      "model": "그레고르",
      "content": "辛苦的是我们这边啊……嘿！经理兄！他们又来了！"
    }
  ]
}