{
  "dataList": [
    {
      "id": 0,
      "place": "4区 后巷某处",
      "model": "베르길리우스",
      "content": "喂！差不多得了。客人快到了。"
    },
    {
      "id": 1,
      "content": "维吉里乌斯一边把脑袋探出窗外，一边说道。"
    },
    {
      "id": 2,
      "model": "단테",
      "content": "<客人？谁啊？>"
    },
    {
      "id": 3,
      "model": "파우스트",
      "content": "因为我们是第一次进入迷宫，所以我想需要一个向导。"
    },
    {
      "id": 4,
      "model": "유리",
      "teller": "尤莉",
      "title": "8阶收尾人",
      "content": "不好意思，请问……各位就是边狱公司的人员吗？"
    },
    {
      "id": 5,
      "content": "有个人正缓慢地向我们走来。"
    },
    {
      "id": 6,
      "model": "유리",
      "teller": "尤莉",
      "title": "8阶收尾人",
      "content": "看起来是了……"
    },
    {
      "id": 7,
      "content": "巴士刚刚享用完它的美餐，嘎吱嘎吱地咀嚼着最后剩下的骨屑。"
    },
    {
      "id": 8,
      "place": "梅菲斯托费勒斯 内部",
      "content": "尤莉毫不在意这幅景象，并向我们做起了自我介绍。"
    },
    {
      "id": 9,
      "model": "유리",
      "teller": "尤莉",
      "title": "8阶收尾人",
      "content": "我是尤莉，前L公司员工。请多多关照。"
    },
    {
      "id": 10,
      "model": "단테",
      "content": "<前L公司是指……>"
    },
    {
      "id": 11,
      "model": "그레고르",
      "content": "应该是指那个脑叶公司吧。"
    },
    {
      "id": 12,
      "model": "파우스트",
      "content": "没错，我们将探索脑叶公司……也就是旧L公司以前的支部。"
    },
    {
      "id": 13,
      "model": "이스마엘",
      "content": "换作是我，喊我来也绝不趟这摊浑水。"
    },
    {
      "id": 14,
      "model": "이스마엘",
      "content": "作为被折断之翼的员工，你的工作一定结束得很不愉快吧。"
    },
    {
      "id": 15,
      "model": "로쟈",
      "content": "说什么呢？翼也好其他什么也好，只要有钱花，做什么不都能过得很愉快嘛。"
    },
    {
      "id": 16,
      "model": "그레고르",
      "content": "呃，我听说现在那里还有许多怪物在游荡……"
    },
    {
      "id": 17,
      "model": "파우스트",
      "content": "并非怪物，而是异想体。总之那些传闻是真的。但眼下还有更重要的东西。"
    },
    {
      "id": 18,
      "model": "파우스트",
      "content": "在支部的最深处，存在着最近开始绽放的L公司技术核心精髓。"
    },
    {
      "id": 19,
      "model": "베르길리우스",
      "content": "但丁，你还记得我前几天给你的提案吗。我会让你镌刻自己的星位。"
    },
    {
      "id": 20,
      "model": "베르길리우스",
      "content": "精髓……只要收集金枝，那种程度的事情也将轻而易举。"
    },
    {
      "id": 21,
      "content": "“星位”这个词语还是会让我的头阵阵疼痛。"
    },
    {
      "id": 22,
      "content": "“我”之前到底想要做什么？"
    },
    {
      "id": 23,
      "model": "파우스트",
      "content": "您无需强迫自己回忆。时机一到您自然会知晓一切。"
    },
    {
      "id": 24,
      "content": "浮士德平静地提出建议。我缓缓点头作为回应。"
    },
    {
      "id": 25,
      "content": "没错，现在我只需要着眼于当下应该考虑的事情就好了。"
    },
    {
      "id": 26,
      "model": "단테",
      "content": "<而且我们要是探索脑叶公司的话……兴许还能找到一些脑啡肽。>"
    },
    {
      "id": 27,
      "model": "싱클레어",
      "content": "啊，这是不是说我们……不必再把人喂给巴士了？"
    },
    {
      "id": 28,
      "model": "이스마엘",
      "content": "幸运的话，或许我们还能找到几件E.G.O，一石三鸟。"
    },
    {
      "id": 29,
      "content": "E.G.O？我歪了歪头，又是个不认识的新词语……"
    },
    {
      "id": 30,
      "content": "但在有新同伴加入的情况下，却只有我们在自顾自地聊天，也是有些失礼的行为。"
    },
    {
      "id": 31,
      "content": "……而且这么想的似乎还不止我一个。"
    },
    {
      "id": 32,
      "model": "그레고르",
      "content": "尤莉小姐离职后又在做什么工作呢？"
    },
    {
      "id": 33,
      "content": "格里高尔尽己所能地做出一副友善的表情与新乘客对话，想让她放松下来。"
    },
    {
      "id": 34,
      "content": "但由于不甚习惯，他的眉毛几乎僵直到抽搐，不过无伤大雅。"
    },
    {
      "id": 35,
      "model": "돈키호테",
      "content": "在吾眼中，汝便是荣耀的收尾人！世人尽言，收尾人们皆流露着高尚的英雄气息！"
    },
    {
      "id": 36,
      "content": "尤莉轻轻地点了点头，但以实玛利却长叹了一口气。"
    },
    {
      "id": 37,
      "model": "이스마엘",
      "content": "我不知道你是从那里听到这样的消息的，但收尾人绝不是那样的英雄。你们能从他们身上闻到的唯一味道，就是月薪微薄者的寒酸味。"
    },
    {
      "id": 38,
      "model": "그레고르",
      "content": "……这么快就找到另一份工作也挺不容易的，很高兴你挺过来了。"
    },
    {
      "id": 39,
      "model": "유리",
      "teller": "尤莉",
      "title": "8阶收尾人",
      "content": "目前为止……我只是个合同工。"
    },
    {
      "id": 40,
      "model": "이스마엘",
      "content": "啊哈。原来这就是你硬要爬回这里的原因啊。"
    },
    {
      "id": 41,
      "model": "이스마엘",
      "content": "那他们是不是还承诺过，如果你在原来的工作地点立了大功，就会提拔你到队长的位置上？"
    },
    {
      "id": 42,
      "model": "유리",
      "teller": "尤莉",
      "title": "8阶收尾人",
      "content": "……如果我的业绩优秀的话，合同期限可能会延长吧。"
    },
    {
      "id": 43,
      "model": "그레고르",
      "content": "是、是这样的。一般来说合同工的确只能把命赌在业绩上了。"
    },
    {
      "id": 44,
      "model": "이스마엘",
      "content": "哈，那可真是悲惨的命运啊。"
    },
    {
      "id": 45,
      "model": "그레고르",
      "content": "（喂，从刚才开始你怎么就一直在阴阳怪气啊？是什么让你不爽了吗？）"
    },
    {
      "id": 46,
      "model": "이스마엘",
      "content": "……谁知道呢，从头到尾都尽是些令人不爽的事情。"
    },
    {
      "id": 47,
      "content": "尤莉似乎并没有受到什么打击，只是静静地找了个空座位坐下。"
    },
    {
      "id": 48,
      "content": "格里高尔的眼神在尤莉和以实玛利之间徘徊着，无奈地挠着后脑勺，也只得先坐回自己的位置。"
    },
    {
      "id": 49,
      "model": "단테",
      "content": "<真是群……适应不来的人啊。>"
    },
    {
      "id": 50,
      "model": "베르길리우스",
      "content": "早点适应他们会更轻松的，但丁。"
    },
    {
      "id": 51,
      "model": "베르길리우스",
      "content": "……卡戎，出发吧。客人已经落座了。"
    },
    {
      "id": 52,
      "model": "카론",
      "content": "梅菲的肚子，砰砰。卡戎也要砰砰。"
    }
  ]
}