{
  "dataList": [
    {
      "id": 0,
      "place": "梅菲斯托费勒斯 内部",
      "model": "유리",
      "teller": "尤莉",
      "title": "8阶收尾人",
      "content": "那个，话说……"
    },
    {
      "id": 1,
      "model": "유리",
      "teller": "尤莉",
      "title": "8阶收尾人",
      "content": "地图在我这里……那你们是怎样决定路线的？"
    },
    {
      "id": 2,
      "content": "尽管无人应答，但巴士依旧高速行驶着。"
    },
    {
      "id": 3,
      "model": "카론",
      "content": "关于这一点……"
    },
    {
      "id": 4,
      "model": "카론",
      "content": "是直觉。卡戎的直觉。"
    },
    {
      "id": 5,
      "model": "유리",
      "teller": "尤莉",
      "title": "8阶收尾人",
      "content": "啊？！"
    },
    {
      "id": 6,
      "model": "카론",
      "content": "小粉毛，用奇怪的纸挡住卡戎前面的理由是什么？"
    },
    {
      "id": 7,
      "model": "유리",
      "teller": "尤莉",
      "title": "8阶收尾人",
      "content": "因为你一直在往奇怪的方向走啊！麻烦你好好看看地图。我们要去的是东南方向……"
    },
    {
      "id": 8,
      "content": "到底还是无视不了被推到脸上的地图，卡戎只好不情愿地瞥了一眼。"
    },
    {
      "id": 9,
      "model": "카론",
      "content": "遵从心之所向。那便是真正的道路所在。"
    },
    {
      "id": 10,
      "model": "돈키호테",
      "content": "所言极是！吾辈皆须遵从心之所向前进！"
    },
    {
      "id": 11,
      "model": "유리",
      "teller": "尤莉",
      "title": "8阶收尾人",
      "content": "……这不就是连地图都看不懂的路痴嘛。"
    },
    {
      "id": 12,
      "model": "이스마엘",
      "content": "替我说出了想说的话呢。"
    },
    {
      "id": 13,
      "content": "尤莉和以实玛利仿若心有灵犀般同时把手搭在了额头上。"
    },
    {
      "id": 14,
      "model": "로쟈",
      "content": "哦！咱们的司机，交到了个新朋友呢？"
    },
    {
      "id": 15,
      "model": "카론",
      "content": "小粉毛一直啰哩啰嗦。我明明知道该怎么走。"
    },
    {
      "id": 16,
      "model": "유리",
      "teller": "尤莉",
      "title": "8阶收尾人",
      "content": "不是，所以说搞错方向……"
    },
    {
      "id": 17,
      "model": "카론",
      "content": "前面，又有障碍物。要布隆布隆吗？"
    },
    {
      "id": 18,
      "model": "베르길리우스",
      "content": "不，卡戎。等一等。"
    },
    {
      "id": 19,
      "teller": "饥肠辘辘的流氓",
      "title": "4区后巷",
      "content": "喂！这巴士看起来挺不错啊！让我也坐坐看！"
    },
    {
      "id": 20,
      "model": "베르길리우스",
      "content": "……看来梅菲斯托费勒斯的点心时间到了。"
    },
    {
      "id": 21,
      "model": "베르길리우스",
      "content": "下车吧……还得再喂一点饭。"
    }
  ]
}