{
  "dataList": [
    {
      "id": 0,
      "place": "梅菲斯托费勒斯 内部",
      "model": "유리",
      "teller": "尤莉",
      "title": "8阶收尾人",
      "content": "卡戎，这边是东边呢，还是西边呢？"
    },
    {
      "id": 1,
      "model": "카론",
      "content": "卡戎只知道两个方向。梅菲的前方和后方。"
    },
    {
      "id": 2,
      "model": "유리",
      "teller": "尤莉",
      "title": "8阶收尾人",
      "content": "你们是怎么让一个连方向都分不清的人当了这么久司机的？"
    },
    {
      "id": 3,
      "model": "싱클레어",
      "content": "卡戎……所以说呢，太阳升起的那一边是……"
    },
    {
      "id": 4,
      "content": "巴士的驾驶位上，三人的脑袋紧靠一起，目光纷纷聚焦于地图之上。"
    },
    {
      "id": 5,
      "content": "不对，有一个人似乎靠得不是很近。"
    },
    {
      "id": 6,
      "model": "로쟈",
      "content": "噗……小不点~你不也该去和他们挤在一起吗？"
    },
    {
      "id": 7,
      "model": "돈키호테",
      "content": "恕吾冒昧！吾并非孩童！更非小不点！"
    },
    {
      "id": 8,
      "content": "看着堂吉诃德对罗佳呼呼地挥舞拳头时，忽然一个表情苦涩地、注视着她们的人进入了我的视野。"
    },
    {
      "id": 9,
      "model": "단테",
      "content": "<……也许尤莉也从小时候开始就有着不好的经历吧。>"
    },
    {
      "id": 10,
      "content": "格里高尔转身看了我一眼，摇了摇头，又托起下巴，望向驾驶席。"
    },
    {
      "id": 11,
      "model": "그레고르",
      "content": "……也不算小了。只要到了能拿得动刀的年龄，某些巢就会让他们参加战争。"
    },
    {
      "id": 12,
      "content": "巢……我记得被解释为一个地区实质上的核心区域。"
    },
    {
      "id": 13,
      "content": "看来过去还发生过巢与巢之间的战争。"
    },
    {
      "id": 14,
      "model": "단테",
      "content": "<这种事情很常见吗？>"
    },
    {
      "id": 15,
      "model": "그레고르",
      "content": "倒也不是很罕见的事情。"
    },
    {
      "id": 16,
      "model": "그레고르",
      "content": "……经理兄，看来你对战争挺感兴趣啊？"
    },
    {
      "id": 17,
      "model": "단테",
      "content": "<啊，算不上感兴趣，只是想收集一些作为经理应该知道的信息……>"
    },
    {
      "id": 18,
      "content": "我本打算继续说下去，但瞥见格里高尔的表情时，我止住了嘴。"
    },
    {
      "id": 19,
      "content": "他的目光不再停滞于驾驶席，而是仿佛望向了更加遥远的某处。"
    },
    {
      "id": 20,
      "model": "그레고르",
      "content": "我可不是在批评你这种态度，经理兄。照我说，这个态度不是挺好的嘛？好上司就该这么做。"
    },
    {
      "id": 21,
      "content": "他从胸前口袋掏出了烟盒，慢慢地说了下去。"
    },
    {
      "id": 22,
      "model": "그레고르",
      "content": "但是，我个人认为，在我一无所知的时候，无知也许是件好事。"
    },
    {
      "id": 23,
      "model": "그레고르",
      "content": "毕竟有些东西你一旦知道了，就再也没法回头了。"
    },
    {
      "id": 24,
      "content": "随后他不再言语，点上了烟。"
    },
    {
      "id": 25,
      "model": "유리",
      "teller": "尤莉",
      "title": "8阶收尾人",
      "content": "不对，刚才那里应该右转！"
    },
    {
      "id": 26,
      "model": "싱클레어",
      "content": "没、没关系的，卡戎。再往前一点之后拐弯也可以回到正确的道路上。"
    },
    {
      "id": 27,
      "model": "카론",
      "content": "啊啊……司机的生活真辛苦。"
    },
    {
      "id": 28,
      "model": "그레고르",
      "content": "嘛……现在更要紧的好像还是要找到前往目的地的路啊。对吧，经理兄？"
    },
    {
      "id": 29,
      "content": "格里高尔嘴里叼着烟，笑着调侃。"
    },
    {
      "id": 30,
      "content": "虽然我很好奇他经历了什么，但现在先专注于别的事比较好。"
    },
    {
      "id": 31,
      "content": "正好，一件应该专注的事就出现在眼前（正确来说是巴士前）。"
    },
    {
      "id": 32,
      "model": "베르길리우스",
      "content": "聊天到此为止吧。前面又有敌人。"
    },
    {
      "id": 33,
      "teller": "流氓头头",
      "title": "4区后巷",
      "content": "竟然把我的朋友们塞进了巴士里，一群疯子！你们脑子有病是不是？"
    },
    {
      "id": 34,
      "teller": "流氓头头",
      "title": "4区后巷",
      "content": "我不会放过你们的！本来我只想抢走巴士，但现在我要把你们也全杀了！"
    },
    {
      "id": 35,
      "model": "카론",
      "content": "维吉，燃料们好吵。卡戎，听到两人以上吵闹就会晕。"
    },
    {
      "id": 36,
      "model": "베르길리우스",
      "content": "不必担心，卡戎。从现在开始就会安静下来。"
    },
    {
      "id": 37,
      "model": "베르길리우스",
      "content": "全员下车。"
    }
  ]
}