{
  "dataList": [
    {
      "id": 0,
      "place": "梅菲斯托费勒斯 内部",
      "model": "로쟈",
      "content": "唔……格雷格，那些人难道是你的熟人吗？"
    },
    {
      "id": 1,
      "model": "그레고르",
      "content": "嗯？什么话……这个后巷中怎么可能会有我的熟……"
    },
    {
      "id": 2,
      "content": "看向窗外的格里高尔的表情瞬间凝固了。"
    },
    {
      "id": 3,
      "model": "단테",
      "content": "<……虫子头？>"
    },
    {
      "id": 4,
      "content": "与迄今为止所撞见的人都不同，那些人的身上有一部分看起来就像昆虫一样。"
    },
    {
      "id": 5,
      "model": "로쟈",
      "content": "呜哇……但丁，你的脑袋是个钟真是太好了。如果是那种，我可能每次瞅着都得干呕。"
    },
    {
      "id": 6,
      "model": "이스마엘",
      "content": "那个……是不是和格里高尔先生一样的强化手术？"
    },
    {
      "id": 7,
      "model": "히스클리프",
      "content": "所以他们故意给自己安了个那么恶心的虫子脑袋？"
    },
    {
      "id": 8,
      "model": "그레고르",
      "content": "可别太靠近。你也会染上害虫病的哦？"
    },
    {
      "id": 9,
      "model": "싱클레어",
      "content": "噫，真的吗？！"
    },
    {
      "id": 10,
      "model": "그레고르",
      "content": "开玩笑的啦……我的幽默感有那么奇怪吗？"
    },
    {
      "id": 11,
      "content": "格里高尔挠了挠后脑勺，巴士的引擎仿佛是舒了口气般吐出了长长的喷气声，停了下来。"
    },
    {
      "id": 12,
      "model": "파우스트",
      "content": "在过去的G公司，大多数员工都会像格里高尔先生那样，接受生物武器手术。"
    },
    {
      "id": 13,
      "model": "이스마엘",
      "content": "格里高尔先生是旧G公司出身的吗？如果是那个时候的G公司的话……"
    },
    {
      "id": 14,
      "content": "以实玛利似乎想到了什么一般皱起了眉头，但她并没有说出口。"
    },
    {
      "id": 15,
      "content": "格里高尔也露出了微笑，但他自刚才起就十分僵硬的眼神却并没打算柔和下来。"
    },
    {
      "id": 16,
      "model": "홍루",
      "content": "那样的人们平时都睡在什么地方呢？"
    },
    {
      "id": 17,
      "model": "베르길리우스",
      "content": "以天为宇，以星为灯，过着这样生活的人也不在少数。"
    },
    {
      "id": 18,
      "model": "홍루",
      "content": "啊哈，真是一群风雅之士呢！"
    },
    {
      "id": 19,
      "model": "단테",
      "content": "<虽然我觉得他想表达的并不是这个意思……>"
    },
    {
      "id": 20,
      "model": "베르길리우스",
      "content": "看起来，他们似乎也准备妨碍我们的旅途。"
    },
    {
      "id": 21,
      "model": "베르길리우스",
      "content": "是不是该下车了，格里高尔？"
    },
    {
      "id": 22,
      "model": "그레고르",
      "content": "非要提到我的理由是？"
    },
    {
      "id": 23,
      "model": "베르길리우스",
      "content": "谁知道呢，我可不想将他人的回忆亲口说出来啊。"
    },
    {
      "id": 24,
      "model": "베르길리우스",
      "content": "打头阵，格里高尔。理由你很清楚。"
    },
    {
      "id": 25,
      "model": "그레고르",
      "content": "……你还真是个恶趣味的人呢。"
    },
    {
      "id": 26,
      "place": "4区 后巷某处",
      "content": "顶着虫子头的军人们三五成群地聚集在巴士附近。"
    },
    {
      "id": 27,
      "model": "그레고르",
      "content": "唉……其实我不太喜欢走在前面。"
    },
    {
      "id": 28,
      "model": "화난패잔병",
      "teller": "愤怒的残兵",
      "title": "？？？",
      "content": "你这家伙怎么回事，为什么和我们有着同样的手臂？"
    },
    {
      "id": 29,
      "model": "의아한패잔병",
      "teller": "惊讶的残兵",
      "title": "？？？",
      "content": "等等……这张脸挺眼熟？"
    },
    {
      "id": 30,
      "model": "그레고르",
      "content": "……毕竟经常会出现在海报或者杂志上嘛。"
    },
    {
      "id": 31,
      "model": "단테",
      "content": "<格里高尔，是你的熟人吗？>"
    },
    {
      "id": 32,
      "model": "이스마엘",
      "content": "……我觉得现在不是关心这些事的时候，经理。这里可不适合叙旧。"
    },
    {
      "id": 33,
      "model": "화난패잔병",
      "teller": "愤怒的残兵",
      "title": "？？？",
      "content": "虽然我也有点在意……但不论如何，反正这前面禁止通行。"
    },
    {
      "id": 34,
      "model": "단테",
      "content": "<原来如此。不像是可以沟通的氛围……>"
    },
    {
      "id": 35,
      "model": "로쟈",
      "content": "不过，为什么他们要明目张胆地展露虫子的部分，还到处游荡呢？"
    },
    {
      "id": 36,
      "model": "로쟈",
      "content": "小孩子们看见了可是要大哭大闹的哦。像格雷格那样保持低调不好吗？"
    },
    {
      "id": 37,
      "model": "그레고르",
      "content": "我是特例。一般来说头上肯定是会出现昆虫的部位的。"
    },
    {
      "id": 38,
      "model": "그레고르",
      "content": "这……也不知道算不算是走运。"
    },
    {
      "id": 39,
      "model": "유리",
      "teller": "尤莉",
      "title": "8阶收尾人",
      "content": "虽然不知道理由，但那些人好像在试图阻止我们进入脑叶公司支部。"
    },
    {
      "id": 40,
      "model": "로쟈",
      "content": "这些家伙也盯上了金枝？"
    },
    {
      "id": 41,
      "model": "베르길리우스2",
      "teller": "维吉里乌斯",
      "content": "说不定呢。"
    },
    {
      "id": 42,
      "model": "베르길리우스2",
      "teller": "维吉里乌斯",
      "content": "毕竟想要得到那个精髓的人太多了。"
    },
    {
      "id": 43,
      "model": "베르길리우스2",
      "teller": "维吉里乌斯",
      "content": "……而每个人的愿望又都不尽相同。难道不是吗？"
    },
    {
      "id": 44,
      "model": "그레고르",
      "content": "看我干嘛？我又不可能知道。"
    }
  ]
}