{
  "dataList": [
    {
      "id": -1,
      "content": "S0_8 에피소드"
    },
    {
      "id": 0,
      "place": "梅菲斯托费勒斯 内部",
      "model": "카론",
      "content": "我们到了。果然卡戎一直都认得路。"
    },
    {
      "id": 1,
      "model": "유리",
      "teller": "尤莉",
      "title": "8阶收尾人",
      "content": "果然个鬼的果然啊？！我和辛克莱在旁边可是费了不少功夫。"
    },
    {
      "id": 2,
      "model": "싱클레어",
      "content": "不过你总算是学会区分东南和东北实在是太好了，卡戎。"
    },
    {
      "id": 3,
      "model": "단테",
      "content": "<这就是……旧L公司吗？>"
    },
    {
      "id": 4,
      "model": "이스마엘",
      "content": "我也是第一次亲眼见到它……不过“那件事”发生后应该也没过很久。"
    },
    {
      "id": 5,
      "model": "홍루",
      "content": "天哪……一栋建筑要怎样才会变得如此破旧不堪？"
    },
    {
      "id": 6,
      "model": "히스클리프",
      "content": "哈，公子哥肯定没见过这种场面吧。"
    },
    {
      "id": 7,
      "model": "베르길리우스",
      "content": " 杂谈到此为止。下车。"
    },
    {
      "id": 10,
      "place": "4区 脑叶公司支部前",
      "model": "단테",
      "content": "<诶，怎么有些没见过的人……>"
    },
    {
      "id": 11,
      "model": "파우스트",
      "content": "他们是和尤莉小姐来自同一事务所的收尾人。"
    },
    {
      "id": 12,
      "model": "파우스트",
      "content": "是多次访问过L公司支部的经验人士。"
    },
    {
      "id": 13,
      "model": "베르길리우스2",
      "teller": "维吉里乌斯",
      "title": "向导",
      "content": "打个招呼吧。左边这位叫霍普金斯先生，以及右边的这位是阿雅女士。"
    },
    {
      "id": 14,
      "model": "아야",
      "teller": "阿雅",
      "title": "8阶收尾人",
      "content": "大家好~"
    },
    {
      "id": 15,
      "model": "홉킨스",
      "teller": "霍普金斯",
      "title": "8阶收尾人",
      "content": "猩……猩……猩……"
    },
    {
      "id": 16,
      "model": "홉킨스",
      "teller": "霍普金斯",
      "title": "8阶收尾人",
      "content": "猩红凝视先生！见到您可真是荣幸……！我听过很多关于您的故事，但这样亲眼见到……"
    },
    {
      "id": 17,
      "model": "베르길리우스2",
      "teller": "维吉里乌斯",
      "title": "向导",
      "content": "啊啊。"
    },
    {
      "id": 18,
      "model": "베르길리우스2",
      "teller": "维吉里乌斯",
      "title": "向导",
      "content": "看到那间破旧的仓库了吗？那里有通往地下支部的楼梯。"
    },
    {
      "id": 19,
      "model": "베르길리우스2",
      "teller": "维吉里乌斯",
      "title": "向导",
      "content": "下了台阶之后，由这边的尤莉小姐负责向导。"
    },
    {
      "id": 20,
      "model": "유리",
      "teller": "尤莉",
      "title": "8阶收尾人",
      "content": "……好的。"
    },
    {
      "id": 21,
      "model": "베르길리우스2",
      "teller": "维吉里乌斯",
      "title": "向导",
      "content": "这些收尾人已经很有经验了。应该能熟练应对突发状况。"
    },
    {
      "id": 22,
      "model": "베르길리우스2",
      "teller": "维吉里乌斯",
      "title": "向导",
      "content": "这样就够了吧？我就陪你们到这。我会在巴士上等你们。"
    },
    {
      "id": 23,
      "model": "단테",
      "content": "<哈？这么突然？>"
    },
    {
      "id": 24,
      "model": "베르길리우스2",
      "teller": "维吉里乌斯",
      "title": "向导",
      "content": "如果你指望我跟带孩子一样一直照顾你，那就大错特错了，但丁。"
    },
    {
      "id": 25,
      "model": "히스클리프",
      "content": "所以你打算一个人翘着二郎腿在那边度假？"
    },
    {
      "id": 26,
      "model": "베르길리우스2",
      "teller": "维吉里乌斯",
      "title": "向导",
      "content": "如果我也同行的话，你们不就变得跟来旅游一样吗？"
    },
    {
      "id": 27,
      "model": "그레고르",
      "content": "……换句话说，你希望我们鼻青脸肿、头破血流地回来。"
    },
    {
      "id": 28,
      "model": "이스마엘",
      "content": "通常他那样说的话，绝对还心怀别的鬼胎……"
    },
    {
      "id": 29,
      "model": "베르길리우스2",
      "teller": "维吉里乌斯",
      "title": "向导",
      "content": "随你们怎么想吧。"
    },
    {
      "id": 30,
      "model": "베르길리우스2",
      "teller": "维吉里乌斯",
      "title": "向导",
      "content": "我已经给你们派向导了，给我好好干。"
    },
    {
      "id": 31,
      "model": "홉킨스",
      "teller": "霍普金斯",
      "title": "8阶收尾人",
      "content": "是！我一定不会让您失望的！猩红凝视先生！"
    },
    {
      "id": 32,
      "model": "아야",
      "teller": "阿雅",
      "title": "8阶收尾人",
      "content": "我会尽力而为的~"
    }
  ]
}