{
  "dataList": [
    {
      "id": 0,
      "place": "4区 脑叶公司支部前",
      "model": "베르길리우스2",
      "teller": "维吉里乌斯",
      "title": "向导",
      "content": "……但丁。等等，跟我过来一下。"
    },
    {
      "id": 1,
      "content": "当其他人忙着和新成员打招呼的时候，维吉里乌斯把我叫到一个不远的地方。"
    },
    {
      "id": 2,
      "model": "베르길리우스2",
      "teller": "维吉里乌斯",
      "title": "向导",
      "content": "提前说好，他们只是8阶收尾人。"
    },
    {
      "id": 3,
      "model": "단테",
      "content": "<8阶？>"
    },
    {
      "id": 4,
      "model": "베르길리우스2",
      "teller": "维吉里乌斯",
      "title": "向导",
      "content": "……这意味着他们只是低阶的跑腿苦力。"
    },
    {
      "id": 5,
      "model": "베르길리우스2",
      "teller": "维吉里乌斯",
      "title": "向导",
      "content": "可以利用他们，但最好避免依靠他们。"
    },
    {
      "id": 6,
      "model": "단테",
      "content": "<也就是说，他们不值得去相信吗。>"
    },
    {
      "id": 7,
      "content": "我点了点头，让他知道我理解了。"
    },
    {
      "id": 8,
      "model": "베르길리우스2",
      "teller": "维吉里乌斯",
      "title": "向导",
      "content": "……或许，这辆巴士上你才是唯一那个可以正常对话的人。"
    },
    {
      "id": 9,
      "model": "베르길리우스2",
      "teller": "维吉里乌斯",
      "title": "向导",
      "content": "……好了，祝你好运。但丁。"
    },
    {
      "id": 10,
      "content": "维吉里乌斯浅笑着拍了拍我的肩膀，然后缓缓走回了巴士。"
    }
  ]
}