{
  "dataList": [
    {
      "id": 0,
      "place": "4区 脑叶公司支部内某处",
      "content": "我们进入了被称作脑叶公司支部的破旧建筑中。"
    },
    {
      "id": 1,
      "content": "随着光线逐渐黯淡，从地下传来的恶臭愈发强烈。"
    },
    {
      "id": 2,
      "model": "싱클레어",
      "content": "呜呃……气味……好重……"
    },
    {
      "id": 3,
      "model": "이상",
      "content": "唔……能感到污秽在肺中沉积。"
    },
    {
      "id": 4,
      "model": "이상",
      "content": "这气味反而有助于头脑清醒。"
    },
    {
      "id": 5,
      "model": "파우스트",
      "content": "请允许我最后警告各位一次。如果你们死在这里，即便战斗结束，但丁也无法让你们复活。"
    },
    {
      "id": 6,
      "model": "홉킨스",
      "teller": "霍普金斯",
      "title": "8阶收尾人",
      "content": "复活……？"
    },
    {
      "id": 7,
      "model": "아야",
      "teller": "阿雅",
      "title": "8阶收尾人",
      "content": "这一定是最近流行的什么笑话吧~呼，我最近都不知道都市里又流传着什么故事了~"
    },
    {
      "id": 8,
      "content": "好像产生了一些误会，但浮士德看起来并不打算特地解释，我也决定束手旁观。"
    },
    {
      "id": 9,
      "content": "因为比起那些，这萦绕鼻腔的恶臭的源头已经映入了我的眼中。"
    },
    {
      "id": 10,
      "model": "단테",
      "content": "<看起来他们死了很久了。>"
    },
    {
      "id": 11,
      "model": "오티스",
      "content": "真是正确的观察。尸体看上去已经进入了快速腐败期。"
    },
    {
      "id": 12,
      "model": "로쟈",
      "content": "哎呀，虫子们正在大快朵颐呢。"
    },
    {
      "id": 13,
      "model": "그레고르",
      "content": "……快走吧。"
    },
    {
      "id": 14,
      "model": "로쟈",
      "content": "嗯……格雷格？你害怕虫子吗？"
    },
    {
      "id": 15,
      "model": "그레고르",
      "content": "……哈，我相信你是个成熟的人，不会做拿死虫子贴到别人脸上这么幼稚的事……"
    },
    {
      "id": 16,
      "model": "로쟈",
      "content": "锵！！！"
    },
    {
      "id": 17,
      "model": "그레고르",
      "content": "但是以防万一……啊啊！快把它拿走！这有什么好玩的？！"
    },
    {
      "id": 18,
      "model": "로쟈",
      "content": "噗……太好玩了~谁会想到怕虫子的不是别人，而是你……"
    },
    {
      "id": 19,
      "model": "로쟈",
      "content": "……格雷格？你有这么讨厌它吗？"
    },
    {
      "id": 20,
      "model": "그레고르",
      "content": "……算了。"
    },
    {
      "id": 21,
      "model": "오티스",
      "content": "那边的！别再恶作剧了，少给经理增添不必要的麻烦！"
    },
    {
      "id": 22,
      "model": "파우스트",
      "content": "等等……这具尸体还留有余温。"
    },
    {
      "id": 23,
      "model": "이상",
      "content": "说明其刚被袭击不久。"
    },
    {
      "id": 24,
      "content": "仔细观察了一会尸体后，尤莉脸上的阴霾逐渐散去了。"
    },
    {
      "id": 25,
      "model": "유리",
      "teller": "尤莉",
      "title": "8阶收尾人",
      "content": "这不是我们……我是说，不是脑叶公司的员工。"
    },
    {
      "id": 26,
      "model": "이스마엘",
      "content": "我听说这里似乎已经被当成了宝地，所以什么样的人都涌过来了。"
    },
    {
      "id": 27,
      "model": "이스마엘",
      "content": "在收尾人和帮派之间，肯定流行起了像是“脑叶梦”或是“脑啡肽热潮”这样的词。"
    },
    {
      "id": 28,
      "model": "료슈",
      "content": "脑·梦，脑·潮……真是不错的略语……"
    },
    {
      "id": 29,
      "model": "이스마엘",
      "content": "唉，你这么久不说话，刚一开口就是这个吗……"
    },
    {
      "id": 30,
      "model": "이상",
      "content": "如此随意地使用略语，不会模糊原意吗？"
    },
    {
      "id": 31,
      "model": "이스마엘",
      "content": "这就是我想说……"
    },
    {
      "id": 32,
      "model": "이스마엘",
      "content": "李箱先生，你似乎话比平时多不少啊？"
    },
    {
      "id": 33,
      "model": "이상",
      "content": "有何异常？"
    },
    {
      "id": 34,
      "model": "파우스트",
      "content": "他原本就不是寡言的人。"
    },
    {
      "id": 35,
      "model": "파우스트",
      "content": "只是最近……变了一些。"
    },
    {
      "id": 36,
      "model": "오티스",
      "content": "能多一个观察力敏锐的下属总是好的。"
    },
    {
      "id": 37,
      "model": "오티스",
      "content": "希望你继续保持。前进吧。"
    },
    {
      "id": 38,
      "model": "이상",
      "content": "你似乎将自己置于队长之位了。我以为那是经理的职责。"
    },
    {
      "id": 39,
      "model": "오티스",
      "content": "……是我越界了。经理。"
    },
    {
      "id": 40,
      "content": "奥提斯一副手足无措的僵硬神情，立即向我鞠躬道歉。"
    },
    {
      "id": 41,
      "model": "단테",
      "content": "<没、没事的。继续向下走吧。>"
    },
    {
      "id": 42,
      "content": "大部分尸体的一些部位都产生了奇怪的变化。"
    },
    {
      "id": 43,
      "content": "比如从肠子里伸出几对翅膀，或是扭曲成了怪异的形状而垂下的可怕触角。"
    },
    {
      "id": 44,
      "model": "유리",
      "teller": "尤莉",
      "title": "8阶收尾人",
      "content": "是不是有点像我们之前遇到过的暴徒？"
    },
    {
      "id": 45,
      "model": "이스마엘",
      "content": "你是说、那些虫脑袋？"
    },
    {
      "id": 46,
      "model": "오티스",
      "content": "安静，前方发现举异者。"
    },
    {
      "id": 47,
      "content": "正如奥提斯所说，走廊的另一端可以看到很多人影。"
    },
    {
      "id": 48,
      "model": "로쟈",
      "content": "（举异……者？是什么啊？）"
    },
    {
      "id": 49,
      "model": "그레고르",
      "content": "（举动异常者……说不定是敌人。）"
    },
    {
      "id": 50,
      "model": "오티스",
      "content": "……嗯。"
    },
    {
      "id": 51,
      "content": "我确信我们都冒出了一个同样的想法。"
    },
    {
      "id": 52,
      "content": "之前浮士德提到的，可能正在设施里游荡的，神秘的“异想体”。"
    },
    {
      "id": 53,
      "content": "那大概就是这些身影的真身。"
    },
    {
      "id": 54,
      "model": "오티스",
      "content": "……只能直面它们了。"
    },
    {
      "id": 55,
      "teller": "卑鄙的残兵 ",
      "title": "没落的G公司",
      "content": "喂！谁在那里？！"
    },
    {
      "id": 56,
      "content": "然而，我们面对的却是人类。"
    },
    {
      "id": 57,
      "content": "虽然尚不知该不该对此感到庆幸。"
    },
    {
      "id": 58,
      "teller": "卑鄙的残兵 ",
      "title": "没落的G公司",
      "content": "什么？我听说这附近就剩我们几个了。"
    },
    {
      "id": 59,
      "teller": "粗野的残兵",
      "title": "没落的G公司",
      "content": "入口那边没能处理掉吗？看样子是在这期间有其他老鼠混进来了。"
    },
    {
      "id": 60,
      "model": "히스클리프",
      "content": "喂，臭虫们！刚才那边的尸体是你们的朋友吗？"
    },
    {
      "id": 61,
      "teller": "粗野的残兵",
      "title": "没落的G公司",
      "content": "尸体？！你们这帮混蛋……"
    },
    {
      "id": 62,
      "teller": "卑鄙的残兵 ",
      "title": "没落的G公司",
      "content": "等等。"
    },
    {
      "id": 63,
      "teller": "粗野的残兵",
      "title": "没落的G公司",
      "content": "……我不知道你们这帮垃圾是哪来的，但是给我听好。"
    },
    {
      "id": 64,
      "teller": "粗野的残兵",
      "title": "没落的G公司",
      "content": "反正你们来这儿肯定也是为了脑啡肽吧？只要你们再下一层楼，就能轻松得手了。"
    },
    {
      "id": 65,
      "teller": "粗野的残兵",
      "title": "没落的G公司",
      "content": "那里就让给你们了。我们彼此各取所需，友好道别……"
    },
    {
      "id": 66,
      "teller": "粗野的残兵",
      "title": "没落的G公司",
      "content": "……吧。哈，哈哈。"
    },
    {
      "id": 67,
      "model": "그레고르",
      "content": "啧，还是认出我了。"
    },
    {
      "id": 68,
      "content": "如他所言，原本想要和平解决的那人的表情……"
    },
    {
      "id": 69,
      "content": "在看见格里高尔的那一瞬间就立刻崩溃了。"
    },
    {
      "id": 70,
      "teller": "卑鄙的残兵 ",
      "title": "没落的G公司",
      "content": "你这卑鄙的叛徒……"
    },
    {
      "id": 71,
      "model": "그레고르",
      "content": "啊，你应该也上过前线吧。怎么样，真正的我看上去比传单上要好多了吧？"
    },
    {
      "id": 72,
      "teller": "卑鄙的残兵 ",
      "title": "没落的G公司",
      "content": "去你妈的！我一想到曾经对着你的脸敬过礼，就恶心得要死。"
    },
    {
      "id": 73,
      "model": "그레고르",
      "content": "哎呀，又不需要你对着真人敬礼，就别这么说了。"
    },
    {
      "id": 74,
      "teller": "粗野的残兵",
      "title": "没落的G公司",
      "content": "你倒是靠着你那屁大点的特权，摆脱掉副作用，像个正常人一样生活起来了……"
    },
    {
      "id": 75,
      "teller": "粗野的残兵",
      "title": "没落的G公司",
      "content": "我们可完全不一样，你这混帐骗子。刚一战败我们就全被舍弃了。"
    },
    {
      "id": 76,
      "model": "그레고르",
      "content": "……我也一样被抛弃了。所有军人不都一样吗？"
    },
    {
      "id": 77,
      "model": "그레고르",
      "content": "在这之中，你们似乎选择了像被舍弃的虫子一样生存下去吧？"
    },
    {
      "id": 78,
      "model": "오티스",
      "content": "喂！挑衅敌人没有任何好处！"
    },
    {
      "id": 79,
      "model": "그레고르",
      "content": "同为军队出身的你应该心知肚明。"
    },
    {
      "id": 80,
      "model": "그레고르",
      "content": "我们是否要与眼前的这些家伙战斗。"
    },
    {
      "id": 81,
      "teller": "卑鄙的残兵 ",
      "title": "没落的G公司",
      "content": "……本想放你们乖乖离开的。"
    },
    {
      "id": 82,
      "teller": "粗野的残兵",
      "title": "没落的G公司",
      "content": "但现在我要把那个混账叛徒切个稀碎。"
    },
    {
      "id": 83,
      "model": "히스클리프",
      "content": "一群蠢货。如果我们真把脑啡肽拿来了，你们肯定会在背后捅一刀吧。"
    },
    {
      "id": 84,
      "model": "싱클레어",
      "content": "他、他们是这么想的吗？"
    },
    {
      "id": 85,
      "model": "히스클리프",
      "content": "就这么一群堕落到底边中的底边里的东西，你觉得他们还能讲究什么义气？"
    },
    {
      "id": 86,
      "model": "히스클리프",
      "content": "哪怕是那些稍好一些的家伙也会在背后捅人刀子。你最好是别有什么天真的期待。"
    }
  ]
}