{
  "dataList": [
    {
      "id": 0,
      "place": "梅菲斯托费勒斯 内部",
      "content": "巴士的气氛并不是那样地明快。"
    },
    {
      "id": 1,
      "content": "我能听到罗佳无聊的打趣话，或者是希斯克利夫对其他人（可能是堂吉诃德或者辛克莱）毫无意义地找茬之声。"
    },
    {
      "id": 2,
      "content": "还有良秀因为打火机的油用完而喊着要火的声音。"
    },
    {
      "id": 3,
      "content": "在大大小小的骚乱之中，至少格里高尔是唯一一个有意去改变气氛的罪人……"
    },
    {
      "id": 4,
      "model": "그레고르",
      "content": "……"
    },
    {
      "id": 5,
      "content": "但他现在是我们之中最安静的罪人。"
    },
    {
      "id": 6,
      "content": "他好像在沉思些什么，只是直直地呆望着窗外。"
    },
    {
      "id": 7,
      "model": "베르길리우스",
      "content": "……"
    },
    {
      "id": 8,
      "content": "不过有一点可以确定。"
    },
    {
      "id": 9,
      "content": "将巴士上气氛变成这样的罪魁祸首就是维吉里乌斯。"
    },
    {
      "id": 10,
      "content": "我们为了得到那金枝吃了不少苦，"
    },
    {
      "id": 11,
      "content": "几次我们都在死亡的边缘（当然也有人真的死了），更别提我们差点失业的那几次了。"
    },
    {
      "id": 12,
      "content": "维吉里乌斯却完全不想理解。"
    },
    {
      "id": 13,
      "content": "这样一来，巴士内充斥着罪人们的不满也是理所应当的。"
    },
    {
      "id": 14,
      "content": "最后，忍无可忍的以实玛利率先开口了。"
    },
    {
      "id": 15,
      "model": "이스마엘",
      "content": "你差不多该告诉我们下一个目的地是哪里了吧？"
    },
    {
      "id": 16,
      "model": "베르길리우스",
      "content": "哦，不好意思。"
    },
    {
      "id": 17,
      "model": "베르길리우스",
      "content": "我在烦恼，向你们这些家伙说明任务是否真的有价值。"
    },
    {
      "id": 18,
      "model": "로쟈",
      "content": "哈啊，你太让我伤心了。难道你不知道，那些没有达到预期的孩子们需要更多关爱吗？"
    },
    {
      "id": 19,
      "model": "베르길리우스",
      "content": "求求你们了，这回可别让我丢脸。"
    },
    {
      "id": 20,
      "model": "베르길리우스",
      "content": "我可不想看上去像是带着一群乌合之众出门郊游的老师。"
    },
    {
      "id": 21,
      "model": "베르길리우스",
      "content": "我对罗季昂你可是特别寄予厚望的。说不定你会成为这次旅途的好向导呢。"
    },
    {
      "id": 22,
      "model": "로쟈",
      "content": "嗯？我知道自己很厉害啦，但在不熟悉的地方当向导的话还是……"
    },
    {
      "id": 23,
      "model": "베르길리우스",
      "content": "别担心。我们正前往一个你应该相当熟悉的地方。"
    },
    {
      "id": 24,
      "model": "베르길리우스",
      "content": "一个让你纸醉金迷，也能让你一无所有的享乐之巢。"
    },
    {
      "id": 25,
      "model": "베르길리우스",
      "content": "J公司。"
    },
    {
      "id": 26,
      "model": "로쟈",
      "content": "……"
    },
    {
      "id": 27,
      "content": "好，现在连罗佳都闭嘴了。"
    },
    {
      "id": 28,
      "model": "히스클리프",
      "content": "不过，趁这个机会在那里大赢一场应该不错。"
    },
    {
      "id": 29,
      "model": "히스클리프",
      "content": "喂，到了之后来个人叫醒我。"
    },
    {
      "id": 30,
      "model": "베르길리우스",
      "content": "……非常不巧，这次巴士可没法带你们直接抵达支部的门前，亲爱的乘客们。"
    },
    {
      "id": 31,
      "model": "베르길리우스",
      "content": "卡戎，停车。"
    },
    {
      "id": 32,
      "model": "카론",
      "content": "……"
    },
    {
      "id": 33,
      "model": "베르길리우스",
      "content": "……？卡戎？"
    },
    {
      "id": 34,
      "model": "카론",
      "content": "“停车”是什么？"
    },
    {
      "id": 35,
      "model": "베르길리우스",
      "content": "就是停下的意思。"
    },
    {
      "id": 36,
      "model": "카론",
      "content": "停下是红色的。卡戎觉得红色很难吃。"
    },
    {
      "id": 37,
      "content": "卡戎一边嘟囔着，一边突然踩下了刹车，大部分罪人不是从座位上被甩了下来，就是脸撞上了前排的座椅。"
    },
    {
      "id": 38,
      "content": "当然，我也不例外。"
    },
    {
      "id": 39,
      "content": "车厢内怒吼和抱怨交织在一起，爆发了出来。"
    },
    {
      "id": 40,
      "content": "虽然我不清楚罪人们到底喊了些什么……"
    },
    {
      "id": 41,
      "content": "但里面大概都是脏话，所以没听清或许还更好。"
    },
    {
      "id": 42,
      "model": "베르길리우스",
      "content": "你们有精神可真好。下车。"
    },
    {
      "id": 43,
      "model": "홍루",
      "content": "嗯……看来离目的地还很远呢……啊~你会叫辆出租车吗？"
    },
    {
      "id": 44,
      "model": "베르길리우스",
      "content": "……就如浮士德女士等会要详细解释的那样，这次的任务和上次的截然不同，但丁。"
    },
    {
      "id": 45,
      "model": "베르길리우스",
      "content": "这是因为，这次要回收的金枝位于……"
    },
    {
      "id": 46,
      "model": "베르길리우스",
      "content": "赌场的地下。"
    },
    {
      "id": 47,
      "model": "오티스",
      "content": "难道你是说那条街中心的灯火通明的建筑物吗？"
    },
    {
      "id": 48,
      "model": "베르길리우스",
      "content": "没错，就是其中之一。"
    },
    {
      "id": 49,
      "model": "이스마엘",
      "content": "我们上次潜入的脑叶公司支部是一个废弃了很久的地方。"
    },
    {
      "id": 50,
      "model": "싱클레어",
      "content": "所以说……那次是例外情况吗？"
    },
    {
      "id": 51,
      "model": "베르길리우스",
      "content": "这样看来，我们的队伍里也不是没有聪明的员工……\n所以说上次作战到底是怎么失败得那么惨呢。"
    },
    {
      "id": 52,
      "model": "이스마엘",
      "content": "……"
    },
    {
      "id": 53,
      "model": "베르길리우스",
      "content": "金枝是凝聚着数种技术的强大能源。"
    },
    {
      "id": 54,
      "model": "베르길리우스",
      "content": "强大的能源自然会吸引财富和人员，所以不需要多久，其上就会诞生文明。"
    },
    {
      "id": 55,
      "model": "파우스트",
      "content": "也就是说，我们未来要探访的目标也很有可能已经被其他团体占据了。"
    },
    {
      "id": 56,
      "model": "파우스트",
      "content": "……此外，这意味着在赌场之外，我们也该做好造访各种地方的准备。"
    },
    {
      "id": 57,
      "model": "베르길리우스",
      "content": "这也意味着你们的初次任务其实比较简单。虽然你们还是彻底失败了。"
    },
    {
      "id": 58,
      "model": "단테",
      "content": "<……那个人一向都那么记仇吗？>"
    },
    {
      "id": 59,
      "model": "그레고르",
      "content": "……嗯哼。"
    },
    {
      "id": 60,
      "model": "로쟈",
      "content": "别问我哦~我和但丁你认识他的时间都差不多长呢。"
    },
    {
      "id": 61,
      "model": "로쟈",
      "content": "他怎么说的来着？像是“欢迎入职边狱公司，我是向导维吉里乌斯。”之类的……"
    },
    {
      "id": 62,
      "model": "로쟈",
      "content": "哈！刚才的是不是很像他啊？"
    },
    {
      "id": 63,
      "model": "그레고르",
      "content": "这么一说，他还真是高高在上。我差点刚入职就去问能不能交辞职信了。"
    },
    {
      "id": 64,
      "model": "단테",
      "content": "<大概大家的想法都一样吧？>"
    },
    {
      "id": 65,
      "model": "돈키호테",
      "content": "胡说！今日可是值得载入史册！吾等被特色收尾人，猩红凝视本人亲自指挥！此乃，何等的荣光啊……"
    },
    {
      "id": 66,
      "model": "그레고르",
      "content": "啊，不过他似乎还是有个粉丝的。"
    },
    {
      "id": 67,
      "model": "로쟈",
      "content": "嗯哼哼，没错。"
    },
    {
      "id": 68,
      "content": "不知不觉间，罗佳和格里高尔恢复了心情，咯咯笑了起来。"
    },
    {
      "id": 69,
      "model": "베르길리우스",
      "content": "各位，话可太多了。可别让我在巴士上定下第三条规则。"
    },
    {
      "id": 70,
      "model": "로쟈",
      "content": "拜托，员工们偶尔也会说上司的坏话吧。你可太小心眼了。"
    },
    {
      "id": 71,
      "model": "베르길리우스",
      "content": "下一次，希望你们在我这个小心眼听不到的地方说。"
    },
    {
      "id": 72,
      "model": "베르길리우스",
      "content": "我可比看上去要脆弱。"
    },
    {
      "id": 73,
      "model": "베르길리우스",
      "content": "该全员下车了。希望这次你们能手里带着金枝回来。"
    },
    {
      "id": 74,
      "model": "히스클리프",
      "content": "如果这次又失败了会怎样？"
    },
    {
      "id": 75,
      "model": "베르길리우스",
      "content": "说不准呢。也许卡戎会突然忘记哪个按钮能给你们开门。"
    },
    {
      "id": 76,
      "model": "카론",
      "content": "按钮，红色。难吃的颜色。"
    },
    {
      "id": 77,
      "model": "히스클리프",
      "content": "……你这疯子……"
    },
    {
      "id": 78,
      "model": "료슈",
      "content": "下·蠢。"
    },
    {
      "id": 79,
      "model": "히스클리프",
      "content": "什么意思？"
    },
    {
      "id": 80,
      "model": "료슈",
      "content": "“下来吧，蠢货们。”的意思。"
    },
    {
      "id": 81,
      "content": "希斯克利夫对良秀怒目而视，脏话涌上了他的喉咙，不过最后只是向着一边沉重地叹息。"
    },
    {
      "id": 82,
      "content": "似乎意识到杀了她也不能解决问题，他一反常态地妥协了。"
    }
  ]
}