{
  "dataList": [
    {
      "id": 0,
      "place": "当铺街",
      "model": "파우스트",
      "content": "请让我说明此次计划。"
    },
    {
      "id": 1,
      "model": "파우스트",
      "content": "为了到达金枝所在之处，首要任务是所有人不被怀疑地潜入赌场。"
    },
    {
      "id": 2,
      "model": "파우스트",
      "content": "根据我们调查到的信息，入口共有三个。"
    },
    {
      "id": 3,
      "model": "파우스트",
      "content": "一个供普通访客出入的门，一个是只有VIP才能使用的专用通道，而最后一个是供员工使用的后门。"
    },
    {
      "id": 4,
      "model": "파우스트",
      "content": "我们每组各负责一个入口……四人假扮赌场荷官，四人假扮普通客人，其余四人则假扮VIP客人，然后分头潜入。"
    },
    {
      "id": 5,
      "model": "오티스",
      "content": "确实，越集体行动越引人注目。"
    },
    {
      "id": 6,
      "model": "이상",
      "content": "与其聚集一处，不如分散而行。"
    },
    {
      "id": 7,
      "model": "파우스트",
      "content": "请打开分发的信封以确认自己负责扮演的角色。"
    },
    {
      "id": 8,
      "model": "파우스트",
      "content": "此外，如果此次作战仍未能回收金枝，"
    },
    {
      "id": 9,
      "model": "파우스트",
      "content": "高层将担心今后的计划也会出现显著问题。"
    },
    {
      "id": 10,
      "model": "파우스트",
      "content": "因此，这次我们将展开联合作战。"
    },
    {
      "id": 11,
      "model": "단테",
      "content": "<联合？>"
    },
    {
      "id": 12,
      "model": "파우스트",
      "content": "我们的搭档是由更专业和更熟练的人员组成的边狱公司特别部队……"
    },
    {
      "id": 13,
      "model": "파우스트",
      "content": "他们现在被称为LCC，清理部门。在潜入作战方面，他们比我们更加优秀。"
    },
    {
      "id": 14,
      "model": "이스마엘",
      "content": "我还以为现在人就已经够多了呢。"
    },
    {
      "id": 15,
      "model": "그레고르",
      "content": "看来有人终于意识到人数并不重要了。"
    },
    {
      "id": 16,
      "model": "홍루",
      "content": "哇！我还是第一次见其他部门的人员呢。他们在哪儿呢？"
    },
    {
      "id": 17,
      "content": "鸿璐环顾四周，或许是期待着浮士德立刻从什么地方把他们带出来自我介绍。"
    },
    {
      "id": 18,
      "content": "……当然，他东张西望了一会也没人出现。"
    },
    {
      "id": 19,
      "model": "파우스트",
      "content": "我们将前往一间当铺。"
    },
    {
      "id": 20,
      "model": "그레고르",
      "content": "现在还有这种店铺吗？"
    },
    {
      "id": 21,
      "model": "파우스트",
      "content": "这里被称作当铺街，大多数店铺都兼营典当生意。"
    },
    {
      "id": 22,
      "model": "파우스트",
      "content": "那家店就是会合地点。进去吧。"
    }
  ]
}