{
  "dataList": [
    {
      "d": 0,
      "place": "当铺",
      "model": "전당포주인",
      "teller": "当铺老板",
      "title": "J公司 当铺",
      "content": "啊，是不是一次性来太多人了？这当铺本来就够挤了……"
    },
    {
      "d": 1,
      "model": "전당포주인",
      "teller": "当铺老板",
      "title": "J公司 当铺",
      "content": "你们是想看看扑克牌的运势呢，还是麻将的呢？"
    },
    {
      "d": 2,
      "content": "进入当铺之后，迎接我们的是冷淡打着招呼的年老当铺老板。"
    },
    {
      "d": 3,
      "model": "히스클리프",
      "content": "那是什么意思？"
    },
    {
      "d": 4,
      "model": "이스마엘",
      "content": "……难道读了J公司介绍手册的只有我吗？维吉里乌斯先生在出发之前不是说了要读一遍的吗。"
    },
    {
      "d": 5,
      "model": "그레고르",
      "content": "呃，我记得自己就扫了一眼封面……"
    },
    {
      "d": 6,
      "model": "이스마엘",
      "content": "在这里，能当出多少钱取决于你今天的运气。"
    },
    {
      "d": 7,
      "model": "이스마엘",
      "content": "如果你十分幸运，就能拿到额外的钱，然而如果你特别倒霉的话，连本钱都收不回来。"
    },
    {
      "d": 8,
      "model": "홍루",
      "content": "啊~你提醒我了，我们家之前就正式雇佣了算命先生。"
    },
    {
      "d": 9,
      "model": "홍루",
      "content": "我在离家之前抽中的运势是大吉，这一定就是我会和各位相遇的命运征兆。"
    },
    {
      "d": 10,
      "model": "이스마엘",
      "content": "哇哦，原来在富丽堂皇的家中过着悠然自得的生活就是你的命运啊。也许我也该祈祷下辈子生来就能有这种好命了。"
    },
    {
      "d": 11,
      "model": "히스클리프",
      "content": "我就算了。那种家伙其实背地里玩得更脏。"
    },
    {
      "d": 12,
      "model": "홍루",
      "content": "也许你说得对。小时候我就不喜欢和弟弟一起玩。他总是会犯规使坏。"
    },
    {
      "d": 13,
      "model": "히스클리프",
      "content": "不，我想说的完全不是那意思！"
    },
    {
      "d": 14,
      "model": "전당포주인",
      "teller": "当铺老板",
      "title": "J公司 当铺",
      "content": "所以你们到底要不要占卜？"
    },
    {
      "d": 15,
      "model": "전당포주인",
      "teller": "当铺老板",
      "title": "J公司 当铺",
      "content": "话说回来……你们有什么东西可以当的吗？似乎各位身上……"
    },
    {
      "d": 16,
      "content": "当铺老板狐疑地扫视着罪人们，直到视线落到了我身上。"
    },
    {
      "d": 17,
      "model": "전당포주인",
      "teller": "当铺老板",
      "title": "J公司 当铺",
      "content": "哦嚯……那个钟表头看起来还挺值钱的。"
    },
    {
      "d": 18,
      "model": "로쟈",
      "content": "你觉得这能卖多少钱，大爷？"
    },
    {
      "d": 19,
      "model": "단테",
      "content": "<罗佳……为什么要问价钱啊……>"
    },
    {
      "d": 20,
      "model": "파우스트",
      "content": "您可能已经事先得到了联系，我们属于边狱公司……"
    },
    {
      "d": 21,
      "content": "不幸的是，无论是罪人们还是当铺老板，都没在听浮士德说话。"
    },
    {
      "d": 22,
      "model": "홍루",
      "content": "啊，我离开家的时候把这块手帕也一起带出来了……"
    },
    {
      "d": 23,
      "model": "전당포주인",
      "teller": "当铺老板",
      "title": "J公司 当铺",
      "content": "哦嚯……一条绣在丝绸上的龙。这可是相当细致的刺绣，大概值……七百万……眼吧？"
    },
    {
      "d": 24,
      "model": "히스클리프",
      "content": "区区一块破布就值这么多钱？！你眼睛坏掉了吧，老头？！"
    },
    {
      "d": 25,
      "model": "전당포주인",
      "teller": "当铺老板",
      "title": "J公司 当铺",
      "content": "啥？你竟然不懂这么高级的东西吗……呵，居然戴着那种破烂戒指……啧啧。"
    },
    {
      "d": 26,
      "model": "히스클리프",
      "content": "……你刚刚说什么。"
    },
    {
      "d": 27,
      "model": "로쟈",
      "content": "哎呀，吵死了！但丁~让他们安静下来吧~"
    },
    {
      "d": 28,
      "model": "???",
      "content": "你可让我们担心了，浮士德。"
    },
    {
      "d": 29,
      "content": "在当铺一片混乱的噪音之中，一个无比温柔的声音传入了我的耳朵。"
    },
    {
      "d": 30,
      "model": "소드",
      "teller": "？？？",
      "title": "？？？",
      "content": "我们理应在4点钟见面的，但是已经过去15分钟了。你应该不会忘记怎么看表，对吧？"
    },
    {
      "d": 31,
      "model": "파우스트",
      "content": "当然，因为驾驶巴士的并不是我。"
    },
    {
      "d": 32,
      "model": "에피",
      "teller": "？？？",
      "title": "？？？",
      "content": "啊哈，所以你才带着一个钟表人吗？看来他应该是没有闹铃功能了。"
    },
    {
      "d": 33,
      "content": "紧随其后的是一个毫不掩饰鄙夷之情的声音。"
    },
    {
      "d": 34,
      "model": "단테",
      "content": "<喂，有点过分了。明明是初次见面……>"
    },
    {
      "d": 35,
      "content": "尽管我知道罪人之外的人听不见我的声音，但每次仍对这种无礼言论感到不适。"
    },
    {
      "d": 36,
      "model": "에피",
      "teller": "？？？",
      "title": "？？？",
      "content": "哦，是你们啊？就是上次那个搞砸了金枝回收作战的队伍吧？"
    },
    {
      "d": 37,
      "model": "에피",
      "teller": "？？？",
      "title": "？？？",
      "content": "听说都市里屈指可数的天才都在这里了，周围可都对你们的队伍抱有很高的期待啊。"
    },
    {
      "d": 38,
      "model": "소드",
      "teller": "？？？",
      "title": "？？？",
      "content": "难怪……浮士德小姐看起来不是很高兴。"
    },
    {
      "d": 39,
      "model": "파우스트",
      "content": "我的表情一如既往。"
    },
    {
      "d": 40,
      "model": "히스클리프",
      "content": "喂，你为什么一动也不动？这家伙也是头脑派的。别把他无视了。"
    },
    {
      "d": 41,
      "content": "希斯克利夫斜瞥了李箱一眼，不过李箱似乎不感兴趣。"
    },
    {
      "d": 42,
      "model": "이상",
      "content": "不过是毫无意义的炫耀罢了。"
    },
    {
      "d": 43,
      "model": "히스클리프",
      "content": "但你在地下室时不还挺能说的吗？怎么现在又变得那么异常了？"
    },
    {
      "d": 44,
      "model": "이상",
      "content": "本人一直都是李箱。"
    },
    {
      "d": 45,
      "model": "히스클리프",
      "content": "你这……哈啊。算了。"
    },
    {
      "d": 46,
      "model": "파우스트",
      "content": "我们的初次任务原本就是考虑到失败的计划。"
    },
    {
      "d": 47,
      "model": "파우스트",
      "content": "我们需要时间来确认每个人的潜能。"
    },
    {
      "d": 48,
      "model": "그레고르",
      "content": "……是这样的吗？"
    },
    {
      "d": 49,
      "model": "오티스",
      "content": "如果最初就以失败为目的，那么将其称作作战则有些尴尬。"
    },
    {
      "d": 50,
      "model": "소드",
      "teller": "？？？",
      "title": "？？？",
      "content": "维吉里乌斯先生去哪了？我以为能见到那位才答应协助此次作战的。"
    },
    {
      "d": 51,
      "model": "에피",
      "teller": "？？？",
      "title": "？？？",
      "content": "那位一定觉得很丢脸吧。想象一下他和这些人待在一起。"
    },
    {
      "d": 52,
      "model": "히스클리프",
      "content": "嘁……这就是那个混蛋为什么让我们在这么远的地方下车吗？因为他觉得我们很丢人吗？！"
    },
    {
      "d": 53,
      "model": "이스마엘",
      "content": "……为什么我们被贬低成这样也没有人来反驳呢？"
    },
    {
      "d": 54,
      "model": "이스마엘",
      "content": "而且如果不先自我介绍的话，无论是自吹自擂还是虚张声势不就都没有意义了吗？"
    },
    {
      "d": 55,
      "model": "파우스트",
      "content": "这两位将是本次联合作战的协作者。他们来自边狱公司清理部门，也就是所谓的LCC。"
    },
    {
      "d": 56,
      "model": "소드",
      "teller": "索德",
      "title": "LCCB",
      "content": "应该说是清理部的先遣部队。啊，我是索德，然后这位是埃菲。"
    },
    {
      "d": 57,
      "model": "히스클리프",
      "content": "什么，我们是应该鼓掌还是……"
    },
    {
      "d": 58,
      "model": "홍루",
      "content": "哇！见到各位可真高兴！"
    },
    {
      "d": 59,
      "content": "鸿璐是唯一真心实意欢迎他们的人（他几乎要起身鼓掌了）。"
    },
    {
      "d": 60,
      "content": "剩下的人中，一半用冷淡的眼神，另一半则用警戒的眼神看着他们，直到自我介绍结束。"
    }
  ]
}