{
  "dataList": [
    {
      "id": 0,
      "place": "当铺",
      "model": "소드",
      "teller": "索德",
      "title": "LCCB",
      "content": "现在……对于此次作战，我们会用勺子把一切都喂到你们嘴边，而你们只需要张开嘴乖乖吃下去就可以了。"
    },
    {
      "id": 1,
      "model": "소드",
      "teller": "索德",
      "title": "LCCB",
      "content": "确认一下这个信封里的文件，然后按照上面写的一字~不差地去做就可以了。"
    },
    {
      "id": 2,
      "content": "虽然她在“一字~不差”那里无故拖长音的方式让人不爽，但我不准备争辩。"
    },
    {
      "id": 3,
      "content": "就算我真那么做，她除了几声滴答声以外其他什么也听不见。"
    },
    {
      "id": 4,
      "model": "그레고르",
      "content": "怎么回事，你们嘴上说着要联合，却完全没有那个意思，只是想让我们跟着你们行动吧。"
    },
    {
      "id": 5,
      "model": "이스마엘",
      "content": "这太伤人了。他们把我们都当成笨蛋吗？"
    },
    {
      "id": 6,
      "model": "이스마엘",
      "content": "经理，得让这些家伙瞧瞧看……"
    },
    {
      "id": 7,
      "model": "이스마엘",
      "content": "瞧瞧看……"
    },
    {
      "id": 8,
      "model": "이스마엘",
      "content": "……我们执行他们计划的能力，对吧？"
    },
    {
      "id": 9,
      "model": "단테",
      "content": "<诶？>"
    },
    {
      "id": 10,
      "model": "이스마엘",
      "content": "……那些家伙给的文件堪称完美。"
    },
    {
      "id": 11,
      "model": "이스마엘",
      "content": "看这里。连路线都全部画上去了。我很久没见到如此一丝不苟的计划了。"
    },
    {
      "id": 12,
      "model": "오티스",
      "content": "嗯，确实。他们显然知晓如何制定合适的作战计划。"
    },
    {
      "id": 13,
      "model": "오티스",
      "content": "啊，他们当然不能与经理您的深谋远虑相提并论。"
    },
    {
      "id": 14,
      "content": "我被以实玛利的话打动了，打开了他们递来的信封，仔细阅读起了写有作战计划的文件。"
    },
    {
      "id": 15,
      "content": "这次的作战总结如下："
    },
    {
      "id": 16,
      "content": "“抵达赌场顶楼。”"
    },
    {
      "id": 17,
      "content": "此次作战的首要目的是，今日举办的赌博大赛的优胜奖品。"
    },
    {
      "id": 18,
      "content": "似乎只有在赌场顶楼举行的比赛中胜出，通往金枝所在之处的道路才会敞开。"
    },
    {
      "id": 19,
      "content": "参加此次赌博的是四个联合投标这家赌场的帮派……"
    },
    {
      "id": 20,
      "content": "我们要用那之中……最为臭名昭著的帮派的名字，豆……"
    },
    {
      "id": 21,
      "model": "단테",
      "content": "<豆豆帮？>"
    },
    {
      "id": 22,
      "model": "파우스트",
      "content": "名字并不能代表帮派的性质。那只不过是种肤浅的偏见。"
    },
    {
      "id": 23,
      "model": "이상",
      "content": "故意戴上所谓偏见的有色眼镜，可并不理想。"
    },
    {
      "id": 24,
      "model": "단테",
      "content": "<……确实。>"
    },
    {
      "id": 25,
      "content": "……话说回来，我们准备伪装成“豆豆帮”的帮主赢下这次大赛。"
    },
    {
      "id": 26,
      "content": "我们必须下到金枝所在的地下楼层。"
    },
    {
      "id": 27,
      "content": "在此之前，我们得用当铺里的物品，根据分配到的身份伪装成荷官或是VIP客户潜入赌场，再等顶楼的队伍赢下赌局。"
    },
    {
      "id": 28,
      "content": "这些大概就是整个计划的框架……"
    },
    {
      "id": 29,
      "content": "等下。如果在顶楼输掉的话，整个计划不就都泡汤了吗？"
    },
    {
      "id": 30,
      "model": "소드",
      "teller": "索德",
      "title": "LCCB",
      "content": "以防万一，我们还准备好了假身份证。赌场有时会突然检查身份。"
    },
    {
      "id": 31,
      "model": "그레고르",
      "content": "好吧，大体上不错……但你们准备怎么赢下顶楼的赌局呢？"
    },
    {
      "id": 32,
      "model": "에피",
      "teller": "埃菲",
      "title": "LCCB",
      "content": "你在看到我们的衣服后还不明白吗？"
    },
    {
      "id": 33,
      "model": "에피",
      "teller": "埃菲",
      "title": "LCCB",
      "content": "为了能自然地冒充赌场荷官，我们都练了好几个月了。"
    },
    {
      "id": 34,
      "model": "에피",
      "teller": "埃菲",
      "title": "LCCB",
      "content": "我们会发给你们合适的好牌。只要你的眼睛没瞎，就不用担心会输。"
    },
    {
      "id": 35,
      "content": "埃菲重复咕哝了一遍……最后那句话，有些奇怪地看了我们一眼。"
    },
    {
      "id": 36,
      "content": "显而易见地，他对我们毫无信心。"
    },
    {
      "id": 37,
      "model": "그레고르",
      "content": "那我们该怎么伪装成豆豆帮的帮主？"
    },
    {
      "id": 38,
      "model": "소드",
      "teller": "索德",
      "title": "LCCB",
      "content": "赌场提供给他的食物中会被放入安眠药。我们已经和厨师长谈妥了。"
    },
    {
      "id": 39,
      "model": "이상",
      "content": "安眠药……"
    },
    {
      "id": 40,
      "content": "索德和埃菲互相眨了眨眼。"
    },
    {
      "id": 41,
      "content": "这个动作表明他们通过眼神交流就能理解对方的想法，是一对心有灵犀的完美搭档。"
    },
    {
      "id": 42,
      "model": "소드",
      "teller": "索德",
      "title": "LCCB",
      "content": "老板~这个和那个展示台上的货物，都让我们看看呗~"
    },
    {
      "id": 43,
      "model": "전당포주인",
      "teller": "当铺老板",
      "title": "J公司 当铺",
      "content": "诶？啊！啊好，行。当然可以。请尽情看吧。"
    },
    {
      "id": 44,
      "content": "和刚才完全不同，当铺老板的腰都快弯到地上去了。"
    },
    {
      "id": 45,
      "model": "소드",
      "teller": "索德",
      "title": "LCCB",
      "content": "那么，各位请把这里用得上的东西都拿走吧。"
    },
    {
      "id": 46,
      "model": "홍루",
      "content": "哇！这不是古普莎设计师款的胸针吗？"
    },
    {
      "id": 47,
      "model": "전당포주인",
      "teller": "当铺老板",
      "title": "J公司 当铺",
      "content": "哈~竟然有了解这个的人在啊。这可是本店的镇店之宝。仅仅生产了十枚，价值更是……"
    },
    {
      "id": 48,
      "model": "홍루",
      "content": "我家狗狗散步时戴的项圈上也有一个这样的饰品呢。在这里也能见到真是太高兴了！"
    },
    {
      "id": 49,
      "model": "전당포주인",
      "teller": "当铺老板",
      "title": "J公司 当铺",
      "content": "……"
    },
    {
      "id": 50,
      "model": "로쟈",
      "content": "我想要这副牛皮手套。买下它的旧主人绝对是个时尚达人~"
    },
    {
      "id": 51,
      "model": "소드",
      "teller": "索德",
      "title": "LCCB",
      "content": "请按信封里写的拿东西。你们都有自己的角色要扮演。"
    },
    {
      "id": 52,
      "model": "돈키호테",
      "content": "稍等，吾的信封里写的是清洁工，其中是否有什么误会啊！"
    },
    {
      "id": 53,
      "model": "그레고르",
      "content": "好吧，大体上不错……你们打算怎么付钱？"
    },
    {
      "id": 54,
      "model": "에피",
      "teller": "埃菲",
      "title": "LCCB",
      "content": "真是被看扁了啊，你们为何要担心预算？没有什么是刷这张“黑卡”解决不了的。"
    },
    {
      "id": 55,
      "model": "로쟈",
      "content": "但丁！怎么回事？你之前还说我们因为预算不够所以吃不起A5牛排呢！"
    },
    {
      "id": 56,
      "model": "파우스트",
      "content": "所以公司会给表现出众的部门发放一张不限额黑卡的传言是事实。"
    },
    {
      "id": 57,
      "content": "正当所有人都愤慨于黑卡的存在时……"
    },
    {
      "id": 58,
      "content": "外面传来了洪亮的声音。"
    },
    {
      "id": 59,
      "model": "촌스러운말투의콩콩파조직원",
      "teller": "粗鲁的豆豆帮成员",
      "title": "豆豆帮",
      "content": "喂老头！难道你不知道今天要交保护费了吗？"
    },
    {
      "id": 60,
      "content": "一个乍一看就属于某个凶恶帮派的人走到了当铺里。"
    },
    {
      "id": 61,
      "model": "전당포주인",
      "teller": "当铺老板",
      "title": "J公司 当铺",
      "content": "请……请再给我一次机会。下次我一定会交钱的。"
    },
    {
      "id": 62,
      "model": "촌스러운말투의콩콩파조직원",
      "teller": "粗鲁的豆豆帮成员",
      "title": "豆豆帮",
      "content": "再给一次？老头，你连加法都不会吗？之前你也是这么说的！大哥要是看到我在教你个老头学算术，可是会揍死我的！"
    },
    {
      "id": 63,
      "model": "전당포주인",
      "teller": "当铺老板",
      "title": "J公司 当铺",
      "content": "像我这样羸弱的老头，你是压榨不出几滴油水的……！"
    },
    {
      "id": 64,
      "content": "当铺老板发出很大的声音的同时，把目光转向了我们。"
    },
    {
      "id": 65,
      "model": "촌스러운말투의콩콩파조직원",
      "teller": "粗鲁的豆豆帮成员",
      "title": "豆豆帮",
      "content": "嗯？这次声音大了是吧？啊~生气啊，生气！那样我倒更没负罪感了！"
    },
    {
      "id": 66,
      "content": "他的表情仿佛在说你们为什么还不来帮我。"
    },
    {
      "id": 67,
      "content": "罪人们也都自然看向了骚乱发生的地方。"
    },
    {
      "id": 68,
      "model": "촌스러운말투의콩콩파조직원",
      "teller": "粗鲁的豆豆帮成员",
      "title": "豆豆帮",
      "content": "瞅什么呢？看戏呢？！"
    },
    {
      "id": 69,
      "model": "이스마엘",
      "content": "哇啊……这台词都老套到让人懒得理他了。就不能在找茬时更有点创意吗？"
    },
    {
      "id": 70,
      "model": "싱클레어",
      "content": "我们是不是……应该帮个忙？"
    },
    {
      "id": 71,
      "content": "不同于在嘲讽的以实玛利，辛克莱一脸不安地时不时向那边看去。"
    },
    {
      "id": 72,
      "model": "소드",
      "teller": "索德",
      "title": "LCCB",
      "content": "没有办法。后巷有后巷的规矩，那些规矩又会互相纠缠在一起运行，得出属于他们的结果。"
    },
    {
      "id": 73,
      "model": "소드",
      "teller": "索德",
      "title": "LCCB",
      "content": "像我们这样的外人中途插手，也只会引起更多注意。"
    },
    {
      "id": 74,
      "content": "混混对罪人们选择了无视而感到满意，便继续开始了自己的工作。"
    },
    {
      "id": 75,
      "model": "촌스러운말투의콩콩파조직원",
      "teller": "粗鲁的豆豆帮成员",
      "title": "豆豆帮",
      "content": "哼，没钱的话，你就把那东西给我们不就好了？我们都说过多少次了。"
    },
    {
      "id": 76,
      "model": "전당포주인",
      "teller": "当铺老板",
      "title": "J公司 当铺",
      "content": "只、只有那个不行……求求你……"
    },
    {
      "id": 77,
      "model": "단테",
      "content": "<……就这么放任不管真的没问题吗？>"
    },
    {
      "id": 78,
      "model": "오티스",
      "content": "您若是看不下去的话，就由我来处理吧，经理？"
    },
    {
      "id": 79,
      "model": "그레고르",
      "content": "话说回来，“那个”又是什么？"
    },
    {
      "id": 80,
      "model": "파우스트",
      "content": "……此处存在比金钱更具价值的货币。"
    },
    {
      "id": 81,
      "model": "파우스트",
      "content": "J公司的奇点是能够锁住任何事物的强力安保技术。"
    },
    {
      "id": 82,
      "model": "파우스트",
      "content": "不过这项安保技术出现的背景是J巢后巷中悠久的历史和文化背景。"
    },
    {
      "id": 83,
      "model": "히스클리프",
      "content": "历、历史……？你确定要在这里解释这个……？我可不知道入职条件里还有学习啊！"
    },
    {
      "id": 84,
      "content": "浮士德忽略了强烈的反对意见，继续说道。"
    },
    {
      "id": 85,
      "model": "파우스트",
      "content": "此处存在着一项能从人们身上提取“愿力”的技术。"
    },
    {
      "id": 86,
      "model": "파우스트",
      "content": "由于其并未被普遍承认为奇点，这项技术在此区之外鲜为人知。"
    },
    {
      "id": 87,
      "model": "파우스트",
      "content": "即是在买卖一种“运势”。就像货币那样。"
    },
    {
      "id": 88,
      "model": "파우스트",
      "content": "为了让愿力不被强制夺取，保卫它的安保技术便不知不觉间应运而生。进而造就了如今的奇点。"
    },
    {
      "id": 89,
      "model": "에피",
      "teller": "埃菲",
      "title": "LCCB",
      "content": "天啊~浮士德，以这些家伙都能理解的方式教人肯定很费劲吧。"
    },
    {
      "id": 90,
      "model": "파우스트",
      "content": "没关系，这在预料之内。"
    },
    {
      "id": 91,
      "model": "히스클리프",
      "content": "你这语气让我很不舒服……"
    },
    {
      "id": 92,
      "model": "소드",
      "teller": "索德",
      "title": "LCCB",
      "content": "好了好了，我们各自拿上展示台上合适的东西就走吧。"
    },
    {
      "id": 93,
      "content": "那个叫索德的人挥舞着写满计划的纸，强调着我们还有很多事务要忙的事实。"
    },
    {
      "id": 94,
      "model": "소드",
      "teller": "索德",
      "title": "LCCB",
      "content": "我们只是一介员工，可不是什么伸张正义的“英雄”。"
    },
    {
      "id": 95,
      "model": "단테",
      "content": "<等等……那个词不行……！>"
    },
    {
      "id": 96,
      "content": "我的脑海中掠过一阵不祥的预感，便急忙清点起罪人的人数。"
    },
    {
      "id": 97,
      "model": "단테",
      "content": "<那句话……与某人的价值观……相差……甚远……>"
    },
    {
      "id": 98,
      "content": "而且绝对会严重挑衅到……她的价值观……！"
    },
    {
      "id": 99,
      "model": "이스마엘",
      "content": "……！"
    },
    {
      "id": 100,
      "content": "以实玛利似乎理解了我的意思，慌忙向四周望去。"
    },
    {
      "id": 101,
      "model": "돈키호테",
      "content": "汝胆敢强夺他人珍重之物？只能说是恶人的行径！"
    },
    {
      "id": 102,
      "model": "단테",
      "content": "<不行……！堂吉诃德……！>"
    },
    {
      "id": 103,
      "content": "但为时已晚。"
    },
    {
      "id": 104,
      "content": "堂吉诃德像子弹般冲了出去，毫不犹豫地向那正揪着当铺老板衣领的豆豆帮成员挥起手中的长枪。"
    },
    {
      "id": 105,
      "content": "锵！"
    },
    {
      "id": 106,
      "content": "混混完全没有想过会被突袭，长枪的钝侧直击在他的天灵盖上，"
    },
    {
      "id": 107,
      "content": "伴随着爽快的打击声，所有人的目光都盯着无力地倒在地上的混混。"
    },
    {
      "id": 108,
      "model": "소드",
      "teller": "索德",
      "title": "LCCB",
      "content": "……"
    },
    {
      "id": 109,
      "model": "파우스트",
      "content": "啊，顺带一提，管制罪人并非我的份内工作。而是这位的任务。"
    },
    {
      "id": 110,
      "model": "단테",
      "content": "<这样看我也没用。我也没法管制那家伙……>"
    },
    {
      "id": 111,
      "content": "明知道声音不会被罪人以外的人听见，我还是不禁为自己辩护。"
    },
    {
      "id": 112,
      "content": "好吧，就算听到我的辩护，他们目瞪口呆看着我的表情也不会有变。"
    },
    {
      "id": 113,
      "model": "전당포주인",
      "teller": "当铺老板",
      "title": "J公司 当铺",
      "content": "哦哦哦……！"
    },
    {
      "id": 114,
      "content": "唯一为此情形感到高兴的人是当铺老板。"
    },
    {
      "id": 115,
      "model": "전당포주인",
      "teller": "当铺老板",
      "title": "J公司 当铺",
      "content": "哎呀，真不错啊！不过啊，你要是敲得再重些就好了。"
    },
    {
      "id": 116,
      "model": "돈키호테",
      "content": "维吉里乌斯曾言：“惩治恶人的话倒无所谓，但若是把与作战无关的人员牵扯进来可就麻烦了。”！因此吾控制力度了！"
    },
    {
      "id": 117,
      "content": "她那自我满足的表情，不由让人十分厌恶。"
    },
    {
      "id": 118,
      "model": "단테",
      "content": "<喂，你既然把那话记得这么牢，怎么还冲了上去？>"
    },
    {
      "id": 119,
      "model": "돈키호테",
      "content": "此乃吾坚守信条之必要，烦请理解！"
    },
    {
      "id": 120,
      "model": "전당포주인",
      "teller": "当铺老板",
      "title": "J公司 当铺",
      "content": "话说回来……这家伙，不会是死了吧？"
    },
    {
      "id": 121,
      "model": "그레고르",
      "content": "大爷，可你到刚才为止都还很遗憾呢？"
    },
    {
      "id": 122,
      "model": "전당포주인",
      "teller": "当铺老板",
      "title": "J公司 当铺",
      "content": "话虽如此……但是如果“圣愚”的人出面的话，事情会变得很麻烦的。"
    },
    {
      "id": 123,
      "model": "로쟈",
      "content": "“圣愚”？那些家伙在这里干嘛……算了，比起这些你担心他们干什么？"
    },
    {
      "id": 124,
      "model": "전당포주인",
      "teller": "当铺老板",
      "title": "J公司 当铺",
      "content": "啊呀，您的消息不是很灵通啊。他们已经在这里惹了几个月的麻烦了。"
    },
    {
      "id": 125,
      "model": "돈키호테",
      "content": "他们也是恶人吗？！"
    },
    {
      "id": 126,
      "model": "전당포주인",
      "teller": "当铺老板",
      "title": "J公司 当铺",
      "content": "哦，对我们来说确实是恶人。怎么说来着，他们要打跑敛财的商贩，再把钱分给穷人。好像是什么的再分配……"
    },
    {
      "id": 127,
      "model": "뫼르소",
      "content": "财富的再分配。"
    },
    {
      "id": 128,
      "model": "전당포주인",
      "teller": "当铺老板",
      "title": "J公司 当铺",
      "content": "啊啊~没错，就是那个。哎呦，我们哪有那么多钱啊。那些脏活他们都不自己干的，每次都是让那帮流氓出面。"
    },
    {
      "id": 129,
      "model": "전당포주인",
      "teller": "当铺老板",
      "title": "J公司 当铺",
      "content": "总之，他们仗着自己在做好事就一副趾高气扬的样子，让我们很难办啊。虽然最初他们看上去是在找什么东西，现在却只是在夺取钱财……"
    },
    {
      "id": 130,
      "model": "로쟈",
      "content": "……啊！对、对了。我们现在该溜了吧？说不定豆豆帮马上就要来了。"
    },
    {
      "id": 131,
      "content": "罗佳似乎急着打断老板的话，但在这个情况下我没有时间细想这件事。"
    },
    {
      "id": 132,
      "content": "在说这话的同时，被堂吉诃德打倒的混混也在慢慢抽动，似乎很快就能恢复意识站起来了。"
    },
    {
      "id": 133,
      "model": "에피",
      "teller": "埃菲",
      "title": "LCCB",
      "content": "唉，头疼……你们只会没事找事。"
    },
    {
      "id": 134,
      "model": "그레고르",
      "content": "喂，是叫玛芬和苏打吧？别露出那种表情了。当铺不是到处都有吗？我们总能找到别的……"
    },
    {
      "id": 135,
      "model": "소드",
      "teller": "索德",
      "title": "LCCB",
      "content": "是埃菲和索德。麻烦别把我们的名字跟甜品弄混了。"
    },
    {
      "id": 136,
      "model": "소드",
      "teller": "索德",
      "title": "LCCB",
      "content": "然后，当铺到处都有也就意味着……"
    },
    {
      "id": 137,
      "model": "소드",
      "teller": "索德",
      "title": "LCCB",
      "content": "所有注意到这场骚乱的店铺很快便准备关门了……"
    },
    {
      "id": 138,
      "model": "단테",
      "content": "<堂吉诃德……！>"
    },
    {
      "id": 139,
      "model": "에피",
      "teller": "埃菲",
      "title": "LCCB",
      "content": "给蠢货们一一说明已经很累了。赶紧走吧。"
    },
    {
      "id": 140,
      "content": "正当我们要离开之时，一个衣着与我们之前打倒的人一样（而且脸上的表情也差不多）的人走进了当铺。"
    },
    {
      "id": 141,
      "model": "세보이고싶었던콩콩파조직원",
      "teller": "想表现得很强壮的豆豆帮成员",
      "title": "豆豆帮",
      "content": "喂老头，你见着我们的小弟……"
    },
    {
      "id": 142,
      "model": "세보이고싶었던콩콩파조직원",
      "teller": "想表现得很强壮的豆豆帮成员",
      "title": "豆豆帮",
      "content": "小瘦！这到底怎么回事？！"
    },
    {
      "id": 143,
      "content": "我们十分努力地装作只是偶然光临当铺的友善顾客。"
    },
    {
      "id": 144,
      "content": "但时机也太巧了，倒下的混混逐渐恢复起了意识……"
    },
    {
      "id": 145,
      "model": "세보이고싶었던콩콩파조직원",
      "teller": "想表现得很强壮的豆豆帮成员",
      "title": "豆豆帮",
      "content": "哪个家伙干的！赶紧承认！我要把你的四肢都砍下来！"
    },
    {
      "id": 146,
      "model": "촌스러운말투의콩콩파조직원",
      "teller": "想表现得很强壮的豆豆帮成员",
      "title": "豆豆帮",
      "content": "唔……是那……那个……"
    },
    {
      "id": 147,
      "model": "촌스러운말투의콩콩파조직원",
      "teller": "想表现得很强壮的豆豆帮成员",
      "title": "豆豆帮",
      "content": "红色的……钟婊头……"
    },
    {
      "id": 148,
      "content": "那根手指指向的方向实在是太明确了，以至于我完全没法蒙混过关，"
    },
    {
      "id": 149,
      "content": "而且，说自己根本不认识什么“红色的钟婊头”也完全讲不通，因为整个区内除了我以外没有任何人符合这一描述。"
    },
    {
      "id": 150,
      "model": "전당포주인",
      "teller": "当铺老板",
      "title": "J公司 当铺",
      "content": "怕您误会所以说一句，我可什么都不知道。我正要拿条毛巾冰敷一下这个可怜人的脑袋。"
    },
    {
      "id": 151,
      "model": "히스클리프",
      "content": "这个狡猾的老头……"
    },
    {
      "id": 152,
      "model": "이스마엘",
      "content": "虽然我就没对他有什么期待，但是这家伙做人真是挺不直腰杆。"
    },
    {
      "id": 153,
      "content": "虽然当铺老板临阵倒戈和侮辱钟表的发言（虽然这也不是我的错）让我有点伤心，但我还是决定采取坚定的态度。"
    },
    {
      "id": 154,
      "model": "세보이고싶었던콩콩파조직원",
      "teller": "想表现得很强壮的豆豆帮成员",
      "title": "豆豆帮",
      "content": "喂……那边的小东西……停。别动。"
    },
    {
      "id": 155,
      "content": "因为很明显，现在我们得马上跑路了。"
    },
    {
      "id": 156,
      "content": "如果再让这些小事缠身，我的脑子就要糊成一团了。"
    },
    {
      "id": 157,
      "model": "료슈",
      "content": "呵。为何要跑。干掉他们，一了百了。"
    },
    {
      "id": 158,
      "model": "에피",
      "teller": "埃菲",
      "title": "LCCB",
      "content": "怎么，你是想彻底剿灭整个豆豆帮吗？"
    },
    {
      "id": 159,
      "model": "료슈",
      "content": "哼。那也不错。"
    },
    {
      "id": 160,
      "model": "돈키호테",
      "content": "恶党们必须被连根拔起，才能竖起正义的旗帜！"
    },
    {
      "id": 161,
      "model": "에피",
      "teller": "埃菲",
      "title": "LCCB",
      "content": "那个，你们之中真的没有精神正常的员工吗？"
    },
    {
      "id": 162,
      "content": "被这句话侮辱到的以实玛利似乎试图反驳，但是正从怀中取出武器的豆豆帮混混显然更加十万火急。"
    },
    {
      "id": 163,
      "model": "단테",
      "content": "<总之还是……>"
    },
    {
      "id": 164,
      "model": "단테",
      "content": "<总之还是先出去吧！>"
    }
  ]
}