{
  "dataList": [
    {
      "id": 0,
      "place": "当铺街",
      "content": "和索德预料的一样，为了避免被卷入骚乱，街边的当铺全都关门了。"
    },
    {
      "id": 1,
      "model": "세보이고싶었던콩콩파조직원",
      "teller": "想表现得很强壮的豆豆帮成员",
      "title": "豆豆帮",
      "content": "你们这些混蛋！！站住别动！！"
    },
    {
      "id": 2,
      "model": "세보이고싶었던콩콩파조직원",
      "teller": "想表现得很强壮的豆豆帮成员",
      "title": "豆豆帮",
      "content": "你们这些杂碎觉得打完了我们家族的人还能全身而退吗？"
    },
    {
      "id": 3,
      "model": "이스마엘",
      "content": "那种团体为什么非得以家人互称呢？是因为要生造出并不存在的纽带吗？"
    },
    {
      "id": 4,
      "model": "세보이고싶었던콩콩파조직원",
      "teller": "想表现得很强壮的豆豆帮成员",
      "title": "豆豆帮",
      "content": "看看你们在我们这宝贝小弟头上弄的包！"
    },
    {
      "id": 5,
      "model": "이스마엘",
      "content": "……"
    },
    {
      "id": 6,
      "model": "에피",
      "teller": "埃菲",
      "title": "LCCB",
      "content": "天啊……这些根本不在计划之内……"
    },
    {
      "id": 7,
      "content": "埃菲捂着前额，看起来像是在头疼。"
    },
    {
      "id": 8,
      "content": "我本想建议他，如果光这点程度就会头疼的话就该常备止痛药，不过还是忍住了。"
    },
    {
      "id": 9,
      "content": "毕竟像我这样没有头的人这么说也没有说服力。"
    },
    {
      "id": 10,
      "model": "오티스",
      "content": "喂你们俩，一直都觉得我们是没用的垃圾吧？"
    },
    {
      "id": 11,
      "model": "오티스",
      "content": "我知道你们一向把我们看作满是垃圾的污水处理厂！"
    },
    {
      "id": 12,
      "model": "그레고르",
      "content": "没人说到过那种程度，奥提斯……"
    },
    {
      "id": 13,
      "model": "오티스",
      "content": "但你们难道不在意，为什么是由我们部门来负责回收金枝这个重大任务吗？"
    },
    {
      "id": 14,
      "model": "에피",
      "teller": "埃菲",
      "title": "LCCB",
      "content": "为、为什……么？"
    },
    {
      "id": 15,
      "content": "即便是埃菲也被奥提斯理直气壮的态度吓了一跳。"
    },
    {
      "id": 16,
      "model": "오티스",
      "content": "虽然我也觉得其他人是浸透了污水的垃圾……"
    },
    {
      "id": 17,
      "model": "그레고르",
      "content": "那个，其实只有你是那么想的……"
    },
    {
      "id": 18,
      "model": "싱클레어",
      "content": "奥、奥提斯女士原来一直都是这么看我们的……"
    },
    {
      "id": 19,
      "model": "오티스",
      "content": "我从未有过败绩，经理也有着接近不死的复苏能力。"
    },
    {
      "id": 20,
      "model": "오티스",
      "content": "实际上，有我们二人就足够了。虽然那个叫维吉里乌斯的家伙和我想法不同……"
    },
    {
      "id": 21,
      "model": "오티스",
      "content": "不论如何，即使经过无数次战斗这些垃圾们也不会被丢弃。只会像垃圾那样原封不动地复活。"
    },
    {
      "id": 22,
      "model": "그레고르",
      "content": "……唉。"
    },
    {
      "id": 23,
      "model": "이스마엘",
      "content": "虽然你说得很帅，但最终不还是把我们当成垃圾了嘛。"
    },
    {
      "id": 24,
      "model": "에피",
      "teller": "埃菲",
      "title": "LCCB",
      "content": "……一帮白痴。"
    },
    {
      "id": 25,
      "model": "오티스",
      "content": "敌人正在逼近。您准备好了吗，经理？"
    }
  ]
}