{
  "dataList": [
    {
      "id": 0,
      "place": "10区 后巷",
      "model": "히스클리프",
      "content": "妈的，这帮人别再蹦出来了！"
    },
    {
      "id": 1,
      "model": "히스클리프",
      "content": "我们在抵达赌场之前就要累死了。"
    },
    {
      "id": 2,
      "model": "홍루",
      "content": "请放心，希斯克利夫。只要经理在，我们就不会累死的……"
    },
    {
      "id": 3,
      "model": "히스클리프",
      "content": "那种事情谁都知道！#@$@#$！！！"
    },
    {
      "id": 4,
      "model": "뫼르소",
      "content": "解决方法很简单。不论何种帮派，只要消灭头目，\n支撑其的血肉也会分崩离析。"
    },
    {
      "id": 5,
      "model": "히스클리프",
      "content": "你，是这里唯一一个说出我心里话的。"
    },
    {
      "id": 6,
      "model": "히스클리프",
      "content": "我快烦死了，管他什么头啊血啊肉啊，全打烂不就好了。"
    },
    {
      "id": 7,
      "model": "돈키호테",
      "content": "来吧，就此前进！"
    },
    {
      "id": 8,
      "model": "에피",
      "teller": "埃菲",
      "title": "LCCB",
      "content": "等等！都给我回来！"
    },
    {
      "id": 9,
      "model": "에피",
      "teller": "埃菲",
      "title": "LCCB",
      "content": "……浮士德，你必须得和这群菜鸟们一起行动吗？"
    },
    {
      "id": 10,
      "model": "파우스트",
      "content": "人生总是充满疑问。"
    },
    {
      "id": 11,
      "model": "이상",
      "content": "也可以说那很理想。"
    },
    {
      "id": 12,
      "model": "히스클리프",
      "content": "你们的老大在哪！让他马上滚出来！"
    },
    {
      "id": 13,
      "content": "希斯克利夫揪着一个已经失去意识的混混的衣领用力摇晃。"
    },
    {
      "id": 14,
      "content": "……也许不仅仅是失去了意识。"
    },
    {
      "id": 15,
      "model": "세보이고싶었던콩콩파조직원",
      "teller": "想表现得很强壮的豆豆帮成员",
      "title": "豆豆帮",
      "content": "我们的大哥……在汽车塔那里……"
    },
    {
      "id": 16,
      "model": "히스클리프",
      "content": "汽车塔？汽车塔在哪？！说清楚点！"
    },
    {
      "id": 17,
      "model": "에피",
      "teller": "埃菲",
      "title": "LCCB",
      "content": "大概是附近的那个废车场吧。"
    },
    {
      "id": 18,
      "model": "에피",
      "teller": "埃菲",
      "title": "LCCB",
      "content": "话说回来，你们真的要干掉豆豆帮的头目吗？"
    },
    {
      "id": 19,
      "model": "에피",
      "teller": "埃菲",
      "title": "LCCB",
      "content": "而且那可不会算在你们的人事考核里啊。明白了吗？"
    },
    {
      "id": 20,
      "model": "이스마엘",
      "content": "那个人可没有把那种事情考虑到行动中去的脑子。"
    },
    {
      "id": 21,
      "model": "오티스",
      "content": "他就是个与计谋和方案毫不相干的废物。反倒是和荒唐的事情有关。"
    },
    {
      "id": 22,
      "model": "소드",
      "teller": "索德",
      "title": "LCCB",
      "content": "不……我觉得那也许并不荒唐。"
    },
    {
      "id": 23,
      "model": "소드",
      "teller": "索德",
      "title": "LCCB",
      "content": "没问题的，埃菲。我们不总是准备好了计划B吗？"
    },
    {
      "id": 24,
      "content": "索德一脸温和地继续说道。"
    },
    {
      "id": 25,
      "content": "但是，我不时能注意到她在刻意保持平静，这让我觉得她温和的外表或许只是演出来的罢了。"
    },
    {
      "id": 26,
      "model": "소드",
      "teller": "索德",
      "title": "LCCB",
      "content": "既然各位的伪装已经没戏了……"
    },
    {
      "id": 27,
      "model": "소드",
      "teller": "索德",
      "title": "LCCB",
      "content": "那你们可以直接扮成豆豆帮成员上去。"
    },
    {
      "id": 28,
      "model": "소드",
      "teller": "索德",
      "title": "LCCB",
      "content": "这样就算是抱团行动也不会引人注目，而且还能很简单地潜入顶楼。"
    },
    {
      "id": 29,
      "model": "소드",
      "teller": "索德",
      "title": "LCCB",
      "content": "我们顺便还能夺走豆豆帮的愿力。"
    }
  ]
}