{
  "dataList": [
    {
      "id": 0,
      "place": "10区 后巷",
      "model": "료슈",
      "content": "可笑的对手。完全算不上什么。"
    },
    {
      "id": 1,
      "model": "에피",
      "teller": "埃菲",
      "title": "LCCB",
      "content": "豆豆帮是控制着这一带的团伙。这肯定不是最后一次战……"
    },
    {
      "id": 2,
      "content": "埃菲还没说完，就有更多的豆豆帮成员从巷子之间涌了出来。"
    },
    {
      "id": 3,
      "model": "세보이고싶었던콩콩파조직원",
      "teller": "想表现得很强壮的豆豆帮成员",
      "title": "豆豆帮",
      "content": "哪来的玩意儿，敢对我们的帮派动手！"
    },
    {
      "id": 4,
      "model": "돈키호테",
      "content": "吾等乃是边狱……唔……"
    },
    {
      "id": 5,
      "content": "埃菲飞快地捂住了堂吉诃德的嘴。"
    },
    {
      "id": 6,
      "model": "에피",
      "teller": "埃菲",
      "title": "LCCB",
      "content": "你疯了吗？你想在后巷里把我们广而告之吗？"
    },
    {
      "id": 7,
      "model": "오티스",
      "content": "敌人又来了！经理，请指示！"
    }
  ]
}