{
  "dataList": [
    {
      "id": 0,
      "place": "赌场 入口",
      "model": "콩콩이파보스",
      "teller": "豆豆帮老大",
      "title": "豆豆帮",
      "content": "嗯？怎么了？"
    },
    {
      "id": 1,
      "model": "콩을싫어하는콩콩파조직원",
      "teller": "讨厌豆子的豆豆帮成员",
      "title": "豆豆帮",
      "content": "大哥！一群身份不明的家伙们突然闯进来了！"
    },
    {
      "id": 2,
      "model": "콩콩이파보스",
      "teller": "豆豆帮老大",
      "title": "豆豆帮",
      "content": "谁让你们来的？你们的衣服看上去也不是哈瓦那帮或者肉铺帮那些家伙们啊……"
    },
    {
      "id": 3,
      "model": "콩콩이파보스",
      "teller": "豆豆帮老大",
      "title": "豆豆帮",
      "content": "如果你们现在跪下来求饶的话，我至少会让你们手脚完好地离开。"
    },
    {
      "id": 4,
      "model": "이상",
      "content": "……若你能顺从地把身上的衣服脱下，我们会就此离去。"
    },
    {
      "id": 5,
      "model": "그레고르",
      "content": "虽然这听上去有点奇怪啦。"
    },
    {
      "id": 6,
      "model": "콩을싫어하는콩콩파조직원",
      "teller": "讨厌豆子的豆豆帮成员",
      "title": "豆豆帮",
      "content": "大哥……他们好像是传闻里……那个会用别人体味做些变态事情的……团伙。"
    },
    {
      "id": 7,
      "model": "콩콩이파보스",
      "teller": "豆豆帮老大",
      "title": "豆豆帮",
      "content": "呃……恶心的家伙们……怎么能活成这样……"
    },
    {
      "id": 8,
      "content": "现在，那个被叫作大哥的人肯定已经打心眼里觉得我们无比肮脏了。"
    },
    {
      "id": 9,
      "model": "단테",
      "content": "<……我从未如此真切地渴望胜利。>"
    }
  ]
}