{
  "dataList": [
    {
      "id": 0,
      "place": "赌场 入口",
      "model": "콩콩이파보스",
      "teller": "豆豆帮老大",
      "title": "豆豆帮",
      "content": "你们……这群该死的蟑螂……"
    },
    {
      "id": 1,
      "model": "콩콩이파보스",
      "teller": "豆豆帮老大",
      "title": "豆豆帮",
      "content": "你们到底是哪里来的……现在总能……说了吧……"
    },
    {
      "id": 2,
      "model": "그레고르",
      "content": "我们是……"
    },
    {
      "id": 3,
      "model": "그레고르",
      "content": "边狱公司来的。"
    },
    {
      "id": 4,
      "model": "그레고르",
      "content": "可算是把这话说出来了。"
    },
    {
      "id": 5,
      "model": "콩콩이파보스",
      "teller": "豆豆帮老大",
      "title": "豆豆帮",
      "content": "所以……你说的……到底是哪里啊……！"
    },
    {
      "id": 6,
      "model": "소드",
      "teller": "索德",
      "title": "LCCB",
      "content": "啊，顺带一提，我和埃菲跟这些人可不是一个部门的。请不要混为一谈哦。"
    },
    {
      "id": 7,
      "model": "콩콩이파보스",
      "teller": "豆豆帮老大",
      "title": "豆豆帮",
      "content": "……"
    },
    {
      "id": 8,
      "content": "那个被叫做老大的人会晕倒，很大程度上是因为与我们的对话过于让人恼火了吧。"
    },
    {
      "id": 9,
      "content": "可以的话我真想好好安慰他。"
    },
    {
      "id": 10,
      "model": "로쟈",
      "content": "不过我们真得穿上这衣服吗？这上面全是汗味和血味……还有一股霉味，恶心死了。"
    },
    {
      "id": 11,
      "content": "罗佳像捡垃圾一样拈起从豆豆帮身上剥下的衬衫，抱怨道。"
    },
    {
      "id": 12,
      "model": "로쟈",
      "content": "唔，还沾着毛……我还是第一次这么羡慕但丁没有眼睛。"
    },
    {
      "id": 13,
      "model": "단테",
      "content": "<我看得见……>"
    },
    {
      "id": 14,
      "model": "에피",
      "teller": "埃菲",
      "title": "LCCB",
      "content": "质量……看起来比想象中要好啊？这些家伙的生意兴许比我以为的更好。"
    },
    {
      "id": 15,
      "model": "료슈",
      "content": "跟我换。拿来。"
    },
    {
      "id": 16,
      "model": "에피",
      "teller": "埃菲",
      "title": "LCCB",
      "content": "这、这是量身定做的衣服，所以不行啊。"
    },
    {
      "id": 17,
      "model": "단테",
      "content": "<……可标签上写的是均码。>"
    },
    {
      "id": 18,
      "content": "埃菲注意到我一直盯着他衣服上的标签，突然火冒三丈。"
    },
    {
      "id": 19,
      "model": "에피",
      "teller": "埃菲",
      "title": "LCCB",
      "content": "呼……要、要不是你们在当铺那里惹事，我们哪里还会这么辛苦。"
    },
    {
      "id": 20,
      "model": "홍루",
      "content": "没关系。我一直想穿这种衣服，哪怕就一次也行。简直像是在拍电影一样。"
    },
    {
      "id": 21,
      "model": "이스마엘",
      "content": "我有点紧张，因为很久没有伪装潜入过了。"
    },
    {
      "id": 22,
      "model": "료슈",
      "content": "我可不喜欢。这是懦夫之举。"
    },
    {
      "id": 23,
      "model": "소드",
      "teller": "索德",
      "title": "LCCB",
      "content": "抱歉，请问有谁能让这人闭嘴吗？"
    },
    {
      "id": 24,
      "model": "그레고르",
      "content": "……如果你做好被砍断肋骨的觉悟的话，大可以试试。"
    },
    {
      "id": 25,
      "content": "听见格里高尔的低声回敬，罪人们都窃笑了起来。"
    },
    {
      "id": 26,
      "content": "而埃菲和索德，都露出了不知该如何理解那这句话的表情……"
    },
    {
      "id": 27,
      "content": "不过他们很快便觉得这根本无关紧要，便恢复了表情，拿起了一个似乎是螺钿的小盒子。"
    },
    {
      "id": 28,
      "model": "에피",
      "teller": "埃菲",
      "title": "LCCB",
      "content": "……这是我们从豆豆帮老大手里拿到的愿望罐。"
    },
    {
      "id": 29,
      "model": "에피",
      "teller": "埃菲",
      "title": "LCCB",
      "content": "经理，有个简单的任务要交给你。"
    },
    {
      "id": 30,
      "model": "단테",
      "content": "<你在说……？>"
    },
    {
      "id": 31,
      "model": "소드",
      "teller": "索德",
      "title": "LCCB",
      "content": "看你那副不知道我们在说什么的样子，我们似乎有必要解释一下。"
    },
    {
      "id": 32,
      "model": "에피",
      "teller": "埃菲",
      "title": "LCCB",
      "content": "可以说这个罐子中有着J公司的奇点。它是能够吸取人们的“愿望”并将其以能量形式储存的工具。"
    },
    {
      "id": 33,
      "model": "소드",
      "teller": "索德",
      "title": "LCCB",
      "content": "只要在合适的时机抽出一张纸状的愿望，锵锵！一张贴上就能带来好运的一次性纹身贴就会出现。"
    },
    {
      "id": 34,
      "model": "에피",
      "teller": "埃菲",
      "title": "LCCB",
      "content": "看来他们在搜刮别人的运气，然后拿下顶层的赌局……这种货色的帮派竟然有着这样的东西。"
    },
    {
      "id": 35,
      "model": "에피",
      "teller": "埃菲",
      "title": "LCCB",
      "content": "经理……你是叫但丁吧？在我们进入赌场时由你来保管它。"
    },
    {
      "id": 36,
      "model": "단테",
      "content": "<把这么重要的任务交给我真的行吗？>"
    },
    {
      "id": 37,
      "model": "에피",
      "teller": "埃菲",
      "title": "LCCB",
      "content": "虽然你看上去没什么自信，但指定你是有理由的。"
    },
    {
      "id": 38,
      "model": "에피",
      "teller": "埃菲",
      "title": "LCCB",
      "content": "第一。在赌博中最重要的是有一张扑克脸。"
    },
    {
      "id": 39,
      "model": "에피",
      "teller": "埃菲",
      "title": "LCCB",
      "content": "不论是多么善于察言观色的家伙，都没法读出钟表的表情。"
    },
    {
      "id": 40,
      "model": "단테",
      "content": "<……>"
    },
    {
      "id": 41,
      "model": "에피",
      "teller": "埃菲",
      "title": "LCCB",
      "content": "第二，我觉得你成为经理是有一定理由的。"
    },
    {
      "id": 42,
      "model": "에피",
      "teller": "埃菲",
      "title": "LCCB",
      "content": "模糊的直觉告诉我，你会比那些罪人们更有用。"
    },
    {
      "id": 43,
      "content": "想想也确实如此。"
    },
    {
      "id": 44,
      "content": "我虽然以经理的头衔入职，但别说散发领袖魅力了，反倒时常被罪人们威胁与无视，"
    },
    {
      "id": 45,
      "content": "除了复活他们以外，连一件像样的任务都没有交给我过。"
    },
    {
      "id": 46,
      "content": "当罪人们在前线汗流浃背地战斗时，我只能在后方焦急地祈祷他们的心脏或者大脑不会被流弹贯穿。"
    },
    {
      "id": 47,
      "content": "我怀着沉重的心情点了点头。"
    },
    {
      "id": 48,
      "model": "에피",
      "teller": "埃菲",
      "title": "LCCB",
      "content": "好了。把这个贴在胳膊上。此后的一小段时间内，你就是全世界最幸运的人。"
    },
    {
      "id": 49,
      "model": "소드",
      "teller": "索德",
      "title": "LCCB",
      "content": "很好，各位就是豆豆帮，我们就是荷官。全力完成各自的工作吧。"
    },
    {
      "id": 50,
      "content": "于是我们抱着一定要让这次作战成功的决心，"
    },
    {
      "id": 51,
      "content": "打开了赌场的大门。"
    }
  ]
}