{
  "dataList": [
    {
      "id": 0,
      "place": "赌场 1楼",
      "content": "赌场中杂乱无章。"
    },
    {
      "id": 1,
      "content": "老虎机响着有些过于轻快的音效，"
    },
    {
      "id": 2,
      "content": "灯光过于明亮，以至于让部分罪人用手挡住了双眼。"
    },
    {
      "id": 3,
      "content": "警卫们见到我们这从远处看依旧显眼的服饰，如平常一般向我们点头致意，"
    },
    {
      "id": 4,
      "content": "乔装成赌场荷官的索德和埃菲，在和罗佳一起去交换筹码的时候，悄悄地向我们点头。"
    },
    {
      "id": 5,
      "content": "他们一瞬改变的举手投足简直就像是长期在这里工作的人般，这让我不禁为他们的本领而惊讶。"
    },
    {
      "id": 6,
      "model": "돈키호테",
      "content": "这……这个闪闪发亮的机器到底是什么？"
    },
    {
      "id": 7,
      "model": "그레고르",
      "content": "别瞪着眼睛到处乱晃了，堂吉诃德。会引起怀疑的……"
    },
    {
      "id": 8,
      "model": "이스마엘",
      "content": "这些顾客的眼神都像是死了一般。而且身上的味道比豆豆帮的还恶心。是没洗澡吗……"
    },
    {
      "id": 9,
      "model": "그레고르",
      "content": "别那么露骨地捂着鼻子，以实玛利……"
    },
    {
      "id": 10,
      "model": "이스마엘",
      "content": " 但是，这么难闻的味道我以前只在甲板水手之类的人身上闻到过……"
    },
    {
      "id": 11,
      "content": "幸运的是，大多数人都专注于机子而非我们身上。"
    },
    {
      "id": 12,
      "model": "돈키호테",
      "content": "经理老爷！您曾见过这样的东西吗？"
    },
    {
      "id": 13,
      "model": "돈키호테",
      "content": "吾应当怎么做才能同他们一样听到这种好听的声音呢？"
    },
    {
      "id": 14,
      "model": "단테",
      "content": "<我觉得自己大概也是第一次来这种地方，所以也不是很清楚……>"
    },
    {
      "id": 15,
      "content": "望着那些流转不止的图案和数字，我那扮演严肃经理的决心也渐渐溶解了。"
    },
    {
      "id": 16,
      "model": "단테",
      "content": "<稍、稍微看一下吧？>"
    },
    {
      "id": 17,
      "model": "돈키호테",
      "content": "此处写着按下按钮！只要按下去就可以了吧？"
    },
    {
      "id": 18,
      "content": "我以自己的时针和分针起誓，我本来是绝对没有按下按钮的念头的。"
    },
    {
      "id": 19,
      "content": "我迅速伸出手想阻止堂吉诃德的行动，然而却不小心滑到了按钮上。"
    },
    {
      "id": 20,
      "model": "단테",
      "content": "<糟了！>"
    },
    {
      "id": 21,
      "content": "在一连串的机缘巧合下，那台老虎机里残留着某个人留下的硬币，还剩一次启动机会。"
    },
    {
      "id": 22,
      "content": "伴随着高昂的音乐，图像开始转动……"
    },
    {
      "id": 23,
      "content": "而我们那时只能呆呆地看着它。"
    },
    {
      "id": 24,
      "model": "소드",
      "teller": "索德",
      "title": "LCCB",
      "content": "说起来，但丁经理还好好地贴着从豆豆帮那里回收的愿望贴纸吧？"
    },
    {
      "id": 25,
      "model": "에피",
      "teller": "埃菲",
      "title": "LCCB",
      "content": "你说那个叫经理的人？这是我们交给他的唯一任务，他总该能做好的吧。"
    },
    {
      "id": 26,
      "model": "로쟈",
      "content": "你们可以信任但丁哦~他可是少数能跟我聊得来的懂事理的人之一。"
    },
    {
      "id": 27,
      "model": "소드",
      "teller": "索德",
      "title": "LCCB",
      "content": "那就好。一次性贴上那么多愿望的话，想必无论什么游戏他都能轻松取胜吧。"
    },
    {
      "id": 28,
      "model": "소드",
      "teller": "索德",
      "title": "LCCB",
      "content": "最重要的是，只要别在这里引起注意就好。"
    },
    {
      "id": 29,
      "content": "头~奖！"
    },
    {
      "id": 30,
      "content": "旁边的客人们见到此情此景，嘴张大到下巴都差点掉在地上了……"
    },
    {
      "id": 31,
      "content": "无数的赌场筹码涌了出来，势头之猛，让我连把它们收集起来的想法也不敢有。"
    },
    {
      "id": 32,
      "content": "抱歉。埃菲，索德。"
    },
    {
      "id": 33,
      "content": "我本来是想严肃来着，但事情已经发生了。"
    },
    {
      "id": 34,
      "teller": "赌徒A",
      "title": "失智的赌鬼",
      "content": "中头奖了？哪台机子？"
    },
    {
      "id": 35,
      "teller": "赌徒B",
      "title": "失智的赌鬼",
      "content": "突然中了？现在？"
    },
    {
      "id": 36,
      "model": "각잡힌카지노경호원",
      "teller": "穿戴整齐的赌场警卫",
      "title": "J公司赌场",
      "content": "打扰一下……"
    },
    {
      "id": 37,
      "model": "각잡힌카지노경호원",
      "teller": "穿戴整齐的赌场警卫",
      "title": "J公司赌场",
      "content": "请让我检查一下你们的身份。"
    },
    {
      "id": 38,
      "model": "히스클리프",
      "content": "气氛为什么这么紧张？难道在赌场里中头奖犯法？"
    },
    {
      "id": 39,
      "model": "파우스트",
      "content": "此处所说的运气并非我们通常知晓的那个概念。你可以集中运气一次爆发，也可以瞄准你想要的目标，一点点积攒，但是刚入场就立刻中头奖在这里是不可能的。"
    },
    {
      "id": 40,
      "model": "돈키호테",
      "content": "筹码像流星一样涌出来了！"
    },
    {
      "id": 41,
      "model": "이스마엘",
      "content": "我本以为至少经理会有责任感……可你还是被堂吉诃德一求就忍不住了。"
    },
    {
      "id": 42,
      "model": "이스마엘",
      "content": "我太失望了。但偏偏你就是我们的经理。我还以为你这次能洗刷掉我们之前失败的耻辱。"
    },
    {
      "id": 43,
      "content": "以实玛利如机关枪般不断吐出的低语，令格里高尔都不禁发出了感叹。"
    },
    {
      "id": 44,
      "content": "再加上之前从未体验过的以实玛利那仿佛能贯穿我的目光……"
    },
    {
      "id": 45,
      "content": "这让我恨不得能找个地洞钻进去。"
    },
    {
      "id": 46,
      "content": "还好我的钟表头不会和她对视，真是太幸运了。"
    },
    {
      "id": 47,
      "model": "그레고르",
      "content": "……等等，我觉得那并不是唯一的问题。"
    },
    {
      "id": 48,
      "content": "因为情况突然变化而环视四周的格里高尔突然如临大敌般伸手指向某处。"
    },
    {
      "id": 49,
      "content": "而在他指着的方向上……"
    },
    {
      "id": 50,
      "model": "그레고르",
      "content": "你什么时候换回常服的，良秀？"
    },
    {
      "id": 51,
      "content": "良秀正穿着常服，满脸厌恶地站在那里。"
    },
    {
      "id": 52,
      "model": "료슈",
      "content": "我才不穿别人扔掉的衣服。"
    },
    {
      "id": 53,
      "model": "그레고르",
      "content": "唉……经理兄。我们好像……"
    },
    {
      "id": 54,
      "model": "단테",
      "content": "<对……我们搞砸了，彻底地……>"
    },
    {
      "id": 55,
      "model": "에피",
      "teller": "埃菲",
      "title": "LCCB",
      "content": "不可能……我们明明为这次计划做了那么多……"
    },
    {
      "id": 56,
      "model": "에피",
      "teller": "埃菲",
      "title": "LCCB",
      "content": "浮士德，你是怎么自愿带这群家伙来执行任务的？你不是都市中首屈一指的天才吗，想想办法啊！"
    },
    {
      "id": 57,
      "model": "파우스트",
      "content": "虽然我和这些人同行的时间并不长，但是还是从中领悟到一件事 。"
    },
    {
      "id": 58,
      "model": "파우스트",
      "content": "我应当成为相信不确定性的浮士德。"
    },
    {
      "id": 59,
      "model": "파우스트",
      "content": "当没有计划就是计划的时候，也就无所谓变量不变量了。"
    },
    {
      "id": 60,
      "model": "파우스트",
      "content": "这就是我们的计划。"
    },
    {
      "id": 61,
      "model": "에피",
      "teller": "埃菲",
      "title": "LCCB",
      "content": "……"
    },
    {
      "id": 62,
      "model": "이스마엘",
      "content": "……唉。"
    },
    {
      "id": 63,
      "content": "浮士德平静地注视着我。"
    },
    {
      "id": 64,
      "content": "多亏了她，我终于清楚自己该做什么了。"
    },
    {
      "id": 65,
      "model": "단테",
      "content": "<好吧……像往常一样……>"
    },
    {
      "id": 66,
      "model": "단테",
      "content": "<去边死边杀人吧。>"
    }
  ]
}