{
  "dataList": [
    {
      "id": 0,
      "place": "赌场 1楼",
      "model": "소드",
      "teller": "索德",
      "title": "LCCB",
      "content": "以防万一，我说一下……"
    },
    {
      "id": 1,
      "model": "소드",
      "teller": "索德",
      "title": "LCCB",
      "content": "你们都知道我们的目标不是在赌场一楼大闹一通，而是赢得顶楼的赌局吧？"
    },
    {
      "id": 2,
      "content": "肯定还有不知道的人，不对。我确信还有人觉得怎样都无所谓，但这事不见得非要说出来。"
    },
    {
      "id": 3,
      "model": "소드",
      "teller": "索德",
      "title": "LCCB",
      "content": "到达顶楼固然重要，但赢得赌局才是最终目的……"
    },
    {
      "id": 4,
      "model": "소드",
      "teller": "索德",
      "title": "LCCB",
      "content": "为此我们需要将其实现的愿力。"
    },
    {
      "id": 5,
      "model": "소드",
      "teller": "索德",
      "title": "LCCB",
      "content": "我不想再提我们千辛万苦得来的愿力是出于何种荒谬的理由而在一瞬间付诸东流的。这只会让人感到痛心。"
    },
    {
      "id": 6,
      "content": "不知为何，我心中感到一阵刺痛，让我连头都没法抬起。"
    },
    {
      "id": 7,
      "model": "오티스",
      "content": "这边能获取尽可能多愿力的地方在哪？"
    },
    {
      "id": 8,
      "model": "소드",
      "teller": "索德",
      "title": "LCCB",
      "content": "入口处的那台轮盘赌。来赌场的客人会在那上面试试当日的运气，并根据结果失去或获得愿力。"
    },
    {
      "id": 9,
      "model": "오티스",
      "content": "这样啊。那我们可以找机会把那台轮盘赌里的愿望罐拿过来。"
    },
    {
      "id": 10,
      "model": "단테",
      "content": "<可行吗？>"
    },
    {
      "id": 11,
      "model": "오티스",
      "content": "我完成过无数规模比之更大的作战。"
    },
    {
      "id": 12,
      "model": "오티스",
      "content": "经理的荒唐错误与之相比根本无伤大雅。"
    },
    {
      "id": 13,
      "model": "오티스",
      "content": "一定是那些搅扰了您理智决策的废物们的问题！请别在意他们的闲言碎语！"
    },
    {
      "id": 14,
      "model": "단테",
      "content": "<荒唐……我明白了……啊！>"
    },
    {
      "id": 15,
      "content": "在我们就这样制定计划之时……"
    },
    {
      "id": 16,
      "content": "希斯克利夫已经冲向了赌场的入口。"
    },
    {
      "id": 17,
      "content": "究竟是我们太专注于讨论，还是本来就走了神呢。"
    },
    {
      "id": 18,
      "content": "而我们之中没人能猜到他接下来的行动。"
    },
    {
      "id": 19,
      "model": "단테",
      "content": "<希斯克利夫？！>"
    },
    {
      "id": 20,
      "model": "히스클리프",
      "content": "妈的，你们打算在一楼只说不做到什么时候？"
    },
    {
      "id": 21,
      "content": "然后他开始全力冲着警卫们叫喊。"
    },
    {
      "id": 22,
      "model": "히스클리프",
      "content": "你们不觉得丢脸吗？"
    },
    {
      "id": 23,
      "model": "히스클리프",
      "content": "那边的金发小子还是个乳臭未干的菜鸟，"
    },
    {
      "id": 24,
      "model": "히스클리프",
      "content": "然后这个叫经理的家伙，记忆全丢了，还连武器都握不住。"
    },
    {
      "id": 25,
      "model": "히스클리프",
      "content": "我们都这样了，竟然还能和你们打得半斤八两啊……"
    },
    {
      "id": 26,
      "model": "카지노경호원대장",
      "teller": "赌场警卫队长",
      "title": "J公司赌场",
      "content": "呃……这、这个混账……"
    },
    {
      "id": 27,
      "model": "싱클레어",
      "content": "希、希斯克利夫先生……你太过分了……"
    },
    {
      "id": 28,
      "model": "단테",
      "content": "<嗯，过分了。希斯克利夫。>"
    },
    {
      "id": 29,
      "model": "히스클리프",
      "content": "你们拿着的那棍子难道是装饰吗？"
    },
    {
      "id": 30,
      "model": "카지노경호원대장",
      "teller": "赌场警卫队长",
      "title": "J公司赌场",
      "content": "你小子可别太嚣张……！"
    },
    {
      "id": 31,
      "content": "气急败坏的警卫猛烈地挥舞着手中的棍棒，咻的一声，充满威胁地直冲向希斯克利夫……"
    },
    {
      "id": 32,
      "content": "希斯克利夫惊险闪过攻击的同时，他身后的那台轮盘机却被砸得粉碎。"
    },
    {
      "id": 33,
      "model": "소드",
      "teller": "索德",
      "title": "LCCB",
      "content": "愿望、愿望罐……！"
    },
    {
      "id": 34,
      "content": "在轮盘机那惨不忍睹的残骸中，一份份曾是“愿力”的东西正不断喷涌而出。"
    },
    {
      "id": 35,
      "content": "索德发出了濒死般的尖叫，又捂住了嘴……我也实在看不下去那副场面，便转过了身。"
    },
    {
      "id": 36,
      "content": "“我长大了要变成愿望贴纸，给每个人带来希望！”"
    },
    {
      "id": 37,
      "content": "我似乎听到了愿望贴纸上人们那未能实现的心声。"
    },
    {
      "id": 38,
      "model": "히스클리프",
      "content": "喂，给我听好。你们几个。"
    },
    {
      "id": 39,
      "model": "히스클리프",
      "content": "难道你们是想让老板知道，你们在打架时把机子砸碎了，然后所有人挨一顿痛骂吗？"
    },
    {
      "id": 40,
      "model": "히스클리프",
      "content": "还是说把责任全部推给我们，让我们就这样上去二楼呢？"
    },
    {
      "id": 41,
      "model": "각잡힌카지노경호원",
      "teller": "穿戴整齐的赌场警卫",
      "title": "J公司赌场",
      "content": "这、这些……可是存了一个月的运气……"
    },
    {
      "id": 42,
      "model": "카지노경호원대장",
      "teller": "赌场警卫队长",
      "title": "J公司赌场",
      "content": "……"
    },
    {
      "id": 43,
      "model": "카지노경호원대장",
      "teller": "赌场警卫队长",
      "title": "J公司赌场",
      "content": "即使上了二楼你们也讨不到好果子吃……"
    },
    {
      "id": 44,
      "model": "히스클리프",
      "content": "哦，反正在哪儿都是乱子。感谢忠告。"
    },
    {
      "id": 45,
      "content": "希斯克利夫扶着他那似乎被棍棒打脱臼的胳膊向我走来。"
    },
    {
      "id": 46,
      "model": "히스클리프",
      "content": "看什么呢？赶紧给我治好。"
    },
    {
      "id": 47,
      "model": "단테",
      "content": "<……>"
    },
    {
      "id": 48,
      "model": "소드",
      "teller": "索德",
      "title": "LCCB",
      "content": "我决定了。现在开始，我再也不会再跟你们这些人提及计划的“计”字。"
    },
    {
      "id": 49,
      "model": "파우스트",
      "content": "你明白得太晚了。"
    },
    {
      "id": 50,
      "model": "에피",
      "teller": "埃菲",
      "title": "LCCB",
      "content": "浮士德……你要是能在这时候闭嘴就好了。"
    },
    {
      "id": 51,
      "content": "就这样，我们狼狈不堪地向二楼爬去。"
    }
  ]
}