{
  "dataList": [
    {
      "id": 0,
      "place": "赌场 1楼",
      "model": "료슈",
      "content": "我急得看不下去了。"
    },
    {
      "id": 1,
      "model": "료슈",
      "content": "要对付这些杂碎到什么时候？"
    },
    {
      "id": 2,
      "model": "이스마엘",
      "content": "通常来说，只有说这种话的人才不会给出明确的答案。"
    },
    {
      "id": 3,
      "content": "听到以实玛利的话，良秀摇了摇头，摆出一副“瞧好了”的表情。"
    },
    {
      "id": 4,
      "model": "료슈",
      "content": "……这就是艺术。"
    },
    {
      "id": 5,
      "model": "료슈",
      "content": "你，把那刀给我。"
    },
    {
      "id": 6,
      "model": "이상",
      "content": "就此将其永远拿走也无妨。"
    },
    {
      "id": 7,
      "model": "이상",
      "content": "刃离我身，始终浮于空中，也同样不错。"
    },
    {
      "id": 8,
      "model": "료슈",
      "content": "谢了。"
    },
    {
      "id": 9,
      "content": "良秀接过李箱的短匕，就这样扔向空中。"
    },
    {
      "id": 10,
      "content": "短匕精准地贯穿了吊灯的固定点，立即让它摇摇欲坠。"
    },
    {
      "id": 11,
      "content": "是啊……尽管良秀成了罪人，力量被削弱了一些……"
    },
    {
      "id": 12,
      "content": "但她仍能轻松地斩铁断金，是用刀之人的巅峰。"
    },
    {
      "id": 13,
      "content": "她把我的话看得比嚼完再吐出来的口香糖还轻，当然这并不重要。"
    },
    {
      "id": 14,
      "content": "所有人的视线都转向那摇摇欲坠的吊灯……"
    },
    {
      "id": 15,
      "content": "结果，那被看得害羞不已的吊灯……"
    },
    {
      "id": 16,
      "model": "이상",
      "content": "恍惚之间，支离破碎。"
    },
    {
      "id": 17,
      "model": "각잡힌카지노경호원",
      "teller": "穿戴整齐的赌场警卫",
      "title": "J公司 当铺",
      "content": "嗯？"
    },
    {
      "id": 18,
      "model": "카지노경호원대장",
      "teller": "穿戴整齐的赌场警卫",
      "title": "J公司 当铺",
      "content": "快……快避开！"
    },
    {
      "id": 19,
      "content": "哐啷！"
    },
    {
      "id": 20,
      "place": "混乱的赌场 1楼",
      "content": "伴随着巨大的噪音，吊灯砸到了地面上。"
    },
    {
      "id": 21,
      "content": "……"
    },
    {
      "id": 22,
      "content": "对，只是砸了一下。"
    },
    {
      "id": 23,
      "content": "什么都没有发生。"
    },
    {
      "id": 24,
      "content": "我们和敌人们都呆望着战场正中央落下的吊灯。"
    },
    {
      "id": 25,
      "model": "단테",
      "content": "<那个，你做了什么？良秀？>"
    },
    {
      "id": 26,
      "model": "료슈",
      "content": "……表演而已。"
    },
    {
      "id": 27,
      "model": "그레고르",
      "content": "你刚才做了那个吧？"
    },
    {
      "id": 28,
      "model": "싱클레어",
      "content": "不管怎样，大家都没事真是太好了！"
    },
    {
      "id": 29,
      "model": "이스마엘",
      "content": "……虽然不知道接下来是否还能平安无事就是了。"
    }
  ]
}