{
  "dataList": [
    {
      "id": 0,
      "place": "赌场 2楼",
      "model": "파우스트",
      "content": "氛围不一样了。二楼似乎是其他帮派管辖的区域。"
    },
    {
      "id": 1,
      "model": "흥겨운마리아치조직원",
      "teller": "欢快的流浪乐队成员",
      "title": "流浪乐队",
      "content": "喂，你们几个！那表情怎么回事啊？"
    },
    {
      "id": 2,
      "model": "흥겨운마리아치조직원",
      "teller": "欢快的流浪乐队成员",
      "title": "流浪乐队",
      "content": "你不知道这一层的规矩吗？如果挂着悲伤的表情还四处乱晃的话，就去戴上帽子遮住脸！"
    },
    {
      "id": 3,
      "model": "료슈",
      "content": "为什么看着我说这话？要对你折·脖咯？"
    },
    {
      "id": 4,
      "model": "흥겨운마리아치조직원",
      "teller": "欢快的流浪乐队成员",
      "title": "流浪乐队",
      "content": "那是什么意思？！"
    },
    {
      "id": 5,
      "model": "료슈",
      "content": "折断你脖子的意思。"
    },
    {
      "id": 6,
      "model": "단테",
      "content": "<良秀……比起突然吵架……>"
    },
    {
      "id": 7,
      "model": "흥겨운마리아치조직원",
      "teller": "欢快的流浪乐队成员",
      "title": "流浪乐队",
      "content": "不，等等。这家伙的脸不是更难看吗？充当眼睛的是秒针？还是分针？"
    },
    {
      "id": 8,
      "model": "단테",
      "content": "<……良秀，准备好了吗？>"
    },
    {
      "id": 9,
      "model": "료슈",
      "content": "不用你说，但丁。"
    }
  ]
}