{
  "dataList": [
    {
      "id": 0,
      "place": "赌场 2楼",
      "teller": "大叫的赌场客人",
      "title": "J公司 赌场",
      "content": "呜啊！！！别啊！！！"
    },
    {
      "id": 1,
      "teller": "大叫的赌场客人",
      "title": "J公司 赌场",
      "content": "又输钱了，妈的！都多少次了啊？"
    },
    {
      "id": 2,
      "model": "흥겨운마리아치조직원",
      "teller": "欢快的流浪乐队成员",
      "title": "流浪乐队",
      "content": "呀呀，时间到了！该小小地关照一下我们的客人了！"
    },
    {
      "id": 3,
      "model": "흥겨운마리아치조직원",
      "teller": "欢快的流浪乐队成员",
      "title": "流浪乐队",
      "content": "亲爱的客人，您没有忘记我们的规则吧？"
    },
    {
      "id": 4,
      "teller": "大叫的赌场客人",
      "title": "J公司 赌场",
      "content": "但、但是……我就只有这么多钱……"
    },
    {
      "id": 5,
      "model": "흥겨운마리아치조직원",
      "teller": "欢快的流浪乐队成员",
      "title": "流浪乐队",
      "content": "如果您一再破坏气氛，我们可能会为您举办一场皮纳塔派对。"
    },
    {
      "id": 6,
      "model": "그레고르",
      "content": "（呃，皮纳塔派对是什么？）"
    },
    {
      "id": 7,
      "model": "단테",
      "content": "<我不知道，也不想知道……>"
    },
    {
      "id": 8,
      "content": "也许是被那友好的威胁吓到了，正在啜泣的客人从座位上站了起来。"
    },
    {
      "id": 9,
      "content": "然后拿着员工给他的一对沙锤……"
    },
    {
      "id": 10,
      "content": "伴随着连绵的呜咽声开始起舞……"
    },
    {
      "id": 11,
      "model": "히스클리프",
      "content": "这是搞哪出……？"
    },
    {
      "id": 12,
      "model": "경쾌한마리아치조직원",
      "teller": "活泼的流浪乐队成员",
      "title": "流浪乐队",
      "content": "我们帮派管辖的楼层有条必须遵守的规则。"
    },
    {
      "id": 13,
      "model": "경쾌한마리아치조직원",
      "teller": "活泼的流浪乐队成员",
      "title": "流浪乐队",
      "content": "赌博只是为了寻欢作乐，因此，所有悲伤和痛苦都必须升华为舞蹈。"
    },
    {
      "id": 14,
      "model": "돈키호테",
      "content": "让吾来教汝舞蹈吧！"
    },
    {
      "id": 15,
      "content": "但他们比看上去要更严格。"
    },
    {
      "id": 16,
      "model": "흥겨운마리아치조직원",
      "teller": "欢快的流浪乐队成员",
      "title": "流浪乐队",
      "content": "这人不行。"
    },
    {
      "id": 17,
      "model": "경쾌한마리아치조직원",
      "teller": "活泼的流浪乐队成员",
      "title": "流浪乐队",
      "content": "她的动作并不是发自内心。"
    },
    {
      "id": 18,
      "model": "돈키호테",
      "content": "何出此言！"
    },
    {
      "id": 19,
      "model": "흥겨운마리아치조직원",
      "teller": "欢快的流浪乐队成员",
      "title": "流浪乐队",
      "content": "舞蹈是一扇心灵之窗。"
    },
    {
      "id": 20,
      "model": "경쾌한마리아치조직원",
      "teller": "活泼的流浪乐队成员",
      "title": "流浪乐队",
      "content": "若是没有一颗清澈而纯洁的心就起舞，那就没有意义了。"
    },
    {
      "id": 21,
      "model": "돈키호테",
      "content": "……"
    },
    {
      "id": 22,
      "model": "돈키호테",
      "content": "……汝等，多少有些无礼。"
    },
    {
      "id": 23,
      "model": "에피",
      "teller": "埃菲",
      "title": "LCCB",
      "content": "越来越失控了……你在干嘛呢，索德？"
    },
    {
      "id": 24,
      "model": "소드",
      "teller": "索德",
      "title": "LCCB",
      "content": "哦，我在提前写检讨书。"
    }
  ]
}