{
  "dataList": [
    {
      "id": 0,
      "place": "赌场 2楼",
      "model": "이스마엘",
      "content": "我也觉得这话很蠢，但如果我们想尽快离开二楼的话……"
    },
    {
      "id": 1,
      "model": "이스마엘",
      "content": "就需要能打动他们心灵的激烈舞蹈。"
    },
    {
      "id": 2,
      "model": "단테",
      "content": "<你们知道的，我什么也想不起来……舞蹈什么的……？也不是很清楚。>"
    },
    {
      "id": 3,
      "content": "在这种时候，失忆可真是一个方便的借口。"
    },
    {
      "id": 4,
      "content": "当然，我没有真的忘掉什么是舞蹈，但现在没必要这么诚实，不是吗？"
    },
    {
      "id": 5,
      "model": "단테",
      "content": "<鸿璐，难道说你以前学过舞蹈之类的东西吗？>"
    },
    {
      "id": 6,
      "model": "홍루",
      "content": "虽然我学过变脸，但是老师很少，只有三个人。表演那个需要一些东西，面具、扇子、妆造，还有……"
    },
    {
      "id": 7,
      "model": "단테",
      "content": "<……现在这里找不到。下一位。>"
    },
    {
      "id": 8,
      "model": "히스클리프",
      "content": "哦，我曾在舞会上踩了那些自命不凡的家伙们好几脚。"
    },
    {
      "id": 9,
      "model": "이상",
      "content": "我的内在表达着恐惧。"
    },
    {
      "id": 10,
      "model": "이스마엘",
      "content": "……你看我干什么？我半辈子都是在船上度过的。"
    },
    {
      "id": 11,
      "model": "돈키호테",
      "content": "跳舞的话！唔呜！别一直捂吾的嘴！"
    },
    {
      "id": 12,
      "model": "료슈",
      "content": "来段久违的剑舞也不错。我会让一切全部爆开。"
    },
    {
      "id": 13,
      "model": "오티스",
      "content": "尽管我除了点名早操以外从来没有合上过节拍，但如果经理希望的话，我现在开始也……"
    },
    {
      "id": 14,
      "model": "로쟈",
      "content": "但、但丁……虽然我对大部分事情都很自信~但要跳舞就有点……害羞……啊哈哈！"
    },
    {
      "id": 15,
      "model": "그레고르",
      "content": "除了我的胳膊会因为过于激动而向着观众的脑袋冲锋以外，都没问题。"
    },
    {
      "id": 16,
      "model": "뫼르소",
      "content": "……"
    },
    {
      "id": 17,
      "model": "파우스트",
      "content": "浮士德一般不会为了作乐而跳舞，但为了作战我很乐意表演一下。"
    },
    {
      "id": 18,
      "model": "파우스트",
      "content": "然而，他们所求的并非完美。不如说，他们在寻求一种不稳定的，如同未经加工的原石一般的……"
    },
    {
      "id": 19,
      "model": "로쟈",
      "content": "辛克莱！"
    },
    {
      "id": 20,
      "model": "싱클레어",
      "content": "欸？！"
    },
    {
      "id": 21,
      "model": "로쟈",
      "content": "你小时候应该有碰过舞蹈吧？"
    },
    {
      "id": 22,
      "model": "싱클레어",
      "content": "碰、碰过？虽然我有在学校的素养课上……学过沙锤基础……"
    },
    {
      "id": 23,
      "model": "단테",
      "content": "<辛克莱也是个有钱人家的少爷？你怎么看出来的，罗佳？>"
    },
    {
      "id": 24,
      "model": "로쟈",
      "content": "只要看看言谈举止，就差不多知道啦。"
    },
    {
      "id": 25,
      "model": "로쟈",
      "content": "相反，没上过学的人……噗……你懂的吧？"
    },
    {
      "id": 26,
      "content": "罗佳看着希斯克利夫小声笑了，然后悄悄溜到了辛克莱背后环着他的肩膀。"
    },
    {
      "id": 27,
      "model": "로쟈",
      "content": "来吧~小辛克莱，现在我有个非常~非常~重要的任务给你。"
    },
    {
      "id": 28,
      "model": "싱클레어",
      "content": "啊？啊？罗佳小姐？你要带我去……"
    },
    {
      "id": 29,
      "content": "几分钟后，辛克莱战战兢兢地出场了。"
    },
    {
      "id": 30,
      "model": "단테",
      "content": "<辛克莱……你能做到的。>"
    },
    {
      "id": 31,
      "model": "이스마엘",
      "content": "是啊，想想每次希斯克利夫那家伙折腾你的时候……"
    },
    {
      "id": 32,
      "model": "싱클레어",
      "content": "我、我……"
    },
    {
      "id": 33,
      "content": "辛克莱依然不安地望向罗佳。"
    },
    {
      "id": 34,
      "model": "싱클레어",
      "content": "我真的……能做到吗？"
    },
    {
      "id": 35,
      "model": "로쟈",
      "content": "不对，辛克莱。"
    },
    {
      "id": 36,
      "model": "로쟈",
      "content": "只有你能做到。"
    },
    {
      "id": 37,
      "content": "辛克莱一脸悲壮地点了点头。"
    },
    {
      "id": 38,
      "model": "흥겨운마리아치조직원",
      "teller": "欢快的流浪乐队成员",
      "title": "流浪乐队",
      "content": "这手腕的摇摆……这陶醉的表情……这恰当的节奏……完美！"
    },
    {
      "id": 39,
      "model": "경쾌한마리아치조직원",
      "teller": "活泼的流浪乐队成员",
      "title": "流浪乐队",
      "content": "如此冷静……但这份冷静反而搅动了我的心绪……这位少年，在表达某种东西……"
    },
    {
      "id": 40,
      "model": "경쾌한마리아치조직원",
      "teller": "活泼的流浪乐队成员",
      "title": "流浪乐队",
      "content": "升华了……"
    },
    {
      "id": 41,
      "model": "경쾌한마리아치조직원",
      "teller": "活泼的流浪乐队成员",
      "title": "流浪乐队",
      "content": "他在用肢体动作克服内心中压抑的黑暗与痛楚……！"
    },
    {
      "id": 42,
      "model": "경쾌한마리아치조직원",
      "teller": "活泼的流浪乐队成员",
      "title": "流浪乐队",
      "content": "哦哦……在余烬中残留下的火种……被这火种点燃的节奏……配合那节奏表现的动作……这动作简直是，彻夜不熄的巨大篝火！在那之中飞散的尘土正如翩翩起舞般举行着黎明舞会！"
    },
    {
      "id": 43,
      "model": "단테",
      "content": "<那是什么？>"
    },
    {
      "id": 44,
      "model": "흥겨운마리아치조직원",
      "teller": "欢快的流浪乐队成员",
      "title": "流浪乐队",
      "content": "你，要不要加入我们的帮派？能让你的嫩芽茁壮成长哦。"
    },
    {
      "id": 45,
      "model": "소드",
      "teller": "索德",
      "title": "LCCB",
      "content": "这孩子属于我们公司。未经允许就挖走人才可是严重的犯罪。"
    },
    {
      "id": 46,
      "content": "几个小时前，辛克莱还只是呆瓜队伍中的一个，但不知不觉间他已经升级为公司的人才了。"
    },
    {
      "id": 47,
      "model": "흥겨운마리아치조직원",
      "teller": "欢快的流浪乐队成员",
      "title": "流浪乐队",
      "content": "不错的表演。你们是想去顶楼吗？"
    },
    {
      "id": 48,
      "model": "경쾌한마리아치조직원",
      "teller": "活泼的流浪乐队成员",
      "title": "流浪乐队",
      "content": "可以上去了。你们有这个资格。"
    },
    {
      "id": 49,
      "model": "흥겨운마리아치조직원",
      "teller": "欢快的流浪乐队成员",
      "title": "流浪乐队",
      "content": "不过，楼上的家伙们可不讲道理。他们根本不懂什么叫欢乐。"
    },
    {
      "id": 50,
      "content": "辛克莱带着比刚刚更轻松的表情回来了。"
    },
    {
      "id": 51,
      "model": "싱클레어",
      "content": "从我心中流露而出的感情……应该就是这种东西吧。"
    },
    {
      "id": 52,
      "model": "싱클레어",
      "content": "为何之前我会觉得这很难呢。不知怎么，现在我感觉好多了。"
    },
    {
      "id": 53,
      "content": "他那打动帮派成员的心结究竟是什么呢。"
    },
    {
      "id": 54,
      "content": "以及他那样一位理应过着美好生活的小少爷，曾经经受过怎样的艰难困苦……"
    },
    {
      "id": 55,
      "content": "但这些问题的答案以后自然会慢慢揭晓，现在，我们该上三楼了。"
    }
  ]
}