{
  "dataList": [
    {
      "id": 0,
      "place": "赌场 3楼",
      "model": "위협적인철공회조직원",
      "teller": "危险的铁工会成员",
      "title": "铁工会",
      "content": "啥玩意跑这儿来了？"
    },
    {
      "id": 1,
      "model": "몸푸는철공회조직원",
      "teller": "正在热身的铁工会成员",
      "title": "铁工会",
      "content": "你们几个知道上到了什么地盘吗？"
    },
    {
      "id": 2,
      "model": "위협적인철공회조직원",
      "teller": "危险的铁工会成员",
      "title": "铁工会",
      "content": "要是在这里到处乱逛的话，我们就把你们拧成麻花。"
    },
    {
      "id": 3,
      "model": "몸푸는철공회조직원",
      "teller": "正在热身的铁工会成员",
      "title": "铁工会",
      "content": "然后把你们的指节一段段剁下来做成麻将。"
    },
    {
      "id": 4,
      "model": "이스마엘",
      "content": "唉……连欢迎都那么杀气腾腾啊。"
    },
    {
      "id": 5,
      "model": "히스클리프",
      "content": "呵，我可不会拒绝这种欢迎。喂！开打吧！"
    }
  ]
}