{
  "dataList": [
    {
      "id": 0,
      "place": "赌场 3楼",
      "model": "단테",
      "content": "<我们该怎么办？再像这样打下去的话……>"
    },
    {
      "id": 1,
      "content": "但令我吃惊的是，以实玛利竟轻蔑一笑。"
    },
    {
      "id": 2,
      "model": "이스마엘",
      "content": "该怎么办。我们还有一张王牌呢。"
    },
    {
      "id": 3,
      "model": "단테",
      "content": "<那是什么？>"
    },
    {
      "id": 4,
      "model": "이스마엘",
      "content": "那些家伙们还没见识过什么是“真家伙”。"
    },
    {
      "id": 5,
      "model": "료슈",
      "content": "你先像@#$@#$一样好好@#$%掉，然后@$#%$#%。"
    },
    {
      "id": 6,
      "model": "료슈",
      "content": "其次你再@%$#$^，随后浸入#$#@里。"
    },
    {
      "id": 7,
      "model": "료슈",
      "content": "最后……"
    },
    {
      "id": 8,
      "content": "我从未想过这世上居然真的有人能将如此具体的残忍行径绘声绘色地说出口。"
    },
    {
      "id": 9,
      "content": "帮派成员们的眼中闪烁着非比寻常的光芒，有些人甚至做起了笔记。"
    },
    {
      "id": 10,
      "teller": "危险的铁工会成员",
      "title": "铁工会",
      "content": "我都有点被感动到了。"
    },
    {
      "id": 11,
      "teller": "正在热身的铁工会成员",
      "title": "铁工会",
      "content": "哎呀，所以说那个是那样折断的啊……这就是所谓的语言大师吗？"
    },
    {
      "id": 12,
      "model": "히스클리프",
      "content": " 不。那绝对是语言恶魔吧。"
    },
    {
      "id": 13,
      "content": "就连在后巷里呆了很久的希斯克利夫，中途牙齿也在不停打颤。"
    },
    {
      "id": 14,
      "model": "이상",
      "content": "我不得不夸赞她的创造力。看吧，笔……不，言语比利剑还锋利。"
    },
    {
      "id": 15,
      "model": "이스마엘",
      "content": "我也有着船上生活的经验，还以为自己已经习惯了粗鄙之语……"
    },
    {
      "id": 16,
      "model": "이스마엘",
      "content": "我才明白，自己之前知晓的世界不过是冰山一角。"
    },
    {
      "id": 17,
      "model": "소드",
      "teller": "索德",
      "title": "LCCB",
      "content": "……"
    },
    {
      "id": 18,
      "model": "소드",
      "teller": "索德",
      "title": "LCCB",
      "content": "我完全不理解高层该怎么想才会把你们这样的人聚在一块。"
    },
    {
      "id": 19,
      "model": "파우스트",
      "content": "这支队伍组建的时候就没打算能让我们这样的人理解吧。"
    },
    {
      "id": 20,
      "model": "소드",
      "teller": "索德",
      "title": "LCCB",
      "content": "而且我至今也仍没能完全搞清楚……"
    },
    {
      "id": 21,
      "model": "소드",
      "teller": "索德",
      "title": "LCCB",
      "content": "不过这样下去……也不赖。"
    },
    {
      "id": 22,
      "model": "파우스트",
      "content": "索德，你终于接受现状了。恭喜。"
    }
  ]
}