{
  "dataList": [
    {
      "id": 0,
      "place": "赌场 3楼",
      "model": "몸푸는철공회조직원",
      "teller": "正在热身的铁工会成员",
      "title": "铁工会",
      "content": "你们这些家伙给我把脑袋摘下来，正好给我们当足球踢着玩。"
    },
    {
      "id": 1,
      "model": "에피",
      "teller": "埃菲",
      "title": "LCCB",
      "content": "我都忘了……这些家伙以言语粗鄙而闻名……"
    },
    {
      "id": 2,
      "model": "에피",
      "teller": "埃菲",
      "title": "LCCB",
      "content": "有传言说他们仅凭口舌，就用精神伤害歼灭了数十名敌对帮派成员……"
    },
    {
      "id": 3,
      "model": "히스클리프",
      "content": "喂！趁你们的嘴还能说话，就给我老实……"
    },
    {
      "id": 4,
      "model": "몸푸는철공회조직원",
      "teller": "正在热身的铁工会成员",
      "title": "铁工会",
      "content": "你们这群玩意儿瞅啥瞅？眼珠子是不是收不住？还瞪着个眼儿……"
    },
    {
      "id": 5,
      "model": "위협적인철공회조직원",
      "teller": "危险的铁工会成员",
      "title": "铁工会",
      "content": "啊呀，兄弟你等等。我刚才给他们的脑袋开了个瓢，里面都空到喊一句话就能起回音了。"
    },
    {
      "id": 6,
      "model": "몸푸는철공회조직원",
      "teller": "正在热身的铁工会成员",
      "title": "铁工会",
      "content": "欸~怎么着，他脑瓜子里头哪边连几滴浆糊都没有？冲那摆设吼一声还能弹个三回不成？"
    },
    {
      "id": 7,
      "model": "히스클리프",
      "content": "……"
    },
    {
      "id": 8,
      "model": "그레고르",
      "content": "呃，他们不会是都在接受这种团体培训吧？"
    },
    {
      "id": 9,
      "model": "로쟈",
      "content": "……噗。"
    },
    {
      "id": 10,
      "model": "로쟈",
      "content": "因、因为很好笑啊。为、为什么都看着我啊~"
    },
    {
      "id": 11,
      "model": "히스클리프",
      "content": "……死。"
    },
    {
      "id": 12,
      "model": "히스클리프",
      "content": "……全都给我去死！！"
    }
  ]
}