{
  "dataList": [
    {
      "id": 0,
      "place": "赌场 顶楼",
      "model": "단테",
      "content": "<怎么办。虽然我们爬到了顶楼，但重要的愿力已经……>"
    },
    {
      "id": 1,
      "model": "로쟈",
      "content": "啊~这个不用担心！我一直都想告诉你们的，而现在终于可以说了。"
    },
    {
      "id": 2,
      "model": "로쟈",
      "content": "我其实刚刚在当铺偷拿了些愿力。虽然有点少，但应该够用了吧？"
    },
    {
      "id": 3,
      "content": "罗佳向我们挥动着一张仅剩一角的愿望贴纸。"
    },
    {
      "id": 4,
      "model": "소드",
      "teller": "索德",
      "title": "LCCB",
      "content": "为什么不早点告诉我们呢？"
    },
    {
      "id": 5,
      "model": "로쟈",
      "content": "你们不是说过赌博就该保持一张扑克脸吗。要是因为表情太奇怪而暴露的话就难办了吧。"
    },
    {
      "id": 6,
      "model": "로쟈",
      "content": "队长的位置~可以小借我一下吗，但丁？"
    },
    {
      "id": 7,
      "content": "我觉得自己没能特别投入队长的角色，便点了点头。"
    },
    {
      "id": 8,
      "content": "即使我投入了，在这种情况下，让出位置并下跪才是正确的选择。"
    },
    {
      "id": 9,
      "model": "소드",
      "teller": "索德",
      "title": "LCCB",
      "content": "……刚刚的我可能会强烈反对，但是……"
    },
    {
      "id": 10,
      "model": "로쟈",
      "content": "不错的想法。我在钱的事情上还从没有输过。"
    },
    {
      "id": 11,
      "model": "로쟈",
      "content": "那么……"
    },
    {
      "id": 12,
      "place": "赌场 包间",
      "model": "로쟈",
      "content": "选手入局~"
    },
    {
      "id": 13,
      "model": "로쟈",
      "content": "怎么，看来人还没有来齐啊？我本来还想帅气登场的。"
    },
    {
      "id": 14,
      "teller": "？？？",
      "title": "？？？",
      "content": "你是……？"
    },
    {
      "id": 15,
      "model": "로쟈",
      "content": "我名叫罗季昂，是为了去往这里的地下室而来赌博的。"
    },
    {
      "id": 16,
      "model": "아이드",
      "teller": "？？？",
      "title": "？？？",
      "content": "呼哈！"
    },
    {
      "id": 17,
      "model": "아이드",
      "teller": "？？？",
      "title": "？？？",
      "content": "我还以为终于能见到那位以愿力掠夺者而闻名的豆豆帮帮主了呢，但你一个来历不明的人就这样闯进来了，是不是太堂而皇之了？"
    },
    {
      "id": 18,
      "model": "로쟈",
      "content": "愚蠢~你不觉得身份在这个世界上并不重要吗？重要的是谁是赢家。"
    },
    {
      "id": 19,
      "model": "아이드",
      "teller": "？？？",
      "title": "？？？",
      "content": "好吧，那也没错。你能来到这里就已经很有资格了。"
    },
    {
      "id": 20,
      "model": "아이드",
      "teller": "艾达",
      "title": "流浪乐队",
      "content": "幸会。我是艾达。"
    },
    {
      "id": 21,
      "model": "아이드",
      "teller": "艾达",
      "title": "流浪乐队",
      "content": "然后这位是……"
    },
    {
      "id": 22,
      "model": "철공회보스",
      "teller": "帮派老大",
      "title": "铁工会",
      "content": "啊呀，浑身疼。"
    },
    {
      "id": 23,
      "model": "로쟈",
      "content": "……机器人？不，义体……？"
    },
    {
      "id": 24,
      "model": "철공회보스",
      "teller": "帮派老大",
      "title": "铁工会",
      "content": "瞧什么呢？没见过全身机械义体啊？"
    },
    {
      "id": 25,
      "model": "로쟈",
      "content": "这型号……未免有点太古老了吧？看起来就像从博物馆里拿出来的一样。"
    },
    {
      "id": 26,
      "model": "철공회보스",
      "teller": "帮派老大",
      "title": "铁工会",
      "content": "老就是好。它打过好几次补丁，可比大部分新款还坚固呢。"
    },
    {
      "id": 27,
      "model": "철공회보스",
      "teller": "帮派老大",
      "title": "铁工会",
      "content": "说起来那小子什么时候才能到啊？那不得了的小兔崽子，难不成要在这么重要的约定时迟到？"
    },
    {
      "id": 28,
      "teller": "？？？",
      "title": "？？？",
      "content": "抱歉。我刚刚有些事务。"
    },
    {
      "id": 29,
      "model": "로쟈",
      "content": "？！"
    },
    {
      "id": 30,
      "model": "아이드",
      "teller": "艾达",
      "title": "流浪乐队",
      "content": "索尼亚，你觉得自己是主角吗？要用迟到引起注意才能满意吗？"
    },
    {
      "id": 31,
      "model": "소냐",
      "teller": "索尼亚",
      "title": "圣愚",
      "content": "哈哈，并非如此。主角一直是艾达小姐您呢。"
    },
    {
      "id": 32,
      "model": "로쟈",
      "content": "……"
    },
    {
      "id": 33,
      "model": "소냐",
      "teller": "索尼亚",
      "title": "圣愚",
      "content": "好久不见，罗佳。"
    },
    {
      "id": 34,
      "model": "아이드",
      "teller": "艾达",
      "title": "流浪乐队",
      "content": "什么？你们俩互相认识吗？"
    },
    {
      "id": 35,
      "model": "소냐",
      "teller": "索尼亚",
      "title": "圣愚",
      "content": "我们该说是……故乡的朋友吧。对吧，罗佳？"
    },
    {
      "id": 36,
      "model": "로쟈",
      "content": "你……还是圣愚的领袖吗？"
    },
    {
      "id": 37,
      "model": "소냐",
      "teller": "索尼亚",
      "title": "圣愚",
      "content": "难说，现在说“还是”可能太早了……突然离开的只有你一个人。"
    },
    {
      "id": 38,
      "model": "아이드",
      "teller": "艾达",
      "title": "流浪乐队",
      "content": "好了好了，闲话就到这里。既然全员都到齐了，我们就再重申一遍规则。"
    },
    {
      "id": 39,
      "model": "아이드",
      "teller": "艾达",
      "title": "流浪乐队",
      "content": "持有赌场同时投标券的四人已经到齐了：索尼亚、艾达、铁工会、以及……豆豆帮帮主的……可疑却理直气壮的代理人……"
    },
    {
      "id": 40,
      "model": "아이드",
      "teller": "艾达",
      "title": "流浪乐队",
      "content": "赌局中途禁止任何作弊。一旦被抓就会出局。"
    },
    {
      "id": 41,
      "model": "아이드",
      "teller": "艾达",
      "title": "流浪乐队",
      "content": "当然也禁止使用任何与愿力有关的物品。"
    },
    {
      "id": 42,
      "model": "철공회보스",
      "teller": "帮派老大",
      "title": "铁工会",
      "content": "让我逮到就把你大卸八块！剁个稀碎！"
    },
    {
      "id": 43,
      "model": "로쟈",
      "content": "……"
    },
    {
      "id": 44,
      "model": "아이드",
      "teller": "艾达",
      "title": "流浪乐队",
      "content": "我们共玩三局，赢得最多筹码的人获胜。简单吧？"
    },
    {
      "id": 45,
      "model": "아이드",
      "teller": "艾达",
      "title": "流浪乐队",
      "content": "胜者将乘坐这里的电梯，深入金枝所在的地下。"
    },
    {
      "id": 46,
      "model": "아이드",
      "teller": "艾达",
      "title": "流浪乐队",
      "content": "就是那根前任赌场老板像是疯了一般地挖洞，想要得到的金枝。"
    },
    {
      "id": 47,
      "model": "아이드",
      "teller": "艾达",
      "title": "流浪乐队",
      "content": "虽然他突然死于未知原因，但也让我们成为了“幸运”的联合投标人……"
    },
    {
      "id": 48,
      "model": "로쟈",
      "content": "……真是把怪异的死法说得如此清新脱俗。"
    },
    {
      "id": 49,
      "model": "소냐",
      "teller": "索尼亚",
      "title": "圣愚",
      "content": "哈哈，罗佳。你现在还是那么愤世嫉俗吗？"
    },
    {
      "id": 50,
      "model": "로쟈",
      "content": "……闭嘴。你们是在哪里又是怎么知道金枝的？我可没想到它在这里这么广为人知。"
    },
    {
      "id": 51,
      "model": "아이드",
      "teller": "艾达",
      "title": "流浪乐队",
      "content": "任何一个小有名气的帮派都对它有所耳闻。如果能得到埋在这里的金枝……就能获得一切财富和名誉。"
    },
    {
      "id": 52,
      "model": "로쟈",
      "content": "若是那样的话，我没想过你会对财富和名誉感兴趣。索尼亚，你应该说过要远离那些东西的吧。"
    },
    {
      "id": 53,
      "model": "소냐",
      "teller": "索尼亚",
      "title": "圣愚",
      "content": "金枝可以用来达成更伟大的事情，罗佳。我的目的无论何时都是如此。打破压迫与剥削的体系，警惕财富的集中……"
    },
    {
      "id": 54,
      "model": "철공회보스",
      "teller": "帮派老大",
      "title": "铁工会",
      "content": "唉，又说起大话来了。来个人让他打住。"
    },
    {
      "id": 55,
      "model": "소냐",
      "teller": "索尼亚",
      "title": "圣愚",
      "content": "抱歉。这让我回想起了往日时光。"
    },
    {
      "id": 56,
      "model": "소냐",
      "teller": "索尼亚",
      "title": "圣愚",
      "content": "真是有趣。就算我一直在阻止，你还是沉迷于赌博和金钱之中。"
    },
    {
      "id": 57,
      "model": "소냐",
      "teller": "索尼亚",
      "title": "圣愚",
      "content": "而现在我们却成了在赌博中，为了彼此的目标而互相隐藏手牌的关系。"
    },
    {
      "id": 58,
      "model": "소냐",
      "teller": "索尼亚",
      "title": "圣愚",
      "content": "你的目标是什么？"
    },
    {
      "id": 59,
      "model": "로쟈",
      "content": "……获胜。"
    },
    {
      "id": 60,
      "model": "소냐",
      "teller": "索尼亚",
      "title": "圣愚",
      "content": "……好吧。"
    }
  ]
}