{
  "dataList": [
    {
      "id": 0,
      "place": "赌场 包间",
      "model": "아이드",
      "teller": "艾达",
      "title": "流浪乐队",
      "content": "不知不觉就最后一轮了。你们都确认好自己面前筹码的个数了吧？"
    },
    {
      "id": 1,
      "model": "로쟈",
      "content": "嗯，我梭哈了。"
    },
    {
      "id": 2,
      "model": "아이드",
      "teller": "艾达",
      "title": "流浪乐队",
      "content": "……梭哈？"
    },
    {
      "id": 3,
      "model": "소냐",
      "teller": "索尼亚",
      "title": "圣愚",
      "content": "哇哦~看来你牌运很好啊，罗佳？"
    },
    {
      "id": 4,
      "model": "철공회보스",
      "teller": "帮派老大",
      "title": "铁工会",
      "content": "哈啊~虽然我打刚才就瞅你不顺眼了，但还是好奇你信了什么才敢全赌上的？要是输了你可就完蛋了，懂吗？"
    },
    {
      "id": 5,
      "model": "로쟈",
      "content": "我是会在最后赌上一切的那种。"
    },
    {
      "id": 6,
      "model": "로쟈",
      "content": "……"
    },
    {
      "id": 7,
      "model": "철공회보스",
      "teller": "帮派老大",
      "title": "铁工会",
      "content": "别动。袖子卷起来。你搁这里出千是吧。"
    },
    {
      "id": 8,
      "model": "로쟈",
      "content": "什么？！"
    },
    {
      "id": 9,
      "model": "철공회보스",
      "teller": "帮派老大",
      "title": "铁工会",
      "content": "你刚在手臂上粘了从豆豆帮那儿夺走的愿力贴纸吧？"
    },
    {
      "id": 10,
      "model": "철공회보스",
      "teller": "帮派老大",
      "title": "铁工会",
      "content": "是打算靠这手法，在本轮投入所有筹码，然后自个儿独吞金枝吧？"
    },
    {
      "id": 11,
      "model": "철공회보스",
      "teller": "帮派老大",
      "title": "铁工会",
      "content": "来，都快看啊！她手腕底下的这个。是贴纸吧？"
    },
    {
      "id": 12,
      "model": "로쟈",
      "content": "……有证据吗？"
    },
    {
      "id": 13,
      "model": "소냐",
      "teller": "索尼亚",
      "title": "圣愚",
      "content": "罗佳，虽然很抱歉，但能让我看一下你的手腕吗？"
    },
    {
      "id": 14,
      "model": "로쟈",
      "content": "……"
    },
    {
      "id": 15,
      "model": "철공회보스",
      "teller": "帮派老大",
      "title": "铁工会",
      "content": "欸，你不行！别碰她。我哪知道你们是不是一伙儿的。"
    },
    {
      "id": 16,
      "model": "철공회보스",
      "teller": "帮派老大",
      "title": "铁工会",
      "content": "现在，我要揭开来了，都好好瞅着吧？我就知道这小兔崽子会玩花招。"
    },
    {
      "id": 17,
      "model": "아이드",
      "teller": "艾达",
      "title": "流浪乐队",
      "content": "我总觉得这个场景……这场对话……在哪里见过。是既视感吗？"
    },
    {
      "id": 18,
      "model": "로쟈",
      "content": "真可惜了你这块头。非要小心眼到这个地步吗？"
    },
    {
      "id": 19,
      "model": "철공회보스",
      "teller": "帮派老大",
      "title": "铁工会",
      "content": "不要随意挥霍偷来的愿力啊。来的时候他们没和你说吗？"
    },
    {
      "id": 20,
      "model": "로쟈",
      "content": "……你电影看多了吧。偷窃，偷什么？"
    },
    {
      "id": 21,
      "model": "로쟈",
      "content": "我要是没有的话，你会主动出局吗？"
    },
    {
      "id": 22,
      "model": "철공회보스",
      "teller": "帮派老大",
      "title": "铁工会",
      "content": "哎呀，还真是不服输。好吧。我赌你手腕上还有愿力，要是不是，我就出局。你赌什么？"
    },
    {
      "id": 23,
      "model": "로쟈",
      "content": "一样呗。那么，我们之中马上就要出局一个了。你不会在害怕吧？"
    },
    {
      "id": 24,
      "model": "철공회보스",
      "teller": "帮派老大",
      "title": "铁工会",
      "content": "啊哈哈哈！哎呀，你是不是从哪儿听过类似的话啊？不管怎搞，你已经确定要赌了，对吧？"
    },
    {
      "id": 25,
      "model": "아이드",
      "teller": "艾达",
      "title": "流浪乐队",
      "content": "哇……完全一模一样啊……这样一来结果肯定是……"
    },
    {
      "id": 26,
      "model": "철공회보스",
      "teller": "帮派老大",
      "title": "铁工会",
      "content": "好了，揭晓答案吧~"
    },
    {
      "id": 27,
      "model": "철공회보스",
      "teller": "帮派老大",
      "title": "铁工会",
      "content": "……"
    },
    {
      "id": 28,
      "model": "철공회보스",
      "teller": "帮派老大",
      "title": "铁工会",
      "content": "啊？怎么回事？"
    },
    {
      "id": 29,
      "model": "철공회보스",
      "teller": "帮派老大",
      "title": "铁工会",
      "content": "我看到了，我看到这小兔崽子摸手腕了！这、这不可能啊……"
    },
    {
      "id": 30,
      "model": "소냐",
      "teller": "索尼亚",
      "title": "圣愚",
      "content": "出局了。真可惜。"
    },
    {
      "id": 31,
      "model": "로쟈",
      "content": "出局了会怎么样？嗯，会被砍掉手之类的吗？"
    },
    {
      "id": 32,
      "model": "소냐",
      "teller": "索尼亚",
      "title": "圣愚",
      "content": "你在开玩笑吧，罗佳？砍掉义体的手没有意义。"
    },
    {
      "id": 33,
      "model": "철공회보스",
      "teller": "帮派老大",
      "title": "铁工会",
      "content": "不，这……这不可能……"
    },
    {
      "id": 34,
      "model": "소냐",
      "teller": "索尼亚",
      "title": "圣愚",
      "content": "虽然要对失败者宽容以待，但也要对弄错的事情更加地慎重。"
    },
    {
      "id": 35,
      "model": "아이드",
      "teller": "艾达",
      "title": "流浪乐队",
      "content": "啊，难道是？"
    },
    {
      "id": -1,
      "content": "여기 캠셰이크 타이밍이 안맞는데 더 좋은 방법이 있을까요.."
    },
    {
      "id": 36,
      "model": "로쟈",
      "content": "……"
    },
    {
      "id": 37,
      "model": "로쟈",
      "content": "呜……这是什么……！"
    },
    {
      "id": 38,
      "model": "아이드",
      "teller": "艾达",
      "title": "流浪乐队",
      "content": "干，先警告一下啊，警告一下！"
    },
    {
      "id": 39,
      "model": "아이드",
      "teller": "艾达",
      "title": "流浪乐队",
      "content": "呜……油脂和脑髓都溢出来了……呕。"
    },
    {
      "id": 40,
      "model": "소냐",
      "teller": "索尼亚",
      "title": "圣愚",
      "content": "还记得吗？罗佳。这是我们后巷垃圾场里的东西吧。"
    },
    {
      "id": 41,
      "model": "로쟈",
      "content": "……"
    },
    {
      "id": 42,
      "model": "소냐",
      "teller": "索尼亚",
      "title": "圣愚",
      "content": "我曾经说过。"
    },
    {
      "id": 43,
      "model": "소냐",
      "teller": "索尼亚",
      "title": "圣愚",
      "content": "我们这样的无产阶级要团结起来，打倒统治阶级，建立新的社会。"
    },
    {
      "id": 44,
      "model": "소냐",
      "teller": "索尼亚",
      "title": "圣愚",
      "content": "然后你如此回答道。"
    },
    {
      "id": 45,
      "model": "소냐",
      "teller": "索尼亚",
      "title": "圣愚",
      "content": "“如果是用那台压缩机把富人们全都压扁的话，那我赞成。”"
    },
    {
      "id": 46,
      "model": "로쟈",
      "content": "……正确来说是“压扁并炸烂他们”。"
    },
    {
      "id": 47,
      "model": "소냐",
      "teller": "索尼亚",
      "title": "圣愚",
      "content": "……没错。"
    },
    {
      "id": 48,
      "model": "소냐",
      "teller": "索尼亚",
      "title": "圣愚",
      "content": "罗佳，你如今还是不愿意回到圣愚吗？"
    },
    {
      "id": 49,
      "model": "로쟈",
      "content": "我……"
    },
    {
      "id": 50,
      "model": "그레고르",
      "content": "刚才……是什么声音？"
    },
    {
      "id": 51,
      "model": "소드",
      "teller": "索德",
      "title": "LCCB",
      "content": "毫无疑问。在愿力种种的……争吵过后。"
    },
    {
      "id": 52,
      "model": "히스클리프",
      "content": "怎么？那些家伙发现了吗？喂，愣着干嘛？赶紧倒转时钟啊。"
    },
    {
      "id": 53,
      "model": "이스마엘",
      "content": "哎呀，请别再挤了。……啊！"
    },
    {
      "id": 54,
      "model": "싱클레어",
      "content": "啊、啊啊……？！"
    },
    {
      "id": 55,
      "content": "不幸的是，那扇门是用脆弱而易碎的米纸做成的。"
    },
    {
      "id": 56,
      "content": "我们就这样跌进了赌场中。"
    }
  ]
}