{
  "dataList": [
    {
      "id": 0,
      "place": "赌场 包间",
      "model": "아이드",
      "teller": "艾达",
      "title": "流浪乐队",
      "content": " 呃……你们是……？"
    },
    {
      "id": 1,
      "model": "단테",
      "content": "<罗佳，怎么样了？！>"
    },
    {
      "id": 2,
      "model": "소냐",
      "teller": "索尼亚",
      "title": "圣愚",
      "content": "罗佳，看来这段时间里你交到新朋友了呢。"
    },
    {
      "id": 3,
      "content": "他摊开双手，将手中的牌放了下来。"
    },
    {
      "id": 4,
      "model": "소냐",
      "teller": "索尼亚",
      "title": "圣愚",
      "content": "游戏结束。"
    },
    {
      "id": 5,
      "model": "소냐",
      "teller": "索尼亚",
      "title": "圣愚",
      "content": "你赢了，罗季昂。我没有任何异议。"
    },
    {
      "id": 6,
      "content": "他如此说道，头也不回地走出门去。"
    },
    {
      "id": 7,
      "content": "取而代之的是，房间内突然响起了空洞的掌声。"
    },
    {
      "id": 8,
      "model": "아이드",
      "teller": "艾达",
      "title": "流浪乐队",
      "content": "哈哈，哎呀……我很享受这场游戏。但是……"
    },
    {
      "id": 9,
      "model": "아이드",
      "teller": "艾达",
      "title": "流浪乐队",
      "content": "我可不像索尼亚那样洒脱。"
    },
    {
      "id": 10,
      "model": "아이드",
      "teller": "艾达",
      "title": "流浪乐队",
      "content": "既然你带来了你的朋友，就让我也介绍一下我的朋友吧。"
    },
    {
      "id": 11,
      "model": "그레고르",
      "content": "……那什么，我记得你们帮派曾经说过，你们赌博只是为了开心而已。"
    },
    {
      "id": 12,
      "model": "아이드",
      "teller": "艾达",
      "title": "流浪乐队",
      "content": "嗯，所以比起直接接受结果，这样不是更有趣吗？"
    },
    {
      "id": 13,
      "model": "로쟈",
      "content": "不管谁是赢家，你们都要动武。对吧？"
    },
    {
      "id": 14,
      "model": "아이드",
      "teller": "艾达",
      "title": "流浪乐队",
      "content": "噗。喂，好好想想吧。我既有力量又有部下，所以为什么要为区区一局游戏而让出金枝？"
    },
    {
      "id": 15,
      "model": "로쟈",
      "content": "也是。其实这样挺好的。"
    },
    {
      "id": 16,
      "model": "로쟈",
      "content": "我从刚刚开始就手痒痒了。"
    }
  ]
}