{
  "dataList": [
    {
      "id": 0,
      "place": "赌场 包间",
      "content": "我们尽力避开了铁工会老大那凄惨的尸体（辛克莱勉强忍住了呕吐的欲望），乘上了电梯。"
    },
    {
      "id": 1,
      "place": "电梯内",
      "content": "之前在脑叶公司支部看到虫子尸体就立刻嘟哝起来的罗佳，此时却一声不吭地按下了通往地下的按钮。"
    },
    {
      "id": 2,
      "content": "随后寂静袭来……"
    },
    {
      "id": 3,
      "content": "索德像是等了很久似的，开始连珠炮般向罗佳提问。"
    },
    {
      "id": 4,
      "model": "소드",
      "teller": "索德",
      "title": "LCCB",
      "content": "……你是怎么不用愿力就赢了的？"
    },
    {
      "id": 5,
      "model": "소드",
      "teller": "索德",
      "title": "LCCB",
      "content": "不对，比起那个，你怎么确信自己能赢？"
    },
    {
      "id": 6,
      "model": "로쟈",
      "content": "啊呀呀，等下等下……一个个慢点问。可以吗？"
    },
    {
      "id": 7,
      "content": "罗佳微笑着让索德冷静下来，随后缓缓开口道。"
    },
    {
      "id": 8,
      "model": "로쟈",
      "content": "铁工会老大从一开始就对豆豆帮帮主颇为警惕。"
    },
    {
      "id": 9,
      "model": "뫼르소",
      "content": "你是如何知晓的？他分明是全身义体，无法看出表情。"
    },
    {
      "id": 10,
      "model": "로쟈",
      "content": "显而易见。毕竟豆豆帮帮主有愿力提取机。"
    },
    {
      "id": 11,
      "model": "로쟈",
      "content": "他相当确信，我们在这场赌局中也一定会用那东西的。"
    },
    {
      "id": 12,
      "model": "에피",
      "teller": "埃菲",
      "title": "LCCB",
      "content": "也就是说……你故意装出贴了愿望贴纸的样子，从而诱导他去揭穿你吗？"
    },
    {
      "id": 13,
      "model": "로쟈",
      "content": "对！所以我才说了“我梭哈了~”。因为我必须要让他觉得我胸有成竹。"
    },
    {
      "id": 14,
      "model": "로쟈",
      "content": "所有的赌博都是靠气势来决定成败的。呼呼。"
    },
    {
      "id": 15,
      "model": "소드",
      "teller": "索德",
      "title": "LCCB",
      "content": "……"
    },
    {
      "id": 16,
      "model": "로쟈",
      "content": "你看。就连你们也以为我用了愿望贴纸吧？"
    },
    {
      "id": 17,
      "model": "로쟈",
      "content": "实际上，所谓的愿望贴纸，不过是给希望和欲望起了个看上去挺像样的名字罢了。"
    },
    {
      "id": 18,
      "model": "로쟈",
      "content": "对于无比自信的人而言，只不过是张奇怪的纸片而已。"
    },
    {
      "id": 19,
      "model": "소드",
      "teller": "索德",
      "title": "LCCB",
      "content": "那不可能……J公司的愿力奇点早就是公认的正式技术了。"
    },
    {
      "id": 20,
      "model": "소드",
      "teller": "索德",
      "title": "LCCB",
      "content": "有数万人仅仅依靠着愿力而生活……"
    },
    {
      "id": 21,
      "model": "로쟈",
      "content": "如今这时代，大概没什么能比这东西更能赋予人们自信了吧。"
    },
    {
      "id": 22,
      "model": "로쟈",
      "content": "但我不一样。"
    },
    {
      "id": 23,
      "model": "로쟈",
      "content": "因为我始终都相信自己。"
    },
    {
      "id": 24,
      "model": "이상",
      "content": "……若是拥有信心，心灵便不会坠入深渊。"
    },
    {
      "id": 25,
      "model": "이상",
      "content": "而那份信心又该如何取得？"
    },
    {
      "id": 26,
      "model": "로쟈",
      "content": "啊，那个？真的很简单啦。就让我特别教给你们吧。好好听着哦。"
    },
    {
      "id": 27,
      "model": "싱클레어",
      "content": "哦……"
    },
    {
      "id": 28,
      "model": "로쟈",
      "content": "只要想着“我就是最强的，所以其他人都是在胡说八道！”，然后把他们当成耳旁风就好啦。"
    },
    {
      "id": 29,
      "model": "파우스트",
      "content": "确实，说得没错。浮士德也是这么想的。"
    },
    {
      "id": 30,
      "model": "싱클레어",
      "content": "……"
    },
    {
      "id": 31,
      "model": "이상",
      "content": "……也许我本不该提问。"
    },
    {
      "id": 32,
      "model": "단테",
      "content": "<罗佳……你该不会也是那么对待我说的话的吧？>"
    },
    {
      "id": 33,
      "content": "不幸的是，胜利的喜悦并未持续太久。"
    },
    {
      "id": 34,
      "place": "赌场地下矿山 1层",
      "content": "在洞窟内不断回荡的鹤嘴锄的声音中，我们看到了严密守卫着金库的警卫，"
    },
    {
      "id": 35,
      "content": "看上去似乎在警告着：“不会让你们轻易到达地下尽头”。"
    },
    {
      "id": 36,
      "model": "로쟈",
      "content": "等等！这样一来，即使赢了游戏也没有用吧！"
    },
    {
      "id": 37,
      "model": "로쟈",
      "content": "为什么我们要这样屏住呼吸地走下去？那群在用鹤嘴锄的奴隶又是谁？"
    },
    {
      "id": 38,
      "model": "소드",
      "teller": "索德",
      "title": "LCCB",
      "content": "虽然我们确实拿到了所有权……但众所周知，我们无法证明身份，严格说来，在他们眼里，我们和入侵者没有区别。"
    },
    {
      "id": 39,
      "content": "在金库前面半吊子藏着的我们简直就像是小偷一样。"
    },
    {
      "id": 40,
      "model": "이스마엘",
      "content": "真厉害。他们在挖洞期间甚至连金库都做出来了。"
    },
    {
      "id": 41,
      "model": "로쟈",
      "content": "真是美丽的光景……我要是死了，绝对要埋在这样的钱山里。最后闻着纸币的香气长眠。"
    },
    {
      "id": 42,
      "model": "그레고르",
      "content": "说起来，之前那个来回打量我们的家伙……是你的熟人吗？"
    },
    {
      "id": 43,
      "model": "로쟈",
      "content": "……是我故乡的朋友。"
    },
    {
      "id": 44,
      "model": "단테",
      "content": "<相比于故乡的朋友，你们似乎是更加微妙的关系。>"
    },
    {
      "id": 45,
      "model": "로쟈",
      "content": "同学会本来就是这样的啊。我亲爱的格雷格不也是杀气腾腾地和以前的战友打招呼的吗？"
    },
    {
      "id": 46,
      "model": "그레고르",
      "content": "……这话我没法反驳啊。"
    },
    {
      "id": 47,
      "model": "홍루",
      "content": "铁笼里似乎有什么东西在动。"
    },
    {
      "id": 48,
      "model": "홍루",
      "content": "是养了什么宠物吗？"
    },
    {
      "id": 49,
      "model": "이스마엘",
      "content": "……你家里是把能摇坏铁笼子的生物称作宠物的吗？"
    },
    {
      "id": 50,
      "model": "파우스트",
      "content": "那些是罪种。"
    },
    {
      "id": 51,
      "model": "단테",
      "content": "<他们是觉得自己能驯化异想体吗？>"
    },
    {
      "id": 52,
      "model": "그레고르",
      "content": "要是尤莉小姐听到了，光是嗤笑就能吹飞三个人吧。"
    },
    {
      "id": 53,
      "model": "싱클레어",
      "content": "尤莉小姐……"
    },
    {
      "id": 54,
      "model": "파우스트",
      "content": "理论上是可行的。"
    },
    {
      "id": 55,
      "model": "파우스트",
      "content": "如果它们拥有人类程度的智力，并且配有经过多次实验验证的管理方法的话。"
    },
    {
      "id": 56,
      "model": "이스마엘",
      "content": "哈啊……成功了的话，似乎能成为不错的看门狗。"
    },
    {
      "id": 57,
      "model": "홍루",
      "content": "欸？仔细一看，那些人的手指和身体的一部分被咬掉了。"
    },
    {
      "id": 58,
      "content": "谢天谢地，他这次没说“这是什么潮流吗？”之类的无意义的话。"
    },
    {
      "id": 59,
      "model": "홍루",
      "content": "……这种事情是什么潮流吗？"
    },
    {
      "id": 60,
      "model": "단테",
      "content": "<……>"
    },
    {
      "id": 61,
      "content": "他差点就没说了。"
    }
  ]
}