{
  "dataList": [
    {
      "id": 0,
      "place": "梅菲斯托费勒斯 内部",
      "content": "夕阳将逝，巴士被黑暗笼罩着。"
    },
    {
      "id": 1,
      "model": "카론",
      "content": "…………"
    },
    {
      "id": 2,
      "content": "巴士中回荡着卡戎的哼唱声。"
    },
    {
      "id": 3,
      "content": "我对这段旋律有种莫名的熟悉感，便不自觉地在心中跟着唱起来。"
    },
    {
      "id": 4,
      "model": "베르길리우스",
      "content": "最为美妙的演奏往往于世间那些破碎的事物之中诞生。真是讽刺。"
    },
    {
      "id": 5,
      "content": "维吉里乌斯察觉到我正盯着巴士驾驶席的方向，便如是说道。"
    },
    {
      "id": 6,
      "model": "베르길리우스",
      "content": "但去感受这种美妙的演奏也并非他们的分内之事……多么令人不甘啊。"
    },
    {
      "id": 7,
      "model": "단테",
      "content": "<……>"
    },
    {
      "id": 8,
      "model": "베르길리우스",
      "content": "卡戎，你今天看起来心情不错。"
    },
    {
      "id": 9,
      "content": "卡戎点了点头。"
    },
    {
      "id": 10,
      "model": "카론",
      "content": "嗯，心情好的时候，就唱歌。"
    },
    {
      "id": 11,
      "model": "베르길리우스",
      "content": "这样啊。"
    },
    {
      "id": 12,
      "model": "베르길리우스",
      "content": "不过……"
    },
    {
      "id": 13,
      "model": "베르길리우스",
      "content": "不如说你只有在心情忧郁的时候才会哼这首歌吧。"
    },
    {
      "id": 14,
      "model": "카론",
      "content": "卡戎，没有那种记忆。"
    },
    {
      "id": 15,
      "model": "카론",
      "content": "卡戎，心情好，就会唱歌。"
    },
    {
      "id": 16,
      "content": "维吉里乌斯的眼中似乎被黑暗填满。"
    },
    {
      "id": 17,
      "content": "如果要用颜色来表达孤独感的话，我一定会毫不犹豫地选择这种色彩。"
    },
    {
      "id": 18,
      "content": "不过那种表情仅在他脸上停留了一瞬……"
    },
    {
      "id": 19,
      "content": "所以我决定把那当成夕阳过于强烈的余晖所导致的错觉。"
    },
    {
      "id": 20,
      "model": "베르길리우스",
      "content": "……卡戎此刻所哼唱的，是一个无声、无色的世界。"
    },
    {
      "id": 21,
      "model": "베르길리우스",
      "content": "她正身处一条看不见出口的漫长隧道，无法自拔。"
    },
    {
      "id": 22,
      "content": "就像确实存在于某处的、我所不知道的我的人生一般……"
    },
    {
      "id": 23,
      "content": "卡戎与维吉里乌斯一定也有属于他们的残酷回忆吧。"
    },
    {
      "id": 24,
      "model": "베르길리우스",
      "content": "行了，私人的事就说到这里吧。但丁。"
    },
    {
      "id": 25,
      "model": "베르길리우스",
      "content": "你的工作可不是和我套近乎，而是管理他们。"
    },
    {
      "id": 26,
      "content": "当我再次望向维吉里乌斯时，他的脸上只剩下一个淡淡的微笑，如同刚刚的悲伤只存在于刹那之间一般。"
    },
    {
      "id": 27,
      "content": "我向他点了点头，转身看向罪人们。"
    },
    {
      "id": 28,
      "content": "从刚才起，巴士就陷入了一种奇妙的高昂情绪之中。"
    },
    {
      "id": 29,
      "content": "罪人们聚集在一起的原因无非是他们首次成功地回收了金枝，这也情有可原。"
    },
    {
      "id": 30,
      "content": "所有罪人似乎都忙着吹嘘他们在J公司的英雄事迹。"
    },
    {
      "id": 31,
      "model": "로쟈",
      "content": "你们真应该看看我亮出牌的那一刻。那可真称得上是名场面啦~"
    },
    {
      "id": 32,
      "model": "그레고르",
      "content": "啊……这个故事我已经听了七遍了，差不多也已经感到厌烦了。换个话题吧——我们这次要去哪儿？"
    },
    {
      "id": 33,
      "model": "베르길리우스",
      "content": "这次我们要去的是……K公司所在的巢。"
    },
    {
      "id": 34,
      "model": "히스클리프",
      "content": "啊，是11区？托这份工作的福，能去到一辈子都没法想象自己能去到的地方。"
    },
    {
      "id": 35,
      "model": "돈키호테",
      "content": "曾听闻彼处也有一位屈指可数的伟大人物！那一定也能找到纪念品商铺罢！吾一直想买下一套限量版手办套装！"
    },
    {
      "id": 36,
      "model": "로쟈",
      "content": "哦~那里是不是还开着家汉堡肉好吃到出名的连锁餐厅来着？"
    },
    {
      "id": 37,
      "model": "오티스",
      "content": "呼……现在生活条件真好。以前我在执行任务的行军期间，能入口的只有一小撮盐而已。"
    },
    {
      "id": 38,
      "model": "이스마엘",
      "content": "还真是。我在航行期间唯一能吃到的食物，只有全是铁味的汤罐头。"
    },
    {
      "id": 39,
      "model": "로쟈",
      "content": "……是、是不是已经口水直流了？对吧，良秀？"
    },
    {
      "id": 40,
      "model": "료슈",
      "content": "呵，想到不同部位的血色，我确实已经垂涎三尺了。"
    },
    {
      "id": 41,
      "model": "로쟈",
      "content": "呃……真是没法跟你好好说话。小家伙，你想吃点什么？"
    },
    {
      "id": 42,
      "model": "싱클레어",
      "content": "……"
    },
    {
      "id": 43,
      "content": "罗佳可能是找不到能回应她的人，于是一如既往地把话抛给了辛克莱。"
    },
    {
      "id": 44,
      "content": "然而……"
    },
    {
      "id": 45,
      "model": "로쟈",
      "content": "辛克莱？"
    },
    {
      "id": 46,
      "model": "로쟈",
      "content": "哎呀？！喂，他、他怎么了？"
    },
    {
      "id": 47,
      "model": "뫼르소",
      "content": "他面色惨白。还伴随着过度呼吸与浑身发冷的症状。"
    },
    {
      "id": 48,
      "model": "단테",
      "content": "<这、他这样多长时间了？>"
    },
    {
      "id": 49,
      "model": "뫼르소",
      "content": "从维吉里乌斯先生提到K公司开始。"
    },
    {
      "id": 50,
      "model": "단테",
      "content": "<为什么不早点告诉我？>"
    },
    {
      "id": 51,
      "model": "뫼르소",
      "content": "……因为您并没有命令我这么做。"
    },
    {
      "id": 52,
      "content": "默尔索用一种理所当然的语气盯着我说道。"
    },
    {
      "id": 53,
      "model": "싱클레어",
      "content": "我……只是突然有点胃疼。对不起。"
    },
    {
      "id": 54,
      "model": "로쟈",
      "content": "你确定真没问题……？"
    },
    {
      "id": 55,
      "model": "단테",
      "content": "<这么说来……>"
    },
    {
      "id": 56,
      "model": "단테",
      "content": "<浮士德，似乎每次维吉里乌斯公布本次目的地时，我们中就会有一个人对此做出紧张的反应。>"
    },
    {
      "id": 57,
      "model": "단테",
      "content": "<并且，我们到达的地方，实际上都在某种程度上与此人紧密相关。>"
    },
    {
      "id": 58,
      "model": "단테",
      "content": "<这该不会与我们入职公司的理由有着某种联系吧？>"
    },
    {
      "id": 59,
      "model": "파우스트",
      "content": "……你刚才说了“我们”是吧。"
    },
    {
      "id": 60,
      "model": "단테",
      "content": "<啊？>"
    },
    {
      "id": 61,
      "model": "파우스트",
      "content": "感知微妙的变化也是我的重要工作之一。"
    },
    {
      "id": 62,
      "model": "파우스트",
      "content": "回到问题上来，虽然不能告诉您罪人们入职的详细理由……"
    },
    {
      "id": 63,
      "model": "파우스트",
      "content": "但不可否认的是，我们的目的地确实和每一位罪人的出身有一定联系。"
    },
    {
      "id": 64,
      "model": "히스클리프",
      "content": "……把用是或否就能回答的简单问题扯得没完没了，是你们脑子好使的人的特长吗？"
    },
    {
      "id": 65,
      "model": "파우스트",
      "content": "概括式说明并不总是正确的。浮士德只是选择了该场合下最有效的叙述方式而已。"
    },
    {
      "id": 66,
      "model": "히스클리프",
      "content": "概……概啥？"
    },
    {
      "id": 67,
      "model": "파우스트",
      "content": "……不是因为浮士德太有学问，而是因为你不学无术，因此你才难以理解浮士德的话。"
    },
    {
      "id": 68,
      "model": "히스클리프",
      "content": "你……！"
    },
    {
      "id": 69,
      "model": "싱클레어",
      "content": "呜、呕……"
    },
    {
      "id": 70,
      "content": "当希斯克利夫挥着球棒，向浮士德走去时……"
    },
    {
      "id": 71,
      "content": "辛克莱突然往地上呕吐起来。"
    },
    {
      "id": 72,
      "content": "巴士上的骚乱这才平息下来。"
    }
  ]
}