{
  "dataList": [
    {
      "id": 0,
      "place": "梅菲斯托费勒斯 内部",
      "model": "카론",
      "content": "心情愉悦的卡戎，心情愉悦地抵达。"
    },
    {
      "id": 1,
      "model": "베르길리우스",
      "content": "好了，下车吧。该过安检了。"
    },
    {
      "id": 2,
      "model": "베르길리우스",
      "content": "啊，以防你们“和平常一样”。"
    },
    {
      "id": 3,
      "model": "베르길리우스",
      "content": "也就是，闯了大祸还指望着有人能给你们善后……"
    },
    {
      "id": 4,
      "model": "베르길리우스",
      "content": "这种想法在检查站还是全部扔掉为妙。"
    },
    {
      "id": 5,
      "content": "他这话说得还真够吓人的，类似这样的想法很快就烟消云散了……"
    },
    {
      "id": 6,
      "place": "K公司 检查站",
      "model": "더미2",
      "teller": "广播",
      "title": "K公司 检查站",
      "content": "我们向访问K公司的各位表示欢迎。"
    },
    {
      "id": 7,
      "model": "더미2",
      "teller": "广播",
      "title": "K公司 检查站",
      "content": "请排成一队，有序入场，并按照说明站在适当的位置上。"
    },
    {
      "id": 8,
      "content": "在检查站这种给第一次到访的人带来压迫感的气氛下，罪人们似乎有些怯场，变得老实起来。"
    },
    {
      "id": 9,
      "content": "我可以不时地听见辛克莱的抽噎声，以及罗佳和格里高尔在一旁的安慰声。"
    },
    {
      "id": 10,
      "content": "就算问他为什么，他也只是一言不发地摇头。"
    },
    {
      "id": 11,
      "model": "베르길리우스",
      "content": "瞧瞧你们，平时也这么守规矩该多好啊。就像一群出来郊游的小雏鸡一样。"
    },
    {
      "id": 12,
      "model": "이스마엘",
      "content": "等下，为什么你会在这……"
    },
    {
      "id": 13,
      "model": "단테",
      "content": "<为什么这次你跟我们一起下了巴士……？>"
    },
    {
      "id": 14,
      "content": "注意到我因为意料之外的人出现而做出了奇怪的反应，维吉里乌斯缓缓地开了口。"
    },
    {
      "id": 15,
      "model": "베르길리우스",
      "content": "因为这里是巢，但丁。"
    },
    {
      "id": 16,
      "model": "베르길리우스",
      "content": "如果你们中的任何一个在这里发生了什么意外……"
    },
    {
      "id": 17,
      "model": "베르길리우스",
      "content": "但丁，你很难负得起全部责任。"
    },
    {
      "id": 18,
      "content": "维吉里乌斯这句话简直就是在说……"
    },
    {
      "id": 19,
      "content": "“因为你一个人不太可靠，所以就跟上来了。”"
    },
    {
      "id": 20,
      "content": "……不过，我决定不对此发表评论。"
    }
  ]
}