{
  "dataList": [
    {
      "id": 0,
      "place": "梅菲斯托费勒斯 内部",
      "content": "在辛克莱的情况解决之后不久……"
    },
    {
      "id": 1,
      "model": "그레고르",
      "content": "顺便一提，你说的K巢，就是指11区的后巷吧？"
    },
    {
      "id": 2,
      "model": "그레고르",
      "content": "先前大家都有点亢奋所以我没找到机会提这件事……"
    },
    {
      "id": 3,
      "model": "베르길리우스",
      "content": "除非特殊情况，否则我一般不会说错。"
    },
    {
      "id": 4,
      "model": "베르길리우스",
      "content": "你没听错，格里高尔。我们要去的地方就是K公司所在的巢。"
    },
    {
      "id": 5,
      "model": "그레고르",
      "content": "啊，但是如果我们要进巢里……"
    },
    {
      "id": 6,
      "model": "베르길리우스",
      "content": "啊，需要进行必要的检查。"
    },
    {
      "id": 7,
      "model": "로쟈",
      "content": "我可没有K公司的签证。除了我以外也不是每个人都有，吧？"
    },
    {
      "id": 8,
      "model": "히스클리프",
      "content": "啥。为啥要看着我？"
    },
    {
      "id": 9,
      "model": "료슈",
      "content": "解决方法很简单。闭·突。"
    },
    {
      "id": 10,
      "model": "료슈",
      "content": "然后继续持·入，直到我们突破防线。"
    },
    {
      "id": 11,
      "model": "료슈",
      "content": "总之，闭·突·持·入。呼呼……"
    },
    {
      "id": 12,
      "content": "不论良秀这些古怪的缩写究竟是什么意思，罪人们已经学会了不去追究。"
    },
    {
      "id": 13,
      "model": "이스마엘",
      "content": "我们边狱公司这样的大公司，也许无需签证也能通行。"
    },
    {
      "id": 14,
      "model": "이스마엘",
      "content": "而且良秀提出的方案非常耗费时间。你到底把翼管理下的巢当成什么了？"
    },
    {
      "id": 15,
      "model": "단테",
      "content": "<好吧，看来没人关心我要因为闭·突·持·入而遭受什么，对吧？>"
    },
    {
      "id": 16,
      "content": "悲伤的是，没有一位罪人打算对我的话作出回应。"
    },
    {
      "id": 17,
      "model": "베르길리우스",
      "content": "正如以实玛利所说，我们可以免签证入境。"
    },
    {
      "id": 18,
      "model": "베르길리우스",
      "content": "边狱公司背后有很多领域的股东提供支持。"
    },
    {
      "id": 19,
      "model": "홍루",
      "content": "啊，难道你也认识H公司的股东？"
    },
    {
      "id": 20,
      "model": "홍루",
      "content": "我弟弟小时候固执地说非红色护照不可，所以他们亲自来过我家。"
    },
    {
      "id": 21,
      "model": "베르길리우스",
      "content": "无可奉告，我只是一介向导而已，没资格知道这些。"
    },
    {
      "id": 22,
      "model": "베르길리우스",
      "content": "另外，这个问题似乎并没有回答的价值。"
    },
    {
      "id": 23,
      "model": "홍루",
      "content": "好过分……"
    },
    {
      "id": 24,
      "model": "베르길리우스",
      "content": "比起那些，更关键的是前往检查站的路途。"
    },
    {
      "id": 25,
      "model": "베르길리우스",
      "content": "检查站的审查极其复杂，也意味着觊觎通行权的人遍地都是。"
    },
    {
      "id": 26,
      "model": "뫼르소",
      "content": "……我已经听到有几个不速之客包围了巴士。"
    },
    {
      "id": 27,
      "model": "단테",
      "content": "<行吧……下车，干活。>"
    }
  ]
}