{
  "dataList": [
    {
      "id": 0,
      "place": "K公司 检查站",
      "model": "이스마엘",
      "content": "队伍移动得很快，最多10分钟就能轮到我们了。"
    },
    {
      "id": 1,
      "model": "이스마엘",
      "content": "我们十三个人全都要回答过境问题吗？他们应该听不懂但丁在说什么，那我们该怎么办？"
    },
    {
      "id": 2,
      "content": "以实玛利似乎有在焦虑时语速会变快，提问的数量也会相应增加的习惯。"
    },
    {
      "id": 3,
      "model": "베르길리우스",
      "content": "哪怕你不问，我也正准备说这件事。"
    },
    {
      "id": 4,
      "model": "베르길리우스",
      "content": "听好了。K公司的员工只会对站在这一排的人提些非常简单的问题。"
    },
    {
      "id": 5,
      "model": "베르길리우스",
      "content": "同样，你们的回答也要非常简洁。"
    },
    {
      "id": 6,
      "model": "베르길리우스",
      "content": "如果检查站员工问起你们的入境目的……"
    },
    {
      "id": 7,
      "model": "베르길리우스",
      "content": "就说：“我们是边狱公司来办理业务的，请检查我们的工作签证。”"
    },
    {
      "id": 8,
      "model": "베르길리우스",
      "content": "记住这句话，背下来，一个字都不准漏掉。"
    },
    {
      "id": 9,
      "model": "베르길리우스",
      "content": "你们只需要证明自己不是来惹事的，剩下的交给我就好。"
    },
    {
      "id": 10,
      "model": "파우스트",
      "content": "如果你连这句话都没法记清楚，那我建议你把嘴闭紧。"
    },
    {
      "id": 11,
      "model": "파우스트",
      "content": "只出示自己的员工证就够了。"
    },
    {
      "id": 12,
      "model": "단테",
      "content": "<只要闭上嘴，别惹麻烦就行了。这简直是天底下最容易的工作。> "
    },
    {
      "id": 13,
      "content": "我看着她的脸色，偷偷讽刺了一句。"
    },
    {
      "id": 14,
      "content": "虽然很担心浮士德会告我的状，但谢天谢地……"
    },
    {
      "id": 15,
      "content": "维吉里乌斯只是盯着空气，一句话也没说。"
    },
    {
      "id": 16,
      "model": "베르길리우스",
      "content": "那么，第二件事。"
    },
    {
      "id": 17,
      "model": "베르길리우스",
      "content": "如果有问题，先问过自己它是否有意义之后，"
    },
    {
      "id": 18,
      "model": "베르길리우스",
      "content": "再安静地举手进行提问。"
    },
    {
      "id": 19,
      "content": "包括我在内的几个人举起了手。"
    },
    {
      "id": 20,
      "model": "베르길리우스",
      "content": "罗季昂。"
    },
    {
      "id": 21,
      "model": "로쟈",
      "content": "因为我们是公务目的入境，所以可以携带武器，对吗~？"
    },
    {
      "id": 22,
      "model": "베르길리우스",
      "content": "对。下一个。"
    },
    {
      "id": 23,
      "model": "로쟈",
      "content": "那么，格雷格奇形怪状的胳膊，还有但丁那颗厉害的闹钟脑袋，也没问题吧？"
    },
    {
      "id": 24,
      "model": "이스마엘",
      "content": "能。顺带一提，我们经理的脑袋会被视为义体而不是武器。所以，就算我们只有游客签证，也能通过安检——即使这个脑袋有起死回生的能力也是一样。"
    },
    {
      "id": 25,
      "content": "以实玛利就像模范生一样替维吉里乌斯回答道。"
    },
    {
      "id": 26,
      "content": "在上次赌场的任务中也这样想过……"
    },
    {
      "id": 27,
      "content": "在对我这位领导者的能力感到失望后，以实玛利似乎更倾向于应该按照自己的判断去行动。"
    },
    {
      "id": 28,
      "model": "베르길리우스",
      "content": "没错。"
    },
    {
      "id": 29,
      "content": "我和格里高尔同时放下了手。"
    },
    {
      "id": 30,
      "model": "베르길리우스",
      "content": "然后，良秀。先把烟灭了再说话。"
    },
    {
      "id": 31,
      "model": "료슈",
      "content": "……我没有举手。"
    },
    {
      "id": 32,
      "model": "돈키호테",
      "content": "……"
    },
    {
      "id": 33,
      "content": "维吉里乌斯似乎很想无视掉堂吉诃德那快要举到天上的手臂……"
    },
    {
      "id": 34,
      "content": "但他最后还是在那笔直举起的胳膊面前败下阵来，给了她一个提问的机会。"
    },
    {
      "id": 35,
      "model": "베르길리우스",
      "content": "……好吧，堂吉诃德。什么事？"
    },
    {
      "id": 36,
      "model": "더미",
      "teller": "堂吉诃德",
      "title": "3号罪人",
      "content": "那面玻璃墙于此是何用途？"
    },
    {
      "id": 37,
      "content": "所有人的视线都转向了堂吉诃德手指着的方向，在检查站的正中间，有一面玻璃墙伫立于此。"
    },
    {
      "id": 38,
      "content": "在被玻璃墙对半分开的另外一侧……"
    },
    {
      "id": 39,
      "content": "有无数的人们排成一队在等待。"
    },
    {
      "id": 40,
      "model": "그레고르",
      "content": "与其说是在排队，倒不如说是人们坐在地上等着队伍前进。"
    },
    {
      "id": 41,
      "model": "그레고르",
      "content": "看得出他们好像已经排了很长时间的队。"
    },
    {
      "id": 42,
      "model": "뫼르소",
      "content": "那边的武装警卫人数也是我们这一侧的三倍。"
    },
    {
      "id": 43,
      "model": "베르길리우스",
      "content": "……这座建筑中绝大多数的玻璃墙都是出于安全考虑而建造的。"
    },
    {
      "id": 44,
      "model": "로쟈",
      "content": "啊~简单来说，那条队伍是给普通后巷居民的。每座巢管理移民的方式都不一样，但不论如何，如果没有正常的签证，想去其他巢就会极其困难。"
    },
    {
      "id": 45,
      "model": "로쟈",
      "content": "你想，为什么之前那群人要冒着生命危险，在检查站附近袭击我们？无非是就算抢也要拿到签证，进到巢里去罢了。"
    },
    {
      "id": 46,
      "model": "베르길리우스",
      "content": "……这个不是我们所能解决的问题。"
    },
    {
      "id": 47,
      "content": "然而，堂吉诃德对这个回答并不满意。"
    },
    {
      "id": 48,
      "content": "也许是因为墙那边充满的、阴郁而压抑的气氛……"
    },
    {
      "id": 49,
      "content": "亦或是那边所正在发生的骚乱所致。我说不清楚。"
    },
    {
      "id": 50,
      "model": "오티스",
      "content": "轮到我们了，经理。"
    },
    {
      "id": 51,
      "model": "단테",
      "content": "<啊？好……>"
    },
    {
      "id": 52,
      "content": "这一侧的队伍移动得非常快，没来得及说上几句话就轮到了我们。"
    },
    {
      "id": 53,
      "model": "이스마엘",
      "content": "记住：当你被问到入境目的时……"
    },
    {
      "id": 54,
      "model": "료슈",
      "content": "……你要是敢再重复一遍，我就给你和那个检查人员之类的家伙表演一下，什么，叫作万·短·至·艺。"
    },
    {
      "id": 55,
      "content": "与以实玛利的担忧不同，我们通过检查站的过程一帆风顺。"
    },
    {
      "id": 56,
      "model": "검문소경비",
      "teller": "检查站工作人员",
      "title": "K公司",
      "content": "请提供您的身份证明和入境目的。"
    },
    {
      "id": 57,
      "model": "그레고르",
      "content": "啊，我是因公务原因被边狱公司派来的。这是我的员工证。"
    },
    {
      "id": 58,
      "model": "검문소경비",
      "teller": "检查站工作人员",
      "title": "K公司",
      "content": "……检查完毕。下一位。"
    },
    {
      "id": 59,
      "model": "로쟈",
      "content": "来自边狱公司，由于公务原因入境。说是只要给你们看员工证就行了吧。"
    },
    {
      "id": 60,
      "model": "검문소경비",
      "teller": "检查站工作人员",
      "title": "K公司",
      "content": "……检查完毕。下一位。"
    },
    {
      "id": 61,
      "content": "在第一位罪人表明了我们属于边狱公司的身份后，剩下的人轻而易举地通过了检查。"
    },
    {
      "id": 62,
      "content": "工作人员以毫无起伏的语调问着同一个问题，用不感兴趣的眼神分别看过我们的脸和员工证（根据速度来看，更像是习惯性动作而非仔细确认）之后，将罪人们一一放行了。"
    },
    {
      "id": 63,
      "model": "더미2",
      "teller": "排队的人",
      "title": "11区",
      "content": "…… ……"
    },
    {
      "id": 64,
      "model": "이스마엘",
      "content": "……那边好像出了什么事。"
    },
    {
      "id": 65,
      "content": "然而，玻璃墙的厚度足以阻挡声音的传递。"
    },
    {
      "id": 66,
      "content": "我们很难确切地得知墙对面发生了什么。"
    },
    {
      "id": 67,
      "content": "但清晰可见的是，警卫们绑上了一个人的双手，把他拖走了。"
    },
    {
      "id": 68,
      "content": "在他们面前，一个不知所措的孩子正在无助地哭泣。"
    },
    {
      "id": 69,
      "model": "이스마엘",
      "content": "……不必在意。虽说不知道发生了什么，但应该是有人触犯了翼的禁忌。"
    },
    {
      "id": 70,
      "model": "히스클리프",
      "content": "没错。提到那些穷人能触犯的禁忌，除了没给那些人口袋里塞够钱以外还能是什么呢？"
    },
    {
      "id": 71,
      "model": "이스마엘",
      "content": "……你现在是在嘲讽我对吧？"
    },
    {
      "id": 72,
      "model": "히스클리프",
      "content": "哈，什么嘛。不是说没什么好在意的吗？你这不挺在意的嘛。"
    },
    {
      "id": 73,
      "content": "希斯克利夫在为他戏弄以实玛利的第一次成功而大声庆祝。但在我因此分心的同时……"
    },
    {
      "id": 74,
      "content": "一个意料之内的人在意料之外的时机，再次冲了出来。"
    },
    {
      "id": 75,
      "model": "검문소경비",
      "teller": "检查站工作人员",
      "title": "K公司",
      "content": "请提供您的身份证明和入境目的。"
    },
    {
      "id": 76,
      "model": "돈키호테",
      "content": "……"
    },
    {
      "id": 77,
      "model": "돈키호테",
      "content": "吾为给予弱者自由而来！"
    },
    {
      "id": 78,
      "content": "检查站工作人员的脸上第一次流露出了感情。"
    },
    {
      "id": 79,
      "content": "大吃一惊。"
    },
    {
      "id": 80,
      "content": "正如字面意思，他抬起头来，用惊愕的表情看着堂吉诃德。"
    },
    {
      "id": 81,
      "model": "돈키호테",
      "content": "把那些人放开！汝不曾看见他们正痛苦万分吗！"
    },
    {
      "id": 82,
      "model": "검문소경비",
      "teller": "检查站工作人员",
      "title": "K公司",
      "content": "……请提供您的身份证明和入境目的。"
    },
    {
      "id": 83,
      "content": "工作人员极力无视着她的话，只是重复着同样的台词。"
    },
    {
      "id": 84,
      "content": "堂吉诃德的心情每况愈下，这一点显而易见。"
    },
    {
      "id": 85,
      "content": "随后……"
    },
    {
      "id": 86,
      "content": "在再次透过玻璃墙所看到的情景中……"
    },
    {
      "id": 87,
      "content": "我看见那孩子绝望地对着被拉出去的人喊着："
    },
    {
      "id": 88,
      "teller": "孩子",
      "title": "？？？",
      "content": "“爸——"
    },
    {
      "id": 89,
      "teller": "孩子",
      "title": "？？？",
      "content": "——爸！”"
    },
    {
      "id": 90,
      "model": "돈키호테",
      "content": "汝若不作回应，那吾将挺身而出！"
    },
    {
      "id": 91,
      "model": "검문소경비",
      "teller": "检查站工作人员",
      "title": "K公司",
      "content": "……嚯。"
    },
    {
      "id": 92,
      "model": "검문소경비",
      "teller": "检查站工作人员",
      "title": "K公司",
      "content": "紫色编码、紫色编码。发生违反禁忌K185的事件。"
    },
    {
      "id": 93,
      "model": "검문소경비",
      "teller": "检查站工作人员",
      "title": "K公司",
      "content": "申请血小板支援。重复，申请血小板支援……"
    },
    {
      "id": 94,
      "content": "工作人员似乎除了固定的句子外就不懂别的说话方式，不久就开始向对讲机中播报一些充满杀气的话语。"
    },
    {
      "id": -1,
      "model": "//효과음",
      "content": "쾅 쾅 쾅 (철문이 강하게 내려찍는 소리)"
    },
    {
      "id": -1,
      "model": "//효과음",
      "content": "사이렌"
    },
    {
      "id": 95,
      "model": "더미2",
      "teller": "广播",
      "title": "K公司",
      "content": "全体人员请注意：紫色编码。紫色编码。2号流动大厅，14号安检口。呼叫凝血细胞，呼叫白细胞。"
    },
    {
      "id": 96,
      "content": "令人困惑的广播声和刺耳的警笛声在我们身周一同响起，厚重的金属大门带着可怕的气势关了起来。"
    },
    {
      "id": 97,
      "model": "히스클리프",
      "content": "……真该把她的脑袋砸碎，再把她丢进裹尸袋里。"
    },
    {
      "id": 98,
      "model": "이스마엘",
      "content": "我觉得这并不会有什么成效。"
    },
    {
      "id": 99,
      "model": "이상",
      "content": "血小板，白细胞……能分辨出来他们说的都是血细胞的名称。"
    },
    {
      "id": 100,
      "model": "파우스트",
      "content": "似乎就是如此。非常适合K公司的称呼。"
    },
    {
      "id": 101,
      "content": "所有人都望向浮士德手指的方向……"
    },
    {
      "id": 102,
      "content": "身着充满威慑感服装的安保人员正死死盯着我们。"
    }
  ]
}