{
  "dataList": [
    {
      "id": 0,
      "place": "K公司 检查站",
      "model": "단테",
      "content": "<虽然我已经习惯这种情况了，但这次感觉相当严重啊。>"
    },
    {
      "id": 1,
      "model": "파우스트",
      "content": "的确如此。毕竟，我们触犯了翼的禁忌。"
    },
    {
      "id": 2,
      "model": "단테",
      "content": "<我们不能趁着现在还没人受伤试试用语言解决问题吗？>"
    },
    {
      "id": 3,
      "content": "浮士德直视着我的脸。"
    },
    {
      "id": 4,
      "content": "浮士德说话时通常只盯着虚空中的某处，她直视某人只能说明一件事："
    },
    {
      "id": 5,
      "content": "我说的话必然是令人郁闷到了某种程度。"
    },
    {
      "id": 6,
      "model": "파우스트",
      "content": "无论是哪片翼，触犯了禁忌都意味着……"
    },
    {
      "id": -1,
      "model": "//효과음",
      "content": "총소리와 폭발 소리"
    },
    {
      "id": 7,
      "content": "一声巨响后，堂吉诃德在她刚站着的地方被肢解成了几块。"
    },
    {
      "id": 8,
      "model": "파우스트",
      "content": "可以无需警告，直接对违反禁忌者进行处决。"
    },
    {
      "id": 9,
      "content": "难道要把全体罪人们都肢解成几块才能抵消掉违背禁忌的罪名吗……"
    },
    {
      "id": 10,
      "content": "武装安保人员们正从四面八方向我们靠近。"
    },
    {
      "id": 11,
      "model": "베르길리우스",
      "content": "……你让我惊讶的能力还真是与日俱增。"
    },
    {
      "id": 12,
      "model": "베르길리우스",
      "content": "你成功地把我心里对你仅存的一点期待也消耗殆尽了。"
    },
    {
      "id": 13,
      "model": "베르길리우스",
      "content": "我不管了。把一切都归咎于她，或是大家一起承担责任，你自己看着办吧。"
    },
    {
      "id": 14,
      "model": "이스마엘",
      "content": "你之前不是说光有经理是不够的所以才与我们同行吗？！"
    },
    {
      "id": 15,
      "model": "베르길리우스",
      "content": "我只说了要对没法避免的事情负责，可没说要处理这种无意义的问题。"
    },
    {
      "id": 16,
      "content": "维吉里乌斯若无其事地穿过武装警卫们的队伍，斜靠在了一面墙边。"
    },
    {
      "id": 17,
      "content": "然后似乎打定主意当起观众一般，把双臂交叉在胸前。"
    }
  ]
}