{
  "dataList": [
    {
      "id": 0,
      "place": "K公司 检查站",
      "model": "단테",
      "content": "<你真打算就这么袖手旁观吗？>"
    },
    {
      "id": 1,
      "model": "베르길리우스",
      "content": "你那样看着我也没用的，经理。"
    },
    {
      "id": 2,
      "model": "베르길리우스",
      "content": "我只是一介无人理睬的向导，还掏出武器是不是太不知好歹了。"
    },
    {
      "id": 3,
      "model": "베르길리우스",
      "content": "啊，最后多管闲事一句：K公司的奇点是HP弹，绝大多数的伤势它都能在一瞬间治愈。"
    },
    {
      "id": 4,
      "model": "베르길리우스",
      "content": "我想这可能和你的那种能力相似吧。"
    },
    {
      "id": 5,
      "model": "단테",
      "content": "<等一下……！>"
    },
    {
      "id": 6,
      "content": "我那微弱的请求完全被无视了——甚至可能根本没有被听到。K公司的安保人员们正逐渐向我们逼近。"
    }
  ]
}