{
  "dataList": [
    {
      "id": 0,
      "place": "K公司 检查站",
      "content": "K公司的奇点，HP弹。"
    },
    {
      "id": 1,
      "content": "即便我们费尽心力造成了致命伤，也只要一颗HP弹就能让它彻底化为泡影。"
    },
    {
      "id": 2,
      "content": "果不其然，首先传来了希斯克利夫勉强保持到现在的耐心彻底粉碎的声音。"
    },
    {
      "id": 3,
      "model": "히스클리프",
      "content": "我受不了了！我们正在做这世上最没意义的事情！明白吗！"
    },
    {
      "id": 4,
      "model": "파우스트",
      "content": "我之前就说过，与翼发生冲突是毫无意义的。"
    },
    {
      "id": 5,
      "model": "로쟈",
      "content": "我也没想到是这种很快就变得毫无意义的战斗啊~"
    },
    {
      "id": 6,
      "model": "뫼르소",
      "content": "无论砍去多少肉都会再生出来。"
    },
    {
      "id": 7,
      "model": "뫼르소",
      "content": "很难正常地继续战斗下去。"
    },
    {
      "id": 8,
      "model": "료슈",
      "content": "……"
    },
    {
      "id": 9,
      "model": "료슈",
      "content": "真是的……这也能称之为艺术吗……"
    },
    {
      "id": 10,
      "content": "良秀露出了至今为止所见过的她最痛苦的表情，满面愁容地挥舞着她的刀鞘。"
    },
    {
      "id": 11,
      "content": "斩击而出的伤口在流出血来之前就会被快速修复——对于良秀而言，没有比这更糟糕的战斗了。"
    },
    {
      "id": 12,
      "model": "단테",
      "content": "<还有什么办法吗……？>"
    },
    {
      "id": 13,
      "model": "파우스트",
      "content": "HP……或者叫海拉创生，是一种可以不断补充受损的身体细胞的生物工程技术。"
    },
    {
      "id": 14,
      "model": "파우스트",
      "content": "一次给药就能让药效持续相当长的时间，如果是那些在巢中接受稳定补给的人的话……"
    },
    {
      "id": 15,
      "model": "파우스트",
      "content": "可以说是没有取得战斗胜利的办法。"
    },
    {
      "id": 16,
      "content": "就连浮士德也摇了摇头。与此同时……"
    },
    {
      "id": 17,
      "teller": "？？？",
      "title": "？？？",
      "content": "哇哈哈哈哈哈！！！在这最混乱的时刻，终于轮到本大爷登场啦！！"
    },
    {
      "id": 18,
      "content": "空气中回荡着不知来自谁的爽朗的笑声。"
    }
  ]
}