{
  "dataList": [
    {
      "id": 0,
      "place": "K公司 检查站",
      "content": "那股可怕的压迫力不由得让人产生被疯狂的野兽所袭击的错觉。"
    },
    {
      "id": 1,
      "model": "히스클리프",
      "content": "什、什么……什么朝我们过来了？"
    },
    {
      "id": 2,
      "model": "뫼르소",
      "content": "还剩三秒。执行经理，决断为？"
    },
    {
      "id": 3,
      "model": "단테",
      "content": "<这……这个，我也不知道该怎么决……>"
    },
    {
      "id": 4,
      "content": "我们中只有维吉里乌斯对此毫不惊讶。"
    },
    {
      "id": 5,
      "content": "准确来说，比起惊讶，他更像是露出了“该来的还是来了”的不悦之色。"
    },
    {
      "id": 6,
      "model": "베르길리우스",
      "content": "啊，果然来了。K公司的大明星。"
    },
    {
      "id": 7,
      "content": "伴随着刺耳的笑声，一个豪爽的男人自混乱中登场。"
    },
    {
      "id": 8,
      "model": "지크프리트",
      "teller": "？？？",
      "title": "？？？",
      "content": "向各位致以诚挚问候！你们想谈论多少目击到的场面都行，但拍摄必须得到K公司的正式许可！"
    },
    {
      "id": 9,
      "model": "지크프리트",
      "teller": "？？？",
      "title": "？？？",
      "content": "只是我在半小时后还有杂志采访，所以没法久留。虽然很遗憾，但还望各位理解！"
    },
    {
      "id": 10,
      "model": "베르길리우스",
      "content": "我还在想你为什么没来呢。"
    },
    {
      "id": 11,
      "model": "베르길리우스",
      "content": "听说你变成在翼里领月薪的了，齐格飞。"
    },
    {
      "id": 12,
      "model": "지크프리트",
      "teller": "齐格飞",
      "title": "收尾人？",
      "content": "哈哈哈！你说话还是一如既往地尖锐啊！"
    },
    {
      "id": 13,
      "model": "지크프리트",
      "teller": "齐格飞",
      "title": "收尾人？",
      "content": "我还因为紫色编码启动而匆忙赶过来了，结果是你的朋友们啊！"
    },
    {
      "id": 14,
      "model": "베르길리우스",
      "content": "并非朋友。希望你明白这场骚乱与我无关。"
    },
    {
      "id": 15,
      "model": "지크프리트",
      "teller": "齐格飞",
      "title": "收尾人？",
      "content": "那么……"
    },
    {
      "id": 16,
      "model": "베르길리우스",
      "content": "对，拜托给他们来场火热的精神改造。"
    },
    {
      "id": 17,
      "model": "히스클리프",
      "content": "你们两个在小声嘀咕什么呢？感觉不是好事。"
    },
    {
      "id": 18,
      "model": "료슈",
      "content": "同感。这家伙是从哪里蹦出来的？"
    },
    {
      "id": 19,
      "model": "지크프리트",
      "teller": "齐格飞",
      "title": "收尾人？",
      "content": "哈哈哈！看来也有人来自偏僻的小巷里呢。好，那这次就给你们提供特别拍摄服务吧！"
    },
    {
      "id": 20,
      "model": "오티스",
      "content": "他完全把我们当成大街上的追星族了。你怎敢……"
    },
    {
      "id": 21,
      "model": "돈키호테",
      "content": "哦哦哦哦哦哦哦哦哦哦哦哦哦哦哦哦哦哦哦哦哦哦哦哦哦哦哦哦哦哦哦哦哦哦哦哦哦哦哦哦哦哦哦！！！"
    },
    {
      "id": 22,
      "model": "단테",
      "content": "<堂吉诃德，怎么了？>"
    },
    {
      "id": 23,
      "model": "돈키호테",
      "content": "是那那那那那那那那那那那那那那那那那那那那那那一位！！！！！！！！！！！！！！！！"
    },
    {
      "id": 24,
      "model": "베르길리우스",
      "content": "我们有点忙，请在一分钟内结束。那个钟表头除外，拜托了。"
    },
    {
      "id": 25,
      "model": "지크프리트",
      "teller": "齐格飞",
      "title": "收尾人？",
      "content": "嗯……是义体吧？那就50秒内搞定吧！！！"
    },
    {
      "id": -1,
      "model": "//효과음",
      "content": "찰-칵!"
    },
    {
      "id": -1,
      "model": "//CG",
      "content": "수감자들을 죽이면서 셀카를 찍고 있는 지크프리트"
    },
    {
      "id": 26,
      "content": "他兼具着高超的实力和表演能力，不禁让人感叹“那才是真正的英雄啊”。"
    },
    {
      "id": 27,
      "model": "히스클리프",
      "content": "咔嚓！"
    },
    {
      "id": 28,
      "model": "지크프리트",
      "teller": "齐格飞",
      "title": "收尾人？",
      "content": "来，看这边！我的粉丝们肯定会喜欢的！"
    },
    {
      "id": 29,
      "model": "료슈",
      "content": "这混账……该死地强。"
    },
    {
      "id": 30,
      "model": "지크프리트",
      "teller": "齐格飞",
      "title": "收尾人？",
      "content": "嗯？刚刚你干了什么？哈哈哈！真可爱呢！"
    },
    {
      "id": 31,
      "model": "료슈",
      "content": "咕……！"
    },
    {
      "id": 32,
      "content": "很快，罪人们就被打得毫无还手之力。"
    },
    {
      "id": 33,
      "content": "维吉里乌斯则满意地欣赏着这幅光景。"
    },
    {
      "id": 34,
      "model": "단테",
      "content": "<……>"
    },
    {
      "id": 35,
      "model": "베르길리우스",
      "content": "必须要让他们知道在巢中肆意妄为会招来何种后果了。"
    },
    {
      "id": 36,
      "model": "베르길리우스",
      "content": "……但丁，虽然现在的你已经记不得了，但你也曾称得上是位……大人物。"
    },
    {
      "id": 37,
      "model": "단테",
      "content": "<我……我吗？>"
    },
    {
      "id": 38,
      "content": "我根本没法想象。"
    },
    {
      "id": 39,
      "content": "如今的我只会在遇到突发状况时手足无措，还动不动就被罪人们无视或是刁难……"
    },
    {
      "id": 40,
      "content": "我现在完全被当成了医疗兵，很难想象在过去还有着颐指气使过很多人的威风时期。"
    },
    {
      "id": 41,
      "content": "我真想认真地向浮士德询问其他能取回记忆的方法。"
    },
    {
      "id": 42,
      "model": "베르길리우스",
      "content": "然而，失去记忆并不能完全成为你管理不善的免死金牌。我相信你知道那是什么意思。"
    },
    {
      "id": 43,
      "model": "단테",
      "content": "<……>"
    },
    {
      "id": 44,
      "content": "我想起那些K公司检查站的员工。"
    },
    {
      "id": 45,
      "content": "就算他们面前的场景是家人间的生离死别，也仍然会将其当作业务上的手续处理，甚至连一丝怜悯都不会表现出来。"
    },
    {
      "id": 46,
      "content": "尽管无法忍受不公的堂吉诃德如子弹般冲了出去，让我们陷入了困境……"
    },
    {
      "id": 47,
      "content": "但如果就那样放任不管的话，我肯定会在几天内都没法安然入睡。"
    },
    {
      "id": 48,
      "content": "以及从希斯克利夫在看到那副场景时青筋暴起地握着武器来看，"
    },
    {
      "id": 49,
      "content": "即便没有堂吉诃德，我们也没法平安通过。"
    },
    {
      "id": 50,
      "content": "实话实说，我并没有尽我所能地去阻止堂吉诃德。所以维吉里乌斯说最初的责任在于我，这句话严格意义上并不算错。"
    },
    {
      "id": 51,
      "model": "단테",
      "content": "<取回我的头未必是件好事，维吉里乌斯。>"
    },
    {
      "id": 52,
      "model": "베르길리우스",
      "content": "真是的……我下次一定让他们给你装个麦克风。"
    },
    {
      "id": 53,
      "model": "베르길리우스",
      "content": "……我就当你说明白了。"
    },
    {
      "id": 54,
      "model": "지크프리트",
      "teller": "齐格飞",
      "title": "收尾人？",
      "content": "嗯！46.5秒！今天也是正义地守护世界的时间！！"
    },
    {
      "id": 55,
      "model": "베르길리우스",
      "content": "啊，看来舞台落幕了。该倒转时钟了，但丁。"
    }
  ]
}