{
  "dataList": [
    {
      "id": 0,
      "place": "K公司 检查站",
      "content": "在我依次经历了12轮的痛苦后，罪人们重新完整了起来。"
    },
    {
      "id": 1,
      "content": "所有人大概都害怕了吧，因为这和平常不同的寂静怎么都让人习惯不了。"
    },
    {
      "id": 2,
      "model": "지크프리트",
      "teller": "齐格飞",
      "title": "收尾人？",
      "content": "过得怎么样啊，猩红凝视？最近完全见不着你。你也不出席“巢中优秀收尾人集会”了……"
    },
    {
      "id": 3,
      "model": "지크프리트",
      "teller": "齐格飞",
      "title": "收尾人？",
      "content": "我发的几十张邀请函你都收不到吗？"
    },
    {
      "id": 4,
      "model": "베르길리우스",
      "content": "我换住址了。并且，我也没有像你那样忠实摇尾巴的从容。"
    },
    {
      "id": 5,
      "model": "단테",
      "content": "<虽然不知道发生过什么……但维吉里乌斯的回应是不是太尖锐了？>"
    },
    {
      "id": 6,
      "model": "파우스트",
      "content": "两人的立场差异不是一看便知吗，但丁？"
    },
    {
      "id": 7,
      "model": "단테",
      "content": "<什么立场？>"
    },
    {
      "id": 8,
      "model": "파우스트",
      "content": "简单来说，齐格飞先生即便在收尾人中，也是很亲近于翼的。"
    },
    {
      "id": 9,
      "model": "파우스트",
      "content": "相反，维吉里乌斯追求的，是只作为收尾人的独立性。"
    },
    {
      "id": 10,
      "model": "파우스트",
      "content": "他认为，收尾人自从属于某个有着强大影响力的势力起，就会失去其起码该守护好的价值。"
    },
    {
      "id": 11,
      "model": "파우스트",
      "content": "只要是持有力量之人，他的标准就会比任何人都要严格。"
    },
    {
      "id": 12,
      "content": "和浮士德说话的时候，我看到堂吉诃德的身影哆哆嗦嗦地走向了齐格飞。"
    },
    {
      "id": 13,
      "content": "哪怕刚刚才被他打得粉碎，这对于堂吉诃德来说也似乎是一种荣耀。"
    },
    {
      "id": 14,
      "model": "돈키호테",
      "content": "吾吾吾吾吾……吾是您的粉丝！吾也收集了您的周边模型！虽然没拿到限量版……吾做梦都想成为像您一样超厉害的收尾人！"
    },
    {
      "id": 15,
      "model": "지크프리트",
      "title": "收尾人？",
      "content": "喔！是收尾人的好苗子呢！虽然时间不多了，但我还是能签个名的！"
    },
    {
      "id": 16,
      "model": "돈키호테",
      "content": "那……那是真的吗？那请您签名……签名……在这里……欸嘿嘿……"
    },
    {
      "id": 17,
      "model": "그레고르",
      "content": "稍微喘口气吧，堂吉诃德……"
    },
    {
      "id": 18,
      "teller": "广播",
      "title": "K公司 检查站",
      "content": "注意。紫色编码，解除。紫色编码，解除。已清除所有编码。"
    },
    {
      "id": 19,
      "model": "지크프리트",
      "title": "收尾人？",
      "content": "喔！工作顺利结束！"
    },
    {
      "id": 20,
      "model": "지크프리트",
      "title": "收尾人？",
      "content": "那么，下次再见吧！哈哈哈哈！！"
    },
    {
      "id": 21,
      "content": "伴随着剧烈的震动，齐格飞升上了天空，在某处消失了……"
    },
    {
      "id": 22,
      "content": "虽然我们多少花了点时间，但最后还是再次获得了通行许可。"
    },
    {
      "id": 23,
      "content": "维吉里乌斯趁机先回到了巴士上。也许他早就知道会碰见这个叫做齐格飞的人，所以才会下车。"
    },
    {
      "id": 24,
      "content": "似乎只有我在意他那多少带些怒气的背影……"
    },
    {
      "id": 25,
      "model": "돈키호테",
      "content": "呜呼，呜呼呼……"
    },
    {
      "id": 26,
      "content": "也许只有一个人察觉不到这冰冷的气氛吧，堂吉诃德用世界上最幸福的表情抚摸着写有齐格飞签名的纸。"
    },
    {
      "id": 27,
      "model": "돈키호테",
      "content": "吾怕不是在做梦吧！经理老爷！能掐一下吾的脸吗？"
    },
    {
      "id": 28,
      "content": "在我离开检查站，本想对堂吉诃德说些什么的时候……"
    },
    {
      "id": 29,
      "content": "一辆装甲车突然在眼前停了下来。"
    },
    {
      "id": 30,
      "model": "오티스",
      "content": "……是新的敌人吗？明明巢的检查站就在面前，胆量不小啊。"
    },
    {
      "id": 31,
      "model": "파우스트",
      "content": "这辆车……隶属于LCC，也就是清理部门。"
    },
    {
      "id": 32,
      "content": "浮士德毫不在意地回答着，接着装甲车的门立刻打开了。"
    },
    {
      "id": 33,
      "model": "제복에피",
      "teller": "埃菲",
      "title": "LCCB",
      "content": "啊真是的，为什么花了这么长时间啊？我们已经在周围转了三圈啊。"
    },
    {
      "id": 34,
      "content": "打开的车门中露出了熟悉的脸。"
    },
    {
      "id": 35,
      "content": "埃菲，还有索德。"
    },
    {
      "id": 36,
      "content": "虽然服装和先前不同，不过表情仍旧充满了自信与从容。"
    },
    {
      "id": 37,
      "model": "그레고르",
      "content": "哦，是从先遣部队来的吗？气场变了点呢。"
    },
    {
      "id": 38,
      "model": "제복소드",
      "teller": "索德",
      "title": "LCCB",
      "content": "那件是用于潜入赌场的伪装。虽然最后没有用上呢。"
    },
    {
      "id": 39,
      "model": "단테",
      "content": "<……>"
    },
    {
      "id": 40,
      "model": "그레고르",
      "content": "……言语还是一如既往地尖锐啊。"
    },
    {
      "id": 41,
      "content": "我突然想起了上次的大吵大闹，不知为何，胸口附近便隐隐作痛起来。"
    },
    {
      "id": 42,
      "model": "제복에피",
      "teller": "埃菲",
      "title": "LCCB",
      "content": "噗……索德，你看到那个钟表的秒针在颤抖吗？就像要哭了一样。"
    },
    {
      "id": 43,
      "model": "제복소드",
      "teller": "索德",
      "title": "LCCB",
      "content": "我在开玩笑哦。虽然你们在实力上还有很多不足的地方，但我还是承认LCB部门有些独到之处。"
    },
    {
      "id": 44,
      "content": "不论过程如何，结果上似乎还是给那两个人留下了好印象。"
    },
    {
      "id": 45,
      "model": "파우스트",
      "content": "我想先遣部队应该已经到达作战现场了。"
    },
    {
      "id": 46,
      "model": "제복에피",
      "teller": "埃菲",
      "title": "LCCB",
      "content": "其他的队员应该已经到了。因为还有些对你们有用的额外信息，所以我们决定留下来等你们一会。"
    },
    {
      "id": 47,
      "model": "그레고르",
      "content": "嗯……不管怎样，你们很在意我们吧？"
    },
    {
      "id": 48,
      "model": "로쟈",
      "content": "噗噗，你们也被我们的魅力所折服了吗？"
    },
    {
      "id": 49,
      "model": "로쟈",
      "content": "嘛~不是有那样的事情吗。光用难吃得要死的材料来做饭的话，似乎会意外地好吃呢。"
    },
    {
      "id": 50,
      "model": "그레고르",
      "content": "啊，战场上有很多那种情况。明明吃的时候感觉很糟糕，却还是会想起好多次……"
    },
    {
      "id": 51,
      "model": "제복소드",
      "teller": "索德",
      "title": "LCCB",
      "content": "……两位至今为止都吃过些什么东西啊？"
    },
    {
      "id": 52,
      "model": "홍루",
      "content": "话说回来，要传达的情报是什么呢？"
    },
    {
      "id": 53,
      "model": "제복에피",
      "teller": "埃菲",
      "title": "LCCB",
      "content": "这次的目标地点，好像已经被其他的集团占领了。"
    },
    {
      "id": 54,
      "model": "제복에피",
      "teller": "埃菲",
      "title": "LCCB",
      "content": "因此，我方也比平常投入了更多人员。"
    },
    {
      "id": 55,
      "model": "오티스",
      "content": "哼。即便如此，他们也只是从某处如蝇逐臭般聚过来的家伙们吧。"
    },
    {
      "id": 56,
      "content": "如奥提斯所言，我们在每次作战中都会和驻留在金枝附近的其他集团发生冲突。"
    },
    {
      "id": 57,
      "content": "在最初的作战中，G公司的残兵败将流亡于此，"
    },
    {
      "id": 58,
      "content": "第二次作战时，赌场里也存在着各种各样的黑帮。"
    },
    {
      "id": 59,
      "model": "제복에피",
      "teller": "埃菲",
      "title": "LCCB",
      "content": "很遗憾，但这次的对手似乎并不是以前那种破烂。"
    },
    {
      "id": 60,
      "model": "제복에피",
      "teller": "埃菲",
      "title": "LCCB",
      "content": "我们偷偷调查了入境记录，发现几周前N公司曾有过大批派遣记录。而且目的地与我们相同。"
    },
    {
      "id": 61,
      "model": "이스마엘",
      "content": "是从N公司来的吗？"
    },
    {
      "id": 62,
      "model": "제복에피",
      "teller": "埃菲",
      "title": "LCCB",
      "content": "虽然这并非正式公开的行动，但从K公司方也同意了其入境来看，其中可能有着某种交易。"
    },
    {
      "id": 63,
      "model": "제복소드",
      "teller": "索德",
      "title": "LCCB",
      "content": "也就是说……如果N公司事先派遣人员的事情属实，那我们的前路就不会那么顺利了。"
    },
    {
      "id": 64,
      "model": "그레고르",
      "content": "……是吗。搞不好的话，我们怕不是要和许多翼为敌吧。"
    },
    {
      "id": 65,
      "model": "파우스트",
      "content": "长远来看，我们与翼之间的冲突是不可避免的。"
    },
    {
      "id": 66,
      "model": "파우스트",
      "content": "但从N公司并没有正式公布派遣的情况来看，单纯以利益集团之间的冲突收场的可能性也是有的。"
    },
    {
      "id": 67,
      "model": "파우스트",
      "content": "但也……无法排除他们真正想要的东西不是金枝的可能性。"
    },
    {
      "id": 68,
      "model": "그레고르",
      "content": "不管怎么说，好像也没有否认我们是哪里都很方便使用的杂役呢……"
    },
    {
      "id": 69,
      "model": "제복에피",
      "teller": "埃菲",
      "title": "LCCB",
      "content": "啊。说起来，我听说有几个蠢货在K公司入境管理处引发了骚乱。你们该不会见过了吧？"
    },
    {
      "id": 70,
      "model": "돈키호테",
      "content": "……流、流言传播得真快啊。就像是……驽骍难得一样。"
    },
    {
      "id": 71,
      "content": "堂吉诃德羞愧地低下了头。"
    },
    {
      "id": 72,
      "content": "所幸，她似乎意识到了自己的行径会带来麻烦。"
    },
    {
      "id": 73,
      "content": "……或者，她也可能因为流言传播开了而开心地害羞呢。"
    },
    {
      "id": 74,
      "model": "제복소드",
      "teller": "索德",
      "title": "LCCB",
      "content": "真可惜啊。那样的场景可不多见。"
    },
    {
      "id": 75,
      "model": "제복소드",
      "teller": "索德",
      "title": "LCCB",
      "content": "又不是有很多条命，究竟是谁才会一进入入境管理处就引发骚……"
    },
    {
      "id": 76,
      "model": "단테",
      "content": "<……>"
    },
    {
      "id": 77,
      "model": "돈키호테",
      "content": "……"
    },
    {
      "id": 78,
      "model": "제복소드",
      "teller": "索德",
      "title": "LCCB",
      "content": "……拜托，不会吧？"
    },
    {
      "id": 79,
      "model": "이스마엘",
      "content": "好了，时候也不早了，快点行动吧。"
    },
    {
      "id": 80,
      "model": "제복에피",
      "teller": "埃菲",
      "title": "LCCB",
      "content": "哎呀。似乎维吉里乌斯先生这次也没来呢。"
    },
    {
      "id": 81,
      "model": "그레고르",
      "content": "……啊，那位？先回巴士上了。"
    },
    {
      "id": 82,
      "model": "제복소드",
      "teller": "索德",
      "title": "LCCB",
      "content": "真遗憾啊。还以为这次就能打个照面……"
    },
    {
      "id": 83,
      "model": "제복에피",
      "teller": "埃菲",
      "title": "LCCB",
      "content": "下次一定要去打招呼。我还打算顺便问问他，能不能让我们取代你们加入队伍里。"
    },
    {
      "id": 84,
      "model": "단테",
      "content": "<什么，原来是打着这样的算盘去见他的吗？>"
    },
    {
      "id": 85,
      "model": "제복소드",
      "teller": "索德",
      "title": "LCCB",
      "content": "也不是在开玩笑哟。之后在现场再见吧。"
    },
    {
      "id": 86,
      "model": "제복에피",
      "teller": "埃菲",
      "title": "LCCB",
      "content": "不过，那得你们能够平安到达才行。"
    }
  ]
}