{
  "dataList": [
    {
      "id": 0,
      "place": "梅菲斯托费勒斯 内部",
      "content": "回到巴士上，等着我们的是冷着脸的维吉里乌斯和鼓着腮帮的卡戎……"
    },
    {
      "id": 1,
      "content": "即便是开玩笑也很难说气氛有多好，沉重的空气在车内弥漫着。"
    },
    {
      "id": 2,
      "model": "카론",
      "content": "真慢。卡戎，数到一百了你们都没来。"
    },
    {
      "id": 3,
      "model": "베르길리우스2",
      "teller": "维吉里乌斯",
      "title": "向导",
      "content": "卡戎。"
    },
    {
      "id": 4,
      "content": "卡戎似乎还打算用冰冷的声音说点什么，但维吉里乌斯轻轻把手放在了卡戎的肩上，朝她使了一个眼色。"
    },
    {
      "id": 5,
      "model": "카론",
      "content": "维吉，卡戎记下这一次了。"
    },
    {
      "id": 6,
      "model": "베르길리우스2",
      "teller": "维吉里乌斯",
      "title": "向导",
      "content": "抱歉，之后给你买糖。"
    },
    {
      "id": 7,
      "content": "卡戎没有继续抱怨下去，坐在了驾驶座上，维吉里乌斯慢慢向我们的方向回头。"
    },
    {
      "id": 8,
      "content": "包含我在内，要说罪人们共同的优点的话，就是回避危险的直觉相当出色吧。"
    },
    {
      "id": 9,
      "content": "我们迈着僵硬的步子，慢慢回到了自己的座位上……"
    },
    {
      "id": 10,
      "content": "只剩堂吉诃德在巴士的过道上，不安地站着。"
    },
    {
      "id": 11,
      "model": "베르길리우스2",
      "teller": "维吉里乌斯",
      "title": "向导",
      "content": "解释一下吧，堂吉诃德。"
    },
    {
      "id": 12,
      "model": "돈키호테",
      "content": "吾……无法对受迫害的弱者视而不见……"
    },
    {
      "id": 13,
      "model": "베르길리우스2",
      "teller": "维吉里乌斯",
      "title": "向导",
      "content": "不、不是那个。"
    },
    {
      "id": 14,
      "content": "一瞬间，我没能看清眼前发生了什么。"
    },
    {
      "id": 15,
      "content": "我不会眨眼睛，所以本应清楚地把握状况，然而……"
    },
    {
      "id": 16,
      "model": "돈키호테",
      "content": "咳唔……！咕……"
    },
    {
      "id": 17,
      "content": "回过神的时候。"
    },
    {
      "id": 18,
      "content": "眼前映入了被维吉里乌斯的鞋底踩住肩膀的堂吉诃德。"
    },
    {
      "id": 19,
      "model": "베르길리우스2",
      "teller": "维吉里乌斯",
      "title": "向导",
      "content": "我说了要你解释一下，没说让你为你的思想辩护。"
    },
    {
      "id": 20,
      "model": "돈키호테",
      "content": "呜呜……！"
    },
    {
      "id": 21,
      "model": "베르길리우스2",
      "teller": "维吉里乌斯",
      "title": "向导",
      "content": "不是第一次了吧，堂吉诃德。已经有过三次类似的事情了。"
    },
    {
      "id": 22,
      "model": "베르길리우스2",
      "teller": "维吉里乌斯",
      "title": "向导",
      "content": "因为你精神错乱般的行为，计划已经有三次差点失败了。"
    },
    {
      "id": 23,
      "model": "베르길리우스2",
      "teller": "维吉里乌斯",
      "title": "向导",
      "content": "你是怎么想的？说吧。"
    },
    {
      "id": 24,
      "model": "돈키호테",
      "content": "虽……虽然吾给同伴添了麻烦……"
    },
    {
      "id": 25,
      "model": "돈키호테",
      "content": "唔唔……咕啊！！！"
    },
    {
      "id": 26,
      "content": "虽然堂吉诃德那夹杂着痛苦的呻吟声越来越大，但是没人敢插嘴。"
    },
    {
      "id": 27,
      "content": "当然，大抵因为这是她的过错……"
    },
    {
      "id": 28,
      "content": "但最大的原因应该是，即便插嘴也并不会让气氛变得更好。"
    },
    {
      "id": 29,
      "model": "베르길리우스2",
      "teller": "维吉里乌斯",
      "title": "向导",
      "content": "我要听听你的想法。为什么不理解这话呢？"
    },
    {
      "id": 30,
      "model": "돈키호테",
      "content": "吾、吾不是在说话吗！"
    },
    {
      "id": 31,
      "model": "베르길리우스2",
      "teller": "维吉里乌斯",
      "title": "向导",
      "content": "你应该在这里道歉的，堂吉诃德。"
    },
    {
      "id": 32,
      "model": "베르길리우스2",
      "teller": "维吉里乌斯",
      "title": "向导",
      "content": "要补充的话，也该说说今后打算怎么做。"
    },
    {
      "id": 33,
      "model": "돈키호테",
      "content": "怎么这样……呜！从刚刚开始就是想让吾说出固定答案吗！"
    },
    {
      "id": 34,
      "model": "베르길리우스2",
      "teller": "维吉里乌斯",
      "title": "向导",
      "content": "你不知道吗？公司大抵都有确定的答案，问你只是看看能不能猜到它。"
    },
    {
      "id": 35,
      "model": "베르길리우스2",
      "teller": "维吉里乌斯",
      "title": "向导",
      "content": "如果觉得公司在听取你的意见的话，那就大错特错了。"
    },
    {
      "id": 36,
      "model": "돈키호테",
      "content": "咳……若、若是公司如此，吾就！"
    },
    {
      "id": 37,
      "model": "베르길리우스2",
      "teller": "维吉里乌斯",
      "title": "向导",
      "content": "……我累了。"
    },
    {
      "id": 38,
      "content": "维吉里乌斯将堂吉诃德一脚踢飞，扔到了地板上。"
    },
    {
      "id": 39,
      "content": "然后，维吉里乌斯抓住了倒在地上的堂吉诃德的衣领……"
    },
    {
      "id": 40,
      "model": "베르길리우스2",
      "teller": "维吉里乌斯",
      "title": "向导",
      "content": "还记得入职的时候吧。"
    },
    {
      "id": 41,
      "model": "돈키호테",
      "content": "……！"
    },
    {
      "id": 42,
      "model": "베르길리우스",
      "content": "我希望你没有忘记那一天的合同。……堂吉诃德女士。"
    },
    {
      "id": 43,
      "content": "维吉里乌斯的眼中闪烁着比平时更为强烈的鲜红……"
    },
    {
      "id": 44,
      "content": "直视着那双眼睛的堂吉诃德什么也没说，只是点了点头。"
    },
    {
      "id": 45,
      "model": "베르길리우스2",
      "teller": "维吉里乌斯",
      "title": "向导",
      "content": "……到此为止。回位吧。"
    },
    {
      "id": 46,
      "content": "无论何时都是威风堂堂，意气风发的堂吉诃德，此时一副消沉的，灰溜溜的样子，这并不是什么愉快的景象。"
    },
    {
      "id": 47,
      "content": "居然让那个堂吉诃德一下子就闭嘴……"
    },
    {
      "id": 48,
      "content": "那究竟是什么样的合同呢。"
    },
    {
      "id": 49,
      "model": "베르길리우스2",
      "teller": "维吉里乌斯",
      "title": "向导",
      "content": "其他家伙们也一样。"
    },
    {
      "id": 50,
      "model": "베르길리우스2",
      "teller": "维吉里乌斯",
      "title": "向导",
      "content": "公司不是实现自我的空间，或者宣扬思想的场所。"
    },
    {
      "id": 51,
      "model": "베르길리우스2",
      "teller": "维吉里乌斯",
      "title": "向导",
      "content": "如果你们哪怕违反合同规则也要突然行动的话，那就好好想想自己要付出的代价再付诸行动。"
    },
    {
      "id": 52,
      "model": "베르길리우스2",
      "teller": "维吉里乌斯",
      "title": "向导",
      "content": "我会让你们度过一段求死不能，想要离职也没法请辞的时光的。"
    },
    {
      "id": 53,
      "model": "그레고르",
      "content": "总觉得那家伙好像很讨厌得到了……谁来着，齐格芬先生的帮助。"
    },
    {
      "id": 54,
      "model": "돈키호테",
      "content": "是齐格……飞老爷……"
    },
    {
      "id": 55,
      "model": "로쟈",
      "content": "正式作战都还没开始就挨了训啊~所以说得察言观色一下啦。"
    },
    {
      "id": 56,
      "model": "이스마엘",
      "content": "呼……我就知道迟早会有这么一天。今后大家都要注意了。"
    },
    {
      "id": 57,
      "model": "히스클리프",
      "content": "你俩盯着我干嘛？想死吗？"
    },
    {
      "id": 58,
      "model": "베르길리우스2",
      "teller": "维吉里乌斯",
      "title": "向导",
      "content": "……"
    },
    {
      "id": 59,
      "model": "히스클리프",
      "content": "……我知道，我知道了！啧。"
    }
  ]
}