{
  "dataList": [
    {
      "id": 0,
      "place": "梅菲斯托费勒斯 内部",
      "content": "骚乱结束后，巴士终于启动了。"
    },
    {
      "id": 1,
      "content": "他们望向窗外的表情逐渐变得奇怪起来。"
    },
    {
      "id": 2,
      "model": "로쟈",
      "content": "那些人看上去可真是无忧无虑啊……"
    },
    {
      "id": 3,
      "model": "단테",
      "content": "<和我们迄今走过的路太不一样了。>"
    },
    {
      "id": 4,
      "model": "그레고르",
      "content": "啊哈，看起来经理兄是第一次经过巢中心。"
    },
    {
      "id": 5,
      "model": "이스마엘",
      "content": "巢和后巷有着天壤之别。另外，巢都有着各自的固有文化与历史。"
    },
    {
      "id": 6,
      "model": "베르길리우스",
      "content": "全体注意。"
    },
    {
      "id": 7,
      "model": "베르길리우스",
      "content": "这次的目的地是K公司的“卡尔夫”镇。情报显示，那里某处有着通往脑叶公司支部的通道。"
    },
    {
      "id": 8,
      "model": "싱클레어",
      "content": "……！"
    },
    {
      "id": 9,
      "content": "一听到“卡尔夫”这个名字，好不容易冷静下来的辛克莱再次全身颤抖起来。"
    },
    {
      "id": 10,
      "content": "简直像是在被谁紧追不舍一般……"
    },
    {
      "id": 11,
      "model": "베르길리우스",
      "content": "但按照你们传达的信息，有一股第三方势力已经占领了那个支部。因此我向清理部门申请了额外的侦察行动。"
    },
    {
      "id": 12,
      "model": "파우스트",
      "content": "先遣部队的事前观测3科已经部署完毕。埃菲先生和索德女士应该也在一起。"
    },
    {
      "id": 13,
      "model": "베르길리우스",
      "content": "一旦他们掌握了情况，应该就会率先报告吧。"
    },
    {
      "id": 14,
      "content": "不一会，巴士驶入了一片通往镇子的寂静林道。"
    },
    {
      "id": 15,
      "content": "后巷中不多见的苍翠林木让人安心了些许，可就在此时，"
    },
    {
      "id": 16,
      "content": "我看到远处升起了不祥的浓烟。"
    },
    {
      "id": 17,
      "model": "싱클레어",
      "content": "为什么……那里有……烟……"
    },
    {
      "id": 18,
      "model": "로쟈",
      "content": "辛克莱……？"
    },
    {
      "id": 19,
      "model": "베르길리우스",
      "content": "卡戎，转向。"
    },
    {
      "id": 20,
      "model": "카론",
      "content": "回避模式启动。哐哧哐哧。"
    },
    {
      "id": -1,
      "content": "SE // 와장창!"
    },
    {
      "id": 21,
      "content": "巴士向左急转，紧接着，一根巨大的钉子飞了进来，刺进了巴士的后窗中，发出了可怕的声响。"
    },
    {
      "id": 22,
      "model": "히스클리프",
      "content": "是……是哪个混蛋！老子差点就没命了！"
    },
    {
      "id": 23,
      "model": "파우스트",
      "content": "嗯……尽管我从未用这种加速度做过实验，但窗户确实应该再加固一下了。"
    },
    {
      "id": 24,
      "model": "오티스",
      "content": "是精准地瞄着我们来的。一定是先遣部队刚刚提过的……N公司的员工。"
    },
    {
      "id": 25,
      "model": "카론",
      "content": "维吉，梅菲受伤了。卡戎很难过。"
    },
    {
      "id": 26,
      "model": "베르길리우스",
      "content": "看起来不停车的话他们就不会善罢甘休啊。"
    },
    {
      "id": 27,
      "model": "베르길리우스",
      "content": "全员下车。"
    },
    {
      "id": 28,
      "place": "通往卡尔夫的路上",
      "content": "我们下车后，一群人拦住了我们，他们从头到脚都裹着曾是纯白，如今却褪去了颜色的铠甲。"
    },
    {
      "id": 29,
      "model": "N사심문관1",
      "teller": "？？？",
      "title": "？？？",
      "content": "停车。此路不通。"
    },
    {
      "id": 30,
      "model": "그레고르",
      "content": "用说的不就行了，干嘛要把窗户打破呢？真是的……"
    },
    {
      "id": 31,
      "model": "오티스",
      "content": "不先宣战就攻击也太失礼了。先报出自己隶属的势力不是基本礼仪吗？"
    },
    {
      "id": 32,
      "model": "N사심문관1",
      "teller": "审判官",
      "title": "钉与锤",
      "content": "我等是异端审判官。乃刺穿不敬者之钉，打击罪恶之锤。"
    },
    {
      "id": 33,
      "model": "이스마엘",
      "content": "N公司……直接说是Nagel und Hammer的员工不就好了，真是拐弯抹角。"
    },
    {
      "id": 34,
      "model": "파우스트",
      "content": "……也被称作“钉与锤”。"
    },
    {
      "id": 35,
      "model": "N사심문관1",
      "teller": "审判官",
      "title": "钉与锤",
      "content": "我等正在净化信奉异端者，尔等不可继续向前了。"
    },
    {
      "id": 36,
      "model": "그레고르",
      "content": "异端？那啥，我们只是想从这里快速通过一下。那个啥……"
    },
    {
      "id": 37,
      "model": "그레고르",
      "content": "观光……！是观光巴士来的。"
    },
    {
      "id": 38,
      "model": "단테",
      "content": "<……>"
    },
    {
      "id": 39,
      "content": "突然就变成了游客的罪人们安静地互相对视。"
    },
    {
      "id": 40,
      "content": "为了防止先前的惨剧再次重演，格里高尔努力地用平静的语调安抚着审判官（虽然完全行不通）。"
    },
    {
      "id": 41,
      "content": "他也没忘了摆出一个无害的旅客那样的亲切笑容。"
    },
    {
      "id": 42,
      "model": "로쟈",
      "content": "格雷格，虽然之前我在矿山时就在想……但你是不是其实非常乐于做这种事……？"
    },
    {
      "id": 43,
      "model": "그레고르",
      "content": "不是那样的……"
    },
    {
      "id": 44,
      "content": "他那抽动的嘴角让我不忍于心。"
    },
    {
      "id": 45,
      "model": "N사심문관1",
      "teller": "审判官",
      "title": "钉与锤",
      "content": "若是如此，汝等应证明自身的纯粹。"
    },
    {
      "id": 46,
      "model": "그레고르",
      "content": "好吧，告诉我们方法的话也行。"
    },
    {
      "id": 47,
      "content": "那人突然指向了我，开了口。"
    },
    {
      "id": 48,
      "model": "N사심문관1",
      "teller": "审判官",
      "title": "钉与锤",
      "content": "砍下那不洁的旅者的头颅。"
    },
    {
      "id": 49,
      "model": "단테",
      "content": "<我……我？！>"
    },
    {
      "id": 50,
      "model": "N사심문관1",
      "teller": "审判官",
      "title": "钉与锤",
      "content": "然后跪倒在我等的锤前，将其奉上。"
    },
    {
      "id": 51,
      "model": "N사심문관1",
      "teller": "审判官",
      "title": "钉与锤",
      "content": "如此，汝等便为无垢之人，旅程也将一帆风顺。"
    },
    {
      "id": 52,
      "model": "N사심문관1",
      "teller": "审判官",
      "title": "钉与锤",
      "content": "自然，那辆不洁的车也要留下。"
    },
    {
      "id": 53,
      "model": "히스클리프",
      "content": "老子没理你就开始瞎扯了？喂，我们看起来再怎么蠢也不会听这种话的好吧？"
    },
    {
      "id": 54,
      "content": "愤怒的希斯克利夫第一个结束了无害的旅客的身份。"
    },
    {
      "id": 55,
      "model": "단테",
      "content": "<希斯克利夫……你不用为了我而这样……>"
    },
    {
      "id": 56,
      "model": "히스클리프",
      "content": "一帮不争气的软蛋，啧。谁在叫老子下跪？"
    },
    {
      "id": 57,
      "model": "단테",
      "content": "<……>"
    },
    {
      "id": 58,
      "content": "于是，自称为审判官的人点了点头。"
    },
    {
      "id": 59,
      "model": "N사심문관1",
      "teller": "审判官",
      "title": "钉与锤",
      "content": "既然如此。尔等便是异端。"
    },
    {
      "id": 60,
      "content": "说罢，审判官们全部摆好了进攻的架势。"
    }
  ]
}