{
  "dataList": [
    {
      "id": 0,
      "place": "梅菲斯托费勒斯 内部",
      "content": "回到巴士上，就看到维吉里乌斯懒洋洋地对我们挥了挥手。"
    },
    {
      "id": 1,
      "model": "베르길리우스",
      "content": "这次是不是有点棘手？"
    },
    {
      "id": 2,
      "model": "로쟈",
      "content": "都说了很多次了，你来帮忙的话早就能完事了呦~"
    },
    {
      "id": 3,
      "model": "베르길리우스",
      "content": "我也说了很多次了，我帮忙就没意义了。"
    },
    {
      "id": 4,
      "model": "이스마엘",
      "content": "那些人……说我们信奉异端。到底是看到了什么才这么说的呢？"
    },
    {
      "id": 5,
      "model": "단테",
      "content": "<感觉，应该是在看我吧。>"
    },
    {
      "id": 6,
      "model": "뫼르소",
      "content": "钉与锤……将经验视为最为重要的价值的翼。"
    },
    {
      "id": 7,
      "content": "默尔索嘟囔着不知所云的词句。"
    },
    {
      "id": 8,
      "model": "단테",
      "content": "<经验？>"
    },
    {
      "id": 9,
      "model": "뫼르소",
      "content": "人类生来便注定具有与其价值相符的经验和行为……他们是这么描述经验的。"
    },
    {
      "id": 10,
      "model": "오티스",
      "content": "而且还说让我们献出经理的头。"
    },
    {
      "id": 11,
      "model": "오티스",
      "content": "也就是说……"
    },
    {
      "id": 12,
      "model": "싱클레어",
      "content": "……他们还会再来的。他们并没有忘记。就像这样，他们还会回来找我……"
    },
    {
      "id": 13,
      "content": "辛克莱现在几乎就像是痉挛发作般地颤抖。"
    },
    {
      "id": 14,
      "content": "罗佳时不时投来同情的目光，但她也不知道该如何是好。"
    },
    {
      "id": 15,
      "model": "카론",
      "content": "维吉维吉，那个发出声音的箱子很吵。"
    },
    {
      "id": 16,
      "model": "베르길리우스",
      "content": "……看来先遣部队的联络来了。"
    },
    {
      "id": -1,
      "model": "//효과음",
      "content": "무전기 소리"
    },
    {
      "id": 17,
      "model": "에피",
      "teller": "埃菲",
      "title": "LCCB",
      "content": "（嗞嗞嗞嗞嗞嗞）这里是……（嗞嗞……）"
    },
    {
      "id": 18,
      "model": "에피",
      "teller": "埃菲",
      "title": "LCCB",
      "content": "（嗞嗞）索德她……（嗞……）"
    },
    {
      "id": 19,
      "model": "그레고르",
      "content": "给我。"
    },
    {
      "id": 20,
      "model": "그레고르",
      "content": "埃菲，这里是巴士。你那边情况怎么样？"
    },
    {
      "id": -1,
      "model": "//효과음",
      "content": "지옥의 기괴한 비명 소리"
    },
    {
      "id": 21,
      "model": "에피",
      "teller": "埃菲？",
      "title": "LCCB",
      "content": "……汝等在此背负所有罪种，而后得到净化。"
    },
    {
      "id": -1,
      "model": "SE // 뚝"
    },
    {
      "id": 22,
      "model": "그레고르",
      "content": "埃菲？"
    },
    {
      "id": 23,
      "model": "이스마엘",
      "content": "刚才那个……是埃菲的声音么？"
    },
    {
      "id": 24,
      "model": "이스마엘",
      "content": "不对，不如说……那是人类的声音么？"
    },
    {
      "id": 25,
      "model": "싱클레어",
      "content": "哨声……"
    },
    {
      "id": 26,
      "model": "로쟈",
      "content": "辛克莱，你在说什么呢？"
    },
    {
      "id": 27,
      "model": "싱클레어",
      "content": "你没有听到口哨声么！在最后……微弱的……"
    },
    {
      "id": 28,
      "model": "그레고르",
      "content": "真听到了么……"
    },
    {
      "id": 29,
      "model": "싱클레어",
      "content": "那个混蛋来了！她终于……回到了我们的小镇，为了杀光所有人……"
    },
    {
      "id": 30,
      "model": "단테",
      "content": "<冷静点，辛克莱。口哨是指什么？那个混蛋又是谁？>"
    },
    {
      "id": 31,
      "model": "싱클레어",
      "content": "她在等我。那是呼唤我的信号！"
    },
    {
      "id": 32,
      "content": "辛克莱这么说道，眼中涌出了愤恨的泪水。"
    },
    {
      "id": 33,
      "model": "이스마엘",
      "content": "等一下，前方有和刚才一样的人……"
    },
    {
      "id": 34,
      "model": "싱클레어",
      "content": "回头吧……"
    },
    {
      "id": 35,
      "model": "단테",
      "content": "<为什么？>"
    },
    {
      "id": 36,
      "model": "싱클레어",
      "content": "我们……不能直接回去吗？我不想去，求你了回头吧。现在调转方向盘还来得及……"
    },
    {
      "id": 37,
      "model": "로쟈",
      "content": "小不点……到底是怎么了？前面究竟有什么？"
    },
    {
      "id": 38,
      "model": "싱클레어",
      "content": "不能过去。大家都会死的，回头吧。"
    },
    {
      "id": 39,
      "model": "베르길리우스",
      "content": "埃米尔·辛克莱。别说废话……"
    },
    {
      "id": 40,
      "model": "오티스",
      "content": "……"
    },
    {
      "id": -1,
      "content": "털썩."
    },
    {
      "id": 41,
      "content": "奥提斯一脸平静地拍了拍手。"
    },
    {
      "id": 42,
      "model": "오티스",
      "content": "只是对腹部造成了足以让他昏厥片刻的冲击罢了。"
    },
    {
      "id": 43,
      "model": "베르길리우스",
      "content": "这次倒对头了啊，你。我正要亲自出手呢。"
    },
    {
      "id": 44,
      "model": "오티스",
      "content": "战场上不需要胆小鬼。把他丢下车吧？"
    },
    {
      "id": 45,
      "model": "단테",
      "content": "<我觉得……那就有点过了。>"
    },
    {
      "id": 46,
      "model": "오티스",
      "content": "……既然经理这么说了。"
    },
    {
      "id": 47,
      "content": "奥提斯一脸不悦地俯视着倒下的辛克莱。"
    },
    {
      "id": 48,
      "content": "虽然辛克莱是有些胆小，但一直都是不会说什么废话的罪人。"
    },
    {
      "id": 49,
      "content": "这是他第一次表达出如此强烈的拒绝，令我非常在意……"
    },
    {
      "id": 50,
      "content": "然而看他的情况，也不像是能回答问题的样子了。我只好保持沉默，只感到愈加焦躁。"
    },
    {
      "id": 51,
      "content": "不久之后，辛克莱恢复了意识，只是两眼无神地注视着窗外，瞳孔中没有映射任何东西。"
    },
    {
      "id": 52,
      "model": "단테",
      "content": "<……大家都出去战斗了。>"
    },
    {
      "id": 53,
      "model": "싱클레어",
      "content": "对……不起，我这就过去。"
    },
    {
      "id": 54,
      "model": "싱클레어",
      "content": "我不能成为累赘。"
    }
  ]
}