{
  "dataList": [
    {
      "id": 0,
      "place": "卡尔夫镇 广场",
      "content": "从车窗向外望去，可以隐约看到整个小镇已经被浓烟所笼罩。"
    },
    {
      "id": 1,
      "model": "이스마엘",
      "content": "呃……真是一团糟呢。"
    },
    {
      "id": 2,
      "model": "이스마엘",
      "content": "话说回来……难道你们没听见一首熟悉的歌声吗？"
    },
    {
      "id": 3,
      "model": "히스클리프",
      "content": "哦，我知道这歌。什么来着，在飘着大雪的日子里……"
    },
    {
      "id": 4,
      "model": "그레고르",
      "content": "虽然战时会为了提振士气经常放这首歌，但我每次都会无精打采。"
    },
    {
      "id": 5,
      "content": "众人听着同一首歌，唤起了各自的回忆。"
    },
    {
      "id": 6,
      "content": "而我……却不清楚。虽然感觉旋律确实很耳熟，但我却没法清晰地回想起来。"
    },
    {
      "id": 7,
      "content": "然而，我仍能感受到内心深处有一丝细微的感情，如水雾般弥散，隐隐作痛着。"
    },
    {
      "id": 8,
      "content": "也许记忆完整的我知晓这首歌。"
    },
    {
      "id": 9,
      "content": "但从内心深处涌来的感觉……既没有那么重要，也并不温暖。"
    },
    {
      "id": 10,
      "content": "而是痛楚。"
    },
    {
      "id": 11,
      "content": "我听着这首歌，感到一阵莫名的疼痛。"
    },
    {
      "id": 12,
      "model": "싱클레어",
      "content": "是的……那天也是……"
    },
    {
      "id": 13,
      "model": "싱클레어",
      "content": "也像这样积着雪……也能听见这首歌……"
    },
    {
      "id": 14,
      "content": "不知是不是为了装饰我们面前的这棵树，"
    },
    {
      "id": 15,
      "content": "仿佛要将肚子里的东西全都掏出来一般，能想到的各种器官以及机械部件都被挂在了树枝上，摇晃着。"
    },
    {
      "id": 16,
      "model": "로쟈",
      "content": "呕……这些也太过分了吧？"
    },
    {
      "id": 17,
      "model": "료슈",
      "content": "经典……不，是庸俗。"
    },
    {
      "id": 18,
      "model": "뫼르소",
      "content": "……附近无人生还。"
    },
    {
      "id": 19,
      "content": "就在此时，我终于完全明白这一切意味着什么。"
    },
    {
      "id": 20,
      "content": "这就像是……"
    },
    {
      "id": 21,
      "teller": "？？？",
      "title": "？？？",
      "content": "啊~啊~话筒测试，话筒测试！！"
    },
    {
      "id": 22,
      "content": "能震裂鼓膜的音量让所有人都不禁捂住了耳朵。"
    },
    {
      "id": 23,
      "teller": "？？？",
      "title": "？？？",
      "content": "各位，圣诞节过得还开心吗？"
    },
    {
      "id": 24,
      "teller": "？？？",
      "title": "？？？",
      "content": "虽然今夜并不平安，但确实神圣。"
    },
    {
      "id": 25,
      "model": "단테",
      "content": "<……？离圣诞节不是还有一段时间吗？>"
    },
    {
      "id": 26,
      "model": "이스마엘",
      "content": "没错，还有很久。"
    },
    {
      "id": 27,
      "model": "크로머목소리",
      "teller": "克罗默",
      "title": "钉与锤",
      "content": "我叫克罗默，是一名热爱纯粹的博爱主义者，也是执握锤柄之人。"
    },
    {
      "id": 28,
      "model": "크로머목소리",
      "teller": "克罗默",
      "title": "钉与锤",
      "content": "虽然我并不清楚你们是如何到这里来的，但你们已经入侵了私人领地。"
    },
    {
      "id": 29,
      "model": "크로머목소리",
      "teller": "克罗默",
      "title": "钉与锤",
      "content": "至于原因……如你们所见，此处为钉与锤的神圣审判之所。希望你们喜欢我做的装饰。"
    },
    {
      "id": 30,
      "model": "크로머목소리",
      "teller": "克罗默",
      "title": "钉与锤",
      "content": "好吧，就当你们是走错了路……只要现在乖乖回头，我就饶了你们，只要交点罚金就好。"
    },
    {
      "id": 31,
      "model": "크로머목소리",
      "teller": "克罗默",
      "title": "钉与锤",
      "content": "至于原因吗……因为今天是圣诞节！"
    },
    {
      "id": 32,
      "model": "크로머목소리",
      "teller": "克罗默",
      "title": "钉与锤",
      "content": "哦，在此之前先等等。圭多在那里吗？"
    },
    {
      "id": 33,
      "model": "귀도",
      "teller": "圭多",
      "title": "钉与锤",
      "content": "吾在此处。"
    },
    {
      "id": 34,
      "model": "크로머목소리",
      "teller": "克罗默",
      "title": "钉与锤",
      "content": "嗯。谨防万一，那边有异端吗？"
    },
    {
      "id": 35,
      "content": "名为圭多的高大男人回应了她，转身面向我们。"
    },
    {
      "id": 36,
      "content": "他的视线依次缓缓扫过我们，最后停在了我身上。"
    },
    {
      "id": 37,
      "content": "然后长久地凝视着。"
    },
    {
      "id": 38,
      "content": "尽管他带着面具，但他那隐藏着的目光……"
    },
    {
      "id": 39,
      "content": "我们就像被真的钉住了一般，动弹不得。"
    },
    {
      "id": 40,
      "model": "귀도",
      "teller": "圭多",
      "title": "钉与锤",
      "content": "有名不纯粹之人与其追随者们同在一起。"
    },
    {
      "id": 41,
      "model": "귀도",
      "teller": "圭多",
      "title": "钉与锤",
      "content": "以及……您提到的那个孩子。"
    },
    {
      "id": 42,
      "model": "크로머목소리",
      "teller": "克罗默",
      "title": "钉与锤",
      "content": "哈哈哈！真的吗！我的辛克莱回来了？"
    },
    {
      "id": 43,
      "model": "크로머목소리",
      "teller": "克罗默",
      "title": "钉与锤",
      "content": "来见我吧，辛克莱！我在老地方等你哦！"
    },
    {
      "id": 44,
      "model": "싱클레어",
      "content": "咯……咯呃呃……克罗……默……"
    },
    {
      "id": 45,
      "content": "我能听到辛克莱咬牙切齿的声响。"
    },
    {
      "id": 46,
      "content": "那声音让人起鸡皮疙瘩，我难以分清那究其是因为恐惧还是憎恶。"
    },
    {
      "id": 47,
      "model": "크로머목소리",
      "teller": "克罗默",
      "title": "钉与锤",
      "content": "把其余的处理掉，圭多。还是说要我亲自出马？那倒也可以哦？"
    },
    {
      "id": 48,
      "model": "귀도",
      "teller": "圭多",
      "title": "钉与锤",
      "content": "执柄者，您应专注于对不洁者击下重锤。"
    },
    {
      "id": 49,
      "model": "크로머목소리",
      "teller": "克罗默",
      "title": "钉与锤",
      "content": "哈哈哈哈哈！很好，非常好！！一同继续净化吧！"
    },
    {
      "id": 50,
      "model": "크로머목소리",
      "teller": "克罗默",
      "title": "钉与锤",
      "content": "那么，各位圣诞快乐！"
    },
    {
      "id": 51,
      "content": "其他审判官靠向了圭多附近。"
    },
    {
      "id": 52,
      "content": "而圭多坚定地站在他们背后。"
    },
    {
      "id": 53,
      "content": "……而他仅仅是那么站着，全体罪人就仿佛被压制了一般。"
    },
    {
      "id": 54,
      "content": "强烈的敌意从他的身上散发出来。"
    }
  ]
}