{
  "dataList": [
    {
      "id": 0,
      "place": "卡尔夫镇 广场",
      "model": "이스마엘",
      "content": "……真是个难缠的对手。总之在那人清醒前逃走吧。"
    },
    {
      "id": 1,
      "model": "오티스",
      "content": "亏你能说出这种可耻的话。握住胜机的军人不会在敌人面前夹着尾巴逃跑。"
    },
    {
      "id": 2,
      "model": "이스마엘",
      "content": "现在是军人精神重要的时候吗？"
    },
    {
      "id": 3,
      "model": "단테",
      "content": "<以实玛利大概说得没错。以我们现在的实力，对付不了那家伙。>"
    },
    {
      "id": 4,
      "model": "오티스",
      "content": "……撤退。"
    },
    {
      "id": 5,
      "content": "奥提斯满脸不情愿地退了一步。"
    },
    {
      "id": 6,
      "model": "단테",
      "content": "<辛克莱，克罗默说的“老地方”在哪里？>"
    },
    {
      "id": 7,
      "model": "싱클레어",
      "content": "那里……是。"
    },
    {
      "id": 8,
      "content": "辛克莱仍旧颤抖着，简直像是被恐惧握住了心灵。"
    },
    {
      "id": 9,
      "content": "但咬牙切齿的辛克莱似乎涌起了比这更为强烈的愤怒。"
    },
    {
      "id": 10,
      "content": "我心中浮现出一个想法。"
    },
    {
      "id": 11,
      "model": "단테",
      "content": "<现在不说不行了。辛克莱。>"
    },
    {
      "id": 12,
      "model": "단테",
      "content": "<你的一句话，能让我们的死亡次数少一半。>"
    },
    {
      "id": 13,
      "model": "오티스",
      "content": "也能提高作战的成功率。我期待有用的情报。"
    },
    {
      "id": 14,
      "content": "……或许，这才是经理该做的事。"
    },
    {
      "id": 15,
      "content": "听完我的话，辛克莱迅速摇了摇头，随后深吸一口气，才战战兢兢地开了口。"
    },
    {
      "id": 16,
      "model": "싱클레어",
      "content": "……是我家。克罗默一定在那里。"
    },
    {
      "id": 17,
      "model": "히스클리프",
      "content": "所以，你认识那家伙咯？"
    },
    {
      "id": 18,
      "model": "히스클리프",
      "content": "妈的，她笑得我耳朵都要裂开了，脑袋现在还痛着呢。"
    },
    {
      "id": 19,
      "model": "싱클레어",
      "content": "……我和她在学校认识的。"
    },
    {
      "id": 20,
      "model": "로쟈",
      "content": "哎呀，难道你们是朋友吗？如果真是那样，你能劝劝她就好了……"
    },
    {
      "id": 21,
      "model": "싱클레어",
      "content": "不是朋友。克罗默杀了我的家人。"
    },
    {
      "id": 22,
      "model": "로쟈",
      "content": "……"
    },
    {
      "id": 23,
      "model": "로쟈",
      "content": "抱歉啦。"
    },
    {
      "id": 24,
      "content": "一颗挂在树上的义体头颅缓缓转向了我们。"
    },
    {
      "id": 25,
      "content": "义体中漏出的灯光，如同照明一样不时闪烁。"
    },
    {
      "id": 26,
      "teller": "不知何人的义体头颅",
      "title": "卡尔夫镇镇民",
      "content": "辛……克……莱。滋……滋滋……"
    },
    {
      "id": 27,
      "teller": "不知何人的义体头颅",
      "title": "卡尔夫镇镇民",
      "content": "你……为什么……要回来……"
    },
    {
      "id": 28,
      "model": "로쟈",
      "content": "……辛克莱，你认识他？"
    },
    {
      "id": 29,
      "content": "看着支离破碎的义体，罗佳如此问道。"
    },
    {
      "id": 30,
      "model": "싱클레어",
      "content": "好像是这样……我真希望不是……"
    },
    {
      "id": 31,
      "content": "辛克莱一脸阴郁地望着火花四溅的电线，如此回答道。"
    },
    {
      "id": 32,
      "content": "本就是勉强发出了声音的头颅，很快便在无数杂音之中停止了运作。"
    },
    {
      "id": 33,
      "content": "而后，一首歌声响起。"
    },
    {
      "id": 34,
      "teller": "不知何人的义体头颅",
      "title": "卡尔夫镇镇民",
      "content": "平安……"
    },
    {
      "id": 35,
      "content": "挂在树上的头颅，全都唱起了同一首歌。"
    },
    {
      "id": 36,
      "content": "从各个只剩空壳的头颅中响起的圣歌，随着火焰一同平息了。"
    },
    {
      "id": 37,
      "teller": "不知何人的义体头颅",
      "title": "卡尔夫镇镇民",
      "content": "午夜中……"
    },
    {
      "id": 38,
      "model": "이스마엘",
      "content": "看来他们眼中的异端……就是使用义体者。"
    },
    {
      "id": 39,
      "model": "파우스트",
      "content": "自都市中出现使用义体者已经过了很久……"
    },
    {
      "id": 40,
      "model": "파우스트",
      "content": "可仍有许多人看到他们会感到异样。"
    },
    {
      "id": 41,
      "model": "싱클레어",
      "content": "……我们的镇子。"
    },
    {
      "id": 42,
      "model": "싱클레어",
      "content": "我们的镇子……被称作“K公司的义体产业圣地”。居民几乎都从事于高端义体部件的制造行业。"
    },
    {
      "id": 43,
      "model": "싱클레어",
      "content": "克罗默很早就盯上了我们的小镇。"
    },
    {
      "id": 44,
      "model": "그레고르",
      "content": "你的家人也……"
    },
    {
      "id": 45,
      "model": "싱클레어",
      "content": "没错，我的父亲是一家新生的义体公司的代表。"
    },
    {
      "id": 46,
      "model": "싱클레어",
      "content": "所以……"
    },
    {
      "id": 47,
      "model": "이스마엘",
      "content": "不。"
    },
    {
      "id": 48,
      "model": "이스마엘",
      "content": "要我说，这群人没有这些伟大的思想。"
    },
    {
      "id": 49,
      "model": "이스마엘",
      "content": "不过……不过是一群沉迷于疯狂和暴力的疯子罢了。"
    },
    {
      "id": 50,
      "content": "以实玛利断言道。"
    },
    {
      "id": 51,
      "content": "辛克莱盯着那颗挂着邻居的圣诞树看了一会儿，转头看向我。"
    },
    {
      "id": 52,
      "model": "싱클레어",
      "content": "执行经理，我自从前就有一件想询问的事情。"
    },
    {
      "id": 53,
      "model": "단테",
      "content": "<是什么？>"
    },
    {
      "id": 54,
      "model": "싱클레어",
      "content": "那个……是什么样的感觉？"
    },
    {
      "id": 55,
      "model": "단테",
      "content": "<感觉？>"
    },
    {
      "id": 56,
      "model": "싱클레어",
      "content": "对。"
    },
    {
      "id": 57,
      "model": "싱클레어",
      "content": "用义体代替头颅是什么样的感觉？"
    },
    {
      "id": 58,
      "content": "我还是第一次被这么问，一时间有些困惑。"
    },
    {
      "id": 59,
      "content": "问题是，我不可能知道自己在装上义体前的感觉。"
    },
    {
      "id": 60,
      "model": "단테",
      "content": "<嗯……那个嘛……>"
    },
    {
      "id": 61,
      "model": "싱클레어",
      "content": "啊！这、那个……我不是在逼问您。"
    },
    {
      "id": 62,
      "model": "싱클레어",
      "content": "……我、我问得太失礼了。对不起。"
    },
    {
      "id": 63,
      "model": "단테",
      "content": "<没事，没关系的。>"
    },
    {
      "id": 64,
      "content": "毕竟其他罪人说过比这难听且失礼得多的话，唉。"
    },
    {
      "id": 65,
      "model": "단테",
      "content": "<不管怎么说，我都没有换头之前的记忆……也没法给你回答了。>"
    },
    {
      "id": 66,
      "model": "싱클레어",
      "content": "这样啊……"
    },
    {
      "id": 67,
      "model": "싱클레어",
      "content": "我一直很在意。用其他东西取代自己的头部，究竟是一种什么样的感觉……"
    },
    {
      "id": 68,
      "model": "싱클레어",
      "content": "家里人说，就和戴上帽子和手表差不多……"
    },
    {
      "id": 69,
      "model": "싱클레어",
      "content": "可不管我再怎么想也想不出来。"
    },
    {
      "id": 70,
      "model": "싱클레어",
      "content": "多亏如此，只有我幸存了下来。"
    },
    {
      "id": 71,
      "model": "단테",
      "content": "<你当时还小，肯定很害怕义体吧。不必为此而抱有负罪感。>"
    },
    {
      "id": 72,
      "model": "싱클레어",
      "content": "不是那样……"
    },
    {
      "id": 73,
      "model": "싱클레어",
      "content": "不是那样的……"
    },
    {
      "id": 74,
      "model": "싱클레어",
      "content": "恐怕我并不像但丁经理所想的那般无辜……"
    },
    {
      "id": 75,
      "content": "辛克莱静静地垂下头。"
    },
    {
      "id": 76,
      "content": "我绞尽脑汁想找到一个合适的回答，最后却连一句像样的安慰话都没能找到。"
    },
    {
      "id": 77,
      "content": "只有咔嗒咔嗒和啪啦啪啦的不快杂音充斥着整条道路。"
    }
  ]
}