{
  "dataList": [
    {
      "id": 0,
      "place": "卡尔夫镇 广场",
      "content": "义体堆积在小镇的角落里，宛如一个垃圾填埋场。"
    },
    {
      "id": 1,
      "content": "其中似乎有人还保留了一丝意识，正在痛苦地呻吟着。"
    },
    {
      "id": 2,
      "content": "然而，远处的审判官们仍在毫不留情地用钉子贯穿着人们的胸膛。"
    },
    {
      "id": 3,
      "model": "N사심문관1",
      "teller": "某异端审判官",
      "title": "钉与锤",
      "content": "即使贯穿了他们的心脏，却还是能感受到体内的搏动。"
    },
    {
      "id": 4,
      "model": "N사심문관2",
      "teller": "一旁的异端审判官",
      "title": "钉与锤",
      "content": "大概是被钢铁改造过了吧。生而为人便所有的部分已经被异端给污染了。"
    },
    {
      "id": 5,
      "model": "N사심문관2",
      "teller": "一旁的异端审判官",
      "title": "钉与锤",
      "content": "真是晦气。这对骨与肉是何等地亵渎。"
    },
    {
      "id": 6,
      "content": "就像是在举行神圣的仪式一样，审判官从怀中取出了一个瓶子，然后虔诚地泼洒起瓶中之物。"
    },
    {
      "id": 7,
      "content": "从远远飘来的恶臭来判断，应该是油。"
    },
    {
      "id": 8,
      "model": "N사심문관2",
      "teller": "一旁的异端审判官",
      "title": "钉与锤",
      "content": "吸收人类的油脂吧，异端之躯。"
    },
    {
      "id": 9,
      "model": "N사심문관2",
      "teller": "一旁的异端审判官",
      "title": "钉与锤",
      "content": "无法回归大地之人啊，至少化作烟尘散去吧。"
    },
    {
      "id": 10,
      "content": "点燃的火柴落在堆积的义体上，一瞬间，火光冲天。"
    },
    {
      "id": 11,
      "content": "与响起的火花迸进声一同，烟尘的味道迅速向四周弥漫开来。"
    },
    {
      "id": 12,
      "content": "闻起来和烧焦的肉体似乎有些不同。"
    },
    {
      "id": 13,
      "content": "伴随着噼里啪啦的声音，义体上闪烁的微光逐渐熄灭，最终由夜色覆盖了一切。"
    },
    {
      "id": 14,
      "model": "이스마엘",
      "content": "嘴上说着要净化，实际上却在创造地狱呢。"
    },
    {
      "id": 15,
      "model": "뫼르소",
      "content": "钉与锤总是埋头于解析人性。"
    },
    {
      "id": 16,
      "model": "뫼르소",
      "content": "他们中有些人说苦难也是人类理所当然的体验，因此会谴责那些加装了义体的人。不过从未像如今般付诸实践。"
    },
    {
      "id": 17,
      "model": "그레고르",
      "content": "从刚才起我就在想……你为什么对N公司这么熟悉？"
    },
    {
      "id": 18,
      "model": "뫼르소",
      "content": "……因我曾是N公司的员工。"
    },
    {
      "id": 19,
      "model": "그레고르",
      "content": "啊……？你竟然和他们一起工作过？"
    },
    {
      "id": 20,
      "model": "뫼르소",
      "content": "虽未一起共事过，但从所属公司的角度来看，确实。"
    },
    {
      "id": 21,
      "content": "这么说来，我还是第一次听默尔索提起他自己的故事。"
    },
    {
      "id": 22,
      "content": "他总是对自身事务闭口不言。他似乎认为没有谈及其的必要。"
    },
    {
      "id": 23,
      "model": "그레고르",
      "content": "为什么之前不早说啊？那，你也佩戴过那种奇怪的武器么？"
    },
    {
      "id": 24,
      "model": "뫼르소",
      "content": "有何提及的必要吗？"
    },
    {
      "id": 25,
      "model": "히스클리프",
      "content": "什……喂，那我怎么分清你和那群疯子是不是一伙的啊？"
    },
    {
      "id": 26,
      "model": "히스클리프",
      "content": "我呢……虽然喊经理那家伙“钟表头”，但我可不认为他的生命就廉价到可以被砍掉脑袋、丢进火里烤。"
    },
    {
      "id": 27,
      "model": "히스클리프",
      "content": "那些混蛋虽然嘴上说得漂亮，要搞什么净化，但在我看来，只不过是一群为了杀人而套了个借口的疯子罢了，不是吗？"
    },
    {
      "id": 28,
      "model": "히스클리프",
      "content": "快说。你是不是也和那帮家伙一样？"
    },
    {
      "id": 29,
      "model": "뫼르소",
      "content": "我曾有一段时间确实在思考此问题。"
    },
    {
      "id": 30,
      "model": "뫼르소",
      "content": "但没有得出相同或相悖的答案。"
    },
    {
      "id": 31,
      "model": "히스클리프",
      "content": "那么，现在就回答我！如果经理那家伙命令你杀光镇上的居民，你会不会服从？"
    },
    {
      "id": 32,
      "model": "뫼르소",
      "content": "一定要给出答案吗？这对完成工作毫无帮助。"
    },
    {
      "id": 33,
      "model": "뫼르소",
      "content": "员工服从命令本就是规则。维吉里乌斯他所出具的从业规范中已经写明了。"
    },
    {
      "id": 34,
      "model": "뫼르소",
      "content": "若经理下令去做，我便去做。若需要我提出自己的想法，我便会说，但我并没有在不必要的情况下喋喋不休的习惯。"
    },
    {
      "id": 35,
      "model": "히스클리프",
      "content": "……哈啊？你是不是脑子有问题？你和那些把自己的脑袋换成铁罐头的家伙有什么区别啊？"
    },
    {
      "id": 36,
      "model": "뫼르소",
      "content": "我由16%的蛋白质、60%的水分、以及7%的无机物构成，此点明确表明了我们之间的不同。"
    },
    {
      "id": 37,
      "model": "뫼르소",
      "content": "此外，我的构成中并不含有多余的重金属。"
    },
    {
      "id": 38,
      "model": "뫼르소",
      "content": "此又为一处不同。"
    },
    {
      "id": 39,
      "content": "希斯克利夫的表情明显扭曲了。"
    },
    {
      "id": 40,
      "content": "本来就无法理解这位名为默尔索的罪人在想些什么，而与他的距离感现在又增加了。"
    },
    {
      "id": 41,
      "model": "홍루",
      "content": "不过我呢，之前就很在意一件事了。"
    },
    {
      "id": 42,
      "model": "홍루",
      "content": "我们真的应该把但丁阁下当作“人类”来看待吗。"
    },
    {
      "id": 43,
      "model": "오티스",
      "content": "你说这话是什么意思？"
    },
    {
      "id": 44,
      "model": "홍루",
      "content": "所以说……如果说话的……其实不是但丁经理本人，而是那个时钟呢？"
    },
    {
      "id": 45,
      "model": "히스클리프",
      "content": "啊？我们真的在被一面钟牵着鼻子走？"
    },
    {
      "id": 46,
      "model": "이스마엘",
      "content": "唉……净是些蠢话。让人完全没有反驳的欲望。"
    },
    {
      "id": 47,
      "model": "홍루",
      "content": "就算这样，我也很喜欢现在的钟表头但丁经理。"
    },
    {
      "id": 48,
      "model": "로쟈",
      "content": "我也是。要不就别去找原来的那个头了，一辈子都保持现在这样吧？"
    },
    {
      "id": 49,
      "model": "로쟈",
      "content": "虽然我觉得不太可能啦，但如果取回了原本的头后，发现但丁其实是一个十恶不赦的大坏蛋怎么办？"
    },
    {
      "id": 50,
      "model": "그레고르",
      "content": "哎，我们之中只有一个人了解经理兄的过去啊……"
    },
    {
      "id": 51,
      "content": "格里高尔的目光不自觉地飘向了浮士德。"
    },
    {
      "id": 52,
      "model": "파우스트",
      "content": "……有关这一部分的信息是机密事项。而且是最高机密。"
    },
    {
      "id": 53,
      "model": "단테",
      "content": "<……而且，应该连我也无法阅览吧。>"
    },
    {
      "id": 54,
      "content": "理所当然。"
    },
    {
      "id": 55,
      "content": "毕竟，我没有任何办法了解到本来的我是一个怎样的人，而对于鸿璐的无心之言，我也无法找到能明确地进行反驳的话语。"
    },
    {
      "id": 56,
      "content": "也许就正如他所说，我的真身可能就是这面时钟。"
    },
    {
      "id": 57,
      "content": "尽管如此，即使我去询问浮士德，我也没有能力判断她给出答案究竟是真实，还是谎言。"
    },
    {
      "id": 58,
      "content": "说不定真正的“但丁”就隐藏在某处，利用某种高级的技术，让我深信一切都是出于我自身的意志，由此实现我们之间的身份替代。"
    },
    {
      "id": 59,
      "content": "只是一味苦恼的话，我也得不到真正的答案。"
    },
    {
      "id": 60,
      "model": "단테",
      "content": "<谁知道呢。等找回了我自己的头后，要不就把这面钟挂到墙上去吧。>"
    },
    {
      "id": 61,
      "content": "以实玛利向我投来了责备的眼神，仿佛在质问我说“你真的就打算这样蒙混过去吗？”。但很快，她最终只是选择耸了耸肩。"
    },
    {
      "id": 62,
      "content": "毕竟，这是事实。"
    }
  ]
}