{
  "dataList": [
    {
      "id": 0,
      "place": "卡尔夫镇 广场 ",
      "model": "이스마엘",
      "content": "那么，我们接下来该怎么办呢？只要在移动时保持安静，我们就可以在不惊动其他审判官的情况下通过这里。"
    },
    {
      "id": 1,
      "model": "싱클레어",
      "content": "但丁经理……那个……我想提前先道个歉。"
    },
    {
      "id": 2,
      "model": "싱클레어",
      "content": "如您所知……我和其他人不一样，几乎没有什么战斗的经验……"
    },
    {
      "id": 3,
      "model": "싱클레어",
      "content": "所以，我可能会被那些家伙一次又一次地刺穿心脏……"
    },
    {
      "id": 4,
      "model": "싱클레어",
      "content": "即便如此……您也能忍下去吗？"
    },
    {
      "id": 5,
      "content": "辛克莱的全身都在颤抖，那副姿态足以令每一个见到他的人都心生怜悯。"
    },
    {
      "id": 6,
      "content": "我能切实地感受到，他正在拼尽全力抑制住眼前的恐惧。"
    },
    {
      "id": 7,
      "content": "迄今为止，辛克莱并非没有死过。每到那时，我肯定都会将他复活。"
    },
    {
      "id": 8,
      "content": "但他像这样请求谅解还是第一次。我能感受到他不惜反复死去也要面对他们的意志。"
    },
    {
      "id": 9,
      "content": "他与平日里在战斗中心生畏惧的时候不同……"
    },
    {
      "id": 10,
      "content": "大概既有着恐惧，也有着相同程度的勇气。"
    },
    {
      "id": 11,
      "content": "既然如此……"
    },
    {
      "id": 12,
      "model": "단테",
      "content": "<你害怕吗，辛克莱？>"
    },
    {
      "id": 13,
      "model": "싱클레어",
      "content": "……！"
    },
    {
      "id": 15,
      "content": "辛克莱突然抬起头，用不可置信的眼神看向我。"
    },
    {
      "id": 16,
      "model": "단테",
      "content": "<嗯？我说了什么奇怪的话吗？>"
    },
    {
      "id": 17,
      "model": "싱클레어",
      "content": "不……我只是想起来，很久之前，有个朋友也问过我同样的问题。"
    },
    {
      "id": 18,
      "content": "在沉默了片刻后，辛克莱开口了。他的声音有些低沉。"
    },
    {
      "id": 19,
      "model": "싱클레어",
      "content": "……我同意希斯克利夫先生的话。"
    },
    {
      "id": 20,
      "model": "싱클레어",
      "content": "我觉得，即便有着义体脑袋，但丁经理也依旧是他本人。"
    },
    {
      "id": 21,
      "model": "싱클레어",
      "content": "还有，我的家人们也是一样的吧。"
    },
    {
      "id": 22,
      "model": "단테",
      "content": "<谢谢你，辛克莱。>"
    },
    {
      "id": 23,
      "model": "싱클레어",
      "content": "……呼。"
    },
    {
      "id": 24,
      "model": "싱클레어",
      "content": "没事。之后我大概会死到吐吧，现在就感谢我的话会让我心里过不去的。啊哈哈。"
    },
    {
      "id": 25,
      "content": "当我意识到自己还没有问他当时是怎么回答朋友的时候……"
    },
    {
      "id": 26,
      "content": "辛克莱已经向远处进发了。"
    }
  ]
}