{
  "dataList": [
    {
      "id": 0,
      "place": "辛克莱的旧宅",
      "content": "辛克莱的家在小镇的最深处，是最大的宅邸。"
    },
    {
      "id": 1,
      "content": "即便从远处也能一眼看出那座宅邸正在熊熊燃烧。"
    },
    {
      "id": 2,
      "content": "有一瞬间，我试着构想这个城镇和平的时日。"
    },
    {
      "id": 3,
      "content": "也就是，小镇前的那些树木仍然长着苍翠的枝叶，而和如今不同的时期。"
    },
    {
      "id": 4,
      "content": "那时的辛克莱是什么样子呢。"
    },
    {
      "id": 5,
      "content": "或是众人死去的时候是什么样子呢。"
    },
    {
      "id": 6,
      "content": "是幸福亦或是绝望呢，我都不得而知。"
    },
    {
      "id": 7,
      "content": "尽管如此，我还是希望，辛克莱在面对即将到来的不幸时，能够稍微淡然一些。"
    },
    {
      "id": 8,
      "model": "이스마엘",
      "content": "真的……太过分了，这……"
    },
    {
      "id": 9,
      "content": "昔日宽敞的庭院，此时却立满了高耸的钉子。"
    },
    {
      "id": 10,
      "content": "像塔一样高耸的众多钉子上，穿着各种各样的义体，"
    },
    {
      "id": 11,
      "content": "房子就在这似要吞噬一切的火焰中，猛烈地燃烧着。"
    },
    {
      "id": 12,
      "content": "就在大家紧紧盯着那些义体的时候，"
    },
    {
      "id": 13,
      "content": "辛克莱的视线却移向了庭院的一处角落。"
    },
    {
      "id": 14,
      "model": "싱클레어",
      "content": "坟墓……被挖开了？"
    },
    {
      "id": 15,
      "content": "顺着他的视线看去，三座坟墓被破坏得不成样子。"
    },
    {
      "id": 16,
      "content": "仅仅通过辛克莱的表情，罪人们就能明白，那些墓的主人是谁。"
    },
    {
      "id": 17,
      "model": "이상",
      "content": "……死后处刑，乃是恶魔之行径。"
    },
    {
      "id": 18,
      "content": "父母、姐姐。"
    },
    {
      "id": 19,
      "content": "这是辛克莱曾经提到过的，家人们的坟墓。"
    },
    {
      "id": 20,
      "model": "오티스",
      "content": "等等……举异者一名，正前方。"
    },
    {
      "id": 21,
      "model": "싱클레어",
      "content": "口哨声……"
    },
    {
      "id": 22,
      "teller": "？？？",
      "title": "？？？",
      "content": "呵呵呵，不是吧，再怎么说也太有趣了。"
    },
    {
      "id": 23,
      "content": "有人从熊熊燃烧的房子里走了出来。"
    },
    {
      "id": 24,
      "content": "同时放肆地发出了怎么听都觉得十分邪恶的笑声。"
    },
    {
      "id": 25,
      "model": "크로머",
      "teller": "克罗默",
      "title": "钉与锤",
      "content": "竟然会仔细地埋葬不会腐烂的尸体……是吧？"
    },
    {
      "id": 26,
      "model": "싱클레어",
      "content": "克罗默……"
    },
    {
      "id": 27,
      "model": "크로머",
      "teller": "克罗默",
      "title": "钉与锤",
      "content": "不过我觉得，在这里的钉子中仔细找找还是能找到的。我应该是在哪里穿刺了他们三个的。"
    },
    {
      "id": 28,
      "model": "크로머",
      "teller": "克罗默",
      "title": "钉与锤",
      "content": "如果你好好听我话，告诉你位置也不是不行……"
    },
    {
      "id": 29,
      "model": "크로머",
      "teller": "克罗默",
      "title": "钉与锤",
      "content": "如何？辛克莱。竟然能到这里来，你似乎变得十分勇敢了呢。"
    },
    {
      "id": 30,
      "model": "크로머",
      "teller": "克罗默",
      "title": "钉与锤",
      "content": "也培养出了可以凝视尸体的勇气，是吧？"
    },
    {
      "id": 31,
      "model": "싱클레어",
      "content": "究竟……为什么……会成这样……"
    },
    {
      "id": 32,
      "content": "辛克莱甚至连句完整的话都说不出来。"
    },
    {
      "id": 33,
      "model": "오티스",
      "content": "先遣部队去哪里了？到了这里的话应该能看到他们的吧……"
    },
    {
      "id": 34,
      "model": "크로머",
      "teller": "克罗默",
      "title": "钉与锤",
      "content": "啊~是辛克莱的朋友们！"
    },
    {
      "id": 35,
      "model": "크로머",
      "teller": "克罗默",
      "title": "钉与锤",
      "content": "你在找其他那些一起偷溜进来的老鼠吧？"
    },
    {
      "id": 36,
      "model": "크로머",
      "teller": "克罗默",
      "title": "钉与锤",
      "content": "好，好。好好看看。我要点亮灯光了，睁大眼睛吧！"
    },
    {
      "id": 37,
      "model": "크로머",
      "teller": "克罗默",
      "title": "钉与锤",
      "content": "锵锵！"
    },
    {
      "id": 38,
      "model": "제복에피",
      "teller": "埃菲",
      "title": "LCCB",
      "content": "咳、咳呃……"
    },
    {
      "id": 39,
      "model": "그레고르",
      "content": "埃菲……？"
    },
    {
      "id": 40,
      "content": "埃菲挣扎地呼吸着，四肢都被砍去，改为装上了像是硬塞进去一样的弯曲义肢。"
    },
    {
      "id": 41,
      "model": "싱클레어",
      "content": "埃菲先生！！！"
    },
    {
      "id": 42,
      "content": "埃菲已经遍体鳞伤，连句像样的话也说不出来了。"
    },
    {
      "id": 43,
      "model": "파우스트",
      "content": "……"
    },
    {
      "id": 44,
      "model": "파우스트",
      "content": "如此发展下去的话，他完全死亡所需的平均时间是两天。"
    },
    {
      "id": 45,
      "model": "파우스트",
      "content": "因为钉柱会慢慢地刺入进去，所以痛苦会加倍吧。"
    },
    {
      "id": 46,
      "model": "단테",
      "content": "<那么……>"
    },
    {
      "id": 47,
      "model": "오티스",
      "content": "执行经理，我知晓尽可能无痛地终结生命的方法。"
    },
    {
      "id": 48,
      "model": "오티스",
      "content": "因为是经常会用到的技术……"
    },
    {
      "id": 49,
      "model": "오티스",
      "content": "可以请您下令吗？"
    },
    {
      "id": 50,
      "content": "我来回注视着格里高尔和以实玛利。"
    },
    {
      "id": 51,
      "content": "两人也注视着我……不约而同地垂下脑袋，紧紧咬着嘴唇。"
    },
    {
      "id": 52,
      "content": "我知道那是什么意思。"
    },
    {
      "id": 53,
      "model": "오티스",
      "content": "……安息吧。"
    },
    {
      "id": 54,
      "content": "有个声音掠过奥提斯的衣领。"
    },
    {
      "id": 55,
      "content": "寂静紧随其后。"
    },
    {
      "id": 56,
      "content": "然后，那片寂静转瞬间被克罗默的狞笑打破了。"
    },
    {
      "id": 57,
      "model": "크로머",
      "teller": "克罗默",
      "title": "钉与锤",
      "content": "噗……噗哈哈哈！！"
    },
    {
      "id": 58,
      "model": "싱클레어",
      "content": "啊。"
    },
    {
      "id": 59,
      "content": "同时，我似乎也听到了什么东西破碎的声音。"
    },
    {
      "id": 60,
      "model": "크로머",
      "teller": "克罗默",
      "title": "钉与锤",
      "content": "反正各位都是一样的下场，却还要互相照顾到最后，真是可笑至极啊！"
    },
    {
      "id": 61,
      "model": "크로머",
      "teller": "克罗默",
      "title": "钉与锤",
      "content": "辛克莱，这样做会不会让你回想起往昔？"
    },
    {
      "id": 62,
      "model": "크로머",
      "teller": "克罗默",
      "title": "钉与锤",
      "content": "你那时的表情真的十分精彩啊。"
    },
    {
      "id": 63,
      "model": "싱클레어",
      "content": "克罗默。"
    },
    {
      "id": 64,
      "model": "싱클레어",
      "content": "你应该去死。"
    },
    {
      "id": 65,
      "model": "싱클레어",
      "content": "嗯。那样就对了。"
    },
    {
      "id": 66,
      "model": "싱클레어",
      "content": "你就该被我亲手……！"
    },
    {
      "id": 67,
      "content": "就在这时，地板上传来了钉子慢慢划过的声音。"
    },
    {
      "id": 68,
      "model": "오티스",
      "content": "……是那个叫圭多的家伙。"
    },
    {
      "id": 69,
      "content": "尽管我们已经尽了全力，但不知道他是不是在那么短的时间内痊愈了，从他行走的姿势上看不到任何受伤的痕迹。"
    },
    {
      "id": 70,
      "content": "那样子让罪人们一下子没了力气……"
    },
    {
      "id": 71,
      "content": "每个人都找不到恰当的话语，只能从心底发出一声叹息。"
    },
    {
      "id": 72,
      "model": "크로머",
      "teller": "克罗默",
      "title": "钉与锤",
      "content": "圭多，剩下的为什么没能处理掉？"
    },
    {
      "id": 73,
      "model": "귀도",
      "teller": "圭多",
      "title": "钉与锤",
      "content": "请您宽恕，执柄者啊。因吾力所不及。"
    },
    {
      "id": 74,
      "model": "크로머",
      "teller": "克罗默",
      "title": "钉与锤",
      "content": "必须时刻保持警惕。因为没人知道那该死的铁头里藏着什么。"
    },
    {
      "id": 75,
      "model": "귀도",
      "teller": "圭多",
      "title": "钉与锤",
      "content": "吾会铭记在心。执柄者啊。"
    },
    {
      "id": 76,
      "model": "크로머",
      "teller": "克罗默",
      "title": "钉与锤",
      "content": "重逢就到此为止，我要回去了。"
    },
    {
      "id": 77,
      "content": "克罗默转过身，走进了熊熊燃烧的房子里。"
    },
    {
      "id": 78,
      "model": "싱클레어",
      "content": "克罗默！！！"
    },
    {
      "id": 79,
      "model": "싱클레어",
      "content": "给我回来！我要……用这只手！将你执握住……"
    },
    {
      "id": 80,
      "model": "크로머",
      "teller": "克罗默",
      "title": "钉与锤",
      "content": "不不。辛克莱。"
    },
    {
      "id": 81,
      "model": "크로머",
      "teller": "克罗默",
      "title": "钉与锤",
      "content": "虽然一直如此……"
    },
    {
      "id": 82,
      "content": "不知是恶魔般的业火吞噬了克罗默，抑或反之。她翘起嘴角，露出了魔鬼一样的笑容，难以分清二者的差别。"
    },
    {
      "id": 83,
      "content": "然后开口道……"
    },
    {
      "id": 84,
      "model": "크로머",
      "teller": "克罗默",
      "title": "钉与锤",
      "content": "但执握之人可是我啊。"
    }
  ]
}