{
  "dataList": [
    {
      "id": 0,
      "place": "辛克莱的旧宅",
      "model": "싱클레어",
      "content": "哇啊啊啊！！！"
    },
    {
      "id": 1,
      "model": "히스클리프",
      "content": "喂，你……！"
    },
    {
      "id": 2,
      "content": "还没来得及阻止，辛克莱就朝着消失的克罗默狂奔了过去。"
    },
    {
      "id": 3,
      "content": "可是，他的尝试被周围留下的N公司审判官打断了。"
    },
    {
      "id": -1,
      "model": "//효과음 – 퍽"
    },
    {
      "id": 4,
      "content": "辛克莱以平常战斗中难以想象的速度挥舞起了武器，将抓住了他的人的头砸得粉碎。"
    },
    {
      "id": 5,
      "content": "甚至来不及发出呻吟，审判官就已经瘫倒在地。"
    },
    {
      "id": 6,
      "content": "一般都死守在队伍最后的辛克莱，第一次作出了突然行动。"
    },
    {
      "id": 7,
      "model": "히스클리프",
      "content": "……什么鬼？你既然这么能打，为什么之前一直都躲在后面扭扭捏捏的？"
    },
    {
      "id": 8,
      "model": "귀도",
      "teller": "圭多",
      "title": "钉与锤",
      "content": "吾清楚记得已经扼杀了汝等的生命。"
    },
    {
      "id": 9,
      "model": "귀도",
      "teller": "圭多",
      "title": "钉与锤",
      "content": "吾也清楚地看见从汝等碎裂的颅骨中流出的脑浆。"
    },
    {
      "id": 10,
      "model": "귀도",
      "teller": "圭多",
      "title": "钉与锤",
      "content": "可如今，汝等这些异端却又切实地立于吾之身前。"
    },
    {
      "id": 11,
      "model": "그레고르",
      "content": "倒不如说你们不也毫发无损地站在我们面前吗……"
    },
    {
      "id": 12,
      "content": "名为圭多的那人仔细凝视着站在罪人之中的我。"
    },
    {
      "id": 13,
      "content": "随后像是明白了什么似的，缓缓点了点头。"
    },
    {
      "id": 14,
      "model": "귀도",
      "teller": "圭多",
      "title": "钉与锤",
      "content": "这位有着异端头颅的阁下。"
    },
    {
      "id": 15,
      "model": "귀도",
      "teller": "圭多",
      "title": "钉与锤",
      "content": "必定是您在迷惑信众。"
    },
    {
      "id": 16,
      "content": "他随即朝被无数钉子所刺穿的尸体抬了抬下巴。"
    },
    {
      "id": 17,
      "model": "귀도",
      "teller": "圭多",
      "title": "钉与锤",
      "content": "那些人犯下了以不洁之躯闯入神圣仪式的中心区域的重罪。"
    },
    {
      "id": 18,
      "model": "귀도",
      "teller": "圭多",
      "title": "钉与锤",
      "content": "因而，吾施予其与异端相同的惩罚。"
    },
    {
      "id": 19,
      "model": "귀도",
      "teller": "圭多",
      "title": "钉与锤",
      "content": "并让其体会到了，并非出于自身意志而被名为机械之异物刺入躯体的耻辱。"
    },
    {
      "id": 20,
      "model": "귀도",
      "teller": "圭多",
      "title": "钉与锤",
      "content": "但汝等不同。"
    },
    {
      "id": 21,
      "model": "귀도",
      "teller": "圭多",
      "title": "钉与锤",
      "content": "信奉异端之罪，要轻于异端之罪。"
    },
    {
      "id": 22,
      "model": "귀도",
      "teller": "圭多",
      "title": "钉与锤",
      "content": "因而，汝等若能悔过自忏，涤净心灵……"
    },
    {
      "id": 23,
      "model": "귀도",
      "teller": "圭多",
      "title": "钉与锤",
      "content": "吾等锤自会宽恕汝等。"
    },
    {
      "id": 24,
      "model": "귀도",
      "teller": "圭多",
      "title": "钉与锤",
      "content": "面对引诱的可怜而愚蠢的罪人啊。"
    },
    {
      "id": 25,
      "model": "귀도",
      "teller": "圭多",
      "title": "钉与锤",
      "content": "挣脱那虚伪的奇迹，跪于吾身前吧。"
    },
    {
      "id": 26,
      "content": "气氛完全凝固住了。无人开口。"
    },
    {
      "id": 27,
      "model": "단테",
      "content": "<原来大家都被我迷惑住了？好像只有我不知道呢。>"
    },
    {
      "id": 28,
      "content": "我突然感觉很不舒服，本想着故意开个玩笑来打破这尴尬的气氛，可谁都没有笑。"
    },
    {
      "id": 29,
      "model": "이스마엘",
      "content": "但丁经理……那人的话……是在侮辱你。根本没有把你当成人来看待。"
    },
    {
      "id": 30,
      "model": "단테",
      "content": "<可你们不也总叫我钟表头吗……>"
    },
    {
      "id": 31,
      "model": "이스마엘",
      "content": "完全不是一回事！而且我也没这么叫……"
    },
    {
      "id": 32,
      "content": "以实玛利气鼓鼓地把话憋了回去。"
    },
    {
      "id": 33,
      "model": "히스클리프",
      "content": "你不会以为随便说点漂亮话就行了吧……"
    },
    {
      "id": 34,
      "model": "히스클리프",
      "content": "该滚蛋的是你吧。面具混蛋。明明脑袋还好好地长在身上，怎么会有这种想法？"
    },
    {
      "id": 35,
      "model": "귀도",
      "teller": "圭多",
      "title": "钉与锤",
      "content": "……"
    },
    {
      "id": 36,
      "model": "귀도",
      "teller": "圭多",
      "title": "钉与锤",
      "content": "吾已充分给予过汝等机会。"
    },
    {
      "id": 37,
      "model": "귀도",
      "teller": "圭多",
      "title": "钉与锤",
      "content": "但汝等仍与那些被悬吊与贯穿之人无异。"
    },
    {
      "id": 38,
      "model": "귀도",
      "teller": "圭多",
      "title": "钉与锤",
      "content": "吾即锤。"
    },
    {
      "id": 39,
      "model": "귀도",
      "teller": "圭多",
      "title": "钉与锤",
      "content": "乃是向执柄者誓忠，肩负着贯穿异端之躯的伟业的工具。"
    },
    {
      "id": 40,
      "model": "귀도",
      "teller": "圭多",
      "title": "钉与锤",
      "content": "吾将以钉刺穿汝等，置于距土地最远之处。"
    },
    {
      "id": 41,
      "model": "귀도",
      "teller": "圭多",
      "title": "钉与锤",
      "content": "不愿悔罪之人……"
    },
    {
      "id": 42,
      "model": "히스클리프",
      "content": "喂，这些废话都说完了吗？"
    },
    {
      "id": 43,
      "model": "귀도",
      "teller": "圭多",
      "title": "钉与锤",
      "content": "……也无法回归土地。"
    }
  ]
}