{
  "dataList": [
    {
      "id": 0,
      "place": "辛克莱的旧宅",
      "content": "随着一声巨响，圭多终于倒下了。"
    },
    {
      "id": 1,
      "content": "尽管我在怀疑他是否真的断了气，但我们连摘下他的头盔来确认一下的力气都没有了。"
    },
    {
      "id": -1,
      "model": "//효과음",
      "content": "푹! 푹! 푹! 푹!"
    },
    {
      "id": 2,
      "content": "辛克莱仍在用斧枪反复刺着已经死去的审判官的尸体。"
    },
    {
      "id": 3,
      "content": "在面目全非的尸体附近，血和内脏散落一地。"
    },
    {
      "id": 4,
      "model": "로쟈",
      "content": "辛克莱……冷静一点。"
    },
    {
      "id": 5,
      "content": "他似乎除了眼前的尸体外，什么也看不见，什么也听不见了。"
    },
    {
      "id": 6,
      "content": "时不时传来难以遏制愤怒的喘息声，以及混杂在其中的微弱的抽泣声。"
    },
    {
      "id": 7,
      "model": "싱클레어",
      "content": "我要……全都……杀了……"
    },
    {
      "id": 8,
      "content": "虽然我知道必须要阻止他继续下去，但没人敢轻易上前。"
    },
    {
      "id": 9,
      "content": "因为很明显，现在他的眼中什么都没有。"
    },
    {
      "id": 10,
      "model": "돈키호테",
      "content": "让他清醒过来的方法比诸位所想的要简单！"
    },
    {
      "id": 11,
      "content": "就在那时，堂吉诃德向辛克莱扑去，将他摔到了地板上。"
    },
    {
      "id": 12,
      "content": "然后……"
    },
    {
      "id": 13,
      "content": "她开始朝着倒下的辛克莱的脸挥拳。"
    },
    {
      "id": -1,
      "model": "//효과음",
      "content": "퍽 퍽 퍽"
    },
    {
      "id": 14,
      "content": "拳头一次次挥下。"
    },
    {
      "id": 15,
      "model": "로쟈",
      "content": "这、这个……必须阻止她才行吧？"
    },
    {
      "id": 16,
      "model": "료슈",
      "content": "别管。真是幼稚的战斗。"
    },
    {
      "id": 17,
      "content": "尘土到处飞扬……"
    },
    {
      "id": 18,
      "content": "终于，堂吉诃德停了下来。"
    },
    {
      "id": 19,
      "model": "돈키호테",
      "content": "如何，汝稍微清醒些了吗？"
    },
    {
      "id": 20,
      "model": "싱클레어",
      "content": "唔，咳……"
    },
    {
      "id": 21,
      "model": "돈키호테",
      "content": "抱歉。吾过去也会有被兴奋冲昏头脑，如同脱缰野马一般发狂之时。"
    },
    {
      "id": 22,
      "model": "돈키호테",
      "content": "每到那时，吾的旧友们就会殴打吾，直至清醒为止。"
    },
    {
      "id": 23,
      "model": "돈키호테",
      "content": "若非那般，似乎有时吾就无法恢复清醒。"
    },
    {
      "id": 24,
      "model": "이스마엘",
      "content": "啊，这么说维吉里乌斯先生也是你的朋友咯？"
    },
    {
      "id": 25,
      "model": "로쟈",
      "content": "噗……"
    },
    {
      "id": 26,
      "model": "돈키호테",
      "content": "那、那个是……！"
    },
    {
      "id": 27,
      "model": "싱클레어",
      "content": "呜……呜呜……"
    },
    {
      "id": 28,
      "content": "辛克莱满脸血污的脸上，落下了一滴滴泪珠。"
    },
    {
      "id": 29,
      "model": "싱클레어",
      "content": "我不会放过她的……"
    },
    {
      "id": 30,
      "model": "싱클레어",
      "content": "我要回家去……把那个混蛋……用木桩刺死……！然后就……"
    },
    {
      "id": 31,
      "content": "他随后就被抽泣填满，说不出完整的句子。"
    },
    {
      "id": 32,
      "content": "辛克莱就那样抽噎了一会，似乎终于冷静了下来，断断续续的声音从捂着脸的手指缝隙中传出。"
    },
    {
      "id": 33,
      "model": "싱클레어",
      "content": "我……在一夜之间失去了一切……"
    },
    {
      "id": 34,
      "model": "싱클레어",
      "content": "那个时候……那些人既没有打着“钉与锤”的名号，也没有这么多人在一起到处招摇过市。"
    },
    {
      "id": 35,
      "model": "싱클레어",
      "content": "但是，不知从何时开始……"
    },
    {
      "id": 36,
      "model": "싱클레어",
      "content": "自称锤子的家伙们陆续来到了镇上……"
    },
    {
      "id": 37,
      "model": "싱클레어",
      "content": "咕，呜……"
    },
    {
      "id": 38,
      "model": "로쟈",
      "content": "好了，小家伙。讲到这里就可以了……"
    },
    {
      "id": 39,
      "content": "罗佳仅仅是轻柔地拍着他的背。"
    },
    {
      "id": 40,
      "model": "싱클레어",
      "content": "有时候我会觉得……"
    },
    {
      "id": 41,
      "model": "싱클레어",
      "content": "自己只是还没能从噩梦中醒来而已……"
    },
    {
      "id": 42,
      "model": "싱클레어",
      "content": "每天早上从睡梦中苏醒时……我总会想……"
    },
    {
      "id": 43,
      "model": "싱클레어",
      "content": "也许这次我所看见的……就是家中……熟悉的天花板。"
    },
    {
      "id": 44,
      "content": "他说到这里，终于泣不成声。"
    },
    {
      "id": 45,
      "content": "没有任何理由不去等他平静下来。"
    }
  ]
}