{
  "dataList": [
    {
      "id": 0,
      "content": "<color=#d4e1e8>我们既非好高骛远之辈，也非贪得无厌之徒；我们只不过是喜爱技术的孩童。</color>"
    },
    {
      "id": 1,
      "content": "<color=#d4e1e8>还记得我们第一次感知到，自己在呼吸的那一天吗？</color>"
    },
    {
      "id": 2,
      "content": "<color=#d4e1e8>那时候……</color>"
    },
    {
      "id": 3,
      "content": "<color=#d4e1e8>仅一口空气便已心满意足。</color>"
    },
    {
      "id": 4,
      "content": "<color=#d4e1e8>亦或是……</color>"
    },
    {
      "id": 5,
      "content": "<color=#d4e1e8>只有那天的空气才如此清新。</color>"
    },
    {
      "id": 6,
      "place": "混乱的K巢街道",
      "content": "烟尘模糊了视野。"
    },
    {
      "id": 7,
      "content": "源于恐惧的悲鸣，源自绝望的叫喊，坚硬物件碎裂的杂响，伴随痛苦的呻吟混杂着传入耳中。"
    },
    {
      "id": 8,
      "model": "이상",
      "content": "现在是需回拨时钟的……时刻了。"
    },
    {
      "id": 9,
      "content": "我听到罪人中唯一还留有意识的李箱在艰难尝试着挤出话语。"
    },
    {
      "id": 10,
      "content": "其余的罪人们仿佛断线的木偶一般，与化为碎块的躯体们一并倒在一旁。"
    },
    {
      "id": 11,
      "content": "这是异想体导致的致命伤。"
    },
    {
      "id": 12,
      "content": "但是我们却身处巢的正中心。"
    },
    {
      "id": 13,
      "content": "异想体本来……不应该是只能在脑叶公司支部内或者是迷宫中才能遇到的存在吗？"
    },
    {
      "id": 14,
      "content": "可现在，就连仅剩的罪人李箱也已被洞穿腹部。"
    },
    {
      "id": 15,
      "content": "即使提出那样的疑问也不过是自言自语。"
    },
    {
      "id": 16,
      "place": "梅菲斯托费勒斯 内部",
      "model": "홍루",
      "content": "我们这次要去哪里？"
    },
    {
      "id": 17,
      "content": "可能是因为在某种程度上熟悉了这份工作，"
    },
    {
      "id": 18,
      "content": "如今的我们就仿佛是在旅游一般，甚至会有罪人询问下次的目的地。"
    },
    {
      "id": 19,
      "model": "파우스트",
      "content": "不是。本次作战的起点并不是某个地点，而是人。"
    },
    {
      "id": 20,
      "model": "이상",
      "content": "你是说，人吗？"
    },
    {
      "id": 21,
      "model": "파우스트",
      "content": "有一名委托人。"
    },
    {
      "id": 22,
      "model": "이스마엘",
      "content": "那是说……我们还要像收尾人事务所一样接受外界的委托吗？"
    },
    {
      "id": 23,
      "model": "돈키호테",
      "content": "唔呼，委托已经源源不断了么？何等优秀！吾说不定马上就要成为名扬四海的收尾人了！"
    },
    {
      "id": 24,
      "model": "베르길리우스",
      "content": "安静。由我来回答疑问。"
    },
    {
      "id": 25,
      "model": "베르길리우스",
      "content": "如你们所知，被称为金枝的存在是一种最近才被发现的概念。"
    },
    {
      "id": 26,
      "model": "베르길리우스",
      "content": "幸运的是，以前经过的J公司和D公司都没有特别关注金枝。"
    },
    {
      "id": 27,
      "model": "베르길리우스",
      "content": "所以才会有后巷的鼠辈出没，或者是被一些乌合之众组成的帮派占领。"
    },
    {
      "id": 28,
      "model": "베르길리우스",
      "content": "但是……也有早就意识到金枝存在的翼。例如我们现在所处的K公司。"
    },
    {
      "id": 29,
      "model": "그레고르",
      "content": "嗯？但是位于K公司的金枝不是已经被我们拿走了吗？"
    },
    {
      "id": 30,
      "model": "베르길리우스",
      "content": "我从来没说过一片翼只存在一根金枝。"
    },
    {
      "id": 31,
      "model": "베르길리우스",
      "content": "脑叶公司支部比我们所想的更错综复杂。正如其言……如枝条一般盘根错节，四处延展着。"
    },
    {
      "id": 32,
      "model": "싱클레어",
      "content": "就跟与我家的地下室相连着一样……"
    },
    {
      "id": 33,
      "model": "베르길리우스",
      "content": "目前对于金枝的所有权尚没有明确定义。"
    },
    {
      "id": 34,
      "model": "베르길리우스",
      "content": "正因如此“金枝的最初发现者将会获得其所有权”，这样的原始规定才能被采用。"
    },
    {
      "id": 35,
      "model": "로쟈",
      "content": "嘛，反正沉睡的宝物本就是先到先得的嘛~"
    },
    {
      "id": 36,
      "model": "그레고르",
      "content": "也就是说……我们把得到金枝所有权作为条件接受了委托吗？"
    },
    {
      "id": 37,
      "model": "베르길리우스",
      "content": "准确来说，是对方提出的交易。"
    },
    {
      "id": 38,
      "model": "베르길리우스",
      "content": "由于是事关金枝的委托，所以我们……"
    },
    {
      "id": 39,
      "model": "이스마엘",
      "content": "对……没有选择的余地。"
    },
    {
      "id": 40,
      "model": "베르길리우스",
      "content": "所以……哈，虽然不知道还要重复多少遍你们才能听得懂，但不要做出让委托人感到厌恶的行为。"
    },
    {
      "id": 41,
      "model": "단테",
      "content": "<但是啊……>"
    },
    {
      "id": 42,
      "model": "베르길리우스",
      "content": "好，那么在抵达目的地之前所有人都把嘴闭上。就像往常一样。"
    },
    {
      "id": 43,
      "model": "단테",
      "content": "<……>"
    },
    {
      "id": 44,
      "model": "파우스트",
      "content": "但丁经理好像有话要说。"
    },
    {
      "id": 45,
      "model": "단테",
      "content": "<……谢谢你，浮士德。>"
    },
    {
      "id": 46,
      "model": "베르길리우스",
      "content": "啊，对不起了，但丁。毕竟我还没习惯对一切滴答响的东西做出反应。"
    },
    {
      "id": 47,
      "model": "단테",
      "content": "<……金枝到底是用在哪的？>"
    },
    {
      "id": 48,
      "model": "단테",
      "content": "<仔细想想才发现，我只知道我们被要求去收集金枝……但似乎从来都没听过那东西具体要用来干什么。>"
    },
    {
      "id": 49,
      "model": "파우스트",
      "content": "……"
    },
    {
      "id": 50,
      "model": "파우스트",
      "content": "其在询问金枝的用处。"
    },
    {
      "id": 51,
      "model": "베르길리우스",
      "content": "……嚯。"
    },
    {
      "id": 52,
      "model": "베르길리우스",
      "content": "终于是要开动脑筋了吗，但丁经理。你居然会对公司的方针产生兴趣。"
    },
    {
      "id": 53,
      "model": "베르길리우스",
      "content": "那么我这向导也得通过亲切的说明来协助您的管理了。"
    },
    {
      "id": 54,
      "model": "베르길리우스",
      "content": "所谓金枝……"
    },
    {
      "id": 55,
      "model": "베르길리우스",
      "content": "就是字面意义的枝条。如果有从树干上伸展出去的部分，那就叫做枝条。而那些枝条闪烁着金光。"
    },
    {
      "id": 56,
      "model": "돈키호테",
      "content": "哦哦哦哦……原来如此……"
    },
    {
      "id": 57,
      "content": "只有堂吉诃德点着头积极回应着。"
    },
    {
      "id": 58,
      "content": "多亏了他，我成了连“枝条”这个词都不认识的无知之人。"
    },
    {
      "id": 59,
      "content": "只有罗佳耸了耸肩，仿佛是在说“你还在期待他能回答什么吗”一般。"
    },
    {
      "id": 60,
      "model": "카론",
      "content": "维吉，路被挡住了。必须绕过去吗？"
    },
    {
      "id": 61,
      "model": "베르길리우스",
      "content": "……"
    },
    {
      "id": 62,
      "model": "이스마엘",
      "content": "被挡住了？"
    },
    {
      "id": 63,
      "model": "이스마엘",
      "content": "禁止通行的情况相当异常。更何况是在K巢的中心，说不定是有什么引起了骚乱……"
    },
    {
      "id": 64,
      "content": "以实玛利话音未落，巴士的窗户上就传来了被重物撞击的响声。"
    },
    {
      "id": 65,
      "model": "로쟈",
      "content": "……刚刚被巴士撞飞的……是人吧？"
    },
    {
      "id": 66,
      "model": "뫼르소",
      "content": "40岁左右的男性。后脑部貌似受到了严重的损伤。在撞击之前便已死去。"
    },
    {
      "id": 67,
      "model": "베르길리우스",
      "content": "没错，应该不是单纯的骚乱。"
    },
    {
      "id": 68,
      "model": "베르길리우스",
      "content": "下车。如果是能解决的问题，就解决完了再回来。"
    },
    {
      "id": 69,
      "model": "로쟈",
      "content": "……如果是不能解决的问题的话？"
    },
    {
      "id": 70,
      "model": "베르길리우스",
      "content": "那就得一直转动时钟，直到问题被解决为止了。"
    },
    {
      "id": 71,
      "model": "단테",
      "content": "<还把让人去死说得这么优雅……>"
    },
    {
      "id": 72,
      "model": "로쟈",
      "content": "嗯，那么……"
    },
    {
      "id": 73,
      "model": "로쟈",
      "content": "全员下车。"
    },
    {
      "id": 74,
      "model": "베르길리우스",
      "content": "……"
    },
    {
      "id": 75,
      "model": "로쟈",
      "content": "怎么？反正你不也打算要这么说的嘛？帮你省了点功夫~"
    },
    {
      "id": 76,
      "model": "홍루",
      "content": "真让人期待，这次又会有怎样的冒险在等着我们呢？"
    }
  ]
}