{
  "dataList": [
    {
      "id": 0,
      "place": "K巢街道 某处",
      "model": "파우스트",
      "content": "正如你在巴士上看到的……我们身处巢的正中心。理应是距离无法预料的骚乱最远的地方。"
    },
    {
      "id": 1,
      "model": "홍루",
      "content": "呃……也就是说，这次骚乱弥足珍贵对吗？"
    },
    {
      "id": 2,
      "content": "除了语气平和的鸿璐，其他人都在紧张地观察周围的情况……"
    },
    {
      "id": 3,
      "model": "단테",
      "content": "<嗯？那是……>"
    },
    {
      "id": 4,
      "content": "对面有人正匆忙地跑过来。"
    },
    {
      "id": 5,
      "content": "似乎连注意前路的时间都没有，她和罪人们撞在一起，在地上滚成一团。"
    },
    {
      "id": 6,
      "model": "도망치던시민",
      "teller": "正在逃跑的居民",
      "title": "K巢",
      "content": "呼、呼……别、别往那边走！"
    },
    {
      "id": 7,
      "model": "돈키호테",
      "content": "好了，安心休息吧！吾等正是为拯救汝等无辜之人而来……"
    },
    {
      "id": 8,
      "model": "이스마엘",
      "content": "我们不是来当英雄的，所以麻烦别再说那些废话了。"
    },
    {
      "id": 9,
      "model": "히스클리프",
      "content": "喂，我们得到那前头去。如果是用屁大点的事阻拦我们的话，那就准备好尝尝我棍子的滋味吧。"
    },
    {
      "id": 10,
      "content": "那个居民交替看着希斯克利夫令人生畏的脸和以实玛利紧皱的眉头，似乎在思考哪边更具有威胁。"
    },
    {
      "id": 11,
      "model": "도망치던시민",
      "teller": "正在逃跑的居民",
      "title": "K巢",
      "content": "前……前面……有不该存在的东西……"
    },
    {
      "id": 12,
      "model": "도망치던시민",
      "teller": "正在逃跑的居民",
      "title": "K巢",
      "content": "不知道是什么东西，我从未见过类似的东西……所有人都在尖叫逃跑……人们在地上滚……被火灼烧……"
    },
    {
      "id": 13,
      "model": "뫼르소",
      "content": "前面的东西，不具有人类的形态吗？"
    },
    {
      "id": 14,
      "model": "도망치던시민",
      "teller": "正在逃跑的居民",
      "title": "K巢",
      "content": "……对，是这样。是这样……！"
    },
    {
      "id": 15,
      "model": "이스마엘",
      "content": "如果那不是人类的话……"
    },
    {
      "id": 16,
      "content": "想着心中浮现的几种可能性，大家向骚乱的中心走去……"
    },
    {
      "id": 17,
      "place": "混乱的K巢街道",
      "model": "싱클레어",
      "content": "这、这是怎么回事？"
    },
    {
      "id": 18,
      "model": "히스클리프",
      "content": "那什么……说不定也可能是那个叫扭曲还是什么玩意的吧？就跟炸鸡店一样？"
    },
    {
      "id": 19,
      "model": "단테",
      "content": "<不对……那个不一样……不是扭曲而是异想体。我……确定。>"
    },
    {
      "id": 20,
      "model": "파우스트",
      "content": "就像但丁经理说的那样，很有可能是异想体。经理有感受到它们的能力。"
    },
    {
      "id": 21,
      "model": "단테",
      "content": "<但为什么……>"
    },
    {
      "id": 22,
      "model": "단테",
      "content": "<为什么巢的正中心会有异想体？>"
    },
    {
      "id": 23,
      "model": "파우스트",
      "content": "这是浮士德从未观测到的现象。大部分支部在脑叶公司没落的同时已经关闭。"
    },
    {
      "id": 24,
      "content": "回想起尤莉当时所讲的支部设施掩埋的故事，我马上摇了摇头想摆脱这些阴暗的记忆。"
    },
    {
      "id": 25,
      "model": "파우스트",
      "content": "就算在这期间有异想体出逃了，至少在此次作战之前应该有报告才对。"
    },
    {
      "id": 26,
      "model": "파우스트",
      "content": "很难想象LCC会没有确认到那样的场面。"
    },
    {
      "id": 27,
      "model": "싱클레어",
      "content": "……那些人是K公司派来的员工吗？"
    },
    {
      "id": 28,
      "model": "이스마엘",
      "content": "与其说是在镇压异想体……不如说是像那样被残忍地践踏了。"
    },
    {
      "id": 29,
      "model": "그레고르",
      "content": "嗯……就好像看到了在D公司支部被打得落花流水的我们一样……"
    },
    {
      "id": 30,
      "model": "로쟈",
      "content": "哎呀~之前在炸鸡店也是这样，K公司本来就这样吗？这种欢迎我真的会想拒绝……"
    },
    {
      "id": 31,
      "content": "正当他们抱怨的时候……"
    },
    {
      "id": 32,
      "model": "히스클리프",
      "content": "哇！妈的……"
    },
    {
      "id": 33,
      "content": "异想体暴走时飞散出的碎片惊险地从我们身边掠过。"
    },
    {
      "id": 34,
      "model": "히스클리프",
      "content": "哈？你在干嘛？光在这儿看热闹对我们和那些混蛋有什么好处！"
    },
    {
      "id": 35,
      "model": "히스클리프",
      "content": "……它会把我们都碾成肉沫的。"
    },
    {
      "id": 36,
      "model": "오티스",
      "content": "……"
    },
    {
      "id": 37,
      "model": "오티스",
      "content": "简直大错特错。那个疯小子每天的胡言乱语终于把你洗脑了？"
    },
    {
      "id": 38,
      "model": "돈키호테",
      "content": "哦？请问，汝说的这个“疯小子”在哪儿？"
    },
    {
      "id": 39,
      "model": "오티스",
      "content": "向导只叫我们骚乱结束后再回来，并没有说过让我们直接出手。"
    },
    {
      "id": 40,
      "model": "히스클리프",
      "content": "不是，你他妈怎么老是拐弯抹角的？"
    },
    {
      "id": 41,
      "model": "히스클리프",
      "content": "你刚才没看到？我的脑袋差点炸开！谁知道再这样下去还会发生什么！"
    },
    {
      "id": 42,
      "model": "히스클리프",
      "content": "把那些该死的玩意都揍一顿就能解决的事……怎么，是要找把凳子坐着看戏再顺便来点炸鸡？啊？！"
    },
    {
      "id": 43,
      "model": "오티스",
      "content": "也就是说，没必要在与任务无关的战斗上浪费生命。"
    },
    {
      "id": 44,
      "model": "오티스",
      "content": "你们这群肮脏的东西估计感觉不到……"
    },
    {
      "id": 45,
      "model": "오티스",
      "content": "死的次数越多，你的战斗效率就会变得越低。"
    },
    {
      "id": 46,
      "model": "오티스",
      "content": "越去经历痛苦，越会感到恐惧。"
    },
    {
      "id": 47,
      "model": "뫼르소",
      "content": "……"
    },
    {
      "id": 48,
      "model": "싱클레어",
      "content": "……但是不断有人在我们眼前死去啊？"
    },
    {
      "id": 49,
      "model": "오티스",
      "content": "尽管这会付出许多时间与牺牲……最终他们仍然会完成镇压。就和我们一样。"
    },
    {
      "id": 50,
      "model": "오티스",
      "content": "而且……没想到每次死的时候都会哭着找父母的家伙，竟然会产生自我牺牲的想法。"
    },
    {
      "id": 51,
      "model": "오티스",
      "content": "看来死亡对你来说已经不值一提了吧？"
    },
    {
      "id": 52,
      "model": "싱클레어",
      "content": "……"
    },
    {
      "id": 53,
      "model": "뫼르소",
      "content": "如果要在罪人之间做最佳判断，此人的话确实正确。"
    },
    {
      "id": 54,
      "model": "단테",
      "content": "<我……>"
    },
    {
      "id": 55,
      "content": "我们既不是收尾人，也不会去当英雄。"
    },
    {
      "id": 56,
      "content": "转动时钟当然总是十分痛苦，而痛苦我又迟迟无法适应。"
    },
    {
      "id": 57,
      "content": "即便如此……"
    },
    {
      "id": 58,
      "model": "단테",
      "content": "<进行镇压吧。虽然无法进行逻辑上的说明……但应该这么做。>"
    },
    {
      "id": 59,
      "model": "오티스",
      "content": "……"
    },
    {
      "id": 60,
      "model": "히스클리프",
      "content": "钟表头，要是你也说出了一模一样的废话，我在自己冲上去前会先把你连人带表全打烂。"
    },
    {
      "id": 61,
      "model": "뫼르소",
      "content": "如果是决定，那便遵从。"
    },
    {
      "id": 62,
      "model": "그레고르",
      "content": "好啊，嘛……应该是个不错的选择。"
    },
    {
      "id": 63,
      "model": "싱클레어",
      "content": "那个……感谢您做出这样的判断。"
    },
    {
      "id": 64,
      "model": "료슈",
      "content": "这么点事情却有那么多杂念，时钟。你成不了艺术家。"
    },
    {
      "id": 65,
      "model": "오티스",
      "content": "……这是不为任何人，只是为您而做出的决定，经理。"
    },
    {
      "id": 66,
      "content": "每个人都在走之前留下了一句话。"
    },
    {
      "id": 67,
      "content": "在罪人们悉数离去之后只有浮士德留了下来，并且她正意味深长地看着我。"
    },
    {
      "id": 68,
      "model": "단테",
      "content": "<怎么了？你也认为我的判断不够高效吗？>"
    },
    {
      "id": 69,
      "model": "파우스트",
      "content": "不，只是好奇如果是找回了所有记忆的您会对此作何反应。"
    },
    {
      "id": 70,
      "content": "虽然浮士德意味深长的话语令我踌躇了一会，但比起不知何处的未来我更想解开当下的疑惑。"
    },
    {
      "id": 71,
      "model": "단테",
      "content": "<浮士德，我一直都很想知道……像你这样的人才受到这样的待遇真的没关系吗？>"
    },
    {
      "id": 72,
      "content": "像浮士德这样的人物，明明可以在都市里过着丰衣足食的生活。"
    },
    {
      "id": 73,
      "model": "파우스트",
      "content": "浮士德并不在意。以及“人才”这个词语并不适合浮士德。"
    },
    {
      "id": 74,
      "model": "파우스트",
      "content": "人才可能成为多数，但是浮士德并不想被包含于多数。"
    },
    {
      "id": 75,
      "model": "파우스트",
      "content": "要从最常识性的定义上讨论罪人中的人才，应该是……李箱先生吧。作为参考，我是天才。"
    },
    {
      "id": 76,
      "content": "一直在奔跑的罪人身后缓缓跟随的李箱，突然停下脚步并回头望向我。"
    },
    {
      "id": 77,
      "content": "不对，视线所至之处实则是我身后的虚空。"
    },
    {
      "id": 78,
      "model": "이상",
      "content": "……我，并非如此。"
    },
    {
      "id": 79,
      "model": "이상",
      "content": "我早已停止振翅。"
    },
    {
      "id": 80,
      "model": "이상",
      "content": "所以讨论我的才能，是无用之举，经理。"
    },
    {
      "id": 81,
      "model": "단테",
      "content": "<……>"
    },
    {
      "id": 82,
      "content": "令我惊讶的是，也存在共事时间越长却越感陌生的罪人。"
    },
    {
      "id": 83,
      "model": "료슈",
      "content": "那些飞来飞去的机器是什么？刚刚开始就很碍眼，已经是在第三千次在想·考·斩了。"
    },
    {
      "id": 84,
      "model": "이상",
      "content": "那是……被称为无人机的东西。"
    },
    {
      "id": 85,
      "model": "이스마엘",
      "content": "啊，说不定是K公司为了帮助我们而派遣的作战无人机。毕竟K巢应该是科技已经发展到了平均水准以上的巢。"
    },
    {
      "id": 86,
      "model": "파우스트",
      "content": "不对，从外表看来貌似并不具备战斗功能。以及它们中间设有摄像机。"
    },
    {
      "id": 87,
      "model": "이스마엘",
      "content": "嘛……过着和平日子的都市里发生了这种混乱，倒也确实会让摄像机蜂拥而至。"
    },
    {
      "id": 88,
      "content": "以实玛利尴尬地嘟囔道。"
    },
    {
      "id": 89,
      "model": "돈키호테",
      "content": "噢噢！那么吾等也能在那个叫新~闻的东西上出现吗？"
    },
    {
      "id": 90,
      "model": "싱클레어",
      "content": "但是这些无人机……为什么……"
    },
    {
      "id": 91,
      "model": "싱클레어",
      "content": "为什么只是在拍摄尸体与快死的人？"
    },
    {
      "id": 92,
      "model": "그레고르",
      "content": "嘛，刺激点的东西更引人注目也是理所当然吧？"
    },
    {
      "id": 93,
      "model": "로쟈",
      "content": "有这~么可怕的事故发生了，大概是这个意思吧？"
    },
    {
      "id": 94,
      "model": "싱클레어",
      "content": "但是……"
    },
    {
      "id": 95,
      "model": "로쟈",
      "content": "等等小不点！前面！"
    },
    {
      "id": 96,
      "model": "싱클레어",
      "content": "咳……怎么看都……很奇怪啊……"
    },
    {
      "id": 97,
      "model": "단테",
      "content": "<辛克莱！>"
    },
    {
      "id": 98,
      "model": "싱클레어",
      "content": "请看看这个。为什么一直都在拍我……？"
    },
    {
      "id": 99,
      "model": "료슈",
      "content": "……我不喜欢没有灵魂的看客。"
    },
    {
      "id": 100,
      "model": "뫼르소",
      "content": "数量不少。而且这些无人机……"
    },
    {
      "id": 101,
      "model": "뫼르소",
      "content": "似乎是在刻意进行封锁，让人无法接近异想体活动的区域。"
    },
    {
      "id": 102,
      "model": "그레고르",
      "content": "怎么会。难道是必须妨碍伸出援手的人……"
    },
    {
      "id": 103,
      "model": "그레고르",
      "content": "……吗？"
    },
    {
      "id": 104,
      "content": "现在数架无人机干脆组成队列，仿佛是要阻止我们通过的一堵墙壁。"
    },
    {
      "id": 105,
      "model": "K사드론들",
      "teller": "来历不明的无人机",
      "title": "K公司",
      "content": "您好。为了各位市民的安全，请保持10米以上的距离。"
    },
    {
      "id": 106,
      "model": "K사드론들",
      "teller": "来历不明的无人机",
      "title": "K公司",
      "content": "K公司的员工们已被派遣。各位市民都很安全。请保持10米以上的距离。"
    },
    {
      "id": 107,
      "model": "히스클리프",
      "content": "不是，所以说你们那些了不起的员工一个个都嗝屁了啊？"
    },
    {
      "id": 108,
      "model": "K사드론들",
      "teller": "来历不明的无人机",
      "title": "K公司",
      "content": "您好，各位市民都很安全。请保持10米以上的距离。"
    },
    {
      "id": 109,
      "model": "이스마엘",
      "content": "哈，真是不像话的广播。混乱成这样，后退区区10米就能保证安全了？"
    },
    {
      "id": 110,
      "model": "그레고르",
      "content": "嘁，净整些没用的……"
    },
    {
      "id": 111,
      "model": "그레고르",
      "content": "不管是出了故障，还是本身设计就有问题，我们得先击落这些家伙才能在不被妨碍的情况下与异想体作战。"
    }
  ]
}