{
  "dataList": [
    {
      "id": 0,
      "place": "混乱的K巢街道",
      "model": "로쟈",
      "content": "那就是最后一个了……他们不会要我们赔偿这些损伤吧？"
    },
    {
      "id": 1,
      "model": "파우스트",
      "content": "我会在报告书里尽力将其解释为正当防卫的。"
    },
    {
      "id": 2,
      "model": "로쟈",
      "content": "浮，亲爱的……我有跟你说过吗？你真是……怎么说好呢……你最棒了！"
    },
    {
      "id": 3,
      "model": "파우스트",
      "content": "你领悟到这点的速度相当慢。"
    },
    {
      "id": 4,
      "model": "이스마엘",
      "content": "……有些奇怪，这个异想体感觉不太像其他我们之前战斗过的那些。"
    },
    {
      "id": 5,
      "model": "그레고르",
      "content": "嗯……虽然我们这方面的经验也不多……"
    },
    {
      "id": 6,
      "model": "그레고르",
      "content": "但好吧，这次我们周围确实有些正在惨叫的围观者……？"
    },
    {
      "id": 7,
      "model": "로쟈",
      "content": "这些异想体是怎么回事……他们是怎么出现在巢的正中心的？而且他们是怎么变得……更可怖的？"
    },
    {
      "id": 8,
      "model": "단테",
      "content": "<我也在镜像迷宫里看到过它几次，但从来没有和它战斗过。>"
    },
    {
      "id": 9,
      "model": "단테",
      "content": "<现在想想……那些在镜像迷宫里没有和我们战斗的异想体究竟是怎么回事？>"
    },
    {
      "id": 10,
      "model": "파우스트",
      "content": "那些是我们通过镜像迷宫的裂口看到的异想体的心象和栖息地。"
    },
    {
      "id": 11,
      "model": "이상",
      "content": "那是一类非常狭窄且不稳定的裂隙。"
    },
    {
      "id": 12,
      "model": "파우스트",
      "content": "的确，我们通过其只能进行一些有限的接触。"
    },
    {
      "id": 13,
      "model": "히스클리프",
      "content": "别管那些了，我只想知道……这些东西怎么这么难缠？都跟我们在折射轨道里遇到的那些敌人差不多了。"
    },
    {
      "id": 14,
      "model": "뫼르소",
      "content": "确实如此。"
    },
    {
      "id": 15,
      "model": "싱클레어",
      "content": "况且，这些……从他们身上滴下来的恶心液体是什么？"
    },
    {
      "id": 16,
      "content": "正如罪人们所指出的，我们面对的这些异想体与此前有记录的那些明显不同。"
    },
    {
      "id": 17,
      "content": "它正在……"
    },
    {
      "id": 18,
      "content": "流出一种不明的蓝色液体。"
    },
    {
      "id": 19,
      "model": "파우스트",
      "content": "没有时间去分析这些液体的成分了，所以我们得尽量不要让它接触到身体。"
    },
    {
      "id": 20,
      "model": "로쟈",
      "content": "呃~不用多说。我本来也不打算让那玩意沾到身上。"
    },
    {
      "id": 21,
      "model": "히스클리프",
      "content": "哎！这些东西是不是吃错了什么东西？看起来跟得了狂犬病一样……"
    },
    {
      "id": 22,
      "model": "싱클레어",
      "content": "嗯？注意上方，希斯克利夫先生！"
    },
    {
      "id": 23,
      "content": "希斯克利夫抵挡不住，被撞倒在地。"
    },
    {
      "id": 24,
      "model": "이스마엘",
      "content": "经理……看起来你得吃点苦头了。"
    },
    {
      "id": 25,
      "model": "오티스",
      "content": "……请一定要记住我的规劝，经理。"
    },
    {
      "id": 26,
      "model": "오티스",
      "content": "全员，准备战斗！"
    },
    {
      "id": 27,
      "model": "단테",
      "content": "<我已经做好心理准备了……>"
    },
    {
      "id": 28,
      "content": "我已经不会再害怕复活死去的罪人们了。"
    },
    {
      "id": 29,
      "model": "단테",
      "content": "<让我们得胜而归吧。>"
    }
  ]
}