{
  "dataList": [
    {
      "id": 0,
      "content": "当这漫长而痛苦的轮回终于结束的时候……"
    },
    {
      "id": 1,
      "place": "混乱的K巢街道",
      "model": "파우스트",
      "content": "异想体已成功镇压，我们现在可以回巴士了。"
    },
    {
      "id": 2,
      "content": "虽说这次“胜利”背后的无数次死亡与复活似乎被省略了，但我还是点了点头。"
    },
    {
      "id": 3,
      "content": "我们带着一些尚未解答的疑问回到了巴士。"
    },
    {
      "id": 4,
      "place": "梅菲斯托费勒斯 内部 ",
      "model": "베르길리우스",
      "content": "你们回来得比我预计的要晚。我正准备久违地睡个午觉呢。"
    },
    {
      "id": 5,
      "content": "我向维吉里乌斯解释了我们之前遇到的异常情况（更准确地说，大部分是由浮士德传达的）。"
    },
    {
      "id": 6,
      "content": "我本以为他会冷漠地回答，“你只需要按照要求的内容去做就行了，但丁经理”，但他的答案出乎意料地认真。"
    },
    {
      "id": 7,
      "model": "베르길리우스",
      "content": "……由于异想体的存在鲜为人知，我们也没能掌握所有有关它们的详细情报。但丁。"
    },
    {
      "id": 8,
      "model": "단테",
      "content": "<没想到你会这么坦率？>"
    },
    {
      "id": 9,
      "content": "浮士德稍微吃了一惊，并没有翻译出我刚刚说的话。"
    },
    {
      "id": 10,
      "model": "베르길리우스",
      "content": "虽然它们如此神秘……还是让我们期待浮士德女士以及那令人引以为傲的边狱公司的其他部门，在未来能够揭开它们全部的秘密吧。"
    },
    {
      "id": 11,
      "model": "파우스트",
      "content": "……好的。"
    },
    {
      "id": 12,
      "content": "浮士德在这里能有时间进行研究吗？"
    },
    {
      "id": 13,
      "content": "谜团还是没有解开，但……既然浮士德如此欣然地接受，想必是已经有了对策吧。"
    },
    {
      "id": 14,
      "model": "오티스",
      "content": "那边的，你怎么一直耷拉着肩膀？"
    },
    {
      "id": 15,
      "model": "오티스",
      "content": "本来就够矮了，你再这么耸肩，就没人能看见你了。"
    },
    {
      "id": 16,
      "model": "돈키호테",
      "content": "……吾想再见一次齐格飞先生……"
    },
    {
      "id": 17,
      "model": "그레고르",
      "content": "（谁是齐……格飞先生来着？）"
    },
    {
      "id": 18,
      "model": "이스마엘",
      "content": "不就是那个一只手拍纪念照，另一只手把我们都切成碎片的家伙吗？"
    },
    {
      "id": 19,
      "model": "그레고르",
      "content": "（啊对……那个什么雅格飞……？）"
    },
    {
      "id": 20,
      "content": " 在检查站的经历一定给以实玛利留下了深刻印象，以至于她的鼻息都粗重了些许。"
    },
    {
      "id": 21,
      "model": "돈키호테",
      "content": "吾想给他看看……吾救人时的英姿……"
    },
    {
      "id": 22,
      "model": "돈키호테",
      "content": "吾曾向他立誓，会作为一名崇高的收尾人与他再一次见面……"
    },
    {
      "id": 23,
      "model": "그레고르",
      "content": "只有长时间的分别后，重逢才会更加感人，堂吉诃德。不如把这当做一件好事吧。"
    },
    {
      "id": 24,
      "model": "베르길리우스",
      "content": "但是，的确很奇怪。"
    },
    {
      "id": 25,
      "model": "베르길리우스",
      "content": "他可不是会错过这种围观者众多的壮观场面的人。"
    },
    {
      "id": 26,
      "model": "홍루",
      "content": "哦嚯……那他是不是有点像一位明星？"
    },
    {
      "id": 27,
      "model": "베르길리우스",
      "content": "可以这么说。他的确很擅长表演，所以K公司经常利用这一点，派他来处理这种骚动。"
    },
    {
      "id": 28,
      "model": "베르길리우스",
      "content": "可是……他却没有在这个万众瞩目的突发事件中现身……"
    },
    {
      "id": 29,
      "model": "단테",
      "content": "<意味着，此事或许并非打算引人注意……>"
    },
    {
      "id": 30,
      "model": "돈키호테",
      "content": "吾不允许……有人这么贬低齐格飞先生！"
    },
    {
      "id": 31,
      "model": "돈키호테",
      "content": "他在他的自传《英雄应当始终微笑》中，第42页第5行上写道：不论何时何地，他总是会在有弱者需要帮助时出现！"
    },
    {
      "id": 32,
      "model": "베르길리우스",
      "content": "……哈。没错，你一定要好好珍惜这种信念。"
    },
    {
      "id": 33,
      "model": "베르길리우스",
      "content": "心中有所信念的话，在你面对极端情况的时候，就会起到帮助的。"
    }
  ]
}