{
  "dataList": [
    {
      "id": 0,
      "content": "当毫无意义的交流接近尾声时，巴士发出悠闲的刹车声停了下来。"
    },
    {
      "id": 1,
      "content": "我们到达的地方是……一栋就算是数清楼层都需要花上一段时间的高楼前。"
    },
    {
      "id": 2,
      "content": "有几人气馁地缩起了肩。(辛克莱不出所料，但意外的是希斯克利夫和以实玛利看起来也有些气馁。)"
    },
    {
      "id": 3,
      "content": "有几人用好奇的眼光打量着周围……"
    },
    {
      "id": 4,
      "content": "有些人则如同本该如此一般，自然而然地迈开了步伐。"
    },
    {
      "id": 5,
      "place": "K公司研究所大厅",
      "model": "홍루",
      "content": "呼呼，我猜我们现在也小有名望了。我们终于被邀请到一些正常人该住的地方了。"
    },
    {
      "id": 6,
      "model": "히스클리프",
      "content": "让我先说清楚……如果这次的委托和报酬跟之前一样烂，我就不干了。"
    },
    {
      "id": 7,
      "content": "不管是因为鸿璐的话……还是因为我们上次在这里发生的事，希斯克利夫咬了咬牙。"
    },
    {
      "id": 8,
      "model": "삼조",
      "teller": "三朝",
      "title": "K公司 粮食资源改良部门",
      "content": "啊，果然，你们来晚了一点。"
    },
    {
      "id": 9,
      "model": "단테",
      "content": "<果然？>"
    },
    {
      "id": 10,
      "model": "오티스",
      "content": "那个人是……"
    },
    {
      "id": 11,
      "model": "삼조",
      "teller": "三朝",
      "title": "K公司 粮食资源改良部门",
      "content": "很高兴再次见到你。顺便说一句，这确实是我内心所想而非例行公事的问候。"
    },
    {
      "id": 12,
      "content": "一张我从未想过会再次遇见的熟悉面孔迎接了我们。"
    },
    {
      "id": 13,
      "model": "히스클리프",
      "content": "……我不干了。我说过了吧？"
    },
    {
      "id": 14,
      "model": "단테",
      "content": "<等一下！至少听听看他要说什么，好吗？>"
    },
    {
      "id": 15,
      "model": "히스클리프",
      "content": "松手！你知道晚上做噩梦梦到和生鸡跳探戈是什么感觉吗？啊？"
    },
    {
      "id": 16,
      "model": "삼조",
      "teller": "三朝",
      "title": "K公司 粮食资源改良部门",
      "content": "事实上，上一份委托主要是在测试你们的能力。"
    },
    {
      "id": 17,
      "model": "삼조",
      "teller": "三朝",
      "title": "K公司 粮食资源改良部门",
      "content": "你们的成绩十分优异，恭喜你们。这句话也是发自真心的。"
    },
    {
      "id": 18,
      "model": "히스클리프",
      "content": "谁准你给我们测试和评分的？！你这……"
    },
    {
      "id": 19,
      "model": "삼조",
      "teller": "三朝",
      "title": "K公司 粮食资源改良部门",
      "content": "当然是因为……"
    },
    {
      "id": 20,
      "model": "동랑",
      "teller": "？？？",
      "title": "？？？",
      "content": "这当然是我精明的秘书三朝先生的决定。所以各位一定是……边狱公司的人。"
    },
    {
      "id": 21,
      "model": "동랑",
      "teller": "东朗",
      "title": "K公司 粮食资源改良部门",
      "content": "幸会，我叫东朗。我从三朝先生那里听说了很多有关你们的事，差点都变成你们的粉丝了。"
    },
    {
      "id": 22,
      "model": "돈키호테",
      "content": "粉丝？？？汝的意思是，吾等已经获得了您的倾慕？"
    },
    {
      "id": 23,
      "model": "로쟈",
      "content": "堂吉诃德，他只是嘴上说说罢了……"
    },
    {
      "id": 24,
      "model": "동랑",
      "teller": "东朗",
      "title": "K公司 粮食资源改良部门",
      "content": "说实话……这次测试并不是我的主意。不管怎么说，你们又不是实验用鸡之类的，这未免有些太过分了不是吗。"
    },
    {
      "id": 25,
      "model": "삼조",
      "teller": "三朝",
      "title": "K公司 粮食资源改良部门",
      "content": "的确，这是我的提议。"
    },
    {
      "id": 26,
      "model": "삼조",
      "teller": "三朝",
      "title": "K公司 粮食资源改良部门",
      "content": "这是因为，“边狱公司”是一家名不见经传……甚至可能刚刚建立的公司。"
    },
    {
      "id": 27,
      "model": "삼조",
      "teller": "三朝",
      "title": "K公司 粮食资源改良部门",
      "content": "我们不能只靠东朗先生的一面之词，就心甘情愿承受风险将委托交给你们。"
    },
    {
      "id": 28,
      "model": "이스마엘",
      "content": "咳……所以你请求我们帮忙……"
    },
    {
      "id": 29,
      "content": "以实玛利对此进行了确认，她的表情看起来相当满足。"
    },
    {
      "id": 30,
      "model": "동랑",
      "teller": "东朗",
      "title": "K公司 粮食资源改良部门",
      "content": "当然了。因为你们是……"
    },
    {
      "id": 31,
      "model": "동랑",
      "teller": "东朗",
      "title": "K公司 粮食资源改良部门",
      "content": "……"
    },
    {
      "id": 32,
      "model": "동랑",
      "teller": "东朗",
      "title": "K公司 粮食资源改良部门",
      "content": "啊，要来参观下我的实验室吗？里面有很多有意思的东西。"
    },
    {
      "id": 33,
      "model": "단테",
      "content": "<这么露骨地隐藏话题只会让我们更在意……>"
    },
    {
      "id": 34,
      "model": "삼조",
      "teller": "三朝",
      "title": "K公司 粮食资源改良部门",
      "content": "啊？是真打算要把这些家伙带去东朗先生的实验室吗？"
    },
    {
      "id": 35,
      "model": "동랑",
      "teller": "东朗",
      "title": "K公司 粮食资源改良部门",
      "content": "为什么不呢？他们通过了你的测试，不是吗，三朝先生？"
    },
    {
      "id": 36,
      "model": "동랑",
      "teller": "东朗",
      "title": "K公司 粮食资源改良部门",
      "content": "况且既然他们能像我们今天看到的那样，强大到能够镇压所谓的“异想体”……"
    },
    {
      "id": 37,
      "model": "돈키호테",
      "content": "啊哈~汝听说了？英雄的事迹果然会很快传到大众的耳朵里！嘿嘿……"
    },
    {
      "id": 38,
      "model": "동랑",
      "teller": "东朗",
      "title": "K公司 粮食资源改良部门",
      "content": "哈哈，这说法真有意思。"
    },
    {
      "id": 39,
      "model": "동랑",
      "teller": "东朗",
      "title": "K公司 粮食资源改良部门",
      "content": "啊，您一定是执行经理……但丁吧？我能跟您说两句话吗？"
    },
    {
      "id": 40,
      "content": "浮士德似乎想上前对东朗说些什么，但东朗和三朝已经把我拖到远处了。"
    }
  ]
}