{
  "dataList": [
    {
      "id": 0,
      "place": "K公司研究所大厅",
      "model": "단테",
      "content": "<不……我倒无所谓，反正你也听不懂我说的话。>"
    },
    {
      "id": 1,
      "model": "동랑",
      "teller": "东朗",
      "title": "K公司 粮食资源改良部门",
      "content": "我有点害羞所以没在大家面前讲，不过实际上，你有个……员工是我的老朋友。"
    },
    {
      "id": 2,
      "model": "단테",
      "content": "<哦，是谁啊？>"
    },
    {
      "id": 3,
      "model": "동랑",
      "teller": "东朗",
      "title": "K公司 粮食资源改良部门",
      "content": "而且他也没有作出任何的回应，兴许他和我一样害羞吧。我光是忍着不让心灰意冷在脸上表露出来，就已经很辛苦了。"
    },
    {
      "id": 4,
      "model": "단테",
      "content": "<这样也不算朋友吧……不过，你听得到我的声音？>"
    },
    {
      "id": 5,
      "model": "삼조",
      "teller": "三朝",
      "title": "K公司 粮食资源改良部门",
      "content": "东朗先生，这位可没法正常沟通。"
    },
    {
      "id": 6,
      "model": "동랑",
      "teller": "东朗",
      "title": "K公司 粮食资源改良部门",
      "content": "所以我才这么说，三朝先生。就像回到了对着发条玩偶自言自语的童年一样。"
    },
    {
      "id": 7,
      "content": "……你是在自言自语吗？"
    },
    {
      "id": 8,
      "model": "단테",
      "content": "<你们俩到底想做什么？>"
    },
    {
      "id": 9,
      "model": "동랑",
      "teller": "东朗",
      "title": "K公司 粮食资源改良部门",
      "content": "我委托各位，很大程度上也是因为他的缘故。比起不认识的人，认识的人更值得信任。"
    },
    {
      "id": 10,
      "model": "삼조",
      "teller": "三朝",
      "title": "K公司 粮食资源改良部门",
      "content": "看到了吗，这就是我为什么一刻也不能放松。你太容易被情感所动摇了……"
    },
    {
      "id": 11,
      "model": "동랑",
      "teller": "东朗",
      "title": "K公司 粮食资源改良部门",
      "content": "所以但丁经理，有关于我和那个朋友的关系请适当地……装作不知道的样子。明白了吗？"
    },
    {
      "id": 12,
      "model": "단테",
      "content": "<从一开始我就不知道你说的那个朋友是谁……>"
    },
    {
      "id": 13,
      "content": "我只能长叹一口气，摇了摇头……"
    },
    {
      "id": 14,
      "content": "原本就无法成立的对话，就像开始时那样随意地结束了。"
    },
    {
      "id": 15,
      "model": "단테",
      "content": "<嘴上说是在请求我，但这不就是通知吗。>"
    },
    {
      "id": 16,
      "place": "K公司研究所走廊",
      "model": "삼조",
      "teller": "三朝",
      "title": "K公司 粮食资源改良部门",
      "content": "我们所在之处是研究所的走廊。普通参观者将不再被允许继续向前……"
    },
    {
      "id": 17,
      "model": "삼조",
      "teller": "三朝",
      "title": "K公司 粮食资源改良部门",
      "content": "但既然你受到了东朗先生的特别邀请……我就带你到里面去吧。"
    },
    {
      "id": 18,
      "model": "싱클레어",
      "content": "哇……我希望……我也能在这么大的公司里面工作。"
    },
    {
      "id": 19,
      "model": "로쟈",
      "content": "那么，把边狱公司撇开~为何不来这类公司求职呢？"
    },
    {
      "id": 20,
      "model": "이스마엘",
      "content": "你在开玩笑吧，罗佳小姐？不是什么样的人都能加入这种公司的。只有精英中最出类拔萃的精英才能进入这种地方。"
    },
    {
      "id": 21,
      "model": "이스마엘",
      "content": "例如浮士德小姐和李箱先生那样的人……"
    },
    {
      "id": 22,
      "content": "以实玛利的话给了一个很好的机会来重申我之前的问题。"
    },
    {
      "id": 23,
      "model": "단테",
      "content": "<对啊，为什么你们两位在那么多公司中入职了边狱公司？对你们而言应该有更好的选择才对。>"
    },
    {
      "id": 24,
      "model": "파우스트",
      "content": "因为我是浮士德。"
    },
    {
      "id": 25,
      "model": "단테",
      "content": "<……>"
    },
    {
      "id": 26,
      "content": "在她给出答案时的明快语调中，具有让人无法再提出任何问题的力量。"
    },
    {
      "id": 27,
      "model": "단테",
      "content": "<那你呢，李箱？>"
    },
    {
      "id": 28,
      "model": "이상",
      "content": "且让我反问你吧。经理，你为什么加入这家公司？"
    },
    {
      "id": 29,
      "model": "단테",
      "content": "<那是因为，我没有选择的余地。>"
    },
    {
      "id": 30,
      "model": "이상",
      "content": "……这已足够回答你自己提出的问题。"
    },
    {
      "id": 31,
      "model": "단테",
      "content": "<……>"
    },
    {
      "id": 32,
      "content": "看来以实玛利所言不虚，果然只有最优秀的精英才能进入这家公司。"
    },
    {
      "id": 33,
      "place": "K公司研究室",
      "content": "实验室内弥漫着一种唯有每个人都全神贯注工作时才会形成的寂静。"
    },
    {
      "id": 34,
      "model": "로쟈",
      "content": "但丁但丁但丁，快看快看……看到没？冰箱里有好多零食……拿一个，不……就算拿十个也不会被他们发现哦！"
    },
    {
      "id": 35,
      "content": "而且，打破这种寂静正是我们的任务。"
    },
    {
      "id": 36,
      "model": "동랑",
      "teller": "东朗",
      "title": "K公司 粮食资源改良部门",
      "content": "想拿多少就拿多少吧。三朝先生，晚点把休息室里的零食也分成小份包装好给他们吧。"
    },
    {
      "id": 37,
      "model": "삼조",
      "teller": "三朝",
      "title": "K公司 粮食资源改良部门",
      "content": "我明白了。"
    },
    {
      "id": 38,
      "model": "로쟈",
      "content": "太棒了，以实，要不要跟我一起准备跳槽？"
    },
    {
      "id": 39,
      "model": "이스마엘",
      "content": "全听见啦，罗佳小姐……"
    },
    {
      "id": 40,
      "model": "파우스트",
      "content": "罗佳小姐，劳动合同上说……"
    },
    {
      "id": 41,
      "model": "로쟈",
      "content": "玩笑，浮士德小姐。玩笑，明白吧？"
    },
    {
      "id": 42,
      "model": "단테",
      "content": "<……>"
    },
    {
      "id": 43,
      "model": "동랑",
      "teller": "东朗",
      "title": "K公司 粮食资源改良部门",
      "content": "那么，回到委托内容……"
    },
    {
      "id": 44,
      "model": "슈렌느",
      "title": "K公司研究所",
      "content": "把外人带进来还带他们参观公司……你改行当导游了吗，东朗？"
    },
    {
      "id": 45,
      "model": "동랑",
      "teller": "东朗",
      "title": "K公司 粮食资源改良部门",
      "content": "啊，不好意思。这位是施伦妮，我隔壁部门的负责人兼同期进入公司的同事。来这里出口伤人已经成为她的日常了。"
    },
    {
      "id": 46,
      "model": "슈렌느",
      "teller": "施伦妮",
      "title": "K公司研究所",
      "content": "我想至少应该有一个人来告诉你们，公司花在你们身上的福利经费全都浪费掉了。"
    },
    {
      "id": 47,
      "model": "동랑",
      "teller": "东朗",
      "title": "K公司 粮食资源改良部门",
      "content": "啊，如果你对我们的福利开销很好奇……拿一次年度最佳部门不就知道了。对吧，三朝先生？"
    },
    {
      "id": 48,
      "model": "삼조",
      "teller": "三朝",
      "title": "K公司 粮食资源改良部门",
      "content": "要列出年度最佳部门的特权，恐怕要花上一整天。"
    },
    {
      "id": 49,
      "model": "슈렌느",
      "teller": "施伦妮",
      "title": "K公司研究所",
      "content": "呃，你们两个真烦人。"
    },
    {
      "id": 50,
      "model": "그레고르",
      "content": "嗯。这是你们的竞争对手吗？不管到哪里，越是优秀的人，嫉妒他们的人就越多。"
    },
    {
      "id": 51,
      "model": "동랑",
      "teller": "东朗",
      "title": "K公司 粮食资源改良部门",
      "content": "嫉妒会转化为发展的动力，优秀如我们应更加宽容。前几天我们在商铺里买的派，要不要分一点给施伦妮的部门，三朝先生？"
    },
    {
      "id": 52,
      "model": "삼조",
      "teller": "三朝",
      "title": "K公司 粮食资源改良部门",
      "content": "我正打算去呢。胡椒，辣椒，生菜，尤其是咖喱味的。"
    },
    {
      "id": 53,
      "model": "로쟈",
      "content": "啧……那……听上去还挺好吃？"
    },
    {
      "id": 54,
      "model": "동랑",
      "teller": "东朗",
      "title": "K公司 粮食资源改良部门",
      "content": "哈哈哈……现在，让我们回到主题。"
    },
    {
      "id": 55,
      "model": "동랑",
      "teller": "东朗",
      "title": "K公司 粮食资源改良部门",
      "content": "我最近听到些传言。有家新公司正在搜集一种名叫“金枝”的有机物。"
    },
    {
      "id": 56,
      "model": "동랑",
      "teller": "东朗",
      "title": "K公司 粮食资源改良部门",
      "content": "而且这些金枝只有在封闭的脑叶公司支部才会出现。"
    },
    {
      "id": 57,
      "model": "오티스",
      "content": "你是怎么知道金枝的存在的？"
    },
    {
      "id": 58,
      "model": "동랑",
      "teller": "东朗",
      "title": "K公司 粮食资源改良部门",
      "content": "这是我们最近的发现。直到数月之前，我们仍在将研究所附近的一所脑叶公司支部当作实验室使用。"
    },
    {
      "id": 59,
      "model": "히스클리프",
      "content": "在那么可怕的地方……建了实验室？"
    },
    {
      "id": 60,
      "model": "싱클레어",
      "content": "但、但是它们不已经全被掩埋在地下了……"
    },
    {
      "id": 61,
      "model": "그레고르",
      "content": "嗯……我猜那里仍存有一些珍贵的资源和资料可供利用……"
    },
    {
      "id": 62,
      "model": "파우스트",
      "content": "……你的研究范围包括异想体吗？"
    },
    {
      "id": 63,
      "model": "동랑",
      "teller": "东朗",
      "title": "K公司 粮食资源改良部门",
      "content": "那肯定的。没有研究人员能忽视如此有趣的课题。"
    },
    {
      "id": 64,
      "model": "히스클리프",
      "content": "对那玩意儿感兴趣的研究员都是疯子……"
    },
    {
      "id": 65,
      "model": "히스클리프",
      "content": "……等下。"
    },
    {
      "id": 66,
      "model": "히스클리프",
      "content": "当你嘟囔着废话朝其中一个鸡头扔石头的时候，不会也……"
    },
    {
      "id": 67,
      "model": "삼조",
      "teller": "三朝",
      "title": "K公司 粮食资源改良部门",
      "content": "咳咳……"
    },
    {
      "id": 68,
      "model": "파우스트",
      "content": "希斯克利夫先生偶尔也会有令人意想不到的洞察力。"
    },
    {
      "id": 69,
      "model": "파우스트",
      "content": "你制造了一个“偶然”，并引导我们去清除扭曲，也是便于你收集异想体研究的资料。"
    },
    {
      "id": 70,
      "model": "동랑",
      "teller": "东朗",
      "title": "K公司 粮食资源改良部门",
      "content": "我们家三朝先生的演技有点差。难道是因为一辈子都活得太正直了？"
    },
    {
      "id": 71,
      "model": "동랑",
      "teller": "东朗",
      "title": "K公司 粮食资源改良部门",
      "content": "请您理解。我们没有办法分清异想体和扭曲的区别。"
    },
    {
      "id": 72,
      "model": "동랑",
      "teller": "东朗",
      "title": "K公司 粮食资源改良部门",
      "content": "“当一个人的心灵变得支离破碎时就会发生扭曲……”很酷的比喻。那你们把他破碎的心恢复原状了吗？"
    },
    {
      "id": 73,
      "model": "파우스트",
      "content": "没有办法把某人破碎的心灵拼凑起来。"
    },
    {
      "id": 74,
      "model": "파우스트",
      "content": "我们只是为他指明了道路，是走那条路还是继续留在那里是银凤炸鸡酒吧老板自己的选择。"
    },
    {
      "id": 75,
      "model": "동랑",
      "teller": "东朗",
      "title": "K公司 粮食资源改良部门",
      "content": "哇哦，你知道得还真多。要是我再年轻点，大概会想要跳起来和你击掌吧。"
    },
    {
      "id": 76,
      "model": "파우스트",
      "content": "容我随时拒绝。"
    },
    {
      "id": 77,
      "model": "삼조",
      "teller": "三朝",
      "title": "K公司 粮食资源改良部门",
      "content": "东朗先生，你又跑题了。"
    },
    {
      "id": 78,
      "model": "동랑",
      "teller": "东朗",
      "title": "K公司 粮食资源改良部门",
      "content": "啊，你说得对。好……有一天我们在脑叶公司支部的实验室愉快地做着研究时，遭遇了武装突袭。一切都太突然了。"
    },
    {
      "id": 79,
      "model": "동랑",
      "teller": "东朗",
      "title": "K公司 粮食资源改良部门",
      "content": "你见过炸弹在眼前爆炸吗？真的很壮观。所有的事物都在一瞬之间创生和消逝。很像宇宙吧？"
    },
    {
      "id": 80,
      "model": "오티스",
      "content": "制造武装突袭的组织在哪儿？"
    },
    {
      "id": 81,
      "model": "삼조",
      "teller": "三朝",
      "title": "K公司 粮食资源改良部门",
      "content": "成员们几乎没有任何相同特征，动机也尚不明朗。这些人是最近才开始露面的。"
    },
    {
      "id": 82,
      "model": "삼조",
      "teller": "三朝",
      "title": "K公司 粮食资源改良部门",
      "content": "最后，恐怖组织占领了东朗先生的团队曾呆过的实验室。"
    },
    {
      "id": 83,
      "model": "오티스",
      "content": "嗯。实验室应该是那时候被转移走的。"
    },
    {
      "id": 84,
      "model": "이상",
      "content": "……受损有多严重？"
    },
    {
      "id": 85,
      "content": "东朗本一直盯着李箱，此时他把目光转向零星的空位。"
    },
    {
      "id": 86,
      "model": "동랑",
      "teller": "东朗",
      "title": "K公司 粮食资源改良部门",
      "content": "你看那些空着的座位……"
    },
    {
      "id": 87,
      "model": "동랑",
      "teller": "东朗",
      "title": "K公司 粮食资源改良部门",
      "content": "它们将暂时空着一段时间。它们的主人死了，因为当时那场袭击。"
    },
    {
      "id": 88,
      "content": "仔细一看，我发现了摆在位置上的零食和花束——就像是悼念逝者。"
    },
    {
      "id": 89,
      "model": "동랑",
      "teller": "东朗",
      "title": "K公司 粮食资源改良部门",
      "content": "啊，我们好不容易找到了这位同事的一根手指，但没有妥善放置的地方，所以就单独保管着。现在在二楼的陈列柜里。"
    },
    {
      "id": 90,
      "content": "办公室内哑然无声。但东朗仍继续说着，一边还用手拂过空荡荡的桌子。"
    },
    {
      "id": 91,
      "model": "동랑",
      "teller": "东朗",
      "title": "K公司 粮食资源改良部门",
      "content": "我们要抛下的东西太多了。"
    },
    {
      "id": 92,
      "model": "그레고르",
      "content": "……东朗先生……"
    },
    {
      "id": 93,
      "model": "동랑",
      "teller": "东朗",
      "title": "K公司 粮食资源改良部门",
      "content": "那个以我的脸为原型制作的奖牌也落在那儿了，它可是我最喜欢的纪念品。"
    },
    {
      "id": 94,
      "model": "그레고르",
      "content": "真是的。我都判断不出他说的到底是真话还是玩笑话了。"
    },
    {
      "id": 95,
      "model": "오티스",
      "content": "那这个位置的主人怎么样了？"
    },
    {
      "id": 96,
      "content": "我们的注意力被吸引到一张空着的白色办公桌上。"
    },
    {
      "id": 97,
      "model": "동랑",
      "teller": "东朗",
      "title": "K公司 粮食资源改良部门",
      "content": "啊，这个座位已经被预约了。"
    },
    {
      "id": 98,
      "model": "동랑",
      "teller": "东朗",
      "title": "K公司 粮食资源改良部门",
      "content": "我们正在等待新员工的到来。"
    },
    {
      "id": 99,
      "model": "이스마엘",
      "content": "啊……那么还有职位申请指南吗？我能在哪里找到它呢？"
    },
    {
      "id": 100,
      "model": "삼조",
      "teller": "三朝",
      "title": "K公司 粮食资源改良部门",
      "content": "咳咳。"
    },
    {
      "id": 101,
      "content": "虽然以实玛利目光闪烁着想套出点情报，但却被三朝那令人不快的干咳所制止了。"
    },
    {
      "id": 102,
      "model": "동랑",
      "teller": "东朗",
      "title": "K公司 粮食资源改良部门",
      "content": "噫，我们的三朝先生好像不太舒服。那么接下来让我们进入正题吧？三朝先生。"
    },
    {
      "id": 103,
      "model": "삼조",
      "teller": "三朝",
      "title": "K公司 粮食资源改良部门",
      "content": "单刀直入地说，就是让我们达成双赢协议吧。"
    },
    {
      "id": 104,
      "model": "삼조",
      "teller": "三朝",
      "title": "K公司 粮食资源改良部门",
      "content": "只要帮我们把研究室夺回来，就将我们发现的金枝的所有权转让给你们。"
    },
    {
      "id": 105,
      "model": "파우스트",
      "content": "提问。是格式合同吗？还是履约后合同审查？执行方式是代表机关执行？还是共同执行？"
    },
    {
      "id": 106,
      "model": "삼조",
      "teller": "三朝",
      "title": "K公司 粮食资源改良部门",
      "content": "请让我来回答。将采用没有瑕疵责任的由代表机关执行的即时合同。通过1阶合同事务所的入会人的合同也将按照流程进行签署。"
    },
    {
      "id": 107,
      "model": "단테",
      "content": "<合同事务所……？虽、虽然不知道是什么……但有必要弄得这么复杂吗？>"
    },
    {
      "id": 108,
      "model": "이스마엘",
      "content": "J公司那时就是因为没有找到合适的见证人，所以我们没能马上拿到金枝。"
    },
    {
      "id": 109,
      "model": "그레고르",
      "content": "哦……那位来自榴莲乐队的艾德是吧？罗佳赢了比赛，但她还是挑起了一场斗殴。"
    },
    {
      "id": 110,
      "model": "싱클레어",
      "content": "那是流浪乐队的艾达……"
    },
    {
      "id": 111,
      "model": "이스마엘",
      "content": "没错。原本身为见证人的艾达小姐突然改变了态度，我们只好动用武力来取得金枝。"
    },
    {
      "id": 112,
      "model": "이스마엘",
      "content": "这就是为什么使用协会或合同事务所的服务来为合同公证，即使这可能会很昂贵，也是最安全的。我想浮士德小姐也仔细地考虑到了这一点。"
    },
    {
      "id": 113,
      "content": "以实玛利解释得好像这是常识一样。我想这种事估计在都市里很常见……"
    },
    {
      "id": 114,
      "model": "파우스트",
      "content": "这份合同确实对我方有利。"
    },
    {
      "id": 115,
      "model": "파우스트와삼조",
      "teller": "浮士德&三朝",
      "title": "异口同声地",
      "content": "只要确实能够达成我们的目的。"
    },
    {
      "id": 116,
      "content": "……大家都张着嘴看着他们两人同时宣布结论。"
    },
    {
      "id": 117,
      "model": "동랑",
      "teller": "东朗",
      "title": "K公司 粮食资源改良部门",
      "content": "说个秘密，其实三朝先生说的话我有一半都听不懂，我只是点点头说“哦，我明白了~”，然后一带而过。"
    },
    {
      "id": 118,
      "model": "그레고르",
      "content": "真巧，对我们来说也是一样的……"
    },
    {
      "id": 119,
      "model": "이스마엘",
      "content": "至少东朗先生应该听懂吧……？"
    },
    {
      "id": 120,
      "model": "홍루",
      "content": "啊哈，我觉得和K公司研究所签订合同意味着我们一段时间内可以免于与他们战斗了。"
    },
    {
      "id": 121,
      "model": "홍루",
      "content": "你瞧那些人无论受到多大的伤害，他们都能不断地接受治疗。"
    },
    {
      "id": 122,
      "content": "全队陷入了一种阴郁的沉默。所有关于他们的记忆都充满了痛苦、可怕的瞬间。"
    },
    {
      "id": 123,
      "model": "동랑",
      "teller": "东朗",
      "title": "K公司 粮食资源改良部门",
      "content": "啊，看来你已经见过我们K公司的再生技术了。"
    },
    {
      "id": 124,
      "model": "로쟈",
      "content": "呃，我们可不只是见过？！"
    },
    {
      "id": 125,
      "model": "그레고르",
      "content": "我已经受够一遍又一遍地经历了……"
    },
    {
      "id": 126,
      "model": "동랑",
      "teller": "东朗",
      "title": "K公司 粮食资源改良部门",
      "content": "啊……那作为纪念，要不带你们去我的实验室看看？不是这里……得再坐一次电梯才行。"
    },
    {
      "id": 127,
      "model": "삼조",
      "teller": "三朝",
      "title": "K公司 粮食资源改良部门",
      "content": "呃？你打算带他们看这么多吗，东朗先生？那地方可是无关人等禁止入内……"
    },
    {
      "id": 128,
      "model": "동랑",
      "teller": "东朗",
      "title": "K公司 粮食资源改良部门",
      "content": "哈哈，三朝先生你刚刚发出的声音很有趣嘛。没关系，我们只是出去逛逛，庆祝一下合同的签订。"
    },
    {
      "id": 129,
      "content": "我不确定这是否为一种恰当的庆祝方式……但既然没人提出异议，我决定也跟上他的脚步。"
    }
  ]
}