{
  "dataList": [
    {
      "id": 0,
      "place": "K公司研究所 改良实验室",
      "model": "동랑",
      "teller": "东朗",
      "title": "K公司 粮食资源改良部门",
      "content": "这里就是再生安瓿的制造场所。"
    },
    {
      "id": 1,
      "model": "동랑",
      "teller": "东朗",
      "title": "K公司 粮食资源改良部门",
      "content": "公众将这些东西叫做“HP弹”……但其本质上是以纳米机器人为基础的医疗技术。"
    },
    {
      "id": 2,
      "model": "동랑",
      "teller": "东朗",
      "title": "K公司 粮食资源改良部门",
      "content": "虽然有过这样那样的困难，但目前常用的是最近经过我改良的款式。"
    },
    {
      "id": 3,
      "model": "히스클리프",
      "content": "等会儿，让我捋清楚……你就是普及这玩意儿的家伙？妈的，你知不知道这东西让我们吃了多少苦头……"
    },
    {
      "id": 4,
      "model": "이스마엘",
      "content": "我们几乎是爬着从那玩意手底下回来的……"
    },
    {
      "id": 5,
      "model": "동랑",
      "teller": "东朗",
      "title": "K公司 粮食资源改良部门",
      "content": "我很庆幸你们没人因此战死，或者受致命伤。"
    },
    {
      "id": 6,
      "model": "동랑",
      "teller": "东朗",
      "title": "K公司 粮食资源改良部门",
      "content": "啊！这提醒我了。我被告知公司对于“因工死亡”有着不同的解释和处理流程。我确信三朝先生曾解释过……"
    },
    {
      "id": 7,
      "model": "그레고르",
      "content": "所以，东朗先生，你还在……继续改良那些能治愈一切的纳米机器人吗？"
    },
    {
      "id": 8,
      "model": "동랑",
      "teller": "东朗",
      "title": "K公司 粮食资源改良部门",
      "content": "哈哈，当然没有。HP弹是一项已经投入商业化很久的技术。我们现在正在研究使用HP弹来改良牲畜。"
    },
    {
      "id": 9,
      "model": "이스마엘",
      "content": "改良……牲畜？"
    },
    {
      "id": 10,
      "model": "동랑",
      "teller": "东朗",
      "title": "K公司 粮食资源改良部门",
      "content": "如果“切割”这个概念本身被缩减到无关紧要的地步……如果它被限制于一个转瞬即逝的瞬间……"
    },
    {
      "id": 11,
      "model": "동랑",
      "teller": "东朗",
      "title": "K公司 粮食资源改良部门",
      "content": "想想吧。我们能得到无穷无尽的高质量肉类供应。"
    },
    {
      "id": 12,
      "model": "동랑",
      "teller": "东朗",
      "title": "K公司 粮食资源改良部门",
      "content": "这可不是什么普通肉，而是那种无数人呕心沥血共同研究改良的……那种我们称之为罕有珍品的肉类。"
    },
    {
      "id": 13,
      "model": "홍루",
      "content": "看起来……"
    },
    {
      "id": 14,
      "model": "홍루",
      "content": "东朗先生也和罗佳小姐一样，怀有对肉无比赤诚的热爱呢！"
    },
    {
      "id": 15,
      "model": "동랑",
      "teller": "东朗",
      "title": "K公司 粮食资源改良部门",
      "content": "嗯……爱，是吗？倘若没完没了地投入时间与注意力也能被称为一种爱的话，也许你说得对。"
    },
    {
      "id": 16,
      "model": "히스클리프",
      "content": "呵。你们两个讨厌鬼相处得还挺不错，嗯？"
    },
    {
      "id": 17,
      "model": "단테",
      "content": "<希斯克利夫，不准殴打我们的委托人，明白吗？>"
    },
    {
      "id": 18,
      "model": "히스클리프",
      "content": "这得看他们的表现。"
    },
    {
      "id": 19,
      "content": "我们看见活生生的鸡被永无止境地切下翅膀和腿。它们甚至都没有挣扎，就好像感觉不到痛苦一样。"
    },
    {
      "id": 20,
      "model": "그레고르",
      "content": "呃……纳米机器人就长这样吗？这看着和液体没什么两样……"
    },
    {
      "id": 21,
      "model": "동랑",
      "teller": "东朗",
      "title": "K公司 粮食资源改良部门",
      "content": "当极微小的粒子具备流动性时，它们看起来就和液体差不多。"
    },
    {
      "id": 22,
      "model": "싱클레어",
      "content": "呃……只是为了食物而已，有必要做到这种地步吗？"
    },
    {
      "id": 23,
      "model": "히스클리프",
      "content": "这景象对吃着肥美多汁的肉类长大的富家少爷来说，可是有点恶心过头了，嗯？"
    },
    {
      "id": 24,
      "model": "로쟈",
      "content": "……孩子，这世上还有很多人，会为了一顿饭而无所不用其极。"
    },
    {
      "id": 25,
      "model": "싱클레어",
      "content": "不，我是指……这不是一码事。而且我的家人也从不吃肉……虽、虽然我是个例外……"
    },
    {
      "id": 26,
      "model": "싱클레어",
      "content": "为什么非得这样？我是想说……"
    },
    {
      "id": 27,
      "model": "이스마엘",
      "content": "啊，我想我明白你想说什么了。"
    },
    {
      "id": 28,
      "model": "이스마엘",
      "content": "这的确感觉不太自然，不是吗？如果只是为了改善食物的话……应该还有其他更加有效率的方式。"
    },
    {
      "id": 29,
      "model": "로쟈",
      "content": "啊~至少有一件事我能肯定。假如这种技术早就在后巷普及了的话……"
    },
    {
      "id": 30,
      "model": "로쟈",
      "content": "我和我的朋友们就用不着到处去翻那些垃圾桶了。"
    },
    {
      "id": 31,
      "model": "이상",
      "content": "……技术。"
    },
    {
      "id": 32,
      "model": "이상",
      "content": "不。这只是纯粹的饲喂罢了。"
    },
    {
      "id": 33,
      "model": "이상",
      "content": "它们终其一生也不会意识到自己拥有展翅翱翔的能力。"
    },
    {
      "id": 34,
      "content": "李箱说话的时候，视线死死盯着东朗。他鲜少对某个事物展现出如此大的兴趣。"
    },
    {
      "id": 35,
      "model": "삼조",
      "teller": " 三朝",
      "title": "K公司 粮食资源改良部门",
      "content": "我必须反对。首先，鸡并不会飞，另外，这项技术已经把优质的福利带给了许多民……"
    },
    {
      "id": 36,
      "model": "동랑",
      "teller": "东朗",
      "title": "K公司 粮食资源改良部门",
      "content": "没关系的，三朝先生。"
    },
    {
      "id": 37,
      "model": "동랑",
      "teller": "东朗",
      "title": "K公司 粮食资源改良部门",
      "content": "一个平时连别人的眼睛都不怎么会去看的人，现在却如此直白地盯着某人看……"
    },
    {
      "id": 38,
      "model": "동랑",
      "teller": "东朗",
      "title": "K公司 粮食资源改良部门",
      "content": "这是被逼得走投无路的信号，不是吗？"
    },
    {
      "id": 39,
      "model": "이상",
      "content": "……"
    },
    {
      "id": 40,
      "model": "동랑",
      "teller": "东朗",
      "title": "K公司 粮食资源改良部门",
      "content": "饲养……"
    },
    {
      "id": 41,
      "model": "삼조",
      "teller": "三朝",
      "title": "K公司 粮食资源改良部门",
      "content": "……实验室那里似乎出了什么事。"
    },
    {
      "id": 42,
      "model": "삼조",
      "teller": "三朝",
      "title": "K公司 粮食资源改良部门",
      "content": "现在前往那边会是个好选择吗？"
    },
    {
      "id": 43,
      "model": "동랑",
      "teller": "东朗",
      "title": "K公司 粮食资源改良部门",
      "content": "不会有事的，三朝先生。他们可是与配备了再生安瓿的K公司员工战斗后还能毫发无伤的实力派。"
    }
  ]
}