{
  "dataList": [
    {
      "id": 0,
      "place": "被入侵的K公司研究室内",
      "model": "K사안내방송",
      "teller": "广播",
      "title": "K公司研究所",
      "content": "检测到发生爆炸。请各位员工迅速移动到桌子下，保护好自己的身体。"
    },
    {
      "id": 1,
      "model": "기술해방연합기계2",
      "teller": "令人胆战心惊的机械",
      "title": "？？？",
      "content": "……"
    },
    {
      "id": 2,
      "model": "마리르",
      "teller": "？？？",
      "title": "？？？",
      "content": "啊……发射错了。"
    },
    {
      "id": 3,
      "model": "K사안내방송",
      "teller": "广播",
      "title": "K公司研究所",
      "content": "检测到第二次爆炸。请员工们激活各自持有的再生安瓿……"
    },
    {
      "id": 4,
      "model": "K사안내방송",
      "teller": "广播",
      "title": "K公司研究所",
      "content": "K公司警卫人员将在18秒内赶到，到，到……"
    },
    {
      "id": 5,
      "model": "란",
      "teller": "？？？",
      "title": "？？？",
      "content": "一成不变的广播。为什么这些通知总是以这么平静的声音播放呢？"
    },
    {
      "id": 6,
      "model": "란",
      "teller": "？？？",
      "title": "？？？",
      "content": "声音里带点恐慌和喘气声，对疏散人群不是更有效吗？"
    },
    {
      "id": 7,
      "model": "란",
      "teller": "？？？",
      "title": "？？？",
      "content": "果然，过于沉浸于技术和科学之类的东西，会使人的共情能力逐渐消失。"
    },
    {
      "id": 8,
      "model": "마리르",
      "teller": "？？？",
      "title": "？？？",
      "content": "……你话太多了。安静点。"
    },
    {
      "id": 9,
      "model": "삼조",
      "teller": "三朝",
      "title": "K公司 粮食资源改良部门",
      "content": "大家还好吗？如果状态不好的话，请领取再生安瓿。通常需要进行交叉兼容性测试，不过现在正处于紧急情况……"
    },
    {
      "id": 10,
      "model": "그레고르",
      "content": "……你看起来真是泰然自若。通常来说恐怖袭击不是会引发群体恐慌吗？"
    },
    {
      "id": 11,
      "model": "동랑",
      "teller": "东朗",
      "title": "K公司 粮食资源改良部门",
      "content": "第一次袭击确实让所有人都感到了恐慌。那时也还没有爆炸侦查广播。当时三朝先生在他的桌子下面躲了很久……"
    },
    {
      "id": 12,
      "model": "삼조",
      "teller": "三朝",
      "title": "K公司 粮食资源改良部门",
      "content": "我说过好几次了，那是在大厅发生的恐怖袭击，我只是想捡落到桌子底下的笔记而已。"
    },
    {
      "id": 13,
      "model": "삼조",
      "teller": "三朝",
      "title": "K公司 粮食资源改良部门",
      "content": "您应该更严肃地对待此事，东朗先生。在巢中心对一所K公司研究室发起袭击可不是什么普通的事。"
    },
    {
      "id": 14,
      "model": "동랑",
      "teller": "东朗",
      "title": "K公司 粮食资源改良部门",
      "content": "的确，这次很顺利地抵达了研究员所在的楼层。啊、我的左腿好像稍微扭了一下，三朝先生。"
    },
    {
      "id": 15,
      "content": "我看着三朝熟练地往东朗的身体里注入了再生安瓿。"
    },
    {
      "id": 16,
      "model": "오티스",
      "content": "他们是那群占领了脑叶公司支部的恐怖组织吗？"
    },
    {
      "id": 17,
      "model": "동랑",
      "teller": "东朗",
      "title": "K公司 粮食资源改良部门",
      "content": "的确。说曹操，曹操到。"
    },
    {
      "id": 18,
      "model": "싱클레어",
      "content": "他们是恐怖组织的成员？看起来也不像是训练有素的战斗人员啊……"
    },
    {
      "id": 19,
      "model": "히스클리프",
      "content": "哦，你现在也能注意到这些东西了啊，小子？"
    },
    {
      "id": 20,
      "model": "삼조",
      "teller": "三朝",
      "title": "K公司 粮食资源改良部门",
      "content": "那是自然。他们并不是直接参与战斗的人员。"
    },
    {
      "id": 21,
      "model": "삼조",
      "teller": "三朝",
      "title": "K公司 粮食资源改良部门",
      "content": "不需要多看也知道，他们就跟东朗先生一样瘦弱。"
    },
    {
      "id": 22,
      "model": "히스클리프",
      "content": "我之前见过有些即便不会打架但还是以防万一接受了身体强化的有钱人。你确定他们不是在装弱？"
    },
    {
      "id": 23,
      "model": "파우스트",
      "content": "不一定如此。即便强化身体的方法有很多，也会根据形态的不同产生各种排斥感和痛苦。"
    },
    {
      "id": 24,
      "model": "파우스트",
      "content": "根据巢的不同，一些巢甚至禁止不够资格的居民接受超出一定规格的改造手术。"
    },
    {
      "id": 25,
      "model": "로쟈",
      "content": "要是底层人民带着这种力量起义就麻烦了，不是吗？"
    },
    {
      "id": 26,
      "model": "파우스트",
      "content": "我不能否认这种可能性。每个巢一定都有自己的理由。"
    },
    {
      "id": 27,
      "model": "파우스트",
      "content": "但从根本上来说，强化手术就像高性能跑车一样。如果硬要让一个不合格的驾驶员去驾驭一辆有着他们难以承受的输出功率的车辆……"
    },
    {
      "id": 28,
      "model": "파우스트",
      "content": "巢内的各种秩序将会迅速分崩离析，他们大概率是为了预防那一点。"
    },
    {
      "id": 29,
      "model": "동랑",
      "teller": "东朗",
      "title": "K公司 粮食资源改良部门",
      "content": "很抱歉打断你热心的解说，但是顺便一提，我并不是演戏而是真的很痛。"
    },
    {
      "id": 30,
      "content": "很快，穿着熟悉制服的人影们踏着那令人难以遗忘的脚步声出现了。"
    },
    {
      "id": 31,
      "model": "돈키호테",
      "content": "噫！"
    },
    {
      "id": 32,
      "model": "싱클레어",
      "content": "他、他们是检查站那里的……"
    },
    {
      "id": 33,
      "model": "이스마엘",
      "content": "现在他们是我们可靠的友军了。"
    },
    {
      "id": 34,
      "model": "단테",
      "content": "<但那些机器人……看起来相当凶恶啊……>"
    },
    {
      "id": 35,
      "model": "마리르",
      "teller": "？？？",
      "title": "恐怖组织？",
      "content": "5秒内大量出血。12cm以上的脊髓损伤。心脏动脉被击中。头盖骨破损。"
    },
    {
      "id": 36,
      "model": "마리르",
      "teller": "？？？",
      "title": "恐怖组织？",
      "content": "这样全部敌人都能避免忍受不必要的痛苦，当场死亡。"
    },
    {
      "id": 37,
      "model": "란",
      "teller": "？？？",
      "title": "恐怖组织？",
      "content": "虽然不必要的痛苦也是痛苦，但是把大脑残留下之后起死回生的话不就麻烦了吗？"
    },
    {
      "id": 38,
      "model": "란",
      "teller": "？？？",
      "title": "恐怖组织？",
      "content": "嘿，如果不介意，你们要是没有当场死亡的话，能不能装一下死？这家伙为了升级这个瞬杀功能可是熬了一整晚。"
    },
    {
      "id": 39,
      "model": "마리르",
      "teller": "？？？",
      "title": "恐怖组织？",
      "content": "安静。"
    },
    {
      "id": 40,
      "model": "란",
      "teller": "？？？",
      "title": "恐怖组织？",
      "content": "你看~我都告诉过你了。以这个反冲距离，它只能穿刺到枕叶位置。你真的需要实践一次才明白吗？"
    },
    {
      "id": 41,
      "model": "마리르",
      "teller": "？？？",
      "title": "恐怖组织？",
      "content": "妈的……它应该能穿到额叶的啊。"
    },
    {
      "id": 42,
      "model": "동랑",
      "teller": "东朗",
      "title": "K公司 粮食资源改良部门",
      "content": "可不能输给他们，我们也有自己的机器人的。它们应该就快到了……"
    },
    {
      "id": 43,
      "model": "동랑",
      "teller": "东朗",
      "title": "K公司 粮食资源改良部门",
      "content": "啊哈！来了！再生安瓿注射无人机。"
    },
    {
      "id": 44,
      "model": "이스마엘",
      "content": "那还真是令人安心。每次受伤之后都会立即注射再生安瓿吗？"
    },
    {
      "id": 45,
      "model": "삼조",
      "teller": "三朝",
      "title": "K公司 粮食资源改良部门",
      "content": "对的，只要头没被打飞……而且在错过黄金时间导致脑死亡之前注射安瓿……他们就是不死之身。"
    },
    {
      "id": 46,
      "teller": "K公司 战斗人员",
      "title": "K公司",
      "content": "……呃。"
    },
    {
      "id": 47,
      "model": "삼조",
      "teller": "三朝",
      "title": "K公司 粮食资源改良部门",
      "content": "比如贯穿内脏的伤势……"
    },
    {
      "id": 48,
      "teller": "K公司 战斗人员",
      "title": "K公司",
      "content": "……呃啊！"
    },
    {
      "id": 49,
      "model": "삼조",
      "teller": "三朝",
      "title": "K公司 粮食资源改良部门",
      "content": "或是骨折，都能在几秒钟内恢复如初。"
    },
    {
      "id": 50,
      "model": "이스마엘",
      "content": "即便如此……也不是免疫疼痛吧。他们怎么能这么镇定……"
    },
    {
      "id": 51,
      "model": "이스마엘",
      "content": "即使身边的同事身体被切断，他们也不会多看一眼。"
    },
    {
      "id": 52,
      "model": "뫼르소",
      "content": "理所当然。"
    },
    {
      "id": 53,
      "model": "뫼르소",
      "content": "如果伤口都能在几秒内复原，那么所有判断都将是次要的。"
    },
    {
      "id": 54,
      "model": "홍루",
      "content": "那么……总有一天我们也会变成这样吗？"
    },
    {
      "id": 55,
      "model": "뫼르소",
      "content": "我不明白你为什么这样思考。"
    },
    {
      "id": 56,
      "model": "홍루",
      "content": "我只是好奇。"
    },
    {
      "id": 57,
      "model": "란",
      "teller": "？？？",
      "title": "恐怖组织？",
      "content": "话说回来……那些穿着陌生制服的生面孔是谁？有人想介绍一下自己吗？"
    },
    {
      "id": 58,
      "model": "마리르",
      "teller": "？？？",
      "title": "恐怖组织？",
      "content": "不关我们的事。"
    },
    {
      "id": 59,
      "model": "란",
      "teller": "？？？",
      "title": "恐怖组织？",
      "content": "的确。但是一直面面相觑有点尴尬。总有人要先开口对吧？"
    },
    {
      "id": 60,
      "model": "이스마엘",
      "content": "……我们有必要对一个恐怖组织做自我介绍吗？"
    },
    {
      "id": 61,
      "model": "마리르",
      "teller": "？？？",
      "title": "恐怖组织？",
      "content": "我们才不是恐怖组织。说话注意点。"
    },
    {
      "id": 62,
      "model": "란",
      "teller": "？？？",
      "title": "恐怖组织？",
      "content": "我觉得那种说法，还不错。很符合我四岁时的价值观和思考方式。我十一岁的时候就接到了研究生院打来的电话，因为我写的一篇有关原子的论文获了奖……"
    },
    {
      "id": 63,
      "model": "마리르",
      "teller": "？？？",
      "title": "技术解放联盟",
      "content": "安静。我们是技术解放联盟。"
    },
    {
      "id": 64,
      "model": "홍루",
      "content": "你们要解放什么样的技术？技术本身也渴望自由吗？"
    },
    {
      "id": 65,
      "model": "싱클레어",
      "content": "也许……他们说的是实验室里的动物们……吧？"
    },
    {
      "id": 66,
      "model": "란",
      "teller": "？？？",
      "title": "技术解放联盟",
      "content": "听到没？他以为我们是动物保护组织不成？"
    },
    {
      "id": 67,
      "model": "란",
      "teller": "？？？",
      "title": "技术解放联盟",
      "content": "抱歉，但你说的那些老早之前就过时了。你觉得我们日夜操劳地组装这些机器，单纯只是为了吃上被幸福地养大并用健康的食用油炸制的炸鸡吗？"
    },
    {
      "id": 68,
      "model": "란",
      "teller": "？？？",
      "title": "技术解放联盟",
      "content": "尤其X-32号螺栓现在真的很难入手，我们得从其他的巢订货。你知道这要加多少税吗？"
    },
    {
      "id": 69,
      "model": "파우스트",
      "content": "你可以先铸造一枚C-9螺栓，然后每两个小时淬火一次，以代替X-32号螺栓。"
    },
    {
      "id": 70,
      "model": "마리르",
      "teller": "？？？",
      "title": "技术解放联盟",
      "content": "少在那里不懂装懂……"
    },
    {
      "id": 71,
      "model": "란",
      "teller": "？？？",
      "title": "技术解放联盟",
      "content": "哦，呃……不，她可能是对的……这能行。"
    },
    {
      "id": 72,
      "model": "그레고르",
      "content": "浮士德小姐，能解释一下你为什么在为我们的敌人提供建议吗？"
    },
    {
      "id": 73,
      "model": "파우스트",
      "content": "你大概难以理解吧。研究人员们有着比死亡更为重要的信念……"
    }
  ]
}