{
  "dataList": [
    {
      "id": 0,
      "place": "被入侵的K公司研究室内",
      "model": "그레고르",
      "content": "确实……看起来很方便。骨折这种程度都能瞬间恢复。"
    },
    {
      "id": 1,
      "model": "동랑",
      "teller": "东朗",
      "title": "K公司 粮食资源改良部门",
      "content": "K公司为了对这再生安瓿进行改良，提供了天文数字级别的研究经费。要是让施伦妮知道的话可能会发火三个月，所以要对此保密。"
    },
    {
      "id": 2,
      "model": "료슈",
      "content": "哼……但丁到底得有多么害怕那点痛苦，才会只有在我们死掉之后才转动时钟。"
    },
    {
      "id": 3,
      "model": "단테",
      "content": "<……>"
    },
    {
      "id": 4,
      "model": "로쟈",
      "content": "我现在右手的骨头好像有点裂开了~打个安瓿也可以吧？握斧头真的很不方便。"
    },
    {
      "id": 5,
      "content": "罗佳站在K公司无人机前面伸出了右手。"
    },
    {
      "id": 6,
      "model": "K사앰플기계",
      "teller": "安瓿助手",
      "title": "K公司",
      "content": "欢迎。这里是时刻为您的健康着想的K公司无人机。将进行再生安瓿注射。"
    },
    {
      "id": 7,
      "model": "K사앰플기계",
      "teller": "安瓿助手",
      "title": "K公司",
      "content": "……无法注射。"
    },
    {
      "id": 8,
      "model": "K사앰플기계",
      "teller": "安瓿助手",
      "title": "K公司",
      "content": "3j-54型友好对象虽然可进行血清注射，但再生安瓿只能用于失血量为1升以上的人员，因此通知您目前情况无法进行注射。此外，由于您尚未进行HP安瓿的兼容性检查，请注意由此产生的副作用我们一概不负责。谢谢。"
    },
    {
      "id": 9,
      "model": "로쟈",
      "content": "啥~？这是什么话，那要我被砍掉一条手臂或腿再过来吗？"
    },
    {
      "id": 10,
      "model": "싱클레어",
      "content": "已经……"
    },
    {
      "id": 11,
      "model": "싱클레어",
      "content": "已经在那么做了，那些K公司的警卫员们……"
    },
    {
      "id": 12,
      "model": "싱클레어",
      "content": "为了被注射再生安瓿……自己斩开身体……"
    },
    {
      "id": 13,
      "model": "삼조",
      "teller": "三朝",
      "title": "K公司 粮食资源改良部门",
      "content": "没办法。一受伤就使用再生安瓿是相当严重的经费浪费。"
    },
    {
      "id": 14,
      "model": "삼조",
      "teller": "三朝",
      "title": "K公司 粮食资源改良部门",
      "content": "虽然不是非要去进行比较，但它的价值远不是你们这样的中小企业所能随意企及的。"
    },
    {
      "id": 15,
      "model": "싱클레어",
      "content": "……"
    },
    {
      "id": 16,
      "model": "단테",
      "content": "<哎呦……>"
    },
    {
      "id": 17,
      "model": "단테",
      "content": "<这里好像有点危险？那些机器太过激了……搞不好就连我也得死掉了。>"
    },
    {
      "id": 18,
      "model": "단테",
      "content": "<还是稍微离远一点会安全一点……>"
    },
    {
      "id": 19,
      "content": "就在此刻，后面有什么发出威胁性的声音的东西从我的时钟……不对，从我的脑袋旁边飞过。"
    },
    {
      "id": 20,
      "model": "단테",
      "content": "<啊……>"
    },
    {
      "id": 21,
      "model": "이스마엘",
      "content": "咳……"
    },
    {
      "id": 22,
      "content": "就在这惊险的瞬间，以实玛利迅速伸出手臂替我挡了下来。"
    },
    {
      "id": 23,
      "content": "它飞过来的地方……并不是敌军的机械，"
    },
    {
      "id": 24,
      "content": "而是不知何时变为红色的K公司无人机，正虎视眈眈地飞行着。"
    },
    {
      "id": 25,
      "model": "오티스",
      "content": "经理！您没事吧？"
    },
    {
      "id": 26,
      "model": "이스마엘",
      "content": "明明是我挨了这一下，奥提斯女士……"
    },
    {
      "id": 27,
      "model": "오티스",
      "content": "我奥提斯应该替您挡下这一击的，妈的！"
    },
    {
      "id": 28,
      "model": "이스마엘",
      "content": "那个……"
    },
    {
      "id": 29,
      "model": "오티스",
      "content": "哈，你们这些家伙用那昂贵的研究经费制作的机器人终究还是出了差错。竟然误伤友军！"
    },
    {
      "id": 30,
      "model": "삼조",
      "teller": "三朝",
      "title": "K公司 粮食资源改良部门",
      "content": "我反驳。那并不是误伤。"
    },
    {
      "id": 31,
      "content": "后面的三朝先生举手高呼道。"
    },
    {
      "id": 32,
      "model": "삼조",
      "teller": "三朝",
      "title": "K公司 粮食资源改良部门",
      "content": "只是……看来没有来得及做例外处理。关于这一点我道歉。"
    },
    {
      "id": 33,
      "model": "오티스",
      "content": "你在说什么胡话……"
    },
    {
      "id": 34,
      "model": "삼조",
      "teller": "三朝",
      "title": "K公司 粮食资源改良部门",
      "content": "如你们所知，各位能进到这里，纯粹都是因为东朗先生的一时兴起。"
    },
    {
      "id": 35,
      "model": "삼조",
      "teller": "三朝",
      "title": "K公司 粮食资源改良部门",
      "content": "此处有访客是极为罕见的事情，所以这算是未能进行考虑的事项。"
    },
    {
      "id": 36,
      "model": "이스마엘",
      "content": "那个，呃……到底是什么意思？"
    },
    {
      "id": 37,
      "model": "삼조",
      "teller": "三朝",
      "title": "K公司 粮食资源改良部门",
      "content": "这话就是说K公司再生无人机的用途并不单纯是治疗。"
    },
    {
      "id": 38,
      "model": "이스마엘",
      "content": "为什么……我的身体看起来像是在融化一样？能不能有谁把话……说明白……"
    },
    {
      "id": 39,
      "model": "단테",
      "content": "<以实玛利！>"
    },
    {
      "id": 40,
      "model": "삼조",
      "teller": "三朝",
      "title": "K公司 粮食资源改良部门",
      "content": "K公司无人机平时虽然会为伤员注射再生安瓿……"
    },
    {
      "id": 41,
      "model": "삼조",
      "teller": "三朝",
      "title": "K公司 粮食资源改良部门",
      "content": "但是也会为逃离战场者注射崩解安瓿。"
    },
    {
      "id": 42,
      "model": "단테",
      "content": "<……所以说是因为我想离开战场才发射了崩解安瓿？>"
    },
    {
      "id": 43,
      "model": "그레고르",
      "content": "真恶心……明明也不是在战争中，却还能做出立即处决的决定吗？"
    },
    {
      "id": 44,
      "model": "그레고르",
      "content": "对啊，让那些无人机打头阵不会更好一些吗？"
    },
    {
      "id": 45,
      "model": "삼조",
      "teller": "三朝",
      "title": "K公司 粮食资源改良部门",
      "content": "看来在您所生活的巢中人命的价值很高，是这样吗？"
    },
    {
      "id": 46,
      "model": "삼조",
      "teller": "三朝",
      "title": "K公司 粮食资源改良部门",
      "content": "那些机器的费用哪怕是10名2级员工的价值都无法与其相提并论。您可以理解了吗？"
    },
    {
      "id": 47,
      "model": "그레고르",
      "content": "……理解下吧，接受一下吧……"
    },
    {
      "id": 48,
      "model": "그레고르",
      "content": "那样的强迫，我已经接受过太多了，已经不再愿意如此了。"
    },
    {
      "id": 49,
      "model": "파우스트",
      "content": "倒是可以理解。毕竟也有研究结果表明，由于在模拟战场中引进了K公司无人机，我军的胜率提高了23.5%。"
    },
    {
      "id": 50,
      "model": "파우스트",
      "content": "那是在研究者之间有着相当高的名气的论文。"
    },
    {
      "id": 51,
      "model": "오티스",
      "content": "自古以来降低战场士气的最大元凶既不是敌军的威胁，也不是指挥者的懦弱，而是脱离战场的逃兵。"
    },
    {
      "id": 52,
      "model": "오티스",
      "content": "对于脱离战场之人的公开处罚是在历史上有过先例证明的，有效的战术与方法。"
    },
    {
      "id": 53,
      "model": "그레고르",
      "content": "啧。多理解一下吧。"
    },
    {
      "id": 54,
      "model": "단테",
      "content": "<等下，大家都在说什么啊？>"
    },
    {
      "id": 55,
      "model": "단테",
      "content": "<以实玛利现在……不是在融化吗……！>"
    },
    {
      "id": 56,
      "model": "오티스",
      "content": "啊，失礼了。经理。"
    },
    {
      "id": 57,
      "model": "오티스",
      "content": "我未能想到您转动时钟时的痛苦。"
    },
    {
      "id": 58,
      "model": "단테",
      "content": "<什，不是那个意思……>"
    },
    {
      "id": 59,
      "model": "파우스트",
      "content": "看来您得赶紧转动时钟了。现在这种程度的状态的话，心脏应该还在。"
    },
    {
      "id": 60,
      "model": "이스마엘",
      "content": "经理……我……会怎么样……"
    },
    {
      "id": 61,
      "content": "……"
    },
    {
      "id": 62,
      "content": "时针在转动。痛苦地。"
    },
    {
      "id": 63,
      "content": "只有李箱在静静地观察地上滚来滚去的安瓿。"
    },
    {
      "id": 64,
      "model": "이상",
      "content": "……"
    }
  ]
}