{
  "dataList": [
    {
      "id": 0,
      "place": "K公司研究室内",
      "model": "슈렌느",
      "teller": "施伦妮",
      "title": "K公司研究所",
      "content": "全体注意！支援已抵达！！"
    },
    {
      "id": 1,
      "model": "로쟈",
      "content": "那、那些人是谁？"
    },
    {
      "id": 2,
      "model": "동랑",
      "teller": "东朗",
      "title": "K公司 粮食资源改良部门",
      "content": "对啊，这些人是谁呢，施伦妮~？你交了些新朋友吗？"
    },
    {
      "id": 3,
      "model": "슈렌느",
      "teller": "施伦妮",
      "title": "K公司研究所",
      "content": "这不是这次跟我们部门研究所一起合作的玫瑰扳手工坊的收尾人们嘛。这都来往几次了你倒是记一下脸啊。"
    },
    {
      "id": 4,
      "model": "니코",
      "teller": "尼柯",
      "title": "玫瑰扳手工坊",
      "content": "很高兴见到你。我是尼柯，玫瑰扳手工坊的代表。"
    },
    {
      "id": 5,
      "content": "可能是没有预料到还会有更多的援军，敌军的脸色变得暗淡起来。"
    },
    {
      "id": 6,
      "model": "란",
      "teller": "？？？",
      "title": "恐怖组织？",
      "content": "真没意思。回去吧。"
    },
    {
      "id": 7,
      "model": "마리르",
      "teller": "？？？",
      "title": "恐怖组织？",
      "content": "什么？"
    },
    {
      "id": 8,
      "model": "마리르",
      "teller": "？？？",
      "title": "恐怖组织？",
      "content": "好吧……回去吧。"
    },
    {
      "id": 9,
      "model": "니코",
      "teller": "尼柯",
      "title": "玫瑰扳手工坊",
      "content": "果然，都被我们的“气势”吓跑了呢……呼呼……"
    },
    {
      "id": 10,
      "model": "동랑",
      "teller": "东朗",
      "title": "K公司 粮食资源改良部门",
      "content": "谢谢，施伦妮小姐。这让我开始认真考虑你们部门明年被评为最佳部门的可能性了。"
    },
    {
      "id": 11,
      "model": "슈렌느",
      "teller": "施伦妮",
      "title": "K公司研究所",
      "content": "只可惜你的宝贝奖杯们被毁掉了，哈？"
    },
    {
      "id": 12,
      "model": "삼조",
      "teller": "三朝",
      "title": "K公司 粮食资源改良部门",
      "content": "施伦妮小姐，很抱歉我有些怀疑，但你不会是等奖杯都被打坏了以后才把援兵叫来的吧？"
    },
    {
      "id": 13,
      "model": "동랑",
      "teller": "东朗",
      "title": "K公司 粮食资源改良部门",
      "content": "这点程度没什么大不了的。"
    },
    {
      "id": 14,
      "model": "동랑",
      "teller": "东朗",
      "title": "K公司 粮食资源改良部门",
      "content": "只要照片没事就行。"
    },
    {
      "id": 15,
      "model": "그레고르",
      "content": "亲眼目睹一下才发现，这比听上去的损失更严重……"
    },
    {
      "id": 16,
      "model": "그레고르",
      "content": "那是搞不好连研究员们都会被斩尽杀绝的情况。"
    },
    {
      "id": 17,
      "model": "삼조",
      "teller": "三朝",
      "title": "K公司 粮食资源改良部门",
      "content": "没错，就算是看在这一点上也得早日扫荡掉那些家伙，把被夺走的研究室夺回来。"
    },
    {
      "id": 18,
      "model": "이상",
      "content": "为什么，K公司……不支援？"
    },
    {
      "id": 19,
      "model": "동랑",
      "teller": "东朗",
      "title": "K公司 粮食资源改良部门",
      "content": "嗯……自然是为了隐藏巢的正中心发生过这种事情的事实，不是么？"
    },
    {
      "id": 20,
      "model": "이상",
      "content": "考虑到上次只有无辜的居民被卷入，因此暂且不提。但此次事件涉及到一系列与K公司有直接联系的研究员和研究所……"
    },
    {
      "id": 21,
      "model": "동랑",
      "teller": "东朗",
      "title": "K公司 粮食资源改良部门",
      "content": "很明显，他们真的很不想与这件事扯上关系，你觉得呢？"
    },
    {
      "id": 22,
      "model": "이상",
      "content": "……"
    },
    {
      "id": 23,
      "model": "동랑",
      "teller": "东朗",
      "title": "K公司 粮食资源改良部门",
      "content": "反正因为这个，连各位份额的再生安瓿也得进行特别准备了。现在出发应该刚刚好吧？"
    },
    {
      "id": 24,
      "model": "그레고르",
      "content": "东朗先生，这可不是去玩的……没关系么？"
    },
    {
      "id": 25,
      "model": "동랑",
      "teller": "东朗",
      "title": "K公司 粮食资源改良部门",
      "content": "是的，亲眼看到各位战斗的样子更是感觉可以安心同行了。"
    },
    {
      "id": 26,
      "model": "파우스트",
      "content": "作为参考……即使仅从观察我们而言，但丁经理使用的复原技术也与K公司的安瓿的再生技术处于大相径庭的领域。"
    },
    {
      "id": 27,
      "model": "파우스트",
      "content": "所以这对K公司的奇点技术或者是再生安瓿的改良不会有多大的帮助。"
    },
    {
      "id": 28,
      "model": "동랑",
      "teller": "东朗",
      "title": "K公司 粮食资源改良部门",
      "content": "不是治疗而是复原啊……"
    },
    {
      "id": 29,
      "model": "로쟈",
      "content": "难道~是想在看到但丁经理的能力之后跟菩萨鸡的那个小气鬼店长一样做产业间谍吗？！"
    },
    {
      "id": 30,
      "model": "동랑",
      "teller": "东朗",
      "title": "K公司 粮食资源改良部门",
      "content": "我可不会去做那种事。我并不是会把无法消化的东西硬吃下去的类型。"
    },
    {
      "id": 31,
      "model": "오티스",
      "content": "像你这种情况一般应该在后方指挥善于战斗的部下们才对。非要跑到最前线来，是想因此受到什么表彰吗？"
    },
    {
      "id": 32,
      "model": "동랑",
      "teller": "东朗",
      "title": "K公司 粮食资源改良部门",
      "content": "不是，那个地方……"
    },
    {
      "id": 33,
      "model": "동랑",
      "teller": "东朗",
      "title": "K公司 粮食资源改良部门",
      "content": "有许多没来得及带上的东西。"
    },
    {
      "id": 34,
      "model": "동랑",
      "teller": "东朗",
      "title": "K公司 粮食资源改良部门",
      "content": "连续三年的优秀奖获奖纪念照片，K公司的感谢奖杯，研究室的扩建纪念照片……还有什么来着，三朝先生？"
    },
    {
      "id": 35,
      "model": "삼조",
      "teller": "三朝",
      "title": "K公司 粮食资源改良部门",
      "content": "……还有与研究相关的机密文件……"
    },
    {
      "id": 36,
      "model": "오티스",
      "content": "……比起接受表彰，还是更想拿回得到过的荣誉吗。"
    },
    {
      "id": 37,
      "model": "동랑",
      "teller": "东朗",
      "title": "K公司 粮食资源改良部门",
      "content": "啊对了，我把那个也忘了。"
    },
    {
      "id": 38,
      "model": "그레고르",
      "content": "根本就是只来得及脱身嘛……"
    },
    {
      "id": 39,
      "model": "슈렌느",
      "teller": "施伦妮",
      "title": "K公司研究所",
      "content": "东朗那家伙可能自出生以来就没挥过拳头，完全是个无忧无虑的家伙。还不如像我这样带些收尾人过去。"
    },
    {
      "id": 40,
      "model": "삼조",
      "teller": "三朝",
      "title": "K公司 粮食资源改良部门",
      "content": "你的部门现在运行得还顺利吗？施伦妮小姐？"
    },
    {
      "id": 41,
      "model": "삼조",
      "teller": "三朝",
      "title": "K公司 粮食资源改良部门",
      "content": "明明就算这次作战成功，对你的部门也没有任何好处。"
    },
    {
      "id": 42,
      "model": "슈렌느",
      "teller": "施伦妮",
      "title": "K公司研究所",
      "content": "……因为上次那场恐怖袭击，我失去了三名同僚。"
    },
    {
      "id": 43,
      "model": "슈렌느",
      "teller": "施伦妮",
      "title": "K公司研究所",
      "content": "如果说只考虑利益和损失的话，我也失去了很多东西。"
    },
    {
      "id": 44,
      "model": "삼조",
      "teller": "三朝",
      "title": "K公司 粮食资源改良部门",
      "content": "施伦妮小姐……"
    },
    {
      "id": 45,
      "model": "삼조",
      "teller": "三朝",
      "title": "K公司 粮食资源改良部门",
      "content": "既然是这样的话，那我就默认这次雇佣收尾人的费用是由贵部门支付了——"
    },
    {
      "id": 46,
      "model": "슈렌느",
      "teller": "施伦妮",
      "title": "K公司研究所",
      "content": "啊……真是一帮无论何时都让人火大的家伙……"
    },
    {
      "id": 47,
      "model": "삼조",
      "teller": "三朝",
      "title": "K公司 粮食资源改良部门",
      "content": "需要我们夺回的脑叶公司支部就在距离此处不远的位置。"
    },
    {
      "id": 48,
      "model": "삼조",
      "teller": "三朝",
      "title": "K公司 粮食资源改良部门",
      "content": "让我们一起前进吧。"
    },
    {
      "id": 49,
      "model": "동랑",
      "teller": "东朗",
      "title": "K公司研究所",
      "content": "我也挺想坐一坐各位开来的巴士的……真可惜。"
    },
    {
      "id": 50,
      "model": "삼조",
      "teller": "三朝",
      "title": "K公司 粮食资源改良部门",
      "content": "下次会让您乘坐的。赶紧出发吧。"
    },
    {
      "id": 51,
      "model": "로쟈",
      "content": "呵？你以为那是你能随便决定的吗……？！"
    },
    {
      "id": 52,
      "place": "前往K巢脑叶公司支部的路上",
      "content": "感觉这次的作战格外地吵闹。"
    },
    {
      "id": 53,
      "model": "로쟈",
      "content": "所以说啊~我赌上筹码之后才这么说的。"
    },
    {
      "id": 54,
      "model": "로쟈",
      "content": "梭~哈。"
    },
    {
      "id": 55,
      "model": "그레고르",
      "content": "哈……我不想再听了……它搞得我头晕脑胀……"
    },
    {
      "id": 56,
      "model": "니코",
      "teller": "尼柯",
      "title": "玫瑰扳手工坊",
      "content": "果然在J公司赌场里没有比摇头扑克更棒的了。那些只玩老虎机的家伙通通都是蠢货。"
    },
    {
      "id": 57,
      "model": "히스클리프",
      "content": "怎么，老虎机有什么问题不成？"
    },
    {
      "id": 58,
      "model": "니코",
      "teller": "尼柯",
      "title": "玫瑰扳手工坊",
      "content": "这情报我可真的没有告诉过任何人……"
    },
    {
      "id": 59,
      "model": "히스클리프",
      "content": "等下，你再说仔细点……"
    },
    {
      "id": 60,
      "model": "단테",
      "content": "<这次作战果然还是太过吵闹了。>"
    },
    {
      "id": 61,
      "model": "료슈",
      "content": "不·怎·满。"
    },
    {
      "id": 62,
      "content": "“她说她不怎么满意，”辛克莱对我小声说道。"
    },
    {
      "id": 63,
      "content": "“我也知道，”我小声回答他说。"
    }
  ]
}