{
  "dataList": [
    {
      "id": 0,
      "place": "K巢 脑叶公司支部内某处",
      "content": "……直到我们到达目的地之前，这群人一直在吵吵闹闹。"
    },
    {
      "id": 1,
      "model": "료슈",
      "content": "艺术只有在宁静中才能优雅地绽放……"
    },
    {
      "id": 2,
      "model": "슈렌느",
      "teller": "施伦妮",
      "title": "K公司研究所",
      "content": "不论哪一队都有一些讨厌鬼这一点倒是都一样啊。"
    },
    {
      "id": 3,
      "model": "오티스",
      "content": "赞同。我都不知道他们是来解决委托还是来玩的……他们太容易放松了。"
    },
    {
      "id": 4,
      "model": "동랑",
      "teller": "东朗",
      "title": "K公司 粮食资源改良部门",
      "content": "不过好消息是，起码我们在这里不会遭遇任何异想体。"
    },
    {
      "id": 6,
      "model": "단테",
      "content": "<这个人怎么一直在跟我说话？>"
    },
    {
      "id": 7,
      "model": "동랑",
      "teller": "东朗",
      "title": "K公司 粮食资源改良部门",
      "content": "说实话，第一次与所谓异想体的遭遇带给了我们一连串的惊人发现。"
    },
    {
      "id": 8,
      "model": "동랑",
      "teller": "东朗",
      "title": "K公司 粮食资源改良部门",
      "content": "可以说它是某种混合体吧。利用人的潜意识开发新能源，我从来没有过这样的想法。"
    },
    {
      "id": 9,
      "model": "단테",
      "content": "<嗯……>"
    },
    {
      "id": 10,
      "model": "동랑",
      "teller": "东朗",
      "title": "K公司 粮食资源改良部门",
      "content": "如今广为人知的那个观点，是什么来着……对了，我觉得属于人类的时代已经接近尾声了。从现在开始将会是属于那些更高级的头脑们的时代。现在发自内心地认同这个观点的人并不多。"
    },
    {
      "id": 11,
      "model": "단테",
      "content": "<什么是人类的时代？>"
    },
    {
      "id": 12,
      "model": "동랑",
      "teller": "东朗",
      "title": "K公司 粮食资源改良部门",
      "content": "所以，你大概不知道我有多高兴于你们能够加入。"
    },
    {
      "id": 13,
      "model": "단테",
      "content": "<……真是场一边倒的对话……比和维吉里乌斯的对话糟多了。>"
    },
    {
      "id": 14,
      "content": "如果对话的一方从来没有表达过自己的想法，那还能称其为对话吗？"
    },
    {
      "id": 15,
      "model": "동랑",
      "teller": "东朗",
      "title": "K公司 粮食资源改良部门",
      "content": "嘘……我听到脚步声了。"
    },
    {
      "id": 16,
      "content": "我想你是这里唯一一个应该闭嘴的人。"
    }
  ]
}