{
  "dataList": [
    {
      "id": 0,
      "place": "K巢 脑叶公司支部内某处",
      "model": "동랑",
      "teller": "东朗",
      "title": "K公司 粮食资源改良部门",
      "content": "我连一个恐怖分子也没看到。"
    },
    {
      "id": 1,
      "model": "슈렌느",
      "teller": "施伦妮",
      "title": "K公司研究所",
      "content": "放心。我带来了很多再生安瓿，那些杀人机器无论怎么横行肆虐也没关系。"
    },
    {
      "id": 2,
      "content": "停止运转的机器发出了不祥的嗡嗡声。"
    },
    {
      "id": 3,
      "model": "기술해방연합기계",
      "teller": "融化的机器",
      "title": "技术解放联盟",
      "content": "好，大家……听到了吗？"
    },
    {
      "id": 4,
      "model": "기술해방연합기계",
      "teller": "融化的机器",
      "title": "技术解放联盟",
      "content": "想到你们可能会以为我们是由于害怕而逃走了我就很生气，所以来向你们传达些口头消息。"
    },
    {
      "id": 5,
      "model": "기술해방연합기계",
      "teller": "融化的机器",
      "title": "技术解放联盟",
      "content": "我要告诉你们一些非常重要的事情，听好了。"
    },
    {
      "id": 6,
      "model": "기술해방연합기계",
      "teller": "融化的机器",
      "title": "技术解放联盟",
      "content": "……"
    },
    {
      "id": 7,
      "model": "기술해방연합기계",
      "teller": "融化的机器",
      "title": "技术解放联盟",
      "content": "为了加速紧张感而保持沉默……不错。"
    },
    {
      "id": 8,
      "model": "단테",
      "content": "<……>"
    },
    {
      "id": 9,
      "model": "기술해방연합기계",
      "teller": "融化的机器",
      "title": "技术解放联盟",
      "content": "你们就是……"
    },
    {
      "id": 10,
      "model": "기술해방연합기계",
      "teller": "融化的机器",
      "title": "技术解放联盟",
      "content": "你们就是一群毫无价值的虫子。"
    },
    {
      "id": 11,
      "model": "기술해방연합기계",
      "teller": "融化的机器",
      "title": "技术解放联盟",
      "content": "是的，没错。你们就只是群虫子而已！"
    },
    {
      "id": 12,
      "model": "그레고르",
      "content": "真让人泄气。特意竖起耳朵就只听到了这些胡言乱语。"
    },
    {
      "id": 13,
      "content": "格里高尔一边挠着后脑勺，一边嘟囔着走近机器。"
    },
    {
      "id": 14,
      "model": "단테",
      "content": "<等一下，格里高尔！>"
    },
    {
      "id": 15,
      "content": "播放完音频后，机器突然开始不断升温并膨胀起来。"
    },
    {
      "id": 16,
      "model": "파우스트",
      "content": "这台机器的温度异常上升的同时，其部件也正在膨胀。"
    },
    {
      "id": 17,
      "model": "니코",
      "teller": "尼柯",
      "title": "玫瑰扳手工坊",
      "content": "天哪，这正是。典型的即将发生爆炸的前兆。"
    },
    {
      "id": 18,
      "model": "동랑",
      "teller": "东朗",
      "title": "K公司 粮食资源改良部门",
      "content": "确实，这意味着……"
    },
    {
      "id": 19,
      "model": "히스클리프",
      "content": "喂！现在赶紧离那个该死的机器远点！"
    },
    {
      "id": 20,
      "content": "希斯克利夫一脚把格里高尔从机器周围踢开。"
    },
    {
      "id": 21,
      "model": "동랑",
      "teller": "东朗",
      "title": "K公司 粮食资源改良部门",
      "content": "嗯……他们一定是在短时间内精心设下了这样的陷阱。"
    },
    {
      "id": 22,
      "model": "동랑",
      "teller": "东朗",
      "title": "K公司 粮食资源改良部门",
      "content": "真是令人钦佩。我很想见见其设计者。"
    },
    {
      "id": 23,
      "model": "단테",
      "content": "<说真的研究者一个个的都这样吗？现在可不是该钦佩的时候。>"
    },
    {
      "id": 24,
      "model": "파우스트",
      "content": "这就是我们的宿命。"
    }
  ]
}