{
  "dataList": [
    {
      "id": 0,
      "place": "K巢 脑叶公司支部内某处",
      "model": "싱클레어",
      "content": "这个机器也是……动作停止后就会像刚才那样爆炸吗？"
    },
    {
      "id": 1,
      "content": "不出所料，从停止的机器中传来了不祥的噪音。"
    },
    {
      "id": 2,
      "model": "기술해방연합기계",
      "teller": "融化的机器",
      "title": "技术解放联盟",
      "content": "也就是说这是你们第二次杀掉我的机器了。对吧？"
    },
    {
      "id": 3,
      "model": "기술해방연합기계",
      "teller": "融化的机器",
      "title": "技术解放联盟",
      "content": "让我看看……"
    },
    {
      "id": 4,
      "model": "기술해방연합기계",
      "teller": "融化的机器",
      "title": "技术解放联盟",
      "content": "你们就是一群只会在地板上爬行的蟑螂。"
    },
    {
      "id": 5,
      "model": "로쟈",
      "content": "没事的，没事的。别因为这点小事生气，格雷格……"
    },
    {
      "id": 6,
      "model": "그레고르",
      "content": "……我还什么都没想呢。"
    },
    {
      "id": 7,
      "model": "기술해방연합기계",
      "teller": "融化的机器",
      "title": "技术解放联盟",
      "content": "所以……你们就这样一直爬下去就好了。"
    },
    {
      "id": 8,
      "model": "기술해방연합기계",
      "teller": "融化的机器",
      "title": "技术解放联盟",
      "content": "只是享受在地板上爬行的话，就没必要抬头看向天空了吧。"
    },
    {
      "id": 9,
      "model": "뫼르소",
      "content": "我理解了。这机器动作停止之后便会自动放出录音，然后在数秒之内爆炸。"
    },
    {
      "id": 10,
      "model": "뫼르소",
      "content": "虽然并不清楚它们的目的是什么，但所有的机器都拥有着相同的机制。"
    },
    {
      "id": 11,
      "model": "그레고르",
      "content": "提前……录音？真是预想不到啊……"
    },
    {
      "id": 12,
      "model": "히스클리프",
      "content": "哈，在各个地方都成为笑料了啊，虫子大叔。"
    },
    {
      "id": 13,
      "model": "그레고르",
      "content": "……感觉全世界都在拼命嘲笑我，这实在令人费解……"
    },
    {
      "id": 14,
      "model": "히스클리프",
      "content": "什么啊，真是无趣的反应……嗯？咋、咋了？你怎么了？"
    },
    {
      "id": 15,
      "model": "이스마엘",
      "content": "呕……"
    },
    {
      "id": 16,
      "model": "단테",
      "content": "<怎么了以实玛利？没事吧？>"
    },
    {
      "id": 17,
      "model": "이스마엘",
      "content": "是的……胃稍微有点不适……"
    },
    {
      "id": 18,
      "model": "이스마엘",
      "content": "不必在意。我已经没事了。"
    },
    {
      "id": 19,
      "model": "홍루",
      "content": "那个，话说回来技术解放联盟……是基于何种思想的团体呢？"
    },
    {
      "id": 20,
      "model": "오티스",
      "content": "为什么要在意这种事情？只是加了个名字的恐怖组织而已，我们没有必要去了解他们的价值观。"
    },
    {
      "id": 21,
      "model": "홍루",
      "content": "哈哈。知道了之后说不定会派上用场呢，奥提斯女士。"
    },
    {
      "id": 22,
      "model": "삼조",
      "teller": "三朝",
      "title": "K公司 粮食资源改良部门",
      "content": "我知道的也不太多。不过，我听说前K公司研究所成员之一是他们的主要成员。因为是我进入公司之前发生的事情，我也不是很清楚具体细节。"
    },
    {
      "id": 23,
      "model": "삼조",
      "teller": "三朝",
      "title": "K公司 粮食资源改良部门",
      "content": "那个人像现在的东朗先生一样，是被授予了最优秀员工奖的研究员。"
    },
    {
      "id": 24,
      "model": "슈렌느",
      "teller": "施伦妮",
      "title": "K公司研究所",
      "content": "诶？你怎么知道这种事情的？"
    },
    {
      "id": 25,
      "model": "삼조",
      "teller": "三朝",
      "title": "K公司 粮食资源改良部门",
      "content": "我在优秀员工奖杯室里面看到过她的名字。不是应当把那里面的名字全部记下来吗？"
    },
    {
      "id": 26,
      "model": "슈렌느",
      "teller": "施伦妮",
      "title": "K公司研究所",
      "content": "你为什么要泡在那种地方……？"
    },
    {
      "id": 27,
      "model": "이스마엘",
      "content": "……为什么成为最优秀员工的人要加入恐怖组织……"
    },
    {
      "id": 28,
      "model": "슈렌느",
      "teller": "施伦妮",
      "title": "K公司研究所",
      "content": "……"
    },
    {
      "id": 29,
      "model": "동랑",
      "teller": "东朗",
      "title": "K公司 粮食资源改良部门",
      "content": "之前也见过吧。说的就是兴奋地破坏我们研究室的那位的故事。"
    },
    {
      "id": 30,
      "model": "동랑",
      "teller": "东朗",
      "title": "K公司 粮食资源改良部门",
      "content": "正好是我和施伦妮刚加入公司的那段时间，怎么说呢……她在公司里还是挺有名的。"
    },
    {
      "id": 31,
      "model": "동랑",
      "teller": "东朗",
      "title": "K公司 粮食资源改良部门",
      "content": "根据我听到的传言，她想测试K公司技术的极限。"
    },
    {
      "id": 32,
      "model": "동랑",
      "teller": "东朗",
      "title": "K公司 粮食资源改良部门",
      "content": "某一天突然……有传言说她从研究所辞职了。"
    },
    {
      "id": 33,
      "model": "동랑",
      "teller": "东朗",
      "title": "K公司 粮食资源改良部门",
      "content": "以及她最终到了这个地方。"
    }
  ]
}