{
  "dataList": [
    {
      "id": 0,
      "place": "K巢 脑叶公司支部内某处",
      "model": "동랑",
      "teller": "东朗",
      "title": "K公司 粮食资源改良部门",
      "content": "啊，只要通过这条走廊应该就可以了。这样就能达到支部的边缘。"
    },
    {
      "id": 1,
      "model": "동랑",
      "teller": "东朗",
      "title": "K公司 粮食资源改良部门",
      "content": "只要能够将我平安送达，并取回我的货物的话，就将之前说好的金枝所有权转让给您。"
    },
    {
      "id": 2,
      "model": "로쟈",
      "content": "就这样平淡无奇地结束了，什么都没展开真的没关系嘛？结果那些恐怖组织连个影子都没见到，好像是全都跑掉了……"
    },
    {
      "id": 3,
      "model": "동랑",
      "teller": "东朗",
      "title": "K公司 粮食资源改良部门",
      "content": "毕竟合同的内容是夺回研究室。"
    },
    {
      "id": 4,
      "model": "삼조",
      "teller": "三朝",
      "title": "K公司 粮食资源改良部门",
      "content": "所以说我都跟您说了多少次了 ，东朗先生。起草合同的时候要从始至终保持冷静的头脑，至少要让某些条款对我方有利。"
    },
    {
      "id": 5,
      "model": "단테",
      "content": "<……赶紧移动吧。>"
    },
    {
      "id": 6,
      "content": "万幸的是，在这里没有杀人机器。"
    },
    {
      "id": 7,
      "content": "但是眼前出现了不受欢迎的影子。"
    },
    {
      "id": 8,
      "model": "오티스",
      "content": "请小心，经理！前方有人。"
    },
    {
      "id": 9,
      "model": "단테",
      "content": "<嗯，但是手上也没持有武器……>"
    },
    {
      "id": 10,
      "model": "오티스",
      "content": "虽然他们手无寸铁，但经理你和那些软弱无比的普通人不是也毫无差别吗！"
    },
    {
      "id": 11,
      "model": "단테",
      "content": "<……嗯，我该说谢谢你吗？奥提斯？>"
    },
    {
      "id": 12,
      "model": "란",
      "teller": "？？？",
      "title": "技术解放联盟",
      "content": "连算数都不会么？不管怎么看都是你们有着压倒性的人数不是吗。别大惊小怪……"
    },
    {
      "id": 13,
      "model": "란",
      "teller": "？？？",
      "title": "技术解放联盟",
      "content": "来了么？蚯蚓们。"
    },
    {
      "id": 14,
      "model": "싱클레어",
      "content": "从那个机器里传出来的声音。好像……是我们刚刚见过的人。"
    },
    {
      "id": 15,
      "model": "동랑",
      "teller": "东朗",
      "title": "K公司 粮食资源改良部门",
      "content": "你的其他同伙呢？兰前辈？"
    },
    {
      "id": 16,
      "model": "란",
      "teller": "兰",
      "title": "技术解放联盟",
      "content": "……看来还有救兵来趟这摊浑水了呢。"
    },
    {
      "id": 17,
      "model": "란",
      "teller": "兰",
      "title": "技术解放联盟",
      "content": "还有“前辈”什么的，谁是你的“前辈”了？你以为我们才认识多久？"
    },
    {
      "id": 18,
      "model": "란",
      "teller": "兰",
      "title": "技术解放联盟",
      "content": "全员疏散。我……留在这里尽量争取些时间。"
    },
    {
      "id": 19,
      "model": "동랑",
      "teller": "东朗",
      "title": "K公司 粮食资源改良部门",
      "content": "真是有趣……本以为这是一次奇袭，你们是怎么察觉到并准备好撤离的呢？"
    },
    {
      "id": 20,
      "model": "란",
      "teller": "兰",
      "title": "技术解放联盟",
      "content": "明明是一群蚯蚓。看看你们自己。区区领过一次最佳员工奖就这么趾高气扬……"
    },
    {
      "id": 21,
      "model": "란",
      "teller": "兰",
      "title": "技术解放联盟",
      "content": "竟敢为了抓我们而气势汹汹地闯进来。"
    },
    {
      "id": 22,
      "model": "히스클리프",
      "content": "这人嘴巴怎么这么啰嗦。到底是谁那么不自量力？"
    },
    {
      "id": 23,
      "model": "히스클리프",
      "content": "就像你说的，看看双方人数的差距，你应该明白乖乖投降会比较好吧？"
    },
    {
      "id": 24,
      "model": "란",
      "teller": "兰",
      "title": "技术解放联盟",
      "content": "……就算我投降，你们的计划也显而易见。"
    },
    {
      "id": 25,
      "model": "란",
      "teller": "兰",
      "title": "技术解放联盟",
      "content": "慢慢地以并不能致死的手段折磨我……"
    },
    {
      "id": 26,
      "model": "란",
      "teller": "兰",
      "title": "技术解放联盟",
      "content": "再用那了不起的再生安瓿进行“治疗”。"
    },
    {
      "id": 27,
      "model": "란",
      "teller": "兰",
      "title": "技术解放联盟",
      "content": "一直重复这样的行径，直到你们得到想要的答案为止。"
    },
    {
      "id": 28,
      "model": "동랑",
      "teller": "东朗",
      "title": "K公司 粮食资源改良部门",
      "content": "那你就直接说出我们想要的答案不就行了吗？"
    },
    {
      "id": 29,
      "model": "란",
      "teller": "兰",
      "title": "技术解放联盟",
      "content": "当然了，我们与你们可不一样……"
    },
    {
      "id": 30,
      "model": "란",
      "teller": "兰",
      "title": "技术解放联盟",
      "content": "毕竟我们可不打算活成蟑螂那样，靠着嗟来之食勉强度日。"
    },
    {
      "id": 31,
      "model": "그레고르",
      "content": "……越听越让人来气。"
    },
    {
      "id": 32,
      "model": "란",
      "teller": "兰",
      "title": "技术解放联盟",
      "content": "啊~现在陪你们玩也玩腻了。"
    },
    {
      "id": 33,
      "model": "삼조",
      "teller": "三朝",
      "title": "K公司 粮食资源改良部门",
      "content": "你打算干什么……"
    },
    {
      "id": 34,
      "model": "란",
      "teller": "兰",
      "title": "技术解放联盟",
      "content": "这样就对了，对你眼前所发生的事情怀有好奇心。这才是一名研究人员应该有的样子。"
    },
    {
      "id": 35,
      "model": "슈렌느",
      "teller": "施伦妮",
      "title": "K公司研究所",
      "content": "前辈……"
    },
    {
      "id": 36,
      "content": "随着震耳欲聋的巨响，建筑物发生了爆炸。"
    },
    {
      "id": 37,
      "content": "剩下的只有一片烧焦的废墟。"
    },
    {
      "id": 38,
      "model": "단테",
      "content": "<呃……简直痛到离谱。>"
    },
    {
      "id": 39,
      "model": "삼조",
      "teller": "三朝",
      "title": "K公司 粮食资源改良部门",
      "content": "东朗先生，您还好吗？"
    },
    {
      "id": 40,
      "model": "동랑",
      "teller": "东朗",
      "title": "K公司 粮食资源改良部门",
      "content": "嗯……但丁经理一行人中的一位一听见爆炸声就推开了我。就是，不怎么说话还眼神凶狠的那位。"
    },
    {
      "id": 41,
      "model": "삼조",
      "teller": "三朝",
      "title": "K公司 粮食资源改良部门",
      "content": "我也想救您。不过我们之间的距离稍微远了些。"
    },
    {
      "id": 42,
      "model": "니코",
      "teller": "尼柯",
      "title": "玫瑰扳手工坊",
      "content": "咻，真是千钧一发。"
    },
    {
      "id": 43,
      "content": "代替他人正面承受爆破冲击的堂吉诃德与默尔索被炸得脊椎骨都露了出来，冲击波把他们炸飞到建筑物柱子前的地面上。"
    },
    {
      "id": 44,
      "content": "……堂吉诃德干脆被插在了柱子上。"
    },
    {
      "id": 45,
      "model": "동랑",
      "teller": "东朗",
      "title": "K公司 粮食资源改良部门",
      "content": "能够毫不犹豫地做出奋不顾身的行动，应该是多亏了那不论何时都能复活的信念吧。"
    },
    {
      "id": 46,
      "model": "동랑",
      "teller": "东朗",
      "title": "K公司 粮食资源改良部门",
      "content": "而不是出于某种友谊或者是情感……是这样吧？"
    },
    {
      "id": 47,
      "content": "堂吉诃德没有做出任何的回答，不知是因为死了还是因为嘴已经被捅穿了。"
    },
    {
      "id": 48,
      "model": "뫼르소",
      "content": "……咳。"
    },
    {
      "id": 49,
      "model": "단테",
      "content": "<默尔索？还活着吗……？>"
    },
    {
      "id": 50,
      "model": "뫼르소",
      "content": "……我的职责就是保证经理的生命安全并平安完成任务。"
    },
    {
      "id": 51,
      "model": "동랑",
      "teller": "东朗",
      "title": "K公司 粮食资源改良部门",
      "content": "果然……应该就是那样吧。"
    },
    {
      "id": 52,
      "model": "동랑",
      "teller": "东朗",
      "title": "K公司 粮食资源改良部门",
      "content": "真是方便，就算在没有再生安瓿的情况下也能够修复身体。"
    },
    {
      "id": 53,
      "model": "단테",
      "content": "<……>"
    },
    {
      "id": 54,
      "model": "단테",
      "content": "<感觉还是再生安瓿更方便……>"
    },
    {
      "id": 55,
      "model": "삼조",
      "teller": "三朝",
      "title": "K公司 粮食资源改良部门",
      "content": "啊对了，施伦妮小姐也没事吧？其他收尾人们呢？"
    },
    {
      "id": 56,
      "model": "니코",
      "teller": "尼柯",
      "title": "玫瑰扳手工坊",
      "content": "我们并无大碍。"
    },
    {
      "id": 57,
      "model": "슈렌느",
      "teller": "施伦妮",
      "title": "K公司研究所",
      "content": "多亏你们了承受了全部的爆炸冲击，这边没什么损失。"
    },
    {
      "id": 58,
      "model": "슈렌느",
      "teller": "施伦妮",
      "title": "K公司研究所",
      "content": "所以……原来一直没有注射过再生安瓿啊。是那个时钟有着特殊的能力。"
    },
    {
      "id": 59,
      "model": "삼조",
      "teller": "三朝",
      "title": "K公司 粮食资源改良部门",
      "content": "正是如此。毕竟是我通过彻底的调查和验证之后才邀请他们过来的。"
    },
    {
      "id": 60,
      "model": "슈렌느",
      "teller": "施伦妮",
      "title": "K公司研究所",
      "content": "这样啊……真是的……我特地带来的安瓿……都派不上用场了。"
    },
    {
      "id": 61,
      "content": "不知为何，施伦妮露出了无力的笑容，任由背包里的安瓿滚落在地板上。"
    },
    {
      "id": 62,
      "content": "没错……那些人，不对。在除我以外的人们看来，这是个很方便的能力。"
    },
    {
      "id": 63,
      "content": "毕竟颠倒因果的唯一代价只是我所感受的痛苦而已。"
    },
    {
      "id": 64,
      "content": "不对。"
    },
    {
      "id": 65,
      "content": "这真的没问题吗？"
    },
    {
      "id": 66,
      "content": "这些用于回溯的时间又是从何而来？"
    },
    {
      "id": 67,
      "model": "히스클리프",
      "content": "钟表……头……你在……磨磨蹭蹭什么……那黄毛丫头要死了……"
    },
    {
      "id": 68,
      "content": "被爆炸弄得满身疮痍的希斯克利夫指着堂吉诃德的方向。"
    },
    {
      "id": 69,
      "model": "히스클리프",
      "content": "快点转你那表……这个真是……痛到想让人骂娘……"
    },
    {
      "id": 70,
      "model": "단테",
      "content": "<……明白了。>"
    }
  ]
}