{
  "dataList": [
    {
      "id": 0,
      "place": "K巢 脑叶公司支部内某处",
      "model": "동랑",
      "teller": "东朗",
      "title": "K公司 粮食资源改良部门",
      "content": "施伦妮，你被弹片擦伤了，确定不要来一针安瓿吗？"
    },
    {
      "id": 1,
      "model": "슈렌느",
      "teller": "施伦妮",
      "title": "K公司研究所",
      "content": "我没事……"
    },
    {
      "id": 2,
      "model": "그레고르",
      "content": "那个施伦妮……她从刚才起就一直在发呆，没关系吗？"
    },
    {
      "id": 3,
      "model": "그레고르",
      "content": "发呆……哈，怎么可能。她可不是那么无忧无虑的人。"
    },
    {
      "id": 4,
      "model": "오티스",
      "content": "……"
    },
    {
      "id": 5,
      "model": "오티스",
      "content": "这样就显而易见了。"
    },
    {
      "id": 6,
      "model": "오티스",
      "content": "那些恐怖分子早就逃走了。这儿只剩下那些急着当场送我们下地狱的杀人魔了。"
    },
    {
      "id": 7,
      "model": "오티스",
      "content": "我做好决定了。嘿，你怎么认为？"
    },
    {
      "id": 8,
      "content": "奥提斯对默尔索点了点头。"
    },
    {
      "id": 9,
      "model": "뫼르소",
      "content": "我同意。"
    },
    {
      "id": 10,
      "model": "싱클레어",
      "content": "你、你们两个在说什么啊？"
    },
    {
      "id": 11,
      "model": "뫼르소",
      "content": "毫无疑问，我们之间出了一名叛徒。"
    },
    {
      "id": 12,
      "model": "뫼르소",
      "content": "多亏了这个叛徒，我们的路线和计划在出发的时候就已经泄露了。"
    },
    {
      "id": 13,
      "model": "뫼르소",
      "content": "为了止损，我们应当现在就处理掉这个叛徒。"
    },
    {
      "id": 14,
      "content": "叛徒。"
    },
    {
      "id": 15,
      "content": "听到了这个陌生的概念后，我茫然地望着他。"
    },
    {
      "id": 16,
      "model": "오티스",
      "content": "既然不太可能是我们中的一员，那么我合理怀疑叛徒出自研究所的手下之中。"
    },
    {
      "id": 17,
      "model": "오티스",
      "content": "必须取消这次作战计划，执行经理。放任我们被卷入这种荒唐的闹剧实在是……"
    },
    {
      "id": 18,
      "model": "삼조",
      "teller": "三朝",
      "title": "K公司 粮食资源改良部门",
      "content": "你的指控让我感到厌恶。你确定要怀疑我们吗？我敢断言，我们之间的关系至少比你们这些共事甚至不满一年的人要更值得信赖……"
    },
    {
      "id": 19,
      "content": "三朝这么反驳道，他的眼镜上猛烈地反射出一道道光芒。"
    },
    {
      "id": 20,
      "model": "동랑",
      "teller": "东朗",
      "title": "K公司 粮食资源改良部门",
      "content": "不，三朝。他们的假设是合理的。换作是我，也会做出一样的判断。"
    },
    {
      "id": 21,
      "model": "삼조",
      "teller": "三朝",
      "title": "K公司 粮食资源改良部门",
      "content": "……"
    },
    {
      "id": 22,
      "model": "동랑",
      "teller": "东朗",
      "title": "K公司 粮食资源改良部门",
      "content": "你有话要说，对吧？"
    },
    {
      "id": 23,
      "model": "삼조",
      "teller": "三朝",
      "title": "K公司 粮食资源改良部门",
      "content": "东朗先生……"
    },
    {
      "id": 24,
      "model": "오티스",
      "content": "那队收尾人从来到这里到现在，一次也没有用到再生安瓿。"
    },
    {
      "id": 25,
      "model": "오티스",
      "content": "任何理智正常的战斗人员，就算是强行夺取也会去使用它。"
    },
    {
      "id": 26,
      "model": "뫼르소",
      "content": "还有一件事。"
    },
    {
      "id": 27,
      "model": "뫼르소",
      "content": "当我们遇到兰的时候……"
    },
    {
      "id": 28,
      "model": "뫼르소",
      "content": "他们提前和她拉开了距离。唯一的解释就是，他们早就知道会有一场爆炸发生。"
    },
    {
      "id": 29,
      "model": "니코",
      "teller": "尼柯",
      "title": "玫瑰扳手工坊",
      "content": "哎哟……为什么没人觉得是因为我的直觉特别敏锐呢？"
    },
    {
      "id": 30,
      "model": "니코",
      "teller": "尼柯",
      "title": "玫瑰扳手工坊",
      "content": "也许，我们没有用这些安瓿的原因是我们的体质都特别健康呢？"
    },
    {
      "id": 31,
      "model": "동랑",
      "teller": "东朗",
      "title": "K公司 粮食资源改良部门",
      "content": "嗯……为了以防万一，我带了一片吐真药。如果吃下之后你还能回答出同样的话，我就相信你。"
    },
    {
      "id": 32,
      "model": "니코",
      "teller": "尼柯",
      "title": "玫瑰扳手工坊",
      "content": "吐真药？那个红色的玩意儿？我怎么会去吃那种可疑的药……？"
    },
    {
      "id": 33,
      "model": "동랑",
      "teller": "东朗",
      "title": "K公司 粮食资源改良部门",
      "content": "抱歉，你难道觉得你有选择的余地吗？真奇怪啊，如果我是你，我就会吃下那片药……或者再给自己找更多绝望的借口。"
    },
    {
      "id": 34,
      "model": "동랑",
      "teller": "东朗",
      "title": "K公司 粮食资源改良部门",
      "content": "你竟然如此欣然地放弃了唯一脱罪的机会，就像是在说“请杀了我~”一样呢。"
    },
    {
      "id": 35,
      "model": "동랑",
      "teller": "东朗",
      "title": "K公司 粮食资源改良部门",
      "content": "……还是说你终于下定决心，准备把我们都杀了？"
    },
    {
      "id": 36,
      "model": "니코",
      "teller": "尼柯",
      "title": "玫瑰扳手工坊",
      "content": "我以为研究员的任务就是撰写论文……而你这个疯子却在这儿写小说。"
    },
    {
      "id": 37,
      "content": "尼柯举起了他的武器，并对准了我们。"
    },
    {
      "id": 38,
      "model": "히스클리프",
      "content": "穷途末路之下终于露出了真实嘴脸啦？"
    },
    {
      "id": 39,
      "model": "니코",
      "teller": "尼柯",
      "title": "玫瑰扳手工坊",
      "content": "我甚至教了你我玩老虎机的秘诀，你就是这么报答我的吗？"
    }
  ]
}