{
  "dataList": [
    {
      "id": 0,
      "place": "K巢 脑叶公司支部内某处",
      "model": "니코",
      "teller": "尼柯",
      "title": "玫瑰扳手工坊",
      "content": "啊……稍等稍等。我觉得我们得暂停一下。"
    },
    {
      "id": 1,
      "model": "니코",
      "teller": "尼柯",
      "title": "玫瑰扳手工坊",
      "content": "可能是今早吃的沙丁鱼有点问题……我肚子有些不舒服。"
    },
    {
      "id": 2,
      "model": "장미스패너2",
      "teller": "收尾人助手",
      "title": "玫瑰扳手工坊",
      "content": "队长！"
    },
    {
      "id": 3,
      "model": "료슈",
      "content": "不带这样的。下次就折·脖了。"
    },
    {
      "id": 4,
      "model": "장미스패너2",
      "teller": "收尾人助手",
      "title": "玫瑰扳手工坊",
      "content": "施伦妮小姐……！"
    },
    {
      "id": 5,
      "model": "료슈",
      "content": "施，什么？"
    },
    {
      "id": 6,
      "model": "장미스패너2",
      "teller": "收尾人助手",
      "title": "玫瑰扳手工坊",
      "content": "施伦妮小姐告诉我们的。一旦进到这里就绝对……绝对不要使用再生安瓿……"
    },
    {
      "id": 7,
      "model": "슈렌느",
      "teller": "施伦妮",
      "title": "K公司研究所",
      "content": "……"
    },
    {
      "id": 8,
      "model": "니코",
      "teller": "尼柯",
      "title": "玫瑰扳手工坊",
      "content": "哈啊……就这样把那个说出来的话……就算是毁约，笨蛋……"
    },
    {
      "id": 9,
      "model": "로쟈",
      "content": "噢……施伦妮是那么告诉你的？为什么？"
    },
    {
      "id": 10,
      "model": "장미스패너2",
      "teller": "收尾人助手",
      "title": "玫瑰扳手工坊",
      "content": "不知道……她说到时候你就明白了……"
    },
    {
      "id": 11,
      "model": "동랑",
      "teller": "东朗",
      "title": "K公司 粮食资源改良部门",
      "content": "嘛，不是有最简单的方法么？"
    },
    {
      "id": 12,
      "content": "只见东朗把玩着一支再生安瓿，突然……"
    },
    {
      "id": 13,
      "content": "就像是投掷匕首一般，把它插到了一时大意的收尾人身上。"
    },
    {
      "id": 14,
      "model": "장미스패너2",
      "teller": "收尾人助手",
      "title": "玫瑰扳手工坊",
      "content": "啊……"
    },
    {
      "id": 15,
      "content": "虽然他急忙试图拔出插在身上的安瓿，但是内容物已经全部都被注入了进去……"
    },
    {
      "id": 16,
      "model": "니코",
      "teller": "尼柯",
      "title": "玫瑰扳手工坊",
      "content": "……！"
    },
    {
      "id": 17,
      "model": "장미스패너2",
      "teller": "收尾人助手",
      "title": "玫瑰扳手工坊",
      "content": "……你怎么这么惊恐啊，队长？使用再生安瓿到底会怎样……？"
    },
    {
      "id": 18,
      "model": "장미스패너2",
      "teller": "收尾人助手",
      "title": "玫瑰扳手工坊",
      "content": "……呃，这很不对劲啊……"
    },
    {
      "id": 19,
      "content": "只见他的四肢开始向奇怪的角度弯曲，"
    },
    {
      "id": 20,
      "model": "장미스패너2",
      "teller": "收尾人助手",
      "title": "玫瑰扳手工坊",
      "content": "唔哇啊。唔啊。"
    },
    {
      "id": 21,
      "content": "紧接着不知什么东西开始从体内穿透出来。"
    },
    {
      "id": 22,
      "content": "然后他瘫坐在地上仿佛是想再嚎叫点什么，但并没能再发出任何声音。"
    },
    {
      "id": 23,
      "model": "그레고르",
      "content": "……这种模样，只有我觉得熟悉吗？"
    },
    {
      "id": 24,
      "model": "로쟈",
      "content": "怎么会。你不会真觉得只有自己一个人记得那个虫巢吧，格雷格？"
    },
    {
      "id": 25,
      "content": "如同幼虫或者蜗牛一般的……"
    },
    {
      "id": 26,
      "model": "니코",
      "teller": "尼柯",
      "title": "玫瑰扳手工坊",
      "content": "……天哪。"
    },
    {
      "id": 27,
      "model": "슈렌느",
      "teller": "施伦妮",
      "title": "K公司研究所",
      "content": "到此为止吧。看来我牵连到了太多人。"
    },
    {
      "id": 28,
      "model": "니코",
      "teller": "尼柯",
      "title": "玫瑰扳手工坊",
      "content": "嘛……毕竟为财所惑的人是我。"
    },
    {
      "id": 29,
      "model": "니코",
      "teller": "尼柯",
      "title": "玫瑰扳手工坊",
      "content": "哎哟……早知道这样昨天就应该玩一把大的再来。"
    }
  ]
}