{
  "dataList": [
    {
      "id": 0,
      "place": "K巢 脑叶公司支部内某处",
      "model": "동랑",
      "teller": "东朗",
      "title": "K公司 粮食资源改良部门",
      "content": "那么现在……该由你进行说明了，施伦妮？"
    },
    {
      "id": 1,
      "content": "施伦妮仿佛是忘记了怎么摆出表情一样静静地望着东朗。"
    },
    {
      "id": 2,
      "model": "동랑",
      "teller": "东朗",
      "title": "K公司 粮食资源改良部门",
      "content": "你是什么时候投敌的？"
    },
    {
      "id": 3,
      "model": "슈렌느",
      "teller": "施伦妮",
      "title": "K公司研究所",
      "content": "……你还真是了不起。甚至都不去装作被吓了一跳的样子。"
    },
    {
      "id": 4,
      "model": "슈렌느",
      "teller": "施伦妮",
      "title": "K公司研究所",
      "content": "哈，连安瓿都不用就可以复活的员工……这可不在计划之中……太卑鄙了。"
    },
    {
      "id": 5,
      "model": "동랑",
      "teller": "东朗",
      "title": "K公司 粮食资源改良部门",
      "content": "在研究室里，我询问你随行的理由时，你是这么回答我的。"
    },
    {
      "id": 6,
      "model": "동랑",
      "teller": "东朗",
      "title": "K公司 粮食资源改良部门",
      "content": "“死了三个同僚”。"
    },
    {
      "id": 7,
      "model": "동랑",
      "teller": "东朗",
      "title": "K公司 粮食资源改良部门",
      "content": "我们这里死的可不是三个而是五个才对。技术解放联盟的死亡人数才是三人。"
    },
    {
      "id": 8,
      "model": "동랑",
      "teller": "东朗",
      "title": "K公司 粮食资源改良部门",
      "content": "啊，我还看过你的个人网络浏览记录。"
    },
    {
      "id": 9,
      "model": "슈렌느",
      "teller": "施伦妮",
      "title": "K公司研究所",
      "content": "什么啊……那种事情都可以做到吗？"
    },
    {
      "id": 10,
      "model": "동랑",
      "teller": "东朗",
      "title": "K公司 粮食资源改良部门",
      "content": "所以不是说最佳员工的特权可是花一整天都说不完的吗？"
    },
    {
      "id": 11,
      "model": "슈렌느",
      "teller": "施伦妮",
      "title": "K公司研究所",
      "content": "那该死的最佳、最佳、最佳……"
    },
    {
      "id": 12,
      "model": "동랑",
      "teller": "东朗",
      "title": "K公司 粮食资源改良部门",
      "content": "你跟已经离职的兰前辈的电邮往来挺紧密的。都是什么内容？对我的咖啡品尝邀请邮件倒是一次都没有回复过。"
    },
    {
      "id": 13,
      "model": "동랑",
      "teller": "东朗",
      "title": "K公司 粮食资源改良部门",
      "content": "倒也是……你从入职开始就很尊敬兰前辈。据说就连密码都是“我好想你兰前辈”？"
    },
    {
      "id": 14,
      "model": "삼조",
      "teller": "三朝",
      "title": "K公司 粮食资源改良部门",
      "content": "不是，等下……是真的吗？"
    },
    {
      "id": 15,
      "model": "삼조",
      "teller": "三朝",
      "title": "K公司 粮食资源改良部门",
      "content": "简直不可理喻。没有比K公司研究所这样更稳定，福利更高，还能备受瞩目的研究员职位了。"
    },
    {
      "id": 16,
      "model": "삼조",
      "teller": "三朝",
      "title": "K公司 粮食资源改良部门",
      "content": "但是，为什么要和这种恐怖组织相互串通……"
    },
    {
      "id": 17,
      "model": "삼조",
      "teller": "三朝",
      "title": "K公司 粮食资源改良部门",
      "content": "我以为你会成为一位前程似锦的研究者……虽然跟东朗先生相比还差得远……"
    },
    {
      "id": 18,
      "model": "동랑",
      "teller": "东朗",
      "title": "K公司 粮食资源改良部门",
      "content": "好吧，施伦妮。就由你亲口说出来吧。"
    },
    {
      "id": 19,
      "model": "동랑",
      "teller": "东朗",
      "title": "K公司 粮食资源改良部门",
      "content": "为什么要与他们相互勾结？"
    },
    {
      "id": 20,
      "model": "슈렌느",
      "teller": "施伦妮",
      "title": "K公司研究所",
      "content": "……"
    },
    {
      "id": 21,
      "model": "슈렌느",
      "teller": "施伦妮",
      "title": "K公司研究所",
      "content": "因为泪流不止。"
    },
    {
      "id": 22,
      "model": "동랑",
      "teller": "东朗",
      "title": "K公司 粮食资源改良部门",
      "content": "你……"
    },
    {
      "id": 23,
      "model": "슈렌느",
      "teller": "施伦妮",
      "title": "K公司研究所",
      "content": "你应该明白是什么意思吧？我……"
    },
    {
      "id": 24,
      "model": "동랑",
      "teller": "东朗",
      "title": "K公司 粮食资源改良部门",
      "content": "……！"
    },
    {
      "id": 25,
      "content": "终究没能听到施伦妮后面的话。"
    },
    {
      "id": 26,
      "content": "最开始，那看起来像是一条细长的红线被画在了施伦妮的身上……"
    },
    {
      "id": 27,
      "content": "现在大家都明白了这并非一条单纯的线。"
    },
    {
      "id": 28,
      "model": "그레고르",
      "content": "我说啊……施伦妮小姐……"
    },
    {
      "id": 29,
      "content": "整齐地被斩成两半的大脑仿佛是在说着“靠着再生安瓿也无计可施了”一般喷溅着脑髓似的液体。"
    },
    {
      "id": 30,
      "model": "료슈",
      "content": "哈、哈哈……把嘴闭上，不许动。连喘气也不行。"
    },
    {
      "id": 31,
      "content": "那些连脚步声都没有听见，就把施伦妮连同她身后的墙壁一起切开的人们是……"
    },
    {
      "id": 32,
      "model": "이스마엘",
      "content": "……！"
    },
    {
      "id": 33,
      "model": "료슈",
      "content": "在影子中移动的半吊子收尾人们……就用影·移·半·人来特别称呼你们吧。呼。"
    },
    {
      "id": 34,
      "model": "이스마엘",
      "content": "那种收尾人的话……是し协会……来着嘛。"
    },
    {
      "id": 35,
      "model": "이스마엘",
      "content": "是在都市里专门接受暗杀委托的收尾人协会。"
    },
    {
      "id": 36,
      "model": "이스마엘",
      "content": "应该不是我们能随意对抗的人。虽然派出了多少收尾人、来自哪一科也很重要……"
    },
    {
      "id": 37,
      "model": "이스마엘",
      "content": "只有良秀小姐察觉到了他们的气息……绝对不是区区5、6科的等闲之辈。"
    },
    {
      "id": 38,
      "model": "암살자",
      "teller": "暗杀者",
      "title": "し协会",
      "content": "……"
    },
    {
      "id": 39,
      "model": "삼조",
      "teller": "三朝",
      "title": "K公司 粮食资源改良部门",
      "content": "施伦妮小姐……到底为什么……"
    },
    {
      "id": 40,
      "model": "료슈",
      "content": "啧，已经离开了么。"
    },
    {
      "id": 41,
      "content": "良秀咋着舌这样说道，即使我连暗杀者的脚步声都没能听见。"
    },
    {
      "id": 42,
      "model": "히스클리프",
      "content": "真是无语。竟然是内部分裂。"
    },
    {
      "id": 43,
      "model": "동랑",
      "teller": "东朗",
      "title": "K公司 粮食资源改良部门",
      "content": "兰前辈是施伦妮小姐入职时的导师。看来两人的之间的缘分比我所设想的更为长久。"
    },
    {
      "id": 44,
      "model": "동랑",
      "teller": "东朗",
      "title": "K公司 粮食资源改良部门",
      "content": "但丁经理，看到了吧？就算是同一家公司的同事之间也会发生内讧。"
    },
    {
      "id": 45,
      "model": "동랑",
      "teller": "东朗",
      "title": "K公司 粮食资源改良部门",
      "content": "背叛，分裂，共谋。看来这是在哪一个集体内部都会反复的……无可奈何的轮回。"
    },
    {
      "id": 46,
      "model": "단테",
      "content": "<就算对我那么说也……>"
    },
    {
      "id": 47,
      "model": "동랑",
      "teller": "东朗",
      "title": "K公司 粮食资源改良部门",
      "content": "您……到底有多信任您的罪人们呢？"
    },
    {
      "id": 48,
      "model": "단테",
      "content": "<什……什么？>"
    },
    {
      "id": 49,
      "model": "동랑",
      "teller": "东朗",
      "title": "K公司 粮食资源改良部门",
      "content": "其实你对他们一无所知。就像我也没能知晓施伦妮的一切一样。难道不是么？"
    },
    {
      "id": 50,
      "model": "동랑",
      "teller": "东朗",
      "title": "K公司 粮食资源改良部门",
      "content": "你也……不知道我与其中的哪位有过缘分。"
    }
  ]
}