{
  "dataList": [
    {
      "id": 0,
      "place": "K巢 脑叶公司支部内某处",
      "model": "단테",
      "content": "<貌似就快到了。>"
    },
    {
      "id": 1,
      "model": "단테",
      "content": "<我能在这附近感受到金枝的共鸣。>"
    },
    {
      "id": 2,
      "model": "파우스트",
      "content": "……看样子已经到附近了。"
    },
    {
      "id": 3,
      "model": "동랑",
      "teller": "东朗",
      "title": "K公司 粮食资源改良部门",
      "content": "太好了。我觉得那里多半还存放着我遗留的照片或者奖状之类的吧。"
    },
    {
      "id": 4,
      "model": "삼조",
      "teller": "三朝",
      "title": "K公司 粮食资源改良部门",
      "content": "当然也包括研究机密文件，东朗先生。"
    },
    {
      "id": 5,
      "model": "이상",
      "content": "……"
    },
    {
      "id": 6,
      "content": "李箱捡起了一个施伦妮掉在地板上的安瓿，默默地端详着。"
    },
    {
      "id": 7,
      "model": "동랑",
      "teller": "东朗",
      "title": "K公司 粮食资源改良部门",
      "content": "真是善良呢。明明已经没有捡起来的必要了。"
    },
    {
      "id": 8,
      "model": "이상",
      "content": "……一般无二。"
    },
    {
      "id": 9,
      "model": "이상",
      "content": "这再生安瓿……"
    },
    {
      "id": 10,
      "model": "이상",
      "content": "与先前同K公司战斗人员及机械争斗时，以实玛利女士被强制注射进体内的“崩解安瓿”，是同一种类型。"
    },
    {
      "id": 11,
      "model": "삼조",
      "teller": "三朝",
      "title": "K公司 粮食资源改良部门",
      "content": "那是叫做序列号的东西。是专门对安瓿进行分类的编号方式。如果前缀是O的话就代表原液……等等，我为什么要说明这种事。"
    },
    {
      "id": 12,
      "model": "이상",
      "content": "原液……注入以实玛利女士体内的“崩解安瓿”其实……本质上与再生安瓿没有差别吧。"
    },
    {
      "id": 13,
      "model": "동랑",
      "teller": "东朗",
      "title": "K公司 粮食资源改良部门",
      "content": "该怎么说呢，这个再生安瓿……是未经提纯的原液。与广泛应用的再生安瓿稍有区别。"
    },
    {
      "id": 14,
      "model": "이상",
      "content": "……"
    },
    {
      "id": 15,
      "model": "동랑",
      "teller": "东朗",
      "title": "K公司 粮食资源改良部门",
      "content": "你刚刚在思考什么？"
    },
    {
      "id": 16,
      "model": "이상",
      "content": "并没有。"
    },
    {
      "id": 17,
      "model": "동랑",
      "teller": "东朗",
      "title": "K公司 粮食资源改良部门",
      "content": "你是什么时候认出我的？"
    },
    {
      "id": 18,
      "model": "이상",
      "content": "从你展示饲育鸡群的场景时开始。"
    },
    {
      "id": 19,
      "model": "이상",
      "content": "仅在研究室内逛逛便足矣，你却特意向我们展示了隐秘的个人实验室……"
    },
    {
      "id": 20,
      "model": "동랑",
      "teller": "东朗",
      "title": "K公司 粮食资源改良部门",
      "content": "嗯。其他人姑且不论，我只是想向你堂堂正正地展示我的成果。"
    },
    {
      "id": 21,
      "model": "동랑",
      "teller": "东朗",
      "title": "K公司 粮食资源改良部门",
      "content": "但只是这样还是让人有些遗憾呢。与昔日的友人久别重逢，你本有很长的时间能跟我打个招呼吧。"
    },
    {
      "id": 22,
      "model": "이상",
      "content": "私以为，身边已再无故人了。"
    },
    {
      "id": 23,
      "model": "동랑",
      "teller": "东朗",
      "title": "K公司 粮食资源改良部门",
      "content": "你还是一点也没变呢。"
    },
    {
      "id": 24,
      "model": "동랑",
      "teller": "东朗",
      "title": "K公司 粮食资源改良部门",
      "content": "你从以前开始，就喜欢把珍贵的东西装在瓶子里观赏。"
    },
    {
      "id": 25,
      "model": "이상",
      "content": "而你总是想将它们展现于世，让人无法忍受。"
    },
    {
      "id": 26,
      "model": "돈키호테",
      "content": "汝刚刚称他为友人吗？李箱，汝在这次旅途中重逢的友人似乎很多啊！"
    },
    {
      "id": 27,
      "model": "돈키호테",
      "content": "之前汝也和那个……戴着墨镜的阴险之人有过照面不是吗！"
    },
    {
      "id": 28,
      "model": "동랑",
      "teller": "东朗",
      "title": "K公司 粮食资源改良部门",
      "content": "……"
    },
    {
      "id": 29,
      "model": "동랑",
      "teller": "东朗",
      "title": "K公司 粮食资源改良部门",
      "content": "啊哈。看样子你已经体会过重逢的喜悦了。所以和我之间的气氛才会这么尴尬吗。"
    },
    {
      "id": 30,
      "model": "동랑",
      "teller": "东朗",
      "title": "K公司 粮食资源改良部门",
      "content": "但是，这可如何是好。"
    },
    {
      "id": 31,
      "model": "동랑",
      "teller": "东朗",
      "title": "K公司 粮食资源改良部门",
      "content": "你似乎还有一个人要见。"
    },
    {
      "id": 32,
      "model": "단테",
      "content": "<什么意思？>"
    },
    {
      "id": 33,
      "model": "동랑",
      "teller": "东朗",
      "title": "K公司 粮食资源改良部门",
      "content": "我本以为因为施伦妮告密，组织成员们已经全部从这建筑里逃走了……"
    },
    {
      "id": 34,
      "model": "동랑",
      "teller": "东朗",
      "title": "K公司 粮食资源改良部门",
      "content": "但似乎并非如此。"
    },
    {
      "id": 35,
      "content": "伴随着令人窒息的花香四溢而出，某人登场了。"
    },
    {
      "id": 36,
      "content": "手握我所熟悉的那耀眼金枝。"
    },
    {
      "id": 37,
      "content": "她手中拿着一张古旧的黑白照片。"
    },
    {
      "id": 38,
      "model": "동백",
      "teller": "？？？",
      "title": "？？？",
      "content": "照片拍得真好。虽然世上只剩下这一张了。"
    },
    {
      "id": 39,
      "model": "동랑",
      "teller": "东朗",
      "title": "K公司 粮食资源改良部门",
      "content": "无论在哪儿，都没有一个朋友对久别重逢感到开心。"
    },
    {
      "id": 40,
      "model": "동랑",
      "teller": "东朗",
      "title": "K公司 粮食资源改良部门",
      "content": "能把照片还给我吗？虽然旁人可能看不出来，但那是我很珍惜的东西。"
    },
    {
      "id": 41,
      "model": "삼조",
      "teller": "三朝",
      "title": "K公司 粮食资源改良部门",
      "content": "东朗先生。请不要随便靠近，太危险了！"
    },
    {
      "id": 42,
      "model": "오티스",
      "content": "全体成员！不要急着上前！金枝可能被破坏……"
    },
    {
      "id": 43,
      "model": "뫼르소",
      "content": "我同意该判断。"
    },
    {
      "id": 44,
      "model": "파우스트",
      "content": "浮士德正在迅速思考回收的方法。"
    },
    {
      "id": 45,
      "model": "히스클리프",
      "content": "啧，怎么从刚刚开始全都是没法只靠打一棒子来解决的问题啊！真他妈恼火……"
    },
    {
      "id": 46,
      "content": "每个人都在为了各自的目的而叫喊着。"
    },
    {
      "id": 47,
      "content": "拿着金枝的那人不管不顾，只是向这里缓缓走来。"
    },
    {
      "id": 48,
      "content": "但那人并非是走向东朗……"
    },
    {
      "id": 49,
      "model": "동백",
      "teller": "？？？",
      "title": "？？？",
      "content": "清香、刺鼻的花香让我感到一阵眩晕，好像天塌地陷。"
    },
    {
      "id": 50,
      "model": "이상",
      "content": "……！"
    },
    {
      "id": 51,
      "content": "那人将手中的金枝刺进了李箱的胸口……"
    },
    {
      "id": 52,
      "content": "李箱的身体猛然倒在地上。"
    },
    {
      "id": 53,
      "model": "동백",
      "teller": "？？？",
      "title": "？？？",
      "content": "真没想到……你会在我的眼前选择他。"
    },
    {
      "id": 54,
      "model": "단테",
      "content": "<李箱！>"
    },
    {
      "id": 55,
      "model": "동백",
      "teller": "？？？",
      "title": "？？？",
      "content": "这个还给你。"
    },
    {
      "id": 56,
      "model": "동백",
      "teller": "冬柏",
      "title": "？？？",
      "content": "照片，不过是剥离瞬间所制成的物件。"
    },
    {
      "id": 57,
      "content": "即使染上了血，金枝依然闪耀着熠熠的光。"
    },
    {
      "id": 58,
      "content": "与那炫目的光相对的是……"
    },
    {
      "id": 59,
      "content": "褪色的黑白照片，缓慢地、悠然地飘落到地板上。"
    }
  ]
}