{
  "dataList": [
    {
      "id": 0,
      "model": "이상",
      "content": "<color=#d4e1e8>每当忆起那段时光，都感觉自己就像轻轻地飘浮着一样。</color>"
    },
    {
      "id": 1,
      "model": "이상",
      "content": "<color=#d4e1e8>是的，我以仿佛遨游天际的感觉，忍受着生活。</color>"
    },
    {
      "id": 2,
      "model": "이상",
      "content": "<color=#d4e1e8>由此，我不知自己是否有翼，亦或只是一个没有自知的愚人。</color>"
    },
    {
      "id": 3,
      "model": "과거동랑",
      "teller": "东朗",
      "title": "？？？",
      "content": "李箱，你又不睡觉光顾着研究了吗？我都已经提醒你好几次了再这样会猝死的。"
    },
    {
      "id": 4,
      "model": "과거동백",
      "teller": "冬柏",
      "title": "？？？",
      "content": "他与我们不同。他一旦专注于某事就会废寝忘食，你不记得吗？"
    },
    {
      "id": 5,
      "model": "과거동랑",
      "teller": "东朗",
      "title": "？？？",
      "content": "算了，冬柏。所以……你想在这次的朗术会中为我们展示什么呢？"
    },
    {
      "id": 6,
      "model": "과거동랑",
      "teller": "东朗",
      "title": "？？？",
      "content": "像那样不分昼夜只待在房间里，就算不想期待我也根本做不到啊。"
    },
    {
      "id": 7,
      "model": "과거이상",
      "teller": "李箱",
      "title": "？？？",
      "content": "这次……我试着制造了名为“镜”的事物。"
    },
    {
      "id": 8,
      "content": "<color=#d4e1e8>故而总恍惚不清。</color>"
    },
    {
      "id": 9,
      "content": "<color=#d4e1e8>我至今都无法确言，对那日抱有的是悔意，还是深深感慨。</color>"
    },
    {
      "id": 10,
      "place": "K巢 脑叶公司支部 主管办公室",
      "model": "단테",
      "content": "<……李箱先生……李箱！没事吧？>"
    },
    {
      "id": 11,
      "model": "이상",
      "content": "……"
    },
    {
      "id": 12,
      "content": "李箱缓缓睁开了双眼。"
    },
    {
      "id": 13,
      "content": "这些人的生命无足轻重，轻易便能死而复生。"
    },
    {
      "id": 14,
      "model": "이상",
      "content": "是啊……这次你也一如既往地回调了时间。"
    },
    {
      "id": 15,
      "model": "단테",
      "content": "<……>"
    },
    {
      "id": 16,
      "content": "金枝在贯穿他的胸口时，迸发出的耀眼金光暂时遮蔽了所有人的视野……"
    },
    {
      "id": 17,
      "content": "在那期间，冬柏已经不见踪影。"
    },
    {
      "id": 18,
      "content": "照片中相视而笑的人们现在已不知所踪，"
    },
    {
      "id": 19,
      "content": "只有东朗仿佛是为了回味目前的状况一般望着虚空。"
    },
    {
      "id": 20,
      "model": "동랑",
      "teller": "东朗",
      "title": "K公司 粮食资源改良部门",
      "content": "……冬柏一定是抱着刺伤我的目的等在这里的。"
    },
    {
      "id": 21,
      "model": "동랑",
      "teller": "东朗",
      "title": "K公司 粮食资源改良部门",
      "content": "虽然她可能通过施伦妮与兰前辈得知了我有除了K公司员工以外的协助者……"
    },
    {
      "id": 22,
      "model": "동랑",
      "teller": "东朗",
      "title": "K公司 粮食资源改良部门",
      "content": "但她并没想到李箱也在其中。"
    },
    {
      "id": 23,
      "model": "홍루",
      "content": "啊~所以是故意将李箱先生带到此处的吗？"
    },
    {
      "id": 24,
      "model": "동랑",
      "teller": "东朗",
      "title": "K公司 粮食资源改良部门",
      "content": "呃……你是以为我知道自己会被袭击所以才会带来肉盾吗？虽然我的预测能力非同一般，但也并非能够做到预知。"
    },
    {
      "id": 25,
      "model": "삼조",
      "teller": "三朝",
      "title": "K公司 粮食资源改良部门",
      "content": "就结果而言，这很好。那种攻击可是以夺走性命为目标的。"
    },
    {
      "id": 26,
      "model": "그레고르",
      "content": "啥……？什么……我们的同伴被刺死后又复生，你却在说什么这很好之类的话……"
    },
    {
      "id": 27,
      "model": "삼조",
      "teller": "三朝",
      "title": "K公司 粮食资源改良部门",
      "content": "我方没有需要进行人身伤害赔偿的责任，如果有心理上的问题的话，也可以提出申请，不过那个处理手续可相当繁琐，还请充分考虑……"
    },
    {
      "id": 28,
      "model": "그레고르",
      "content": "不是，所以说现在你说的这些话……"
    },
    {
      "id": 29,
      "model": "이상",
      "content": "罢了。"
    },
    {
      "id": 30,
      "model": "이상",
      "content": "已经不再疼痛了。所以就此结束吧。"
    },
    {
      "id": 31,
      "content": "只要回拨时钟，一切就会复原。"
    },
    {
      "id": 32,
      "content": "不论是被撕碎的衣物，还是血迹，甚至连最微小的伤痕都不会留下。"
    },
    {
      "id": 33,
      "content": "但是这并不等于一切都不曾发生过。"
    },
    {
      "id": 34,
      "content": "正因为如此，我问道。"
    },
    {
      "id": 35,
      "model": "단테",
      "content": "<李箱，你确定真的没事吗？>"
    },
    {
      "id": 36,
      "content": "之前李箱用“没错”之类的回答应付过去了，所以我没能进一步的追问……"
    },
    {
      "id": 37,
      "content": "可那个名为仇甫的人，不也是以朋友相称，却将他连同罪人们一起给砍了吗。"
    },
    {
      "id": 38,
      "model": "이상",
      "content": "看来，你一定对此颇为好奇。"
    },
    {
      "id": 39,
      "content": "这次，他似乎没有要敷衍了事的想法。"
    },
    {
      "id": 40,
      "model": "이상",
      "content": "曾经，我身处名为九人会的团体之中。仇甫，东朗，刺穿我胸膛的冬柏。经理，正是与你所见识过的那几人一起。"
    },
    {
      "id": 41,
      "model": "이상",
      "content": "但是有一天，它支离破碎，分崩离析。于是人们各奔前程，四处飞散。"
    },
    {
      "id": 42,
      "model": "이상",
      "content": "仅此而已。"
    },
    {
      "id": 43,
      "model": "로쟈",
      "content": "什么啊~与其说是仅此而已，倒不如说省略掉了很多内容吧？"
    },
    {
      "id": 44,
      "model": "로쟈",
      "content": "发生了这样那样的事情分开之后，又因为某些缘故变成了拔刀相向的关系~是这样的吗？"
    },
    {
      "id": 45,
      "model": "싱클레어",
      "content": "或者有可能他们从一开始就不是朋友。"
    },
    {
      "id": 46,
      "model": "이상",
      "content": "仅仅是瞬间而已。正因为是瞬间，故而以此表达非常贴切。"
    },
    {
      "id": 47,
      "content": "他的话变多了。不对，虽然目前还没有那么啰嗦，但可以感觉到他接下来就要变啰嗦了。"
    },
    {
      "id": 48,
      "content": "不知何时……浮士德说他原本并不寡言的话，从我脑海中闪过。"
    },
    {
      "id": 49,
      "model": "단테",
      "content": "<李箱，你真的确定你没事吗？>"
    },
    {
      "id": 50,
      "model": "이상",
      "content": "我向来是没事的。"
    },
    {
      "id": 51,
      "content": "如果说他原本就是如此，那说不定现在真的没事。"
    },
    {
      "id": 52,
      "content": "但是，我的直觉仍然告诉我担心他的安危才是正确之举。"
    },
    {
      "id": 53,
      "model": "단테",
      "content": "<所以说，你最近有没有……最为高兴或者难过的瞬间之类的？>"
    },
    {
      "id": 54,
      "model": "이상",
      "content": "……唯独今天你对我颇为关心。虽然这并不令人欣喜……但既然你的举止与往常相异，我将对此作答。"
    },
    {
      "id": 55,
      "model": "이상",
      "content": "硬要说的话，最近最为高兴的事情是……举办朗术会的时候。"
    },
    {
      "id": 56,
      "model": "이상",
      "content": "而最为绝望的瞬间……"
    },
    {
      "id": 57,
      "model": "이상",
      "content": "是在第一次与你相遇的那片森林。"
    },
    {
      "id": 58,
      "model": "이상",
      "content": "在那里，我那毋庸置疑已经逝去的生命，再度重生的瞬间。"
    },
    {
      "id": 59,
      "model": "이상",
      "content": "以及现在。意识到这种复生是如此完美无缺，一成不变的此刻。"
    },
    {
      "id": 60,
      "model": "이상",
      "content": "如何，这算是作答了吗？"
    },
    {
      "id": 61,
      "model": "단테",
      "content": "<……>"
    },
    {
      "id": 62,
      "model": "이상",
      "content": "现在，我们该上路了吧？前路漫漫。"
    },
    {
      "id": 63,
      "content": "突然间……"
    },
    {
      "id": 64,
      "content": "好像只有我看得到。"
    },
    {
      "id": 65,
      "content": "虽然被完美的弥合，但又被完美的洞穿……"
    },
    {
      "id": 66,
      "content": "不论怎么看，都看不出曾被弥合过的，那开在他那胸膛上的窟窿。"
    }
  ]
}