{
  "dataList": [
    {
      "id": 0,
      "place": "K巢 脑叶公司支部 主管办公室",
      "model": "삼조",
      "teller": "三朝",
      "title": "K公司 粮食资源改良部门",
      "content": "哎呀……"
    },
    {
      "id": 1,
      "model": "삼조",
      "teller": "三朝",
      "title": "K公司 粮食资源改良部门",
      "content": "这个支部似乎安装了无线电通讯设备。"
    },
    {
      "id": 2,
      "content": "他的手机像是着火一样，不断传来震动的声音。"
    },
    {
      "id": 3,
      "model": "삼조",
      "teller": "三朝",
      "title": "K公司 粮食资源改良部门",
      "content": "是的，我明白。现在马上回去。"
    },
    {
      "id": 4,
      "model": "삼조",
      "teller": "三朝",
      "title": "K公司 粮食资源改良部门",
      "content": "实验室好像又被袭击了。"
    },
    {
      "id": 5,
      "model": "삼조",
      "teller": "三朝",
      "title": "K公司 粮食资源改良部门",
      "content": "据说恐怖分子的数量有所增加，攻势似乎比之前更猛烈。"
    },
    {
      "id": 6,
      "model": "오티스",
      "content": "之前的骚动是故意把我们留在这里的诱饵吗。"
    },
    {
      "id": 7,
      "model": "오티스",
      "content": "切……要不是你们有人跟他们串通一气，这是完全可以避免的。"
    },
    {
      "id": 8,
      "content": "奥提斯发起了脾气。"
    },
    {
      "id": 9,
      "model": "싱클레어",
      "content": "感觉有点奇怪……明明来到脑叶公司支部，却连一个异想体都没有遇到，这还是头一次。"
    },
    {
      "id": 10,
      "model": "홍루",
      "content": "是啊。异想体们都维持着卵的形态，还真是不可思议。"
    },
    {
      "id": 11,
      "model": "히스클리프",
      "content": "那些叫技术解放……什么的家伙们看来是有什么能够不费吹灰之力就把些异想体变回卵的能力啊？"
    },
    {
      "id": 12,
      "model": "파우스트",
      "content": "具体情况要亲眼看过才知道……不过，如果那些人真的拥有能够将异想体变回卵的技术……"
    },
    {
      "id": 13,
      "model": "파우스트",
      "content": "很显然，他们可能还有在那之上的更多技术。"
    },
    {
      "id": 14,
      "model": "그레고르",
      "content": "嗯嗯，这下可得小心了，东朗先生……浮士德小姐可不是会随便说出这么不吉利的话的人。"
    },
    {
      "id": 15,
      "model": "동랑",
      "teller": "东朗",
      "title": "K公司 粮食资源改良部门",
      "content": "事情总会有转机的。这里有K公司最优秀的研究员……以及在那之上的，都市里首屈一指的两位天才，不是吗。"
    }
  ]
}