{
  "dataList": [
    {
      "id": 0,
      "place": "K公司研究所大厅",
      "content": "刚回到大厅，我们就看到惊慌失措的员工向着东朗和三朝跑来。"
    },
    {
      "id": 1,
      "model": "K사연구원3",
      "teller": "慌忙的研究员",
      "title": "K公司研究所",
      "content": "东朗先生……请等一下！"
    },
    {
      "id": 2,
      "model": "동랑",
      "teller": "东朗",
      "title": "K公司 粮食资源改良部门",
      "content": "哈哈，大家脸色都青了。啊，失陪一下。"
    },
    {
      "id": 3,
      "model": "단테",
      "content": "<局势好像还挺紧迫的，我们就这么傻站在这里总觉得有点尴尬……>"
    },
    {
      "id": 4,
      "content": "正当我说着一些毫无意义的话在大厅闲逛时，堂吉诃德踩着小碎步向某处走去。"
    },
    {
      "id": 5,
      "model": "돈키호테",
      "content": "哦吼，此乃何书？其上图画正在熠熠生辉！"
    },
    {
      "id": 6,
      "content": "堂吉诃德哼着歌，平静地从中抽出一本童话书。"
    },
    {
      "id": 7,
      "content": "我偷偷看了一眼堂吉诃德翻开的那本童话。"
    },
    {
      "id": 8,
      "content": "李箱似乎也在意着什么，转头望向了书……"
    },
    {
      "id": 9,
      "content": "很快，金色的雾弥漫开来。"
    },
    {
      "id": 10,
      "content": "<i>很久很久以前，在所有人都低头注视地面生活的时代里，有一个眺望天空的人。</i>"
    },
    {
      "id": 11,
      "content": "<i>映照在那人眼中的，是于天空中闪烁的群星。</i>"
    },
    {
      "id": 12,
      "content": "<i>那人将这些无名的、没有人注目的群星相连，</i>"
    },
    {
      "id": 13,
      "content": "<i>赋予它们名字，随心所欲地为它们编写故事。</i>"
    },
    {
      "id": 14,
      "content": "<i>故事就像没有尽头的线团一般；</i>"
    },
    {
      "id": 15,
      "content": "<i>为了在没有意义的事物中找到意义而编织、而描绘。</i>"
    },
    {
      "id": 16,
      "content": "<i>世间欢乐与悲伤的故事，时常萦绕在夜空之中。</i>"
    },
    {
      "id": 17,
      "content": "<i>有一天，他的家人得了一场重病，眼看着便要死去。</i>"
    },
    {
      "id": 18,
      "content": "<i>一如既往地，他向着天空讲述着自己悲伤的故事。</i>"
    },
    {
      "id": 19,
      "content": "<i>然后……</i>"
    },
    {
      "id": 20,
      "content": "<i>然后，有一滴水落到他的头上。</i>"
    },
    {
      "id": 21,
      "content": "<i>那人抬头望去，发现星座正在与他说话。</i>"
    },
    {
      "id": 22,
      "content": "<i>“给予我名字，为我编织故事之人啊，通过你，我才能坠落到地上，在时间的流逝中，充分感受这整个世界。”</i>"
    },
    {
      "id": 23,
      "content": "<i>“星星可以实现你的愿望，你知道吗？”</i>"
    },
    {
      "id": 24,
      "content": "<i>“我流下的泪水会洗去你的痛苦。”</i>"
    },
    {
      "id": 25,
      "content": "<i>之后，全世界下了一天半的雨。</i>"
    },
    {
      "id": 26,
      "content": "<i>被那雨水淋到的人们，身上所有的病痛都痊愈了。</i>"
    },
    {
      "id": 27,
      "content": "<i>那人生病的家人也恢复了健康。</i>"
    },
    {
      "id": 28,
      "content": "<i>从此之后，那人和自己的家人，以及都市的居民们，每晚都仰望天空，诉说着幸福的故事。”</i>"
    },
    {
      "id": 29,
      "model": "이스마엘",
      "content": "原来如此。我听说K巢的习俗之一，是在每年特定月份的雨夜，人们会不打雨伞而自愿被雨淋湿……"
    },
    {
      "id": 30,
      "model": "이스마엘",
      "content": "……难道说，又只有我一个人知道这件事吗？你们到现在都没人看过K巢和后巷的出行指南吗？谁都没有？"
    },
    {
      "id": 31,
      "model": "로쟈",
      "content": "啊，那个啊……之前拿去打虫子了……我可能得要份新的……"
    },
    {
      "id": 32,
      "model": "이스마엘",
      "content": "罗佳小姐，现在可不是开玩笑的时候？！"
    },
    {
      "id": 33,
      "content": "罗佳的表情看起来完全没有在开玩笑，但似乎只有以实玛利没有注意到这点。"
    },
    {
      "id": 34,
      "model": "싱클레어",
      "content": "不过这个故事……会不会和再生安瓿有些联系呢？"
    },
    {
      "id": 35,
      "model": "싱클레어",
      "content": "那场可以治愈人们的雨……"
    },
    {
      "id": 36,
      "model": "그레고르",
      "content": "那……你是说那些东西，是由源自于星星的雨水做成的？"
    },
    {
      "id": 37,
      "model": "로쟈",
      "content": "不，之前说过那不是水……而是纳米机器人吧？"
    },
    {
      "id": 38,
      "model": "단테",
      "content": "<浮士德，对此你怎么看？>"
    },
    {
      "id": 39,
      "model": "파우스트",
      "content": "我是一名研究者。相比于隐喻，我更相信基于事实的判断。"
    },
    {
      "id": 40,
      "model": "파우스트",
      "content": "像这种……所谓对星与云的观察和解释的领域，李箱先生应该比我要更加了解。"
    },
    {
      "id": 41,
      "model": "파우스트",
      "content": "我和他虽然都是研究者，但也存在不同之处。"
    },
    {
      "id": 42,
      "model": "이상",
      "content": "……"
    },
    {
      "id": 43,
      "model": "동랑",
      "teller": "东朗",
      "title": "K公司 粮食资源改良部门",
      "content": "我们得抓紧上去看看。情况似乎相当严峻了。"
    },
    {
      "id": 44,
      "model": "동랑",
      "teller": "东朗",
      "title": "K公司 粮食资源改良部门",
      "content": "看来这次不仅是研究室，甚至连实验室也被他们入侵了。"
    },
    {
      "id": 45,
      "model": "돈키호테",
      "content": "嗯？如此困境之下，此处是否显得过于和平？甚至不曾有仓皇逃命之人！"
    },
    {
      "id": 46,
      "model": "삼조",
      "teller": "三朝",
      "title": "K公司 粮食资源改良部门",
      "content": "疏散命令应该已经下达了。但是，如各位上次所见，由于这并非本周第一次进行疏散，他们或许是担忧反复如此，会对每周工作70小时的工作制度产生不利影响。"
    },
    {
      "id": 47,
      "model": "단테",
      "content": "<在这种地方工作……真是不容易啊……>"
    },
    {
      "id": 48,
      "model": "오티스",
      "content": "我不明白。这次袭击怎么可能发生？这里的结构看起来并不像是能在不被发现的情况下被人潜入实验室的样子。"
    },
    {
      "id": 49,
      "model": "동랑",
      "teller": "东朗",
      "title": "K公司 粮食资源改良部门",
      "content": "没时间了，让我们边走边说明吧。"
    },
    {
      "id": 50,
      "model": "료슈",
      "content": "异议。"
    },
    {
      "id": 51,
      "model": "료슈",
      "content": "说出一个我们得一起上去的理由。"
    },
    {
      "id": 52,
      "model": "뫼르소",
      "content": "嗯。合同条件已完成。"
    },
    {
      "id": 53,
      "model": "동랑",
      "teller": "东朗",
      "title": "K公司 粮食资源改良部门",
      "content": "没错，但是即便我想要交给你们，金枝也已经在眼前被夺走了。"
    },
    {
      "id": 54,
      "model": "료슈",
      "content": "呼……吵·猪·折·脖……"
    },
    {
      "id": 55,
      "model": "로쟈",
      "content": "这……真的没问题吗？那个……合同上是怎么写的啊？"
    },
    {
      "id": 56,
      "model": "삼조",
      "teller": "三朝",
      "title": "K公司 粮食资源改良部门",
      "content": "嗯……不好说，我对法条这方面不太了解……"
    },
    {
      "id": 57,
      "content": "一直以来从不落下风的三朝，突然开始擦拭起眼镜来。"
    },
    {
      "id": 58,
      "model": "료슈",
      "content": "三·答。"
    },
    {
      "id": 59,
      "model": "싱클레어",
      "content": "三朝先生……她让您回答……"
    },
    {
      "id": 60,
      "model": "삼조",
      "teller": "三朝",
      "title": "K公司 粮食资源改良部门",
      "content": "嗯？"
    },
    {
      "id": 61,
      "model": "료슈",
      "content": "三·打……！"
    },
    {
      "id": 62,
      "model": "싱클레어",
      "content": "三、三朝先生……她这次说要打爆您的头……！"
    },
    {
      "id": 63,
      "model": "료슈",
      "content": "错了。我说现在就要打爆他的头。"
    },
    {
      "id": 64,
      "model": "삼조",
      "teller": "三朝",
      "title": "K公司 粮食资源改良部门",
      "content": "事、事态紧急，紧急啊！！！赶紧上去吧！"
    },
    {
      "id": 65,
      "model": "단테",
      "content": "<我、我们先赶紧上去吧，良秀……>"
    },
    {
      "id": 66,
      "model": "료슈",
      "content": "万·短·至·艺……我一定会展示出来。"
    },
    {
      "id": 67,
      "content": "三朝慌忙地把我们送了上去。"
    },
    {
      "id": 68,
      "place": "混乱不堪的K公司研究所走廊",
      "content": "几个小时前还整洁又平静的走廊……"
    },
    {
      "id": 69,
      "content": "现在已经一片混乱，充斥着尖叫声与四散逃窜的人群。"
    },
    {
      "id": 70,
      "content": "一名研究员正哭泣着，在一名技术解放联盟成员的身前苦苦哀求。"
    },
    {
      "id": 71,
      "model": "K사연구원2",
      "teller": "濒死的研究员",
      "title": "K公司 粮食资源改良部门",
      "content": "帮帮我……东朗先生……救救我吧……"
    },
    {
      "id": 72,
      "model": "동랑",
      "teller": "东朗",
      "title": "K公司 粮食资源改良部门",
      "content": "我的职员……正在求救，你不考虑放开他们吗？"
    },
    {
      "id": 73,
      "model": "동랑",
      "teller": "东朗",
      "title": "K公司 粮食资源改良部门",
      "content": "如果你想要的是情报，我现在就提供给你。我们原计划明天出去员工聚餐，而且我们预定的那家餐馆提供非常美味的肉食。"
    },
    {
      "id": 74,
      "model": "동랑",
      "teller": "东朗",
      "title": "K公司 粮食资源改良部门",
      "content": "如果明天迎接我们的味道，不是烤架上的肉香，而是葬礼上的熏香，那可就真是太不幸了，不是吗？"
    },
    {
      "id": 75,
      "model": "기술해방연합1",
      "teller": "联盟成员",
      "title": "技术解放联盟",
      "content": "情报？我们不需要。"
    },
    {
      "id": 76,
      "model": "히스클리프",
      "content": "呵，你现在就这么手无寸铁地走进来？那些帮你们这群弱鸡打架的机器人去哪了？"
    },
    {
      "id": 77,
      "model": "기술해방연합1",
      "teller": "联盟成员",
      "title": "技术解放联盟",
      "content": "我们也没有带上我们的机器人的必要。"
    },
    {
      "id": 78,
      "model": "기술해방연합1",
      "teller": "联盟成员",
      "title": "技术解放联盟",
      "content": "这里看起来有不少好东西。"
    },
    {
      "id": 79,
      "model": "오티스",
      "content": "……你是想？"
    },
    {
      "id": 80,
      "model": "검문소경비2",
      "teller": "2级摘除人员",
      "title": "K公司",
      "content": "我们的指令是抹除恐怖分子。目标：所有部门。"
    },
    {
      "id": 81,
      "model": "이스마엘",
      "content": "呼。我们的人比他们要多得多。虽然有点不公平，但……看起来我们能轻松取得胜利？"
    },
    {
      "id": 82,
      "model": "기술해방연합1",
      "teller": "联盟成员",
      "title": "技术解放联盟",
      "content": "兰小姐的专长是黑入并劫持机器。"
    },
    {
      "id": 83,
      "model": "기술해방연합1",
      "teller": "联盟成员",
      "title": "技术解放联盟",
      "content": "相比于战斗，她更擅长黑客入侵。"
    },
    {
      "id": 84,
      "model": "K사앰플기계",
      "teller": "安瓿助手",
      "title": "K公司",
      "content": "欢迎。这里是将您的安全放在首位的K公司。"
    },
    {
      "id": 85,
      "model": "검문소경비",
      "teller": "2级摘除人员",
      "title": "K公司",
      "content": "啊，等下……什么……"
    },
    {
      "id": 86,
      "model": "K사앰플기계",
      "teller": "安瓿助手",
      "title": "K公司",
      "content": "为了所有人的安全，根据监管规定，试图逃离战场的逃兵将被注射崩解安瓿。如果你离开以120米为半径的作战区域，安瓿就会发射；你目前距离边缘49米。"
    },
    {
      "id": 87,
      "model": "검문소경비",
      "teller": "2级摘除人员",
      "title": "K公司",
      "content": "……呃……"
    },
    {
      "id": 88,
      "model": "해킹당한K사앰플기계",
      "teller": "安瓿助手",
      "title": "K公司",
      "content": "如果你在接下来的5秒内没有攻击敌人，将根据监管规则进行注射崩解安瓿处理。还剩4秒。"
    },
    {
      "id": 89,
      "model": "단테",
      "content": "<等下，我们……现在成了敌人吗？>"
    },
    {
      "id": 90,
      "model": "검문소경비",
      "teller": "2级摘除人员",
      "title": "K公司",
      "content": "妈的……我别无选择……"
    },
    {
      "id": 91,
      "model": "뫼르소",
      "content": "……！"
    },
    {
      "id": 92,
      "model": "돈키호테",
      "content": "为什么……！"
    },
    {
      "id": 93,
      "model": "검문소경비",
      "teller": "2级摘除人员",
      "title": "K公司",
      "content": "我……不想被注入崩解安瓿。我想活下去……"
    },
    {
      "id": 94,
      "model": "해킹당한K사앰플기계",
      "teller": "安瓿助手",
      "title": "K公司",
      "content": "当前状态：状态正常，未检测到逃兵。请有序排队等候领取再生安瓿。"
    },
    {
      "id": 95,
      "model": "뫼르소",
      "content": "……是吗。"
    },
    {
      "id": 96,
      "model": "오티스",
      "content": "他们在天平上权衡自己与我们的生命，这跟我们所做的并没有什么不同。请允许我们应战。"
    },
    {
      "id": 97,
      "model": "단테",
      "content": "<……明白了。>"
    }
  ]
}