{
  "dataList": [
    {
      "id": 0,
      "place": "混乱不堪的K公司研究所走廊",
      "model": "히스클리프",
      "content": "我收回说你们没胆子的那句话。真亏你们没趁我们跟那些玩意玩得尽兴的时候逃走啊。"
    },
    {
      "id": 1,
      "model": "기술해방연합1",
      "teller": "联盟成员",
      "title": "技术解放联盟",
      "content": "……"
    },
    {
      "id": 2,
      "model": "히스클리프",
      "content": "现在你们死定了。一群只知道剽窃的微不足道的书呆子……"
    },
    {
      "id": 3,
      "model": "기술해방연합1",
      "teller": "联盟成员",
      "title": "技术解放联盟",
      "content": "说的没错。"
    },
    {
      "id": 4,
      "model": "각성기술해방연합1",
      "teller": "联盟成员",
      "title": "技术解放联盟",
      "content": "所以这次从脑叶公司支部带来了点新鲜的东西。"
    }
  ]
}