{
  "dataList": [
    {
      "id": 0,
      "place": "混乱不堪的K公司研究所走廊",
      "model": "그레고르",
      "content": "喂，不觉得有些不对劲吗？"
    },
    {
      "id": 1,
      "model": "그레고르",
      "content": "那个叫E.G.O的玩意，原来可以像那样一直维持使用状态吗？我可不知道还能这样。"
    },
    {
      "id": 2,
      "model": "그레고르",
      "content": "大家不是也都知道吗。E.G.O不是万能道具之类的东西。要保持不失去理智……可是十分费劲。"
    },
    {
      "id": 3,
      "model": "로쟈",
      "content": "还有那谁不是那么说过的嘛？这些家伙……不都是些研究员出身吗……！能比我们还熟练地运用E.G.O，简直太不像话了吧？"
    },
    {
      "id": 4,
      "model": "오티스",
      "content": "这与是否熟练于战斗是另一个层次的问题。"
    },
    {
      "id": 5,
      "model": "오티스",
      "content": "毫无疑问……是耍了什么花招。"
    },
    {
      "id": 6,
      "model": "파우스트",
      "content": "倒是能想到一种可能性。"
    },
    {
      "id": 7,
      "model": "파우스트",
      "content": "如果他们将异想体修复回卵的形态，然后像脑叶公司那样找到了发现E.G.O的方法……"
    },
    {
      "id": 8,
      "model": "파우스트",
      "content": "也就是说，使用金枝的逆卡巴拉抑制力进行了抑制侵蚀的训练或是对其条件进行了反复的研究的话……"
    },
    {
      "id": 9,
      "model": "파우스트",
      "content": "即使是在短期内，也可以做到不受侵蚀的影响并熟练地使用E.G.O。"
    },
    {
      "id": 10,
      "model": "파우스트",
      "content": "那些人使用的既是E.G.O，也是被压缩、抑制后被加工成的具有泛用性的道具。"
    },
    {
      "id": 11,
      "model": "그레고르",
      "content": "那么说……脑叶公司也是……"
    },
    {
      "id": 12,
      "model": "파우스트",
      "content": "是的，在那里使用E.G.O的大多都是一般员工，而非收尾人。"
    },
    {
      "id": 13,
      "model": "파우스트",
      "content": "当然，我们使用的E.G.O并非脑叶公司曾使用的那种精炼的E.G.O。"
    },
    {
      "id": 14,
      "model": "이스마엘",
      "content": "稍等，稍等一下，使用着金枝的逆卡巴拉抑制力的意思也就是说，现在这附近……"
    },
    {
      "id": 15,
      "model": "그레고르",
      "content": "……看来是在的意思。那个持有金枝的名叫冬柏的人……"
    },
    {
      "id": 16,
      "model": "오티스",
      "content": "事到如今不得不去怀疑这里的安保水准了。恐怖分子的队长正在这里的某处光明正大地散着步，但却没有一个人能发现。"
    },
    {
      "id": 17,
      "model": "삼조",
      "teller": "三朝",
      "title": "K公司 粮食资源改良部门",
      "content": "我反驳……虽然想这么说，但看来没有合适的话可说了。我也没想到会这么容易被突破……"
    },
    {
      "id": 18,
      "model": "동랑",
      "teller": "东朗",
      "title": "K公司 粮食资源改良部门",
      "content": "毕竟技术解放联盟是由那些有点名气的公司里退职的研究员们组成的团体。"
    },
    {
      "id": 19,
      "model": "돈키호테",
      "content": "原来如此……都是些聪明的恶人。不对，聪明人也可能成为恶人吗？嗯……好混乱啊……好混乱……"
    },
    {
      "id": 20,
      "model": "삼조",
      "teller": "三朝",
      "title": "K公司 粮食资源改良部门",
      "content": "请不要过于感叹。如果有那么明智的话就不会从好好的大企业辞职，转而加入这种恐怖组织了。"
    },
    {
      "id": 21,
      "model": "이스마엘",
      "content": "或许是因为那与他们所愿的人生相悖。"
    }
  ]
}