{
  "dataList": [
    {
      "id": 0,
      "place": "混乱不堪的K公司研究所走廊",
      "model": "동랑",
      "teller": "东朗",
      "title": "K公司 粮食资源改良部门",
      "content": "这下难办了。别的地方倒好，但是那里被攻击的话会出不少差错的……"
    },
    {
      "id": 1,
      "model": "삼조",
      "teller": "三朝",
      "title": "K公司 粮食资源改良部门",
      "content": "东朗先生，是阿方索董事的紧急呼叫。"
    },
    {
      "id": 2,
      "model": "동랑",
      "teller": "东朗",
      "title": "K公司 粮食资源改良部门",
      "content": "啊……要挨训了。三朝先生能不能替我接一下呢？"
    },
    {
      "id": 3,
      "model": "삼조",
      "teller": "三朝",
      "title": "K公司 粮食资源改良部门",
      "content": "已经有在这么干了。但我觉得董事的耐心也到了极限。"
    },
    {
      "id": 4,
      "model": "동랑",
      "teller": "东朗",
      "title": "K公司 粮食资源改良部门",
      "content": "啊……那不行了。容我离开片刻。"
    },
    {
      "id": 5,
      "content": "在东朗离开期间，一名尚未逃难的员工映入眼帘，他惴惴不安地在走廊远处徘徊。"
    },
    {
      "id": 6,
      "model": "오티스",
      "content": "请您看好，经理。如果看见在危急情况下还这样到处乱晃的手下的话……"
    },
    {
      "id": 7,
      "model": "오티스",
      "content": "那么极有可能是可以提供有用情报的人物。利用此人为妙。"
    },
    {
      "id": 8,
      "model": "오티스",
      "content": "喂，我们是来解决骚动的外部合作企业的员工。发生什么事了？"
    },
    {
      "id": 9,
      "model": "K사연구원1",
      "teller": "惴惴不安的员工",
      "title": "K公司研究所",
      "content": "那、那个，我从刚才开始就找不到施伦妮队长。得让她赶紧避难才行……"
    },
    {
      "id": 10,
      "model": "K사연구원1",
      "teller": "惴惴不安的员工",
      "title": "K公司研究所",
      "content": "电脑也开着不管……到底去哪了……"
    },
    {
      "id": 11,
      "model": "싱클레어",
      "content": "啊……其实施伦妮小姐……"
    },
    {
      "id": 12,
      "model": "오티스",
      "content": "明白了，我们去找找看。你先去避难吧。"
    },
    {
      "id": 13,
      "model": "K사연구원1",
      "teller": "惴惴不安的员工",
      "title": "K公司研究所",
      "content": "谢谢你。"
    },
    {
      "id": 14,
      "model": "오티스",
      "content": "好，那个叫施伦妮的恐怖分子们的内线已经被除掉了，但是内部的氛围仍然动荡不安且电脑保持着开机状态。"
    },
    {
      "id": 15,
      "model": "오티스",
      "content": "这是完美的战术优势。甚至没有消耗战力。"
    },
    {
      "id": 16,
      "content": "可能是因为心满意足，奥提斯的语气比平时更加激昂……但貌似并没有人在意这点。"
    },
    {
      "id": 17,
      "model": "이스마엘",
      "content": "那位施伦妮的电脑……密码是“我好想你兰前辈”来着……"
    },
    {
      "id": 18,
      "model": "단테",
      "content": "<也说过她和叫兰的人有过紧密的邮件往来……>"
    },
    {
      "id": 19,
      "model": "단테",
      "content": "<如果走运，我们说不定能在电脑上找到还没来得及发送的邮件。>"
    },
    {
      "id": 20,
      "model": "단테",
      "content": "<也能了解到技术解放联盟到底是干什么的。>"
    },
    {
      "id": 21,
      "model": "오티스",
      "content": "理解能力不错。真没想到……不不，不愧是……我的经理。"
    },
    {
      "id": 22,
      "model": "그레고르",
      "content": "好好好，但问题是怎么潜入那里……我们中有谁能最不被怀疑并自然地完成这个任务呢……"
    },
    {
      "id": 23,
      "model": "단테",
      "content": "<能不被怀疑，并一直保持一副扑克脸的罪人的话……>"
    },
    {
      "id": 24,
      "model": "돈키호테",
      "content": "只要愿意交给鄙人，这次必定……！"
    },
    {
      "id": 25,
      "model": "단테",
      "content": "<默尔索！办得到吗？>"
    },
    {
      "id": 26,
      "model": "뫼르소",
      "content": "……只要您指示。"
    },
    {
      "id": 27,
      "model": "단테",
      "content": "<嗯，拜托你了。>"
    }
  ]
}