{
  "dataList": [
    {
      "id": 0,
      "place": "混乱不堪的K公司研究所走廊",
      "model": "뫼르소",
      "content": "我回来了。"
    },
    {
      "id": 1,
      "model": "뫼르소",
      "content": "施伦妮的邮箱内有一封值得阅读的邮件。"
    },
    {
      "id": 2,
      "model": "뫼르소",
      "content": "只是当时的环境不适合打印，所以我将其全部记忆了。"
    },
    {
      "id": 3,
      "model": "뫼르소",
      "content": "“希望您一切安好，前辈。左括号、星星、泪水、泪水、以及波浪号与脱字符、脱字符……闭括号。”"
    },
    {
      "id": 4,
      "model": "단테",
      "content": "<这、这些部分你可以省略掉的……>"
    },
    {
      "id": 5,
      "model": "뫼르소",
      "content": "明白了。我会省略掉那些不太重要的标点符号。"
    },
    {
      "id": 6,
      "model": "뫼르소",
      "content": "“我虽然想查清楚前辈说的是不是真的，但是因为那个该死的家伙，导致我很难接近。”"
    },
    {
      "id": 7,
      "model": "슈렌느",
      "teller": "施伦妮",
      "title": "K公司研究所",
      "content": "“即使我已经升职成队长了，他们还是没让我加入……就因为我没领到那个最佳员工奖。”"
    },
    {
      "id": 8,
      "model": "슈렌느",
      "teller": "施伦妮",
      "title": "K公司研究所",
      "content": "“而且不知道那家伙有何企图，他似乎从外面找了帮手。”"
    },
    {
      "id": 9,
      "model": "슈렌느",
      "teller": "施伦妮",
      "title": "K公司研究所",
      "content": "“听说他们来自一个新生公司，但我没法确认他们是什么样的人。我猜，他们一定都和那家伙一样狂妄自大吧。”"
    },
    {
      "id": 10,
      "model": "슈렌느",
      "teller": "施伦妮",
      "title": "K公司研究所",
      "content": "“就算……就算这样我们还是会按照原计划行动。”"
    },
    {
      "id": 11,
      "model": "슈렌느",
      "teller": "施伦妮",
      "title": "K公司研究所",
      "content": "“所以说我们……会回到光辉的过去的。”"
    },
    {
      "id": 12,
      "model": "슈렌느",
      "teller": "施伦妮",
      "title": "K公司研究所",
      "content": "“说实话，我过去最辉煌的时刻，是加入公司后第一次见到前辈您的时刻。”"
    },
    {
      "id": 13,
      "model": "슈렌느",
      "teller": "施伦妮",
      "title": "K公司研究所",
      "content": "“但我们的目标更加远大，不是吗。”"
    },
    {
      "id": 14,
      "model": "슈렌느",
      "teller": "施伦妮",
      "title": "K公司研究所",
      "content": "“所以，就让我们在那里再会吧。”"
    },
    {
      "id": 15,
      "model": "슈렌느",
      "teller": "施伦妮",
      "title": "K公司研究所",
      "content": "“在那个由于技术不复存在，而使得一切都变得更为辉煌的过去。”"
    },
    {
      "id": 16,
      "model": "슈렌느",
      "teller": "施伦妮",
      "title": "K公司研究所",
      "content": "“在那里，翅膀未被切下的鸡群将在草地上自在地飞翔。”"
    },
    {
      "id": 17,
      "model": "슈렌느",
      "teller": "施伦妮",
      "title": "K公司研究所",
      "content": "“当有人失去了手臂，大家都会安慰他……”"
    },
    {
      "id": 18,
      "model": "슈렌느",
      "teller": "施伦妮",
      "title": "K公司研究所",
      "content": "“并且学会如何在没有手臂的情况下继续共同生活吧。”"
    },
    {
      "id": 19,
      "model": "슈렌느",
      "teller": "施伦妮",
      "title": "K公司研究所",
      "content": "“丰足的食物、繁荣的文明，虽然我们现在享受着的一切资源都会消失不见……”"
    },
    {
      "id": 20,
      "model": "슈렌느",
      "teller": "施伦妮",
      "title": "K公司研究所",
      "content": "“在那个什么都没有的地方……我们可以漫步一整天。”"
    },
    {
      "id": 21,
      "model": "슈렌느",
      "teller": "施伦妮",
      "title": "K公司研究所",
      "content": "“啊，我准备委托外部的收尾人来执行我们的计划。我的下属对这些安瓿过于习惯了。”"
    },
    {
      "id": 22,
      "model": "슈렌느",
      "teller": "施伦妮",
      "title": "K公司研究所",
      "content": "“如果高速发展必定会带给人们痛苦与折磨……”"
    },
    {
      "id": 23,
      "model": "뫼르소",
      "content": "“那我宁可放弃一切繁荣。”"
    },
    {
      "id": 24,
      "model": "뫼르소",
      "content": "“望您保重……谨上。”"
    },
    {
      "id": 25,
      "model": "뫼르소",
      "content": "星星，爱心爱心爱心。"
    },
    {
      "id": 26,
      "model": "히스클리프",
      "content": "可以了不用都说出来！"
    },
    {
      "id": 27,
      "model": "뫼르소",
      "content": "由于这些符号可能是某种序列或者密码，比起排除其可能是必要情报的可能性，由经理来给出判断更为合理。因此我并没有进行是否应该将其省略的判断，而只是将其罗列在这里。"
    },
    {
      "id": 28,
      "model": "단테",
      "content": "<干得好……>"
    },
    {
      "id": 29,
      "model": "이스마엘",
      "content": "多讽刺啊。"
    },
    {
      "id": 30,
      "model": "이스마엘",
      "content": "该说是万幸吗，还好施伦妮小姐没看到之前解放联盟成员们无情屠杀研究员的场景……"
    },
    {
      "id": 31,
      "model": "로쟈",
      "content": "她大概到死为止，都坚信自己所做的……是为了断绝暴力的崇高事业吧……"
    },
    {
      "id": 32,
      "model": "로쟈",
      "content": "但的确，对她来说，带着这种信念死去或许才是最好的。"
    }
  ]
}