{
  "dataList": [
    {
      "id": 0,
      "place": "混乱不堪的K公司研究所走廊",
      "content": "我竭尽全力地忽视着下方向我的钟表投来的灼热目光。"
    },
    {
      "id": 1,
      "content": "我注意到一群走过来的员工，他们的压迫感与其他任何K公司员工都截然不同。"
    },
    {
      "id": 2,
      "model": "그레고르",
      "content": "啊，你一定是K公司的员工。喂！我看到那边还有些研究人员没有撤离……"
    },
    {
      "id": 3,
      "model": "K사3등급전투원",
      "teller": "3级摘除人员",
      "title": "K公司",
      "content": "……"
    },
    {
      "id": 4,
      "content": "他们无视了我们的（准确来说是格里高尔的）话，上楼了。"
    },
    {
      "id": 5,
      "model": "동랑",
      "teller": "东朗",
      "title": "K公司 粮食资源改良部门",
      "content": "他们不是来营救的。消灭入侵者，保护机密技术的安全才是他们的任务。"
    },
    {
      "id": 6,
      "content": "或许是谈话结束了，东朗很自然地插话说道。"
    },
    {
      "id": 7,
      "model": "동랑",
      "teller": "东朗",
      "title": "K公司 粮食资源改良部门",
      "content": "救援工作由1级员工负责。"
    },
    {
      "id": 8,
      "model": "돈키호테",
      "content": "哈！1级员工是否如1阶收尾人那般高级？！啊，不愧是最高尚的……！"
    },
    {
      "id": 9,
      "model": "삼조",
      "teller": "三朝",
      "title": "K公司 粮食资源改良部门",
      "content": "啊？在这个巢里1级是最低级别，数字越高表示级别越高……"
    },
    {
      "id": 10,
      "model": "돈키호테",
      "content": "什什什什什……什么？！！！"
    },
    {
      "id": 11,
      "model": "돈키호테",
      "content": "……即便如此，拯救生命之事又无高低贵贱之分，为何要分工呢？"
    },
    {
      "id": 12,
      "model": "동랑",
      "teller": "东朗",
      "title": "K公司 粮食资源改良部门",
      "content": "哈哈，数字像钱一样多不挺好吗？"
    },
    {
      "id": 13,
      "model": "동랑",
      "teller": "东朗",
      "title": "K公司 粮食资源改良部门",
      "content": "啊，谈话时间有些长了……不过别担心，我已经获得许可了。"
    },
    {
      "id": 14,
      "model": "단테",
      "content": "<……？>"
    },
    {
      "id": 15,
      "model": "히스클리프",
      "content": "啥？许可？干嘛用的？"
    },
    {
      "id": 16,
      "model": "동랑",
      "teller": "东朗",
      "title": "K公司 粮食资源改良部门",
      "content": "通常情况下，似乎还需要大量的文书工作，但由于我们身处紧急情况，所以就尽量跳过了这些程序。应该没事吧，三朝先生？"
    },
    {
      "id": 17,
      "model": "삼조",
      "teller": "三朝",
      "title": "K公司 粮食资源改良部门",
      "content": "呃……如果连续三天半加班加点地写报告再提交的话，应该就没什么大问题了。"
    },
    {
      "id": 18,
      "model": "삼조",
      "teller": "三朝",
      "title": "K公司 粮食资源改良部门",
      "content": "并且严格来说，当你在没有提交任何报告的情况下把他们带进实验室就已经很有问题了。"
    },
    {
      "id": 19,
      "model": "히스클리프",
      "content": "不是，这许可究竟干嘛用的！"
    },
    {
      "id": 20,
      "model": "동랑",
      "teller": "东朗",
      "title": "K公司 粮食资源改良部门",
      "content": "看来冬柏已经朝着那里去了。"
    },
    {
      "id": 21,
      "model": "동랑",
      "teller": "东朗",
      "title": "K公司 粮食资源改良部门",
      "content": "放映室。"
    },
    {
      "id": 22,
      "model": "동랑",
      "teller": "东朗",
      "title": "K公司 粮食资源改良部门",
      "content": "那个地方真的……安保程序极其复杂。"
    },
    {
      "id": 23,
      "model": "로쟈",
      "content": "放映室？光听名字想象不出是用来干什么的~"
    },
    {
      "id": 24,
      "model": "홍루",
      "content": "也不知道为什么安保那么严密~"
    },
    {
      "id": 25,
      "model": "동랑",
      "teller": "东朗",
      "title": "K公司 粮食资源改良部门",
      "content": "它在研究所的最上层。"
    },
    {
      "id": 26,
      "model": "동랑",
      "teller": "东朗",
      "title": "K公司 粮食资源改良部门",
      "content": "让这类东西变得生人勿近……本来就只有两种方法。要么深埋地下，要么就置于最高处。"
    }
  ]
}