{
  "dataList": [
    {
      "id": 0,
      "model": "삼조",
      "teller": "三朝",
      "title": "K公司 粮食资源改良部门",
      "content": "正如你之前所见……那是马里勒。事实上，我曾在一次B公司的面试中见过他一面。"
    },
    {
      "id": 1,
      "model": "동랑",
      "teller": "东朗",
      "title": "K公司 粮食资源改良部门",
      "content": "嗯？三朝先生……你也申请过B公司的面试吗？"
    },
    {
      "id": 2,
      "model": "삼조",
      "teller": "三朝",
      "title": "K公司 粮食资源改良部门",
      "content": "……当然，K公司是我的第一志愿……像我这样平庸的人只能把申请发给每一片翼，然后祈求有某家公司能接受我。"
    },
    {
      "id": 3,
      "content": "当时马里勒身边净是尸体……“骇人听闻”都不足以形容那副惨状。"
    },
    {
      "id": 4,
      "model": "삼조",
      "teller": "三朝",
      "title": "K公司 粮食资源改良部门",
      "content": "……"
    },
    {
      "id": 5,
      "model": "삼조",
      "teller": "三朝",
      "title": "K公司 粮食资源改良部门",
      "content": "啊，抱歉，我要用一下洗手间……"
    },
    {
      "id": 6,
      "content": "三朝的脸顿时变得惨白，用手捂住嘴跑出去了。"
    },
    {
      "id": 7,
      "model": "동랑",
      "teller": "东朗",
      "title": "K公司 粮食资源改良部门",
      "content": "我们的研究员……他们甚至根本连反抗的能力都没有。"
    },
    {
      "id": 8,
      "model": "마리르",
      "teller": "马里勒",
      "title": "技术解放联盟",
      "content": "而K公司的员工们却用棍棒殴打了我那些连拳头都未曾挥过的同伴们。"
    },
    {
      "id": 9,
      "model": "오티스",
      "content": "我们在找你的上司。她在哪？"
    },
    {
      "id": 10,
      "model": "마리르",
      "teller": "马里勒",
      "title": "技术解放联盟",
      "content": "而我则在好奇你们怎么还活着。"
    },
    {
      "id": 11,
      "model": "히스클리프",
      "content": "啊，你是说那些混蛋杀人机器吗？那些玩意儿我们还不至于搞不定吧。至于那些炸弹……倒是有点疼。"
    },
    {
      "id": 12,
      "model": "마리르",
      "teller": "马里勒",
      "title": "技术解放联盟",
      "content": "不，炸弹不是用来消灭你们的。它只是手段之一罢了。"
    },
    {
      "id": 13,
      "model": "마리르",
      "teller": "马里勒",
      "title": "技术解放联盟",
      "content": "兰和施伦妮的计划似乎产生了一些变数。你们到底是什么东西？"
    },
    {
      "id": 14,
      "content": "一直沉默不语的浮士德开口了。"
    },
    {
      "id": 15,
      "model": "파우스트",
      "content": "即便能够回到技术不复存在的时代，你们也依然无法找回你们所寻觅的平静。"
    },
    {
      "id": 16,
      "model": "파우스트",
      "content": "人一旦熟悉了技术带来的繁荣，他们就不再能忍受过去的生活方式。后巷旅行一度在富人之间受到追捧也是出于同样的原因。"
    },
    {
      "id": 17,
      "model": "파우스트",
      "content": "他们不过是通过它来回顾人生，并为自己现在所拥有的东西感到满足罢了。却从来不会有人希望能回到那种状况下。"
    },
    {
      "id": 18,
      "model": "마리르",
      "teller": "马里勒",
      "title": "技术解放联盟",
      "content": "……所以呢？我不喜欢健谈的人。也不太喜欢跟你解释。"
    },
    {
      "id": 19,
      "model": "파우스트",
      "content": "我并非健谈的人，何况我也无需你在任何方面做出解释。我只不过是对我们观点的异同抱有兴趣罢了。"
    },
    {
      "id": 20,
      "model": "마리르",
      "teller": "马里勒",
      "title": "技术解放联盟",
      "content": "……我们中没有一个人会去乘坐WARP列车。"
    },
    {
      "id": 21,
      "model": "마리르",
      "teller": "马里勒",
      "title": "技术解放联盟",
      "content": "同样的，我们也不会食用都市所产的任何肉类。"
    },
    {
      "id": 22,
      "model": "마리르",
      "teller": "马里勒",
      "title": "技术解放联盟",
      "content": "当你得知一切真相，就不会再抱着那种肤浅的心态想着什么后巷之旅了。"
    },
    {
      "id": 23,
      "model": "홍루",
      "content": "嗯……就算是我家里的那些知识远比我渊博得多的长辈们，也会经常使用这些技术啊？"
    },
    {
      "id": 24,
      "model": "마리르",
      "teller": "马里勒",
      "title": "技术解放联盟",
      "content": "群众是无知的。就算你把真相摆到眼前，他们中的大多数也不会相信。"
    },
    {
      "id": 25,
      "model": "히스클리프",
      "content": "这就是你的结论？"
    },
    {
      "id": 26,
      "model": "히스클리프",
      "content": "把一切都扔掉，然后让他们生活在一个啥都没有的世界里？"
    },
    {
      "id": 27,
      "model": "마리르",
      "teller": "马里勒",
      "title": "技术解放联盟",
      "content": "像你这种人是不会理解……"
    },
    {
      "id": 28,
      "model": "히스클리프",
      "content": "不，我想我理解得很透彻了。"
    },
    {
      "id": 29,
      "model": "히스클리프",
      "content": "外面有很多人是不会理解你好声好气说的话的。"
    },
    {
      "id": 30,
      "model": "히스클리프",
      "content": "他们只有被揍出几块淤青疤痕之后，才会开始理解我这样的人。"
    },
    {
      "id": 31,
      "model": "히스클리프",
      "content": "这让我有一种把一切全毁了的冲动。"
    },
    {
      "id": 32,
      "model": "마리르",
      "teller": "马里勒",
      "title": "技术解放联盟",
      "content": "……"
    },
    {
      "id": 33,
      "model": "마리르",
      "teller": "马里勒",
      "title": "技术解放联盟",
      "content": "如果之后还打算选拔新成员的话……"
    },
    {
      "id": 34,
      "model": "마리르",
      "teller": "马里勒",
      "title": "技术解放联盟",
      "content": "我会尽量把学历因素排除在外。"
    },
    {
      "id": 35,
      "model": "이스마엘",
      "content": "虽然希斯克利夫先生从未透露过他曾在哪上过学……但我能看出他的想法从何而来。"
    },
    {
      "id": 36,
      "model": "이스마엘",
      "content": "尽管如此，你的做法还是越界了。"
    }
  ]
}