{
  "dataList": [
    {
      "id": 0,
      "model": "료슈",
      "content": "喂，李。"
    },
    {
      "id": 1,
      "model": "이상",
      "content": "……叫我么？"
    },
    {
      "id": 2,
      "model": "료슈",
      "content": "那个一直纠缠着我们的人声称说他是你的朋友。你们是什么关系？"
    },
    {
      "id": 3,
      "model": "이상",
      "content": "如你所见，只是断绝已久的缘分。"
    },
    {
      "id": 4,
      "model": "료슈",
      "content": "我不喜欢插嘴，更不喜欢长篇大论……"
    },
    {
      "id": 5,
      "model": "료슈",
      "content": "我这么说是因为，我很讨厌那个一直假装一无所知的叫做东朗的家伙的笑容。"
    },
    {
      "id": 6,
      "model": "료슈",
      "content": "那张空桌子干净而整洁，反而显得格外令人作呕。"
    },
    {
      "id": 7,
      "model": "료슈",
      "content": "它底下贴着的名牌上写着你的名字。"
    },
    {
      "id": 8,
      "model": "이상",
      "content": "……"
    },
    {
      "id": 9,
      "model": "단테",
      "content": "<他是从一开始就打算把那个座位留给李箱，所以才这么准备的吧？>"
    },
    {
      "id": 10,
      "model": "이스마엘",
      "content": "你觉得他是企图挖墙脚吗？这算是违反企业间的道德准则了吧？"
    },
    {
      "id": 11,
      "model": "료슈",
      "content": "逼·疯。"
    },
    {
      "id": 12,
      "model": "이스마엘",
      "content": "……这次又省略了些什么？"
    },
    {
      "id": 13,
      "model": "료슈",
      "content": "不是什么缩写。我说我要被你逼疯了。"
    },
    {
      "id": 14,
      "model": "료슈",
      "content": "橙头发的那个，你说过你曾经在船上工作过很长时间吧？作为收尾人？"
    },
    {
      "id": 15,
      "model": "료슈",
      "content": "你把翼和公司过分理想化了。在大湖上漂了那么长时间，你是把你的那些常识也当成鱼饵扔里面了吗？"
    },
    {
      "id": 16,
      "model": "료슈",
      "content": "在我们生活的这个世界里大讲什么道义、道德……作为笑话来说还挺好笑的。"
    },
    {
      "id": 17,
      "model": "뫼르소",
      "content": "物色人才或在企业间跳槽都是根据利益和效率而进行的。"
    },
    {
      "id": 18,
      "model": "히스클리프",
      "content": "呵，那要照你这么说，你就是个乡巴佬。不对，应该说是船巴佬？"
    },
    {
      "id": 19,
      "model": "이스마엘",
      "content": "呃……"
    },
    {
      "id": 20,
      "model": "단테",
      "content": "<即便真是这样……那也太奇怪了吧。>"
    },
    {
      "id": 21,
      "model": "단테",
      "content": "<他根本就没有在意过李箱本人的想法……>"
    },
    {
      "id": 22,
      "model": "이상",
      "content": "无需在意。所谓想法不过是贫瘠的事物罢了。"
    },
    {
      "id": 23,
      "model": "이상",
      "content": "这种被制成标本的生活，我已习以为常。"
    },
    {
      "id": 24,
      "model": "싱클레어",
      "content": "你确定你不在意吗？李箱先生，您入职公司的理由……"
    },
    {
      "id": 25,
      "model": "싱클레어",
      "content": "不，准确来说……我们收到的提案难道不是一样的吗？"
    },
    {
      "id": 26,
      "content": "入职提案。"
    },
    {
      "id": 27,
      "content": "就我来说，他们承诺的提案就是让我嵌刻星位。"
    },
    {
      "id": 28,
      "content": "当时的记忆十分模糊，但在我听见那个词的时候，我就像被蛊惑了一般点了点头。"
    },
    {
      "id": 29,
      "content": "他们的态度简直就像知道我唯一的选择只有答应一样……"
    },
    {
      "id": 30,
      "model": "싱클레어",
      "content": "如果我加入了这家公司……"
    },
    {
      "id": 31,
      "model": "이상",
      "content": "这样的话……"
    },
    {
      "id": 32,
      "model": "이상",
      "content": "我迫切渴望的事物……"
    },
    {
      "id": 33,
      "model": "이스마엘",
      "content": "我每天睡觉前不断回想的事物……"
    },
    {
      "id": 34,
      "model": "오티스",
      "content": "是啊，我所认为不可能的事物……"
    },
    {
      "id": 35,
      "model": "파우스트",
      "content": "毋庸置疑，他们承诺了实现的可能性。"
    },
    {
      "id": 36,
      "model": "돈키호테",
      "content": "……"
    },
    {
      "id": 37,
      "model": "그레고르",
      "content": "他们对我们的背景调查是有多细致啊？"
    },
    {
      "id": 38,
      "model": "히스클리프",
      "content": "哈……我之前读过的那个美梦成真的童话故事？我想知道自己能在哪儿找到这样的东西，结果就在此处。"
    },
    {
      "id": 39,
      "model": "이상",
      "content": "其实，那样的希望也只不过是场虚无幻梦罢了。"
    },
    {
      "id": 40,
      "model": "히스클리프",
      "content": "其实并不是那么……急切吗？那你为什么要加入公司？"
    },
    {
      "id": 41,
      "model": "이상",
      "content": "只是……"
    },
    {
      "id": 42,
      "model": "이상",
      "content": "漫长的徒步令我脚部疼痛。而阵雨也恰好到来。"
    },
    {
      "id": 43,
      "model": "이상",
      "content": "那时我眼前的巴士看起来十分舒适。"
    },
    {
      "id": 44,
      "model": "료슈",
      "content": "哈。应该不止这些吧？"
    },
    {
      "id": 45,
      "model": "료슈",
      "content": "我们都是……"
    },
    {
      "id": 46,
      "model": "파우스트",
      "content": "到此为止。"
    },
    {
      "id": 47,
      "model": "파우스트",
      "content": "我司就业规章中包含了禁止泄露入职合同中的详细内容。"
    },
    {
      "id": 48,
      "model": "료슈",
      "content": "明明在一条船上却还装模作样的样子真令人不爽。"
    },
    {
      "id": 49,
      "model": "파우스트",
      "content": "……"
    },
    {
      "id": 50,
      "model": "파우스트",
      "content": "继续前进吧。"
    },
    {
      "id": 51,
      "content": "至今我才回想起。"
    },
    {
      "id": 52,
      "content": "和其他大多数罪人不同，李箱不会把他的痛苦化作言语。"
    },
    {
      "id": 53,
      "content": "因此，那些痛苦经常很晚才被发现。"
    },
    {
      "id": 54,
      "content": "那些痛苦，他到底吞到哪里去了呢。"
    },
    {
      "id": 55,
      "content": "让我回想起，有一瞬间，我似乎看到他胸间浮现出的那未填满的空洞。"
    },
    {
      "id": 56,
      "content": "那些痛苦是真的被他吞下了……还是正从空洞中流出来呢？"
    }
  ]
}