{
  "dataList": [
    {
      "id": 0,
      "place": "放映室",
      "model": "싱클레어",
      "content": "太暗了，看不清楚……那是什么？"
    },
    {
      "id": 1,
      "model": "동랑",
      "teller": "东朗",
      "title": "K公司 粮食资源改良部门",
      "content": "看来骚乱令它暂时停止了运作，对吧？"
    },
    {
      "id": 2,
      "model": "삼조",
      "teller": "三朝",
      "title": "K公司 粮食资源改良部门",
      "content": "是的，阿方索董事的命令是暂时中止……以防有入侵者趁虚而入。"
    },
    {
      "id": 3,
      "model": "동랑",
      "teller": "东朗",
      "title": "K公司 粮食资源改良部门",
      "content": "不，不，那可不行。即使是转眼间也会造成极大的损失，三朝先生。"
    },
    {
      "id": 4,
      "model": "로쟈",
      "content": "所以……那到底是什么东西？！"
    },
    {
      "id": 5,
      "model": "동랑",
      "teller": "东朗",
      "title": "K公司 粮食资源改良部门",
      "content": "啊，这个是……代替我们哭泣的东西。"
    },
    {
      "id": 6,
      "model": "동랑",
      "teller": "东朗",
      "title": "K公司 粮食资源改良部门",
      "content": "所以我总是带着感激与恻隐之心去看待它。"
    },
    {
      "id": 7,
      "model": "동백",
      "teller": "？？？",
      "title": "？？？",
      "content": "我明白了……这就是兰所告诉我的那个。"
    },
    {
      "id": 8,
      "content": "不知何时，我们怎么找也找不着的那个人的声音传来。"
    },
    {
      "id": 9,
      "content": "那东西就在我们眼前。"
    },
    {
      "id": 10,
      "content": "似乎有一块透明的面纱似的东西飘落在她起身的位置……"
    },
    {
      "id": 11,
      "content": "冬柏正在注视我们。"
    },
    {
      "id": 12,
      "model": "동랑",
      "teller": "东朗",
      "title": "K公司 粮食资源改良部门",
      "content": "啊~我一直都挺好奇的，但现在我明白了。"
    },
    {
      "id": 13,
      "model": "동랑",
      "teller": "东朗",
      "title": "K公司 粮食资源改良部门",
      "content": "为什么我们的安保措施如此不堪一击，为什么你总从我们的眼前溜走，又能凭空消失……"
    },
    {
      "id": 14,
      "model": "동랑",
      "teller": "东朗",
      "title": "K公司 粮食资源改良部门",
      "content": "原来是有“帐幕”啊。啊~这么简单的事情，我为什么没能早点想到呢？"
    },
    {
      "id": 15,
      "model": "히스클리프",
      "content": "“帐幕”？那又是什么鬼东西……哈，这些混蛋是不是又想开始谈论只有他们知道的东西？"
    },
    {
      "id": 16,
      "model": "이스마엘",
      "content": "希斯克利夫先生也许能在都市中生活，但显然干不了收尾人的活。"
    },
    {
      "id": 17,
      "model": "파우스트",
      "content": "试图了解每一项技术的来源是件没有尽头的事情，因此大多数人都会放弃努力然后点头称是。"
    },
    {
      "id": 18,
      "model": "파우스트",
      "content": "不懂装懂。不这样做将使你的都市生活变得难以忍受。"
    },
    {
      "id": 19,
      "model": "이스마엘",
      "content": "……咳咳。"
    },
    {
      "id": 20,
      "model": "동백",
      "teller": "冬柏",
      "title": "技术解放联盟",
      "content": "……"
    },
    {
      "id": 21,
      "model": "동랑",
      "teller": "东朗",
      "title": "K公司 粮食资源改良部门",
      "content": "这种只有著名的收尾人、翼的管理层或超级富豪才能勉强拥有的昂贵奇点技术产物……就算我问你是怎么把这个弄到手的，你也不会告诉我，对吧？"
    },
    {
      "id": 22,
      "model": "동백",
      "teller": "冬柏",
      "title": "技术解放联盟",
      "content": "眼前的这个，就是再生安瓿的真相吗？"
    },
    {
      "id": 23,
      "model": "동랑",
      "teller": "东朗",
      "title": "K公司 粮食资源改良部门",
      "content": "……没错，没错。这就是你们一心想要毁掉的再生安瓿的根源。"
    },
    {
      "id": 24,
      "model": "삼조",
      "teller": "三朝",
      "title": "K公司 粮食资源改良部门",
      "content": "什么……为什么要毁掉？"
    },
    {
      "id": 25,
      "model": "삼조",
      "teller": "三朝",
      "title": "K公司 粮食资源改良部门",
      "content": "向你提出疑问。你难道不知道这些安瓿能够拯救多少人的生命吗？"
    },
    {
      "id": 26,
      "model": "동백",
      "teller": "冬柏",
      "title": "技术解放联盟",
      "content": "这些再生安瓿不只是单纯地让身体再生。"
    },
    {
      "id": 27,
      "model": "동백",
      "teller": "冬柏",
      "title": "技术解放联盟",
      "content": "在救人的同时，杀人也是这眼泪的作用。"
    },
    {
      "id": 28,
      "model": "삼조",
      "teller": "三朝",
      "title": "K公司 粮食资源改良部门",
      "content": "哈……所以你是说，这些眼泪，会杀人？"
    },
    {
      "id": 29,
      "model": "동백",
      "teller": "冬柏",
      "title": "技术解放联盟",
      "content": "对于像你这样见过它发生很多次还不相信的人，我已经没有什么好说的了。"
    },
    {
      "id": 30,
      "model": "삼조",
      "teller": "三朝",
      "title": "K公司 粮食资源改良部门",
      "content": "那么，如果我能在这池子里进出一趟，可以证明它的安全性吗？"
    },
    {
      "id": 31,
      "model": "동백",
      "teller": "冬柏",
      "title": "技术解放联盟",
      "content": "什么？"
    },
    {
      "id": 32,
      "model": "삼조",
      "teller": "三朝",
      "title": "K公司 粮食资源改良部门",
      "content": "请不要用你毫无依据的指控来侮辱东朗先生。已经有数不胜数的人们通过这项技术从危及生命的状况中痊愈。"
    },
    {
      "id": 33,
      "model": "삼조",
      "teller": "三朝",
      "title": "K公司 粮食资源改良部门",
      "content": "我自己也曾接受过注射。"
    },
    {
      "id": 34,
      "model": "삼조",
      "teller": "三朝",
      "title": "K公司 粮食资源改良部门",
      "content": "我曾经在跳水时折断了脖子，在死亡边缘被再生安瓿救了回来。这也是我一成年就来到K公司应聘的原因，但这不是重点。"
    },
    {
      "id": 35,
      "model": "로쟈",
      "content": "你、你在做什么啊，三朝先生？"
    },
    {
      "id": 36,
      "model": "옷벗은삼조",
      "teller": "三朝",
      "title": "K公司 粮食资源改良部门",
      "content": "我童年的梦想就是成为巢中的游泳选手。这种程度的高度没有问题。"
    },
    {
      "id": 37,
      "model": "로쟈",
      "content": "上次不说是都市棒球选手吗……"
    },
    {
      "id": 38,
      "model": "동랑",
      "teller": "东朗",
      "title": "K公司 粮食资源改良部门",
      "content": "哈哈，三朝先生，你这也太夸张了。那是什么活受罪啊。没关系的，你就呆在那儿吧。"
    },
    {
      "id": 39,
      "model": "옷벗은삼조",
      "teller": "三朝",
      "title": "K公司 粮食资源改良部门",
      "content": "这根本算不上受罪。这是东朗先生改进的再生安瓿。"
    },
    {
      "id": 40,
      "model": "옷벗은삼조",
      "teller": "三朝",
      "title": "K公司 粮食资源改良部门",
      "content": "这是东朗先生和阿方索女士……以及无数其他研究人员多年来一直在研究的K公司再生安瓿。"
    },
    {
      "id": 41,
      "model": "옷벗은삼조",
      "teller": "三朝",
      "title": "K公司 粮食资源改良部门",
      "content": "对这项技术的信任与自豪便是我置身于此的理由。"
    },
    {
      "id": 42,
      "model": "옷벗은삼조",
      "teller": "三朝",
      "title": "K公司 粮食资源改良部门",
      "content": "我很快就会回来。"
    },
    {
      "id": 43,
      "model": "동랑",
      "teller": "东朗",
      "title": "K公司 粮食资源改良部门",
      "content": "……等一下，三朝先生？"
    },
    {
      "id": 44,
      "content": "三朝摘下眼镜，一头扎进盛泪水的容器里。"
    },
    {
      "id": 45,
      "content": "从他潜下去的地方冒上来了一些小气泡，但数秒后，就再也没有任何声响了。"
    },
    {
      "id": 46,
      "model": "동랑",
      "teller": "东朗",
      "title": "K公司 粮食资源改良部门",
      "content": "啊……"
    },
    {
      "id": 47,
      "model": "동랑",
      "teller": "东朗",
      "title": "K公司 粮食资源改良部门",
      "content": "这可真是，难办起来了啊。三朝先生一直没能知晓眼泪原液的内情。"
    },
    {
      "id": 48,
      "model": "동랑",
      "teller": "东朗",
      "title": "K公司 粮食资源改良部门",
      "content": "尸体应该是捞不到了。但是……谢天谢地，他直到最后一刻都为我们感到骄傲。"
    },
    {
      "id": 49,
      "model": "싱클레어",
      "content": "……您说什么？"
    },
    {
      "id": 50,
      "model": "동랑",
      "teller": "东朗",
      "title": "K公司 粮食资源改良部门",
      "content": "三朝先生就是那种所谓的寒门贵子。我还挺喜欢他这种人的。"
    },
    {
      "id": 51,
      "model": "동랑",
      "teller": "东朗",
      "title": "K公司 粮食资源改良部门",
      "content": "那些尽管远未达到翼的要求却被翼录取的朋友们，一般都会对他们的雇主忠心耿耿呢。"
    },
    {
      "id": 52,
      "model": "히스클리프",
      "content": "啥？他不是出生在巢里……"
    },
    {
      "id": 53,
      "model": "동랑",
      "teller": "东朗",
      "title": "K公司 粮食资源改良部门",
      "content": "啊，大家应该知道出身于巢并不意味着能轻松被翼录取吧？"
    },
    {
      "id": 54,
      "model": "이상",
      "content": "……"
    },
    {
      "id": 55,
      "model": "싱클레어",
      "content": "到底怎样了？为什么三朝先生还不出来？"
    },
    {
      "id": 56,
      "model": "이상",
      "content": "原液有何作用，东朗？"
    },
    {
      "id": 57,
      "model": "동랑",
      "teller": "东朗",
      "title": "K公司 粮食资源改良部门",
      "content": "眼泪的作用是把事物恢复到它原来的模样。"
    },
    {
      "id": 58,
      "model": "동랑",
      "teller": "东朗",
      "title": "K公司 粮食资源改良部门",
      "content": "现在的再生安瓿便是眼泪经过诸多提炼流程的产物。"
    },
    {
      "id": 59,
      "model": "동랑",
      "teller": "东朗",
      "title": "K公司 粮食资源改良部门",
      "content": "当一个失去手臂的人使用再生安瓿，有手臂的模样就是他认知中自身原本的模样；"
    },
    {
      "id": 60,
      "model": "동랑",
      "teller": "东朗",
      "title": "K公司 粮食资源改良部门",
      "content": "如果一个头上有坑的人使用了再生安瓿，就会把头部完好无损的模样认为是原本的模样。"
    },
    {
      "id": 61,
      "model": "그레고르",
      "content": "那么在脑叶公司支部……以虫子的形象死去的人们……"
    },
    {
      "id": 62,
      "model": "이상",
      "content": "可以这么说，那些人都处于一种被催眠的状态。"
    },
    {
      "id": 63,
      "model": "이상",
      "content": "如果在一个封闭、安静的地方反复听着一个声音说“你是一只虫子”……我们的潜意识中就会被灌输进一只虫子的形象。"
    },
    {
      "id": 64,
      "model": "동랑",
      "teller": "东朗",
      "title": "K公司 粮食资源改良部门",
      "content": "确实如此。只有以“人类”这个观念进行提炼和稀释之后，它才会变得有效。"
    },
    {
      "id": 65,
      "model": "동랑",
      "teller": "东朗",
      "title": "K公司 粮食资源改良部门",
      "content": "但是，如果接触没有进行任何“解释”的眼泪本身的话……"
    },
    {
      "id": 66,
      "model": "동랑",
      "teller": "东朗",
      "title": "K公司 粮食资源改良部门",
      "content": "它就会把人带回到根源……人类最初的形态。"
    },
    {
      "id": 67,
      "model": "그레고르",
      "content": "最初的……形态？"
    },
    {
      "id": 68,
      "model": "동랑",
      "teller": "东朗",
      "title": "K公司 粮食资源改良部门",
      "content": "准确来说应该是能够帮助你回到那种状态？"
    },
    {
      "id": 69,
      "model": "동랑",
      "teller": "东朗",
      "title": "K公司 粮食资源改良部门",
      "content": "不过……尽管如此，好像还是无法达到那个最初的形态。"
    },
    {
      "id": 70,
      "model": "동랑",
      "teller": "东朗",
      "title": "K公司 粮食资源改良部门",
      "content": "因此，它虽然能够消除痛苦，但是……"
    },
    {
      "id": 71,
      "model": "동랑",
      "teller": "东朗",
      "title": "K公司 粮食资源改良部门",
      "content": "所以，冬柏，你满意了吗？你是正确的，而三朝应该在眼泪中变成了人类最初的形态或者其他什么类似的东西了吧。恭喜你。现在，你究竟想要什么？"
    },
    {
      "id": 72,
      "model": "동백",
      "teller": "冬柏",
      "title": "技术解放联盟",
      "content": "……"
    },
    {
      "id": 73,
      "model": "동백",
      "teller": "冬柏",
      "title": "技术解放联盟",
      "content": "奇点。并且通过使用概念焚化炉来永久地摧毁奇点和所有与它相关的东西。"
    },
    {
      "id": 74,
      "model": "동랑",
      "teller": "东朗",
      "title": "K公司 粮食资源改良部门",
      "content": "概念焚化炉么。这次也要用那个？"
    },
    {
      "id": 75,
      "model": "동랑",
      "teller": "东朗",
      "title": "K公司 粮食资源改良部门",
      "content": "所以呢，冬柏……如果回到那个一无所有的时代……然后呢？"
    },
    {
      "id": 76,
      "model": "동랑",
      "teller": "东朗",
      "title": "K公司 粮食资源改良部门",
      "content": "刀耕火种、茹毛饮血……这就是你想要的生活吗？"
    },
    {
      "id": 77,
      "model": "동랑",
      "teller": "东朗",
      "title": "K公司 粮食资源改良部门",
      "content": "然后去哀悼那些被砍伐的树木和死去的动物？"
    },
    {
      "id": 78,
      "model": "동랑",
      "teller": "东朗",
      "title": "K公司 粮食资源改良部门",
      "content": "你瞧，冬柏……以这样的心态……只能活成原始人。这真是你想要的吗？"
    },
    {
      "id": 79,
      "model": "동백",
      "teller": "冬柏",
      "title": "技术解放联盟",
      "content": "你……总是在提出些愚蠢的问题呢。不论是现在，还是那时。"
    },
    {
      "id": 80,
      "model": "동백",
      "teller": "冬柏",
      "title": "技术解放联盟",
      "content": "为了消灭丑恶的你们，我们决定将丑恶的技术作为武器进行对抗。"
    },
    {
      "id": 81,
      "model": "동백",
      "teller": "冬柏",
      "title": "技术解放联盟",
      "content": "因此，在我们设想的未来，将不会有任何人存留。"
    },
    {
      "id": 82,
      "model": "동백",
      "teller": "冬柏",
      "title": "技术解放联盟",
      "content": "这就是我们为什么能够从对生存的迷恋中解脱出来。"
    },
    {
      "id": 83,
      "model": "동랑",
      "teller": "东朗",
      "title": "K公司 粮食资源改良部门",
      "content": "哈哈，你在说什么？看来你并非在构想一个未来，只是放不下过去罢了。"
    },
    {
      "id": 84,
      "model": "이상",
      "content": "你们俩……都停下。"
    },
    {
      "id": 85,
      "model": "이상",
      "content": "我不希望看到旧有的争论在我面前重演。"
    },
    {
      "id": 86,
      "model": "동백",
      "teller": "冬柏",
      "title": "技术解放联盟",
      "content": "李箱，你看起来还好好的嘛。"
    },
    {
      "id": 87,
      "model": "그레고르",
      "content": "说得好像是解脱了一样。你是想让李箱……"
    },
    {
      "id": 88,
      "model": "동백",
      "teller": "冬柏",
      "title": "技术解放联盟",
      "content": "嗯。我想让他去死。"
    },
    {
      "id": 89,
      "model": "동백",
      "teller": "冬柏",
      "title": "技术解放联盟",
      "content": "但我确信他也希望如此。"
    },
    {
      "id": 90,
      "model": "동백",
      "teller": "冬柏",
      "title": "技术解放联盟",
      "content": "在我刺穿他的心脏时，他都没有一点反抗。"
    },
    {
      "id": 91,
      "model": "동백",
      "teller": "冬柏",
      "title": "技术解放联盟",
      "content": "这反倒让我感到不快。感觉像是我在满足你的愿望。"
    },
    {
      "id": 92,
      "model": "이상",
      "content": "……"
    },
    {
      "id": 93,
      "model": "그레고르",
      "content": "看起来你俩的想法都多少有点扭曲。把一个在悬崖边犹豫着的人推下去会让这件事变得合理吗？"
    },
    {
      "id": 94,
      "model": "동백",
      "teller": "冬柏",
      "title": "技术解放联盟",
      "content": "犹豫了……哈，能不能让本人亲口说一说？"
    },
    {
      "id": 95,
      "model": "이상",
      "content": "……我没什么可说的。"
    },
    {
      "id": 96,
      "model": "동백",
      "teller": "冬柏",
      "title": "技术解放联盟",
      "content": "那么，对话结束。"
    },
    {
      "id": 97,
      "model": "동백",
      "teller": "冬柏",
      "title": "技术解放联盟",
      "content": "坦率地说，很好。"
    },
    {
      "id": 98,
      "model": "동백여우각성",
      "teller": "冬柏",
      "title": "技术解放联盟",
      "content": "我要借此机会亲手杀掉曾为老友的两位。"
    },
    {
      "id": 99,
      "model": "동백여우각성",
      "teller": "冬柏",
      "title": "技术解放联盟",
      "content": "然后，我将取回奇点并将它烧毁。"
    }
  ]
}