{
  "dataList": [
    {
      "id": 0,
      "place": "放映室",
      "model": "동백여우각성_먼지",
      "teller": "冬柏",
      "title": "技术解放联盟",
      "content": "咳……咳……"
    },
    {
      "id": 1,
      "model": "오티스",
      "content": "咳血。积极的信号。"
    },
    {
      "id": 2,
      "model": "파우스트",
      "content": "无论再怎么用逆卡巴拉抑制反复训练，滥用E.G.O也只会把使用者的身体逼到极限。"
    },
    {
      "id": 3,
      "model": "동랑",
      "teller": "东朗",
      "title": "K公司 粮食资源改良部门",
      "content": "你现在能把金枝还回来了吗，冬柏？"
    },
    {
      "id": 4,
      "model": "동랑",
      "teller": "东朗",
      "title": "K公司 粮食资源改良部门",
      "content": "我应该把它交给在这里的客人们，毕竟签了份复杂的合同，还在上面盖了好几个印章……所以我可不能食言了。"
    },
    {
      "id": 5,
      "model": "동백여우각성_먼지",
      "teller": "冬柏",
      "title": "技术解放联盟",
      "content": "还是在……自满地……夸耀自己的……无知……"
    },
    {
      "id": 6,
      "model": "동랑",
      "teller": "东朗",
      "title": "K公司 粮食资源改良部门",
      "content": "而你很弱。一如既往。"
    },
    {
      "id": 7,
      "model": "동랑",
      "teller": "东朗",
      "title": "K公司 粮食资源改良部门",
      "content": "即使使用了来自脑叶公司的E.G.O，这也低于我的预期，冬柏。"
    },
    {
      "id": 8,
      "model": "동랑",
      "teller": "东朗",
      "title": "K公司 粮食资源改良部门",
      "content": "此外……我还没有向你介绍我开发的技术呢。对了，要不举行久别的技术朗术会吧？"
    },
    {
      "id": 9,
      "model": "K사안내방송",
      "teller": "播报员",
      "title": "K公司",
      "content": "今日视听资料已传送完毕。"
    },
    {
      "id": 10,
      "model": "동랑",
      "teller": "东朗",
      "title": "K公司 粮食资源改良部门",
      "content": "所以，告诉我，冬柏……"
    },
    {
      "id": 11,
      "model": "동랑",
      "teller": "东朗",
      "title": "K公司 粮食资源改良部门",
      "content": "你的绝望能膨胀到什么程度？"
    },
    {
      "id": 12,
      "teller": "正在逃跑的居民",
      "title": "K巢",
      "content": "啊啊啊啊啊啊！！救命啊！！！"
    },
    {
      "id": 13,
      "model": "이스마엘",
      "content": "这是什么声音？"
    },
    {
      "id": 14,
      "model": "그레고르",
      "content": "那是我们正在街上与异想体战斗时无人机拍摄的画面吗……"
    },
    {
      "id": 15,
      "model": "동랑",
      "teller": "东朗",
      "title": "K公司 粮食资源改良部门",
      "content": "我收到你发的恐吓信了，冬柏。里面说，如果我再拒绝谈论奇点相关的事，你就会在街道上放出一只异想体。"
    },
    {
      "id": 16,
      "model": "동랑",
      "teller": "东朗",
      "title": "K公司 粮食资源改良部门",
      "content": "我知道你一直喜欢做些激进的事……但我没想到你真的会这么做。"
    },
    {
      "id": 17,
      "model": "동랑",
      "teller": "东朗",
      "title": "K公司 粮食资源改良部门",
      "content": "当然……它流出了更多的泪水。多亏了你啊。"
    },
    {
      "id": 18,
      "model": "동백여우각성_먼지",
      "teller": "冬柏",
      "title": "技术解放联盟",
      "content": "不……我没打算释放它。是它逃走了。你无视了我的警告……"
    },
    {
      "id": 19,
      "model": "동랑",
      "teller": "东朗",
      "title": "K公司 粮食资源改良部门",
      "content": "如果我当时做出回应的话，也就等于承认我们的实验室一直在独断地对异想体进行实验。"
    },
    {
      "id": 20,
      "model": "동랑",
      "teller": "东朗",
      "title": "K公司 粮食资源改良部门",
      "content": "幸好我的委托人们当时就在巢的附近。"
    },
    {
      "id": 21,
      "model": "이스마엘",
      "content": "所以我们遭遇出逃的异想体也在你计划里吗？"
    },
    {
      "id": 22,
      "model": "동랑",
      "teller": "东朗",
      "title": "K公司 粮食资源改良部门",
      "content": "相比于一个计划来说这更像是一场实验。当然虽然也考虑到了失败的可能性，但我有证据相信你们完全可以做到。"
    },
    {
      "id": 23,
      "model": "동랑",
      "teller": "东朗",
      "title": "K公司 粮食资源改良部门",
      "content": "我观察你们的时间比你们想象的要更长。"
    },
    {
      "id": 24,
      "model": "동랑",
      "teller": "东朗",
      "title": "K公司 粮食资源改良部门",
      "content": "不是说过了吗？"
    },
    {
      "id": 25,
      "model": "동랑",
      "teller": "东朗",
      "title": "K公司 粮食资源改良部门",
      "content": "我是你们的粉丝。"
    },
    {
      "id": 26,
      "model": "크로머",
      "teller": "克罗默",
      "title": "钉与锤",
      "content": "不不，辛克莱！虽然一直如此……可我才是执柄者啊……！"
    },
    {
      "id": 27,
      "model": "싱클레어",
      "content": "这是什么……我不想看到这些画面……"
    },
    {
      "id": 28,
      "model": "동랑",
      "teller": "东朗",
      "title": "K公司 粮食资源改良部门",
      "content": "我们的泪水储量也创下了纪录，这可能对我们拿到今年的最佳部门奖有一定的好处。"
    },
    {
      "id": 29,
      "model": "동랑",
      "teller": "东朗",
      "title": "K公司 粮食资源改良部门",
      "content": "虽然他们可能不是最好的交涉对象，但多亏了N公司某部门的员工，才让我们获得了新鲜的视听饲料。"
    },
    {
      "id": 30,
      "model": "로쟈",
      "content": "那么……N公司在K巢的居民区犯下如此暴行的原因……"
    },
    {
      "id": 31,
      "model": "뫼르소",
      "content": "这就是交易的结果。"
    },
    {
      "id": 32,
      "model": "동랑",
      "teller": "东朗",
      "title": "K公司 粮食资源改良部门",
      "content": "好像有谁说过这句话。灵之哥的玻璃窗虽然具有革新性，但对于自由操作所需的而言，它仍然过于庞大，所以像我这种俗人是不能随意触摸的。"
    },
    {
      "id": 33,
      "model": "동백여우각성_먼지",
      "teller": "冬柏",
      "title": "技术解放联盟",
      "content": "……"
    },
    {
      "id": 34,
      "model": "동랑",
      "teller": "东朗",
      "title": "K公司 粮食资源改良部门",
      "content": "啊，冬柏。是你吗？"
    },
    {
      "id": 35,
      "model": "동백여우각성_먼지",
      "teller": "冬柏",
      "title": "技术解放联盟",
      "content": "这是……什么……"
    },
    {
      "id": 36,
      "model": "동랑",
      "teller": "东朗",
      "title": "K公司 粮食资源改良部门",
      "content": "泪水长流，却总觉得不够。"
    },
    {
      "id": 37,
      "model": "동랑",
      "teller": "东朗",
      "title": "K公司 粮食资源改良部门",
      "content": "是啊，环顾四周，这里实在有太多人在遭受着痛苦了。"
    },
    {
      "id": 38,
      "model": "동랑",
      "teller": "东朗",
      "title": "K公司 粮食资源改良部门",
      "content": "所以它们才会替我们哭泣。"
    },
    {
      "id": 39,
      "model": "동랑",
      "teller": "东朗",
      "title": "K公司 粮食资源改良部门",
      "content": "甚至连闭上眼睛的片刻闲暇都没有。"
    },
    {
      "id": 40,
      "model": "이상",
      "teller": "李箱",
      "title": "九人会",
      "content": "我只是对灵之哥的技术稍加改造而已。"
    },
    {
      "id": 41,
      "model": "이상",
      "teller": "李箱",
      "title": "九人会",
      "content": "我只是想如实地映照出所有可能性。"
    },
    {
      "id": 42,
      "model": "이상",
      "teller": "李箱",
      "title": "九人会",
      "content": "所以，我决定这样为其命名。"
    },
    {
      "id": 43,
      "model": "이상",
      "teller": "李箱",
      "title": "九人会",
      "content": "“镜”。"
    },
    {
      "id": 44,
      "model": "이상",
      "teller": "李箱",
      "title": "九人会",
      "content": "我希望这能为我们带来欢笑之事……成为一种消遣方式。"
    },
    {
      "id": 45,
      "model": "과거동백",
      "teller": "冬柏",
      "title": "九人会",
      "content": "你是为了发现这个，才一直闭门不出直到今天的吗？"
    },
    {
      "id": 46,
      "model": "과거동백",
      "teller": "冬柏",
      "title": "九人会",
      "content": "东朗，你怎么笑成这样？"
    },
    {
      "id": 47,
      "model": "과거동랑",
      "teller": "东朗",
      "title": "九人会",
      "content": "你明明两眼放光，言辞却如此毒辣，这很有趣吧。"
    },
    {
      "id": 48,
      "model": "과거동백",
      "teller": "冬柏",
      "title": "九人会",
      "content": "李箱，你能叫这家伙闭嘴吗？"
    },
    {
      "id": 49,
      "model": "과거동랑",
      "teller": "东朗",
      "title": "九人会",
      "content": "那你能收敛下你那像第一次吃到冰淇凌的孩子一样的表情吗？"
    },
    {
      "id": 50,
      "content": "忍俊不禁。"
    },
    {
      "id": 51,
      "content": "惊叹不已。"
    },
    {
      "id": 52,
      "content": "相视一笑。"
    },
    {
      "id": 53,
      "content": "瞳辉胜星。"
    },
    {
      "id": 54,
      "content": "大家都感受到……纯粹的喜悦。"
    },
    {
      "id": 55,
      "content": "我仅仅希望这一切……"
    },
    {
      "id": 56,
      "content": "仍是一种单纯的消遣。"
    },
    {
      "id": 57,
      "model": "상이",
      "teller": "？？？",
      "title": "？？？",
      "content": "安静。"
    },
    {
      "id": 58,
      "model": "상이",
      "teller": "？？？",
      "title": "？？？",
      "content": "你只需要……一如既往地活下去。仿佛对一切全然无知。"
    },
    {
      "id": 59,
      "model": "동백여우각성_먼지",
      "teller": "冬柏",
      "title": "技术解放联盟",
      "content": "玻璃窗……不是为了做这种令人作呕的事……才被制作出来的……"
    },
    {
      "id": 60,
      "model": "동랑",
      "teller": "东朗",
      "title": "K公司 粮食资源改良部门",
      "content": "我们正迎来重要时刻。请注意你的措辞。"
    },
    {
      "id": 61,
      "model": "동랑",
      "teller": "东朗",
      "title": "K公司 粮食资源改良部门",
      "content": "而且我也知道。灵之哥的话肯定会为此责备我的。"
    },
    {
      "id": 62,
      "model": "동랑",
      "teller": "东朗",
      "title": "K公司 粮食资源改良部门",
      "content": "啊，但你知道吗？如今已不再是展示玩具般的技术就能引发连声欢呼的时代了。我们剩下的人已经不多了，掌声也不再像以前那样响亮了。"
    },
    {
      "id": 63,
      "model": "동백여우각성_먼지",
      "teller": "冬柏",
      "title": "技术解放联盟",
      "content": "……"
    },
    {
      "id": 64,
      "model": "동랑",
      "teller": "东朗",
      "title": "K公司 粮食资源改良部门",
      "content": "你只是，无法忘怀。我说的对吧？"
    },
    {
      "id": 65,
      "model": "동랑",
      "teller": "东朗",
      "title": "K公司 粮食资源改良部门",
      "content": "表面上你大肆宣传技术的丑陋……但这不就是你为了煽动人们而附加的托辞吗？只是为了达成你的目的。"
    },
    {
      "id": 66,
      "model": "동랑",
      "teller": "东朗",
      "title": "K公司 粮食资源改良部门",
      "content": "在我看来，想要消灭技术的丑陋的你，也在一同变得丑陋不堪。"
    },
    {
      "id": 67,
      "model": "동랑",
      "teller": "东朗",
      "title": "K公司 粮食资源改良部门",
      "content": "你们偏偏这时又抢走了我作为研究场所的脑叶公司支部……"
    },
    {
      "id": 68,
      "model": "동랑",
      "teller": "东朗",
      "title": "K公司 粮食资源改良部门",
      "content": "虽然你对手下宣称目的是调查奇点，但也发现了那里隐藏着像E.G.O一样可以作为武器使用的技术吧？"
    },
    {
      "id": 69,
      "model": "동랑",
      "teller": "东朗",
      "title": "K公司 粮食资源改良部门",
      "content": "向你提供如此珍贵信息的会是谁呢？施伦妮肯定也不知道。能做一个二十个问题的游戏来告诉我吗？"
    },
    {
      "id": 70,
      "model": "동백여우각성_먼지",
      "teller": "冬柏",
      "title": "技术解放联盟",
      "content": "不要装得你什么都知道。你这种态度……以前就一直让我很恼火……"
    },
    {
      "id": 71,
      "model": "동랑",
      "teller": "东朗",
      "title": "K公司 粮食资源改良部门",
      "content": "哈哈，那我就再假装知道一件事。"
    },
    {
      "id": 72,
      "model": "동랑",
      "teller": "东朗",
      "title": "K公司 粮食资源改良部门",
      "content": "当我们看向灵之哥的玻璃窗中时……还有李箱的镜子映照出的世界时……"
    },
    {
      "id": 73,
      "model": "동랑",
      "teller": "东朗",
      "title": "K公司 粮食资源改良部门",
      "content": "那时，我们感受到了绝对无法回到从前的喜悦与分裂。"
    },
    {
      "id": 74,
      "model": "동백여우각성_먼지",
      "teller": "冬柏",
      "title": "技术解放联盟",
      "content": "……"
    },
    {
      "id": 75,
      "model": "동백여우각성_먼지",
      "teller": "冬柏",
      "title": "技术解放联盟",
      "content": "从玻璃窗诞生之刻起……"
    },
    {
      "id": 76,
      "model": "동백여우각성_먼지",
      "teller": "冬柏",
      "title": "技术解放联盟",
      "content": "各种利益集团争先恐后地涌了进来。"
    },
    {
      "id": 77,
      "model": "동백여우각성_먼지",
      "teller": "冬柏",
      "title": "技术解放联盟",
      "content": "是啊……我们以为会凭自己的意志……离开九人会……"
    },
    {
      "id": 78,
      "model": "동백여우각성_먼지",
      "teller": "冬柏",
      "title": "技术解放联盟",
      "content": "大家都知道……我们其实早已四分五裂分崩离析……"
    },
    {
      "id": 79,
      "model": "동백여우각성_먼지",
      "teller": "冬柏",
      "title": "技术解放联盟",
      "content": "而且原因就在我们身上……"
    },
    {
      "id": 80,
      "model": "동랑",
      "teller": "东朗",
      "title": "K公司 粮食资源改良部门",
      "content": "冬柏，即使你将我的技术投入概念焚化炉，也无法回到那纯粹的时代。你很清楚吧？"
    },
    {
      "id": 81,
      "model": "동랑",
      "teller": "东朗",
      "title": "K公司 粮食资源改良部门",
      "content": "嗯……你就算知道……可也还是无法放手……"
    },
    {
      "id": 82,
      "model": "동백여우각성_먼지",
      "teller": "冬柏",
      "title": "技术解放联盟",
      "content": "……"
    },
    {
      "id": 83,
      "model": "동랑",
      "teller": "东朗",
      "title": "K公司 粮食资源改良部门",
      "content": "啊，这样啊。"
    },
    {
      "id": 84,
      "model": "동랑",
      "teller": "东朗",
      "title": "K公司 粮食资源改良部门",
      "content": "如果谁再次发现了被焚毁的技术……"
    },
    {
      "id": 85,
      "model": "동랑",
      "teller": "东朗",
      "title": "K公司 粮食资源改良部门",
      "content": "原来你希望着让怀有其他梦想的无名小辈……也感受到与我们同样的喜悦。"
    },
    {
      "id": 86,
      "model": "동랑",
      "teller": "东朗",
      "title": "K公司 粮食资源改良部门",
      "content": "虽然我们已无法回到过去……"
    },
    {
      "id": 87,
      "model": "동랑",
      "teller": "东朗",
      "title": "K公司 粮食资源改良部门",
      "content": "你会重新创造过去并将它留给后人。"
    },
    {
      "id": 88,
      "model": "동랑",
      "teller": "东朗",
      "title": "K公司 粮食资源改良部门",
      "content": "哇，这真是一个独特又可爱的构想呢。冬柏。"
    },
    {
      "id": 89,
      "model": "싱클레어",
      "content": "冬、冬柏小姐……你的身体……"
    },
    {
      "id": 90,
      "content": "冬柏凝望着空中喃喃自语。好像在和谁说话一样。"
    },
    {
      "id": 91,
      "model": "동백에고각성중_먼지",
      "teller": "冬柏",
      "title": "技术解放联盟",
      "content": "好……我会再度把它……深埋进沙土里……藏起来……"
    },
    {
      "id": 92,
      "model": "동백에고각성중_먼지",
      "teller": "冬柏",
      "title": "技术解放联盟",
      "content": "为了让某人总有一日……能发现它……"
    },
    {
      "id": 93,
      "model": "동백에고각성중_먼지",
      "teller": "冬柏",
      "title": "技术解放联盟",
      "content": "我们……并非是因为有比别人更优秀的资格，才发现了这项技术……"
    },
    {
      "id": 94,
      "model": "동백에고각성중_먼지",
      "teller": "冬柏",
      "title": "技术解放联盟",
      "content": "或许就像你所说，我欺骗了自己，欺骗了一切，以此来向我所希望的事物推进……只是因为……我们曾开垦过的土壤……是如此肥沃……"
    },
    {
      "id": 95,
      "model": "동랑",
      "teller": "东朗",
      "title": "K公司 粮食资源改良部门",
      "content": "真令人难过。为了耕种那块重要的土地，我们连赏花都错过了，难道你却要对我们用锄头耕耘的努力视而不见吗？"
    },
    {
      "id": 96,
      "model": "동랑",
      "teller": "东朗",
      "title": "K公司 粮食资源改良部门",
      "content": "那时的我们不过只是不懂事的孩子，你难以忘怀的那一瞬间，只不过是被美化过的刹那而已。"
    },
    {
      "id": 97,
      "model": "동랑",
      "teller": "东朗",
      "title": "K公司 粮食资源改良部门",
      "content": "但是你那些献上生命的同伴们，知道这个事实吗？"
    },
    {
      "id": 98,
      "model": "동랑",
      "teller": "东朗",
      "title": "K公司 粮食资源改良部门",
      "content": "你只是为了召集同伴而高喊着大义凛然的口号而已。实际上就是空中浮云。"
    },
    {
      "id": 99,
      "model": "동백에고각성중_먼지",
      "teller": "冬柏",
      "title": "技术解放联盟",
      "content": "不……但是……现在我终于了解了自己。所以我得亲手盖上土种下种子才行吗？"
    },
    {
      "id": 100,
      "model": "동백에고각성중_먼지",
      "teller": "冬柏",
      "title": "技术解放联盟",
      "content": "花蕾黯然消陨……我们的果实枯萎已久……"
    },
    {
      "id": 101,
      "model": "동백에고각성중_먼지",
      "teller": "冬柏",
      "title": "技术解放联盟",
      "content": "必须再次覆上泥土……为了结出其他果实……"
    },
    {
      "id": 102,
      "model": "로쟈",
      "content": "我说……那样放任她不管真的没问题吗？"
    },
    {
      "id": 103,
      "model": "로쟈",
      "content": "你知道的吧……使用E.G.O的话精神就不太正常……"
    },
    {
      "id": 104,
      "model": "히스클리프",
      "content": "喂……你是故意的吗……？尽可能地挑衅她，然后……"
    },
    {
      "id": 105,
      "model": "오티스",
      "content": "等待她最后自然屈服……"
    },
    {
      "id": 106,
      "model": "동백에고각성중_먼지",
      "teller": "冬柏",
      "title": "技术解放联盟",
      "content": "……这次要回到那没有我们存在的，纯粹的时代。"
    },
    {
      "id": 107,
      "model": "동랑",
      "teller": "东朗",
      "title": "K公司 粮食资源改良部门",
      "content": "啊，纯粹……"
    },
    {
      "id": 108,
      "model": "동랑",
      "teller": "东朗 ",
      "title": "K公司 粮食资源改良部门",
      "content": "没有什么比纯粹这个单词更令人羞愧的了。"
    },
    {
      "id": 109,
      "model": "히스클리프",
      "content": "喂，打起精神！"
    },
    {
      "id": 110,
      "model": "동랑",
      "teller": "东朗",
      "title": "K公司 粮食资源改良部门",
      "content": "无论此刻还是过往，都没人能像我一样动摇你的心，不是吗？"
    },
    {
      "id": 111,
      "model": "동백에고각성중_먼지",
      "teller": "冬柏",
      "title": "技术解放联盟",
      "content": "不，我的精神比以往任何时候，都要绽放得更加灿烂。"
    },
    {
      "id": 112,
      "model": "동백에고각성중_먼지",
      "teller": "冬柏",
      "title": "技术解放联盟",
      "content": "我一直都希望成为即将绽放的花蕾。"
    },
    {
      "id": 113,
      "model": "동백에고각성중_먼지",
      "teller": "冬柏",
      "title": "技术解放联盟",
      "content": "浑身散发着香味……"
    },
    {
      "id": 114,
      "model": "동백에고각성",
      "teller": "冬柏",
      "title": "技术解放联盟",
      "content": "即便这是条任谁都无法理解的、只会令我痛心的道路……"
    },
    {
      "id": 115,
      "model": "동백에고각성",
      "teller": "冬柏",
      "title": "绽放E.G.O::山茶花",
      "content": "我仍会如落花那般，留下深厚而肥沃的未来。"
    }
  ]
}