{
  "dataList": [
    {
      "id": 0,
      "place": "放映室",
      "model": "동랑",
      "teller": "东朗",
      "title": "K公司 粮食资源改良部门",
      "content": "这么想如何？"
    },
    {
      "id": 1,
      "model": "동랑",
      "teller": "东朗",
      "title": "K公司 粮食资源改良部门",
      "content": "你知道N公司已经成立了新的九人会吗？"
    },
    {
      "id": 2,
      "model": "동백에고각성중_다침",
      "teller": "冬柏",
      "title": "绽放E.G.O::山茶花",
      "content": "……"
    },
    {
      "id": 3,
      "model": "동랑",
      "teller": "东朗",
      "title": "K公司 粮食资源改良部门",
      "content": "他们似乎和你想做的差不多，打算把过去的那些人和技术重新聚集起来。"
    },
    {
      "id": 4,
      "model": "동랑",
      "teller": "东朗",
      "title": "K公司 粮食资源改良部门",
      "content": "但相反的是，他们似乎想要抹去那时的痕迹。"
    },
    {
      "id": 5,
      "model": "동랑",
      "teller": "东朗",
      "title": "K公司 粮食资源改良部门",
      "content": "反正纯粹是个人猜测嘛，我们无论如何，都逃不过被老朋友仇甫一个接一个杀掉再制成标本的命运。"
    },
    {
      "id": 6,
      "model": "동랑",
      "teller": "东朗",
      "title": "K公司 粮食资源改良部门",
      "content": "我所做的无非只是把那个时刻提前罢了。"
    },
    {
      "id": 7,
      "model": "동랑",
      "teller": "东朗",
      "title": "K公司 粮食资源改良部门",
      "content": "此外……你早已越界太远，我们过往的友谊也不能弥补了，冬柏。"
    },
    {
      "id": 8,
      "model": "동랑",
      "teller": "东朗",
      "title": "K公司 粮食资源改良部门",
      "content": "啊~我真的很期待明天的聚餐。"
    },
    {
      "id": 9,
      "model": "동랑",
      "teller": "东朗",
      "title": "K公司 粮食资源改良部门",
      "content": "好了……是时候停止绽放了，冬柏。"
    },
    {
      "id": 10,
      "content": "手握金枝的东朗毫不犹豫地将其刺向冬柏。"
    },
    {
      "id": 11,
      "model": "이상",
      "content": "为何……"
    },
    {
      "id": 12,
      "model": "동랑",
      "teller": "东朗",
      "title": "K公司 粮食资源改良部门",
      "content": "……"
    },
    {
      "id": 13,
      "model": "동백에고각성중_찔림",
      "teller": "冬柏",
      "title": "绽放E.G.O::山茶花",
      "content": "……"
    },
    {
      "id": 14,
      "model": "동랑",
      "teller": "东朗",
      "title": "K公司 粮食资源改良部门",
      "content": "我可以说出很多理由，但是……对了，就说这是我最后的怜悯之心吧。"
    },
    {
      "id": 15,
      "model": "동백에고각성중_찔림",
      "teller": "冬柏",
      "title": "绽放E.G.O::山茶花",
      "content": "……虽然我知道自己到了那时就会枯萎，但……"
    },
    {
      "id": 16,
      "model": "동백에고각성중_찔림",
      "teller": "冬柏",
      "title": "绽放E.G.O::山茶花",
      "content": "我……一直都……"
    },
    {
      "id": 17,
      "model": "동백에고각성중_찔림",
      "teller": "冬柏",
      "title": "绽放E.G.O::山茶花",
      "content": "希望成为即将绽放的……承载着芳香的花蕾……"
    },
    {
      "id": 18,
      "model": "동백에고각성중_찔림",
      "teller": "冬柏",
      "title": "绽放E.G.O::山茶花",
      "content": "李箱，就像你……梦想着飞翔……一样……"
    },
    {
      "id": 19,
      "model": "동백에고각성중_찔림",
      "teller": "冬柏",
      "title": "绽放E.G.O::山茶花",
      "content": "我……只是……想和你们大家一起……埋葬在花香中……无声无息……"
    },
    {
      "id": 20,
      "model": "K사안내방송",
      "teller": "播报员",
      "title": "K公司",
      "content": "已添加新饲料。"
    },
    {
      "id": 21,
      "content": "很快，屏幕上布满了黄色的花瓣。"
    },
    {
      "id": 22,
      "model": "이상",
      "content": "……"
    },
    {
      "id": 23,
      "model": "과거동백",
      "teller": "冬柏",
      "title": "九人会",
      "content": "谢谢你，李箱，让我看到了这样的瞬间。"
    },
    {
      "id": 24,
      "model": "과거동백",
      "teller": "冬柏",
      "title": "九人会",
      "content": "我会献上余生来报答你的这份恩情……"
    },
    {
      "id": 25,
      "model": "과거동랑",
      "teller": "东朗",
      "title": "九人会",
      "content": "李箱，有兴趣哪天和我另建一个实验室吗？感觉跟你度过的每一天都会很有趣的。"
    },
    {
      "id": 26,
      "model": "영지",
      "teller": "灵之",
      "title": "九人会",
      "content": "了不起，李箱。和我不同……你试图映射出正确而真实的映像。"
    },
    {
      "id": 27,
      "model": "영지",
      "teller": "灵之",
      "title": "九人会",
      "content": "既没有重叠……也没有模糊或是动摇。"
    },
    {
      "id": 28,
      "model": "과거구보",
      "teller": "仇甫",
      "title": "九人会",
      "content": "李箱，你太过软弱了。"
    },
    {
      "id": 29,
      "model": "과거구보",
      "teller": "仇甫",
      "title": "九人会",
      "content": "你到底为何只把它当作玩物？"
    },
    {
      "id": 30,
      "model": "상이",
      "teller": "？？？",
      "title": "？？？",
      "content": "安静。"
    },
    {
      "id": 31,
      "model": "상이",
      "teller": "？？？",
      "title": "？？？",
      "content": "只需要安静地呼吸。"
    },
    {
      "id": 32,
      "model": "상이",
      "teller": "？？？",
      "title": "？？？",
      "content": "现下，你必须如此活下去。"
    },
    {
      "id": 33,
      "model": "상이",
      "teller": "？？？",
      "title": "？？？",
      "content": "你不能飞。"
    },
    {
      "id": 34,
      "model": "과거구보",
      "teller": "仇甫",
      "title": "？？？",
      "content": "九人会已经分崩离析！我们得离开这里。"
    },
    {
      "id": 35,
      "model": "과거구보",
      "teller": "仇甫",
      "title": "？？？",
      "content": "李箱，你得和我一起走。"
    },
    {
      "id": 36,
      "model": "과거구보",
      "teller": "仇甫",
      "title": "？？？",
      "content": "如果愿意的话，你可以闭上眼睛。因为你太过软弱，我将代替你向前看。"
    },
    {
      "id": 37,
      "model": "동랑",
      "teller": "东朗",
      "title": "K公司 粮食资源改良部门",
      "content": "你在想什么？"
    },
    {
      "id": 38,
      "model": "이상",
      "content": "……"
    },
    {
      "id": 39,
      "model": "이상",
      "content": "没什么。"
    },
    {
      "id": 40,
      "content": "<color=#d4e1e8>而墓穴的香气正于此盛开。</color>"
    }
  ]
}