{
  "dataList": [
    {
      "id": 0,
      "content": "<color=#d4e1e8>啊，所以……</color>"
    },
    {
      "id": 1,
      "content": "<color=#d4e1e8>我还，“什么都不是”吗？</color>"
    },
    {
      "id": 2,
      "place": "正在重构的K公司研究所",
      "content": "当强烈的金光退去，空间便开始扭曲。"
    },
    {
      "id": 3,
      "model": "이스마엘",
      "content": "金枝还有这样的能力吗？我不认为我们已经进入了自我心道……它能够扭曲现实世界嘛？"
    },
    {
      "id": 4,
      "model": "파우스트",
      "content": "对与金枝有关的现象表现出疑问或兴奋是没有意义的。"
    },
    {
      "id": 5,
      "model": "파우스트",
      "content": "对于各位和浮士德来说……所有人将都是眼前发生的这种现象的第一目击者。"
    },
    {
      "id": 6,
      "model": "파우스트",
      "content": "基于概率上而言，推测今后还会见证更多以往没有发生过的事才是正确的。"
    },
    {
      "id": 7,
      "model": "이스마엘",
      "content": "也许是吧……像那样……"
    },
    {
      "id": 8,
      "content": "以实玛利似乎没法更准确地表达意思，于是便指向了另一边。"
    },
    {
      "id": 9,
      "model": "이스마엘",
      "content": "甚至连那些死人……都复活了……"
    },
    {
      "id": 10,
      "content": "早已失去生命的尸体踉踉跄跄地重新站了起来。"
    },
    {
      "id": 11,
      "content": "他们的器官和肢体都严重受损；这种现象只能被形容为 “复活”。"
    },
    {
      "id": 12,
      "model": "그레고르",
      "content": "嗯，不论如何，能让死人复活的能力……还是太难以置信了。不是说连K公司的HP安瓿也做不到这一点吗？"
    },
    {
      "id": 13,
      "model": "오티스",
      "content": "不太可能完全没有能够完美复活死者的技术或奇点。"
    },
    {
      "id": 14,
      "model": "오티스",
      "content": "然而，如果这种技术真的存在……首先，我即使在战争期间也不曾听说过它。"
    },
    {
      "id": 15,
      "model": "오티스",
      "content": "也就是说……这是一项不可能在都市发展的技术吗。……恐怕在这种情况下，首脑……"
    },
    {
      "id": 16,
      "model": "파우스트",
      "content": "没错。这可能是一种被视为违反首脑规定的禁忌的行为。"
    },
    {
      "id": 17,
      "model": "파우스트",
      "content": "和边狱公司里……我们与但丁同步来经历复活的情况完全不同。"
    },
    {
      "id": 18,
      "model": "뫼르소",
      "content": "不同，而且有问题。"
    },
    {
      "id": 19,
      "model": "뫼르소",
      "content": "与我们不同，他们的复原并不完全。他们只是……"
    },
    {
      "id": 20,
      "model": "뫼르소",
      "content": "只是能够行动的状态而已。看起来并没有任何意识和理性存在。"
    },
    {
      "id": 21,
      "model": "그레고르",
      "content": "这样的话……相反，如果自我和肉体全都恢复了……才算是触碰了首脑的禁忌。"
    },
    {
      "id": 22,
      "model": "파우스트",
      "content": "……"
    }
  ]
}