{
  "dataList": [
    {
      "id": 0,
      "place": "正在重构的K公司研究所",
      "content": "当我在战斗结束后仔细观察那些复活的敌人时，发现从他们眼睛里流出的液体的颜色非常眼熟。"
    },
    {
      "id": 1,
      "model": "되살아난해방연합",
      "teller": "复活的？解放联盟成员",
      "title": "技术解放联盟",
      "content": "唔……啊啊唔啊噫……"
    },
    {
      "id": 2,
      "model": "파우스트",
      "content": "但丁，你能感觉到周围存在金枝吗？"
    },
    {
      "id": 3,
      "model": "파우스트",
      "content": "我最后一次看到金枝是在它刺入了冬柏的身体里的时候……"
    },
    {
      "id": 4,
      "model": "단테",
      "content": "<应该是空间变换的原因……在哪我都找不到她的尸体。>"
    },
    {
      "id": 5,
      "model": "단테",
      "content": "<但我确信不会离得太远。我能感觉到……>"
    },
    {
      "id": 6,
      "model": "싱클레어",
      "content": "啊，我也没看到东朗先生。"
    },
    {
      "id": 7,
      "model": "파우스트",
      "content": "他很可能和冬柏的遗体在同一个地方。"
    },
    {
      "id": 8,
      "model": "싱클레어",
      "content": "目前为止……我们都同时经历了自我心道。我想这要归功于我们和但丁经理的亲密联系……是这样吗……？"
    },
    {
      "id": 9,
      "model": "히스클리프",
      "content": "你到底在胡说什么啊。亲密联系？"
    },
    {
      "id": 10,
      "model": "파우스트",
      "content": "你指的是将我们绑定在一起的纽带吗？"
    },
    {
      "id": 11,
      "model": "싱클레어",
      "content": "对……这也是纽带造成的影响之一吧？"
    },
    {
      "id": 12,
      "model": "싱클레어",
      "content": "那么，如果像东朗先生这样的人探寻到自我心道，会发生什么呢？"
    },
    {
      "id": 13,
      "model": "돈키호테",
      "content": "不必担心，吾等从现在起开始寻找就行！"
    },
    {
      "id": 14,
      "model": "돈키호테",
      "content": "总之先打倒面前的敌人吧！"
    }
  ]
}