{
  "dataList": [
    {
      "id": 0,
      "place": "正在重构的K公司研究所",
      "content": "越是靠近金枝产生共鸣的地方，似乎就能看到更多飘散在空中的黄色团块。"
    },
    {
      "id": 1,
      "content": "空间中，花瓣摇曳着。"
    },
    {
      "id": 2,
      "model": "싱클레어",
      "content": "李箱先生的自我心道就在那里……"
    },
    {
      "id": 3,
      "model": "단테",
      "content": "<好，我们进去吧。>"
    },
    {
      "id": 4,
      "model": "이상",
      "content": "……"
    },
    {
      "id": 5,
      "place": "？？？",
      "model": "동랑",
      "teller": "？？？",
      "title": "？？？",
      "content": "哇，我真没想到还会回到这里。是因为金枝吗？还是因为你，李箱？"
    },
    {
      "id": 6,
      "content": "在那里，东朗高兴地迎接着我们。"
    },
    {
      "id": 7,
      "model": "로쟈",
      "content": "多么舒适……这里是哪，李箱先生？"
    },
    {
      "id": 8,
      "model": "이상",
      "content": "我唯一能够呼吸的地方……就是此处。"
    },
    {
      "id": 9,
      "model": "단테",
      "content": "<……桌子上放着很多纸。>"
    },
    {
      "id": 10,
      "model": "로쟈",
      "content": "啊哈……嗯，通常是这样的。"
    },
    {
      "id": 11,
      "model": "로쟈",
      "content": "这些是放在这让像我们这样的客人读的。"
    },
    {
      "id": 12,
      "model": "이상",
      "content": "……"
    },
    {
      "id": 13,
      "content": "李箱一言不发地拿起一摞。他默默地看着铅字的表情中孕育着怎样的想法，我不得而知。"
    },
    {
      "id": 14,
      "model": "이상",
      "content": "我曾写过一封信……它是按照……剧本的格式。"
    },
    {
      "id": 15,
      "model": "뫼르소",
      "content": "那么，合理推测演员是按角色数量分配的。"
    },
    {
      "id": 16,
      "model": "이상",
      "content": "如果这样……此处可能是一个待我们到来的舞台，而不单是一片空地。"
    },
    {
      "id": 17,
      "model": "동랑",
      "teller": "东朗",
      "title": "K公司 粮食资源改良部门",
      "content": "不管怎么说……现在的氛围应该是要我们朗读剧本吧？"
    },
    {
      "id": 18,
      "model": "동랑",
      "teller": "东朗",
      "title": "K公司 粮食资源改良部门",
      "content": "说不定冬柏会来，李箱。"
    },
    {
      "id": 19,
      "model": "동랑",
      "teller": "东朗",
      "title": "K公司 粮食资源改良部门",
      "content": "如果冬柏临死前来到了这个空间……哈哈，我不知道该怎么称呼这个。"
    },
    {
      "id": 20,
      "model": "동랑",
      "teller": "东朗",
      "title": "K公司 粮食资源改良部门",
      "content": "总之，如果这个入口在她活着的时候是打开的……那么她的意识可能会和我们一样被卷入其中。"
    },
    {
      "id": 21,
      "model": "이상",
      "content": "……你为何要刺向冬柏？"
    },
    {
      "id": 22,
      "model": "동랑",
      "teller": "东朗",
      "title": "K公司 粮食资源改良部门",
      "content": "因为她比想象中的还要犹豫……怎么，你想要我念这样的悼词吗？"
    },
    {
      "id": 23,
      "model": "이상",
      "content": "……讲讲缘由吧。"
    },
    {
      "id": 24,
      "model": "동랑",
      "teller": "东朗",
      "title": "K公司 粮食资源改良部门",
      "content": "不……你也知道吧，李箱。那个状态下的冬柏即将迎接死亡……而且是以被痛苦淹没的状态。"
    },
    {
      "id": 25,
      "model": "동랑",
      "teller": "东朗",
      "title": "K公司 粮食资源改良部门",
      "content": "所以即使你饱含愤怒也不能向我宣泄。反正这也改变不了什么。"
    },
    {
      "id": 26,
      "model": "파우스트",
      "content": "这次的自我心道……看起来是以与先前不同的方式出现的。"
    },
    {
      "id": 27,
      "model": "파우스트",
      "content": "自我心道是再现某人心灵的地方，或者现象。"
    },
    {
      "id": 28,
      "model": "파우스트",
      "content": "由于其产生的能量强大而又复杂……可能会把罪人之外，其他周围与李箱关系密切的人也吸引进来。"
    },
    {
      "id": 29,
      "model": "히스클리프",
      "content": "……这样吗？简单来说……它把一群小丑拉到了台上表演，对吧？"
    },
    {
      "id": 30,
      "model": "파우스트",
      "content": "即便这只是一个猜测……但是的，好像就是这样。我们必须尽力扮演好我们的角色。"
    },
    {
      "id": 31,
      "model": "료슈",
      "content": "……如果我们不配合的话？"
    },
    {
      "id": 32,
      "model": "파우스트",
      "content": "那么自我心道展现出来的场景将会出错……并最终阻止我们获得金枝。也就是说，我们必须尽可能地重演李箱先生的记忆中的原本个体。"
    },
    {
      "id": 33,
      "model": "히스클리프",
      "content": "好，我完全理解了。所以……"
    },
    {
      "id": 34,
      "model": "히스클리프",
      "content": "什么东西？！我心脏都快跳出来了！"
    },
    {
      "id": 35,
      "model": "이상",
      "content": "我曾有些突然、偶然……或是命中注定般相会的同伴。"
    },
    {
      "id": 36,
      "model": "동랑",
      "teller": "东朗",
      "title": "K公司 粮食资源改良部门",
      "content": "那句台词真不错啊。"
    },
    {
      "id": 37,
      "model": "과거동백",
      "teller": "冬柏",
      "title": "九人会",
      "content": "……你为什么像个傻子一样站在门口？"
    },
    {
      "id": 38,
      "model": "히스클리프",
      "content": "……哈，傻子？等下……你不是刚刚那个……"
    },
    {
      "id": 39,
      "model": "과거동백",
      "teller": "冬柏",
      "title": "九人会",
      "content": "你干嘛像撞鬼了一样一直盯着我的脸看？怎么，你觉得我很帅吗？"
    },
    {
      "id": 40,
      "model": "싱클레어",
      "content": "她……她说得对，甲龙，别像个乡巴佬似的。你是要让你的举止变得跟你的名字一样土吗？"
    },
    {
      "id": 41,
      "model": "히스클리프",
      "content": "……？你个小子现在……在说啥？"
    },
    {
      "id": 42,
      "model": "싱클레어",
      "content": "（噫，不是你想的那样，希斯克利夫先生，是剧本……！我拿到的台词就是这么写的。）"
    },
    {
      "id": 43,
      "model": "과거동백",
      "teller": "冬柏",
      "title": "九人会",
      "content": "你们两个在窃窃私语什么呢？"
    },
    {
      "id": 44,
      "model": "동랑",
      "teller": "东朗",
      "title": "K公司 粮食资源改良部门",
      "content": "那个啊，冬柏。甲龙正在回想我们是如何聚在T公司的。"
    },
    {
      "id": 45,
      "model": "히스클리프",
      "content": "真恶心……喂，别用那个名字叫我。"
    },
    {
      "id": 46,
      "model": "동랑",
      "teller": "东朗",
      "title": "K公司 粮食资源改良部门",
      "content": "不错嘛。甲龙之前也总是那么说，让我们不要用本名叫他。"
    },
    {
      "id": 47,
      "model": "오티스",
      "content": "……"
    },
    {
      "id": 48,
      "model": "이상",
      "content": "该你说话了，尚虚。"
    },
    {
      "id": 49,
      "model": "오티스",
      "content": "咳。"
    },
    {
      "id": 50,
      "model": "오티스",
      "content": "啊……所以……"
    },
    {
      "id": 51,
      "model": "오티스",
      "content": "我们的家乡，S公司所在的地区，正如大家所知，很多事情都处于崩溃和变化的状态。"
    },
    {
      "id": 52,
      "model": "오티스",
      "content": "因为顶层的空想家和腐败的贪官污吏们只会说些似是而非的话，民生和经济每天都在动荡和崩溃……"
    },
    {
      "id": 53,
      "model": "오티스",
      "content": "在没有翼之间的协议，也在没有任何可申请的职位的情况下，像我们这样追求知识和研究的研究员连一颗简单的螺丝都找不到。"
    },
    {
      "id": 54,
      "model": "오티스",
      "content": "在那个时候，灵之哥将我们带到了一起。"
    },
    {
      "id": 55,
      "model": "동랑",
      "teller": "东朗",
      "title": "K公司 粮食资源改良部门",
      "content": "啊……是我召集的李箱和冬柏。我们是在同一个镇上长大的。"
    },
    {
      "id": 56,
      "model": "오티스",
      "content": "……的确，灵之哥与东朗将我们带到了一起。"
    },
    {
      "id": 57,
      "model": "홍루",
      "content": "我如是说道。"
    },
    {
      "id": 58,
      "model": "홍루",
      "content": "被称作T公司的翼正在经历着显著的技术发展，并慷慨地支持机械与技术的发明。"
    },
    {
      "id": 59,
      "model": "홍루",
      "content": "所以在那里我们能轻松获取我们所需的零件。在那里，人们以发明创造为生。"
    },
    {
      "id": 60,
      "model": "홍루",
      "content": "所以，一群志同道合的人，冒着种种危险，两手空空地逃来了这里。"
    },
    {
      "id": 61,
      "model": "뫼르소",
      "content": "正如大家所希望的那样……我们可以在这里将研究继续下去。"
    },
    {
      "id": 62,
      "model": "뫼르소",
      "content": "因为其中的颜色需要归还，所以看不到其闪耀。"
    },
    {
      "id": 63,
      "content": "正如默尔索，或者借默尔索之口的九人会成员之一所说的那样……我在这里看不见颜色。"
    },
    {
      "id": 64,
      "content": "窗外的花也失去了颜色，浑浊地摇曳着。"
    },
    {
      "id": 65,
      "model": "파우스트",
      "content": "在T公司拥有颜色是一种特权。"
    },
    {
      "id": 66,
      "model": "싱클레어",
      "content": "他们会夺走颜色？"
    },
    {
      "id": 67,
      "model": "이스마엘",
      "content": "因为颜色就是一种身份。若要剥夺一个人的独特性，没什么比这更好的方法了。不是吗？"
    },
    {
      "id": 68,
      "model": "파우스트",
      "content": "是的。"
    },
    {
      "id": 69,
      "model": "히스클리프",
      "content": "……而且颜色通常是一无所有的人能拥有的为数不多的东西。"
    },
    {
      "id": 70,
      "model": "싱클레어",
      "content": "……"
    },
    {
      "id": 71,
      "model": "과거동백",
      "teller": "冬柏",
      "title": "九人会",
      "content": "嘿，雅能，你要一直啰嗦下去吗？"
    },
    {
      "id": 72,
      "model": "과거동백",
      "teller": "冬柏",
      "title": "九人会",
      "content": "今天不是朗术会吗。看好了，我做了一个很酷的游戏。"
    },
    {
      "id": 73,
      "model": "과거동백",
      "teller": "冬柏",
      "title": "九人会",
      "content": "看。有没有感觉比之前爆炸得更好了？"
    },
    {
      "id": 74,
      "model": "이스마엘",
      "content": "真不知道你为什么一直对炸药……不对，是烟花，那么痴迷，冬柏小姐……"
    },
    {
      "id": 75,
      "model": "과거동백",
      "teller": "冬柏",
      "title": "九人会",
      "content": "在这里，由于在夜晚也亮如白昼的灯光和蒸汽的烟雾，从而看不到夜空中的星星。在故乡，星星是如此美丽，大家一起望向天空，非常有趣。"
    },
    {
      "id": 76,
      "model": "과거동백",
      "teller": "冬柏",
      "title": "九人会",
      "content": "这里连颜色都没有。在我们原来呆的地方，至少可以看到花朵的颜色。"
    },
    {
      "id": 77,
      "model": "과거동백",
      "teller": "冬柏",
      "title": "九人会",
      "content": "所以……即便是以这种形式，我也想看看。"
    },
    {
      "id": 78,
      "model": "과거동백",
      "teller": "冬柏",
      "title": "九人会",
      "content": "看啊。哪怕是没有颜色也能看得出来，对吧？"
    },
    {
      "id": 79,
      "model": "과거동백",
      "teller": "冬柏",
      "title": "九人会",
      "content": "火焰是如此温暖的颜色。"
    },
    {
      "id": 80,
      "model": "동랑",
      "teller": "东朗",
      "title": "K公司 粮食资源改良部门",
      "content": "有点不好意思。我还没有这样的技术呢。"
    },
    {
      "id": 81,
      "model": "과거동백",
      "teller": "冬柏",
      "title": "九人会",
      "content": "这真的是一件值得开朗承认的事情吗？"
    },
    {
      "id": 82,
      "model": "동랑",
      "teller": "东朗",
      "title": "K公司 粮食资源改良部门",
      "content": "哈哈，在街上治疗受伤的动物就占了我很多时间。"
    },
    {
      "id": 83,
      "model": "동랑",
      "teller": "东朗",
      "title": "K公司 粮食资源改良部门",
      "content": "因为它让我想起了留在故乡的小黄，所以我无法不管不顾。"
    },
    {
      "id": 84,
      "model": "과거동백",
      "teller": "冬柏",
      "title": "九人会",
      "content": "看起来它很喜欢你，我不清楚你有什么好的。"
    },
    {
      "id": 85,
      "model": "동랑",
      "teller": "东朗",
      "title": "K公司 粮食资源改良部门",
      "content": "它被母亲抛弃了。寻求温暖并可以依靠的地方是生物的本能。"
    },
    {
      "id": 86,
      "model": "과거동백",
      "teller": "冬柏",
      "title": "九人会",
      "content": "嗯，现在……它有幼崽了吗？"
    },
    {
      "id": 87,
      "model": "동랑",
      "teller": "东朗",
      "title": "K公司 粮食资源改良部门",
      "content": "嗯，大概是没有的。因为它是雄性。"
    },
    {
      "id": 88,
      "model": "과거동백",
      "teller": "冬柏",
      "title": "九人会",
      "content": "……"
    },
    {
      "id": 89,
      "model": "해방연합대원",
      "teller": "复活的？解放联盟成员",
      "title": "技术解放联盟",
      "content": "啊……呃啊啊啊……"
    },
    {
      "id": 90,
      "model": "단테",
      "content": "<……！>"
    },
    {
      "id": 91,
      "model": "과거동백",
      "teller": "冬柏",
      "title": "九人会",
      "content": "啊……又开始了。"
    },
    {
      "id": 92,
      "model": "과거동백",
      "teller": "冬柏",
      "title": "九人会",
      "content": "甲龙，酒吧老板好像又来找你要账了。你快出去看看吧？"
    },
    {
      "id": 93,
      "model": "히스클리프",
      "content": "什么，那些家伙……为什么会来到这里？"
    },
    {
      "id": 94,
      "model": "파우스트",
      "content": "由于金枝和李箱先生的强烈共鸣，整个K公司研究所都受到了金枝的影响。"
    },
    {
      "id": 95,
      "model": "파우스트",
      "content": "因此他们也被卷入其中，但是他们和李箱先生没有任何关系。"
    },
    {
      "id": 96,
      "model": "파우스트",
      "content": "他们是没有被赋予任何角色的人……只会想着破坏这里。自我心道越不稳定，其就会变得越发激动。"
    },
    {
      "id": 97,
      "model": "이스마엘",
      "content": "所以，我们必须迅速推进这场故事的情节。"
    },
    {
      "id": 98,
      "model": "이스마엘",
      "content": "像某人一样磨磨蹭蹭不按剧本流程走，跟傻子一样做些多余的事，就会被很多敌人盯上，不是吗。"
    },
    {
      "id": 99,
      "content": "以实玛利开始轻微地活动身体，关节发出咔咔的声响。"
    },
    {
      "id": 100,
      "model": "이스마엘",
      "content": "让我们先把注意力集中到面前的敌人上吧。"
    }
  ]
}