{
  "dataList": [
    {
      "id": 0,
      "place": "梅菲斯托费勒斯 甲板",
      "content": "自巴士……不，巴士船上闪烁起绿灯并发出警报，还没过多久……"
    },
    {
      "id": 1,
      "content": "大家没打算回到自己的房间，都别扭地坐在船舱内（以前的巴士内部）想要小睡一会。"
    },
    {
      "id": 2,
      "model": "파우스트",
      "content": "……"
    },
    {
      "id": 3,
      "content": "凝视着窗外的浮士德突然站了起来，向着舵（以前的方向盘）的方向走去。"
    },
    {
      "id": 4,
      "model": "베르길리우스",
      "content": "浮士德女士。"
    },
    {
      "id": 5,
      "model": "파우스트",
      "content": "没错，我们收到了信号。"
    },
    {
      "id": 6,
      "model": "단테2",
      "content": "<浮士德？>"
    },
    {
      "id": 7,
      "model": "이상",
      "content": "唔唔……呼。一直在等待的信号终于到了吗？"
    },
    {
      "id": 8,
      "model": "돈키호테",
      "content": "哦哦！吾等于大湖上的冒险终于要开始了吗？"
    },
    {
      "id": 9,
      "model": "싱클레어",
      "content": "什么信号来了？我既没有听见有警报声，也没有看到有什么东西出现啊……"
    },
    {
      "id": 10,
      "model": "파우스트",
      "content": "在我们的视野之外，梅菲斯托费勒斯感应到了远方的信号烟。"
    },
    {
      "id": 11,
      "model": "그레고르",
      "content": "烟……是狼烟燃起了吗。我猜我们是在等那个吧。"
    },
    {
      "id": 12,
      "model": "카론",
      "content": "开始航行，哗啦哗啦。"
    },
    {
      "id": 13,
      "model": "파우스트",
      "content": "很快……我们就将离开沿岸地区，进入被称为大湖入口的区域了。"
    },
    {
      "id": 14,
      "model": "파우스트",
      "content": "现在启动自动航海功能。"
    },
    {
      "id": 15,
      "model": "돈키호테",
      "content": "怎会？！汝的意思是迄今为止吾等并未处于大湖之上吗？"
    },
    {
      "id": 16,
      "model": "파우스트",
      "content": "按照严格的定义而言，我们迄今为止都位于大湖之上，但是由于没有遇到真正的威胁，所以我便基于堂吉诃德小姐认识到的信息，特意区分了一下。"
    },
    {
      "id": 17,
      "model": "돈키호테",
      "content": "不会吧……先前遭遇的那些事情竟然不算威胁……"
    },
    {
      "id": 18,
      "model": "돈키호테",
      "content": "那边的李箱在航行时不是一直抱着桶不放吗……！"
    },
    {
      "id": 19,
      "model": "이상",
      "content": "我……还算安定……不用担……呕……"
    },
    {
      "id": 20,
      "model": "돈키호테",
      "content": "吾最初觉得那桶是用来移去船上积水的，可目前为止，它只是移去李箱胃里的东西了……"
    },
    {
      "id": 21,
      "model": "돈키호테",
      "content": "此外！那个……瓦波里……基斯之夜？那件事还没过去多久呢！"
    },
    {
      "id": 22,
      "model": "파우스트",
      "content": "是瓦尔普吉斯之夜。"
    },
    {
      "id": 23,
      "model": "파우스트",
      "content": "以及，应当并非所有那些事情……都是大湖造成的。"
    },
    {
      "id": 24,
      "model": "뫼르소",
      "content": "是假因谬论。"
    },
    {
      "id": 25,
      "model": "돈키호테",
      "content": "……难懂的词汇实在太多，吾决定继续睡觉了。"
    },
    {
      "id": 26,
      "model": "오티스",
      "content": "不行！一旦进入了危险区域，我们就该紧绷神经，严阵以待。"
    },
    {
      "id": 27,
      "model": "단테2",
      "content": "<奥提斯？>"
    },
    {
      "id": 28,
      "model": "오티스",
      "content": "全员，警戒状态！"
    },
    {
      "id": 29,
      "content": "奥提斯突然猛地站起身，向着所有人发号施令。"
    },
    {
      "id": 30,
      "model": "그레고르",
      "content": "唔呃！"
    },
    {
      "id": 31,
      "model": "히스클리프",
      "content": "……咋了？"
    },
    {
      "id": 32,
      "model": "그레고르",
      "content": "……该死，我差点心脏骤停。"
    },
    {
      "id": 33,
      "model": "파우스트",
      "content": "奥提斯，这艘船正在自动航行。它不仅能避开大湖上的威胁，还在处于无法回避的情况时发出警报。"
    },
    {
      "id": 34,
      "model": "오티스",
      "content": "哈啊……真的是。你真的认为我会去信任这种莫名其妙的功能吗？"
    },
    {
      "id": 35,
      "model": "오티스",
      "content": "而且这个所谓的装置，不也是修船厂的收尾人们在最后关头匆忙装上去的吗！"
    },
    {
      "id": 36,
      "model": "파우스트",
      "content": "……确实，它不是由浮士德直接安装的。所以可信度也并非100%。"
    },
    {
      "id": 37,
      "model": "오티스",
      "content": "说得好。自古以来，航海之中就充斥着未知的威胁。结果而言，终究要由人来挺身而出去解决！"
    },
    {
      "id": 38,
      "model": "돈키호테",
      "content": "也就是说，汝将会领导这艘船吧！"
    },
    {
      "id": 39,
      "model": "오티스",
      "content": "由于执行经理并未保有有关航海的记忆，所以正是如此。恰好，我有丰富的领导经验。"
    },
    {
      "id": 40,
      "model": "돈키호테",
      "content": "哦哦哦……队长！"
    },
    {
      "id": 41,
      "model": "오티스",
      "content": "不是队长！是船长！"
    },
    {
      "id": 42,
      "model": "오티스",
      "content": "执行经理！请允许我这次作为经理您的代表，暂时担任船长一职。"
    },
    {
      "id": 43,
      "content": "奥提斯还没等我回答，就继续说道。"
    },
    {
      "id": 44,
      "model": "오티스",
      "content": "来，听着！航海这件事本身是……"
    },
    {
      "id": 45,
      "content": "过了一段时间……"
    },
    {
      "id": 46,
      "model": "오티스",
      "content": "……这些就是航海的基础！全员都认真记下来了吗？"
    },
    {
      "id": 47,
      "model": "카론",
      "content": "呼噜，呼噜。"
    },
    {
      "id": 48,
      "model": "돈키호테",
      "content": "哦哦哦！吾越听越觉得不可思议！这不就是在冒险吗！"
    },
    {
      "id": 49,
      "model": "돈키호테",
      "content": "在汹涌波涛之中，冲破风暴的阻拦展开冒险……这正是吾那863个梦中的一个！"
    },
    {
      "id": 50,
      "model": "이상",
      "content": "这数字怎会如此详细。"
    },
    {
      "id": 51,
      "model": "싱클레어",
      "content": "奥提斯女士，我……我有个问题！"
    },
    {
      "id": 52,
      "model": "오티스",
      "content": "好，允许提问。"
    },
    {
      "id": 53,
      "model": "싱클레어",
      "content": "呃……那边那个看起来很复杂的拉杆是什么？"
    },
    {
      "id": 54,
      "model": "오티스",
      "content": "……嗯。"
    },
    {
      "id": 55,
      "model": "돈키호테",
      "content": "吾也相当好奇！那装置到底有什么功能呢？！"
    },
    {
      "id": 56,
      "model": "돈키호테",
      "content": "难、难道按下以后会从船里咔嚓咔嚓地冒出大炮，然后轰隆隆地一阵乱炸吗？！"
    },
    {
      "id": 57,
      "model": "이상",
      "content": "形态转换拉杆么。如果能有幸目睹想必会十分壮观。"
    },
    {
      "id": 58,
      "model": "오티스",
      "content": "……"
    },
    {
      "id": 59,
      "model": "오티스",
      "content": "……嗯……"
    },
    {
      "id": 60,
      "model": "싱클레어",
      "content": "呃……奥提斯女士……？"
    },
    {
      "id": 61,
      "model": "오티스",
      "content": "哼。最近总有一些虚有其表的东西……顶着所谓“最新科技”的名头面世。"
    },
    {
      "id": 62,
      "model": "오티스",
      "content": "一味的追求便利性会变得更危险。总是依赖那些最新科技，迟早会在某一刻毁于一旦！"
    },
    {
      "id": 63,
      "model": "오티스",
      "content": "产生在犹如机器的血汗一般的螺丝与机油之间的热气……"
    },
    {
      "id": 64,
      "model": "오티스",
      "content": "其中指挥者的冷静领导与部下们的坚定忠心所造就的组合。"
    },
    {
      "id": 65,
      "model": "단테2",
      "content": "<血……？>"
    },
    {
      "id": 66,
      "model": "오티스",
      "content": "有着悠久传统与历史的工坊装置就该按照这种方式运作！这便是所谓战友之爱诞生的瞬间！"
    },
    {
      "id": 67,
      "model": "싱클레어",
      "content": "虽然无法理解但是好帅……胸腔里好像有什么在与之共鸣……！"
    },
    {
      "id": 68,
      "model": "돈키호테",
      "content": "队长！不对不对，船长！那个叫最新科技的东西一直在发出不妙的声响！该怎么办才好？"
    },
    {
      "id": 69,
      "model": "오티스",
      "content": "……"
    },
    {
      "id": 70,
      "model": "오티스",
      "content": "我奥提斯……将进行证明。"
    },
    {
      "id": 71,
      "model": "오티스",
      "content": "就算没有这些最新科技，航海也完全没有问题！"
    },
    {
      "id": 72,
      "model": "오티스",
      "content": "好！堂吉诃德船员！将动力杆推至最大！"
    },
    {
      "id": 73,
      "model": "돈키호테",
      "content": "动力杆！推至最大！"
    },
    {
      "id": 74,
      "model": "오티스",
      "content": "辛克莱船员！将船舵转至中央，按下开关！"
    },
    {
      "id": 75,
      "model": "싱클레어",
      "content": "船舵转到中央按下开关，船舵转到中央……按、按下开关！"
    },
    {
      "id": 76,
      "model": "오티스",
      "content": "出发！！！！！"
    },
    {
      "id": 77,
      "model": "이상",
      "content": "引擎……完全沉默。"
    },
    {
      "id": 78,
      "model": "파우스트",
      "content": "自动航海功能中止了。由于这是较为老旧的模块，重启大约需要5个小时。"
    },
    {
      "id": 79,
      "model": "카론",
      "content": "是抛弃司机的报应。"
    },
    {
      "id": 80,
      "model": "단테2",
      "content": "<等下，那么船不就动不了了吗？>"
    },
    {
      "id": 81,
      "model": "파우스트",
      "content": "并不会。虽然自动航海功能融入了梅菲斯托费勒斯的引擎，导致重启引擎会有困难，但船仍可以移动。"
    },
    {
      "id": 82,
      "model": "파우스트",
      "content": "只需转换为手动即可。"
    }
  ]
}