{
  "dataList": [
    {
      "id": 0,
      "place": "梅菲斯托费勒斯 甲板",
      "model": "오티스",
      "content": "好，诸位！在这种危急时刻最重要的就是明确的指挥与团结一致！"
    },
    {
      "id": 1,
      "model": "오티스",
      "content": "喊“嘿！”就动右脚，喊“唷！”就动左脚。"
    },
    {
      "id": 2,
      "model": "오티스",
      "content": "嘿！"
    },
    {
      "id": 3,
      "model": "돈키호테",
      "content": "唷！"
    },
    {
      "id": 4,
      "model": "오티스",
      "content": "嘿！"
    },
    {
      "id": 5,
      "model": "히스클리프",
      "content": "……唷你个锤子，你怎么一滴汗都不流就光在那站着？"
    },
    {
      "id": 6,
      "model": "오티스",
      "content": "愚蠢。船长的体力损失会让所有部下陷入危险之中。"
    },
    {
      "id": 7,
      "model": "오티스",
      "content": "为了保存体力，我当然不会投身于此！"
    },
    {
      "id": 8,
      "model": "단테2",
      "content": "<……>"
    },
    {
      "id": 9,
      "model": "히스클리프",
      "content": "……你从什么时候开始当上队长了？"
    },
    {
      "id": 10,
      "model": "단테2",
      "content": "<她说不是队长是船长……>"
    },
    {
      "id": 11,
      "model": "료슈",
      "content": "……"
    },
    {
      "id": 12,
      "model": "료슈",
      "content": "该死的鸟。从刚才起就让人火大。"
    },
    {
      "id": 13,
      "model": "히스클리프",
      "content": "……就不能把那些要饭的海鸥抓过来训练一下，让它们驱动发电机吗？"
    },
    {
      "id": 14,
      "model": "히스클리프",
      "content": "喂，了不起的浮士德小姐。你不是无所不知吗？那种程度的技术以你的头脑是不是可以马上就捣鼓出来啊？！"
    },
    {
      "id": 15,
      "model": "파우스트",
      "content": "虽然并非不可能，但效率会十分低下。毕竟要从基础的如厕训练开始起步。"
    },
    {
      "id": 16,
      "model": "카론",
      "content": "卡戎，好无聊。卡戎想要驾驶。"
    },
    {
      "id": 17,
      "model": "료슈",
      "content": "换班。你这司机来摇发电机好了。正好你还挺闲。"
    },
    {
      "id": 18,
      "model": "로쟈",
      "content": "啊这，你确定吗？维吉大概不会无动于衷哦~你想被拉去面谈吗？"
    },
    {
      "id": 19,
      "model": "그레고르",
      "content": "哈啊……等下……！咱们先慢慢、慢慢想想。"
    },
    {
      "id": 20,
      "model": "그레고르",
      "content": "探讨一下非要这么汗流浃背地摇发电机的……根本原因吧。嗯？"
    },
    {
      "id": 21,
      "model": "오티스",
      "content": "……对所有的结果都要一一追究原因与责任是一种很糟糕的想法。只要最终结果是成功的，那么在此之前的一切也不过是过程而已。"
    },
    {
      "id": 22,
      "model": "그레고르",
      "content": "不是，我不是要怪谁，就是好奇为什么非要像被催命似的加速啊。"
    },
    {
      "id": 23,
      "model": "그레고르",
      "content": "我们的目的地是U公司的大型港口之一吧。目的地、方向不都明确把握了吗。"
    },
    {
      "id": 24,
      "model": "그레고르",
      "content": "那港口又不会移动，为什么要这么着急啊？"
    },
    {
      "id": 25,
      "model": "파우스트",
      "content": "……"
    },
    {
      "id": 26,
      "model": "그레고르",
      "content": "我没说错吧？又不会突然预告说从这么风平浪静的大湖里会冒出个怪物，把我们全杀干净之类的。"
    },
    {
      "id": 27,
      "model": "파우스트",
      "content": "看来你借由积累的经验在某种程度上获得了更准确的直觉，格里高尔。真有趣。"
    },
    {
      "id": 28,
      "model": "그레고르",
      "content": "嗯……？"
    },
    {
      "id": 29,
      "model": "파우스트",
      "content": "浮士德认为这是一种积极的转变。"
    },
    {
      "id": 30,
      "model": "파우스트",
      "content": "我们需要在接下来的10分钟之内离开这片区域。所以……现在比预想中的要滞后了一些。"
    },
    {
      "id": 31,
      "model": "그레고르",
      "content": "嗯……我有点不详的预感，为什么时间要提示的这么准确？"
    },
    {
      "id": 32,
      "model": "파우스트",
      "content": "是因为“大湖的规则”。"
    },
    {
      "id": 33,
      "model": "로쟈",
      "content": "噢……果然……是因为那个规则吗？！"
    },
    {
      "id": 34,
      "model": "파우스트",
      "content": "……？"
    },
    {
      "id": 35,
      "model": "파우스트",
      "content": "罗佳，你居然出乎预料地对大湖的规则有所了解。比起说是直觉如此敏锐……"
    },
    {
      "id": 36,
      "model": "로쟈",
      "content": "抱歉~这次是不懂装懂啦。每次都要问一下也太无聊了不是嘛？"
    },
    {
      "id": 37,
      "model": "파우스트",
      "content": "……U公司的大湖有着必须遵守的规则。"
    },
    {
      "id": 38,
      "model": "파우스트",
      "content": "以及与格里高尔先生所言不同，港口是会移动的。"
    },
    {
      "id": 39,
      "model": "히스클리프",
      "content": "啥……现在就连一片湖都有规矩了？"
    },
    {
      "id": 40,
      "model": "히스클리프",
      "content": "要是有违规的学生，这片湖还能拿起戒尺不成？"
    },
    {
      "id": 41,
      "model": "료슈",
      "content": "就没有把叽叽喳喳的家伙折·脖的规则吗？我耳朵疼。"
    },
    {
      "id": 42,
      "content": "“哈啊，都适可而止吧。”"
    },
    {
      "id": 43,
      "content": "彷佛即将听到绝妙的叹息与深入肺腑的毒舌。不，更像是脑袋里打开了录音机一般，清晰地传入耳中。"
    },
    {
      "id": 44,
      "content": "但这甲板上不论哪里都找不到以实玛利的踪迹。"
    },
    {
      "id": 45,
      "model": "이스마엘",
      "content": "所以，往后要是对我有什么要求，请明确地、提出来。"
    },
    {
      "id": 46,
      "content": "与她留下的那句话别无二致，以实玛利无视着所有的骚动，只是留在自己的房间里。"
    },
    {
      "id": 47,
      "content": "在这一切发生之时，她也没有露过一次面。"
    },
    {
      "id": 48,
      "model": "파우스트",
      "content": "虽然我想解释一下，但我更想说，眼下离开这个区域的优先级更高。"
    },
    {
      "id": 49,
      "model": "파우스트",
      "content": "算上刚刚的对话所消耗的时间，大约剩下7分钟。"
    },
    {
      "id": 50,
      "model": "뫼르소",
      "content": "若要离开此区域，按直线距离大约剩下15km。"
    },
    {
      "id": 51,
      "model": "뫼르소",
      "content": "需要人均承担时速10km以上的推进力才能安全越过。"
    },
    {
      "id": 52,
      "model": "베르길리우스",
      "content": "今天你们尤为团结啊。真是令人欣慰的景色。"
    },
    {
      "id": 53,
      "model": "돈키호테",
      "content": "前进吧！驽骍难得！目的地近在眼前！奔跑吧！"
    },
    {
      "id": 54,
      "model": "로쟈",
      "content": "那孩子怎么……这么活力四射啊……呃呃呃……"
    },
    {
      "id": 55,
      "model": "그레고르",
      "content": "咳咳……我……已经不行了……把我留在这儿吧……"
    },
    {
      "id": 56,
      "model": "싱클레어",
      "content": "能把你……留在哪儿啊……呜。"
    },
    {
      "id": 57,
      "model": "뫼르소",
      "content": "呼。呼。呼。呼。"
    },
    {
      "id": 58,
      "model": "뫼르소",
      "content": "对于这种强度的脚踏运动，腹式呼吸最为有效。"
    },
    {
      "id": 59,
      "model": "파우스트",
      "content": "对于承担时速10km程度所需的推进力确实如此。但若需要进一步的负荷时就需要把口鼻全部用上了。"
    },
    {
      "id": 60,
      "model": "로쟈",
      "content": "亲爱的你就不累么？！"
    },
    {
      "id": 61,
      "model": "파우스트",
      "content": "嗯，嘛。还剩3分钟。"
    },
    {
      "id": 62,
      "model": "로쟈",
      "content": "啊呜……连会发生什么事都不知道，就这么光消耗体力有什么意义啊？！"
    },
    {
      "id": 63,
      "model": "단테2",
      "content": "<不是说没时间说明了吗！目前就先尽全力蹬脚踏板吧！>"
    },
    {
      "id": 64,
      "model": "카론",
      "content": "卡戎，想要布隆布隆……这个是嘎吱嘎吱。"
    },
    {
      "id": 65,
      "model": "카론",
      "content": "嘎吱嘎吱，不好玩。"
    },
    {
      "id": 66,
      "model": "홍루",
      "content": "嗯哼~哼着歌劳动也很能提神呢。"
    },
    {
      "id": 67,
      "model": "로쟈",
      "content": "什么呀？！怎么不累的人这么多啊？"
    },
    {
      "id": 68,
      "model": "홍루",
      "content": "比起我在家里接受的强制修炼，这都算不上是费力啦~"
    },
    {
      "id": 69,
      "model": "히스클리프",
      "content": "咳，都拉倒吧，赶紧蹬啊！"
    },
    {
      "id": 70,
      "model": "파우스트",
      "content": "目前还有30秒。"
    },
    {
      "id": 71,
      "model": "싱클레어",
      "content": "30……30秒……！"
    },
    {
      "id": 72,
      "model": "돈키호테",
      "content": "哈啊啊！惊心动魄！！！这才叫冒险啊！！！"
    },
    {
      "id": 73,
      "model": "돈키호테",
      "content": "仿若向着庞大的敌人突进……呃啊？！咳！咳啊！"
    },
    {
      "id": 74,
      "model": "뫼르소",
      "content": "节省语句，调整呼吸。否则节奏会被打乱。吸气，呼气，吸气，呼气，吸气，呼气，吸气，呼气，吸气，呼气……"
    },
    {
      "id": 75,
      "model": "그레고르",
      "content": "哈……哈……现在……还剩下多少……"
    },
    {
      "id": 76,
      "model": "파우스트",
      "content": "还有10秒。"
    },
    {
      "id": 77,
      "model": "파우스트",
      "content": "4秒。"
    },
    {
      "id": 78,
      "model": "싱클레어",
      "content": "一般……这种时候不是每5秒倒数一次的吗……？"
    },
    {
      "id": 79,
      "model": "오티스",
      "content": "所有人闭嘴，给我全力上！"
    },
    {
      "id": 80,
      "content": "我们好不容易在浮士德的倒数结束之前离开了那片区域。"
    },
    {
      "id": 81,
      "content": "奋力踩完踏板的罪人们有的就这样往甲板上一躺，有的则像是从长椅上站起一般，若无其事地离开了原地。"
    },
    {
      "id": 82,
      "model": "단테2",
      "content": "<总算……离开了，不过……>"
    },
    {
      "id": 83,
      "model": "그레고르",
      "content": "完全没有看到任何有关规则的征兆……是我看漏了什么吗……浮士德小姐？"
    },
    {
      "id": 84,
      "model": "히스클리프",
      "content": "呵……不会规则之类的只是胡说八道吧……"
    },
    {
      "id": 85,
      "model": "히스클리프",
      "content": "如果只是想把我们当狗一般随意使唤的话，可不能就这么算了……"
    },
    {
      "id": 86,
      "content": "有谁能想到，在数秒前我们经过的那个还算平静的湖面上。"
    },
    {
      "id": 87,
      "content": "已经被什么巨大生物的腕足……或者说是触手，或者说是难以名状的某种存在所占据了。"
    },
    {
      "id": 88,
      "content": "那是从湖底出现的吗，还是说……"
    },
    {
      "id": 89,
      "content": "我们从最开始……就一无所知地在那种存在身上航行吗？"
    },
    {
      "id": 90,
      "model": "돈키호테",
      "content": "噗呜啊啊？！"
    },
    {
      "id": 91,
      "content": "难以仅靠巨大一词形容的那东西的出现，在我们刚刚离开的区域中引发了滔天巨浪……"
    },
    {
      "id": 92,
      "content": "梅菲斯托费勒斯仿佛要倾倒般剧烈摇晃着，身边的罪人们理所当然地被迫洗了个澡。"
    },
    {
      "id": 93,
      "model": "로쟈",
      "content": "哇……稍微迟一点大家就要变成藻屑了……"
    },
    {
      "id": 94,
      "model": "돈키호테",
      "content": "冒……冒险……不正是……咳咳。艰难……之事吗……"
    },
    {
      "id": 95,
      "model": "료슈",
      "content": "很·好。这种杀起来才够味。"
    },
    {
      "id": 96,
      "model": "뫼르소",
      "content": "如果我们再遭到同样的攻击，就没有胜算了。"
    },
    {
      "id": 97,
      "model": "베르길리우스",
      "content": "不，只要在“这里”，“它”就不会对我们怎么样了。"
    },
    {
      "id": 98,
      "model": "베르길리우스",
      "content": "这就是大湖的规则。"
    },
    {
      "id": 99,
      "model": "파우스트",
      "content": "现在我可以对之前的事情进行说明了。"
    },
    {
      "id": 100,
      "place": "梅菲斯托费勒斯 船舱",
      "model": "파우스트",
      "content": "虽然大湖的规则多种多样，但我当前仅做简短且必要的说明。"
    },
    {
      "id": 101,
      "model": "파우스트",
      "content": "如果在一片湖域中停留一定时间以上，各湖域的“浪潮”就会席卷而来。"
    },
    {
      "id": 102,
      "model": "그레고르",
      "content": "嘶……那种东西能叫做浪潮吗……？"
    },
    {
      "id": 103,
      "model": "파우스트",
      "content": "渡过湖域间的界限也需要特定的时间与条件。"
    },
    {
      "id": 104,
      "model": "그레고르",
      "content": "慢着，所以……只要我们稍微停下来一点，那些章鱼触手……什么的就会打过来了？"
    },
    {
      "id": 105,
      "model": "파우스트",
      "content": "正因如此，必然的……大湖上一切事物都在不断地改变位置，以适应大湖的规则。"
    },
    {
      "id": 106,
      "model": "파우스트",
      "content": "指引我们抵达目的地的路线，也会因此变动。"
    },
    {
      "id": 107,
      "model": "홍루",
      "content": "嗯……这些规则有被记录下来吗？我的乳母会将家规整理在纸上贴在我的房间里。虽然很难完全遵守就是了……"
    },
    {
      "id": 108,
      "content": "就在那时……"
    },
    {
      "id": 109,
      "content": "我听见了门被猛地推开的声音。"
    },
    {
      "id": 110,
      "model": "이스마엘",
      "content": "……浪潮终于来了，对吧？"
    },
    {
      "id": 111,
      "model": "단테2",
      "content": "<以实……玛利？>"
    },
    {
      "id": 112,
      "content": "至今为止一直没有现身的以实玛利，晃晃悠悠地走了出来。"
    },
    {
      "id": 113,
      "model": "이스마엘",
      "content": "大湖的规则不是在笔记本上潦草地写上两行就能解决的事情。虽然大湖本身的规则相当简单，但每片湖域的规则都千差万别。"
    },
    {
      "id": 114,
      "model": "이스마엘",
      "content": "说到底未经许可就以文字记述大湖的规则本身，就是U公司著名的禁忌。"
    },
    {
      "id": 115,
      "model": "료슈",
      "content": "那就镌刻在身体上。"
    },
    {
      "id": 116,
      "model": "파우스트",
      "content": "……如果你指的并非镌刻记忆而是用墨水纹在身上，那也在禁忌之列。"
    },
    {
      "id": 117,
      "model": "파우스트",
      "content": "这或许会引来U公司派遣的禁忌猎人。一切规则都以口述形式传达才更为安全。"
    },
    {
      "id": 118,
      "model": "단테2",
      "content": "<……你一直在做什么，以实玛利？>"
    },
    {
      "id": 119,
      "model": "이스마엘",
      "content": "在打磨捕鲸枪。"
    },
    {
      "id": 120,
      "model": "단테2",
      "content": "<为什么又要打磨？>"
    },
    {
      "id": 121,
      "model": "이스마엘",
      "content": "因为要让它再锋利些。"
    },
    {
      "id": 122,
      "model": "이스마엘",
      "content": "即便只是轻微擦过，也要让它们对“活着”这一事实感到后悔，痛苦不堪。"
    },
    {
      "id": 123,
      "model": "히스클리프",
      "content": "……那你就继续窝着去，现在跑出来干什么。"
    },
    {
      "id": 124,
      "model": "이스마엘",
      "content": "因为我觉得要是再这么窝着，马上就能看见你们被溶解殆尽的样子了。"
    },
    {
      "id": 125,
      "model": "이스마엘",
      "content": "再经历一次那样的事情可并不愉快。"
    },
    {
      "id": 126,
      "model": "이스마엘",
      "content": "另外……"
    },
    {
      "id": 127,
      "model": "이스마엘",
      "content": "我可不想再旁观一群对湖一无所知的人把时间浪费在摆弄船只上了。"
    },
    {
      "id": 128,
      "content": "自修船厂事件已经过去了许久，但以实玛利毒舌凶猛的来势依然分毫不减。"
    },
    {
      "id": 129,
      "content": "虽然我有些担心她会再次在罪人间引发骚乱……"
    },
    {
      "id": 130,
      "model": "단테2",
      "content": "<……好，我明白了。>"
    },
    {
      "id": 131,
      "content": "但不问理由，现在她至少愿意露面，这就足够了。所以我决定不去刨根问底，继续追问她了。"
    },
    {
      "id": 132,
      "model": "이스마엘",
      "content": "……嗯。我早有预感。"
    },
    {
      "id": 133,
      "content": "以实玛利摇晃着走了过来，握住船舵。"
    },
    {
      "id": 134,
      "model": "오티스",
      "content": "你在做什么？我们正在平稳航行。不如说这股南风让我们的航速更快了。"
    },
    {
      "id": 135,
      "model": "이스마엘",
      "content": "大概是吧。只拘泥在陆地上的人脑子里的想法就是这么单纯乐观。"
    },
    {
      "id": 136,
      "model": "오티스",
      "content": "你这婆娘……你怎么敢这样跟我奥提斯……"
    },
    {
      "id": 137,
      "model": "단테2",
      "content": "<奥提斯，让她说来听听吧。>"
    },
    {
      "id": 138,
      "model": "오티스",
      "content": "……算你走运，海猴子。"
    },
    {
      "id": 139,
      "model": "단테2",
      "content": "<以实玛利，能稍微解释一下吗。这艘船现在……应该是顺风航行的吧？>"
    },
    {
      "id": 140,
      "model": "이스마엘",
      "content": "那并不是因为风。"
    },
    {
      "id": 141,
      "model": "이스마엘",
      "content": "我们正被拉着走。"
    },
    {
      "id": 142,
      "model": "단테2",
      "content": "<拉着走？被什么？>"
    },
    {
      "id": 143,
      "model": "이스마엘",
      "content": "……被那些船。"
    }
  ]
}