{
  "dataList": [
    {
      "id": 0,
      "place": "梅菲斯托费勒斯 船舱",
      "content": "正如以实玛利所说，有两艘巨轮自不远处朝我们驶来。"
    },
    {
      "id": 1,
      "model": "단테2",
      "content": "<我们看上去也不会和那些船撞上……？毕竟行驶的方向完全不同。>"
    },
    {
      "id": 2,
      "content": "以实玛利没有答话，而是毫不犹豫地把住舵，往一个方向猛转。"
    },
    {
      "id": 3,
      "model": "단테2",
      "content": "<呜哇啊！>"
    },
    {
      "id": 4,
      "model": "카론",
      "content": "这技术是……猛浪漂移……？"
    },
    {
      "id": 5,
      "model": "그레고르",
      "content": "哈，船也能漂移的吗……？"
    },
    {
      "id": 6,
      "model": "카론",
      "content": "卡戎，吓一跳。橘毛……不错。"
    },
    {
      "id": 7,
      "model": "베르길리우스",
      "content": "你有对手了，卡戎。"
    },
    {
      "id": 8,
      "model": "그레고르",
      "content": "……！不对，等下。"
    },
    {
      "id": 9,
      "model": "그레고르",
      "content": "奇怪了。我们明明改变了方向……为什么还在往那两艘船中间移动？"
    },
    {
      "id": 10,
      "model": "싱클레어",
      "content": "船、船头纹丝不动……"
    },
    {
      "id": 11,
      "content": "尽管以实玛利把船舵完全转向反方向。"
    },
    {
      "id": 12,
      "content": "梅菲斯托费勒斯反而以更快的速度被拉向两艘船之间。"
    },
    {
      "id": 13,
      "content": "像是某种不可抗力。"
    },
    {
      "id": 14,
      "model": "로쟈",
      "content": "以实？！你不会把前进和后退的杆子搞反了吧？！"
    },
    {
      "id": 15,
      "model": "이스마엘",
      "content": "引擎我已经关掉了。"
    },
    {
      "id": 16,
      "model": "로쟈",
      "content": "什……"
    },
    {
      "id": 17,
      "model": "홍루",
      "content": "船是……在合体吗？"
    },
    {
      "id": 18,
      "model": "히스클리프",
      "content": "你疯了吗！！我们都快被压扁了你怎么还能说得这么轻松？！"
    },
    {
      "id": 19,
      "model": "오티스",
      "content": "喂，海猴子！先前说得那么大言不惭，为什么现在……"
    },
    {
      "id": 20,
      "model": "이스마엘",
      "content": "闭嘴。"
    },
    {
      "id": 21,
      "model": "오티스",
      "content": "……！"
    },
    {
      "id": 22,
      "model": "이스마엘",
      "content": "我要最大限度利用这一拉力。然后……"
    },
    {
      "id": 23,
      "model": "싱클레어",
      "content": "要、要撞上了！！！"
    },
    {
      "id": 24,
      "model": "이스마엘",
      "content": "就是现在。"
    },
    {
      "id": 25,
      "content": "千钧一发之际，以实玛利迅速启动引擎，用尽全力拉下几个拉杆，随后我们便以最大速度从两船中间穿过。"
    },
    {
      "id": 26,
      "model": "싱클레어",
      "content": "船尾……"
    },
    {
      "id": 27,
      "content": "虽然船尾略微受损……但如果不舍弃那部分的话，我们就会和那一样被压扁。"
    },
    {
      "id": 28,
      "model": "파우스트",
      "content": "这种程度的损伤几天内便能恢复。梅菲斯托费勒斯的引擎能够自我修复。"
    },
    {
      "id": 29,
      "model": "그레고르",
      "content": "等等，仔细一看……这不是被破坏了，而是整个被扯下来了吧。"
    },
    {
      "id": 30,
      "model": "이상",
      "content": "仿佛最初就不存在于彼处一般。"
    },
    {
      "id": 31,
      "content": "我听了罪人们的话仔细一看，船尾确实不是被破坏，而是好像原本就不存在那般，整个消失不见了。"
    },
    {
      "id": 32,
      "content": "虽然横截面变成了奇怪的形状。"
    },
    {
      "id": 33,
      "place": "梅菲斯托费勒斯 甲板",
      "model": "이스마엘",
      "content": "那是U公司奇点，共鸣音叉的特征。"
    },
    {
      "id": 34,
      "model": "이스마엘",
      "content": "这里的船只，有时会像原本就是一条船那样互相吸引进而合体，有时也会根据目的，像原本就是不同部分那样分离开。"
    },
    {
      "id": 35,
      "model": "이스마엘",
      "content": "那种大型船只所使用的共鸣音叉……足够直接吞并像我们这样没有共鸣音叉，或者是波长不匹配的船只，而且这种情况经常发生。"
    },
    {
      "id": 36,
      "model": "이스마엘",
      "content": "……哦，对了。抱歉您没下令我就掌舵了，经理。"
    },
    {
      "id": 37,
      "model": "단테2",
      "content": "<没、没事。你刚刚救了所有人……>"
    },
    {
      "id": 38,
      "model": "이스마엘",
      "content": "算了，虽然我没想那么做。但还是感谢您的理解。"
    },
    {
      "id": 39,
      "model": "이스마엘",
      "content": "哦。也请理解在您没有下令的时候我就给出了建议。某人一直在对我唠叨，所以我不得不这么做。我总不能在海中央把耳朵塞住吧？"
    },
    {
      "id": 40,
      "model": "오티스",
      "content": "……"
    },
    {
      "id": 41,
      "model": "오티스",
      "content": "……啧。战场上言辞恶毒的人可多如落石。"
    },
    {
      "id": 42,
      "model": "오티스",
      "content": "只要她的实力配得上那些大话……我想也没必要……一一去制止。"
    },
    {
      "id": 43,
      "model": "오티스",
      "content": "万分抱歉，执行经理。我必须暂时……稍微休息一下。"
    },
    {
      "id": 44,
      "model": "돈키호테",
      "content": "毋须如此垂头丧气……队长……不，船长……！"
    },
    {
      "id": 45,
      "model": "오티스",
      "content": "吵死了。队长从一开始就是我们的执行经理。"
    },
    {
      "id": 46,
      "content": "奥提斯似乎受挫了，低垂着肩膀进入了（曾经是巴士内部的）船舱。"
    },
    {
      "id": 47,
      "model": "파우스트",
      "content": "我们快到目的地了。欢迎来到U公司的五大港口之一，马林鱼港船。"
    },
    {
      "id": 48,
      "content": "浮士德带着干涩而无感情的语气，用手指向了某个方向……"
    },
    {
      "id": 49,
      "model": "홍루",
      "content": "哇啊……真的好大呀。"
    },
    {
      "id": 50,
      "model": "홍루",
      "content": "在我至今所见过的船只之中，那艘也是屈指可数的大呢。"
    },
    {
      "id": 51,
      "content": "正如鸿璐所说，我们正在接近一艘巨大的船只……或者说已经大到可以被误认成一座岛屿。"
    },
    {
      "id": 52,
      "content": "那是由无数铁制集装箱构成的巨型建筑物。"
    },
    {
      "id": 53,
      "model": "이상",
      "content": "云开雾散，过往未见之物终于显露了身形。我几乎从未想过如此巨型的建筑能被隐藏。"
    },
    {
      "id": 54,
      "model": "그레고르",
      "content": "船吗……？如此巨大的规模，我想已经脱离了船这个概念了吧。"
    },
    {
      "id": 55,
      "model": "단테2",
      "content": "<在我看来也是如此……以实玛利，在大湖上那样的东西也能算得上是船吗？>"
    },
    {
      "id": 56,
      "model": "이스마엘",
      "content": "在大湖中反复提及陆地上的常识毫无意义。"
    },
    {
      "id": 57,
      "model": "이스마엘",
      "content": "如果使用共鸣音叉，那样的船就便像家常便饭一样常见。不，应该说是船常鲸饭吧？"
    }
  ]
}