{
  "dataList": [
    {
      "id": 0,
      "place": "U公司 马林鱼港船",
      "model": "베르길리우스",
      "content": "好，我们就此暂别吧。"
    },
    {
      "id": 1,
      "model": "베르길리우스",
      "content": "我跟卡戎在这附近还有事要做。"
    },
    {
      "id": 2,
      "model": "로쟈",
      "content": "有事？为什么？这次又是去干嘛~？"
    },
    {
      "id": 3,
      "model": "베르길리우스",
      "content": "……"
    },
    {
      "id": 4,
      "model": "베르길리우스",
      "content": "这么说吧……我想要去买些人鱼香水。"
    },
    {
      "id": 5,
      "content": "维吉里乌斯直视着我们身前的一张广告板如是说道。"
    },
    {
      "id": 6,
      "content": "“人鱼香水，源自左鳍，跳楼价售卖中！”"
    },
    {
      "id": 7,
      "model": "돈키호테",
      "content": "哦哦？汝也打算为吾等购置一些吗？吾对“人鱼香水”很是好奇。大湖中不知还有何等珍品正静待吾等呢！"
    },
    {
      "id": 8,
      "model": "파우스트",
      "content": "鲸和人鱼产品是U公司的主要收入来源。这些产品包括鲸油、人鱼之泪、人鱼香水、鲸肉菜肴等等，不胜枚举。"
    },
    {
      "id": 9,
      "model": "돈키호테",
      "content": "哦哦！吾发现那边有家冰淇淋店！"
    },
    {
      "id": 10,
      "model": "그레고르",
      "content": "沙丁鲸味的冰淇淋……？你真的想吃吃看吗？"
    },
    {
      "id": 11,
      "model": "히스클리프",
      "content": "……虽然看起来很奇怪，但沙丁鲸意外地可以入口……"
    },
    {
      "id": 12,
      "model": "돈키호테",
      "content": "相较于沙丁鲸味，吾更想尝尝看马林鲸味冰淇淋的味道……"
    },
    {
      "id": 13,
      "model": "이상",
      "content": "向导您此次也不与我们同行吗？"
    },
    {
      "id": 14,
      "model": "베르길리우스",
      "content": "……我已经尽职完成了作为你们向导的职责。"
    },
    {
      "id": 15,
      "model": "베르길리우스",
      "content": "我的职责仅是为你们指出正确的前进方向，不包括陪你们前往那里。"
    },
    {
      "id": 16,
      "model": "이상",
      "content": "……也许如您所言，但听着仍有些不近人情。"
    },
    {
      "id": 17,
      "model": "베르길리우스",
      "content": "你没听错，李箱。因为我既不想与你们彼此了解，也不想与你们分享什么。"
    },
    {
      "id": 18,
      "model": "베르길리우스",
      "content": "哈，真是的。就是这种闲聊才会让人觉得我容易亲近。"
    },
    {
      "id": 19,
      "model": "베르길리우스",
      "content": "浮士德女士。"
    },
    {
      "id": 20,
      "model": "파우스트",
      "content": "有盟友在等着我们。"
    },
    {
      "id": 21,
      "model": "파우스트",
      "content": "他们是事先派遣到U公司内的LCCB员工，负责向我们传达保存着金枝的脑叶公司支部位置的消息。"
    },
    {
      "id": 22,
      "model": "파우스트",
      "content": "根据我们间的最后一次通讯，他们应该在……那里等着我们。"
    },
    {
      "id": 23,
      "place": "U公司 深处某处",
      "model": "싱클레어",
      "content": "这地方有点瘆人……"
    },
    {
      "id": 24,
      "model": "로쟈",
      "content": "这里一个人也没有？怎么回事，小浮？"
    },
    {
      "id": 25,
      "model": "파우스트",
      "content": "……你的语气是在质疑我呢。这里就是我收到的碰面位置。"
    },
    {
      "id": 26,
      "model": "히스클리프",
      "content": "哈，所以说这次我们先到了？看来所谓先遣部队的行事风格跟他们的名号不太符合啊，嗯？"
    },
    {
      "id": 27,
      "model": "파우스트",
      "content": "请允许我稍作纠正。我们比预计到达时间大概晚了1小时30分钟。"
    },
    {
      "id": 28,
      "model": "오티스",
      "content": "嗯，是很奇怪。我们之前在J公司遇见的LCCB队员都是很早就就位了……"
    },
    {
      "id": 29,
      "teller": "罪人们",
      "title": "罪人们",
      "content": "……"
    },
    {
      "id": 30,
      "content": "大家的脑中，都浮现出同一对令人怀念的二人组形象。"
    },
    {
      "id": 31,
      "content": "对我来说也是一样。"
    },
    {
      "id": 32,
      "content": "哪怕只是稍许回想起他们也会……"
    },
    {
      "id": 33,
      "model": "쌍갈고리파조직원1",
      "teller": "？？？",
      "title": "？？？",
      "content": "呼！噜……"
    },
    {
      "id": 34,
      "model": "뫼르소",
      "content": "他们似乎在我们到来前以入睡来消磨时间。"
    },
    {
      "id": 35,
      "content": "……"
    },
    {
      "id": 36,
      "content": "埃菲，索德。我总觉得对不起你们。"
    },
    {
      "id": 37,
      "model": "쌍갈고리파조직원1",
      "teller": "？？？",
      "title": "？？？",
      "content": "嗯……现在都几点了，现在才到是不是太晚了点？啊？！"
    },
    {
      "id": 38,
      "model": "이상",
      "content": "啊……抱歉……在赶向这里的半路上，我们遭遇了一场意外事故……"
    },
    {
      "id": 39,
      "model": "쌍갈고리파조직원1",
      "teller": "？？？",
      "title": "？？？",
      "content": "哈，那你们就该料到会发生这种事，早点出发啊~呼啊~"
    },
    {
      "id": 40,
      "content": "集装箱群的角落里有人从睡梦中醒来，伸了个懒腰。"
    },
    {
      "id": 41,
      "model": "단테2",
      "content": "<这语气好像奇怪地有些粗暴……>"
    },
    {
      "id": 42,
      "model": "홍루",
      "content": "……！"
    },
    {
      "id": 43,
      "model": "홍루",
      "content": "哎呀，这可不行。"
    },
    {
      "id": 44,
      "model": "단테2",
      "content": "<鸿璐，等等……！>"
    },
    {
      "id": 45,
      "model": "홍루",
      "content": "您的名牌颠倒过来了。请记住始终保持仪容整洁是很重要的！"
    },
    {
      "id": 46,
      "model": "쌍갈고리파조직원1",
      "teller": "？？？",
      "title": "？？？",
      "content": "……"
    },
    {
      "id": 47,
      "model": "홍루",
      "content": "诶，您名牌上这粘着的东西是……"
    },
    {
      "id": 48,
      "content": "他的胸前倒挂着一张LCCB队员的名牌。"
    },
    {
      "id": 49,
      "content": "血将其浸透了。"
    },
    {
      "id": 50,
      "model": "쌍갈고리파조직원1",
      "teller": "？？？",
      "title": "？？？",
      "content": "……呼啊。我还希望这个名牌能起到更戏剧化的效果呢。"
    },
    {
      "id": 51,
      "model": "쌍갈고리파조직원1",
      "teller": "？？？",
      "title": "？？？",
      "content": "来看看~呃，写着什么。边狱……公司……先遣部队……队长……"
    },
    {
      "id": 52,
      "model": "쌍갈고리파조직원1",
      "teller": "？？？",
      "title": "？？？",
      "content": "这个不知好歹的傻子在我们的地盘上绕来绕去，碍手碍脚。"
    },
    {
      "id": 53,
      "model": "료슈",
      "content": "哼。这种低劣表演简直是有辱艺术。在我折·脖前赶紧说重点。"
    },
    {
      "id": 54,
      "model": "쌍갈고리파조직원1",
      "teller": "？？？",
      "title": "？？？",
      "content": "呵，来的那么迟还这么没耐心。给我听好。"
    },
    {
      "id": 55,
      "model": "쌍갈고리파조직원1",
      "teller": "？？？",
      "title": "？？？",
      "content": "你们……在找金……什么什么的对吧？"
    },
    {
      "id": 56,
      "model": "오티스",
      "content": "……！"
    },
    {
      "id": 57,
      "model": "오티스",
      "content": "你们对他做了什么？"
    },
    {
      "id": 58,
      "model": "쌍갈고리파조직원1",
      "teller": "？？？",
      "title": "？？？",
      "content": "啊，别急。那家伙还活着。"
    },
    {
      "id": 59,
      "model": "오티스",
      "content": "那么这就是一场人质谈判了吧。"
    },
    {
      "id": 60,
      "model": "쌍갈고리파조직원1",
      "teller": "绑匪",
      "title": "？？？",
      "content": "哼，我们已经跟别人做过很多次这种赎金交易了。"
    },
    {
      "id": 61,
      "model": "쌍갈고리파조직원1",
      "teller": "绑匪",
      "title": "？？？",
      "content": "很简单。给我们钱，我们就放了你们的朋友。"
    },
    {
      "id": 62,
      "model": "쌍갈고리파조직원1",
      "teller": "绑匪",
      "title": "？？？",
      "content": "不给的话？这里的集装箱就会变成你们朋友的棺材了。"
    },
    {
      "id": 63,
      "model": "히스클리프",
      "content": "绑匪啊……肮脏的人渣……"
    },
    {
      "id": 64,
      "model": "쌍갈고리파조직원1",
      "teller": "绑匪",
      "title": "？？？",
      "content": "哦~等下等下。真性急啊。你们当中好像有些人做事不经大脑啊？"
    },
    {
      "id": 65,
      "model": "쌍갈고리파조직원1",
      "teller": "绑匪",
      "title": "？？？",
      "content": "出了任何差错，你们的朋友都会进棺材。"
    },
    {
      "id": 66,
      "model": "쌍갈고리파조직원1",
      "teller": "绑匪",
      "title": "？？？",
      "content": "要我说的话很简单。照我们说的做，然后你们跟你的朋友继续快乐地冒险。回去寻找你们的那金……什么什么的玩意。"
    },
    {
      "id": 67,
      "model": "쌍갈고리파조직원1",
      "teller": "绑匪",
      "title": "？？？",
      "content": "然后为了让这笔交易更令人开心，我们还会派人给你们当美食向导。是售后服务哦。"
    },
    {
      "id": 68,
      "model": "히스클리프",
      "content": "……你这该死的臭虫……"
    },
    {
      "id": 69,
      "model": "그레고르",
      "content": "好了好了……明白了。你们说的我们完全明白了。给我们点时间讨论一下吧，嗯？"
    },
    {
      "id": 70,
      "model": "그레고르",
      "content": "听着，我们要是在这把事闹大引起不必要的注意，对我们一点好处也没有……"
    },
    {
      "id": 71,
      "model": "그레고르",
      "content": "如果我们的冲动行为真的导致LCCB队员被杀了……"
    },
    {
      "id": 72,
      "model": "오티스",
      "content": "诚然，在这次谈判当中我们占据着不利地位。"
    },
    {
      "id": 73,
      "model": "오티스",
      "content": "但我不觉得这些蠢货对于金枝非常了解。他们很可能只是偶然绑架了他，以为可以从他身上榨出一大笔赎金。"
    },
    {
      "id": 74,
      "model": "돈키호테",
      "content": "虽然至今为止有很多恶人曾试图抢夺金枝，但这是第一次被人不加思索地抢劫……"
    },
    {
      "id": 75,
      "model": "료슈",
      "content": "真是一场肤浅空洞的演剧。"
    },
    {
      "id": 76,
      "model": "오티스",
      "content": "与他们正面交锋只会让他们的同僚不断追杀我们……而这些人很可能与当地的强大帮派有所关连。"
    },
    {
      "id": 77,
      "model": "뫼르소",
      "content": "如果发生这种情况，我们的胜算微乎其微。对没有足够多关于U公司的情报的我们来说，会陷入相当不利的状况。"
    },
    {
      "id": 78,
      "model": "로쟈",
      "content": "是哦……我们甚至不知道这些家伙们背后的靠山帮派规模有多大。但从他的话来看，这可能不是他第一次这么干吧……？"
    },
    {
      "id": 79,
      "model": "홍루",
      "content": "嗯……但他们也有可能只是规模比较小的帮派不是吗？"
    },
    {
      "id": 80,
      "model": "히스클리프",
      "content": "要是规模不大的话，就把他们所有人都杀了不就得了？赶在他们杀掉人质前！"
    },
    {
      "id": 81,
      "model": "오티스",
      "content": "……不。就算跟你说的一样规模并不大，但那也可能成为另一麻烦点。组不成帮派体系……也就是说规模可能小到无法追踪也说不定。"
    },
    {
      "id": 82,
      "model": "히스클리프",
      "content": "呃……"
    },
    {
      "id": 83,
      "model": "단테2",
      "content": "<所以我们最后还是什么都……不知道啊。>"
    },
    {
      "id": 84,
      "model": "싱클레어",
      "content": "我们不给钱的话……他们真的会……"
    },
    {
      "id": 85,
      "model": "히스클리프",
      "content": "妈的……我了解他们这种人。都市里的每个角落都有这种人渣。要是这事搞砸了，他们会把人质杀了之后毁尸灭迹。"
    },
    {
      "id": 86,
      "content": "种种可怕的想象画面和推论，逐渐将我们推向被消极想法侵蚀的方向上。"
    },
    {
      "id": 87,
      "content": "那些绑匪一样的人聚在一起，悠闲且叽叽喳喳地聊着笑着。他们知道我们并没有多少选择权。"
    },
    {
      "id": 88,
      "model": "단테2",
      "content": "<总之……我们需要问问他们想要多少东西。>"
    },
    {
      "id": 89,
      "content": "因为没什么确切明白的事……所以我们必须得获得一些信息。"
    },
    {
      "id": 90,
      "model": "이스마엘",
      "content": "呵。"
    },
    {
      "id": 91,
      "content": "双手交叉放在胸前鱼叉上的以实玛利嘴里发出了空气流出的声音。"
    },
    {
      "id": 92,
      "model": "이스마엘",
      "content": "给钱？给那群混账？你们终于疯了吗？"
    },
    {
      "id": 93,
      "model": "단테2",
      "content": "<没别的办法了。即使是现在人质也……>"
    },
    {
      "id": 94,
      "model": "이스마엘",
      "content": "我对你的反驳没有兴趣。"
    },
    {
      "id": 95,
      "model": "이스마엘",
      "content": "我只想知道，这是不是经理您能想到的最好的解决方法？"
    },
    {
      "id": 96,
      "model": "뫼르소",
      "content": "对经理决定的任何疑虑……"
    },
    {
      "id": 97,
      "model": "이스마엘",
      "content": "“都没有必要”。是，你肯定会这么说。"
    },
    {
      "id": 98,
      "model": "오티스",
      "content": "执行经理的决定即是命令。怀疑它们即是不服从命令。以实玛利，无论你是多么经验丰富的海猴子……"
    },
    {
      "id": 99,
      "model": "이스마엘",
      "content": "哈，好吧。可能是那样没错。不过无所谓，反正他又没直接给我下命令，也没禁止我做任何事。"
    },
    {
      "id": 100,
      "model": "이스마엘",
      "content": "……因为我已经忍无可忍了而已。"
    },
    {
      "id": 101,
      "content": "以实玛利大步走向绑匪。从她的语气和表情来看，她并不在乎其他罪人们都说了些什么。"
    },
    {
      "id": 102,
      "model": "이스마엘",
      "content": "对不服从命令的处罚……"
    },
    {
      "id": 103,
      "content": "在举起鱼叉前，她稍稍回头望了我一眼……"
    },
    {
      "id": 104,
      "model": "이스마엘",
      "content": "您方便时再进行吧，经理。"
    },
    {
      "id": 105,
      "content": "然后，她把磨得锋利的鱼叉直直插入其中一名绑匪的前额。"
    },
    {
      "id": 106,
      "model": "단테2",
      "content": "<……？！>"
    },
    {
      "id": 107,
      "content": "以实玛利的行动是如此的自然，就像是理所应当一般，以至于……"
    },
    {
      "id": 108,
      "content": "根本没有人想到要去阻止她。"
    },
    {
      "id": 109,
      "content": "我也一样如此。"
    },
    {
      "id": 110,
      "model": "료슈",
      "content": "头·裂。"
    },
    {
      "id": 111,
      "content": "正如良秀所说。面目狰狞的绑匪的头颅被打得裂开粉碎，惨不忍睹。"
    },
    {
      "id": 112,
      "model": "싱클레어",
      "content": "以实玛利小姐……？你刚刚……"
    },
    {
      "id": 113,
      "model": "싱클레어",
      "content": "你、你刚刚做了什么？！"
    },
    {
      "id": 114,
      "content": "辛克莱率先打破这令人目瞪口呆的沉默，站了出来。"
    },
    {
      "id": 115,
      "model": "싱클레어",
      "content": "如果我们这么做……被绑架的LCCB队员会被我们推入险境的……因为我们，他、他会……！"
    },
    {
      "id": 116,
      "content": "辛克莱在剧烈颤抖着。我分不清他是在强忍着泪水……还是处于极度的愤怒之中。"
    },
    {
      "id": 117,
      "model": "싱클레어",
      "content": "就像那时候的……埃菲先生……和索德小姐……一样！"
    },
    {
      "id": 118,
      "model": "싱클레어",
      "content": "就在……就在几个月之前不是吗……！别告诉我你这就放下了！"
    },
    {
      "id": 119,
      "model": "단테2",
      "content": "<……！>"
    },
    {
      "id": 120,
      "content": "这是辛克莱的……记忆？"
    },
    {
      "id": 121,
      "content": "我看到了微笑着的索德和埃菲。他们都是非常出色的作战队员……"
    },
    {
      "id": 122,
      "content": "也正因为他们都是非常出色的作战队员，他们才在我们眼前饱受折磨，直到最后一刻。"
    },
    {
      "id": 123,
      "content": "在他的家乡，他的眼前。只能无助地眼睁睁看着他们的生命消逝却什么也做不到的辛克莱一定……"
    },
    {
      "id": 124,
      "content": "那一天，绝对深深烙印在了他的记忆之中。"
    },
    {
      "id": 125,
      "content": "我想起了在修船厂时目睹到的以实玛利的过去。"
    },
    {
      "id": 126,
      "content": "……我想那也是深深烙印在了以实玛利记忆中的时刻吧。"
    },
    {
      "id": 127,
      "model": "이스마엘",
      "content": "……"
    },
    {
      "id": 128,
      "content": "以实玛利似乎不愿回答辛克莱的问题，她继续大步流星地走着，用脚“咚”的一声踢了踢其中一个封闭的集装箱。"
    },
    {
      "id": 129,
      "content": "从那之中，无力地倒下一具面目全非的尸体，看上去似乎已经经过了很长时间。"
    },
    {
      "id": 130,
      "model": "단테2",
      "content": "<……！>"
    },
    {
      "id": 131,
      "model": "이스마엘",
      "content": "这已经死了一周了。当然，这并不是LCCB队员。"
    },
    {
      "id": 132,
      "content": "以实玛利踢了踢尸体，把他翻过来。"
    },
    {
      "id": 133,
      "model": "이스마엘",
      "content": "从衣服上看……这个人应该是来马林鱼港旅游的。如果他们有能力来大湖旅游，那么他们一定也过着富裕的生活。无论开价多少赎金他们都付得起。"
    },
    {
      "id": 134,
      "model": "이스마엘",
      "content": "绑架、勒索、杀人。虽然这些帮派的面貌在不断地一点点改变，但他们在U公司扎根已久，如杂草般无处不在。"
    },
    {
      "id": 135,
      "model": "이스마엘",
      "content": "在这里，称他们为“海盗”更为准确。"
    },
    {
      "id": 136,
      "model": "이스마엘",
      "content": "他们从不归还人质。他们只会不断地勒索更多的赎金，直到榨干对方……"
    },
    {
      "id": 137,
      "content": "以实玛利用脚踢了踢尸体。"
    },
    {
      "id": 138,
      "model": "이스마엘",
      "content": "再像这样杀掉人质。"
    },
    {
      "id": 139,
      "model": "돈키호테",
      "content": "……这样的悲剧数不胜数……为什么这种情况会理所当然地发生？"
    },
    {
      "id": 140,
      "model": "돈키호테",
      "content": "这、这里是……旅游胜地不是吗？"
    },
    {
      "id": 141,
      "model": "로쟈",
      "content": "这种情况下……通常意味着他们有强大的靠山。"
    },
    {
      "id": 142,
      "model": "돈키호테",
      "content": "那又何妨！明明都市里游荡着如此多的恶人……！"
    },
    {
      "id": 143,
      "model": "돈키호테",
      "content": "都、都市的收尾人们一定还不知道这件悲剧。否则，他们一定是正忙于照顾其他需要帮助的人们吧！"
    },
    {
      "id": 144,
      "model": "돈키호테",
      "content": "如果吾等现在就寄信给正义的协会的话……"
    },
    {
      "id": 145,
      "model": "이스마엘",
      "content": "堂吉诃德小姐，拜托……"
    },
    {
      "id": 146,
      "model": "이스마엘",
      "content": "还在说些什么正义和恶人相关的话吗？事实摆在眼前你看不见吗？"
    },
    {
      "id": 147,
      "model": "돈키호테",
      "content": "吾……！"
    },
    {
      "id": 148,
      "model": "이스마엘",
      "content": "没、没事……不必多说。反正说了也没用。这真的很令人沮丧，而且……"
    },
    {
      "id": 149,
      "model": "이스마엘",
      "content": "这就是为什么……我们无法及时完成任何事情……"
    },
    {
      "id": 150,
      "model": "이스마엘",
      "content": "本来现在……我们应该已经从决定与我们碰面的LCCB队员那里取得了消息才对……"
    },
    {
      "id": 151,
      "content": "以实玛利的眼中充满了暴怒、急躁和焦虑，好像失去了自身的方向一般。"
    },
    {
      "id": 152,
      "content": "如一场风暴一般，卷起融合了多种感官。"
    },
    {
      "id": 153,
      "model": "이스마엘",
      "content": "……"
    },
    {
      "id": 154,
      "content": "肆虐的风暴似乎在疯狂摇晃着以实玛利，即便是我甚至也无法将她稳定下来。"
    },
    {
      "id": 155,
      "model": "쌍갈고리파조직원2",
      "teller": "绑匪 2",
      "title": "？？？",
      "content": "这、这是你们自找的……！"
    },
    {
      "id": 156,
      "model": "쌍갈고리파조직원2",
      "teller": "绑匪 2",
      "title": "？？？",
      "content": "这附近全是我们的水域！你们知道我们是哪家帮派吗……！"
    },
    {
      "id": 157,
      "model": "이스마엘",
      "content": "要打……就速战速决吧。"
    }
  ]
}