{
  "dataList": [
    {
      "id": 0,
      "place": "U公司 深处某处",
      "model": "쌍갈고리파조직원2",
      "teller": "绑匪 2",
      "title": "？？？",
      "content": "如果我们老大知道了这件事……绝不会放过你们的，你们……"
    },
    {
      "id": 1,
      "model": "쌍갈고리파조직원2",
      "teller": "绑匪 2",
      "title": "？？？",
      "content": "哪怕是现在……只要你们稍微求饶……一下的话……"
    },
    {
      "id": 2,
      "model": "쌍갈고리파조직원2",
      "teller": "绑匪 2",
      "title": "？？？",
      "content": "等下，为、为什么总是要打断我说话啊！你别过来啊！"
    },
    {
      "id": 3,
      "model": "이스마엘",
      "content": "啊，那可太好了。"
    },
    {
      "id": 4,
      "model": "단테2",
      "content": "<……>"
    },
    {
      "id": 5,
      "model": "이스마엘",
      "content": "有头目在的话我们就不用在这里浪费时间了。"
    },
    {
      "id": 6,
      "model": "이스마엘",
      "content": "这些集装箱本就数不胜数，我们也没必要勉强着一个个开箱闻腐尸臭。"
    },
    {
      "id": 7,
      "model": "이스마엘",
      "content": "你一只手还是能动的吧？"
    },
    {
      "id": 8,
      "model": "쌍갈고리파조직원2",
      "teller": "绑匪 2",
      "title": "？？？",
      "content": "……"
    },
    {
      "id": 9,
      "model": "쌍갈고리파조직원2",
      "teller": "绑匪 2",
      "title": "？？？",
      "content": "救……救命……"
    },
    {
      "id": 10,
      "model": "이스마엘",
      "content": "在这地图上，用手指指出你们头目的所在地。"
    },
    {
      "id": 11,
      "content": "以实玛利拿出了不知何时捡起的马林鱼港观光手册，把它猛放在绑匪面前。绑匪挣扎了一小会，才用沾满鲜血的手指指向地图上的一个地方。"
    },
    {
      "id": 12,
      "content": "以及在那颤抖的手指刚触及地图的瞬间……"
    },
    {
      "id": 13,
      "model": "단테2",
      "content": "<以实玛利，等一下……>"
    },
    {
      "id": 14,
      "model": "이스마엘",
      "content": "好了，我们找到该去的地方了。上路吧？"
    },
    {
      "id": 15,
      "content": "留下那些除了尸体以外一无所有的集装箱，以实玛利毫不在意地走了出来。"
    },
    {
      "id": 16,
      "model": "그레고르",
      "content": "……我们本该在这里见到的LCCB员工的存活概率是……？"
    },
    {
      "id": 17,
      "model": "이스마엘",
      "content": "取决于他们认为能在我们身上赚多少钱。"
    },
    {
      "id": 18,
      "model": "그레고르",
      "content": "……那他可能已经死了。"
    },
    {
      "id": 19,
      "model": "이스마엘",
      "content": "哪怕是最坏的情况下，我们依旧要找到尸体。我想那至少会给我们点线索。"
    },
    {
      "id": 20,
      "model": "싱클레어",
      "content": "……如果我们最后面对的，只有他那具冰冷的尸体的话。"
    },
    {
      "id": 21,
      "model": "싱클레어",
      "content": "我……觉得我无法原谅，以实玛利小姐……"
    },
    {
      "id": 22,
      "model": "이스마엘",
      "content": "哈，你说我吗？"
    },
    {
      "id": 23,
      "model": "싱클레어",
      "content": "不。而是根本没有想去救人，什么努力都没有付出的我们……"
    },
    {
      "id": 24,
      "model": "단테2",
      "content": "<浮士德。>"
    },
    {
      "id": 25,
      "model": "파우스트",
      "content": "我在听。"
    },
    {
      "id": 26,
      "model": "단테2",
      "content": "<我说，以实玛利，就那样放着她不管真的好吗？>"
    },
    {
      "id": 27,
      "model": "파우스트",
      "content": "您是想问她为何不服从命令，还是她的情绪状态如何呢……我可以回答您的任何问题。"
    },
    {
      "id": 28,
      "model": "파우스트",
      "content": "但在这种情况下，浮士德的答案并不能帮到您什么。"
    },
    {
      "id": 29,
      "model": "오티스",
      "content": "古往今来，她那些不服从命令以及单独行动的行为都会招致立刻处决。执行经理。"
    },
    {
      "id": 30,
      "model": "오티스",
      "content": "虽然我知道您并没有被授予惩罚罪人们的权限，但为了今后的管理做准备，您必须惩处她的行为。"
    },
    {
      "id": 31,
      "model": "단테2",
      "content": "<奥提斯，你总是站在我这边呢。>"
    },
    {
      "id": 32,
      "model": "단테2",
      "content": "<感觉几乎一直都是这样……>"
    },
    {
      "id": 33,
      "model": "오티스",
      "content": "我曾经也是一队人的……领导，如同您一样，所以我特别能体谅经理您的心情。"
    },
    {
      "id": 34,
      "model": "단테2",
      "content": "<我真的能管理好以实玛利吗……其实还并不清楚。>"
    },
    {
      "id": 35,
      "model": "단테2",
      "content": "<虽然以实玛利的行动看上去很过激，但在这次的作战中……她说不定知道该做些什么。>"
    },
    {
      "id": 36,
      "model": "단테2",
      "content": "<如果这时以实玛利突然决定辞职的话……>"
    },
    {
      "id": 37,
      "content": "当然浮士德会如此断言，说以实玛利因为签订过这样那样的合同所以不可能辞职……"
    },
    {
      "id": 38,
      "content": "但是如果让她这种敌意继续升级的话，我也无法强迫她一起行动。而且，她刚才已经擅自上前了。"
    },
    {
      "id": 39,
      "content": "虽然她说会服从我的命令……但我并不知道这种情况会持续多久。"
    },
    {
      "id": 40,
      "model": "오티스",
      "content": "那些并不重要，执行经理。"
    },
    {
      "id": 41,
      "model": "오티스",
      "content": "我们并不需要保持罪人的数字为12。"
    },
    {
      "id": 42,
      "model": "단테2",
      "content": "<……你的意思是要我们排除掉以实玛利吗？>"
    },
    {
      "id": 43,
      "model": "오티스",
      "content": "在我抵达这里之前，我曾经于很远很远的地方流浪了许多年，执行经理。随后我以坚定的决心加入了公司，仅仅只是为了我与公司合同上的一行条款。"
    },
    {
      "id": 44,
      "model": "오티스",
      "content": "为了实现那一目标，我已经准备好面对旅途之中发生的所有苦难和矛盾，以及战友们的离去等因素。甚至可以说那些是理所当然会发生的事情。"
    },
    {
      "id": 45,
      "model": "오티스",
      "content": "哦，我当然会永远陪伴在经理您的身边。"
    },
    {
      "id": 46,
      "content": "虽然奥提斯自然地加上了最后一句话……"
    },
    {
      "id": 47,
      "content": "我们全员都是一个团队的想法，以及我们之间存在纽带感的想法……是否被所有人认可。"
    },
    {
      "id": 48,
      "content": "就这样加强我们之间的团结，那么无论旅途中遇见何种逆境都可以克服。有这样想法的人，或许只有我一个吧。"
    }
  ]
}