{
  "dataList": [
    {
      "id": 0,
      "content": "染着海盗鲜血的地图所标示的位置，带我们来到了……"
    },
    {
      "id": 1,
      "place": "马林鱼港船 会所前",
      "content": "……一家会所的门口。隐约的音乐声从门后传出来。"
    },
    {
      "id": 2,
      "model": "단테2",
      "content": "<所以……到地方了？>"
    },
    {
      "id": 3,
      "model": "로쟈",
      "content": "……或许我们中有谁曾经去过这种喧闹、张扬、豪奢的会所吗？"
    },
    {
      "id": 4,
      "model": "그레고르",
      "content": "如果非要从我们当中选一个的话……那我会把票投给你。"
    },
    {
      "id": 5,
      "model": "로쟈",
      "content": "你这是偏见~我那儿的后巷里可见不到这么高级的会所。"
    },
    {
      "id": 6,
      "model": "로쟈",
      "content": "它在那儿的生意根本好不起来。你说是吧？"
    },
    {
      "id": 7,
      "model": "로쟈",
      "content": "嗯……后巷也有一些偷偷摸摸的聚会，但索尼亚总是像幽灵一样冒出来把他们抓起来~"
    },
    {
      "id": 8,
      "model": "단테2",
      "content": "<所以我们为什么在聊这个？>"
    },
    {
      "id": 9,
      "model": "로쟈",
      "content": "没看见吗，但丁？门口有守卫。"
    },
    {
      "id": 10,
      "model": "쌍갈고리파조직원3",
      "teller": "门卫",
      "title": "？？？",
      "content": "请问今天来了几位客人？"
    },
    {
      "id": 11,
      "model": "클럽손님",
      "teller": "客人",
      "title": "U公司",
      "content": "两位。别这样，伙计，你不记得我了吗？我在名单上。"
    },
    {
      "id": 12,
      "model": "쌍갈고리파조직원3",
      "teller": "门卫",
      "title": "？？？",
      "content": "啊……十分抱歉。已经确认了。请进。"
    },
    {
      "id": 13,
      "model": "로쟈",
      "content": "看，他们放客人进去之前检查了什么东西……我们得想个办法自然地混入其中……"
    },
    {
      "id": 14,
      "model": "그레고르",
      "content": "嗯……那么，罗佳出局之后，最有可能去过的人是……"
    },
    {
      "id": 15,
      "model": "히스클리프",
      "content": "哈？啥，你觉得是我？"
    },
    {
      "id": 16,
      "model": "히스클리프",
      "content": "你都在胡说些什么！想死啊？"
    },
    {
      "id": 17,
      "model": "로쟈",
      "content": "唔~我要是你的话就会把它当作一种赞美。希斯？"
    },
    {
      "id": 18,
      "model": "히스클리프",
      "content": "嗯……该、该是这样吗？"
    },
    {
      "id": 19,
      "model": "히스클리프",
      "content": "咳哼。很抱歉让你失望了……但我出身于一个更注重血汗与忠诚的帮派。"
    },
    {
      "id": 20,
      "model": "히스클리프",
      "content": "我宁愿在一家小酒吧或者老酒馆坐下，在破桌子边上喝酒，也不愿去那种奢华的地方。"
    },
    {
      "id": 21,
      "model": "료슈",
      "content": "我。"
    },
    {
      "id": 22,
      "model": "료슈",
      "content": "绝望而痛苦的悲鸣伴随着音乐响起。被血染透的壁纸。骨断筋折的人们，被迫跳起舞蹈……"
    },
    {
      "id": 23,
      "model": "그레고르",
      "content": "呃，那……不叫会所。"
    },
    {
      "id": 24,
      "model": "그레고르",
      "content": "果然……没有人去过吗？"
    },
    {
      "id": 25,
      "model": "뫼르소",
      "content": "我去过。"
    },
    {
      "id": 26,
      "model": "뫼르소",
      "content": "特别，频繁。"
    },
    {
      "id": 27,
      "model": "단테2",
      "content": "<……>"
    },
    {
      "id": 28,
      "model": "그레고르",
      "content": "……开、开玩笑的吧？"
    },
    {
      "id": 29,
      "model": "뫼르소",
      "content": "不是玩笑。难以理解你们为何这么想。"
    },
    {
      "id": 30,
      "model": "뫼르소",
      "content": "这仅是我四处寻找人生乐趣时探访过的场所之一。"
    },
    {
      "id": 31,
      "model": "뫼르소",
      "content": "粗略观察该会所的流程，看上去其为私人性质。访客在进入私人会所之前，必须得到站在入口处的门卫的许可。"
    },
    {
      "id": 32,
      "model": "뫼르소",
      "content": "大部分门卫的体格高于平均水平，还配有武器。"
    },
    {
      "id": 33,
      "model": "뫼르소",
      "content": "要想在这其中平安通过……"
    },
    {
      "id": 34,
      "model": "이스마엘",
      "content": "对于一般的会所而言……你说得对。"
    },
    {
      "id": 35,
      "model": "로쟈",
      "content": "以实……？"
    },
    {
      "id": 36,
      "content": "以实玛利从我们之间穿过，向着会所的入口走去。"
    },
    {
      "id": 37,
      "model": "이스마엘",
      "content": "这里是帮派老大的所在地。当然也有不一般的入场方式。"
    },
    {
      "id": 38,
      "model": "이스마엘",
      "content": "答案就在那些帮派成员身上吧。"
    },
    {
      "id": 39,
      "model": "이스마엘",
      "content": "很简单吧？"
    },
    {
      "id": 40,
      "model": "쌍갈고리파조직원3",
      "teller": "门卫",
      "title": "？？？",
      "content": "什么风把您吹来了？"
    },
    {
      "id": 41,
      "model": "이스마엘",
      "content": "我……"
    },
    {
      "id": 42,
      "model": "쌍갈고리파조직원3",
      "teller": "门卫",
      "title": "？？？",
      "content": "……？"
    },
    {
      "id": 43,
      "model": "이스마엘",
      "content": "我是……魁魁格的……朋友。"
    },
    {
      "id": 44,
      "model": "쌍갈고리파조직원3",
      "teller": "门卫",
      "title": "？？？",
      "content": "你是……谁的朋友？"
    },
    {
      "id": 45,
      "model": "이스마엘",
      "content": "魁魁格的。"
    },
    {
      "id": 46,
      "model": "이스마엘",
      "content": "你知道那个名字吧？"
    },
    {
      "id": 47,
      "content": "听到以实玛利所说的话，门卫用一种难以置信的表情盯着她。"
    },
    {
      "id": 48,
      "model": "쌍갈고리파조직원3",
      "teller": "门卫",
      "title": "？？？",
      "content": "等等……"
    },
    {
      "id": 49,
      "model": "쌍갈고리파조직원3",
      "teller": "门卫",
      "title": "？？？",
      "content": "$@$#@$@#……"
    },
    {
      "id": 50,
      "content": "门卫压低声音，悄悄向对讲机里说了些什么。"
    },
    {
      "id": 51,
      "model": "단테2",
      "content": "<他真的会让我们进去吗？>"
    },
    {
      "id": 52,
      "model": "쌍갈고리파조직원3",
      "teller": "门卫",
      "title": "？？？",
      "content": "你真的是魁魁格的朋友吗？"
    },
    {
      "id": 53,
      "model": "이스마엘",
      "content": "……如果是呢？"
    },
    {
      "id": 54,
      "model": "쌍갈고리파조직원3",
      "teller": "门卫",
      "title": "？？？",
      "content": "她现在在哪？"
    },
    {
      "id": 55,
      "model": "이스마엘",
      "content": "……"
    },
    {
      "id": 56,
      "model": "쌍갈고리파조직원3",
      "teller": "门卫",
      "title": "？？？",
      "content": "老大在问这个。"
    },
    {
      "id": 57,
      "model": "이스마엘",
      "content": "也就是说……你的老大现在就在这里面。"
    },
    {
      "id": 58,
      "model": "쌍갈고리파조직원3",
      "teller": "门卫",
      "title": "？？？",
      "content": "我再问一次。魁魁格在哪……"
    },
    {
      "id": 59,
      "teller": "双钩？",
      "title": "？？？",
      "content": "我们双钩正在路上……重复一遍。我们双钩……"
    },
    {
      "id": 60,
      "model": "단테2",
      "content": "<我还以为计划是安静潜入里面呢？！>"
    },
    {
      "id": 61,
      "model": "이스마엘",
      "content": "不。"
    },
    {
      "id": 62,
      "model": "이스마엘",
      "content": "我只是确认他们的老大是不是在里面。头领知道的情报是最多的，所以这也是最快最可靠的办法。"
    }
  ]
}