{
  "dataList": [
    {
      "id": 0,
      "place": "马林鱼港船 会所前",
      "model": "홍루",
      "content": "哇，门卫先生们不知何时把路让开了呢。"
    },
    {
      "id": 1,
      "model": "단테2",
      "content": "<……我们下去吧。>"
    },
    {
      "id": 2,
      "content": "虽然我本想说这些保安可不是让路了，而是都七横八竖地倒在地上，或者早就抱头鼠窜了……"
    },
    {
      "id": 3,
      "content": "但我没心情这么说。"
    },
    {
      "id": 4,
      "place": "马林鱼港船 会所前",
      "model": "클럽손님",
      "teller": "客人",
      "title": "U公司",
      "content": "嘿，你们来了几位啊？"
    },
    {
      "id": 5,
      "model": "파우스트",
      "content": "一共十三名。"
    },
    {
      "id": 6,
      "model": "클럽손님",
      "teller": "客人",
      "title": "U公司",
      "content": "啊，十……？"
    },
    {
      "id": 7,
      "model": "쌍갈고리파조직원4",
      "teller": "双钩海盗团？",
      "title": "？？？",
      "content": "他们在那儿！"
    },
    {
      "id": 8,
      "model": "클럽손님",
      "teller": "客人",
      "title": "U公司",
      "content": "噫……对、对不起！"
    },
    {
      "id": 9,
      "teller": "会所DJ",
      "title": "U公司",
      "content": "好~各位一起来跳那个风靡本港的马林鱼舞吧？"
    },
    {
      "id": 10,
      "teller": "会所DJ",
      "title": "U公司",
      "content": "伸开双臂~像这样！哗啦啦~啪！哗啦啦~啪！"
    },
    {
      "id": 11,
      "model": "히스클리프",
      "content": "妈的……这里怎么这么震啊？"
    },
    {
      "id": 12,
      "model": "이상",
      "content": "感觉大脑在嗡嗡作响……"
    },
    {
      "id": 13,
      "model": "이스마엘",
      "content": "如果不想受伤的话。就都给我从眼前消失。"
    },
    {
      "id": 14,
      "content": "以实玛利挥舞着硬头锤，粉碎了附近的桌子，发出一声巨响……"
    },
    {
      "id": 15,
      "content": "目睹了这非比寻常的场面的客人们争先恐后逃离了会所。"
    }
  ]
}