{
  "dataList": [
    {
      "id": 0,
      "place": "马林鱼港船 会所",
      "model": "싱클레어",
      "content": "在……在我们还愿意好言相劝的时候……告诉我你们的老板在哪个房间里会比较好。"
    },
    {
      "id": 1,
      "model": "쌍갈고리파조직원4",
      "teller": "双钩海盗团？",
      "title": "？？？",
      "content": "哼……你看上去都说不来这话，就算这样也没用。"
    },
    {
      "id": 2,
      "model": "싱클레어",
      "content": "这、这可不是虚张声势！再说不通的话，下一个被打碎的就是你的脑、脑……"
    },
    {
      "id": 3,
      "model": "싱클레어",
      "content": "脑袋。"
    },
    {
      "id": 4,
      "model": "쌍갈고리파조직원4",
      "teller": "双钩海盗团？",
      "title": "？？？",
      "content": "啊哈哈……我、我明白了。冷静点。"
    },
    {
      "id": 5,
      "model": "쌍갈고리파조직원4",
      "teller": "双钩海盗团？",
      "title": "？？？",
      "content": "船长不在这里……但是有大副在，那位应该知道人质的信息。"
    },
    {
      "id": 6,
      "model": "싱클레어",
      "content": "那位在哪里？"
    },
    {
      "id": 7,
      "model": "쌍갈고리파조직원4",
      "teller": "双钩海盗团？",
      "title": "？？？",
      "content": "那边走廊的……最后一个房间……"
    },
    {
      "id": 8,
      "model": "싱클레어",
      "content": "……你走吧。"
    },
    {
      "id": 9,
      "model": "쌍갈고리파조직원4",
      "teller": "双钩海盗团？",
      "title": "？？？",
      "content": "噫……"
    },
    {
      "id": 10,
      "model": "싱클레어",
      "content": "不是从那里走……！给我从入口处离开。"
    },
    {
      "id": 11,
      "model": "쌍갈고리파조직원4",
      "teller": "双钩海盗团？",
      "title": "？？？",
      "content": "呃呃？！明、明白了！对不起！！"
    },
    {
      "id": 12,
      "model": "히스클리프",
      "content": "……喂，你好像……有点长进啊？"
    },
    {
      "id": 13,
      "model": "싱클레어",
      "content": "我可不想因为这种事被表扬……"
    },
    {
      "id": 14,
      "model": "싱클레어",
      "content": "我只是想尽快把人质救出来……而已。"
    }
  ]
}