{
  "dataList": [
    {
      "id": 0,
      "place": "马林鱼港船 会所 VIP室",
      "model": "스미",
      "teller": "？？？",
      "title": "？？？",
      "content": "好吵啊。是哪位船长送你们来的？还是我的人头又值几个悬赏金了？"
    },
    {
      "id": 1,
      "model": "그레고르",
      "content": "唉，你就是这里的老大吗？"
    },
    {
      "id": 2,
      "model": "스미",
      "teller": "斯米",
      "title": "双钩海盗团",
      "content": "是的，我是双钩海盗团的……大副，斯米。"
    },
    {
      "id": 3,
      "model": "스미",
      "teller": "斯米",
      "title": "双钩海盗团",
      "content": "我听说你们想见我。怎么，是想要个签名吗？"
    },
    {
      "id": 4,
      "model": "뫼르소",
      "content": "听说你是二把手。"
    },
    {
      "id": 5,
      "model": "뫼르소",
      "content": "我们想见你上级。他在哪里。"
    },
    {
      "id": 6,
      "model": "스미",
      "teller": "斯米",
      "title": "双钩海盗团",
      "content": "……虎克那家伙不知又在哪里喝精灵酒了。"
    },
    {
      "id": 7,
      "model": "스미",
      "teller": "斯米",
      "title": "双钩海盗团",
      "content": "所以我说自己事实上掌控这里也不为过。"
    },
    {
      "id": 8,
      "model": "스미",
      "teller": "斯米",
      "title": "双钩海盗团",
      "content": "而且在这个港口，我们光靠香水产业是肯定不够的。所以我们也开发了各种各样的副业，让他们这么做的也是我。"
    },
    {
      "id": 9,
      "model": "뫼르소",
      "content": "明白。你肯定有我们想要的信息。"
    },
    {
      "id": 10,
      "model": "뫼르소",
      "content": "我们正在寻找贵帮派所关押的一名人质的下落。交出有关信息。"
    },
    {
      "id": 11,
      "model": "스미",
      "teller": "斯米",
      "title": "双钩海盗团",
      "content": "人质？这个词可太难听了。我们可更愿意称他们为客人呢。"
    },
    {
      "id": 12,
      "model": "싱클레어",
      "content": "客人，吗……？"
    },
    {
      "id": 13,
      "model": "스미",
      "teller": "斯米",
      "title": "双钩海盗团",
      "content": "对。这样……我们来交易如何？"
    },
    {
      "id": 14,
      "model": "스미",
      "teller": "斯米",
      "title": "双钩海盗团",
      "content": "告诉我所有关于魁魁格的信息。我会保证安全送还你们要找的客人。"
    },
    {
      "id": 15,
      "model": "스미",
      "teller": "斯米",
      "title": "双钩海盗团",
      "content": "还有……那位客人还挺重要的吧。是LC……什么的队长来着？"
    },
    {
      "id": 16,
      "model": "스미",
      "teller": "斯米",
      "title": "双钩海盗团",
      "content": "你们那里还有个……魁魁格的朋友，对吧？"
    },
    {
      "id": 17,
      "model": "이스마엘",
      "content": "……"
    },
    {
      "id": 18,
      "model": "스미",
      "teller": "斯米",
      "title": "双钩海盗团",
      "content": "告诉我你知道的所有关于魁魁格的信息。"
    },
    {
      "id": 19,
      "model": "스미",
      "teller": "斯米",
      "title": "双钩海盗团",
      "content": "她现在在哪里做什么，她见到了哪些人，她说过的最后一句话是什么，我要知道所有。"
    },
    {
      "id": 20,
      "model": "스미",
      "teller": "斯米",
      "title": "双钩海盗团",
      "content": "这笔交易对谁更有利，不用我说你们也明白吧？"
    },
    {
      "id": 21,
      "model": "이스마엘",
      "content": "哈……我要是能告诉你就好了，真的。"
    }
  ]
}