{
  "dataList": [
    {
      "id": 0,
      "place": "马林鱼港船 会所 VIP室",
      "model": "다친스미",
      "teller": "斯米",
      "title": "双钩海盗团",
      "content": "等、等下！别碰我……否则你们真的……会后悔的哦？"
    },
    {
      "id": 1,
      "model": "다친스미",
      "teller": "斯米",
      "title": "双钩海盗团",
      "content": "我可是有后台的。"
    },
    {
      "id": 2,
      "model": "그레고르",
      "content": "后台？"
    },
    {
      "id": 3,
      "model": "다친스미",
      "teller": "斯米",
      "title": "双钩海盗团",
      "content": "那位可是……听了之后可别被吓到了。“中指”的幼兄。"
    },
    {
      "id": 4,
      "model": "료슈",
      "content": "……嚯。幼·兄吗？"
    },
    {
      "id": 5,
      "model": "다친스미",
      "teller": "斯米",
      "title": "双钩海盗团",
      "content": "至于那个叫魁魁格的？你好像不知道吧，她头上有着相当多的悬赏金呢。"
    },
    {
      "id": 6,
      "model": "다친스미",
      "teller": "斯米",
      "title": "双钩海盗团",
      "content": "她不仅敢宣布退出中指，还敢玩消失。犯蠢也要有个限度。"
    },
    {
      "id": 7,
      "model": "다친스미",
      "teller": "斯米",
      "title": "双钩海盗团",
      "content": "明明中指……绝对不会遗忘。"
    },
    {
      "id": 8,
      "model": "이스마엘",
      "content": "……你只想说这些吗？"
    },
    {
      "id": 9,
      "model": "다친스미",
      "teller": "斯米",
      "title": "双钩海盗团",
      "content": "等下，你认真的吗……？你真要杀了我吗？"
    },
    {
      "id": 10,
      "model": "이스마엘",
      "content": "毕竟是我们引发的骚乱，必须不留后患才行。"
    },
    {
      "id": 11,
      "model": "다친스미",
      "teller": "斯米",
      "title": "双钩海盗团",
      "content": "中指，我说了中指吧？你难道不知道中指是什么人吗？"
    },
    {
      "id": 12,
      "model": "이스마엘",
      "content": "……"
    },
    {
      "id": 13,
      "model": "다친스미",
      "teller": "斯米",
      "title": "双钩海盗团",
      "content": "等下！我知道了，这就把位置告诉你们！"
    },
    {
      "id": 14,
      "model": "다친스미",
      "teller": "斯米",
      "title": "双钩海盗团",
      "content": "你们……朋友被关的那个集装箱。我们会在关着活人的集装箱上标记绿色的三角！而最近抓到的人应该是关在东区……"
    },
    {
      "id": 15,
      "model": "이스마엘",
      "content": "绿色的三角？如果那边不止一个标记呢？如果颜色只是和绿色相近呢？或者你如果只是单纯在骗我们呢？"
    },
    {
      "id": 16,
      "model": "다친스미",
      "teller": "斯米",
      "title": "双钩海盗团",
      "content": "你们能看出来的！肯定能看出来的！我真没有说谎……求你们了！"
    },
    {
      "id": 17,
      "model": "이스마엘",
      "content": "……你听到了吗？刚才她说的关键词可是特别有用呢。可太好了吧，辛克莱？"
    },
    {
      "id": 18,
      "model": "싱클레어",
      "content": "……"
    },
    {
      "id": 19,
      "content": "以实玛利仿佛根本不在乎辛克莱脸上那紧张的表情。"
    },
    {
      "id": 20,
      "content": "她仅是面无表情地摸着自己拿着武器那边的手腕。仿佛正计算着要用多大的力气，才能一下就粉碎对方的头颅……"
    },
    {
      "id": 21,
      "model": "단테2",
      "content": "<……等等。杀了那个人的话，会给我们带来很多麻烦的。>"
    },
    {
      "id": 22,
      "model": "단테2",
      "content": "<我们已经掌握了人质的位置，就到此为止吧。该回去了。>"
    },
    {
      "id": 23,
      "model": "이스마엘",
      "content": "……我并不认为有必要说服您，经理。可以别挡着我吗？"
    },
    {
      "id": 24,
      "model": "이스마엘",
      "content": "我不想在这种地方无谓地浪费时间。"
    },
    {
      "id": 25,
      "model": "다친스미",
      "teller": "斯米",
      "title": "双钩海盗团",
      "content": "就、就是……在我这种人身上浪费时间可是一大损失。去做你们该做的事情吧。好吗？"
    },
    {
      "id": 26,
      "model": "이스마엘",
      "content": "我并不觉得，那是浪费时间。"
    },
    {
      "id": 27,
      "model": "단테2",
      "content": "<以实玛利！>"
    },
    {
      "id": 28,
      "model": "이스마엘",
      "content": "我下手会很快。"
    },
    {
      "id": 29,
      "content": "以实玛利在眼神仍然游离的情况下，握住了捕鲸叉……"
    },
    {
      "id": 30,
      "content": "在我意识到自己的挺身而出之前，事情就这么发生了。"
    },
    {
      "id": 31,
      "model": "이스마엘",
      "content": "……！"
    },
    {
      "id": 32,
      "model": "오티스",
      "content": "执行经理！"
    },
    {
      "id": 33,
      "model": "이스마엘",
      "content": "但丁……你是疯了吗？"
    },
    {
      "id": 34,
      "model": "오티스",
      "content": "到底是谁疯了啊！！！单单不服从命令还不够……竟敢对执行经理也！"
    },
    {
      "id": 35,
      "model": "다친스미",
      "teller": "斯米",
      "title": "双钩海盗团",
      "content": "啊，明……明智的选择。"
    },
    {
      "id": 36,
      "model": "다친스미",
      "teller": "斯米",
      "title": "双钩海盗团",
      "content": "如果把我杀掉的话，不止幼兄，幼姊也可能会出现吧。"
    },
    {
      "id": 37,
      "content": "说来……我经历过与现在完全相反的状况。"
    },
    {
      "id": 38,
      "content": "那时是以实玛利挺身而出，帮我挡住了故障机器的攻击……"
    },
    {
      "id": 39,
      "content": "她在凄惨融化的同时，依旧呼唤着我的名字。"
    },
    {
      "id": 40,
      "content": "简直就像相信着，我的名字是可以解决一切问题的魔法咒语一般。"
    },
    {
      "id": 41,
      "model": "이스마엘",
      "content": "刚才……你是保护了那个婊子吗？"
    },
    {
      "id": 42,
      "model": "이스마엘",
      "content": "要是我稍微打偏一点的话，你的头就会四分五裂了啊！你个钟表头！！明白了吗？！"
    },
    {
      "id": 43,
      "model": "단테2",
      "content": "<我知道啊……毕竟你之前一直在房间里打磨武器吧。正如你所说……它真的很疼啊。>"
    },
    {
      "id": 44,
      "model": "이스마엘",
      "content": "什……就那种无聊的事！你能闭嘴吗！"
    },
    {
      "id": 45,
      "model": "오티스",
      "content": "执行经理。"
    },
    {
      "id": 46,
      "model": "오티스",
      "content": "她刚才的言论简直就是属下忤逆上司的极点。是正准备杀害长官的表现！"
    },
    {
      "id": 47,
      "model": "오티스",
      "content": "我无法再这样旁观下去了。如果经理您不能直接处分她的话……"
    },
    {
      "id": 48,
      "model": "오티스",
      "content": "那么现在应马上向上层部门呈递详细报告，讨论如何处理今后的事宜。"
    },
    {
      "id": 49,
      "model": "단테2",
      "content": "<没关系，奥提斯。是我选择挡在她前面的。>"
    },
    {
      "id": 50,
      "model": "오티스",
      "content": "这并非没有关系！！"
    },
    {
      "id": 51,
      "model": "오티스",
      "content": "那个人一直在给我们的任务造成严重的阻碍！"
    },
    {
      "id": 52,
      "model": "오티스",
      "content": "已经，超出底线了！"
    },
    {
      "id": 53,
      "model": "단테2",
      "content": "<我说了吧。没事的。>"
    },
    {
      "id": 54,
      "model": "단테2",
      "content": "<还有奥提斯，我刚才保护的并非那个人。而是以实玛利。>"
    },
    {
      "id": 55,
      "model": "이스마엘",
      "content": "啊？"
    },
    {
      "id": 56,
      "model": "이스마엘",
      "content": "事到如今，你还想扮演圣人君子吗？"
    },
    {
      "id": 57,
      "model": "이스마엘",
      "content": "明明你直到现在手上都没沾过一滴血……"
    },
    {
      "id": 58,
      "model": "이스마엘",
      "content": "不如说你一直在让我们替你干脏活累活。"
    },
    {
      "id": 59,
      "model": "이스마엘",
      "content": "而你现在还想说什么“不要再杀人了，我不希望你们受到精神上的煎熬……”的暖心废话吗？"
    },
    {
      "id": 60,
      "model": "단테2",
      "content": "<那只是我的直觉而已。>"
    },
    {
      "id": 61,
      "model": "단테2",
      "content": "<……虽然这么说也没有说服力吧？>"
    },
    {
      "id": 62,
      "model": "이스마엘",
      "content": "这不还是一样吗……直觉也是从经验和记忆中产生的吧？"
    },
    {
      "id": 63,
      "model": "이스마엘",
      "content": "明明你变成钟表头之前的记忆已经消失了，你让我怎么去相信你的直觉？"
    },
    {
      "id": 64,
      "model": "단테2",
      "content": "<那个女人……最起码也在这个区域里地位很高。就这么鲁莽杀掉她，可能会让现状更加复杂。>"
    },
    {
      "id": 65,
      "model": "이스마엘",
      "content": "你有想过，就算不杀掉她，也可能会出现同样的结果吗？"
    },
    {
      "id": 66,
      "model": "단테2",
      "content": "<……如果我们就这样不经过任何讨论，就想杀了谁来解决问题的话……>"
    },
    {
      "id": 67,
      "model": "단테2",
      "content": "<这对我们的未来，毫无益处。>"
    },
    {
      "id": 68,
      "model": "이스마엘",
      "content": "……未来。"
    },
    {
      "id": 69,
      "model": "단테2",
      "content": "<抱歉，现在要更加详细地……解释我的行动比较困难。>"
    },
    {
      "id": 70,
      "model": "이스마엘",
      "content": "我不知道您说的未来是指多久之后的。"
    },
    {
      "id": 71,
      "model": "이스마엘",
      "content": "但至少我能确定，我和经理您的未来是不同的。"
    },
    {
      "id": 72,
      "model": "단테2",
      "content": "<啊……>"
    },
    {
      "id": 73,
      "model": "이상",
      "content": "但丁……"
    },
    {
      "id": 74,
      "model": "이상",
      "content": "不要再将自己置于险境中了。"
    },
    {
      "id": 75,
      "model": "단테2",
      "content": "<呼……不断重复死亡的你们，这么说可没什么说服力。>"
    },
    {
      "id": 76,
      "model": "이상",
      "content": "十二人的重担挑在肩头，就应比我们多十二倍的注意。"
    },
    {
      "id": 77,
      "model": "이상",
      "content": "此外，考虑到您并不能死而复生，那就更该如此。"
    },
    {
      "id": 78,
      "model": "이상",
      "content": "还有……"
    },
    {
      "id": 79,
      "model": "이상",
      "content": "一朝永别，所余便仅剩苦痛与空虚。"
    },
    {
      "id": 80,
      "content": "正如李箱所说……我那受伤的肩膀十分疼痛。"
    },
    {
      "id": 81,
      "model": "히스클리프",
      "content": "喂……钟表头……那个……你没事吗？"
    },
    {
      "id": 82,
      "model": "단테2",
      "content": "<嗯……倒转时钟倒没什么问题。>"
    },
    {
      "id": 83,
      "model": "히스클리프",
      "content": "啊？不，我不是那意……哈啊，仔细想想，你也疯了吗。或者说，你终究还是疯了吗？"
    },
    {
      "id": 84,
      "model": "히스클리프",
      "content": "我还以为只有我们脑子有问题，结果你脑子里也缺根筋啊……"
    },
    {
      "id": 85,
      "content": "希斯克利夫摇了摇头，走在了前面。"
    }
  ]
}