{
  "dataList": [
    {
      "id": 0,
      "place": "双钩海盗团的藏身处",
      "model": "단테2",
      "content": "<你意思是，这里所有集装箱里都装满了……>"
    },
    {
      "id": 1,
      "model": "그레고르",
      "content": "是……别再想它里面装什么了……"
    },
    {
      "id": 2,
      "content": "我竭尽全力不去想海盗们在那些堆积如山的集装箱里……都藏了些什么可怕的东西。"
    },
    {
      "id": 3,
      "model": "쌍갈고리파조직원2",
      "teller": "大喊大叫的海盗",
      "title": "双钩海盗团？",
      "content": "嘿！谁在那？你们是怎么找到这里的？！"
    },
    {
      "id": 4,
      "model": "로쟈",
      "content": "啊，我们只是来打开这个标着绿色三角图案的集装箱而已~马上就走，好吗？"
    },
    {
      "id": 5,
      "model": "단테2",
      "content": "<在被绑架的队员受到更糟糕的对待之前，我们还是赶紧把他们救出来吧……>"
    }
  ]
}